video_id,track,clip,frame,yaw,pitch,roll,face_found
VID_ (1),1,0,0,47.98,-13.23,-25.76,1
VID_ (1),1,0,1,50.33,-13.6,-26.61,1
VID_ (1),1,0,2,53.63,-16.32,-27.24,1
VID_ (1),1,0,3,48.57,-15.04,-24.28,1
VID_ (1),1,0,4,48.67,-10.7,-16.57,1
VID_ (1),1,0,5,47.95,-11.34,-20.23,1
VID_ (1),1,0,6,47.89,-11.06,-23.33,1
VID_ (1),1,0,7,60.85,-24.06,-31.42,1
VID_ (1),1,1,0,48.67,-10.7,-16.57,1
VID_ (1),1,1,1,47.95,-11.34,-20.23,1
VID_ (1),1,1,2,47.89,-11.06,-23.33,1
VID_ (1),1,1,3,60.85,-24.06,-31.42,1
VID_ (1),1,1,4,54.38,-18.38,-31.5,1
VID_ (1),1,1,5,,,,0
VID_ (1),1,1,6,,,,0
VID_ (1),1,1,7,51.49,-18.91,-34.71,1
VID_ (1),1,2,0,54.38,-18.38,-31.5,1
VID_ (1),1,2,1,,,,0
VID_ (1),1,2,2,,,,0
VID_ (1),1,2,3,51.49,-18.91,-34.71,1
VID_ (1),1,2,4,,,,0
VID_ (1),1,2,5,65.36,-41.59,-50.64,1
VID_ (1),1,2,6,65.08,-35.66,-45.36,1
VID_ (1),1,2,7,,,,0
VID_ (1),1,3,0,,,,0
VID_ (1),1,3,1,65.36,-41.59,-50.64,1
VID_ (1),1,3,2,65.08,-35.66,-45.36,1
VID_ (1),1,3,3,,,,0
VID_ (1),1,3,4,63.98,-28.11,-35.5,1
VID_ (1),1,3,5,68.12,-32.94,-40.28,1
VID_ (1),1,3,6,63.97,-28.84,-35.63,1
VID_ (1),1,3,7,68.3,-49.6,-52.55,1
VID_ (1),1,4,0,63.98,-28.11,-35.5,1
VID_ (1),1,4,1,68.12,-32.94,-40.28,1
VID_ (1),1,4,2,63.97,-28.84,-35.63,1
VID_ (1),1,4,3,68.3,-49.6,-52.55,1
VID_ (1),1,4,4,71.05,-44.91,-50.45,1
VID_ (1),1,4,5,69.82,-44.86,-51.6,1
VID_ (1),1,4,6,63.89,-37.33,-46.01,1
VID_ (1),1,4,7,67.51,-31.68,-39.53,1
VID_ (1),1,5,0,71.05,-44.91,-50.45,1
VID_ (1),1,5,1,69.82,-44.86,-51.6,1
VID_ (1),1,5,2,63.89,-37.33,-46.01,1
VID_ (1),1,5,3,67.51,-31.68,-39.53,1
VID_ (1),1,5,4,73.79,-33.92,-36.91,1
VID_ (1),1,5,5,66.49,-37.77,-40.14,1
VID_ (1),1,5,6,66.39,-28.85,-26.65,1
VID_ (1),1,5,7,63.74,-26.78,-27.33,1
VID_ (1),1,6,0,73.79,-33.92,-36.91,1
VID_ (1),1,6,1,66.49,-37.77,-40.14,1
VID_ (1),1,6,2,66.39,-28.85,-26.65,1
VID_ (1),1,6,3,63.74,-26.78,-27.33,1
VID_ (1),1,6,4,66.33,-27.98,-32.89,1
VID_ (1),1,6,5,67.6,-32.2,-36.21,1
VID_ (1),1,6,6,64.35,-27.99,-33.19,1
VID_ (1),1,6,7,,,,0
VID_ (1),1,7,0,66.33,-27.98,-32.89,1
VID_ (1),1,7,1,67.6,-32.2,-36.21,1
VID_ (1),1,7,2,64.35,-27.99,-33.19,1
VID_ (1),1,7,3,,,,0
VID_ (1),1,7,4,,,,0
VID_ (1),1,7,5,60.31,-28.3,-38.28,1
VID_ (1),1,7,6,,,,0
VID_ (1),1,7,7,71.04,-31.57,-37.23,1
VID_ (1),1,8,0,,,,0
VID_ (1),1,8,1,60.31,-28.3,-38.28,1
VID_ (1),1,8,2,,,,0
VID_ (1),1,8,3,71.04,-31.57,-37.23,1
VID_ (1),1,8,4,73.2,-35.96,-41.29,1
VID_ (1),1,8,5,64.35,-25.95,-30.22,1
VID_ (1),1,8,6,56.84,-23.48,-26.93,1
VID_ (1),1,8,7,,,,0
VID_ (1),1,9,0,73.2,-35.96,-41.29,1
VID_ (1),1,9,1,64.35,-25.95,-30.22,1
VID_ (1),1,9,2,56.84,-23.48,-26.93,1
VID_ (1),1,9,3,,,,0
VID_ (1),1,9,4,67.16,-28.16,-22.19,1
VID_ (1),1,9,5,,,,0
VID_ (1),1,9,6,,,,0
VID_ (1),1,9,7,,,,0
VID_ (1),1,10,0,67.16,-28.16,-22.19,1
VID_ (1),1,10,1,,,,0
VID_ (1),1,10,2,,,,0
VID_ (1),1,10,3,,,,0
VID_ (1),1,10,4,,,,0
VID_ (1),1,10,5,,,,0
VID_ (1),1,10,6,65.32,-43.33,-47.77,1
VID_ (1),1,10,7,63.67,-37.94,-40.41,1
VID_ (1),1,11,0,,,,0
VID_ (1),1,11,1,,,,0
VID_ (1),1,11,2,65.32,-43.33,-47.77,1
VID_ (1),1,11,3,63.67,-37.94,-40.41,1
VID_ (1),1,11,4,,,,0
VID_ (1),1,11,5,,,,0
VID_ (1),1,11,6,,,,0
VID_ (1),1,11,7,,,,0
VID_ (1),1,12,0,,,,0
VID_ (1),1,12,1,,,,0
VID_ (1),1,12,2,,,,0
VID_ (1),1,12,3,,,,0
VID_ (1),1,12,4,,,,0
VID_ (1),1,12,5,,,,0
VID_ (1),1,12,6,,,,0
VID_ (1),1,12,7,,,,0
VID_ (1),1,13,0,,,,0
VID_ (1),1,13,1,,,,0
VID_ (1),1,13,2,,,,0
VID_ (1),1,13,3,,,,0
VID_ (1),1,13,4,,,,0
VID_ (1),1,13,5,,,,0
VID_ (1),1,13,6,,,,0
VID_ (1),1,13,7,,,,0
VID_ (1),10,0,0,-38.42,1.48,-34.5,1
VID_ (1),10,0,1,,,,0
VID_ (1),10,0,2,,,,0
VID_ (1),10,0,3,,,,0
VID_ (1),10,0,4,,,,0
VID_ (1),10,0,5,,,,0
VID_ (1),10,0,6,,,,0
VID_ (1),10,0,7,,,,0
VID_ (1),10,1,0,,,,0
VID_ (1),10,1,1,,,,0
VID_ (1),10,1,2,,,,0
VID_ (1),10,1,3,,,,0
VID_ (1),10,1,4,,,,0
VID_ (1),10,1,5,,,,0
VID_ (1),10,1,6,,,,0
VID_ (1),10,1,7,,,,0
VID_ (1),10,2,0,,,,0
VID_ (1),10,2,1,,,,0
VID_ (1),10,2,2,,,,0
VID_ (1),10,2,3,,,,0
VID_ (1),10,2,4,,,,0
VID_ (1),10,2,5,,,,0
VID_ (1),10,2,6,,,,0
VID_ (1),10,2,7,,,,0
VID_ (1),10,3,0,,,,0
VID_ (1),10,3,1,,,,0
VID_ (1),10,3,2,,,,0
VID_ (1),10,3,3,,,,0
VID_ (1),10,3,4,,,,0
VID_ (1),10,3,5,,,,0
VID_ (1),10,3,6,,,,0
VID_ (1),10,3,7,,,,0
VID_ (1),10,4,0,,,,0
VID_ (1),10,4,1,,,,0
VID_ (1),10,4,2,,,,0
VID_ (1),10,4,3,,,,0
VID_ (1),10,4,4,,,,0
VID_ (1),10,4,5,,,,0
VID_ (1),10,4,6,-60.33,-33.02,45.02,1
VID_ (1),10,4,7,-59.24,-46.52,55.22,1
VID_ (1),10,5,0,,,,0
VID_ (1),10,5,1,,,,0
VID_ (1),10,5,2,-60.33,-33.02,45.02,1
VID_ (1),10,5,3,-59.24,-46.52,55.22,1
VID_ (1),10,5,4,-60.13,-36.7,44.09,1
VID_ (1),10,5,5,-59.09,-32.79,40.32,1
VID_ (1),10,5,6,82.9,-27.62,-23.38,1
VID_ (1),10,5,7,-54.44,-21.11,28.43,1
VID_ (1),10,6,0,-60.13,-36.7,44.09,1
VID_ (1),10,6,1,-59.09,-32.79,40.32,1
VID_ (1),10,6,2,82.9,-27.62,-23.38,1
VID_ (1),10,6,3,-54.44,-21.11,28.43,1
VID_ (1),10,6,4,-62.32,-39.63,43.74,1
VID_ (1),10,6,5,-64.65,-42.51,46.12,1
VID_ (1),10,6,6,-43.21,-10.7,15.48,1
VID_ (1),10,6,7,79.77,-14.64,-15.4,1
VID_ (1),10,7,0,-62.32,-39.63,43.74,1
VID_ (1),10,7,1,-64.65,-42.51,46.12,1
VID_ (1),10,7,2,-43.21,-10.7,15.48,1
VID_ (1),10,7,3,79.77,-14.64,-15.4,1
VID_ (1),10,7,4,70.69,-17.97,-22.94,1
VID_ (1),10,7,5,66.06,-4.68,-15.93,1
VID_ (1),10,7,6,70.71,-12.96,-15.66,1
VID_ (1),10,7,7,69.53,-12.68,-13.73,1
VID_ (1),10,8,0,70.69,-17.97,-22.94,1
VID_ (1),10,8,1,66.06,-4.68,-15.93,1
VID_ (1),10,8,2,70.71,-12.96,-15.66,1
VID_ (1),10,8,3,69.53,-12.68,-13.73,1
VID_ (1),10,8,4,74.48,-16.65,-16.78,1
VID_ (1),10,8,5,75.25,-13.67,-9.5,1
VID_ (1),10,8,6,69.13,-8.12,-9.71,1
VID_ (1),10,8,7,73.48,-13.88,-12.86,1
VID_ (1),10,9,0,74.48,-16.65,-16.78,1
VID_ (1),10,9,1,75.25,-13.67,-9.5,1
VID_ (1),10,9,2,69.13,-8.12,-9.71,1
VID_ (1),10,9,3,73.48,-13.88,-12.86,1
VID_ (1),10,9,4,75.49,-13.07,-11.03,1
VID_ (1),10,9,5,69.95,-6.02,-7.81,1
VID_ (1),10,9,6,74.47,-4.05,-3.31,1
VID_ (1),10,9,7,75.9,-0.2,2.13,1
VID_ (1),10,10,0,75.49,-13.07,-11.03,1
VID_ (1),10,10,1,69.95,-6.02,-7.81,1
VID_ (1),10,10,2,74.47,-4.05,-3.31,1
VID_ (1),10,10,3,75.9,-0.2,2.13,1
VID_ (1),10,10,4,77.0,-8.14,-4.38,1
VID_ (1),10,10,5,-68.84,-39.54,41.82,1
VID_ (1),10,10,6,-66.85,-31.73,32.6,1
VID_ (1),10,10,7,-67.19,-32.55,33.27,1
VID_ (1),10,11,0,77.0,-8.14,-4.38,1
VID_ (1),10,11,1,-68.84,-39.54,41.82,1
VID_ (1),10,11,2,-66.85,-31.73,32.6,1
VID_ (1),10,11,3,-67.19,-32.55,33.27,1
VID_ (1),10,11,4,-61.6,-24.36,27.31,1
VID_ (1),10,11,5,-69.85,-35.88,35.37,1
VID_ (1),10,11,6,-71.98,-39.93,38.33,1
VID_ (1),10,11,7,-74.38,-49.33,46.56,1
VID_ (1),10,12,0,-61.6,-24.36,27.31,1
VID_ (1),10,12,1,-69.85,-35.88,35.37,1
VID_ (1),10,12,2,-71.98,-39.93,38.33,1
VID_ (1),10,12,3,-74.38,-49.33,46.56,1
VID_ (1),10,12,4,-75.35,-47.25,39.58,1
VID_ (1),10,12,5,-69.13,-27.7,29.06,1
VID_ (1),10,12,6,-70.54,-34.27,39.74,1
VID_ (1),10,12,7,-65.34,-29.12,33.01,1
VID_ (1),10,13,0,-75.35,-47.25,39.58,1
VID_ (1),10,13,1,-69.13,-27.7,29.06,1
VID_ (1),10,13,2,-70.54,-34.27,39.74,1
VID_ (1),10,13,3,-65.34,-29.12,33.01,1
VID_ (1),10,13,4,-66.86,-39.89,34.67,1
VID_ (1),10,13,5,-48.04,-23.33,22.25,1
VID_ (1),10,13,6,-54.9,-29.64,27.31,1
VID_ (1),10,13,7,-51.07,-28.19,21.96,1
VID_ (1),11,0,0,,,,0
VID_ (1),11,0,1,,,,0
VID_ (1),11,0,2,,,,0
VID_ (1),11,0,3,,,,0
VID_ (1),11,0,4,,,,0
VID_ (1),11,0,5,,,,0
VID_ (1),11,0,6,,,,0
VID_ (1),11,0,7,,,,0
VID_ (1),11,1,0,,,,0
VID_ (1),11,1,1,,,,0
VID_ (1),11,1,2,,,,0
VID_ (1),11,1,3,,,,0
VID_ (1),11,1,4,,,,0
VID_ (1),11,1,5,,,,0
VID_ (1),11,1,6,,,,0
VID_ (1),11,1,7,58.22,-58.16,-46.77,1
VID_ (1),11,2,0,,,,0
VID_ (1),11,2,1,,,,0
VID_ (1),11,2,2,,,,0
VID_ (1),11,2,3,58.22,-58.16,-46.77,1
VID_ (1),11,2,4,,,,0
VID_ (1),11,2,5,,,,0
VID_ (1),11,2,6,54.51,-49.42,-40.7,1
VID_ (1),11,2,7,,,,0
VID_ (1),11,3,0,,,,0
VID_ (1),11,3,1,,,,0
VID_ (1),11,3,2,54.51,-49.42,-40.7,1
VID_ (1),11,3,3,,,,0
VID_ (1),11,3,4,,,,0
VID_ (1),11,3,5,,,,0
VID_ (1),11,3,6,,,,0
VID_ (1),11,3,7,,,,0
VID_ (1),11,4,0,,,,0
VID_ (1),11,4,1,,,,0
VID_ (1),11,4,2,,,,0
VID_ (1),11,4,3,,,,0
VID_ (1),11,4,4,,,,0
VID_ (1),11,4,5,,,,0
VID_ (1),11,4,6,,,,0
VID_ (1),11,4,7,,,,0
VID_ (1),11,5,0,,,,0
VID_ (1),11,5,1,,,,0
VID_ (1),11,5,2,,,,0
VID_ (1),11,5,3,,,,0
VID_ (1),11,5,4,,,,0
VID_ (1),11,5,5,,,,0
VID_ (1),11,5,6,,,,0
VID_ (1),11,5,7,,,,0
VID_ (1),12,0,0,,,,0
VID_ (1),12,0,1,,,,0
VID_ (1),12,0,2,,,,0
VID_ (1),12,0,3,,,,0
VID_ (1),12,0,4,,,,0
VID_ (1),12,0,5,40.16,-25.81,-28.06,1
VID_ (1),12,0,6,54.16,-50.06,-42.2,1
VID_ (1),12,0,7,,,,0
VID_ (1),13,0,0,-58.49,-7.17,13.23,1
VID_ (1),13,0,1,-53.0,-7.46,14.51,1
VID_ (1),13,0,2,80.84,-20.26,-20.2,1
VID_ (1),13,0,3,,,,0
VID_ (1),13,0,4,,,,0
VID_ (1),13,0,5,,,,0
VID_ (1),13,0,6,,,,0
VID_ (1),13,0,7,,,,0
VID_ (1),13,1,0,,,,0
VID_ (1),13,1,1,,,,0
VID_ (1),13,1,2,,,,0
VID_ (1),13,1,3,,,,0
VID_ (1),13,1,4,,,,0
VID_ (1),13,1,5,,,,0
VID_ (1),13,1,6,,,,0
VID_ (1),13,1,7,,,,0
VID_ (1),14,0,0,,,,0
VID_ (1),14,0,1,,,,0
VID_ (1),14,0,2,,,,0
VID_ (1),14,0,3,,,,0
VID_ (1),14,0,4,,,,0
VID_ (1),14,0,5,,,,0
VID_ (1),14,0,6,,,,0
VID_ (1),14,0,7,,,,0
VID_ (1),14,1,0,,,,0
VID_ (1),14,1,1,,,,0
VID_ (1),14,1,2,,,,0
VID_ (1),14,1,3,,,,0
VID_ (1),14,1,4,,,,0
VID_ (1),14,1,5,,,,0
VID_ (1),14,1,6,,,,0
VID_ (1),14,1,7,,,,0
VID_ (1),14,2,0,,,,0
VID_ (1),14,2,1,,,,0
VID_ (1),14,2,2,,,,0
VID_ (1),14,2,3,,,,0
VID_ (1),14,2,4,,,,0
VID_ (1),14,2,5,,,,0
VID_ (1),14,2,6,,,,0
VID_ (1),14,2,7,,,,0
VID_ (1),14,3,0,,,,0
VID_ (1),14,3,1,,,,0
VID_ (1),14,3,2,,,,0
VID_ (1),14,3,3,,,,0
VID_ (1),14,3,4,,,,0
VID_ (1),14,3,5,,,,0
VID_ (1),14,3,6,,,,0
VID_ (1),14,3,7,,,,0
VID_ (1),14,4,0,,,,0
VID_ (1),14,4,1,,,,0
VID_ (1),14,4,2,,,,0
VID_ (1),14,4,3,,,,0
VID_ (1),14,4,4,,,,0
VID_ (1),14,4,5,,,,0
VID_ (1),14,4,6,,,,0
VID_ (1),14,4,7,,,,0
VID_ (1),14,5,0,,,,0
VID_ (1),14,5,1,,,,0
VID_ (1),14,5,2,,,,0
VID_ (1),14,5,3,,,,0
VID_ (1),14,5,4,,,,0
VID_ (1),14,5,5,,,,0
VID_ (1),14,5,6,,,,0
VID_ (1),14,5,7,,,,0
VID_ (1),14,6,0,,,,0
VID_ (1),14,6,1,,,,0
VID_ (1),14,6,2,,,,0
VID_ (1),14,6,3,,,,0
VID_ (1),14,6,4,,,,0
VID_ (1),14,6,5,,,,0
VID_ (1),14,6,6,,,,0
VID_ (1),14,6,7,,,,0
VID_ (1),14,7,0,,,,0
VID_ (1),14,7,1,,,,0
VID_ (1),14,7,2,,,,0
VID_ (1),14,7,3,,,,0
VID_ (1),14,7,4,,,,0
VID_ (1),14,7,5,,,,0
VID_ (1),14,7,6,,,,0
VID_ (1),14,7,7,,,,0
VID_ (1),14,8,0,,,,0
VID_ (1),14,8,1,,,,0
VID_ (1),14,8,2,,,,0
VID_ (1),14,8,3,,,,0
VID_ (1),14,8,4,,,,0
VID_ (1),14,8,5,,,,0
VID_ (1),14,8,6,,,,0
VID_ (1),14,8,7,,,,0
VID_ (1),15,0,0,,,,0
VID_ (1),15,0,1,,,,0
VID_ (1),15,0,2,,,,0
VID_ (1),15,0,3,,,,0
VID_ (1),15,0,4,,,,0
VID_ (1),15,0,5,,,,0
VID_ (1),15,0,6,,,,0
VID_ (1),15,0,7,,,,0
VID_ (1),16,0,0,,,,0
VID_ (1),16,0,1,,,,0
VID_ (1),16,0,2,,,,0
VID_ (1),16,0,3,,,,0
VID_ (1),16,0,4,,,,0
VID_ (1),16,0,5,,,,0
VID_ (1),16,0,6,,,,0
VID_ (1),16,0,7,,,,0
VID_ (1),16,1,0,,,,0
VID_ (1),16,1,1,,,,0
VID_ (1),16,1,2,,,,0
VID_ (1),16,1,3,,,,0
VID_ (1),16,1,4,,,,0
VID_ (1),16,1,5,,,,0
VID_ (1),16,1,6,,,,0
VID_ (1),16,1,7,,,,0
VID_ (1),16,2,0,,,,0
VID_ (1),16,2,1,,,,0
VID_ (1),16,2,2,,,,0
VID_ (1),16,2,3,,,,0
VID_ (1),16,2,4,,,,0
VID_ (1),16,2,5,,,,0
VID_ (1),16,2,6,,,,0
VID_ (1),16,2,7,,,,0
VID_ (1),16,3,0,,,,0
VID_ (1),16,3,1,,,,0
VID_ (1),16,3,2,,,,0
VID_ (1),16,3,3,,,,0
VID_ (1),16,3,4,,,,0
VID_ (1),16,3,5,,,,0
VID_ (1),16,3,6,,,,0
VID_ (1),16,3,7,,,,0
VID_ (1),16,4,0,,,,0
VID_ (1),16,4,1,,,,0
VID_ (1),16,4,2,,,,0
VID_ (1),16,4,3,,,,0
VID_ (1),16,4,4,,,,0
VID_ (1),16,4,5,,,,0
VID_ (1),16,4,6,,,,0
VID_ (1),16,4,7,,,,0
VID_ (1),16,5,0,,,,0
VID_ (1),16,5,1,,,,0
VID_ (1),16,5,2,,,,0
VID_ (1),16,5,3,,,,0
VID_ (1),16,5,4,,,,0
VID_ (1),16,5,5,,,,0
VID_ (1),16,5,6,,,,0
VID_ (1),16,5,7,,,,0
VID_ (1),17,0,0,,,,0
VID_ (1),17,0,1,,,,0
VID_ (1),17,0,2,,,,0
VID_ (1),17,0,3,,,,0
VID_ (1),17,0,4,,,,0
VID_ (1),17,0,5,,,,0
VID_ (1),17,0,6,,,,0
VID_ (1),17,0,7,,,,0
VID_ (1),17,1,0,,,,0
VID_ (1),17,1,1,,,,0
VID_ (1),17,1,2,,,,0
VID_ (1),17,1,3,,,,0
VID_ (1),17,1,4,,,,0
VID_ (1),17,1,5,63.41,-22.79,-22.73,1
VID_ (1),17,1,6,,,,0
VID_ (1),17,1,7,,,,0
VID_ (1),17,2,0,,,,0
VID_ (1),17,2,1,63.41,-22.79,-22.73,1
VID_ (1),17,2,2,,,,0
VID_ (1),17,2,3,,,,0
VID_ (1),17,2,4,,,,0
VID_ (1),17,2,5,48.23,-7.15,-10.59,1
VID_ (1),17,2,6,,,,0
VID_ (1),17,2,7,,,,0
VID_ (1),17,3,0,,,,0
VID_ (1),17,3,1,48.23,-7.15,-10.59,1
VID_ (1),17,3,2,,,,0
VID_ (1),17,3,3,,,,0
VID_ (1),17,3,4,,,,0
VID_ (1),17,3,5,,,,0
VID_ (1),17,3,6,,,,0
VID_ (1),17,3,7,,,,0
VID_ (1),17,4,0,,,,0
VID_ (1),17,4,1,,,,0
VID_ (1),17,4,2,,,,0
VID_ (1),17,4,3,,,,0
VID_ (1),17,4,4,,,,0
VID_ (1),17,4,5,45.62,-6.25,-26.15,1
VID_ (1),17,4,6,,,,0
VID_ (1),17,4,7,,,,0
VID_ (1),2,0,0,2.03,-11.46,-0.72,1
VID_ (1),2,0,1,1.84,-13.48,-0.43,1
VID_ (1),2,0,2,3.29,-13.38,-0.01,1
VID_ (1),2,0,3,5.39,-13.61,0.78,1
VID_ (1),2,0,4,18.1,-13.51,1.77,1
VID_ (1),2,0,5,20.54,-10.84,2.25,1
VID_ (1),2,0,6,-11.27,-12.17,-1.79,1
VID_ (1),2,0,7,-32.55,-13.63,-4.65,1
VID_ (1),2,1,0,18.1,-13.51,1.77,1
VID_ (1),2,1,1,20.54,-10.84,2.25,1
VID_ (1),2,1,2,-11.27,-12.17,-1.79,1
VID_ (1),2,1,3,-32.55,-13.63,-4.65,1
VID_ (1),2,1,4,-48.81,-10.08,-5.8,1
VID_ (1),2,1,5,-47.54,-12.49,-4.5,1
VID_ (1),2,1,6,-56.39,-8.68,-3.61,1
VID_ (1),2,1,7,-53.62,-7.83,-7.53,1
VID_ (1),2,2,0,-48.81,-10.08,-5.8,1
VID_ (1),2,2,1,-47.54,-12.49,-4.5,1
VID_ (1),2,2,2,-56.39,-8.68,-3.61,1
VID_ (1),2,2,3,-53.62,-7.83,-7.53,1
VID_ (1),2,2,4,-50.92,-9.38,-7.06,1
VID_ (1),2,2,5,-51.58,-9.68,-7.76,1
VID_ (1),2,2,6,-49.63,-8.3,-7.27,1
VID_ (1),2,2,7,-48.7,-23.28,4.79,1
VID_ (1),2,3,0,-50.92,-9.38,-7.06,1
VID_ (1),2,3,1,-51.58,-9.68,-7.76,1
VID_ (1),2,3,2,-49.63,-8.3,-7.27,1
VID_ (1),2,3,3,-48.7,-23.28,4.79,1
VID_ (1),2,3,4,-39.14,-20.71,6.19,1
VID_ (1),2,3,5,-29.19,-13.24,0.25,1
VID_ (1),2,3,6,-14.24,-12.12,-2.64,1
VID_ (1),2,3,7,-28.08,-10.53,-1.8,1
VID_ (1),2,4,0,-39.14,-20.71,6.19,1
VID_ (1),2,4,1,-29.19,-13.24,0.25,1
VID_ (1),2,4,2,-14.24,-12.12,-2.64,1
VID_ (1),2,4,3,-28.08,-10.53,-1.8,1
VID_ (1),2,4,4,-33.1,-3.88,-3.6,1
VID_ (1),2,4,5,-53.46,-11.87,-1.91,1
VID_ (1),2,4,6,-17.85,-13.76,-2.1,1
VID_ (1),2,4,7,-0.26,-7.53,1.4,1
VID_ (1),2,5,0,-33.1,-3.88,-3.6,1
VID_ (1),2,5,1,-53.46,-11.87,-1.91,1
VID_ (1),2,5,2,-17.85,-13.76,-2.1,1
VID_ (1),2,5,3,-0.26,-7.53,1.4,1
VID_ (1),2,5,4,1.62,-11.21,4.64,1
VID_ (1),2,5,5,2.3,-8.92,3.36,1
VID_ (1),2,5,6,-12.67,-11.57,1.72,1
VID_ (1),2,5,7,-40.64,-15.32,2.0,1
VID_ (1),2,6,0,1.62,-11.21,4.64,1
VID_ (1),2,6,1,2.3,-8.92,3.36,1
VID_ (1),2,6,2,-12.67,-11.57,1.72,1
VID_ (1),2,6,3,-40.64,-15.32,2.0,1
VID_ (1),2,6,4,-48.92,-9.91,-3.95,1
VID_ (1),2,6,5,-49.8,-15.46,0.29,1
VID_ (1),2,6,6,-43.35,-31.56,8.94,1
VID_ (1),2,6,7,-55.16,-6.39,-7.87,1
VID_ (1),2,7,0,-48.92,-9.91,-3.95,1
VID_ (1),2,7,1,-49.8,-15.46,0.29,1
VID_ (1),2,7,2,-43.35,-31.56,8.94,1
VID_ (1),2,7,3,-55.16,-6.39,-7.87,1
VID_ (1),2,7,4,-46.06,-16.48,-0.95,1
VID_ (1),2,7,5,-12.34,-16.34,0.62,1
VID_ (1),2,7,6,-5.83,-14.23,2.51,1
VID_ (1),2,7,7,-3.89,-10.21,0.44,1
VID_ (1),2,8,0,-46.06,-16.48,-0.95,1
VID_ (1),2,8,1,-12.34,-16.34,0.62,1
VID_ (1),2,8,2,-5.83,-14.23,2.51,1
VID_ (1),2,8,3,-3.89,-10.21,0.44,1
VID_ (1),2,8,4,-17.33,-14.16,1.9,1
VID_ (1),2,8,5,-10.39,-13.95,0.51,1
VID_ (1),2,8,6,-1.38,-11.41,-1.66,1
VID_ (1),2,8,7,-1.62,-17.58,-0.23,1
VID_ (1),2,9,0,-17.33,-14.16,1.9,1
VID_ (1),2,9,1,-10.39,-13.95,0.51,1
VID_ (1),2,9,2,-1.38,-11.41,-1.66,1
VID_ (1),2,9,3,-1.62,-17.58,-0.23,1
VID_ (1),2,9,4,1.53,-14.39,0.17,1
VID_ (1),2,9,5,0.5,-6.36,0.05,1
VID_ (1),2,9,6,-0.53,-14.82,5.5,1
VID_ (1),2,9,7,0.03,-10.04,1.72,1
VID_ (1),2,10,0,1.53,-14.39,0.17,1
VID_ (1),2,10,1,0.5,-6.36,0.05,1
VID_ (1),2,10,2,-0.53,-14.82,5.5,1
VID_ (1),2,10,3,0.03,-10.04,1.72,1
VID_ (1),2,10,4,0.37,-10.87,1.64,1
VID_ (1),2,10,5,-1.19,-8.96,1.45,1
VID_ (1),2,10,6,-1.72,-16.08,4.47,1
VID_ (1),2,10,7,2.1,-15.36,2.56,1
VID_ (1),2,11,0,0.37,-10.87,1.64,1
VID_ (1),2,11,1,-1.19,-8.96,1.45,1
VID_ (1),2,11,2,-1.72,-16.08,4.47,1
VID_ (1),2,11,3,2.1,-15.36,2.56,1
VID_ (1),2,11,4,2.35,-12.17,0.84,1
VID_ (1),2,11,5,1.98,-12.86,1.77,1
VID_ (1),2,11,6,0.12,-10.02,1.68,1
VID_ (1),2,11,7,2.72,-12.83,4.0,1
VID_ (1),2,12,0,2.35,-12.17,0.84,1
VID_ (1),2,12,1,1.98,-12.86,1.77,1
VID_ (1),2,12,2,0.12,-10.02,1.68,1
VID_ (1),2,12,3,2.72,-12.83,4.0,1
VID_ (1),2,12,4,5.1,-20.45,10.34,1
VID_ (1),2,12,5,11.97,-16.88,5.67,1
VID_ (1),2,12,6,-1.05,-10.99,-1.93,1
VID_ (1),2,12,7,-0.93,-12.97,-3.43,1
VID_ (1),2,13,0,5.1,-20.45,10.34,1
VID_ (1),2,13,1,11.97,-16.88,5.67,1
VID_ (1),2,13,2,-1.05,-10.99,-1.93,1
VID_ (1),2,13,3,-0.93,-12.97,-3.43,1
VID_ (1),2,13,4,-2.48,-19.18,2.02,1
VID_ (1),2,13,5,-4.7,-16.33,5.14,1
VID_ (1),2,13,6,-37.34,-17.62,5.73,1
VID_ (1),2,13,7,-54.68,-3.99,-6.5,1
VID_ (1),3,0,0,43.65,-11.25,-26.12,1
VID_ (1),3,0,1,42.17,-9.66,-25.98,1
VID_ (1),3,0,2,43.81,-10.08,-25.38,1
VID_ (1),3,0,3,42.32,-8.78,-22.21,1
VID_ (1),3,0,4,40.73,-7.31,-18.5,1
VID_ (1),3,0,5,42.26,-6.49,-18.87,1
VID_ (1),3,0,6,43.07,-8.5,-20.73,1
VID_ (1),3,0,7,47.69,-13.21,-27.26,1
VID_ (1),3,1,0,40.73,-7.31,-18.5,1
VID_ (1),3,1,1,42.26,-6.49,-18.87,1
VID_ (1),3,1,2,43.07,-8.5,-20.73,1
VID_ (1),3,1,3,47.69,-13.21,-27.26,1
VID_ (1),3,1,4,40.49,-8.54,-26.35,1
VID_ (1),3,1,5,,,,0
VID_ (1),3,1,6,,,,0
VID_ (1),3,1,7,44.81,-11.33,-29.75,1
VID_ (1),3,2,0,40.49,-8.54,-26.35,1
VID_ (1),3,2,1,,,,0
VID_ (1),3,2,2,,,,0
VID_ (1),3,2,3,44.81,-11.33,-29.75,1
VID_ (1),3,2,4,53.42,-21.0,-35.12,1
VID_ (1),3,2,5,57.8,-29.49,-43.51,1
VID_ (1),3,2,6,53.72,-21.83,-36.46,1
VID_ (1),3,2,7,51.65,-17.8,-32.51,1
VID_ (1),3,3,0,53.42,-21.0,-35.12,1
VID_ (1),3,3,1,57.8,-29.49,-43.51,1
VID_ (1),3,3,2,53.72,-21.83,-36.46,1
VID_ (1),3,3,3,51.65,-17.8,-32.51,1
VID_ (1),3,3,4,52.07,-17.73,-32.19,1
VID_ (1),3,3,5,52.73,-17.7,-32.5,1
VID_ (1),3,3,6,46.32,-15.33,-30.76,1
VID_ (1),3,3,7,56.04,-25.21,-33.16,1
VID_ (1),3,4,0,52.07,-17.73,-32.19,1
VID_ (1),3,4,1,52.73,-17.7,-32.5,1
VID_ (1),3,4,2,46.32,-15.33,-30.76,1
VID_ (1),3,4,3,56.04,-25.21,-33.16,1
VID_ (1),3,4,4,57.11,-26.92,-38.56,1
VID_ (1),3,4,5,53.81,-23.63,-37.56,1
VID_ (1),3,4,6,49.26,-20.01,-34.59,1
VID_ (1),3,4,7,50.87,-13.78,-29.0,1
VID_ (1),3,5,0,57.11,-26.92,-38.56,1
VID_ (1),3,5,1,53.81,-23.63,-37.56,1
VID_ (1),3,5,2,49.26,-20.01,-34.59,1
VID_ (1),3,5,3,50.87,-13.78,-29.0,1
VID_ (1),3,5,4,51.08,-14.45,-26.98,1
VID_ (1),3,5,5,47.58,-18.88,-26.8,1
VID_ (1),3,5,6,45.5,-18.16,-22.63,1
VID_ (1),3,5,7,48.4,-21.05,-26.75,1
VID_ (1),3,6,0,51.08,-14.45,-26.98,1
VID_ (1),3,6,1,47.58,-18.88,-26.8,1
VID_ (1),3,6,2,45.5,-18.16,-22.63,1
VID_ (1),3,6,3,48.4,-21.05,-26.75,1
VID_ (1),3,6,4,46.8,-21.16,-29.8,1
VID_ (1),3,6,5,52.47,-22.41,-32.19,1
VID_ (1),3,6,6,47.88,-19.7,-29.1,1
VID_ (1),3,6,7,43.67,-12.15,-26.87,1
VID_ (1),3,7,0,46.8,-21.16,-29.8,1
VID_ (1),3,7,1,52.47,-22.41,-32.19,1
VID_ (1),3,7,2,47.88,-19.7,-29.1,1
VID_ (1),3,7,3,43.67,-12.15,-26.87,1
VID_ (1),3,7,4,46.02,-17.78,-33.69,1
VID_ (1),3,7,5,42.86,-13.22,-31.87,1
VID_ (1),3,7,6,47.42,-14.06,-31.61,1
VID_ (1),3,7,7,51.12,-12.67,-29.53,1
VID_ (1),3,8,0,46.02,-17.78,-33.69,1
VID_ (1),3,8,1,42.86,-13.22,-31.87,1
VID_ (1),3,8,2,47.42,-14.06,-31.61,1
VID_ (1),3,8,3,51.12,-12.67,-29.53,1
VID_ (1),3,8,4,49.43,-16.18,-31.82,1
VID_ (1),3,8,5,44.0,-14.68,-27.57,1
VID_ (1),3,8,6,42.89,-16.88,-24.61,1
VID_ (1),3,8,7,43.57,-21.59,-28.56,1
VID_ (1),3,9,0,49.43,-16.18,-31.82,1
VID_ (1),3,9,1,44.0,-14.68,-27.57,1
VID_ (1),3,9,2,42.89,-16.88,-24.61,1
VID_ (1),3,9,3,43.57,-21.59,-28.56,1
VID_ (1),3,9,4,48.95,-26.81,-24.53,1
VID_ (1),3,9,5,53.93,-25.08,-25.07,1
VID_ (1),3,9,6,51.05,-27.48,-36.05,1
VID_ (1),3,9,7,,,,0
VID_ (1),3,10,0,48.95,-26.81,-24.53,1
VID_ (1),3,10,1,53.93,-25.08,-25.07,1
VID_ (1),3,10,2,51.05,-27.48,-36.05,1
VID_ (1),3,10,3,,,,0
VID_ (1),3,10,4,49.14,-24.36,-38.91,1
VID_ (1),3,10,5,46.95,-23.14,-37.58,1
VID_ (1),3,10,6,48.99,-24.09,-38.66,1
VID_ (1),3,10,7,48.66,-23.7,-37.31,1
VID_ (1),3,11,0,49.14,-24.36,-38.91,1
VID_ (1),3,11,1,46.95,-23.14,-37.58,1
VID_ (1),3,11,2,48.99,-24.09,-38.66,1
VID_ (1),3,11,3,48.66,-23.7,-37.31,1
VID_ (1),3,11,4,45.98,-21.02,-35.46,1
VID_ (1),3,11,5,46.33,-20.32,-34.3,1
VID_ (1),3,11,6,48.55,-22.77,-36.06,1
VID_ (1),3,11,7,61.05,-26.68,-30.82,1
VID_ (1),3,12,0,45.98,-21.02,-35.46,1
VID_ (1),3,12,1,46.33,-20.32,-34.3,1
VID_ (1),3,12,2,48.55,-22.77,-36.06,1
VID_ (1),3,12,3,61.05,-26.68,-30.82,1
VID_ (1),3,12,4,35.3,-14.49,-31.63,1
VID_ (1),3,12,5,30.59,-11.39,-32.11,1
VID_ (1),3,12,6,,,,0
VID_ (1),3,12,7,,,,0
VID_ (1),3,13,0,35.3,-14.49,-31.63,1
VID_ (1),3,13,1,30.59,-11.39,-32.11,1
VID_ (1),3,13,2,,,,0
VID_ (1),3,13,3,,,,0
VID_ (1),3,13,4,,,,0
VID_ (1),3,13,5,,,,0
VID_ (1),3,13,6,32.78,-7.79,-23.43,1
VID_ (1),3,13,7,39.71,-10.07,-27.06,1
VID_ (1),4,0,0,,,,0
VID_ (1),4,0,1,,,,0
VID_ (1),4,0,2,,,,0
VID_ (1),4,0,3,,,,0
VID_ (1),4,0,4,,,,0
VID_ (1),4,0,5,,,,0
VID_ (1),4,0,6,,,,0
VID_ (1),4,0,7,,,,0
VID_ (1),4,1,0,,,,0
VID_ (1),4,1,1,,,,0
VID_ (1),4,1,2,,,,0
VID_ (1),4,1,3,,,,0
VID_ (1),4,1,4,,,,0
VID_ (1),4,1,5,,,,0
VID_ (1),4,1,6,,,,0
VID_ (1),4,1,7,,,,0
VID_ (1),4,2,0,,,,0
VID_ (1),4,2,1,,,,0
VID_ (1),4,2,2,,,,0
VID_ (1),4,2,3,,,,0
VID_ (1),4,2,4,,,,0
VID_ (1),4,2,5,,,,0
VID_ (1),4,2,6,,,,0
VID_ (1),4,2,7,,,,0
VID_ (1),4,3,0,,,,0
VID_ (1),4,3,1,,,,0
VID_ (1),4,3,2,,,,0
VID_ (1),4,3,3,,,,0
VID_ (1),4,3,4,,,,0
VID_ (1),4,3,5,,,,0
VID_ (1),4,3,6,,,,0
VID_ (1),4,3,7,,,,0
VID_ (1),4,4,0,,,,0
VID_ (1),4,4,1,,,,0
VID_ (1),4,4,2,,,,0
VID_ (1),4,4,3,,,,0
VID_ (1),4,4,4,,,,0
VID_ (1),4,4,5,,,,0
VID_ (1),4,4,6,,,,0
VID_ (1),4,4,7,,,,0
VID_ (1),4,5,0,,,,0
VID_ (1),4,5,1,,,,0
VID_ (1),4,5,2,,,,0
VID_ (1),4,5,3,,,,0
VID_ (1),4,5,4,,,,0
VID_ (1),4,5,5,,,,0
VID_ (1),4,5,6,,,,0
VID_ (1),4,5,7,,,,0
VID_ (1),4,6,0,,,,0
VID_ (1),4,6,1,,,,0
VID_ (1),4,6,2,,,,0
VID_ (1),4,6,3,,,,0
VID_ (1),4,6,4,,,,0
VID_ (1),4,6,5,,,,0
VID_ (1),4,6,6,,,,0
VID_ (1),4,6,7,,,,0
VID_ (1),4,7,0,,,,0
VID_ (1),4,7,1,,,,0
VID_ (1),4,7,2,,,,0
VID_ (1),4,7,3,,,,0
VID_ (1),4,7,4,,,,0
VID_ (1),4,7,5,,,,0
VID_ (1),4,7,6,,,,0
VID_ (1),4,7,7,,,,0
VID_ (1),4,8,0,,,,0
VID_ (1),4,8,1,,,,0
VID_ (1),4,8,2,,,,0
VID_ (1),4,8,3,,,,0
VID_ (1),4,8,4,,,,0
VID_ (1),4,8,5,,,,0
VID_ (1),4,8,6,,,,0
VID_ (1),4,8,7,,,,0
VID_ (1),4,9,0,,,,0
VID_ (1),4,9,1,,,,0
VID_ (1),4,9,2,,,,0
VID_ (1),4,9,3,,,,0
VID_ (1),4,9,4,,,,0
VID_ (1),4,9,5,,,,0
VID_ (1),4,9,6,,,,0
VID_ (1),4,9,7,,,,0
VID_ (1),4,10,0,,,,0
VID_ (1),4,10,1,,,,0
VID_ (1),4,10,2,,,,0
VID_ (1),4,10,3,,,,0
VID_ (1),4,10,4,,,,0
VID_ (1),4,10,5,,,,0
VID_ (1),4,10,6,,,,0
VID_ (1),4,10,7,,,,0
VID_ (1),4,11,0,,,,0
VID_ (1),4,11,1,,,,0
VID_ (1),4,11,2,,,,0
VID_ (1),4,11,3,,,,0
VID_ (1),4,11,4,,,,0
VID_ (1),4,11,5,,,,0
VID_ (1),4,11,6,,,,0
VID_ (1),4,11,7,,,,0
VID_ (1),4,12,0,,,,0
VID_ (1),4,12,1,,,,0
VID_ (1),4,12,2,,,,0
VID_ (1),4,12,3,,,,0
VID_ (1),4,12,4,,,,0
VID_ (1),4,12,5,,,,0
VID_ (1),4,12,6,,,,0
VID_ (1),4,12,7,,,,0
VID_ (1),4,13,0,,,,0
VID_ (1),4,13,1,,,,0
VID_ (1),4,13,2,,,,0
VID_ (1),4,13,3,,,,0
VID_ (1),4,13,4,23.67,15.11,-10.09,1
VID_ (1),4,13,5,,,,0
VID_ (1),4,13,6,,,,0
VID_ (1),4,13,7,,,,0
VID_ (1),5,0,0,,,,0
VID_ (1),5,0,1,,,,0
VID_ (1),5,0,2,,,,0
VID_ (1),5,0,3,,,,0
VID_ (1),5,0,4,,,,0
VID_ (1),5,0,5,,,,0
VID_ (1),5,0,6,,,,0
VID_ (1),5,0,7,,,,0
VID_ (1),5,1,0,,,,0
VID_ (1),5,1,1,,,,0
VID_ (1),5,1,2,,,,0
VID_ (1),5,1,3,,,,0
VID_ (1),5,1,4,,,,0
VID_ (1),5,1,5,,,,0
VID_ (1),5,1,6,,,,0
VID_ (1),5,1,7,,,,0
VID_ (1),5,2,0,,,,0
VID_ (1),5,2,1,,,,0
VID_ (1),5,2,2,,,,0
VID_ (1),5,2,3,,,,0
VID_ (1),5,2,4,,,,0
VID_ (1),5,2,5,,,,0
VID_ (1),5,2,6,,,,0
VID_ (1),5,2,7,,,,0
VID_ (1),5,3,0,,,,0
VID_ (1),5,3,1,,,,0
VID_ (1),5,3,2,,,,0
VID_ (1),5,3,3,,,,0
VID_ (1),5,3,4,,,,0
VID_ (1),5,3,5,23.57,31.75,12.48,1
VID_ (1),5,3,6,61.35,22.12,18.52,1
VID_ (1),5,3,7,29.91,17.03,2.59,1
VID_ (1),5,4,0,,,,0
VID_ (1),5,4,1,23.57,31.75,12.48,1
VID_ (1),5,4,2,61.35,22.12,18.52,1
VID_ (1),5,4,3,29.91,17.03,2.59,1
VID_ (1),5,4,4,,,,0
VID_ (1),5,4,5,-10.22,35.04,24.13,1
VID_ (1),5,4,6,5.34,25.3,12.52,1
VID_ (1),5,4,7,,,,0
VID_ (1),5,5,0,,,,0
VID_ (1),5,5,1,-10.22,35.04,24.13,1
VID_ (1),5,5,2,5.34,25.3,12.52,1
VID_ (1),5,5,3,,,,0
VID_ (1),5,5,4,,,,0
VID_ (1),5,5,5,51.9,31.51,35.28,1
VID_ (1),5,5,6,57.84,19.41,11.21,1
VID_ (1),5,5,7,78.1,-4.92,-4.97,1
VID_ (1),5,6,0,,,,0
VID_ (1),5,6,1,51.9,31.51,35.28,1
VID_ (1),5,6,2,57.84,19.41,11.21,1
VID_ (1),5,6,3,78.1,-4.92,-4.97,1
VID_ (1),5,6,4,32.77,23.0,6.68,1
VID_ (1),5,6,5,13.06,25.07,-17.67,1
VID_ (1),5,6,6,27.62,23.2,-10.61,1
VID_ (1),5,6,7,,,,0
VID_ (1),5,7,0,32.77,23.0,6.68,1
VID_ (1),5,7,1,13.06,25.07,-17.67,1
VID_ (1),5,7,2,27.62,23.2,-10.61,1
VID_ (1),5,7,3,,,,0
VID_ (1),5,7,4,,,,0
VID_ (1),5,7,5,,,,0
VID_ (1),5,7,6,,,,0
VID_ (1),5,7,7,,,,0
VID_ (1),5,8,0,,,,0
VID_ (1),5,8,1,,,,0
VID_ (1),5,8,2,,,,0
VID_ (1),5,8,3,,,,0
VID_ (1),5,8,4,37.19,27.1,24.56,1
VID_ (1),5,8,5,73.72,14.05,18.32,1
VID_ (1),5,8,6,-78.74,0.33,-11.97,1
VID_ (1),5,8,7,-82.69,3.18,-17.11,1
VID_ (1),5,9,0,37.19,27.1,24.56,1
VID_ (1),5,9,1,73.72,14.05,18.32,1
VID_ (1),5,9,2,-78.74,0.33,-11.97,1
VID_ (1),5,9,3,-82.69,3.18,-17.11,1
VID_ (1),5,9,4,-80.89,6.53,-21.65,1
VID_ (1),5,9,5,-80.43,14.31,-30.2,1
VID_ (1),5,9,6,-83.32,-57.91,49.97,1
VID_ (1),5,9,7,-80.58,-84.58,81.49,1
VID_ (1),5,10,0,-80.89,6.53,-21.65,1
VID_ (1),5,10,1,-80.43,14.31,-30.2,1
VID_ (1),5,10,2,-83.32,-57.91,49.97,1
VID_ (1),5,10,3,-80.58,-84.58,81.49,1
VID_ (1),5,10,4,78.97,16.18,20.37,1
VID_ (1),5,10,5,75.74,19.97,25.44,1
VID_ (1),5,10,6,76.98,26.49,34.71,1
VID_ (1),5,10,7,56.81,28.47,46.82,1
VID_ (1),5,11,0,78.97,16.18,20.37,1
VID_ (1),5,11,1,75.74,19.97,25.44,1
VID_ (1),5,11,2,76.98,26.49,34.71,1
VID_ (1),5,11,3,56.81,28.47,46.82,1
VID_ (1),5,11,4,75.57,38.13,47.33,1
VID_ (1),5,11,5,,,,0
VID_ (1),5,11,6,,,,0
VID_ (1),5,11,7,,,,0
VID_ (1),5,12,0,75.57,38.13,47.33,1
VID_ (1),5,12,1,,,,0
VID_ (1),5,12,2,,,,0
VID_ (1),5,12,3,,,,0
VID_ (1),5,12,4,,,,0
VID_ (1),5,12,5,,,,0
VID_ (1),5,12,6,,,,0
VID_ (1),5,12,7,,,,0
VID_ (1),5,13,0,,,,0
VID_ (1),5,13,1,,,,0
VID_ (1),5,13,2,,,,0
VID_ (1),5,13,3,,,,0
VID_ (1),5,13,4,,,,0
VID_ (1),5,13,5,,,,0
VID_ (1),5,13,6,,,,0
VID_ (1),5,13,7,,,,0
VID_ (1),6,0,0,,,,0
VID_ (1),6,0,1,,,,0
VID_ (1),6,0,2,,,,0
VID_ (1),6,0,3,,,,0
VID_ (1),6,0,4,,,,0
VID_ (1),6,0,5,,,,0
VID_ (1),6,0,6,,,,0
VID_ (1),6,0,7,,,,0
VID_ (1),7,0,0,-45.48,4.51,5.81,1
VID_ (1),7,0,1,-62.08,-26.22,31.96,1
VID_ (1),7,0,2,-55.57,-8.8,16.9,1
VID_ (1),7,0,3,,,,0
VID_ (1),7,0,4,-64.35,-17.27,24.16,1
VID_ (1),7,0,5,-68.56,-37.49,45.83,1
VID_ (1),7,0,6,-67.11,-31.57,37.89,1
VID_ (1),7,0,7,-56.63,-14.69,23.95,1
VID_ (1),7,1,0,-64.35,-17.27,24.16,1
VID_ (1),7,1,1,-68.56,-37.49,45.83,1
VID_ (1),7,1,2,-67.11,-31.57,37.89,1
VID_ (1),7,1,3,-56.63,-14.69,23.95,1
VID_ (1),7,1,4,-59.65,-20.66,27.51,1
VID_ (1),7,1,5,-59.59,-24.03,28.17,1
VID_ (1),7,1,6,-68.44,-26.31,32.22,1
VID_ (1),7,1,7,-46.62,-14.12,24.32,1
VID_ (1),7,2,0,-59.65,-20.66,27.51,1
VID_ (1),7,2,1,-59.59,-24.03,28.17,1
VID_ (1),7,2,2,-68.44,-26.31,32.22,1
VID_ (1),7,2,3,-46.62,-14.12,24.32,1
VID_ (1),7,2,4,-54.61,-11.46,22.44,1
VID_ (1),7,2,5,-67.85,-26.58,27.55,1
VID_ (1),7,2,6,-75.12,-40.51,34.1,1
VID_ (1),7,2,7,-60.7,-17.31,15.8,1
VID_ (1),8,0,0,,,,0
VID_ (1),8,0,1,,,,0
VID_ (1),8,0,2,,,,0
VID_ (1),8,0,3,,,,0
VID_ (1),8,0,4,,,,0
VID_ (1),8,0,5,,,,0
VID_ (1),8,0,6,,,,0
VID_ (1),8,0,7,,,,0
VID_ (1),8,1,0,,,,0
VID_ (1),8,1,1,,,,0
VID_ (1),8,1,2,,,,0
VID_ (1),8,1,3,,,,0
VID_ (1),8,1,4,,,,0
VID_ (1),8,1,5,,,,0
VID_ (1),8,1,6,,,,0
VID_ (1),8,1,7,,,,0
VID_ (1),8,2,0,,,,0
VID_ (1),8,2,1,,,,0
VID_ (1),8,2,2,,,,0
VID_ (1),8,2,3,,,,0
VID_ (1),8,2,4,,,,0
VID_ (1),8,2,5,,,,0
VID_ (1),8,2,6,,,,0
VID_ (1),8,2,7,,,,0
VID_ (1),8,3,0,,,,0
VID_ (1),8,3,1,,,,0
VID_ (1),8,3,2,,,,0
VID_ (1),8,3,3,,,,0
VID_ (1),8,3,4,,,,0
VID_ (1),8,3,5,,,,0
VID_ (1),8,3,6,,,,0
VID_ (1),8,3,7,,,,0
VID_ (1),8,4,0,,,,0
VID_ (1),8,4,1,,,,0
VID_ (1),8,4,2,,,,0
VID_ (1),8,4,3,,,,0
VID_ (1),8,4,4,,,,0
VID_ (1),8,4,5,,,,0
VID_ (1),8,4,6,,,,0
VID_ (1),8,4,7,,,,0
VID_ (1),8,5,0,,,,0
VID_ (1),8,5,1,,,,0
VID_ (1),8,5,2,,,,0
VID_ (1),8,5,3,,,,0
VID_ (1),8,5,4,,,,0
VID_ (1),8,5,5,,,,0
VID_ (1),8,5,6,,,,0
VID_ (1),8,5,7,,,,0
VID_ (1),8,6,0,,,,0
VID_ (1),8,6,1,,,,0
VID_ (1),8,6,2,,,,0
VID_ (1),8,6,3,,,,0
VID_ (1),8,6,4,,,,0
VID_ (1),8,6,5,,,,0
VID_ (1),8,6,6,,,,0
VID_ (1),8,6,7,,,,0
VID_ (1),8,7,0,,,,0
VID_ (1),8,7,1,,,,0
VID_ (1),8,7,2,,,,0
VID_ (1),8,7,3,,,,0
VID_ (1),8,7,4,,,,0
VID_ (1),8,7,5,,,,0
VID_ (1),8,7,6,,,,0
VID_ (1),8,7,7,,,,0
VID_ (1),8,8,0,,,,0
VID_ (1),8,8,1,,,,0
VID_ (1),8,8,2,,,,0
VID_ (1),8,8,3,,,,0
VID_ (1),8,8,4,,,,0
VID_ (1),8,8,5,,,,0
VID_ (1),8,8,6,,,,0
VID_ (1),8,8,7,,,,0
VID_ (1),8,9,0,,,,0
VID_ (1),8,9,1,,,,0
VID_ (1),8,9,2,,,,0
VID_ (1),8,9,3,,,,0
VID_ (1),8,9,4,,,,0
VID_ (1),8,9,5,,,,0
VID_ (1),8,9,6,,,,0
VID_ (1),8,9,7,,,,0
VID_ (1),8,10,0,,,,0
VID_ (1),8,10,1,,,,0
VID_ (1),8,10,2,,,,0
VID_ (1),8,10,3,,,,0
VID_ (1),8,10,4,,,,0
VID_ (1),8,10,5,,,,0
VID_ (1),8,10,6,,,,0
VID_ (1),8,10,7,,,,0
VID_ (1),8,11,0,,,,0
VID_ (1),8,11,1,,,,0
VID_ (1),8,11,2,,,,0
VID_ (1),8,11,3,,,,0
VID_ (1),8,11,4,,,,0
VID_ (1),8,11,5,,,,0
VID_ (1),8,11,6,,,,0
VID_ (1),8,11,7,,,,0
VID_ (1),8,12,0,,,,0
VID_ (1),8,12,1,,,,0
VID_ (1),8,12,2,,,,0
VID_ (1),8,12,3,,,,0
VID_ (1),8,12,4,,,,0
VID_ (1),8,12,5,,,,0
VID_ (1),8,12,6,,,,0
VID_ (1),8,12,7,,,,0
VID_ (1),8,13,0,,,,0
VID_ (1),8,13,1,,,,0
VID_ (1),8,13,2,,,,0
VID_ (1),8,13,3,,,,0
VID_ (1),8,13,4,,,,0
VID_ (1),8,13,5,,,,0
VID_ (1),8,13,6,,,,0
VID_ (1),8,13,7,,,,0
VID_ (1),9,0,0,69.9,-12.75,-20.39,1
VID_ (1),9,0,1,71.84,-10.8,-16.59,1
VID_ (1),9,0,2,71.76,-11.47,-19.07,1
VID_ (1),9,0,3,80.67,2.48,1.67,1
VID_ (1),9,0,4,82.84,29.93,28.15,1
VID_ (1),9,0,5,80.11,33.61,25.15,1
VID_ (1),9,0,6,82.17,16.91,13.03,1
VID_ (1),9,0,7,78.0,-12.87,-16.2,1
VID_ (10),1,0,0,-35.89,-4.05,-5.41,1
VID_ (10),1,0,1,-38.73,-3.92,-5.77,1
VID_ (10),1,0,2,-35.98,-1.41,-7.65,1
VID_ (10),1,0,3,-32.67,-2.82,-6.93,1
VID_ (10),1,0,4,-34.81,-6.73,-3.45,1
VID_ (10),1,0,5,-35.01,-2.74,-5.73,1
VID_ (10),1,0,6,-38.25,-4.05,-5.01,1
VID_ (10),1,0,7,-35.32,-4.85,-4.22,1
VID_ (10),1,1,0,-34.81,-6.73,-3.45,1
VID_ (10),1,1,1,-35.01,-2.74,-5.73,1
VID_ (10),1,1,2,-38.25,-4.05,-5.01,1
VID_ (10),1,1,3,-35.32,-4.85,-4.22,1
VID_ (10),1,1,4,-35.16,-4.25,-4.62,1
VID_ (10),1,1,5,-34.0,-3.22,-5.99,1
VID_ (10),1,1,6,-35.77,-5.65,-2.94,1
VID_ (10),1,1,7,-37.02,-7.73,-2.55,1
VID_ (10),1,2,0,-35.16,-4.25,-4.62,1
VID_ (10),1,2,1,-34.0,-3.22,-5.99,1
VID_ (10),1,2,2,-35.77,-5.65,-2.94,1
VID_ (10),1,2,3,-37.02,-7.73,-2.55,1
VID_ (10),1,2,4,-33.56,-5.34,-2.87,1
VID_ (10),1,2,5,-37.85,-18.67,13.18,1
VID_ (10),1,2,6,-29.48,-27.35,25.05,1
VID_ (10),1,2,7,-29.93,-25.73,22.72,1
VID_ (10),1,3,0,-33.56,-5.34,-2.87,1
VID_ (10),1,3,1,-37.85,-18.67,13.18,1
VID_ (10),1,3,2,-29.48,-27.35,25.05,1
VID_ (10),1,3,3,-29.93,-25.73,22.72,1
VID_ (10),1,3,4,-31.59,-25.38,21.61,1
VID_ (10),1,3,5,-33.43,-28.1,24.42,1
VID_ (10),1,3,6,-34.07,-28.36,26.49,1
VID_ (10),1,3,7,-36.34,-25.93,23.05,1
VID_ (10),1,4,0,-31.59,-25.38,21.61,1
VID_ (10),1,4,1,-33.43,-28.1,24.42,1
VID_ (10),1,4,2,-34.07,-28.36,26.49,1
VID_ (10),1,4,3,-36.34,-25.93,23.05,1
VID_ (10),1,4,4,-30.63,-28.58,25.73,1
VID_ (10),1,4,5,-28.09,-29.07,25.04,1
VID_ (10),1,4,6,-31.0,-30.24,25.13,1
VID_ (10),1,4,7,-33.66,-26.08,23.06,1
VID_ (10),1,5,0,-30.63,-28.58,25.73,1
VID_ (10),1,5,1,-28.09,-29.07,25.04,1
VID_ (10),1,5,2,-31.0,-30.24,25.13,1
VID_ (10),1,5,3,-33.66,-26.08,23.06,1
VID_ (10),1,5,4,-34.62,-28.15,24.71,1
VID_ (10),1,5,5,-35.67,-28.74,24.32,1
VID_ (10),1,5,6,-31.82,-27.25,22.58,1
VID_ (10),1,5,7,-37.83,-27.32,21.89,1
VID_ (10),1,6,0,-34.62,-28.15,24.71,1
VID_ (10),1,6,1,-35.67,-28.74,24.32,1
VID_ (10),1,6,2,-31.82,-27.25,22.58,1
VID_ (10),1,6,3,-37.83,-27.32,21.89,1
VID_ (10),1,6,4,-38.18,-30.29,25.43,1
VID_ (10),1,6,5,-32.7,-27.33,22.0,1
VID_ (10),1,6,6,-36.19,-29.28,22.9,1
VID_ (10),1,6,7,-35.18,-29.49,24.41,1
VID_ (10),1,7,0,-38.18,-30.29,25.43,1
VID_ (10),1,7,1,-32.7,-27.33,22.0,1
VID_ (10),1,7,2,-36.19,-29.28,22.9,1
VID_ (10),1,7,3,-35.18,-29.49,24.41,1
VID_ (10),1,7,4,-39.53,-25.34,22.3,1
VID_ (10),1,7,5,-39.28,-26.07,21.79,1
VID_ (10),1,7,6,-40.32,-27.64,22.98,1
VID_ (10),1,7,7,-39.16,-29.05,24.6,1
VID_ (10),1,8,0,-39.53,-25.34,22.3,1
VID_ (10),1,8,1,-39.28,-26.07,21.79,1
VID_ (10),1,8,2,-40.32,-27.64,22.98,1
VID_ (10),1,8,3,-39.16,-29.05,24.6,1
VID_ (10),1,8,4,-38.29,-29.82,24.62,1
VID_ (10),1,8,5,-35.34,-28.56,25.48,1
VID_ (10),1,8,6,-35.34,-26.65,24.45,1
VID_ (10),1,8,7,-34.77,-25.56,23.99,1
VID_ (10),1,9,0,-38.29,-29.82,24.62,1
VID_ (10),1,9,1,-35.34,-28.56,25.48,1
VID_ (10),1,9,2,-35.34,-26.65,24.45,1
VID_ (10),1,9,3,-34.77,-25.56,23.99,1
VID_ (10),1,9,4,-41.23,-24.47,23.5,1
VID_ (10),1,9,5,-43.21,-23.84,21.28,1
VID_ (10),1,9,6,-43.94,-21.07,19.89,1
VID_ (10),1,9,7,-41.24,-24.27,21.22,1
VID_ (10),1,10,0,-41.23,-24.47,23.5,1
VID_ (10),1,10,1,-43.21,-23.84,21.28,1
VID_ (10),1,10,2,-43.94,-21.07,19.89,1
VID_ (10),1,10,3,-41.24,-24.27,21.22,1
VID_ (10),1,10,4,-39.39,-22.8,19.95,1
VID_ (10),1,10,5,-40.98,-22.87,19.8,1
VID_ (10),1,10,6,-36.36,-24.15,21.42,1
VID_ (10),1,10,7,-40.67,-23.7,20.74,1
VID_ (10),1,11,0,-39.39,-22.8,19.95,1
VID_ (10),1,11,1,-40.98,-22.87,19.8,1
VID_ (10),1,11,2,-36.36,-24.15,21.42,1
VID_ (10),1,11,3,-40.67,-23.7,20.74,1
VID_ (10),1,11,4,-38.9,-22.59,19.2,1
VID_ (10),1,11,5,-42.0,-21.89,18.64,1
VID_ (10),1,11,6,-43.63,-23.37,19.76,1
VID_ (10),1,11,7,-44.2,-18.99,17.0,1
VID_ (10),1,12,0,-38.9,-22.59,19.2,1
VID_ (10),1,12,1,-42.0,-21.89,18.64,1
VID_ (10),1,12,2,-43.63,-23.37,19.76,1
VID_ (10),1,12,3,-44.2,-18.99,17.0,1
VID_ (10),1,12,4,-42.88,-22.34,19.12,1
VID_ (10),1,12,5,-42.02,-25.75,22.09,1
VID_ (10),1,12,6,-35.87,-20.69,18.89,1
VID_ (10),1,12,7,-36.02,-21.04,19.32,1
VID_ (10),1,13,0,-42.88,-22.34,19.12,1
VID_ (10),1,13,1,-42.02,-25.75,22.09,1
VID_ (10),1,13,2,-35.87,-20.69,18.89,1
VID_ (10),1,13,3,-36.02,-21.04,19.32,1
VID_ (10),1,13,4,-42.41,-22.9,20.4,1
VID_ (10),1,13,5,-43.11,-21.97,18.63,1
VID_ (10),1,13,6,-40.74,-20.08,18.61,1
VID_ (10),1,13,7,-34.46,-20.97,20.03,1
VID_ (10),2,0,0,64.62,6.87,19.5,1
VID_ (10),2,0,1,69.91,58.14,91.64,1
VID_ (10),2,0,2,73.13,63.01,95.55,1
VID_ (10),2,0,3,72.51,62.7,96.6,1
VID_ (10),2,0,4,63.81,5.34,17.11,1
VID_ (10),2,0,5,70.77,65.19,96.82,1
VID_ (10),2,0,6,71.63,46.7,83.22,1
VID_ (10),2,0,7,70.68,62.97,95.87,1
VID_ (10),2,1,0,63.81,5.34,17.11,1
VID_ (10),2,1,1,70.77,65.19,96.82,1
VID_ (10),2,1,2,71.63,46.7,83.22,1
VID_ (10),2,1,3,70.68,62.97,95.87,1
VID_ (10),2,1,4,73.54,56.85,89.86,1
VID_ (10),2,1,5,72.72,60.17,90.9,1
VID_ (10),2,1,6,63.19,-4.98,10.87,1
VID_ (10),2,1,7,60.78,-5.62,8.64,1
VID_ (10),2,2,0,73.54,56.85,89.86,1
VID_ (10),2,2,1,72.72,60.17,90.9,1
VID_ (10),2,2,2,63.19,-4.98,10.87,1
VID_ (10),2,2,3,60.78,-5.62,8.64,1
VID_ (10),2,2,4,67.22,6.59,38.99,1
VID_ (10),2,2,5,63.45,10.29,46.97,1
VID_ (10),2,2,6,61.62,-3.95,10.29,1
VID_ (10),2,2,7,58.88,-2.64,10.11,1
VID_ (10),2,3,0,67.22,6.59,38.99,1
VID_ (10),2,3,1,63.45,10.29,46.97,1
VID_ (10),2,3,2,61.62,-3.95,10.29,1
VID_ (10),2,3,3,58.88,-2.64,10.11,1
VID_ (10),2,3,4,58.64,0.53,13.16,1
VID_ (10),2,3,5,61.4,7.51,20.36,1
VID_ (10),2,3,6,65.75,6.13,20.18,1
VID_ (10),2,3,7,61.98,0.45,15.08,1
VID_ (10),2,4,0,58.64,0.53,13.16,1
VID_ (10),2,4,1,61.4,7.51,20.36,1
VID_ (10),2,4,2,65.75,6.13,20.18,1
VID_ (10),2,4,3,61.98,0.45,15.08,1
VID_ (10),2,4,4,65.5,14.56,53.21,1
VID_ (10),2,4,5,57.59,-6.44,8.24,1
VID_ (10),2,4,6,68.54,16.4,53.9,1
VID_ (10),2,4,7,68.63,4.32,42.33,1
VID_ (10),2,5,0,65.5,14.56,53.21,1
VID_ (10),2,5,1,57.59,-6.44,8.24,1
VID_ (10),2,5,2,68.54,16.4,53.9,1
VID_ (10),2,5,3,68.63,4.32,42.33,1
VID_ (10),2,5,4,56.56,-7.98,7.33,1
VID_ (10),2,5,5,53.85,-11.86,5.95,1
VID_ (10),2,5,6,68.45,23.08,56.97,1
VID_ (10),2,5,7,76.02,-16.14,-7.47,1
VID_ (10),2,6,0,56.56,-7.98,7.33,1
VID_ (10),2,6,1,53.85,-11.86,5.95,1
VID_ (10),2,6,2,68.45,23.08,56.97,1
VID_ (10),2,6,3,76.02,-16.14,-7.47,1
VID_ (10),2,6,4,55.11,-10.14,5.63,1
VID_ (10),2,6,5,67.56,20.31,56.85,1
VID_ (10),2,6,6,55.49,-12.06,4.63,1
VID_ (10),2,6,7,53.67,-14.16,3.0,1
VID_ (10),2,7,0,55.11,-10.14,5.63,1
VID_ (10),2,7,1,67.56,20.31,56.85,1
VID_ (10),2,7,2,55.49,-12.06,4.63,1
VID_ (10),2,7,3,53.67,-14.16,3.0,1
VID_ (10),2,7,4,60.44,-1.6,14.26,1
VID_ (10),2,7,5,57.57,-6.68,8.0,1
VID_ (10),2,7,6,56.16,-8.7,7.24,1
VID_ (10),2,7,7,57.9,-11.42,3.49,1
VID_ (10),2,8,0,60.44,-1.6,14.26,1
VID_ (10),2,8,1,57.57,-6.68,8.0,1
VID_ (10),2,8,2,56.16,-8.7,7.24,1
VID_ (10),2,8,3,57.9,-11.42,3.49,1
VID_ (10),2,8,4,54.97,-9.33,5.96,1
VID_ (10),2,8,5,67.72,-18.06,-4.97,1
VID_ (10),2,8,6,70.12,24.2,59.42,1
VID_ (10),2,8,7,59.3,-0.27,15.81,1
VID_ (10),2,9,0,54.97,-9.33,5.96,1
VID_ (10),2,9,1,67.72,-18.06,-4.97,1
VID_ (10),2,9,2,70.12,24.2,59.42,1
VID_ (10),2,9,3,59.3,-0.27,15.81,1
VID_ (10),2,9,4,65.52,25.54,62.77,1
VID_ (10),2,9,5,58.39,-7.1,9.24,1
VID_ (10),2,9,6,59.03,-3.07,13.65,1
VID_ (10),2,9,7,58.33,-6.48,8.63,1
VID_ (10),2,10,0,65.52,25.54,62.77,1
VID_ (10),2,10,1,58.39,-7.1,9.24,1
VID_ (10),2,10,2,59.03,-3.07,13.65,1
VID_ (10),2,10,3,58.33,-6.48,8.63,1
VID_ (10),2,10,4,70.07,37.48,73.66,1
VID_ (10),2,10,5,57.33,-1.84,14.56,1
VID_ (10),2,10,6,53.85,-4.89,10.91,1
VID_ (10),2,10,7,81.07,-27.15,-12.56,1
VID_ (10),2,11,0,70.07,37.48,73.66,1
VID_ (10),2,11,1,57.33,-1.84,14.56,1
VID_ (10),2,11,2,53.85,-4.89,10.91,1
VID_ (10),2,11,3,81.07,-27.15,-12.56,1
VID_ (10),2,11,4,66.93,23.33,49.41,1
VID_ (10),2,11,5,58.89,13.08,38.37,1
VID_ (10),2,11,6,53.29,0.04,26.37,1
VID_ (10),2,11,7,54.88,28.47,50.4,1
VID_ (10),2,12,0,66.93,23.33,49.41,1
VID_ (10),2,12,1,58.89,13.08,38.37,1
VID_ (10),2,12,2,53.29,0.04,26.37,1
VID_ (10),2,12,3,54.88,28.47,50.4,1
VID_ (10),2,12,4,44.7,22.71,48.18,1
VID_ (10),2,12,5,50.03,26.74,52.05,1
VID_ (10),2,12,6,54.7,35.43,60.13,1
VID_ (10),2,12,7,61.88,38.82,68.62,1
VID_ (10),2,13,0,44.7,22.71,48.18,1
VID_ (10),2,13,1,50.03,26.74,52.05,1
VID_ (10),2,13,2,54.7,35.43,60.13,1
VID_ (10),2,13,3,61.88,38.82,68.62,1
VID_ (10),2,13,4,61.91,36.86,68.97,1
VID_ (10),2,13,5,67.58,50.08,79.19,1
VID_ (10),2,13,6,76.42,-4.41,21.23,1
VID_ (10),2,13,7,70.63,42.17,70.04,1
VID_ (10),3,0,0,60.36,-10.96,5.5,1
VID_ (10),3,0,1,54.53,-10.13,3.48,1
VID_ (10),3,0,2,59.43,-10.24,4.68,1
VID_ (10),3,0,3,56.65,-13.01,2.83,1
VID_ (10),3,0,4,58.4,-7.76,6.41,1
VID_ (10),3,0,5,56.83,-15.78,-0.21,1
VID_ (10),3,0,6,58.1,-11.01,3.99,1
VID_ (10),3,0,7,57.39,-12.15,3.77,1
VID_ (10),3,1,0,58.4,-7.76,6.41,1
VID_ (10),3,1,1,56.83,-15.78,-0.21,1
VID_ (10),3,1,2,58.1,-11.01,3.99,1
VID_ (10),3,1,3,57.39,-12.15,3.77,1
VID_ (10),3,1,4,57.57,-9.85,5.36,1
VID_ (10),3,1,5,57.58,-12.49,4.39,1
VID_ (10),3,1,6,59.32,-14.4,2.99,1
VID_ (10),3,1,7,66.96,3.1,12.95,1
VID_ (10),3,2,0,57.57,-9.85,5.36,1
VID_ (10),3,2,1,57.58,-12.49,4.39,1
VID_ (10),3,2,2,59.32,-14.4,2.99,1
VID_ (10),3,2,3,66.96,3.1,12.95,1
VID_ (10),3,2,4,54.33,-16.88,0.21,1
VID_ (10),3,2,5,58.45,-5.36,9.28,1
VID_ (10),3,2,6,54.84,-9.69,6.44,1
VID_ (10),3,2,7,54.0,-9.55,5.14,1
VID_ (10),3,3,0,54.33,-16.88,0.21,1
VID_ (10),3,3,1,58.45,-5.36,9.28,1
VID_ (10),3,3,2,54.84,-9.69,6.44,1
VID_ (10),3,3,3,54.0,-9.55,5.14,1
VID_ (10),3,3,4,53.65,-4.13,10.19,1
VID_ (10),3,3,5,56.98,0.59,14.44,1
VID_ (10),3,3,6,56.31,-5.87,10.3,1
VID_ (10),3,3,7,52.32,-11.87,5.4,1
VID_ (10),3,4,0,53.65,-4.13,10.19,1
VID_ (10),3,4,1,56.98,0.59,14.44,1
VID_ (10),3,4,2,56.31,-5.87,10.3,1
VID_ (10),3,4,3,52.32,-11.87,5.4,1
VID_ (10),3,4,4,52.35,-9.28,6.93,1
VID_ (10),3,4,5,-3.93,-6.78,-2.4,1
VID_ (10),3,4,6,56.18,-6.24,10.14,1
VID_ (10),3,4,7,29.59,-7.66,-1.16,1
VID_ (10),3,5,0,52.35,-9.28,6.93,1
VID_ (10),3,5,1,-3.93,-6.78,-2.4,1
VID_ (10),3,5,2,56.18,-6.24,10.14,1
VID_ (10),3,5,3,29.59,-7.66,-1.16,1
VID_ (10),3,5,4,45.23,-5.51,1.49,1
VID_ (10),3,5,5,50.88,-7.45,8.19,1
VID_ (10),3,5,6,53.4,-8.72,6.91,1
VID_ (10),3,5,7,17.83,-7.24,-3.83,1
VID_ (10),3,6,0,45.23,-5.51,1.49,1
VID_ (10),3,6,1,50.88,-7.45,8.19,1
VID_ (10),3,6,2,53.4,-8.72,6.91,1
VID_ (10),3,6,3,17.83,-7.24,-3.83,1
VID_ (10),3,6,4,52.63,-9.01,7.23,1
VID_ (10),3,6,5,52.61,-7.28,8.87,1
VID_ (10),3,6,6,5.04,-12.86,0.42,1
VID_ (10),3,6,7,51.67,-9.99,6.3,1
VID_ (10),3,7,0,52.63,-9.01,7.23,1
VID_ (10),3,7,1,52.61,-7.28,8.87,1
VID_ (10),3,7,2,5.04,-12.86,0.42,1
VID_ (10),3,7,3,51.67,-9.99,6.3,1
VID_ (10),3,7,4,-11.68,-10.48,-2.57,1
VID_ (10),3,7,5,55.44,-8.55,8.01,1
VID_ (10),3,7,6,52.31,-11.17,6.16,1
VID_ (10),3,7,7,5.88,-11.39,-2.81,1
VID_ (10),3,8,0,-11.68,-10.48,-2.57,1
VID_ (10),3,8,1,55.44,-8.55,8.01,1
VID_ (10),3,8,2,52.31,-11.17,6.16,1
VID_ (10),3,8,3,5.88,-11.39,-2.81,1
VID_ (10),3,8,4,-11.53,-9.95,0.29,1
VID_ (10),3,8,5,27.35,-12.41,5.65,1
VID_ (10),3,8,6,-26.21,-3.84,-2.3,1
VID_ (10),3,8,7,56.25,-6.39,11.23,1
VID_ (10),3,9,0,-11.53,-9.95,0.29,1
VID_ (10),3,9,1,27.35,-12.41,5.65,1
VID_ (10),3,9,2,-26.21,-3.84,-2.3,1
VID_ (10),3,9,3,56.25,-6.39,11.23,1
VID_ (10),3,9,4,54.3,-8.99,7.84,1
VID_ (10),3,9,5,60.12,-11.76,6.41,1
VID_ (10),3,9,6,57.61,-11.53,6.84,1
VID_ (10),3,9,7,53.76,-7.81,8.35,1
VID_ (10),3,10,0,54.3,-8.99,7.84,1
VID_ (10),3,10,1,60.12,-11.76,6.41,1
VID_ (10),3,10,2,57.61,-11.53,6.84,1
VID_ (10),3,10,3,53.76,-7.81,8.35,1
VID_ (10),3,10,4,56.13,-7.73,2.62,1
VID_ (10),3,10,5,40.38,-10.91,1.14,1
VID_ (10),3,10,6,56.18,-8.32,9.25,1
VID_ (10),3,10,7,-38.93,-11.99,2.06,1
VID_ (10),3,11,0,56.13,-7.73,2.62,1
VID_ (10),3,11,1,40.38,-10.91,1.14,1
VID_ (10),3,11,2,56.18,-8.32,9.25,1
VID_ (10),3,11,3,-38.93,-11.99,2.06,1
VID_ (10),3,11,4,-52.8,-7.91,4.36,1
VID_ (10),3,11,5,63.54,1.72,17.65,1
VID_ (10),3,11,6,55.32,-6.47,9.73,1
VID_ (10),3,11,7,56.4,-9.75,7.96,1
VID_ (10),3,12,0,-52.8,-7.91,4.36,1
VID_ (10),3,12,1,63.54,1.72,17.65,1
VID_ (10),3,12,2,55.32,-6.47,9.73,1
VID_ (10),3,12,3,56.4,-9.75,7.96,1
VID_ (10),3,12,4,54.02,-5.9,10.27,1
VID_ (10),3,12,5,54.95,-4.46,11.07,1
VID_ (10),3,12,6,57.33,-3.8,10.65,1
VID_ (10),3,12,7,54.19,-8.78,9.53,1
VID_ (10),3,13,0,54.02,-5.9,10.27,1
VID_ (10),3,13,1,54.95,-4.46,11.07,1
VID_ (10),3,13,2,57.33,-3.8,10.65,1
VID_ (10),3,13,3,54.19,-8.78,9.53,1
VID_ (10),3,13,4,55.91,-3.13,12.07,1
VID_ (10),3,13,5,54.08,-7.9,8.66,1
VID_ (10),3,13,6,55.93,-10.5,6.74,1
VID_ (10),3,13,7,56.98,-2.75,14.83,1
VID_ (10),4,0,0,-67.08,2.25,-14.11,1
VID_ (10),4,0,1,-68.4,6.38,-18.85,1
VID_ (10),4,0,2,-66.7,7.85,-18.37,1
VID_ (10),4,0,3,-68.88,4.45,-19.09,1
VID_ (10),4,0,4,-68.47,2.65,-15.89,1
VID_ (10),4,0,5,-69.48,1.04,-13.57,1
VID_ (10),4,0,6,-69.25,-1.99,-11.32,1
VID_ (10),4,0,7,-68.5,-0.46,-11.44,1
VID_ (10),4,1,0,-68.47,2.65,-15.89,1
VID_ (10),4,1,1,-69.48,1.04,-13.57,1
VID_ (10),4,1,2,-69.25,-1.99,-11.32,1
VID_ (10),4,1,3,-68.5,-0.46,-11.44,1
VID_ (10),4,1,4,-70.19,-2.08,-12.16,1
VID_ (10),4,1,5,-69.58,-2.06,-12.85,1
VID_ (10),4,1,6,-71.02,0.6,-17.22,1
VID_ (10),4,1,7,-71.29,3.71,-17.4,1
VID_ (10),4,2,0,-70.19,-2.08,-12.16,1
VID_ (10),4,2,1,-69.58,-2.06,-12.85,1
VID_ (10),4,2,2,-71.02,0.6,-17.22,1
VID_ (10),4,2,3,-71.29,3.71,-17.4,1
VID_ (10),4,2,4,-69.04,-2.19,-11.12,1
VID_ (10),4,2,5,-70.45,-7.4,-7.73,1
VID_ (10),4,2,6,-71.56,5.62,-20.18,1
VID_ (10),4,2,7,-73.92,-3.37,-12.44,1
VID_ (10),4,3,0,-69.04,-2.19,-11.12,1
VID_ (10),4,3,1,-70.45,-7.4,-7.73,1
VID_ (10),4,3,2,-71.56,5.62,-20.18,1
VID_ (10),4,3,3,-73.92,-3.37,-12.44,1
VID_ (10),4,3,4,-74.6,5.17,-22.06,1
VID_ (10),4,3,5,-73.5,6.63,-23.4,1
VID_ (10),4,3,6,-71.07,7.17,-23.45,1
VID_ (10),4,3,7,-72.12,8.13,-23.63,1
VID_ (10),4,4,0,-74.6,5.17,-22.06,1
VID_ (10),4,4,1,-73.5,6.63,-23.4,1
VID_ (10),4,4,2,-71.07,7.17,-23.45,1
VID_ (10),4,4,3,-72.12,8.13,-23.63,1
VID_ (10),4,4,4,-73.43,0.67,-18.16,1
VID_ (10),4,4,5,-75.58,2.35,-18.95,1
VID_ (10),4,4,6,-77.27,12.85,-30.39,1
VID_ (10),4,4,7,-69.7,8.45,-25.24,1
VID_ (10),4,5,0,-73.43,0.67,-18.16,1
VID_ (10),4,5,1,-75.58,2.35,-18.95,1
VID_ (10),4,5,2,-77.27,12.85,-30.39,1
VID_ (10),4,5,3,-69.7,8.45,-25.24,1
VID_ (10),4,5,4,-63.75,-5.9,-7.68,1
VID_ (10),4,5,5,-76.61,3.99,-19.64,1
VID_ (10),4,5,6,-76.47,-3.39,-16.36,1
VID_ (10),4,5,7,-77.55,-1.94,-17.25,1
VID_ (10),4,6,0,-63.75,-5.9,-7.68,1
VID_ (10),4,6,1,-76.61,3.99,-19.64,1
VID_ (10),4,6,2,-76.47,-3.39,-16.36,1
VID_ (10),4,6,3,-77.55,-1.94,-17.25,1
VID_ (10),4,6,4,-78.53,2.49,-21.29,1
VID_ (10),4,6,5,-75.4,14.48,-31.83,1
VID_ (10),4,6,6,-75.78,5.94,-23.54,1
VID_ (10),4,6,7,-70.56,5.92,-22.3,1
VID_ (10),4,7,0,-78.53,2.49,-21.29,1
VID_ (10),4,7,1,-75.4,14.48,-31.83,1
VID_ (10),4,7,2,-75.78,5.94,-23.54,1
VID_ (10),4,7,3,-70.56,5.92,-22.3,1
VID_ (10),4,7,4,-73.93,14.4,-30.71,1
VID_ (10),4,7,5,-78.53,17.66,-33.53,1
VID_ (10),4,7,6,-72.2,12.25,-29.09,1
VID_ (10),4,7,7,-78.8,11.26,-28.45,1
VID_ (10),4,8,0,-73.93,14.4,-30.71,1
VID_ (10),4,8,1,-78.53,17.66,-33.53,1
VID_ (10),4,8,2,-72.2,12.25,-29.09,1
VID_ (10),4,8,3,-78.8,11.26,-28.45,1
VID_ (10),4,8,4,-78.6,2.25,-20.53,1
VID_ (10),4,8,5,-76.56,9.55,-27.53,1
VID_ (10),4,8,6,-74.37,1.6,-19.5,1
VID_ (10),4,8,7,-77.63,-6.48,-12.69,1
VID_ (10),4,9,0,-78.6,2.25,-20.53,1
VID_ (10),4,9,1,-76.56,9.55,-27.53,1
VID_ (10),4,9,2,-74.37,1.6,-19.5,1
VID_ (10),4,9,3,-77.63,-6.48,-12.69,1
VID_ (10),4,9,4,-74.8,8.12,-25.27,1
VID_ (10),4,9,5,-76.75,1.55,-21.08,1
VID_ (10),4,9,6,-75.59,8.61,-27.82,1
VID_ (10),4,9,7,-75.34,9.3,-27.43,1
VID_ (10),4,10,0,-74.8,8.12,-25.27,1
VID_ (10),4,10,1,-76.75,1.55,-21.08,1
VID_ (10),4,10,2,-75.59,8.61,-27.82,1
VID_ (10),4,10,3,-75.34,9.3,-27.43,1
VID_ (10),4,10,4,-75.16,7.0,-24.98,1
VID_ (10),4,10,5,-75.6,10.22,-28.39,1
VID_ (10),4,10,6,-75.01,7.08,-25.42,1
VID_ (10),4,10,7,-75.89,2.96,-22.54,1
VID_ (10),4,11,0,-75.16,7.0,-24.98,1
VID_ (10),4,11,1,-75.6,10.22,-28.39,1
VID_ (10),4,11,2,-75.01,7.08,-25.42,1
VID_ (10),4,11,3,-75.89,2.96,-22.54,1
VID_ (10),4,11,4,-67.94,12.2,-24.54,1
VID_ (10),4,11,5,-76.67,9.09,-27.74,1
VID_ (10),4,11,6,-72.54,13.61,-27.72,1
VID_ (10),4,11,7,-75.67,21.99,-38.16,1
VID_ (10),4,12,0,-67.94,12.2,-24.54,1
VID_ (10),4,12,1,-76.67,9.09,-27.74,1
VID_ (10),4,12,2,-72.54,13.61,-27.72,1
VID_ (10),4,12,3,-75.67,21.99,-38.16,1
VID_ (10),4,12,4,-70.73,7.45,-23.16,1
VID_ (10),4,12,5,-75.18,10.68,-26.43,1
VID_ (10),4,12,6,-76.39,16.12,-30.75,1
VID_ (10),4,12,7,-75.13,10.35,-23.43,1
VID_ (10),4,13,0,-70.73,7.45,-23.16,1
VID_ (10),4,13,1,-75.18,10.68,-26.43,1
VID_ (10),4,13,2,-76.39,16.12,-30.75,1
VID_ (10),4,13,3,-75.13,10.35,-23.43,1
VID_ (10),4,13,4,-76.74,10.21,-26.2,1
VID_ (10),4,13,5,-74.76,8.76,-22.99,1
VID_ (10),4,13,6,-72.29,5.31,-19.92,1
VID_ (10),4,13,7,-75.12,3.77,-18.83,1
VID_ (10),5,0,0,,,,0
VID_ (10),5,0,1,,,,0
VID_ (10),5,0,2,,,,0
VID_ (10),5,0,3,,,,0
VID_ (10),5,0,4,,,,0
VID_ (10),5,0,5,,,,0
VID_ (10),5,0,6,,,,0
VID_ (10),5,0,7,,,,0
VID_ (10),5,1,0,,,,0
VID_ (10),5,1,1,,,,0
VID_ (10),5,1,2,,,,0
VID_ (10),5,1,3,,,,0
VID_ (10),5,1,4,,,,0
VID_ (10),5,1,5,,,,0
VID_ (10),5,1,6,,,,0
VID_ (10),5,1,7,,,,0
VID_ (10),5,2,0,,,,0
VID_ (10),5,2,1,,,,0
VID_ (10),5,2,2,,,,0
VID_ (10),5,2,3,,,,0
VID_ (10),5,2,4,,,,0
VID_ (10),5,2,5,,,,0
VID_ (10),5,2,6,,,,0
VID_ (10),5,2,7,,,,0
VID_ (10),5,3,0,,,,0
VID_ (10),5,3,1,,,,0
VID_ (10),5,3,2,,,,0
VID_ (10),5,3,3,,,,0
VID_ (10),5,3,4,,,,0
VID_ (10),5,3,5,,,,0
VID_ (10),5,3,6,,,,0
VID_ (10),5,3,7,,,,0
VID_ (10),5,4,0,,,,0
VID_ (10),5,4,1,,,,0
VID_ (10),5,4,2,,,,0
VID_ (10),5,4,3,,,,0
VID_ (10),5,4,4,,,,0
VID_ (10),5,4,5,,,,0
VID_ (10),5,4,6,,,,0
VID_ (10),5,4,7,,,,0
VID_ (10),5,5,0,,,,0
VID_ (10),5,5,1,,,,0
VID_ (10),5,5,2,,,,0
VID_ (10),5,5,3,,,,0
VID_ (10),5,5,4,,,,0
VID_ (10),5,5,5,,,,0
VID_ (10),5,5,6,,,,0
VID_ (10),5,5,7,,,,0
VID_ (10),5,6,0,,,,0
VID_ (10),5,6,1,,,,0
VID_ (10),5,6,2,,,,0
VID_ (10),5,6,3,,,,0
VID_ (10),5,6,4,,,,0
VID_ (10),5,6,5,,,,0
VID_ (10),5,6,6,,,,0
VID_ (10),5,6,7,,,,0
VID_ (10),5,7,0,,,,0
VID_ (10),5,7,1,,,,0
VID_ (10),5,7,2,,,,0
VID_ (10),5,7,3,,,,0
VID_ (10),5,7,4,,,,0
VID_ (10),5,7,5,,,,0
VID_ (10),5,7,6,,,,0
VID_ (10),5,7,7,,,,0
VID_ (10),5,8,0,,,,0
VID_ (10),5,8,1,,,,0
VID_ (10),5,8,2,,,,0
VID_ (10),5,8,3,,,,0
VID_ (10),5,8,4,,,,0
VID_ (10),5,8,5,,,,0
VID_ (10),5,8,6,,,,0
VID_ (10),5,8,7,,,,0
VID_ (10),5,9,0,,,,0
VID_ (10),5,9,1,,,,0
VID_ (10),5,9,2,,,,0
VID_ (10),5,9,3,,,,0
VID_ (10),5,9,4,,,,0
VID_ (10),5,9,5,,,,0
VID_ (10),5,9,6,,,,0
VID_ (10),5,9,7,,,,0
VID_ (10),5,10,0,,,,0
VID_ (10),5,10,1,,,,0
VID_ (10),5,10,2,,,,0
VID_ (10),5,10,3,,,,0
VID_ (10),5,10,4,,,,0
VID_ (10),5,10,5,,,,0
VID_ (10),5,10,6,,,,0
VID_ (10),5,10,7,,,,0
VID_ (10),5,11,0,,,,0
VID_ (10),5,11,1,,,,0
VID_ (10),5,11,2,,,,0
VID_ (10),5,11,3,,,,0
VID_ (10),5,11,4,,,,0
VID_ (10),5,11,5,,,,0
VID_ (10),5,11,6,,,,0
VID_ (10),5,11,7,,,,0
VID_ (10),5,12,0,,,,0
VID_ (10),5,12,1,,,,0
VID_ (10),5,12,2,,,,0
VID_ (10),5,12,3,,,,0
VID_ (10),5,12,4,,,,0
VID_ (10),5,12,5,,,,0
VID_ (10),5,12,6,,,,0
VID_ (10),5,12,7,,,,0
VID_ (10),5,13,0,,,,0
VID_ (10),5,13,1,,,,0
VID_ (10),5,13,2,,,,0
VID_ (10),5,13,3,,,,0
VID_ (10),5,13,4,,,,0
VID_ (10),5,13,5,,,,0
VID_ (10),5,13,6,,,,0
VID_ (10),5,13,7,,,,0
VID_ (10),6,0,0,,,,0
VID_ (10),6,0,1,,,,0
VID_ (10),6,0,2,,,,0
VID_ (10),6,0,3,,,,0
VID_ (10),6,0,4,,,,0
VID_ (10),6,0,5,,,,0
VID_ (10),6,0,6,,,,0
VID_ (10),6,0,7,,,,0
VID_ (10),6,1,0,,,,0
VID_ (10),6,1,1,,,,0
VID_ (10),6,1,2,,,,0
VID_ (10),6,1,3,,,,0
VID_ (10),6,1,4,,,,0
VID_ (10),6,1,5,,,,0
VID_ (10),6,1,6,,,,0
VID_ (10),6,1,7,,,,0
VID_ (10),6,2,0,,,,0
VID_ (10),6,2,1,,,,0
VID_ (10),6,2,2,,,,0
VID_ (10),6,2,3,,,,0
VID_ (10),6,2,4,,,,0
VID_ (10),6,2,5,,,,0
VID_ (10),6,2,6,,,,0
VID_ (10),6,2,7,,,,0
VID_ (10),6,3,0,,,,0
VID_ (10),6,3,1,,,,0
VID_ (10),6,3,2,,,,0
VID_ (10),6,3,3,,,,0
VID_ (10),6,3,4,,,,0
VID_ (10),6,3,5,,,,0
VID_ (10),6,3,6,-59.5,4.01,0.91,1
VID_ (10),6,3,7,-61.59,-8.28,11.57,1
VID_ (10),6,4,0,,,,0
VID_ (10),6,4,1,,,,0
VID_ (10),6,4,2,-59.5,4.01,0.91,1
VID_ (10),6,4,3,-61.59,-8.28,11.57,1
VID_ (10),6,4,4,-67.29,-12.55,18.84,1
VID_ (10),6,4,5,-64.32,6.9,4.51,1
VID_ (10),6,4,6,-62.73,11.61,-4.56,1
VID_ (10),6,4,7,-47.93,11.64,-3.15,1
VID_ (10),6,5,0,-67.29,-12.55,18.84,1
VID_ (10),6,5,1,-64.32,6.9,4.51,1
VID_ (10),6,5,2,-62.73,11.61,-4.56,1
VID_ (10),6,5,3,-47.93,11.64,-3.15,1
VID_ (10),6,5,4,-51.12,8.43,-1.97,1
VID_ (10),6,5,5,-57.77,3.86,-1.68,1
VID_ (10),6,5,6,-44.89,6.79,1.33,1
VID_ (10),6,5,7,-27.23,3.59,-1.19,1
VID_ (10),6,6,0,-51.12,8.43,-1.97,1
VID_ (10),6,6,1,-57.77,3.86,-1.68,1
VID_ (10),6,6,2,-44.89,6.79,1.33,1
VID_ (10),6,6,3,-27.23,3.59,-1.19,1
VID_ (10),6,6,4,-37.43,11.8,-5.74,1
VID_ (10),6,6,5,-47.47,17.85,-9.67,1
VID_ (10),6,6,6,-52.6,18.45,-7.04,1
VID_ (10),6,6,7,-39.24,4.38,3.47,1
VID_ (10),6,7,0,-37.43,11.8,-5.74,1
VID_ (10),6,7,1,-47.47,17.85,-9.67,1
VID_ (10),6,7,2,-52.6,18.45,-7.04,1
VID_ (10),6,7,3,-39.24,4.38,3.47,1
VID_ (10),6,7,4,-36.69,5.9,3.19,1
VID_ (10),6,7,5,-35.79,2.69,2.86,1
VID_ (10),6,7,6,-25.36,1.39,5.14,1
VID_ (10),6,7,7,-25.94,2.09,0.22,1
VID_ (10),6,8,0,-36.69,5.9,3.19,1
VID_ (10),6,8,1,-35.79,2.69,2.86,1
VID_ (10),6,8,2,-25.36,1.39,5.14,1
VID_ (10),6,8,3,-25.94,2.09,0.22,1
VID_ (10),6,8,4,-26.34,5.03,-2.52,1
VID_ (10),6,8,5,-24.89,5.96,-6.35,1
VID_ (10),6,8,6,-78.03,47.76,-63.33,1
VID_ (10),6,8,7,-79.64,50.2,-67.65,1
VID_ (10),7,0,0,47.2,-15.14,10.9,1
VID_ (10),7,0,1,58.05,-6.8,7.9,1
VID_ (10),7,0,2,54.71,-8.04,7.67,1
VID_ (10),7,0,3,55.75,-5.4,8.39,1
VID_ (10),7,0,4,52.26,-5.39,8.14,1
VID_ (10),7,0,5,61.43,-29.42,13.57,1
VID_ (10),7,0,6,69.11,-0.56,44.22,1
VID_ (10),7,0,7,64.27,-30.93,11.05,1
VID_ (10),8,0,0,63.07,20.68,42.81,1
VID_ (10),8,0,1,39.9,9.27,34.66,1
VID_ (10),8,0,2,48.98,20.88,42.83,1
VID_ (10),8,0,3,47.9,19.49,46.53,1
VID_ (10),8,0,4,48.88,21.45,50.1,1
VID_ (10),8,0,5,51.59,28.04,56.11,1
VID_ (10),8,0,6,58.41,31.97,61.95,1
VID_ (10),8,0,7,61.15,33.61,62.23,1
VID_ (10),8,1,0,48.88,21.45,50.1,1
VID_ (10),8,1,1,51.59,28.04,56.11,1
VID_ (10),8,1,2,58.41,31.97,61.95,1
VID_ (10),8,1,3,61.15,33.61,62.23,1
VID_ (10),8,1,4,65.58,32.54,63.2,1
VID_ (10),8,1,5,66.9,31.14,59.37,1
VID_ (10),8,1,6,67.52,28.52,55.64,1
VID_ (10),8,1,7,71.79,30.72,56.18,1
VID_ (10),9,0,0,,,,0
VID_ (10),9,0,1,,,,0
VID_ (10),9,0,2,,,,0
VID_ (10),9,0,3,,,,0
VID_ (10),9,0,4,,,,0
VID_ (10),9,0,5,,,,0
VID_ (10),9,0,6,,,,0
VID_ (10),9,0,7,,,,0
VID_ (11),1,0,0,-84.76,16.5,-26.59,1
VID_ (11),1,0,1,-84.31,13.93,-23.39,1
VID_ (11),1,0,2,-84.84,10.84,-20.85,1
VID_ (11),1,0,3,-83.75,22.43,-36.57,1
VID_ (11),1,0,4,-82.24,-0.28,-12.54,1
VID_ (11),1,0,5,-83.25,-6.28,-8.87,1
VID_ (11),1,0,6,-84.36,12.58,-27.47,1
VID_ (11),1,0,7,-84.85,4.23,-18.57,1
VID_ (11),1,1,0,-82.24,-0.28,-12.54,1
VID_ (11),1,1,1,-83.25,-6.28,-8.87,1
VID_ (11),1,1,2,-84.36,12.58,-27.47,1
VID_ (11),1,1,3,-84.85,4.23,-18.57,1
VID_ (11),1,1,4,-83.65,4.28,-17.89,1
VID_ (11),1,1,5,-84.69,4.75,-19.09,1
VID_ (11),1,1,6,-84.73,10.18,-25.0,1
VID_ (11),1,1,7,-84.67,12.61,-27.06,1
VID_ (11),1,2,0,-83.65,4.28,-17.89,1
VID_ (11),1,2,1,-84.69,4.75,-19.09,1
VID_ (11),1,2,2,-84.73,10.18,-25.0,1
VID_ (11),1,2,3,-84.67,12.61,-27.06,1
VID_ (11),1,2,4,-84.64,13.81,-28.03,1
VID_ (11),1,2,5,-84.74,11.75,-26.12,1
VID_ (11),1,2,6,-84.36,5.57,-18.72,1
VID_ (11),1,2,7,-84.87,15.92,-27.61,1
VID_ (11),1,3,0,-84.64,13.81,-28.03,1
VID_ (11),1,3,1,-84.74,11.75,-26.12,1
VID_ (11),1,3,2,-84.36,5.57,-18.72,1
VID_ (11),1,3,3,-84.87,15.92,-27.61,1
VID_ (11),1,3,4,-84.84,-1.73,-7.84,1
VID_ (11),1,3,5,-83.68,-23.47,20.59,1
VID_ (11),1,3,6,-85.6,-3.71,-1.39,1
VID_ (11),1,3,7,-84.43,-7.47,-0.47,1
VID_ (11),1,4,0,-84.84,-1.73,-7.84,1
VID_ (11),1,4,1,-83.68,-23.47,20.59,1
VID_ (11),1,4,2,-85.6,-3.71,-1.39,1
VID_ (11),1,4,3,-84.43,-7.47,-0.47,1
VID_ (11),1,4,4,-82.36,12.39,-25.78,1
VID_ (11),1,4,5,-84.68,0.83,-10.4,1
VID_ (11),1,4,6,-82.76,16.98,-31.59,1
VID_ (11),1,4,7,-84.64,32.36,-45.77,1
VID_ (11),1,5,0,-82.36,12.39,-25.78,1
VID_ (11),1,5,1,-84.68,0.83,-10.4,1
VID_ (11),1,5,2,-82.76,16.98,-31.59,1
VID_ (11),1,5,3,-84.64,32.36,-45.77,1
VID_ (11),1,5,4,-85.18,5.46,-15.13,1
VID_ (11),1,5,5,-82.15,-12.7,-2.72,1
VID_ (11),1,5,6,-80.94,-8.49,-7.92,1
VID_ (11),1,5,7,-81.34,-2.02,-15.25,1
VID_ (11),1,6,0,-85.18,5.46,-15.13,1
VID_ (11),1,6,1,-82.15,-12.7,-2.72,1
VID_ (11),1,6,2,-80.94,-8.49,-7.92,1
VID_ (11),1,6,3,-81.34,-2.02,-15.25,1
VID_ (11),1,6,4,-82.86,1.44,-18.24,1
VID_ (11),1,6,5,-81.37,-4.92,-12.1,1
VID_ (11),1,6,6,-80.26,12.97,-22.26,1
VID_ (11),1,6,7,-81.55,-5.21,-14.08,1
VID_ (11),1,7,0,-82.86,1.44,-18.24,1
VID_ (11),1,7,1,-81.37,-4.92,-12.1,1
VID_ (11),1,7,2,-80.26,12.97,-22.26,1
VID_ (11),1,7,3,-81.55,-5.21,-14.08,1
VID_ (11),1,7,4,-84.99,7.56,-19.47,1
VID_ (11),1,7,5,-84.3,10.41,-22.37,1
VID_ (11),1,7,6,,,,0
VID_ (11),1,7,7,-73.99,10.18,-20.79,1
VID_ (11),1,8,0,-84.99,7.56,-19.47,1
VID_ (11),1,8,1,-84.3,10.41,-22.37,1
VID_ (11),1,8,2,,,,0
VID_ (11),1,8,3,-73.99,10.18,-20.79,1
VID_ (11),1,8,4,,,,0
VID_ (11),1,8,5,,,,0
VID_ (11),1,8,6,,,,0
VID_ (11),1,8,7,,,,0
VID_ (11),1,9,0,,,,0
VID_ (11),1,9,1,,,,0
VID_ (11),1,9,2,,,,0
VID_ (11),1,9,3,,,,0
VID_ (11),1,9,4,,,,0
VID_ (11),1,9,5,,,,0
VID_ (11),1,9,6,,,,0
VID_ (11),1,9,7,,,,0
VID_ (11),1,10,0,,,,0
VID_ (11),1,10,1,,,,0
VID_ (11),1,10,2,,,,0
VID_ (11),1,10,3,,,,0
VID_ (11),1,10,4,,,,0
VID_ (11),1,10,5,,,,0
VID_ (11),1,10,6,,,,0
VID_ (11),1,10,7,,,,0
VID_ (11),1,11,0,,,,0
VID_ (11),1,11,1,,,,0
VID_ (11),1,11,2,,,,0
VID_ (11),1,11,3,,,,0
VID_ (11),1,11,4,,,,0
VID_ (11),1,11,5,,,,0
VID_ (11),1,11,6,-74.71,55.48,-78.87,1
VID_ (11),1,11,7,-72.97,72.35,-93.81,1
VID_ (11),1,12,0,,,,0
VID_ (11),1,12,1,,,,0
VID_ (11),1,12,2,-74.71,55.48,-78.87,1
VID_ (11),1,12,3,-72.97,72.35,-93.81,1
VID_ (11),1,12,4,-79.7,54.84,-77.7,1
VID_ (11),1,12,5,-80.33,29.6,-54.49,1
VID_ (11),1,12,6,-79.21,8.14,-32.53,1
VID_ (11),1,12,7,-81.07,17.27,-40.63,1
VID_ (11),1,13,0,-79.7,54.84,-77.7,1
VID_ (11),1,13,1,-80.33,29.6,-54.49,1
VID_ (11),1,13,2,-79.21,8.14,-32.53,1
VID_ (11),1,13,3,-81.07,17.27,-40.63,1
VID_ (11),1,13,4,-82.36,19.85,-39.79,1
VID_ (11),1,13,5,-82.83,28.34,-48.95,1
VID_ (11),1,13,6,-81.66,30.26,-51.85,1
VID_ (11),1,13,7,-83.69,21.95,-37.86,1
VID_ (11),1,14,0,-82.36,19.85,-39.79,1
VID_ (11),1,14,1,-82.83,28.34,-48.95,1
VID_ (11),1,14,2,-81.66,30.26,-51.85,1
VID_ (11),1,14,3,-83.69,21.95,-37.86,1
VID_ (11),1,14,4,-84.08,24.19,-39.58,1
VID_ (11),1,14,5,-81.9,47.41,-63.83,1
VID_ (11),1,14,6,-82.7,32.66,-50.06,1
VID_ (11),1,14,7,-81.68,34.99,-51.96,1
VID_ (11),10,0,0,65.48,50.94,85.17,1
VID_ (11),10,0,1,,,,0
VID_ (11),10,0,2,65.49,47.79,83.16,1
VID_ (11),10,0,3,65.91,50.18,85.24,1
VID_ (11),10,0,4,66.18,38.57,75.78,1
VID_ (11),10,0,5,67.32,53.36,88.83,1
VID_ (11),10,0,6,65.76,47.33,82.78,1
VID_ (11),10,0,7,66.17,52.98,88.21,1
VID_ (11),11,0,0,-78.84,-17.42,1.03,1
VID_ (11),11,0,1,-81.22,-17.06,1.42,1
VID_ (11),11,0,2,-84.75,4.9,-16.27,1
VID_ (11),11,0,3,-84.02,18.98,-30.33,1
VID_ (11),11,0,4,-84.54,20.19,-32.59,1
VID_ (11),11,0,5,-83.83,19.36,-31.3,1
VID_ (11),11,0,6,-80.88,12.91,-23.07,1
VID_ (11),11,0,7,-80.24,11.31,-21.31,1
VID_ (11),11,1,0,-84.54,20.19,-32.59,1
VID_ (11),11,1,1,-83.83,19.36,-31.3,1
VID_ (11),11,1,2,-80.88,12.91,-23.07,1
VID_ (11),11,1,3,-80.24,11.31,-21.31,1
VID_ (11),11,1,4,-85.63,13.32,-25.38,1
VID_ (11),11,1,5,-85.62,20.94,-32.42,1
VID_ (11),11,1,6,-72.36,-0.09,-22.07,1
VID_ (11),11,1,7,-75.77,5.73,-29.91,1
VID_ (11),11,2,0,-85.63,13.32,-25.38,1
VID_ (11),11,2,1,-85.62,20.94,-32.42,1
VID_ (11),11,2,2,-72.36,-0.09,-22.07,1
VID_ (11),11,2,3,-75.77,5.73,-29.91,1
VID_ (11),11,2,4,-40.89,21.17,-7.7,1
VID_ (11),11,2,5,-40.08,10.38,-17.09,1
VID_ (11),11,2,6,,,,0
VID_ (11),11,2,7,,,,0
VID_ (11),11,3,0,-40.89,21.17,-7.7,1
VID_ (11),11,3,1,-40.08,10.38,-17.09,1
VID_ (11),11,3,2,,,,0
VID_ (11),11,3,3,,,,0
VID_ (11),11,3,4,-67.84,-31.79,20.49,1
VID_ (11),11,3,5,-67.8,-24.59,13.09,1
VID_ (11),11,3,6,-65.2,-28.89,15.82,1
VID_ (11),11,3,7,,,,0
VID_ (11),12,0,0,66.27,49.87,84.29,1
VID_ (11),12,0,1,66.32,46.32,81.61,1
VID_ (11),12,0,2,,,,0
VID_ (11),12,0,3,68.62,54.29,88.8,1
VID_ (11),12,0,4,69.82,53.86,89.54,1
VID_ (11),12,0,5,69.62,44.81,81.44,1
VID_ (11),12,0,6,,,,0
VID_ (11),12,0,7,65.7,43.45,79.9,1
VID_ (11),13,0,0,,,,0
VID_ (11),13,0,1,,,,0
VID_ (11),13,0,2,,,,0
VID_ (11),13,0,3,,,,0
VID_ (11),13,0,4,,,,0
VID_ (11),13,0,5,,,,0
VID_ (11),13,0,6,,,,0
VID_ (11),13,0,7,,,,0
VID_ (11),13,1,0,,,,0
VID_ (11),13,1,1,,,,0
VID_ (11),13,1,2,,,,0
VID_ (11),13,1,3,,,,0
VID_ (11),13,1,4,-46.5,-16.35,9.71,1
VID_ (11),13,1,5,-51.7,-13.96,11.62,1
VID_ (11),13,1,6,-62.18,2.76,-5.89,1
VID_ (11),13,1,7,-57.48,18.51,-32.7,1
VID_ (11),2,0,0,67.17,51.03,86.17,1
VID_ (11),2,0,1,67.31,55.93,90.83,1
VID_ (11),2,0,2,66.21,57.73,91.46,1
VID_ (11),2,0,3,67.69,55.96,90.51,1
VID_ (11),2,0,4,65.63,60.64,94.09,1
VID_ (11),2,0,5,64.26,56.04,89.59,1
VID_ (11),2,0,6,65.08,55.23,90.13,1
VID_ (11),2,0,7,,,,0
VID_ (11),2,1,0,65.63,60.64,94.09,1
VID_ (11),2,1,1,64.26,56.04,89.59,1
VID_ (11),2,1,2,65.08,55.23,90.13,1
VID_ (11),2,1,3,,,,0
VID_ (11),2,1,4,65.14,53.85,87.78,1
VID_ (11),2,1,5,65.4,51.53,86.16,1
VID_ (11),2,1,6,65.31,47.56,83.27,1
VID_ (11),2,1,7,65.12,40.3,76.32,1
VID_ (11),2,2,0,65.14,53.85,87.78,1
VID_ (11),2,2,1,65.4,51.53,86.16,1
VID_ (11),2,2,2,65.31,47.56,83.27,1
VID_ (11),2,2,3,65.12,40.3,76.32,1
VID_ (11),2,2,4,66.06,42.82,79.27,1
VID_ (11),2,2,5,68.24,51.78,86.84,1
VID_ (11),2,2,6,67.54,58.87,93.32,1
VID_ (11),2,2,7,65.3,54.02,87.42,1
VID_ (11),2,3,0,66.06,42.82,79.27,1
VID_ (11),2,3,1,68.24,51.78,86.84,1
VID_ (11),2,3,2,67.54,58.87,93.32,1
VID_ (11),2,3,3,65.3,54.02,87.42,1
VID_ (11),2,3,4,66.97,49.9,85.94,1
VID_ (11),2,3,5,68.98,52.96,87.82,1
VID_ (11),2,3,6,68.23,66.25,99.67,1
VID_ (11),2,3,7,68.89,56.26,89.89,1
VID_ (11),2,4,0,66.97,49.9,85.94,1
VID_ (11),2,4,1,68.98,52.96,87.82,1
VID_ (11),2,4,2,68.23,66.25,99.67,1
VID_ (11),2,4,3,68.89,56.26,89.89,1
VID_ (11),2,4,4,67.46,63.42,95.89,1
VID_ (11),2,4,5,,,,0
VID_ (11),2,4,6,65.64,43.66,78.95,1
VID_ (11),2,4,7,66.0,56.15,89.69,1
VID_ (11),2,5,0,67.46,63.42,95.89,1
VID_ (11),2,5,1,,,,0
VID_ (11),2,5,2,65.64,43.66,78.95,1
VID_ (11),2,5,3,66.0,56.15,89.69,1
VID_ (11),2,5,4,66.53,53.8,89.0,1
VID_ (11),2,5,5,66.12,51.97,86.36,1
VID_ (11),2,5,6,67.17,53.26,88.5,1
VID_ (11),2,5,7,66.45,43.93,79.24,1
VID_ (11),2,6,0,66.53,53.8,89.0,1
VID_ (11),2,6,1,66.12,51.97,86.36,1
VID_ (11),2,6,2,67.17,53.26,88.5,1
VID_ (11),2,6,3,66.45,43.93,79.24,1
VID_ (11),2,6,4,65.61,53.19,87.29,1
VID_ (11),2,6,5,66.32,52.32,86.2,1
VID_ (11),2,6,6,65.82,41.63,76.26,1
VID_ (11),2,6,7,67.57,59.9,92.37,1
VID_ (11),2,7,0,65.61,53.19,87.29,1
VID_ (11),2,7,1,66.32,52.32,86.2,1
VID_ (11),2,7,2,65.82,41.63,76.26,1
VID_ (11),2,7,3,67.57,59.9,92.37,1
VID_ (11),2,7,4,66.31,59.76,93.58,1
VID_ (11),2,7,5,66.83,50.88,85.91,1
VID_ (11),2,7,6,66.72,58.14,92.17,1
VID_ (11),2,7,7,65.2,53.01,86.93,1
VID_ (11),2,8,0,66.31,59.76,93.58,1
VID_ (11),2,8,1,66.83,50.88,85.91,1
VID_ (11),2,8,2,66.72,58.14,92.17,1
VID_ (11),2,8,3,65.2,53.01,86.93,1
VID_ (11),2,8,4,65.67,49.09,83.85,1
VID_ (11),2,8,5,64.56,47.47,81.4,1
VID_ (11),2,8,6,65.57,53.09,86.72,1
VID_ (11),2,8,7,65.2,50.64,85.5,1
VID_ (11),2,9,0,65.67,49.09,83.85,1
VID_ (11),2,9,1,64.56,47.47,81.4,1
VID_ (11),2,9,2,65.57,53.09,86.72,1
VID_ (11),2,9,3,65.2,50.64,85.5,1
VID_ (11),2,9,4,66.23,51.2,86.24,1
VID_ (11),2,9,5,66.4,51.46,87.13,1
VID_ (11),2,9,6,66.57,46.11,81.26,1
VID_ (11),2,9,7,65.69,53.75,89.15,1
VID_ (11),2,10,0,66.23,51.2,86.24,1
VID_ (11),2,10,1,66.4,51.46,87.13,1
VID_ (11),2,10,2,66.57,46.11,81.26,1
VID_ (11),2,10,3,65.69,53.75,89.15,1
VID_ (11),2,10,4,65.79,51.12,85.91,1
VID_ (11),2,10,5,64.41,53.87,88.02,1
VID_ (11),2,10,6,65.75,46.03,82.13,1
VID_ (11),2,10,7,64.1,46.27,81.7,1
VID_ (11),2,11,0,65.79,51.12,85.91,1
VID_ (11),2,11,1,64.41,53.87,88.02,1
VID_ (11),2,11,2,65.75,46.03,82.13,1
VID_ (11),2,11,3,64.1,46.27,81.7,1
VID_ (11),2,11,4,65.79,43.06,79.19,1
VID_ (11),2,11,5,66.69,50.19,85.12,1
VID_ (11),2,11,6,65.86,46.64,83.8,1
VID_ (11),2,11,7,66.51,48.58,84.91,1
VID_ (11),2,12,0,65.79,43.06,79.19,1
VID_ (11),2,12,1,66.69,50.19,85.12,1
VID_ (11),2,12,2,65.86,46.64,83.8,1
VID_ (11),2,12,3,66.51,48.58,84.91,1
VID_ (11),2,12,4,66.72,49.51,85.75,1
VID_ (11),2,12,5,66.65,46.84,84.09,1
VID_ (11),2,12,6,66.39,46.29,84.19,1
VID_ (11),2,12,7,66.37,44.38,80.73,1
VID_ (11),2,13,0,66.72,49.51,85.75,1
VID_ (11),2,13,1,66.65,46.84,84.09,1
VID_ (11),2,13,2,66.39,46.29,84.19,1
VID_ (11),2,13,3,66.37,44.38,80.73,1
VID_ (11),2,13,4,66.32,43.26,79.28,1
VID_ (11),2,13,5,66.77,46.71,83.21,1
VID_ (11),2,13,6,66.87,49.04,85.52,1
VID_ (11),2,13,7,66.59,39.63,77.68,1
VID_ (11),2,14,0,66.32,43.26,79.28,1
VID_ (11),2,14,1,66.77,46.71,83.21,1
VID_ (11),2,14,2,66.87,49.04,85.52,1
VID_ (11),2,14,3,66.59,39.63,77.68,1
VID_ (11),2,14,4,68.58,45.9,82.31,1
VID_ (11),2,14,5,66.24,49.36,83.74,1
VID_ (11),2,14,6,67.51,39.57,79.77,1
VID_ (11),2,14,7,66.89,45.41,81.66,1
VID_ (11),3,0,0,-75.95,12.93,-25.3,1
VID_ (11),3,0,1,-74.9,25.69,-40.29,1
VID_ (11),3,0,2,-72.55,40.42,-55.85,1
VID_ (11),3,0,3,-72.28,36.81,-56.08,1
VID_ (11),3,0,4,-70.34,32.04,-51.76,1
VID_ (11),3,0,5,-71.95,28.32,-47.58,1
VID_ (11),3,0,6,-70.72,24.61,-42.33,1
VID_ (11),3,0,7,-72.33,29.77,-47.68,1
VID_ (11),3,1,0,-70.34,32.04,-51.76,1
VID_ (11),3,1,1,-71.95,28.32,-47.58,1
VID_ (11),3,1,2,-70.72,24.61,-42.33,1
VID_ (11),3,1,3,-72.33,29.77,-47.68,1
VID_ (11),3,1,4,-73.39,36.16,-52.89,1
VID_ (11),3,1,5,-71.6,35.83,-53.7,1
VID_ (11),3,1,6,-72.79,32.95,-50.62,1
VID_ (11),3,1,7,-72.97,32.9,-50.7,1
VID_ (11),3,2,0,-73.39,36.16,-52.89,1
VID_ (11),3,2,1,-71.6,35.83,-53.7,1
VID_ (11),3,2,2,-72.79,32.95,-50.62,1
VID_ (11),3,2,3,-72.97,32.9,-50.7,1
VID_ (11),3,2,4,-72.74,31.8,-49.59,1
VID_ (11),3,2,5,-73.72,30.37,-47.91,1
VID_ (11),3,2,6,-73.05,35.53,-53.34,1
VID_ (11),3,2,7,-72.27,36.4,-54.03,1
VID_ (11),3,3,0,-72.74,31.8,-49.59,1
VID_ (11),3,3,1,-73.72,30.37,-47.91,1
VID_ (11),3,3,2,-73.05,35.53,-53.34,1
VID_ (11),3,3,3,-72.27,36.4,-54.03,1
VID_ (11),3,3,4,-71.95,35.23,-52.94,1
VID_ (11),3,3,5,-74.39,34.61,-52.63,1
VID_ (11),3,3,6,-72.94,37.19,-55.86,1
VID_ (11),3,3,7,-72.88,33.49,-51.67,1
VID_ (11),3,4,0,-71.95,35.23,-52.94,1
VID_ (11),3,4,1,-74.39,34.61,-52.63,1
VID_ (11),3,4,2,-72.94,37.19,-55.86,1
VID_ (11),3,4,3,-72.88,33.49,-51.67,1
VID_ (11),3,4,4,-72.31,34.11,-52.4,1
VID_ (11),3,4,5,-73.41,32.39,-51.11,1
VID_ (11),3,4,6,-73.42,29.75,-50.12,1
VID_ (11),3,4,7,-74.9,36.39,-55.57,1
VID_ (11),3,5,0,-72.31,34.11,-52.4,1
VID_ (11),3,5,1,-73.41,32.39,-51.11,1
VID_ (11),3,5,2,-73.42,29.75,-50.12,1
VID_ (11),3,5,3,-74.9,36.39,-55.57,1
VID_ (11),3,5,4,-73.05,29.84,-47.89,1
VID_ (11),3,5,5,-74.14,30.78,-48.92,1
VID_ (11),3,5,6,-73.96,32.01,-50.14,1
VID_ (11),3,5,7,-74.68,31.17,-50.09,1
VID_ (11),3,6,0,-73.05,29.84,-47.89,1
VID_ (11),3,6,1,-74.14,30.78,-48.92,1
VID_ (11),3,6,2,-73.96,32.01,-50.14,1
VID_ (11),3,6,3,-74.68,31.17,-50.09,1
VID_ (11),3,6,4,-74.18,29.81,-48.29,1
VID_ (11),3,6,5,-74.82,32.79,-51.09,1
VID_ (11),3,6,6,-73.75,33.15,-51.99,1
VID_ (11),3,6,7,-73.42,32.9,-51.22,1
VID_ (11),3,7,0,-74.18,29.81,-48.29,1
VID_ (11),3,7,1,-74.82,32.79,-51.09,1
VID_ (11),3,7,2,-73.75,33.15,-51.99,1
VID_ (11),3,7,3,-73.42,32.9,-51.22,1
VID_ (11),3,7,4,-74.58,31.94,-50.08,1
VID_ (11),3,7,5,-74.81,30.01,-46.5,1
VID_ (11),3,7,6,-72.97,30.44,-47.94,1
VID_ (11),3,7,7,-73.13,28.12,-45.6,1
VID_ (11),3,8,0,-74.58,31.94,-50.08,1
VID_ (11),3,8,1,-74.81,30.01,-46.5,1
VID_ (11),3,8,2,-72.97,30.44,-47.94,1
VID_ (11),3,8,3,-73.13,28.12,-45.6,1
VID_ (11),3,8,4,-72.17,32.22,-48.94,1
VID_ (11),3,8,5,-73.6,33.1,-50.54,1
VID_ (11),3,8,6,-70.52,31.27,-48.43,1
VID_ (11),3,8,7,-71.31,31.92,-49.02,1
VID_ (11),3,9,0,-72.17,32.22,-48.94,1
VID_ (11),3,9,1,-73.6,33.1,-50.54,1
VID_ (11),3,9,2,-70.52,31.27,-48.43,1
VID_ (11),3,9,3,-71.31,31.92,-49.02,1
VID_ (11),3,9,4,-70.72,29.86,-47.38,1
VID_ (11),3,9,5,-68.95,28.8,-46.15,1
VID_ (11),3,9,6,-72.18,28.68,-46.82,1
VID_ (11),3,9,7,-70.01,28.41,-46.46,1
VID_ (11),3,10,0,-70.72,29.86,-47.38,1
VID_ (11),3,10,1,-68.95,28.8,-46.15,1
VID_ (11),3,10,2,-72.18,28.68,-46.82,1
VID_ (11),3,10,3,-70.01,28.41,-46.46,1
VID_ (11),3,10,4,-71.71,30.27,-48.13,1
VID_ (11),3,10,5,-69.77,21.61,-39.77,1
VID_ (11),3,10,6,-70.98,30.16,-47.56,1
VID_ (11),3,10,7,-70.98,28.8,-46.07,1
VID_ (11),3,11,0,-71.71,30.27,-48.13,1
VID_ (11),3,11,1,-69.77,21.61,-39.77,1
VID_ (11),3,11,2,-70.98,30.16,-47.56,1
VID_ (11),3,11,3,-70.98,28.8,-46.07,1
VID_ (11),3,11,4,-71.16,25.45,-43.06,1
VID_ (11),3,11,5,-70.66,35.78,-53.19,1
VID_ (11),3,11,6,-73.21,30.17,-47.61,1
VID_ (11),3,11,7,-74.12,34.37,-52.16,1
VID_ (11),3,12,0,-71.16,25.45,-43.06,1
VID_ (11),3,12,1,-70.66,35.78,-53.19,1
VID_ (11),3,12,2,-73.21,30.17,-47.61,1
VID_ (11),3,12,3,-74.12,34.37,-52.16,1
VID_ (11),3,12,4,-72.47,30.15,-48.2,1
VID_ (11),3,12,5,-72.83,31.7,-49.56,1
VID_ (11),3,12,6,-72.78,29.29,-47.74,1
VID_ (11),3,12,7,-73.35,26.62,-44.19,1
VID_ (11),3,13,0,-72.47,30.15,-48.2,1
VID_ (11),3,13,1,-72.83,31.7,-49.56,1
VID_ (11),3,13,2,-72.78,29.29,-47.74,1
VID_ (11),3,13,3,-73.35,26.62,-44.19,1
VID_ (11),3,13,4,-72.64,25.98,-43.88,1
VID_ (11),3,13,5,-74.0,32.11,-49.44,1
VID_ (11),3,13,6,-73.19,33.21,-50.83,1
VID_ (11),3,13,7,-72.1,30.31,-48.37,1
VID_ (11),3,14,0,-72.64,25.98,-43.88,1
VID_ (11),3,14,1,-74.0,32.11,-49.44,1
VID_ (11),3,14,2,-73.19,33.21,-50.83,1
VID_ (11),3,14,3,-72.1,30.31,-48.37,1
VID_ (11),3,14,4,-72.81,25.69,-44.21,1
VID_ (11),3,14,5,-71.81,20.09,-39.28,1
VID_ (11),3,14,6,-74.18,31.19,-49.26,1
VID_ (11),3,14,7,-73.01,28.43,-45.94,1
VID_ (11),4,0,0,,,,0
VID_ (11),4,0,1,,,,0
VID_ (11),4,0,2,,,,0
VID_ (11),4,0,3,,,,0
VID_ (11),4,0,4,,,,0
VID_ (11),4,0,5,,,,0
VID_ (11),4,0,6,,,,0
VID_ (11),4,0,7,,,,0
VID_ (11),4,1,0,,,,0
VID_ (11),4,1,1,,,,0
VID_ (11),4,1,2,,,,0
VID_ (11),4,1,3,,,,0
VID_ (11),4,1,4,,,,0
VID_ (11),4,1,5,,,,0
VID_ (11),4,1,6,,,,0
VID_ (11),4,1,7,,,,0
VID_ (11),4,2,0,,,,0
VID_ (11),4,2,1,,,,0
VID_ (11),4,2,2,,,,0
VID_ (11),4,2,3,,,,0
VID_ (11),4,2,4,,,,0
VID_ (11),4,2,5,,,,0
VID_ (11),4,2,6,,,,0
VID_ (11),4,2,7,,,,0
VID_ (11),4,3,0,,,,0
VID_ (11),4,3,1,,,,0
VID_ (11),4,3,2,,,,0
VID_ (11),4,3,3,,,,0
VID_ (11),4,3,4,,,,0
VID_ (11),4,3,5,,,,0
VID_ (11),4,3,6,,,,0
VID_ (11),4,3,7,,,,0
VID_ (11),4,4,0,,,,0
VID_ (11),4,4,1,,,,0
VID_ (11),4,4,2,,,,0
VID_ (11),4,4,3,,,,0
VID_ (11),4,4,4,,,,0
VID_ (11),4,4,5,,,,0
VID_ (11),4,4,6,,,,0
VID_ (11),4,4,7,,,,0
VID_ (11),4,5,0,,,,0
VID_ (11),4,5,1,,,,0
VID_ (11),4,5,2,,,,0
VID_ (11),4,5,3,,,,0
VID_ (11),4,5,4,,,,0
VID_ (11),4,5,5,,,,0
VID_ (11),4,5,6,,,,0
VID_ (11),4,5,7,,,,0
VID_ (11),4,6,0,,,,0
VID_ (11),4,6,1,,,,0
VID_ (11),4,6,2,,,,0
VID_ (11),4,6,3,,,,0
VID_ (11),4,6,4,,,,0
VID_ (11),4,6,5,,,,0
VID_ (11),4,6,6,,,,0
VID_ (11),4,6,7,,,,0
VID_ (11),4,7,0,,,,0
VID_ (11),4,7,1,,,,0
VID_ (11),4,7,2,,,,0
VID_ (11),4,7,3,,,,0
VID_ (11),4,7,4,,,,0
VID_ (11),4,7,5,,,,0
VID_ (11),4,7,6,,,,0
VID_ (11),4,7,7,,,,0
VID_ (11),4,8,0,,,,0
VID_ (11),4,8,1,,,,0
VID_ (11),4,8,2,,,,0
VID_ (11),4,8,3,,,,0
VID_ (11),4,8,4,,,,0
VID_ (11),4,8,5,,,,0
VID_ (11),4,8,6,,,,0
VID_ (11),4,8,7,,,,0
VID_ (11),4,9,0,,,,0
VID_ (11),4,9,1,,,,0
VID_ (11),4,9,2,,,,0
VID_ (11),4,9,3,,,,0
VID_ (11),4,9,4,,,,0
VID_ (11),4,9,5,,,,0
VID_ (11),4,9,6,,,,0
VID_ (11),4,9,7,,,,0
VID_ (11),4,10,0,,,,0
VID_ (11),4,10,1,,,,0
VID_ (11),4,10,2,,,,0
VID_ (11),4,10,3,,,,0
VID_ (11),4,10,4,,,,0
VID_ (11),4,10,5,,,,0
VID_ (11),4,10,6,,,,0
VID_ (11),4,10,7,,,,0
VID_ (11),4,11,0,,,,0
VID_ (11),4,11,1,,,,0
VID_ (11),4,11,2,,,,0
VID_ (11),4,11,3,,,,0
VID_ (11),4,11,4,,,,0
VID_ (11),4,11,5,,,,0
VID_ (11),4,11,6,,,,0
VID_ (11),4,11,7,,,,0
VID_ (11),4,12,0,,,,0
VID_ (11),4,12,1,,,,0
VID_ (11),4,12,2,,,,0
VID_ (11),4,12,3,,,,0
VID_ (11),4,12,4,,,,0
VID_ (11),4,12,5,,,,0
VID_ (11),4,12,6,,,,0
VID_ (11),4,12,7,,,,0
VID_ (11),4,13,0,,,,0
VID_ (11),4,13,1,,,,0
VID_ (11),4,13,2,,,,0
VID_ (11),4,13,3,,,,0
VID_ (11),4,13,4,,,,0
VID_ (11),4,13,5,,,,0
VID_ (11),4,13,6,,,,0
VID_ (11),4,13,7,,,,0
VID_ (11),4,14,0,,,,0
VID_ (11),4,14,1,,,,0
VID_ (11),4,14,2,,,,0
VID_ (11),4,14,3,,,,0
VID_ (11),4,14,4,,,,0
VID_ (11),4,14,5,,,,0
VID_ (11),4,14,6,,,,0
VID_ (11),4,14,7,,,,0
VID_ (11),5,0,0,61.67,20.27,53.55,1
VID_ (11),5,0,1,63.17,28.92,64.25,1
VID_ (11),5,0,2,64.45,34.5,71.62,1
VID_ (11),5,0,3,65.5,41.64,77.68,1
VID_ (11),5,0,4,67.36,43.97,78.46,1
VID_ (11),5,0,5,68.34,53.87,88.2,1
VID_ (11),5,0,6,67.14,50.15,85.6,1
VID_ (11),5,0,7,68.34,42.68,77.87,1
VID_ (11),5,1,0,67.36,43.97,78.46,1
VID_ (11),5,1,1,68.34,53.87,88.2,1
VID_ (11),5,1,2,67.14,50.15,85.6,1
VID_ (11),5,1,3,68.34,42.68,77.87,1
VID_ (11),5,1,4,66.64,42.64,78.21,1
VID_ (11),5,1,5,66.11,48.09,83.11,1
VID_ (11),5,1,6,67.71,51.23,86.74,1
VID_ (11),5,1,7,68.06,55.01,89.6,1
VID_ (11),5,2,0,66.64,42.64,78.21,1
VID_ (11),5,2,1,66.11,48.09,83.11,1
VID_ (11),5,2,2,67.71,51.23,86.74,1
VID_ (11),5,2,3,68.06,55.01,89.6,1
VID_ (11),5,2,4,68.58,54.99,90.42,1
VID_ (11),5,2,5,67.99,52.45,87.95,1
VID_ (11),5,2,6,65.08,49.4,84.57,1
VID_ (11),5,2,7,65.7,44.1,79.49,1
VID_ (11),5,3,0,68.58,54.99,90.42,1
VID_ (11),5,3,1,67.99,52.45,87.95,1
VID_ (11),5,3,2,65.08,49.4,84.57,1
VID_ (11),5,3,3,65.7,44.1,79.49,1
VID_ (11),5,3,4,70.75,56.85,91.99,1
VID_ (11),5,3,5,69.3,60.82,94.96,1
VID_ (11),5,3,6,68.37,64.51,97.93,1
VID_ (11),5,3,7,69.4,49.26,82.44,1
VID_ (11),5,4,0,70.75,56.85,91.99,1
VID_ (11),5,4,1,69.3,60.82,94.96,1
VID_ (11),5,4,2,68.37,64.51,97.93,1
VID_ (11),5,4,3,69.4,49.26,82.44,1
VID_ (11),5,4,4,68.61,44.54,77.13,1
VID_ (11),5,4,5,69.48,50.52,83.38,1
VID_ (11),5,4,6,67.86,47.27,81.05,1
VID_ (11),5,4,7,69.13,49.88,83.19,1
VID_ (11),5,5,0,68.61,44.54,77.13,1
VID_ (11),5,5,1,69.48,50.52,83.38,1
VID_ (11),5,5,2,67.86,47.27,81.05,1
VID_ (11),5,5,3,69.13,49.88,83.19,1
VID_ (11),5,5,4,69.78,47.63,82.2,1
VID_ (11),5,5,5,70.12,48.03,82.49,1
VID_ (11),5,5,6,70.61,46.01,79.05,1
VID_ (11),5,5,7,71.33,53.88,88.68,1
VID_ (11),5,6,0,69.78,47.63,82.2,1
VID_ (11),5,6,1,70.12,48.03,82.49,1
VID_ (11),5,6,2,70.61,46.01,79.05,1
VID_ (11),5,6,3,71.33,53.88,88.68,1
VID_ (11),5,6,4,64.9,33.22,68.42,1
VID_ (11),5,6,5,66.92,52.82,86.36,1
VID_ (11),5,6,6,68.13,41.45,73.95,1
VID_ (11),5,6,7,68.78,55.81,88.76,1
VID_ (11),5,7,0,64.9,33.22,68.42,1
VID_ (11),5,7,1,66.92,52.82,86.36,1
VID_ (11),5,7,2,68.13,41.45,73.95,1
VID_ (11),5,7,3,68.78,55.81,88.76,1
VID_ (11),5,7,4,70.53,63.53,97.55,1
VID_ (11),5,7,5,70.99,58.86,94.13,1
VID_ (11),5,7,6,69.38,60.84,95.43,1
VID_ (11),5,7,7,70.07,52.48,87.61,1
VID_ (11),5,8,0,70.53,63.53,97.55,1
VID_ (11),5,8,1,70.99,58.86,94.13,1
VID_ (11),5,8,2,69.38,60.84,95.43,1
VID_ (11),5,8,3,70.07,52.48,87.61,1
VID_ (11),5,8,4,70.96,46.68,82.09,1
VID_ (11),5,8,5,68.7,58.63,92.83,1
VID_ (11),5,8,6,67.96,51.27,85.45,1
VID_ (11),5,8,7,70.88,43.26,80.36,1
VID_ (11),5,9,0,70.96,46.68,82.09,1
VID_ (11),5,9,1,68.7,58.63,92.83,1
VID_ (11),5,9,2,67.96,51.27,85.45,1
VID_ (11),5,9,3,70.88,43.26,80.36,1
VID_ (11),5,9,4,68.76,49.42,85.1,1
VID_ (11),5,9,5,71.68,41.93,76.54,1
VID_ (11),5,9,6,,,,0
VID_ (11),5,9,7,70.28,-2.17,18.94,1
VID_ (11),5,10,0,68.76,49.42,85.1,1
VID_ (11),5,10,1,71.68,41.93,76.54,1
VID_ (11),5,10,2,,,,0
VID_ (11),5,10,3,70.28,-2.17,18.94,1
VID_ (11),5,10,4,,,,0
VID_ (11),5,10,5,69.29,53.09,86.0,1
VID_ (11),5,10,6,67.92,55.09,89.59,1
VID_ (11),5,10,7,69.03,56.81,90.69,1
VID_ (11),5,11,0,,,,0
VID_ (11),5,11,1,69.29,53.09,86.0,1
VID_ (11),5,11,2,67.92,55.09,89.59,1
VID_ (11),5,11,3,69.03,56.81,90.69,1
VID_ (11),5,11,4,70.43,59.54,93.2,1
VID_ (11),5,11,5,67.76,53.41,90.32,1
VID_ (11),5,11,6,61.27,29.82,68.97,1
VID_ (11),5,11,7,62.94,28.93,65.93,1
VID_ (11),5,12,0,70.43,59.54,93.2,1
VID_ (11),5,12,1,67.76,53.41,90.32,1
VID_ (11),5,12,2,61.27,29.82,68.97,1
VID_ (11),5,12,3,62.94,28.93,65.93,1
VID_ (11),5,12,4,61.46,29.08,68.18,1
VID_ (11),5,12,5,62.29,32.52,71.19,1
VID_ (11),5,12,6,64.23,31.85,69.41,1
VID_ (11),5,12,7,60.81,24.04,62.54,1
VID_ (11),5,13,0,61.46,29.08,68.18,1
VID_ (11),5,13,1,62.29,32.52,71.19,1
VID_ (11),5,13,2,64.23,31.85,69.41,1
VID_ (11),5,13,3,60.81,24.04,62.54,1
VID_ (11),5,13,4,64.06,20.8,56.89,1
VID_ (11),5,13,5,61.16,23.66,62.92,1
VID_ (11),5,13,6,60.53,25.85,62.97,1
VID_ (11),5,13,7,62.93,27.16,65.59,1
VID_ (11),5,14,0,64.06,20.8,56.89,1
VID_ (11),5,14,1,61.16,23.66,62.92,1
VID_ (11),5,14,2,60.53,25.85,62.97,1
VID_ (11),5,14,3,62.93,27.16,65.59,1
VID_ (11),5,14,4,65.03,28.78,65.63,1
VID_ (11),5,14,5,63.75,30.04,67.57,1
VID_ (11),5,14,6,64.65,33.2,72.11,1
VID_ (11),5,14,7,65.39,28.93,66.35,1
VID_ (11),6,0,0,66.19,54.71,86.41,1
VID_ (11),6,0,1,67.38,60.74,92.94,1
VID_ (11),6,0,2,65.15,47.3,82.14,1
VID_ (11),6,0,3,65.78,43.48,79.34,1
VID_ (11),6,0,4,66.83,57.16,92.41,1
VID_ (11),6,0,5,65.11,58.69,92.46,1
VID_ (11),6,0,6,63.85,49.36,84.21,1
VID_ (11),6,0,7,68.49,52.09,87.5,1
VID_ (11),6,1,0,66.83,57.16,92.41,1
VID_ (11),6,1,1,65.11,58.69,92.46,1
VID_ (11),6,1,2,63.85,49.36,84.21,1
VID_ (11),6,1,3,68.49,52.09,87.5,1
VID_ (11),6,1,4,67.44,51.91,87.12,1
VID_ (11),6,1,5,69.69,49.93,85.87,1
VID_ (11),6,1,6,68.5,54.24,89.41,1
VID_ (11),6,1,7,69.98,46.47,81.81,1
VID_ (11),6,2,0,67.44,51.91,87.12,1
VID_ (11),6,2,1,69.69,49.93,85.87,1
VID_ (11),6,2,2,68.5,54.24,89.41,1
VID_ (11),6,2,3,69.98,46.47,81.81,1
VID_ (11),6,2,4,69.59,48.17,83.83,1
VID_ (11),6,2,5,68.47,49.57,84.88,1
VID_ (11),6,2,6,67.22,61.31,95.29,1
VID_ (11),6,2,7,67.52,56.92,89.24,1
VID_ (11),6,3,0,69.59,48.17,83.83,1
VID_ (11),6,3,1,68.47,49.57,84.88,1
VID_ (11),6,3,2,67.22,61.31,95.29,1
VID_ (11),6,3,3,67.52,56.92,89.24,1
VID_ (11),6,3,4,69.67,53.31,86.56,1
VID_ (11),6,3,5,68.49,55.17,88.63,1
VID_ (11),6,3,6,67.96,53.67,87.49,1
VID_ (11),6,3,7,68.65,55.47,87.46,1
VID_ (11),6,4,0,69.67,53.31,86.56,1
VID_ (11),6,4,1,68.49,55.17,88.63,1
VID_ (11),6,4,2,67.96,53.67,87.49,1
VID_ (11),6,4,3,68.65,55.47,87.46,1
VID_ (11),6,4,4,69.15,53.93,85.55,1
VID_ (11),6,4,5,71.66,50.08,83.29,1
VID_ (11),6,4,6,68.3,48.72,81.56,1
VID_ (11),6,4,7,70.01,53.45,85.44,1
VID_ (11),7,0,0,,,,0
VID_ (11),7,0,1,,,,0
VID_ (11),7,0,2,,,,0
VID_ (11),7,0,3,,,,0
VID_ (11),7,0,4,,,,0
VID_ (11),7,0,5,,,,0
VID_ (11),7,0,6,,,,0
VID_ (11),7,0,7,,,,0
VID_ (11),7,1,0,,,,0
VID_ (11),7,1,1,,,,0
VID_ (11),7,1,2,,,,0
VID_ (11),7,1,3,,,,0
VID_ (11),7,1,4,,,,0
VID_ (11),7,1,5,,,,0
VID_ (11),7,1,6,,,,0
VID_ (11),7,1,7,,,,0
VID_ (11),7,2,0,,,,0
VID_ (11),7,2,1,,,,0
VID_ (11),7,2,2,,,,0
VID_ (11),7,2,3,,,,0
VID_ (11),7,2,4,,,,0
VID_ (11),7,2,5,,,,0
VID_ (11),7,2,6,,,,0
VID_ (11),7,2,7,,,,0
VID_ (11),7,3,0,,,,0
VID_ (11),7,3,1,,,,0
VID_ (11),7,3,2,,,,0
VID_ (11),7,3,3,,,,0
VID_ (11),7,3,4,,,,0
VID_ (11),7,3,5,,,,0
VID_ (11),7,3,6,,,,0
VID_ (11),7,3,7,,,,0
VID_ (11),7,4,0,,,,0
VID_ (11),7,4,1,,,,0
VID_ (11),7,4,2,,,,0
VID_ (11),7,4,3,,,,0
VID_ (11),7,4,4,,,,0
VID_ (11),7,4,5,,,,0
VID_ (11),7,4,6,,,,0
VID_ (11),7,4,7,,,,0
VID_ (11),7,5,0,,,,0
VID_ (11),7,5,1,,,,0
VID_ (11),7,5,2,,,,0
VID_ (11),7,5,3,,,,0
VID_ (11),7,5,4,,,,0
VID_ (11),7,5,5,,,,0
VID_ (11),7,5,6,,,,0
VID_ (11),7,5,7,,,,0
VID_ (11),7,6,0,,,,0
VID_ (11),7,6,1,,,,0
VID_ (11),7,6,2,,,,0
VID_ (11),7,6,3,,,,0
VID_ (11),7,6,4,,,,0
VID_ (11),7,6,5,,,,0
VID_ (11),7,6,6,,,,0
VID_ (11),7,6,7,,,,0
VID_ (11),7,7,0,,,,0
VID_ (11),7,7,1,,,,0
VID_ (11),7,7,2,,,,0
VID_ (11),7,7,3,,,,0
VID_ (11),7,7,4,,,,0
VID_ (11),7,7,5,,,,0
VID_ (11),7,7,6,,,,0
VID_ (11),7,7,7,,,,0
VID_ (11),7,8,0,,,,0
VID_ (11),7,8,1,,,,0
VID_ (11),7,8,2,,,,0
VID_ (11),7,8,3,,,,0
VID_ (11),7,8,4,,,,0
VID_ (11),7,8,5,,,,0
VID_ (11),7,8,6,,,,0
VID_ (11),7,8,7,,,,0
VID_ (11),7,9,0,,,,0
VID_ (11),7,9,1,,,,0
VID_ (11),7,9,2,,,,0
VID_ (11),7,9,3,,,,0
VID_ (11),7,9,4,,,,0
VID_ (11),7,9,5,,,,0
VID_ (11),7,9,6,,,,0
VID_ (11),7,9,7,,,,0
VID_ (11),7,10,0,,,,0
VID_ (11),7,10,1,,,,0
VID_ (11),7,10,2,,,,0
VID_ (11),7,10,3,,,,0
VID_ (11),7,10,4,,,,0
VID_ (11),7,10,5,,,,0
VID_ (11),7,10,6,,,,0
VID_ (11),7,10,7,,,,0
VID_ (11),7,11,0,,,,0
VID_ (11),7,11,1,,,,0
VID_ (11),7,11,2,,,,0
VID_ (11),7,11,3,,,,0
VID_ (11),7,11,4,,,,0
VID_ (11),7,11,5,,,,0
VID_ (11),7,11,6,,,,0
VID_ (11),7,11,7,,,,0
VID_ (11),7,12,0,,,,0
VID_ (11),7,12,1,,,,0
VID_ (11),7,12,2,,,,0
VID_ (11),7,12,3,,,,0
VID_ (11),7,12,4,,,,0
VID_ (11),7,12,5,,,,0
VID_ (11),7,12,6,,,,0
VID_ (11),7,12,7,,,,0
VID_ (11),7,13,0,,,,0
VID_ (11),7,13,1,,,,0
VID_ (11),7,13,2,,,,0
VID_ (11),7,13,3,,,,0
VID_ (11),7,13,4,,,,0
VID_ (11),7,13,5,,,,0
VID_ (11),7,13,6,,,,0
VID_ (11),7,13,7,,,,0
VID_ (11),7,14,0,,,,0
VID_ (11),7,14,1,,,,0
VID_ (11),7,14,2,,,,0
VID_ (11),7,14,3,,,,0
VID_ (11),7,14,4,,,,0
VID_ (11),7,14,5,,,,0
VID_ (11),7,14,6,,,,0
VID_ (11),7,14,7,,,,0
VID_ (11),8,0,0,,,,0
VID_ (11),8,0,1,,,,0
VID_ (11),8,0,2,,,,0
VID_ (11),8,0,3,,,,0
VID_ (11),8,0,4,,,,0
VID_ (11),8,0,5,,,,0
VID_ (11),8,0,6,,,,0
VID_ (11),8,0,7,,,,0
VID_ (11),8,1,0,,,,0
VID_ (11),8,1,1,,,,0
VID_ (11),8,1,2,,,,0
VID_ (11),8,1,3,,,,0
VID_ (11),8,1,4,-52.98,-34.7,15.43,1
VID_ (11),8,1,5,,,,0
VID_ (11),8,1,6,,,,0
VID_ (11),8,1,7,,,,0
VID_ (11),8,2,0,-52.98,-34.7,15.43,1
VID_ (11),8,2,1,,,,0
VID_ (11),8,2,2,,,,0
VID_ (11),8,2,3,,,,0
VID_ (11),8,2,4,,,,0
VID_ (11),8,2,5,,,,0
VID_ (11),8,2,6,,,,0
VID_ (11),8,2,7,,,,0
VID_ (11),8,3,0,,,,0
VID_ (11),8,3,1,,,,0
VID_ (11),8,3,2,,,,0
VID_ (11),8,3,3,,,,0
VID_ (11),8,3,4,,,,0
VID_ (11),8,3,5,,,,0
VID_ (11),8,3,6,,,,0
VID_ (11),8,3,7,,,,0
VID_ (11),8,4,0,,,,0
VID_ (11),8,4,1,,,,0
VID_ (11),8,4,2,,,,0
VID_ (11),8,4,3,,,,0
VID_ (11),8,4,4,,,,0
VID_ (11),8,4,5,,,,0
VID_ (11),8,4,6,,,,0
VID_ (11),8,4,7,,,,0
VID_ (11),8,5,0,,,,0
VID_ (11),8,5,1,,,,0
VID_ (11),8,5,2,,,,0
VID_ (11),8,5,3,,,,0
VID_ (11),8,5,4,,,,0
VID_ (11),8,5,5,,,,0
VID_ (11),8,5,6,,,,0
VID_ (11),8,5,7,,,,0
VID_ (11),8,6,0,,,,0
VID_ (11),8,6,1,,,,0
VID_ (11),8,6,2,,,,0
VID_ (11),8,6,3,,,,0
VID_ (11),8,6,4,,,,0
VID_ (11),8,6,5,,,,0
VID_ (11),8,6,6,,,,0
VID_ (11),8,6,7,,,,0
VID_ (11),8,7,0,,,,0
VID_ (11),8,7,1,,,,0
VID_ (11),8,7,2,,,,0
VID_ (11),8,7,3,,,,0
VID_ (11),8,7,4,,,,0
VID_ (11),8,7,5,,,,0
VID_ (11),8,7,6,,,,0
VID_ (11),8,7,7,,,,0
VID_ (11),8,8,0,,,,0
VID_ (11),8,8,1,,,,0
VID_ (11),8,8,2,,,,0
VID_ (11),8,8,3,,,,0
VID_ (11),8,8,4,,,,0
VID_ (11),8,8,5,,,,0
VID_ (11),8,8,6,,,,0
VID_ (11),8,8,7,,,,0
VID_ (11),8,9,0,,,,0
VID_ (11),8,9,1,,,,0
VID_ (11),8,9,2,,,,0
VID_ (11),8,9,3,,,,0
VID_ (11),8,9,4,,,,0
VID_ (11),8,9,5,,,,0
VID_ (11),8,9,6,,,,0
VID_ (11),8,9,7,,,,0
VID_ (11),9,0,0,,,,0
VID_ (11),9,0,1,,,,0
VID_ (11),9,0,2,,,,0
VID_ (11),9,0,3,,,,0
VID_ (11),9,0,4,,,,0
VID_ (11),9,0,5,,,,0
VID_ (11),9,0,6,,,,0
VID_ (11),9,0,7,,,,0
VID_ (11),9,1,0,,,,0
VID_ (11),9,1,1,,,,0
VID_ (11),9,1,2,,,,0
VID_ (11),9,1,3,,,,0
VID_ (11),9,1,4,,,,0
VID_ (11),9,1,5,,,,0
VID_ (11),9,1,6,,,,0
VID_ (11),9,1,7,,,,0
VID_ (11),9,2,0,,,,0
VID_ (11),9,2,1,,,,0
VID_ (11),9,2,2,,,,0
VID_ (11),9,2,3,,,,0
VID_ (11),9,2,4,,,,0
VID_ (11),9,2,5,,,,0
VID_ (11),9,2,6,,,,0
VID_ (11),9,2,7,,,,0
VID_ (11),9,3,0,,,,0
VID_ (11),9,3,1,,,,0
VID_ (11),9,3,2,,,,0
VID_ (11),9,3,3,,,,0
VID_ (11),9,3,4,,,,0
VID_ (11),9,3,5,,,,0
VID_ (11),9,3,6,,,,0
VID_ (11),9,3,7,,,,0
VID_ (11),9,4,0,,,,0
VID_ (11),9,4,1,,,,0
VID_ (11),9,4,2,,,,0
VID_ (11),9,4,3,,,,0
VID_ (11),9,4,4,,,,0
VID_ (11),9,4,5,,,,0
VID_ (11),9,4,6,,,,0
VID_ (11),9,4,7,,,,0
VID_ (11),9,5,0,,,,0
VID_ (11),9,5,1,,,,0
VID_ (11),9,5,2,,,,0
VID_ (11),9,5,3,,,,0
VID_ (11),9,5,4,,,,0
VID_ (11),9,5,5,,,,0
VID_ (11),9,5,6,,,,0
VID_ (11),9,5,7,,,,0
VID_ (11),9,6,0,,,,0
VID_ (11),9,6,1,,,,0
VID_ (11),9,6,2,,,,0
VID_ (11),9,6,3,,,,0
VID_ (11),9,6,4,,,,0
VID_ (11),9,6,5,,,,0
VID_ (11),9,6,6,,,,0
VID_ (11),9,6,7,,,,0
VID_ (11),9,7,0,,,,0
VID_ (11),9,7,1,,,,0
VID_ (11),9,7,2,,,,0
VID_ (11),9,7,3,,,,0
VID_ (11),9,7,4,,,,0
VID_ (11),9,7,5,,,,0
VID_ (11),9,7,6,,,,0
VID_ (11),9,7,7,,,,0
VID_ (11),9,8,0,,,,0
VID_ (11),9,8,1,,,,0
VID_ (11),9,8,2,,,,0
VID_ (11),9,8,3,,,,0
VID_ (11),9,8,4,,,,0
VID_ (11),9,8,5,,,,0
VID_ (11),9,8,6,,,,0
VID_ (11),9,8,7,,,,0
VID_ (11),9,9,0,,,,0
VID_ (11),9,9,1,,,,0
VID_ (11),9,9,2,,,,0
VID_ (11),9,9,3,,,,0
VID_ (11),9,9,4,,,,0
VID_ (11),9,9,5,,,,0
VID_ (11),9,9,6,,,,0
VID_ (11),9,9,7,,,,0
VID_ (11),9,10,0,,,,0
VID_ (11),9,10,1,,,,0
VID_ (11),9,10,2,,,,0
VID_ (11),9,10,3,,,,0
VID_ (11),9,10,4,,,,0
VID_ (11),9,10,5,,,,0
VID_ (11),9,10,6,,,,0
VID_ (11),9,10,7,,,,0
VID_ (11),9,11,0,,,,0
VID_ (11),9,11,1,,,,0
VID_ (11),9,11,2,,,,0
VID_ (11),9,11,3,,,,0
VID_ (11),9,11,4,,,,0
VID_ (11),9,11,5,,,,0
VID_ (11),9,11,6,,,,0
VID_ (11),9,11,7,,,,0
VID_ (11),9,12,0,,,,0
VID_ (11),9,12,1,,,,0
VID_ (11),9,12,2,,,,0
VID_ (11),9,12,3,,,,0
VID_ (11),9,12,4,,,,0
VID_ (11),9,12,5,,,,0
VID_ (11),9,12,6,,,,0
VID_ (11),9,12,7,,,,0
VID_ (11),9,13,0,,,,0
VID_ (11),9,13,1,,,,0
VID_ (11),9,13,2,,,,0
VID_ (11),9,13,3,,,,0
VID_ (11),9,13,4,,,,0
VID_ (11),9,13,5,,,,0
VID_ (11),9,13,6,,,,0
VID_ (11),9,13,7,,,,0
VID_ (12),1,0,0,19.57,-54.74,5.94,1
VID_ (12),1,0,1,18.57,-53.77,6.44,1
VID_ (12),1,0,2,18.85,-53.72,5.55,1
VID_ (12),1,0,3,19.71,-54.02,5.58,1
VID_ (12),1,0,4,19.99,-53.72,5.53,1
VID_ (12),1,0,5,23.38,-55.77,7.02,1
VID_ (12),1,0,6,24.49,-53.27,6.19,1
VID_ (12),1,0,7,23.55,-50.22,6.77,1
VID_ (12),1,1,0,19.99,-53.72,5.53,1
VID_ (12),1,1,1,23.38,-55.77,7.02,1
VID_ (12),1,1,2,24.49,-53.27,6.19,1
VID_ (12),1,1,3,23.55,-50.22,6.77,1
VID_ (12),1,1,4,25.24,-48.86,7.81,1
VID_ (12),1,1,5,26.09,-47.51,9.31,1
VID_ (12),1,1,6,21.97,-44.06,11.02,1
VID_ (12),1,1,7,21.25,-47.19,12.43,1
VID_ (12),1,2,0,25.24,-48.86,7.81,1
VID_ (12),1,2,1,26.09,-47.51,9.31,1
VID_ (12),1,2,2,21.97,-44.06,11.02,1
VID_ (12),1,2,3,21.25,-47.19,12.43,1
VID_ (12),1,2,4,22.69,-52.32,9.69,1
VID_ (12),1,2,5,24.02,-54.07,9.46,1
VID_ (12),1,2,6,21.64,-54.21,8.61,1
VID_ (12),1,2,7,21.99,-55.49,8.02,1
VID_ (12),1,3,0,22.69,-52.32,9.69,1
VID_ (12),1,3,1,24.02,-54.07,9.46,1
VID_ (12),1,3,2,21.64,-54.21,8.61,1
VID_ (12),1,3,3,21.99,-55.49,8.02,1
VID_ (12),1,3,4,21.85,-55.61,6.61,1
VID_ (12),1,3,5,20.81,-54.5,6.1,1
VID_ (12),1,3,6,21.19,-55.31,6.6,1
VID_ (12),1,3,7,20.1,-55.68,6.63,1
VID_ (12),1,4,0,21.85,-55.61,6.61,1
VID_ (12),1,4,1,20.81,-54.5,6.1,1
VID_ (12),1,4,2,21.19,-55.31,6.6,1
VID_ (12),1,4,3,20.1,-55.68,6.63,1
VID_ (12),1,4,4,21.44,-55.83,8.84,1
VID_ (12),1,4,5,22.3,-56.09,7.94,1
VID_ (12),1,4,6,22.84,-56.71,5.81,1
VID_ (12),1,4,7,22.96,-56.86,6.53,1
VID_ (12),1,5,0,21.44,-55.83,8.84,1
VID_ (12),1,5,1,22.3,-56.09,7.94,1
VID_ (12),1,5,2,22.84,-56.71,5.81,1
VID_ (12),1,5,3,22.96,-56.86,6.53,1
VID_ (12),1,5,4,22.2,-57.64,5.81,1
VID_ (12),1,5,5,23.4,-57.65,7.09,1
VID_ (12),1,5,6,22.54,-57.28,7.92,1
VID_ (12),1,5,7,22.42,-57.41,8.52,1
VID_ (12),1,6,0,22.2,-57.64,5.81,1
VID_ (12),1,6,1,23.4,-57.65,7.09,1
VID_ (12),1,6,2,22.54,-57.28,7.92,1
VID_ (12),1,6,3,22.42,-57.41,8.52,1
VID_ (12),1,6,4,22.28,-57.82,8.78,1
VID_ (12),1,6,5,20.84,-57.3,7.0,1
VID_ (12),1,6,6,20.64,-58.28,5.82,1
VID_ (12),1,6,7,21.23,-57.61,7.33,1
VID_ (12),1,7,0,22.28,-57.82,8.78,1
VID_ (12),1,7,1,20.84,-57.3,7.0,1
VID_ (12),1,7,2,20.64,-58.28,5.82,1
VID_ (12),1,7,3,21.23,-57.61,7.33,1
VID_ (12),1,7,4,21.45,-56.99,6.66,1
VID_ (12),1,7,5,20.99,-56.27,7.28,1
VID_ (12),1,7,6,20.27,-56.65,6.94,1
VID_ (12),1,7,7,21.64,-57.41,7.83,1
VID_ (12),1,8,0,21.45,-56.99,6.66,1
VID_ (12),1,8,1,20.99,-56.27,7.28,1
VID_ (12),1,8,2,20.27,-56.65,6.94,1
VID_ (12),1,8,3,21.64,-57.41,7.83,1
VID_ (12),1,8,4,20.29,-56.92,7.84,1
VID_ (12),1,8,5,20.12,-56.24,7.88,1
VID_ (12),1,8,6,21.7,-56.4,7.5,1
VID_ (12),1,8,7,21.19,-57.0,8.39,1
VID_ (12),10,0,0,,,,0
VID_ (12),10,0,1,,,,0
VID_ (12),10,0,2,,,,0
VID_ (12),10,0,3,,,,0
VID_ (12),10,0,4,,,,0
VID_ (12),10,0,5,,,,0
VID_ (12),10,0,6,,,,0
VID_ (12),10,0,7,,,,0
VID_ (12),2,0,0,-6.83,-40.11,-0.14,1
VID_ (12),2,0,1,-5.81,-40.14,0.22,1
VID_ (12),2,0,2,-3.97,-41.48,-0.07,1
VID_ (12),2,0,3,-4.48,-42.27,0.95,1
VID_ (12),2,0,4,-3.0,-41.59,0.42,1
VID_ (12),2,0,5,-2.68,-41.98,0.98,1
VID_ (12),2,0,6,-3.17,-40.13,0.47,1
VID_ (12),2,0,7,-3.11,-41.03,1.18,1
VID_ (12),2,1,0,-3.0,-41.59,0.42,1
VID_ (12),2,1,1,-2.68,-41.98,0.98,1
VID_ (12),2,1,2,-3.17,-40.13,0.47,1
VID_ (12),2,1,3,-3.11,-41.03,1.18,1
VID_ (12),2,1,4,-6.04,-40.54,1.23,1
VID_ (12),2,1,5,-5.99,-40.22,0.84,1
VID_ (12),2,1,6,-6.1,-40.52,0.77,1
VID_ (12),2,1,7,-4.77,-41.34,0.13,1
VID_ (12),2,2,0,-6.04,-40.54,1.23,1
VID_ (12),2,2,1,-5.99,-40.22,0.84,1
VID_ (12),2,2,2,-6.1,-40.52,0.77,1
VID_ (12),2,2,3,-4.77,-41.34,0.13,1
VID_ (12),2,2,4,-5.02,-41.59,-0.49,1
VID_ (12),2,2,5,-5.98,-41.97,-0.13,1
VID_ (12),2,2,6,-8.18,-40.86,-0.26,1
VID_ (12),2,2,7,-7.91,-41.89,-0.51,1
VID_ (12),2,3,0,-5.02,-41.59,-0.49,1
VID_ (12),2,3,1,-5.98,-41.97,-0.13,1
VID_ (12),2,3,2,-8.18,-40.86,-0.26,1
VID_ (12),2,3,3,-7.91,-41.89,-0.51,1
VID_ (12),2,3,4,-5.47,-44.61,-1.43,1
VID_ (12),2,3,5,-3.56,-42.65,-2.58,1
VID_ (12),2,3,6,-4.41,-43.73,-3.38,1
VID_ (12),2,3,7,-3.82,-44.23,-3.23,1
VID_ (12),2,4,0,-5.47,-44.61,-1.43,1
VID_ (12),2,4,1,-3.56,-42.65,-2.58,1
VID_ (12),2,4,2,-4.41,-43.73,-3.38,1
VID_ (12),2,4,3,-3.82,-44.23,-3.23,1
VID_ (12),2,4,4,-3.69,-44.28,-3.2,1
VID_ (12),2,4,5,-4.37,-44.4,-2.47,1
VID_ (12),2,4,6,-4.25,-46.31,-0.99,1
VID_ (12),2,4,7,-4.2,-44.82,-1.95,1
VID_ (12),2,5,0,-3.69,-44.28,-3.2,1
VID_ (12),2,5,1,-4.37,-44.4,-2.47,1
VID_ (12),2,5,2,-4.25,-46.31,-0.99,1
VID_ (12),2,5,3,-4.2,-44.82,-1.95,1
VID_ (12),2,5,4,-3.92,-44.78,-2.17,1
VID_ (12),2,5,5,-4.68,-45.28,-1.68,1
VID_ (12),2,5,6,-4.87,-44.63,-1.98,1
VID_ (12),2,5,7,-5.15,-44.64,-2.65,1
VID_ (12),2,6,0,-3.92,-44.78,-2.17,1
VID_ (12),2,6,1,-4.68,-45.28,-1.68,1
VID_ (12),2,6,2,-4.87,-44.63,-1.98,1
VID_ (12),2,6,3,-5.15,-44.64,-2.65,1
VID_ (12),2,6,4,-6.14,-43.81,-1.18,1
VID_ (12),2,6,5,-3.85,-44.27,-1.07,1
VID_ (12),2,6,6,-4.24,-45.11,-0.22,1
VID_ (12),2,6,7,-4.52,-45.17,-0.4,1
VID_ (12),2,7,0,-6.14,-43.81,-1.18,1
VID_ (12),2,7,1,-3.85,-44.27,-1.07,1
VID_ (12),2,7,2,-4.24,-45.11,-0.22,1
VID_ (12),2,7,3,-4.52,-45.17,-0.4,1
VID_ (12),2,7,4,-5.53,-45.2,-0.02,1
VID_ (12),2,7,5,-5.61,-44.09,-0.86,1
VID_ (12),2,7,6,-5.13,-44.45,-0.63,1
VID_ (12),2,7,7,-5.19,-44.2,-0.57,1
VID_ (12),2,8,0,-5.53,-45.2,-0.02,1
VID_ (12),2,8,1,-5.61,-44.09,-0.86,1
VID_ (12),2,8,2,-5.13,-44.45,-0.63,1
VID_ (12),2,8,3,-5.19,-44.2,-0.57,1
VID_ (12),2,8,4,-6.59,-43.69,-0.38,1
VID_ (12),2,8,5,-6.34,-44.02,-0.13,1
VID_ (12),2,8,6,-5.15,-44.8,-0.54,1
VID_ (12),2,8,7,-5.77,-44.56,-0.21,1
VID_ (12),3,0,0,-23.77,-20.44,-5.41,1
VID_ (12),3,0,1,6.66,-30.87,8.38,1
VID_ (12),3,0,2,7.52,-34.6,8.12,1
VID_ (12),3,0,3,8.71,-34.7,9.12,1
VID_ (12),3,0,4,7.84,-34.53,9.05,1
VID_ (12),3,0,5,8.01,-32.49,10.06,1
VID_ (12),3,0,6,9.98,-32.49,9.47,1
VID_ (12),3,0,7,10.56,-31.85,10.32,1
VID_ (12),3,1,0,7.84,-34.53,9.05,1
VID_ (12),3,1,1,8.01,-32.49,10.06,1
VID_ (12),3,1,2,9.98,-32.49,9.47,1
VID_ (12),3,1,3,10.56,-31.85,10.32,1
VID_ (12),3,1,4,8.77,-33.2,10.68,1
VID_ (12),3,1,5,6.59,-33.4,10.72,1
VID_ (12),3,1,6,8.72,-33.08,10.18,1
VID_ (12),3,1,7,7.51,-31.57,10.65,1
VID_ (12),3,2,0,8.77,-33.2,10.68,1
VID_ (12),3,2,1,6.59,-33.4,10.72,1
VID_ (12),3,2,2,8.72,-33.08,10.18,1
VID_ (12),3,2,3,7.51,-31.57,10.65,1
VID_ (12),3,2,4,9.45,-32.75,9.67,1
VID_ (12),3,2,5,-10.05,-24.39,-2.63,1
VID_ (12),3,2,6,7.99,-31.21,9.27,1
VID_ (12),3,2,7,7.49,-30.37,8.99,1
VID_ (12),3,3,0,9.45,-32.75,9.67,1
VID_ (12),3,3,1,-10.05,-24.39,-2.63,1
VID_ (12),3,3,2,7.99,-31.21,9.27,1
VID_ (12),3,3,3,7.49,-30.37,8.99,1
VID_ (12),3,3,4,4.11,-30.06,9.32,1
VID_ (12),3,3,5,12.23,-24.27,7.42,1
VID_ (12),3,3,6,10.54,-30.27,6.7,1
VID_ (12),3,3,7,8.19,-31.24,7.48,1
VID_ (12),3,4,1,4.11,-30.06,9.32,1
VID_ (12),3,4,0,4.11,-30.06,9.32,1
VID_ (12),3,4,11,12.23,-24.27,7.42,1
VID_ (12),3,4,1,12.23,-24.27,7.42,1
VID_ (12),3,4,21,10.54,-30.27,6.7,1
VID_ (12),3,4,2,10.54,-30.27,6.7,1
VID_ (12),3,4,31,8.19,-31.24,7.48,1
VID_ (12),3,4,3,8.19,-31.24,7.48,1
VID_ (12),3,4,41,9.19,-32.19,7.71,1
VID_ (12),3,4,4,9.19,-32.19,7.71,1
VID_ (12),3,4,51,8.12,-29.54,8.67,1
VID_ (12),3,4,5,8.12,-29.54,8.67,1
VID_ (12),3,4,61,6.66,-30.76,9.01,1
VID_ (12),3,4,6,6.66,-30.76,9.01,1
VID_ (12),3,4,71,5.79,-32.08,9.27,1
VID_ (12),3,4,7,5.79,-32.08,9.27,1
VID_ (12),3,5,0,9.19,-32.19,7.71,1
VID_ (12),3,5,1,8.12,-29.54,8.67,1
VID_ (12),3,5,2,6.66,-30.76,9.01,1
VID_ (12),3,5,3,5.79,-32.08,9.27,1
VID_ (12),3,5,4,6.47,-34.61,9.13,1
VID_ (12),3,5,5,6.48,-35.2,9.17,1
VID_ (12),3,5,6,6.45,-36.72,9.39,1
VID_ (12),3,5,7,7.23,-35.41,9.74,1
VID_ (12),3,6,0,6.47,-34.61,9.13,1
VID_ (12),3,6,1,6.48,-35.2,9.17,1
VID_ (12),3,6,2,6.45,-36.72,9.39,1
VID_ (12),3,6,3,7.23,-35.41,9.74,1
VID_ (12),3,6,4,7.62,-34.73,10.14,1
VID_ (12),3,6,5,4.69,-35.54,10.9,1
VID_ (12),3,6,6,3.31,-36.17,11.05,1
VID_ (12),3,6,7,5.78,-35.84,10.67,1
VID_ (12),3,7,0,7.62,-34.73,10.14,1
VID_ (12),3,7,1,4.69,-35.54,10.9,1
VID_ (12),3,7,2,3.31,-36.17,11.05,1
VID_ (12),3,7,3,5.78,-35.84,10.67,1
VID_ (12),3,7,4,5.05,-37.34,10.49,1
VID_ (12),3,7,5,6.28,-38.27,10.51,1
VID_ (12),3,7,6,7.03,-37.9,10.47,1
VID_ (12),3,7,7,6.7,-38.15,10.28,1
VID_ (12),3,8,0,5.05,-37.34,10.49,1
VID_ (12),3,8,1,6.28,-38.27,10.51,1
VID_ (12),3,8,2,7.03,-37.9,10.47,1
VID_ (12),3,8,3,6.7,-38.15,10.28,1
VID_ (12),3,8,4,9.06,-36.49,10.17,1
VID_ (12),3,8,5,7.51,-36.33,9.94,1
VID_ (12),3,8,6,6.83,-36.58,10.31,1
VID_ (12),3,8,7,7.05,-37.23,10.38,1
VID_ (12),4,0,0,,,,0
VID_ (12),4,0,1,,,,0
VID_ (12),4,0,2,,,,0
VID_ (12),4,0,3,,,,0
VID_ (12),4,0,4,,,,0
VID_ (12),4,0,5,,,,0
VID_ (12),4,0,6,,,,0
VID_ (12),4,0,7,,,,0
VID_ (12),4,1,0,,,,0
VID_ (12),4,1,1,,,,0
VID_ (12),4,1,2,,,,0
VID_ (12),4,1,3,,,,0
VID_ (12),4,1,4,,,,0
VID_ (12),4,1,5,,,,0
VID_ (12),4,1,6,,,,0
VID_ (12),4,1,7,,,,0
VID_ (12),4,2,0,,,,0
VID_ (12),4,2,1,,,,0
VID_ (12),4,2,2,,,,0
VID_ (12),4,2,3,,,,0
VID_ (12),4,2,4,,,,0
VID_ (12),4,2,5,,,,0
VID_ (12),4,2,6,,,,0
VID_ (12),4,2,7,,,,0
VID_ (12),4,3,0,,,,0
VID_ (12),4,3,1,,,,0
VID_ (12),4,3,2,,,,0
VID_ (12),4,3,3,,,,0
VID_ (12),4,3,4,,,,0
VID_ (12),4,3,5,,,,0
VID_ (12),4,3,6,,,,0
VID_ (12),4,3,7,,,,0
VID_ (12),4,4,0,,,,0
VID_ (12),4,4,1,,,,0
VID_ (12),4,4,2,,,,0
VID_ (12),4,4,3,,,,0
VID_ (12),4,4,4,,,,0
VID_ (12),4,4,5,,,,0
VID_ (12),4,4,6,,,,0
VID_ (12),4,4,7,,,,0
VID_ (12),4,5,0,,,,0
VID_ (12),4,5,1,,,,0
VID_ (12),4,5,2,,,,0
VID_ (12),4,5,3,,,,0
VID_ (12),4,5,4,,,,0
VID_ (12),4,5,5,,,,0
VID_ (12),4,5,6,,,,0
VID_ (12),4,5,7,,,,0
VID_ (12),4,6,0,,,,0
VID_ (12),4,6,1,,,,0
VID_ (12),4,6,2,,,,0
VID_ (12),4,6,3,,,,0
VID_ (12),4,6,4,,,,0
VID_ (12),4,6,5,,,,0
VID_ (12),4,6,6,,,,0
VID_ (12),4,6,7,,,,0
VID_ (12),4,7,0,,,,0
VID_ (12),4,7,1,,,,0
VID_ (12),4,7,2,,,,0
VID_ (12),4,7,3,,,,0
VID_ (12),4,7,4,,,,0
VID_ (12),4,7,5,,,,0
VID_ (12),4,7,6,,,,0
VID_ (12),4,7,7,,,,0
VID_ (12),4,8,0,,,,0
VID_ (12),4,8,1,,,,0
VID_ (12),4,8,2,,,,0
VID_ (12),4,8,3,,,,0
VID_ (12),4,8,4,,,,0
VID_ (12),4,8,5,,,,0
VID_ (12),4,8,6,,,,0
VID_ (12),4,8,7,,,,0
VID_ (12),5,0,0,,,,0
VID_ (12),5,0,1,,,,0
VID_ (12),5,0,2,,,,0
VID_ (12),5,0,3,,,,0
VID_ (12),5,0,4,,,,0
VID_ (12),5,0,5,,,,0
VID_ (12),5,0,6,,,,0
VID_ (12),5,0,7,,,,0
VID_ (12),5,1,0,,,,0
VID_ (12),5,1,1,,,,0
VID_ (12),5,1,2,,,,0
VID_ (12),5,1,3,,,,0
VID_ (12),5,1,4,,,,0
VID_ (12),5,1,5,,,,0
VID_ (12),5,1,6,,,,0
VID_ (12),5,1,7,,,,0
VID_ (12),6,0,0,,,,0
VID_ (12),6,0,1,,,,0
VID_ (12),6,0,2,,,,0
VID_ (12),6,0,3,,,,0
VID_ (12),6,0,4,,,,0
VID_ (12),6,0,5,,,,0
VID_ (12),6,0,6,,,,0
VID_ (12),6,0,7,,,,0
VID_ (12),6,1,0,,,,0
VID_ (12),6,1,1,,,,0
VID_ (12),6,1,2,,,,0
VID_ (12),6,1,3,,,,0
VID_ (12),6,1,4,,,,0
VID_ (12),6,1,5,,,,0
VID_ (12),6,1,6,,,,0
VID_ (12),6,1,7,,,,0
VID_ (12),6,2,0,,,,0
VID_ (12),6,2,1,,,,0
VID_ (12),6,2,2,,,,0
VID_ (12),6,2,3,,,,0
VID_ (12),6,2,4,,,,0
VID_ (12),6,2,5,,,,0
VID_ (12),6,2,6,,,,0
VID_ (12),6,2,7,,,,0
VID_ (12),7,0,0,-7.3,-27.84,-0.74,1
VID_ (12),7,0,1,-6.41,-30.05,-2.39,1
VID_ (12),7,0,2,-1.6,-27.24,-2.27,1
VID_ (12),7,0,3,-1.01,-28.77,-1.25,1
VID_ (12),7,0,4,-2.89,-26.61,-0.78,1
VID_ (12),7,0,5,-4.0,-27.1,-1.35,1
VID_ (12),7,0,6,-5.54,-27.83,-0.55,1
VID_ (12),7,0,7,-11.05,-28.23,-1.24,1
VID_ (12),8,0,0,,,,0
VID_ (12),8,0,1,,,,0
VID_ (12),8,0,2,,,,0
VID_ (12),8,0,3,,,,0
VID_ (12),8,0,4,,,,0
VID_ (12),8,0,5,,,,0
VID_ (12),8,0,6,,,,0
VID_ (12),8,0,7,,,,0
VID_ (12),9,0,0,,,,0
VID_ (12),9,0,1,,,,0
VID_ (12),9,0,2,,,,0
VID_ (12),9,0,3,,,,0
VID_ (12),9,0,4,,,,0
VID_ (12),9,0,5,,,,0
VID_ (12),9,0,6,,,,0
VID_ (12),9,0,7,,,,0
VID_ (13),1,0,0,,,,0
VID_ (13),1,0,1,,,,0
VID_ (13),1,0,2,,,,0
VID_ (13),1,0,3,-7.87,-16.21,8.4,1
VID_ (13),1,0,4,-6.41,-16.45,8.36,1
VID_ (13),1,0,5,-7.81,-16.8,8.18,1
VID_ (13),1,0,6,,,,0
VID_ (13),1,0,7,,,,0
VID_ (13),1,1,0,-6.41,-16.45,8.36,1
VID_ (13),1,1,1,-7.81,-16.8,8.18,1
VID_ (13),1,1,2,,,,0
VID_ (13),1,1,3,,,,0
VID_ (13),1,1,4,,,,0
VID_ (13),1,1,5,,,,0
VID_ (13),1,1,6,15.33,-7.24,72.61,1
VID_ (13),1,1,7,,,,0
VID_ (13),1,2,0,,,,0
VID_ (13),1,2,1,,,,0
VID_ (13),1,2,2,15.33,-7.24,72.61,1
VID_ (13),1,2,3,,,,0
VID_ (13),1,2,4,,,,0
VID_ (13),1,2,5,,,,0
VID_ (13),1,2,6,,,,0
VID_ (13),1,2,7,,,,0
VID_ (13),1,3,0,,,,0
VID_ (13),1,3,1,,,,0
VID_ (13),1,3,2,,,,0
VID_ (13),1,3,3,,,,0
VID_ (13),1,3,4,,,,0
VID_ (13),1,3,5,,,,0
VID_ (13),1,3,6,,,,0
VID_ (13),1,3,7,,,,0
VID_ (13),1,4,0,,,,0
VID_ (13),1,4,1,,,,0
VID_ (13),1,4,2,,,,0
VID_ (13),1,4,3,,,,0
VID_ (13),1,4,4,,,,0
VID_ (13),1,4,5,,,,0
VID_ (13),1,4,6,,,,0
VID_ (13),1,4,7,,,,0
VID_ (13),1,5,0,,,,0
VID_ (13),1,5,1,,,,0
VID_ (13),1,5,2,,,,0
VID_ (13),1,5,3,,,,0
VID_ (13),1,5,4,,,,0
VID_ (13),1,5,5,,,,0
VID_ (13),1,5,6,,,,0
VID_ (13),1,5,7,,,,0
VID_ (13),1,6,0,,,,0
VID_ (13),1,6,1,,,,0
VID_ (13),1,6,2,,,,0
VID_ (13),1,6,3,,,,0
VID_ (13),1,6,4,,,,0
VID_ (13),1,6,5,,,,0
VID_ (13),1,6,6,,,,0
VID_ (13),1,6,7,,,,0
VID_ (13),1,7,0,,,,0
VID_ (13),1,7,1,,,,0
VID_ (13),1,7,2,,,,0
VID_ (13),1,7,3,,,,0
VID_ (13),1,7,4,,,,0
VID_ (13),1,7,5,,,,0
VID_ (13),1,7,6,,,,0
VID_ (13),1,7,7,,,,0
VID_ (13),1,8,0,,,,0
VID_ (13),1,8,1,,,,0
VID_ (13),1,8,2,,,,0
VID_ (13),1,8,3,,,,0
VID_ (13),1,8,4,,,,0
VID_ (13),1,8,5,,,,0
VID_ (13),1,8,6,,,,0
VID_ (13),1,8,7,,,,0
VID_ (13),1,9,0,,,,0
VID_ (13),1,9,1,,,,0
VID_ (13),1,9,2,,,,0
VID_ (13),1,9,3,,,,0
VID_ (13),1,9,4,,,,0
VID_ (13),1,9,5,,,,0
VID_ (13),1,9,6,,,,0
VID_ (13),1,9,7,,,,0
VID_ (13),10,0,0,,,,0
VID_ (13),10,0,1,,,,0
VID_ (13),10,0,2,,,,0
VID_ (13),10,0,3,,,,0
VID_ (13),10,0,4,,,,0
VID_ (13),10,0,5,,,,0
VID_ (13),10,0,6,,,,0
VID_ (13),10,0,7,,,,0
VID_ (13),10,1,0,,,,0
VID_ (13),10,1,1,,,,0
VID_ (13),10,1,2,,,,0
VID_ (13),10,1,3,,,,0
VID_ (13),10,1,4,,,,0
VID_ (13),10,1,5,,,,0
VID_ (13),10,1,6,,,,0
VID_ (13),10,1,7,,,,0
VID_ (13),10,2,0,,,,0
VID_ (13),10,2,1,,,,0
VID_ (13),10,2,2,,,,0
VID_ (13),10,2,3,,,,0
VID_ (13),10,2,4,,,,0
VID_ (13),10,2,5,,,,0
VID_ (13),10,2,6,,,,0
VID_ (13),10,2,7,,,,0
VID_ (13),11,0,0,,,,0
VID_ (13),11,0,1,,,,0
VID_ (13),11,0,2,,,,0
VID_ (13),11,0,3,,,,0
VID_ (13),11,0,4,,,,0
VID_ (13),11,0,5,,,,0
VID_ (13),11,0,6,,,,0
VID_ (13),11,0,7,,,,0
VID_ (13),12,0,0,,,,0
VID_ (13),12,0,1,,,,0
VID_ (13),12,0,2,,,,0
VID_ (13),12,0,3,,,,0
VID_ (13),12,0,4,,,,0
VID_ (13),12,0,5,,,,0
VID_ (13),12,0,6,,,,0
VID_ (13),12,0,7,,,,0
VID_ (13),2,0,0,-16.9,-14.06,-3.24,1
VID_ (13),2,0,1,-16.3,-16.28,-2.2,1
VID_ (13),2,0,2,-17.49,-16.84,-1.93,1
VID_ (13),2,0,3,-19.73,-18.49,-0.56,1
VID_ (13),2,0,4,-22.4,-19.91,2.21,1
VID_ (13),2,0,5,-26.23,-21.57,4.86,1
VID_ (13),2,0,6,-28.05,-21.42,4.56,1
VID_ (13),2,0,7,-27.58,-20.37,3.48,1
VID_ (13),2,1,0,-22.4,-19.91,2.21,1
VID_ (13),2,1,1,-26.23,-21.57,4.86,1
VID_ (13),2,1,2,-28.05,-21.42,4.56,1
VID_ (13),2,1,3,-27.58,-20.37,3.48,1
VID_ (13),2,1,4,-24.55,-17.89,1.51,1
VID_ (13),2,1,5,-24.49,-17.65,2.34,1
VID_ (13),2,1,6,-23.62,-19.2,3.32,1
VID_ (13),2,1,7,-24.19,-18.95,3.03,1
VID_ (13),2,2,0,-24.55,-17.89,1.51,1
VID_ (13),2,2,1,-24.49,-17.65,2.34,1
VID_ (13),2,2,2,-23.62,-19.2,3.32,1
VID_ (13),2,2,3,-24.19,-18.95,3.03,1
VID_ (13),2,2,4,-25.12,-18.52,3.03,1
VID_ (13),2,2,5,-26.11,-17.99,2.23,1
VID_ (13),2,2,6,-27.43,-18.5,3.25,1
VID_ (13),2,2,7,-26.59,-18.71,3.5,1
VID_ (13),2,3,0,-25.12,-18.52,3.03,1
VID_ (13),2,3,1,-26.11,-17.99,2.23,1
VID_ (13),2,3,2,-27.43,-18.5,3.25,1
VID_ (13),2,3,3,-26.59,-18.71,3.5,1
VID_ (13),2,3,4,-28.01,-17.78,3.61,1
VID_ (13),2,3,5,-22.74,-15.95,2.31,1
VID_ (13),2,3,6,-25.16,-16.45,1.58,1
VID_ (13),2,3,7,-26.98,-15.04,2.07,1
VID_ (13),2,4,0,-28.01,-17.78,3.61,1
VID_ (13),2,4,1,-22.74,-15.95,2.31,1
VID_ (13),2,4,2,-25.16,-16.45,1.58,1
VID_ (13),2,4,3,-26.98,-15.04,2.07,1
VID_ (13),2,4,4,-26.04,-16.05,1.05,1
VID_ (13),2,4,5,-26.28,-15.77,1.75,1
VID_ (13),2,4,6,-27.42,-15.39,2.15,1
VID_ (13),2,4,7,-27.68,-16.14,2.82,1
VID_ (13),2,5,0,-26.04,-16.05,1.05,1
VID_ (13),2,5,1,-26.28,-15.77,1.75,1
VID_ (13),2,5,2,-27.42,-15.39,2.15,1
VID_ (13),2,5,3,-27.68,-16.14,2.82,1
VID_ (13),2,5,4,-28.4,-14.99,2.49,1
VID_ (13),2,5,5,-29.36,-16.44,3.07,1
VID_ (13),2,5,6,-26.54,-17.24,2.7,1
VID_ (13),2,5,7,-27.07,-15.91,2.5,1
VID_ (13),2,6,0,-28.4,-14.99,2.49,1
VID_ (13),2,6,1,-29.36,-16.44,3.07,1
VID_ (13),2,6,2,-26.54,-17.24,2.7,1
VID_ (13),2,6,3,-27.07,-15.91,2.5,1
VID_ (13),2,6,4,-26.37,-17.74,3.2,1
VID_ (13),2,6,5,-26.33,-15.38,2.27,1
VID_ (13),2,6,6,-25.83,-15.58,2.6,1
VID_ (13),2,6,7,-26.42,-14.68,1.89,1
VID_ (13),2,7,0,-26.37,-17.74,3.2,1
VID_ (13),2,7,1,-26.33,-15.38,2.27,1
VID_ (13),2,7,2,-25.83,-15.58,2.6,1
VID_ (13),2,7,3,-26.42,-14.68,1.89,1
VID_ (13),2,7,4,-29.13,-16.18,2.21,1
VID_ (13),2,7,5,-29.72,-15.89,2.7,1
VID_ (13),2,7,6,-27.57,-14.93,2.62,1
VID_ (13),2,7,7,-23.79,-13.93,1.86,1
VID_ (13),2,8,0,-29.13,-16.18,2.21,1
VID_ (13),2,8,1,-29.72,-15.89,2.7,1
VID_ (13),2,8,2,-27.57,-14.93,2.62,1
VID_ (13),2,8,3,-23.79,-13.93,1.86,1
VID_ (13),2,8,4,-22.55,-15.74,1.89,1
VID_ (13),2,8,5,-22.0,-15.96,1.47,1
VID_ (13),2,8,6,-23.18,-14.73,1.54,1
VID_ (13),2,8,7,-23.48,-16.41,2.29,1
VID_ (13),2,9,0,-22.55,-15.74,1.89,1
VID_ (13),2,9,1,-22.0,-15.96,1.47,1
VID_ (13),2,9,2,-23.18,-14.73,1.54,1
VID_ (13),2,9,3,-23.48,-16.41,2.29,1
VID_ (13),2,9,4,-23.76,-15.99,2.92,1
VID_ (13),2,9,5,-24.04,-15.03,2.14,1
VID_ (13),2,9,6,-23.66,-15.64,2.2,1
VID_ (13),2,9,7,-24.0,-15.43,1.9,1
VID_ (13),3,0,0,17.02,-20.61,-2.69,1
VID_ (13),3,0,1,19.67,-19.71,-0.72,1
VID_ (13),3,0,2,20.89,-20.72,-0.85,1
VID_ (13),3,0,3,21.02,-20.67,-0.32,1
VID_ (13),3,0,4,22.3,-20.35,-0.23,1
VID_ (13),3,0,5,21.75,-20.81,-0.06,1
VID_ (13),3,0,6,20.68,-20.45,0.25,1
VID_ (13),3,0,7,19.45,-22.61,-0.58,1
VID_ (13),3,1,0,22.3,-20.35,-0.23,1
VID_ (13),3,1,1,21.75,-20.81,-0.06,1
VID_ (13),3,1,2,20.68,-20.45,0.25,1
VID_ (13),3,1,3,19.45,-22.61,-0.58,1
VID_ (13),3,1,4,20.78,-19.63,-0.18,1
VID_ (13),3,1,5,21.74,-21.09,-2.29,1
VID_ (13),3,1,6,22.53,-20.82,-2.05,1
VID_ (13),3,1,7,21.96,-20.44,-2.84,1
VID_ (13),3,2,0,20.78,-19.63,-0.18,1
VID_ (13),3,2,1,21.74,-21.09,-2.29,1
VID_ (13),3,2,2,22.53,-20.82,-2.05,1
VID_ (13),3,2,3,21.96,-20.44,-2.84,1
VID_ (13),3,2,4,22.75,-19.94,-2.0,1
VID_ (13),3,2,5,20.16,-17.87,-0.51,1
VID_ (13),3,2,6,17.55,-20.49,-1.13,1
VID_ (13),3,2,7,15.31,-20.48,-1.22,1
VID_ (13),3,3,0,22.75,-19.94,-2.0,1
VID_ (13),3,3,1,20.16,-17.87,-0.51,1
VID_ (13),3,3,2,17.55,-20.49,-1.13,1
VID_ (13),3,3,3,15.31,-20.48,-1.22,1
VID_ (13),3,3,4,18.8,-17.38,-1.23,1
VID_ (13),3,3,5,16.45,-19.47,-1.0,1
VID_ (13),3,3,6,17.09,-18.98,-0.71,1
VID_ (13),3,3,7,24.34,-25.37,-1.82,1
VID_ (13),3,4,0,18.8,-17.38,-1.23,1
VID_ (13),3,4,1,16.45,-19.47,-1.0,1
VID_ (13),3,4,2,17.09,-18.98,-0.71,1
VID_ (13),3,4,3,24.34,-25.37,-1.82,1
VID_ (13),3,4,4,22.32,-27.51,-1.06,1
VID_ (13),3,4,5,24.97,-24.88,-1.32,1
VID_ (13),3,4,6,25.13,-23.64,0.17,1
VID_ (13),3,4,7,23.25,-23.77,-0.42,1
VID_ (13),3,5,0,22.32,-27.51,-1.06,1
VID_ (13),3,5,1,24.97,-24.88,-1.32,1
VID_ (13),3,5,2,25.13,-23.64,0.17,1
VID_ (13),3,5,3,23.25,-23.77,-0.42,1
VID_ (13),3,5,4,21.97,-23.01,0.93,1
VID_ (13),3,5,5,22.7,-22.6,0.53,1
VID_ (13),3,5,6,26.21,-15.47,2.99,1
VID_ (13),3,5,7,20.12,-17.23,4.64,1
VID_ (13),3,6,0,21.97,-23.01,0.93,1
VID_ (13),3,6,1,22.7,-22.6,0.53,1
VID_ (13),3,6,2,26.21,-15.47,2.99,1
VID_ (13),3,6,3,20.12,-17.23,4.64,1
VID_ (13),3,6,4,18.89,-17.86,3.2,1
VID_ (13),3,6,5,18.31,-19.04,2.14,1
VID_ (13),3,6,6,18.45,-19.42,2.14,1
VID_ (13),3,6,7,19.25,-16.65,3.69,1
VID_ (13),3,7,0,18.89,-17.86,3.2,1
VID_ (13),3,7,1,18.31,-19.04,2.14,1
VID_ (13),3,7,2,18.45,-19.42,2.14,1
VID_ (13),3,7,3,19.25,-16.65,3.69,1
VID_ (13),3,7,4,19.55,-13.47,4.7,1
VID_ (13),3,7,5,20.69,-14.13,4.57,1
VID_ (13),3,7,6,19.37,-14.78,4.12,1
VID_ (13),3,7,7,20.15,-14.52,2.91,1
VID_ (13),3,8,0,19.55,-13.47,4.7,1
VID_ (13),3,8,1,20.69,-14.13,4.57,1
VID_ (13),3,8,2,19.37,-14.78,4.12,1
VID_ (13),3,8,3,20.15,-14.52,2.91,1
VID_ (13),3,8,4,17.59,-14.69,0.46,1
VID_ (13),3,8,5,17.01,-11.05,-0.29,1
VID_ (13),3,8,6,18.91,-13.49,1.61,1
VID_ (13),3,8,7,17.63,-17.01,-1.3,1
VID_ (13),3,9,0,17.59,-14.69,0.46,1
VID_ (13),3,9,1,17.01,-11.05,-0.29,1
VID_ (13),3,9,2,18.91,-13.49,1.61,1
VID_ (13),3,9,3,17.63,-17.01,-1.3,1
VID_ (13),3,9,4,19.28,-21.77,-1.22,1
VID_ (13),3,9,5,18.33,-24.34,-1.18,1
VID_ (13),3,9,6,19.09,-21.66,-0.76,1
VID_ (13),3,9,7,18.8,-23.85,-1.32,1
VID_ (13),4,0,0,,,,0
VID_ (13),4,0,1,,,,0
VID_ (13),4,0,2,,,,0
VID_ (13),4,0,3,,,,0
VID_ (13),4,0,4,,,,0
VID_ (13),4,0,5,,,,0
VID_ (13),4,0,6,,,,0
VID_ (13),4,0,7,,,,0
VID_ (13),4,1,0,,,,0
VID_ (13),4,1,1,,,,0
VID_ (13),4,1,2,,,,0
VID_ (13),4,1,3,,,,0
VID_ (13),4,1,4,,,,0
VID_ (13),4,1,5,,,,0
VID_ (13),4,1,6,,,,0
VID_ (13),4,1,7,,,,0
VID_ (13),4,2,0,,,,0
VID_ (13),4,2,1,,,,0
VID_ (13),4,2,2,,,,0
VID_ (13),4,2,3,,,,0
VID_ (13),4,2,4,,,,0
VID_ (13),4,2,5,,,,0
VID_ (13),4,2,6,,,,0
VID_ (13),4,2,7,,,,0
VID_ (13),4,3,0,,,,0
VID_ (13),4,3,1,,,,0
VID_ (13),4,3,2,,,,0
VID_ (13),4,3,3,,,,0
VID_ (13),4,3,4,,,,0
VID_ (13),4,3,5,,,,0
VID_ (13),4,3,6,,,,0
VID_ (13),4,3,7,,,,0
VID_ (13),4,4,0,,,,0
VID_ (13),4,4,1,,,,0
VID_ (13),4,4,2,,,,0
VID_ (13),4,4,3,,,,0
VID_ (13),4,4,4,,,,0
VID_ (13),4,4,5,,,,0
VID_ (13),4,4,6,,,,0
VID_ (13),4,4,7,,,,0
VID_ (13),4,5,0,,,,0
VID_ (13),4,5,1,,,,0
VID_ (13),4,5,2,,,,0
VID_ (13),4,5,3,,,,0
VID_ (13),4,5,4,,,,0
VID_ (13),4,5,5,,,,0
VID_ (13),4,5,6,,,,0
VID_ (13),4,5,7,,,,0
VID_ (13),4,6,0,,,,0
VID_ (13),4,6,1,,,,0
VID_ (13),4,6,2,,,,0
VID_ (13),4,6,3,,,,0
VID_ (13),4,6,4,,,,0
VID_ (13),4,6,5,,,,0
VID_ (13),4,6,6,,,,0
VID_ (13),4,6,7,,,,0
VID_ (13),4,7,0,,,,0
VID_ (13),4,7,1,,,,0
VID_ (13),4,7,2,,,,0
VID_ (13),4,7,3,,,,0
VID_ (13),4,7,4,,,,0
VID_ (13),4,7,5,,,,0
VID_ (13),4,7,6,,,,0
VID_ (13),4,7,7,,,,0
VID_ (13),4,8,0,,,,0
VID_ (13),4,8,1,,,,0
VID_ (13),4,8,2,,,,0
VID_ (13),4,8,3,,,,0
VID_ (13),4,8,4,,,,0
VID_ (13),4,8,5,,,,0
VID_ (13),4,8,6,,,,0
VID_ (13),4,8,7,,,,0
VID_ (13),4,9,0,,,,0
VID_ (13),4,9,1,,,,0
VID_ (13),4,9,2,,,,0
VID_ (13),4,9,3,,,,0
VID_ (13),4,9,4,,,,0
VID_ (13),4,9,5,,,,0
VID_ (13),4,9,6,,,,0
VID_ (13),4,9,7,,,,0
VID_ (13),5,0,0,,,,0
VID_ (13),5,0,1,,,,0
VID_ (13),5,0,2,,,,0
VID_ (13),5,0,3,,,,0
VID_ (13),5,0,4,,,,0
VID_ (13),5,0,5,,,,0
VID_ (13),5,0,6,,,,0
VID_ (13),5,0,7,,,,0
VID_ (13),5,1,0,,,,0
VID_ (13),5,1,1,,,,0
VID_ (13),5,1,2,,,,0
VID_ (13),5,1,3,,,,0
VID_ (13),5,1,4,,,,0
VID_ (13),5,1,5,,,,0
VID_ (13),5,1,6,,,,0
VID_ (13),5,1,7,,,,0
VID_ (13),5,2,0,,,,0
VID_ (13),5,2,1,,,,0
VID_ (13),5,2,2,,,,0
VID_ (13),5,2,3,,,,0
VID_ (13),5,2,4,,,,0
VID_ (13),5,2,5,,,,0
VID_ (13),5,2,6,,,,0
VID_ (13),5,2,7,,,,0
VID_ (13),5,3,0,,,,0
VID_ (13),5,3,1,,,,0
VID_ (13),5,3,2,,,,0
VID_ (13),5,3,3,,,,0
VID_ (13),5,3,4,,,,0
VID_ (13),5,3,5,,,,0
VID_ (13),5,3,6,,,,0
VID_ (13),5,3,7,,,,0
VID_ (13),6,0,0,,,,0
VID_ (13),6,0,1,,,,0
VID_ (13),6,0,2,,,,0
VID_ (13),6,0,3,,,,0
VID_ (13),6,0,4,,,,0
VID_ (13),6,0,5,,,,0
VID_ (13),6,0,6,,,,0
VID_ (13),6,0,7,,,,0
VID_ (13),6,1,0,,,,0
VID_ (13),6,1,1,,,,0
VID_ (13),6,1,2,,,,0
VID_ (13),6,1,3,,,,0
VID_ (13),6,1,4,,,,0
VID_ (13),6,1,5,,,,0
VID_ (13),6,1,6,,,,0
VID_ (13),6,1,7,,,,0
VID_ (13),6,2,0,,,,0
VID_ (13),6,2,1,,,,0
VID_ (13),6,2,2,,,,0
VID_ (13),6,2,3,,,,0
VID_ (13),6,2,4,,,,0
VID_ (13),6,2,5,,,,0
VID_ (13),6,2,6,,,,0
VID_ (13),6,2,7,,,,0
VID_ (13),6,3,0,,,,0
VID_ (13),6,3,1,,,,0
VID_ (13),6,3,2,,,,0
VID_ (13),6,3,3,,,,0
VID_ (13),6,3,4,,,,0
VID_ (13),6,3,5,,,,0
VID_ (13),6,3,6,,,,0
VID_ (13),6,3,7,,,,0
VID_ (13),6,4,0,,,,0
VID_ (13),6,4,1,,,,0
VID_ (13),6,4,2,,,,0
VID_ (13),6,4,3,,,,0
VID_ (13),6,4,4,,,,0
VID_ (13),6,4,5,,,,0
VID_ (13),6,4,6,,,,0
VID_ (13),6,4,7,,,,0
VID_ (13),7,0,0,,,,0
VID_ (13),7,0,1,,,,0
VID_ (13),7,0,2,,,,0
VID_ (13),7,0,3,,,,0
VID_ (13),7,0,4,,,,0
VID_ (13),7,0,5,,,,0
VID_ (13),7,0,6,,,,0
VID_ (13),7,0,7,,,,0
VID_ (13),7,1,0,,,,0
VID_ (13),7,1,1,,,,0
VID_ (13),7,1,2,,,,0
VID_ (13),7,1,3,,,,0
VID_ (13),7,1,4,,,,0
VID_ (13),7,1,5,,,,0
VID_ (13),7,1,6,,,,0
VID_ (13),7,1,7,,,,0
VID_ (13),7,2,0,,,,0
VID_ (13),7,2,1,,,,0
VID_ (13),7,2,2,,,,0
VID_ (13),7,2,3,,,,0
VID_ (13),7,2,4,,,,0
VID_ (13),7,2,5,,,,0
VID_ (13),7,2,6,,,,0
VID_ (13),7,2,7,,,,0
VID_ (13),7,3,0,,,,0
VID_ (13),7,3,1,,,,0
VID_ (13),7,3,2,,,,0
VID_ (13),7,3,3,,,,0
VID_ (13),7,3,4,,,,0
VID_ (13),7,3,5,,,,0
VID_ (13),7,3,6,,,,0
VID_ (13),7,3,7,,,,0
VID_ (13),8,0,0,,,,0
VID_ (13),8,0,1,,,,0
VID_ (13),8,0,2,,,,0
VID_ (13),8,0,3,,,,0
VID_ (13),8,0,4,,,,0
VID_ (13),8,0,5,,,,0
VID_ (13),8,0,6,,,,0
VID_ (13),8,0,7,,,,0
VID_ (13),8,1,0,,,,0
VID_ (13),8,1,1,,,,0
VID_ (13),8,1,2,,,,0
VID_ (13),8,1,3,,,,0
VID_ (13),8,1,4,,,,0
VID_ (13),8,1,5,,,,0
VID_ (13),8,1,6,,,,0
VID_ (13),8,1,7,,,,0
VID_ (13),9,0,0,,,,0
VID_ (13),9,0,1,,,,0
VID_ (13),9,0,2,,,,0
VID_ (13),9,0,3,,,,0
VID_ (13),9,0,4,,,,0
VID_ (13),9,0,5,,,,0
VID_ (13),9,0,6,,,,0
VID_ (13),9,0,7,,,,0
VID_ (14),1,0,0,,,,0
VID_ (14),1,0,1,,,,0
VID_ (14),1,0,2,-8.91,-26.49,-7.41,1
VID_ (14),1,0,3,-8.04,-16.89,-1.47,1
VID_ (14),1,0,4,3.74,-22.2,-6.74,1
VID_ (14),1,0,5,0.3,-22.25,-4.1,1
VID_ (14),1,0,6,,,,0
VID_ (14),1,0,7,,,,0
VID_ (14),1,1,0,3.74,-22.2,-6.74,1
VID_ (14),1,1,1,0.3,-22.25,-4.1,1
VID_ (14),1,1,2,,,,0
VID_ (14),1,1,3,,,,0
VID_ (14),1,1,4,,,,0
VID_ (14),1,1,5,,,,0
VID_ (14),1,1,6,,,,0
VID_ (14),1,1,7,,,,0
VID_ (14),1,2,0,,,,0
VID_ (14),1,2,1,,,,0
VID_ (14),1,2,2,,,,0
VID_ (14),1,2,3,,,,0
VID_ (14),1,2,4,,,,0
VID_ (14),1,2,5,,,,0
VID_ (14),1,2,6,,,,0
VID_ (14),1,2,7,,,,0
VID_ (14),1,3,0,,,,0
VID_ (14),1,3,1,,,,0
VID_ (14),1,3,2,,,,0
VID_ (14),1,3,3,,,,0
VID_ (14),1,3,4,,,,0
VID_ (14),1,3,5,,,,0
VID_ (14),1,3,6,,,,0
VID_ (14),1,3,7,,,,0
VID_ (14),1,4,0,,,,0
VID_ (14),1,4,1,,,,0
VID_ (14),1,4,2,,,,0
VID_ (14),1,4,3,,,,0
VID_ (14),1,4,4,,,,0
VID_ (14),1,4,5,,,,0
VID_ (14),1,4,6,,,,0
VID_ (14),1,4,7,,,,0
VID_ (14),1,5,0,,,,0
VID_ (14),1,5,1,,,,0
VID_ (14),1,5,2,,,,0
VID_ (14),1,5,3,,,,0
VID_ (14),1,5,4,,,,0
VID_ (14),1,5,5,,,,0
VID_ (14),1,5,6,,,,0
VID_ (14),1,5,7,,,,0
VID_ (14),1,6,0,,,,0
VID_ (14),1,6,1,,,,0
VID_ (14),1,6,2,,,,0
VID_ (14),1,6,3,,,,0
VID_ (14),1,6,4,,,,0
VID_ (14),1,6,5,,,,0
VID_ (14),1,6,6,,,,0
VID_ (14),1,6,7,,,,0
VID_ (14),1,7,0,,,,0
VID_ (14),1,7,1,,,,0
VID_ (14),1,7,2,,,,0
VID_ (14),1,7,3,,,,0
VID_ (14),1,7,4,,,,0
VID_ (14),1,7,5,,,,0
VID_ (14),1,7,6,27.43,1.63,5.85,1
VID_ (14),1,7,7,,,,0
VID_ (14),1,8,0,,,,0
VID_ (14),1,8,1,,,,0
VID_ (14),1,8,2,27.43,1.63,5.85,1
VID_ (14),1,8,3,,,,0
VID_ (14),1,8,4,,,,0
VID_ (14),1,8,5,,,,0
VID_ (14),1,8,6,,,,0
VID_ (14),1,8,7,,,,0
VID_ (14),1,9,0,,,,0
VID_ (14),1,9,1,,,,0
VID_ (14),1,9,2,,,,0
VID_ (14),1,9,3,,,,0
VID_ (14),1,9,4,,,,0
VID_ (14),1,9,5,,,,0
VID_ (14),1,9,6,,,,0
VID_ (14),1,9,7,,,,0
VID_ (14),1,10,0,,,,0
VID_ (14),1,10,1,,,,0
VID_ (14),1,10,2,,,,0
VID_ (14),1,10,3,,,,0
VID_ (14),1,10,4,,,,0
VID_ (14),1,10,5,,,,0
VID_ (14),1,10,6,,,,0
VID_ (14),1,10,7,,,,0
VID_ (14),1,11,0,,,,0
VID_ (14),1,11,1,,,,0
VID_ (14),1,11,2,,,,0
VID_ (14),1,11,3,,,,0
VID_ (14),1,11,4,,,,0
VID_ (14),1,11,5,,,,0
VID_ (14),1,11,6,,,,0
VID_ (14),1,11,7,,,,0
VID_ (14),1,12,0,,,,0
VID_ (14),1,12,1,,,,0
VID_ (14),1,12,2,,,,0
VID_ (14),1,12,3,,,,0
VID_ (14),1,12,4,,,,0
VID_ (14),1,12,5,5.52,-4.11,-9.48,1
VID_ (14),1,12,6,5.87,-26.08,-9.09,1
VID_ (14),1,12,7,,,,0
VID_ (14),2,0,0,,,,0
VID_ (14),2,0,1,,,,0
VID_ (14),2,0,2,,,,0
VID_ (14),2,0,3,-61.84,-3.92,-22.4,1
VID_ (14),2,0,4,-24.56,-7.29,-11.86,1
VID_ (14),2,0,5,2.23,-9.69,-8.26,1
VID_ (14),2,0,6,1.96,-0.74,-0.48,1
VID_ (14),2,0,7,-17.78,-13.17,-3.16,1
VID_ (14),2,1,0,-24.56,-7.29,-11.86,1
VID_ (14),2,1,1,2.23,-9.69,-8.26,1
VID_ (14),2,1,2,1.96,-0.74,-0.48,1
VID_ (14),2,1,3,-17.78,-13.17,-3.16,1
VID_ (14),2,1,4,-25.24,-12.03,-11.88,1
VID_ (14),2,1,5,-30.3,-16.37,-11.89,1
VID_ (14),2,1,6,-28.02,-17.95,-9.51,1
VID_ (14),2,1,7,-26.62,-20.96,-10.4,1
VID_ (14),2,2,0,-25.24,-12.03,-11.88,1
VID_ (14),2,2,1,-30.3,-16.37,-11.89,1
VID_ (14),2,2,2,-28.02,-17.95,-9.51,1
VID_ (14),2,2,3,-26.62,-20.96,-10.4,1
VID_ (14),2,2,4,-26.52,-22.97,-8.96,1
VID_ (14),2,2,5,-26.38,-24.78,-8.14,1
VID_ (14),2,2,6,-27.86,-27.36,-7.17,1
VID_ (14),2,2,7,-26.65,-26.47,-7.28,1
VID_ (14),2,3,0,-26.52,-22.97,-8.96,1
VID_ (14),2,3,1,-26.38,-24.78,-8.14,1
VID_ (14),2,3,2,-27.86,-27.36,-7.17,1
VID_ (14),2,3,3,-26.65,-26.47,-7.28,1
VID_ (14),2,3,4,-28.59,-22.68,-8.28,1
VID_ (14),2,3,5,-27.91,-24.24,-6.97,1
VID_ (14),2,3,6,-42.88,-14.55,-13.35,1
VID_ (14),2,3,7,-45.81,6.16,1.75,1
VID_ (14),2,4,0,-28.59,-22.68,-8.28,1
VID_ (14),2,4,1,-27.91,-24.24,-6.97,1
VID_ (14),2,4,2,-42.88,-14.55,-13.35,1
VID_ (14),2,4,3,-45.81,6.16,1.75,1
VID_ (14),2,4,4,,,,0
VID_ (14),2,4,5,-10.39,-17.06,-7.48,1
VID_ (14),2,4,6,-44.32,-9.33,-11.66,1
VID_ (14),2,4,7,-38.13,-15.67,-8.57,1
VID_ (14),2,5,0,,,,0
VID_ (14),2,5,1,-10.39,-17.06,-7.48,1
VID_ (14),2,5,2,-44.32,-9.33,-11.66,1
VID_ (14),2,5,3,-38.13,-15.67,-8.57,1
VID_ (14),2,5,4,-28.82,-15.67,-5.24,1
VID_ (14),2,5,5,-25.03,-23.82,-4.85,1
VID_ (14),2,5,6,-28.3,-23.16,-6.1,1
VID_ (14),2,5,7,-28.78,-22.62,-5.59,1
VID_ (14),2,6,0,-28.82,-15.67,-5.24,1
VID_ (14),2,6,1,-25.03,-23.82,-4.85,1
VID_ (14),2,6,2,-28.3,-23.16,-6.1,1
VID_ (14),2,6,3,-28.78,-22.62,-5.59,1
VID_ (14),2,6,4,-34.6,-21.68,-6.04,1
VID_ (14),2,6,5,-37.42,-22.02,-7.15,1
VID_ (14),2,6,6,-40.83,-14.83,-11.32,1
VID_ (14),2,6,7,-38.16,-15.23,-12.9,1
VID_ (14),2,7,0,-34.6,-21.68,-6.04,1
VID_ (14),2,7,1,-37.42,-22.02,-7.15,1
VID_ (14),2,7,2,-40.83,-14.83,-11.32,1
VID_ (14),2,7,3,-38.16,-15.23,-12.9,1
VID_ (14),2,7,4,-43.36,-12.34,-13.47,1
VID_ (14),2,7,5,-42.34,-13.72,-12.84,1
VID_ (14),2,7,6,-43.84,-12.87,-14.4,1
VID_ (14),2,7,7,-44.85,-14.47,-12.09,1
VID_ (14),2,8,0,-43.36,-12.34,-13.47,1
VID_ (14),2,8,1,-42.34,-13.72,-12.84,1
VID_ (14),2,8,2,-43.84,-12.87,-14.4,1
VID_ (14),2,8,3,-44.85,-14.47,-12.09,1
VID_ (14),2,8,4,-44.38,-16.52,-10.34,1
VID_ (14),2,8,5,-40.77,-16.55,-11.99,1
VID_ (14),2,8,6,-39.1,-20.81,-10.1,1
VID_ (14),2,8,7,-39.72,-16.78,-11.34,1
VID_ (14),2,9,0,-44.38,-16.52,-10.34,1
VID_ (14),2,9,1,-40.77,-16.55,-11.99,1
VID_ (14),2,9,2,-39.1,-20.81,-10.1,1
VID_ (14),2,9,3,-39.72,-16.78,-11.34,1
VID_ (14),2,9,4,-42.53,-14.43,-13.18,1
VID_ (14),2,9,5,-43.85,-12.4,-13.32,1
VID_ (14),2,9,6,-44.71,-13.92,-12.22,1
VID_ (14),2,9,7,-44.11,-12.19,-12.69,1
VID_ (14),2,10,0,-42.53,-14.43,-13.18,1
VID_ (14),2,10,1,-43.85,-12.4,-13.32,1
VID_ (14),2,10,2,-44.71,-13.92,-12.22,1
VID_ (14),2,10,3,-44.11,-12.19,-12.69,1
VID_ (14),2,10,4,-43.15,-11.71,-13.07,1
VID_ (14),2,10,5,-42.87,-10.42,-13.0,1
VID_ (14),2,10,6,-45.07,-10.43,-12.4,1
VID_ (14),2,10,7,-45.83,-8.68,-13.93,1
VID_ (14),2,11,0,-43.15,-11.71,-13.07,1
VID_ (14),2,11,1,-42.87,-10.42,-13.0,1
VID_ (14),2,11,2,-45.07,-10.43,-12.4,1
VID_ (14),2,11,3,-45.83,-8.68,-13.93,1
VID_ (14),2,11,4,-46.17,-8.67,-14.1,1
VID_ (14),2,11,5,-44.75,-8.48,-13.53,1
VID_ (14),2,11,6,-43.86,-11.45,-11.87,1
VID_ (14),2,11,7,-43.19,-9.58,-12.88,1
VID_ (14),2,12,0,-46.17,-8.67,-14.1,1
VID_ (14),2,12,1,-44.75,-8.48,-13.53,1
VID_ (14),2,12,2,-43.86,-11.45,-11.87,1
VID_ (14),2,12,3,-43.19,-9.58,-12.88,1
VID_ (14),2,12,4,-44.68,-10.26,-13.07,1
VID_ (14),2,12,5,-45.5,-10.11,-13.92,1
VID_ (14),2,12,6,-45.83,-7.92,-13.97,1
VID_ (14),2,12,7,-50.68,-7.0,-14.68,1
VID_ (14),3,0,0,,,,0
VID_ (14),3,0,1,,,,0
VID_ (14),3,0,2,-37.89,-10.15,-10.9,1
VID_ (14),3,0,3,,,,0
VID_ (14),3,0,4,,,,0
VID_ (14),3,0,5,,,,0
VID_ (14),3,0,6,,,,0
VID_ (14),3,0,7,,,,0
VID_ (14),4,0,0,,,,0
VID_ (14),4,0,1,,,,0
VID_ (14),4,0,2,,,,0
VID_ (14),4,0,3,,,,0
VID_ (14),4,0,4,,,,0
VID_ (14),4,0,5,,,,0
VID_ (14),4,0,6,,,,0
VID_ (14),4,0,7,,,,0
VID_ (14),5,0,0,,,,0
VID_ (14),5,0,1,,,,0
VID_ (14),5,0,2,,,,0
VID_ (14),5,0,3,,,,0
VID_ (14),5,0,4,,,,0
VID_ (14),5,0,5,,,,0
VID_ (14),5,0,6,,,,0
VID_ (14),5,0,7,,,,0
VID_ (14),5,1,0,,,,0
VID_ (14),5,1,1,,,,0
VID_ (14),5,1,2,,,,0
VID_ (14),5,1,3,,,,0
VID_ (14),5,1,4,,,,0
VID_ (14),5,1,5,,,,0
VID_ (14),5,1,6,,,,0
VID_ (14),5,1,7,,,,0
VID_ (14),5,2,0,,,,0
VID_ (14),5,2,1,,,,0
VID_ (14),5,2,2,,,,0
VID_ (14),5,2,3,,,,0
VID_ (14),5,2,4,,,,0
VID_ (14),5,2,5,,,,0
VID_ (14),5,2,6,,,,0
VID_ (14),5,2,7,,,,0
VID_ (14),5,3,0,,,,0
VID_ (14),5,3,1,,,,0
VID_ (14),5,3,2,,,,0
VID_ (14),5,3,3,,,,0
VID_ (14),5,3,4,,,,0
VID_ (14),5,3,5,,,,0
VID_ (14),5,3,6,,,,0
VID_ (14),5,3,7,,,,0
VID_ (14),5,4,0,,,,0
VID_ (14),5,4,1,,,,0
VID_ (14),5,4,2,,,,0
VID_ (14),5,4,3,,,,0
VID_ (14),5,4,4,,,,0
VID_ (14),5,4,5,,,,0
VID_ (14),5,4,6,,,,0
VID_ (14),5,4,7,,,,0
VID_ (14),5,5,0,,,,0
VID_ (14),5,5,1,,,,0
VID_ (14),5,5,2,,,,0
VID_ (14),5,5,3,,,,0
VID_ (14),5,5,4,,,,0
VID_ (14),5,5,5,,,,0
VID_ (14),5,5,6,,,,0
VID_ (14),5,5,7,,,,0
VID_ (14),5,6,0,,,,0
VID_ (14),5,6,1,,,,0
VID_ (14),5,6,2,,,,0
VID_ (14),5,6,3,,,,0
VID_ (14),5,6,4,,,,0
VID_ (14),5,6,5,,,,0
VID_ (14),5,6,6,,,,0
VID_ (14),5,6,7,,,,0
VID_ (14),6,0,0,,,,0
VID_ (14),6,0,1,,,,0
VID_ (14),6,0,2,,,,0
VID_ (14),6,0,3,,,,0
VID_ (14),6,0,4,,,,0
VID_ (14),6,0,5,,,,0
VID_ (14),6,0,6,,,,0
VID_ (14),6,0,7,,,,0
VID_ (14),6,1,0,,,,0
VID_ (14),6,1,1,,,,0
VID_ (14),6,1,2,,,,0
VID_ (14),6,1,3,,,,0
VID_ (14),6,1,4,,,,0
VID_ (14),6,1,5,,,,0
VID_ (14),6,1,6,,,,0
VID_ (14),6,1,7,,,,0
VID_ (14),6,2,0,,,,0
VID_ (14),6,2,1,,,,0
VID_ (14),6,2,2,,,,0
VID_ (14),6,2,3,,,,0
VID_ (14),6,2,4,,,,0
VID_ (14),6,2,5,,,,0
VID_ (14),6,2,6,,,,0
VID_ (14),6,2,7,,,,0
VID_ (14),6,3,0,,,,0
VID_ (14),6,3,1,,,,0
VID_ (14),6,3,2,,,,0
VID_ (14),6,3,3,,,,0
VID_ (14),6,3,4,,,,0
VID_ (14),6,3,5,,,,0
VID_ (14),6,3,6,,,,0
VID_ (14),6,3,7,,,,0
VID_ (15),1,0,0,,,,0
VID_ (15),1,0,1,,,,0
VID_ (15),1,0,2,,,,0
VID_ (15),1,0,3,,,,0
VID_ (15),1,0,4,,,,0
VID_ (15),1,0,5,,,,0
VID_ (15),1,0,6,,,,0
VID_ (15),1,0,7,,,,0
VID_ (15),1,1,0,,,,0
VID_ (15),1,1,1,,,,0
VID_ (15),1,1,2,,,,0
VID_ (15),1,1,3,,,,0
VID_ (15),1,1,4,,,,0
VID_ (15),1,1,5,,,,0
VID_ (15),1,1,6,,,,0
VID_ (15),1,1,7,,,,0
VID_ (15),1,2,0,,,,0
VID_ (15),1,2,1,,,,0
VID_ (15),1,2,2,,,,0
VID_ (15),1,2,3,,,,0
VID_ (15),1,2,4,,,,0
VID_ (15),1,2,5,,,,0
VID_ (15),1,2,6,,,,0
VID_ (15),1,2,7,,,,0
VID_ (15),1,3,0,,,,0
VID_ (15),1,3,1,,,,0
VID_ (15),1,3,2,,,,0
VID_ (15),1,3,3,,,,0
VID_ (15),1,3,4,,,,0
VID_ (15),1,3,5,,,,0
VID_ (15),1,3,6,,,,0
VID_ (15),1,3,7,,,,0
VID_ (15),1,4,0,,,,0
VID_ (15),1,4,1,,,,0
VID_ (15),1,4,2,,,,0
VID_ (15),1,4,3,,,,0
VID_ (15),1,4,4,,,,0
VID_ (15),1,4,5,,,,0
VID_ (15),1,4,6,,,,0
VID_ (15),1,4,7,,,,0
VID_ (15),1,5,0,,,,0
VID_ (15),1,5,1,,,,0
VID_ (15),1,5,2,,,,0
VID_ (15),1,5,3,,,,0
VID_ (15),1,5,4,,,,0
VID_ (15),1,5,5,,,,0
VID_ (15),1,5,6,,,,0
VID_ (15),1,5,7,,,,0
VID_ (15),1,6,0,,,,0
VID_ (15),1,6,1,,,,0
VID_ (15),1,6,2,,,,0
VID_ (15),1,6,3,,,,0
VID_ (15),1,6,4,,,,0
VID_ (15),1,6,5,,,,0
VID_ (15),1,6,6,,,,0
VID_ (15),1,6,7,,,,0
VID_ (15),1,7,0,,,,0
VID_ (15),1,7,1,,,,0
VID_ (15),1,7,2,,,,0
VID_ (15),1,7,3,,,,0
VID_ (15),1,7,4,,,,0
VID_ (15),1,7,5,,,,0
VID_ (15),1,7,6,,,,0
VID_ (15),1,7,7,,,,0
VID_ (15),1,8,0,,,,0
VID_ (15),1,8,1,,,,0
VID_ (15),1,8,2,,,,0
VID_ (15),1,8,3,,,,0
VID_ (15),1,8,4,,,,0
VID_ (15),1,8,5,,,,0
VID_ (15),1,8,6,,,,0
VID_ (15),1,8,7,,,,0
VID_ (15),1,9,0,,,,0
VID_ (15),1,9,1,,,,0
VID_ (15),1,9,2,,,,0
VID_ (15),1,9,3,,,,0
VID_ (15),1,9,4,,,,0
VID_ (15),1,9,5,,,,0
VID_ (15),1,9,6,,,,0
VID_ (15),1,9,7,,,,0
VID_ (15),1,10,0,,,,0
VID_ (15),1,10,1,,,,0
VID_ (15),1,10,2,,,,0
VID_ (15),1,10,3,,,,0
VID_ (15),1,10,4,,,,0
VID_ (15),1,10,5,,,,0
VID_ (15),1,10,6,,,,0
VID_ (15),1,10,7,,,,0
VID_ (15),1,11,0,,,,0
VID_ (15),1,11,1,,,,0
VID_ (15),1,11,2,,,,0
VID_ (15),1,11,3,,,,0
VID_ (15),1,11,4,,,,0
VID_ (15),1,11,5,,,,0
VID_ (15),1,11,6,,,,0
VID_ (15),1,11,7,,,,0
VID_ (15),2,0,0,,,,0
VID_ (15),2,0,1,,,,0
VID_ (15),2,0,2,,,,0
VID_ (15),2,0,3,,,,0
VID_ (15),2,0,4,,,,0
VID_ (15),2,0,5,,,,0
VID_ (15),2,0,6,,,,0
VID_ (15),2,0,7,,,,0
VID_ (15),2,1,0,,,,0
VID_ (15),2,1,1,,,,0
VID_ (15),2,1,2,,,,0
VID_ (15),2,1,3,,,,0
VID_ (15),2,1,4,,,,0
VID_ (15),2,1,5,,,,0
VID_ (15),2,1,6,,,,0
VID_ (15),2,1,7,,,,0
VID_ (15),2,2,0,,,,0
VID_ (15),2,2,1,,,,0
VID_ (15),2,2,2,,,,0
VID_ (15),2,2,3,,,,0
VID_ (15),2,2,4,,,,0
VID_ (15),2,2,5,,,,0
VID_ (15),2,2,6,,,,0
VID_ (15),2,2,7,,,,0
VID_ (15),2,3,0,,,,0
VID_ (15),2,3,1,,,,0
VID_ (15),2,3,2,,,,0
VID_ (15),2,3,3,,,,0
VID_ (15),2,3,4,,,,0
VID_ (15),2,3,5,,,,0
VID_ (15),2,3,6,,,,0
VID_ (15),2,3,7,,,,0
VID_ (15),2,4,0,,,,0
VID_ (15),2,4,1,,,,0
VID_ (15),2,4,2,,,,0
VID_ (15),2,4,3,,,,0
VID_ (15),2,4,4,,,,0
VID_ (15),2,4,5,,,,0
VID_ (15),2,4,6,,,,0
VID_ (15),2,4,7,,,,0
VID_ (15),2,5,0,,,,0
VID_ (15),2,5,1,,,,0
VID_ (15),2,5,2,,,,0
VID_ (15),2,5,3,,,,0
VID_ (15),2,5,4,,,,0
VID_ (15),2,5,5,,,,0
VID_ (15),2,5,6,,,,0
VID_ (15),2,5,7,,,,0
VID_ (15),2,6,0,,,,0
VID_ (15),2,6,1,,,,0
VID_ (15),2,6,2,,,,0
VID_ (15),2,6,3,,,,0
VID_ (15),2,6,4,,,,0
VID_ (15),2,6,5,,,,0
VID_ (15),2,6,6,,,,0
VID_ (15),2,6,7,,,,0
VID_ (15),2,7,0,,,,0
VID_ (15),2,7,1,,,,0
VID_ (15),2,7,2,,,,0
VID_ (15),2,7,3,,,,0
VID_ (15),2,7,4,,,,0
VID_ (15),2,7,5,,,,0
VID_ (15),2,7,6,,,,0
VID_ (15),2,7,7,,,,0
VID_ (15),2,8,0,,,,0
VID_ (15),2,8,1,,,,0
VID_ (15),2,8,2,,,,0
VID_ (15),2,8,3,,,,0
VID_ (15),2,8,4,,,,0
VID_ (15),2,8,5,,,,0
VID_ (15),2,8,6,,,,0
VID_ (15),2,8,7,,,,0
VID_ (15),2,9,0,,,,0
VID_ (15),2,9,1,,,,0
VID_ (15),2,9,2,,,,0
VID_ (15),2,9,3,,,,0
VID_ (15),2,9,4,,,,0
VID_ (15),2,9,5,,,,0
VID_ (15),2,9,6,,,,0
VID_ (15),2,9,7,,,,0
VID_ (15),2,10,0,,,,0
VID_ (15),2,10,1,,,,0
VID_ (15),2,10,2,,,,0
VID_ (15),2,10,3,,,,0
VID_ (15),2,10,4,,,,0
VID_ (15),2,10,5,,,,0
VID_ (15),2,10,6,,,,0
VID_ (15),2,10,7,,,,0
VID_ (15),2,11,0,,,,0
VID_ (15),2,11,1,,,,0
VID_ (15),2,11,2,,,,0
VID_ (15),2,11,3,,,,0
VID_ (15),2,11,4,,,,0
VID_ (15),2,11,5,,,,0
VID_ (15),2,11,6,,,,0
VID_ (15),2,11,7,,,,0
VID_ (15),3,0,0,,,,0
VID_ (15),3,0,1,,,,0
VID_ (15),3,0,2,,,,0
VID_ (15),3,0,3,,,,0
VID_ (15),3,0,4,,,,0
VID_ (15),3,0,5,,,,0
VID_ (15),3,0,6,,,,0
VID_ (15),3,0,7,,,,0
VID_ (15),3,1,0,,,,0
VID_ (15),3,1,1,,,,0
VID_ (15),3,1,2,,,,0
VID_ (15),3,1,3,,,,0
VID_ (15),3,1,4,,,,0
VID_ (15),3,1,5,,,,0
VID_ (15),3,1,6,,,,0
VID_ (15),3,1,7,,,,0
VID_ (15),4,0,0,,,,0
VID_ (15),4,0,1,,,,0
VID_ (15),4,0,2,,,,0
VID_ (15),4,0,3,,,,0
VID_ (15),4,0,4,,,,0
VID_ (15),4,0,5,,,,0
VID_ (15),4,0,6,,,,0
VID_ (15),4,0,7,,,,0
VID_ (15),4,1,0,,,,0
VID_ (15),4,1,1,,,,0
VID_ (15),4,1,2,,,,0
VID_ (15),4,1,3,,,,0
VID_ (15),4,1,4,,,,0
VID_ (15),4,1,5,,,,0
VID_ (15),4,1,6,,,,0
VID_ (15),4,1,7,,,,0
VID_ (15),4,2,0,,,,0
VID_ (15),4,2,1,,,,0
VID_ (15),4,2,2,,,,0
VID_ (15),4,2,3,,,,0
VID_ (15),4,2,4,,,,0
VID_ (15),4,2,5,,,,0
VID_ (15),4,2,6,,,,0
VID_ (15),4,2,7,,,,0
VID_ (15),4,3,0,,,,0
VID_ (15),4,3,1,,,,0
VID_ (15),4,3,2,,,,0
VID_ (15),4,3,3,,,,0
VID_ (15),4,3,4,,,,0
VID_ (15),4,3,5,,,,0
VID_ (15),4,3,6,,,,0
VID_ (15),4,3,7,,,,0
VID_ (15),5,0,0,,,,0
VID_ (15),5,0,1,,,,0
VID_ (15),5,0,2,,,,0
VID_ (15),5,0,3,,,,0
VID_ (15),5,0,4,,,,0
VID_ (15),5,0,5,,,,0
VID_ (15),5,0,6,,,,0
VID_ (15),5,0,7,,,,0
VID_ (15),5,1,0,,,,0
VID_ (15),5,1,1,,,,0
VID_ (15),5,1,2,,,,0
VID_ (15),5,1,3,,,,0
VID_ (15),5,1,4,,,,0
VID_ (15),5,1,5,,,,0
VID_ (15),5,1,6,,,,0
VID_ (15),5,1,7,,,,0
VID_ (16),1,0,0,,,,0
VID_ (16),1,0,1,,,,0
VID_ (16),1,0,2,,,,0
VID_ (16),1,0,3,,,,0
VID_ (16),1,0,4,,,,0
VID_ (16),1,0,5,,,,0
VID_ (16),1,0,6,,,,0
VID_ (16),1,0,7,,,,0
VID_ (16),1,1,0,,,,0
VID_ (16),1,1,1,,,,0
VID_ (16),1,1,2,,,,0
VID_ (16),1,1,3,,,,0
VID_ (16),1,1,4,,,,0
VID_ (16),1,1,5,,,,0
VID_ (16),1,1,6,,,,0
VID_ (16),1,1,7,,,,0
VID_ (16),1,2,0,,,,0
VID_ (16),1,2,1,,,,0
VID_ (16),1,2,2,,,,0
VID_ (16),1,2,3,,,,0
VID_ (16),1,2,4,,,,0
VID_ (16),1,2,5,,,,0
VID_ (16),1,2,6,,,,0
VID_ (16),1,2,7,,,,0
VID_ (16),1,3,0,,,,0
VID_ (16),1,3,1,,,,0
VID_ (16),1,3,2,,,,0
VID_ (16),1,3,3,,,,0
VID_ (16),1,3,4,,,,0
VID_ (16),1,3,5,,,,0
VID_ (16),1,3,6,,,,0
VID_ (16),1,3,7,,,,0
VID_ (16),1,4,0,,,,0
VID_ (16),1,4,1,,,,0
VID_ (16),1,4,2,,,,0
VID_ (16),1,4,3,,,,0
VID_ (16),1,4,4,,,,0
VID_ (16),1,4,5,,,,0
VID_ (16),1,4,6,,,,0
VID_ (16),1,4,7,,,,0
VID_ (16),1,5,0,,,,0
VID_ (16),1,5,1,,,,0
VID_ (16),1,5,2,,,,0
VID_ (16),1,5,3,,,,0
VID_ (16),1,5,4,,,,0
VID_ (16),1,5,5,,,,0
VID_ (16),1,5,6,,,,0
VID_ (16),1,5,7,,,,0
VID_ (16),1,6,0,,,,0
VID_ (16),1,6,1,,,,0
VID_ (16),1,6,2,,,,0
VID_ (16),1,6,3,,,,0
VID_ (16),1,6,4,,,,0
VID_ (16),1,6,5,,,,0
VID_ (16),1,6,6,,,,0
VID_ (16),1,6,7,,,,0
VID_ (16),1,7,0,,,,0
VID_ (16),1,7,1,,,,0
VID_ (16),1,7,2,,,,0
VID_ (16),1,7,3,,,,0
VID_ (16),1,7,4,,,,0
VID_ (16),1,7,5,,,,0
VID_ (16),1,7,6,,,,0
VID_ (16),1,7,7,,,,0
VID_ (16),1,8,0,,,,0
VID_ (16),1,8,1,,,,0
VID_ (16),1,8,2,,,,0
VID_ (16),1,8,3,,,,0
VID_ (16),1,8,4,,,,0
VID_ (16),1,8,5,,,,0
VID_ (16),1,8,6,,,,0
VID_ (16),1,8,7,,,,0
VID_ (16),1,9,0,,,,0
VID_ (16),1,9,1,,,,0
VID_ (16),1,9,2,,,,0
VID_ (16),1,9,3,,,,0
VID_ (16),1,9,4,,,,0
VID_ (16),1,9,5,,,,0
VID_ (16),1,9,6,,,,0
VID_ (16),1,9,7,,,,0
VID_ (16),1,10,0,,,,0
VID_ (16),1,10,1,,,,0
VID_ (16),1,10,2,,,,0
VID_ (16),1,10,3,,,,0
VID_ (16),1,10,4,,,,0
VID_ (16),1,10,5,,,,0
VID_ (16),1,10,6,,,,0
VID_ (16),1,10,7,,,,0
VID_ (16),1,11,0,,,,0
VID_ (16),1,11,1,,,,0
VID_ (16),1,11,2,,,,0
VID_ (16),1,11,3,,,,0
VID_ (16),1,11,4,,,,0
VID_ (16),1,11,5,,,,0
VID_ (16),1,11,6,,,,0
VID_ (16),1,11,7,,,,0
VID_ (16),2,0,0,,,,0
VID_ (16),2,0,1,,,,0
VID_ (16),2,0,2,,,,0
VID_ (16),2,0,3,,,,0
VID_ (16),2,0,4,,,,0
VID_ (16),2,0,5,,,,0
VID_ (16),2,0,6,,,,0
VID_ (16),2,0,7,,,,0
VID_ (16),2,1,0,,,,0
VID_ (16),2,1,1,,,,0
VID_ (16),2,1,2,,,,0
VID_ (16),2,1,3,,,,0
VID_ (16),2,1,4,,,,0
VID_ (16),2,1,5,,,,0
VID_ (16),2,1,6,,,,0
VID_ (16),2,1,7,,,,0
VID_ (16),2,2,0,,,,0
VID_ (16),2,2,1,,,,0
VID_ (16),2,2,2,,,,0
VID_ (16),2,2,3,,,,0
VID_ (16),2,2,4,,,,0
VID_ (16),2,2,5,,,,0
VID_ (16),2,2,6,,,,0
VID_ (16),2,2,7,,,,0
VID_ (16),2,3,0,,,,0
VID_ (16),2,3,1,,,,0
VID_ (16),2,3,2,,,,0
VID_ (16),2,3,3,,,,0
VID_ (16),2,3,4,,,,0
VID_ (16),2,3,5,,,,0
VID_ (16),2,3,6,,,,0
VID_ (16),2,3,7,,,,0
VID_ (16),2,4,0,,,,0
VID_ (16),2,4,1,,,,0
VID_ (16),2,4,2,,,,0
VID_ (16),2,4,3,,,,0
VID_ (16),2,4,4,,,,0
VID_ (16),2,4,5,,,,0
VID_ (16),2,4,6,,,,0
VID_ (16),2,4,7,,,,0
VID_ (16),2,5,0,,,,0
VID_ (16),2,5,1,,,,0
VID_ (16),2,5,2,,,,0
VID_ (16),2,5,3,,,,0
VID_ (16),2,5,4,,,,0
VID_ (16),2,5,5,,,,0
VID_ (16),2,5,6,,,,0
VID_ (16),2,5,7,,,,0
VID_ (16),2,6,0,,,,0
VID_ (16),2,6,1,,,,0
VID_ (16),2,6,2,,,,0
VID_ (16),2,6,3,,,,0
VID_ (16),2,6,4,,,,0
VID_ (16),2,6,5,,,,0
VID_ (16),2,6,6,,,,0
VID_ (16),2,6,7,84.94,-38.46,-41.9,1
VID_ (16),2,7,0,,,,0
VID_ (16),2,7,1,,,,0
VID_ (16),2,7,2,,,,0
VID_ (16),2,7,3,84.94,-38.46,-41.9,1
VID_ (16),2,7,4,86.45,-53.41,-50.4,1
VID_ (16),2,7,5,,,,0
VID_ (16),2,7,6,,,,0
VID_ (16),2,7,7,84.41,-47.73,-43.27,1
VID_ (16),2,8,0,86.45,-53.41,-50.4,1
VID_ (16),2,8,1,,,,0
VID_ (16),2,8,2,,,,0
VID_ (16),2,8,3,84.41,-47.73,-43.27,1
VID_ (16),2,8,4,86.63,-82.58,-79.97,1
VID_ (16),2,8,5,,,,0
VID_ (16),2,8,6,,,,0
VID_ (16),2,8,7,,,,0
VID_ (16),2,9,0,86.63,-82.58,-79.97,1
VID_ (16),2,9,1,,,,0
VID_ (16),2,9,2,,,,0
VID_ (16),2,9,3,,,,0
VID_ (16),2,9,4,,,,0
VID_ (16),2,9,5,,,,0
VID_ (16),2,9,6,,,,0
VID_ (16),2,9,7,,,,0
VID_ (16),2,10,0,,,,0
VID_ (16),2,10,1,,,,0
VID_ (16),2,10,2,,,,0
VID_ (16),2,10,3,,,,0
VID_ (16),2,10,4,,,,0
VID_ (16),2,10,5,,,,0
VID_ (16),2,10,6,,,,0
VID_ (16),2,10,7,,,,0
VID_ (16),2,11,0,,,,0
VID_ (16),2,11,1,,,,0
VID_ (16),2,11,2,,,,0
VID_ (16),2,11,3,,,,0
VID_ (16),2,11,4,,,,0
VID_ (16),2,11,5,,,,0
VID_ (16),2,11,6,,,,0
VID_ (16),2,11,7,,,,0
VID_ (2),1,0,0,-19.19,-15.55,8.73,1
VID_ (2),1,0,1,-16.9,-20.01,9.81,1
VID_ (2),1,0,2,-19.81,-17.59,8.57,1
VID_ (2),1,0,3,-22.88,-17.31,8.0,1
VID_ (2),1,0,4,-19.22,-17.73,8.39,1
VID_ (2),1,0,5,-22.6,-15.9,7.3,1
VID_ (2),1,0,6,-22.78,-16.68,8.14,1
VID_ (2),1,0,7,-22.4,-17.58,10.07,1
VID_ (2),1,1,0,-19.22,-17.73,8.39,1
VID_ (2),1,1,1,-22.6,-15.9,7.3,1
VID_ (2),1,1,2,-22.78,-16.68,8.14,1
VID_ (2),1,1,3,-22.4,-17.58,10.07,1
VID_ (2),1,1,4,-21.75,-19.98,9.41,1
VID_ (2),1,1,5,-26.05,-15.93,6.87,1
VID_ (2),1,1,6,-26.5,-16.89,6.68,1
VID_ (2),1,1,7,-23.17,-14.0,5.47,1
VID_ (2),1,2,0,-21.75,-19.98,9.41,1
VID_ (2),1,2,1,-26.05,-15.93,6.87,1
VID_ (2),1,2,2,-26.5,-16.89,6.68,1
VID_ (2),1,2,3,-23.17,-14.0,5.47,1
VID_ (2),1,2,4,-22.52,-16.58,7.37,1
VID_ (2),1,2,5,-22.75,-19.13,6.79,1
VID_ (2),1,2,6,-23.15,-17.54,6.01,1
VID_ (2),1,2,7,-20.22,-18.71,6.83,1
VID_ (2),1,3,0,-22.52,-16.58,7.37,1
VID_ (2),1,3,1,-22.75,-19.13,6.79,1
VID_ (2),1,3,2,-23.15,-17.54,6.01,1
VID_ (2),1,3,3,-20.22,-18.71,6.83,1
VID_ (2),1,3,4,-14.21,-23.29,4.17,1
VID_ (2),1,3,5,-25.36,-15.2,8.89,1
VID_ (2),1,3,6,-25.82,-14.92,7.0,1
VID_ (2),1,3,7,-29.44,-16.49,8.17,1
VID_ (2),1,4,0,-14.21,-23.29,4.17,1
VID_ (2),1,4,1,-25.36,-15.2,8.89,1
VID_ (2),1,4,2,-25.82,-14.92,7.0,1
VID_ (2),1,4,3,-29.44,-16.49,8.17,1
VID_ (2),1,4,4,-30.64,-13.49,8.28,1
VID_ (2),1,4,5,-23.79,-12.76,7.24,1
VID_ (2),1,4,6,-25.26,-15.57,9.61,1
VID_ (2),1,4,7,-28.78,-16.09,10.44,1
VID_ (2),1,5,0,-30.64,-13.49,8.28,1
VID_ (2),1,5,1,-23.79,-12.76,7.24,1
VID_ (2),1,5,2,-25.26,-15.57,9.61,1
VID_ (2),1,5,3,-28.78,-16.09,10.44,1
VID_ (2),1,5,4,-31.0,-11.22,4.52,1
VID_ (2),1,5,5,-26.49,-14.7,6.17,1
VID_ (2),1,5,6,-24.69,-14.09,4.97,1
VID_ (2),1,5,7,-22.07,-14.52,5.55,1
VID_ (2),1,6,0,-31.0,-11.22,4.52,1
VID_ (2),1,6,1,-26.49,-14.7,6.17,1
VID_ (2),1,6,2,-24.69,-14.09,4.97,1
VID_ (2),1,6,3,-22.07,-14.52,5.55,1
VID_ (2),1,6,4,-17.34,-13.12,4.69,1
VID_ (2),1,6,5,-18.29,-10.93,4.88,1
VID_ (2),1,6,6,-21.03,-15.23,6.7,1
VID_ (2),1,6,7,-20.16,-18.63,7.63,1
VID_ (2),1,7,0,-17.34,-13.12,4.69,1
VID_ (2),1,7,1,-18.29,-10.93,4.88,1
VID_ (2),1,7,2,-21.03,-15.23,6.7,1
VID_ (2),1,7,3,-20.16,-18.63,7.63,1
VID_ (2),1,7,4,-27.38,-15.28,6.72,1
VID_ (2),1,7,5,-24.09,-16.17,5.97,1
VID_ (2),1,7,6,-28.39,-17.1,10.95,1
VID_ (2),1,7,7,-23.56,-14.16,5.5,1
VID_ (2),1,8,0,-27.38,-15.28,6.72,1
VID_ (2),1,8,1,-24.09,-16.17,5.97,1
VID_ (2),1,8,2,-28.39,-17.1,10.95,1
VID_ (2),1,8,3,-23.56,-14.16,5.5,1
VID_ (2),1,8,4,-24.48,-16.04,5.3,1
VID_ (2),1,8,5,-23.23,-15.6,5.88,1
VID_ (2),1,8,6,-21.51,-15.92,6.01,1
VID_ (2),1,8,7,-21.48,-14.96,6.02,1
VID_ (2),1,9,0,-24.48,-16.04,5.3,1
VID_ (2),1,9,1,-23.23,-15.6,5.88,1
VID_ (2),1,9,2,-21.51,-15.92,6.01,1
VID_ (2),1,9,3,-21.48,-14.96,6.02,1
VID_ (2),1,9,4,-20.23,-12.87,6.46,1
VID_ (2),1,9,5,-21.81,-13.98,5.67,1
VID_ (2),1,9,6,-18.73,-14.46,6.49,1
VID_ (2),1,9,7,-19.14,-12.56,5.14,1
VID_ (2),1,10,0,-20.23,-12.87,6.46,1
VID_ (2),1,10,1,-21.81,-13.98,5.67,1
VID_ (2),1,10,2,-18.73,-14.46,6.49,1
VID_ (2),1,10,3,-19.14,-12.56,5.14,1
VID_ (2),1,10,4,-16.0,-14.28,5.93,1
VID_ (2),1,10,5,-17.11,-12.42,7.21,1
VID_ (2),1,10,6,-17.07,-12.94,7.01,1
VID_ (2),1,10,7,-21.04,-13.01,6.93,1
VID_ (2),1,11,0,-16.0,-14.28,5.93,1
VID_ (2),1,11,1,-17.11,-12.42,7.21,1
VID_ (2),1,11,2,-17.07,-12.94,7.01,1
VID_ (2),1,11,3,-21.04,-13.01,6.93,1
VID_ (2),1,11,4,-24.81,-16.19,5.7,1
VID_ (2),1,11,5,-23.16,-15.32,8.81,1
VID_ (2),1,11,6,-18.26,-17.02,8.89,1
VID_ (2),1,11,7,-20.26,-16.41,7.8,1
VID_ (2),1,12,0,-24.81,-16.19,5.7,1
VID_ (2),1,12,1,-23.16,-15.32,8.81,1
VID_ (2),1,12,2,-18.26,-17.02,8.89,1
VID_ (2),1,12,3,-20.26,-16.41,7.8,1
VID_ (2),1,12,4,-18.07,-15.84,8.78,1
VID_ (2),1,12,5,-20.51,-17.16,7.16,1
VID_ (2),1,12,6,-19.26,-15.53,6.98,1
VID_ (2),1,12,7,-18.56,-14.58,4.31,1
VID_ (2),1,13,0,-18.07,-15.84,8.78,1
VID_ (2),1,13,1,-20.51,-17.16,7.16,1
VID_ (2),1,13,2,-19.26,-15.53,6.98,1
VID_ (2),1,13,3,-18.56,-14.58,4.31,1
VID_ (2),1,13,4,-17.7,-14.42,4.96,1
VID_ (2),1,13,5,-19.49,-13.36,5.39,1
VID_ (2),1,13,6,-22.74,-11.6,10.27,1
VID_ (2),1,13,7,-29.6,-11.66,9.38,1
VID_ (2),10,0,0,,,,0
VID_ (2),10,0,1,,,,0
VID_ (2),10,0,2,,,,0
VID_ (2),10,0,3,61.76,-39.1,-12.1,1
VID_ (2),10,0,4,66.63,-62.76,-20.92,1
VID_ (2),10,0,5,,,,0
VID_ (2),10,0,6,,,,0
VID_ (2),10,0,7,,,,0
VID_ (2),11,0,0,15.34,-15.16,0.14,1
VID_ (2),11,0,1,19.14,-19.64,-2.7,1
VID_ (2),11,0,2,22.19,-22.41,-9.56,1
VID_ (2),11,0,3,28.77,-26.81,-13.24,1
VID_ (2),11,0,4,15.13,-19.82,-14.99,1
VID_ (2),11,0,5,-11.55,-7.7,-10.48,1
VID_ (2),11,0,6,22.23,-17.88,-18.74,1
VID_ (2),11,0,7,-6.89,-2.68,-10.6,1
VID_ (2),12,0,0,,,,0
VID_ (2),12,0,1,,,,0
VID_ (2),12,0,2,,,,0
VID_ (2),12,0,3,,,,0
VID_ (2),12,0,4,,,,0
VID_ (2),12,0,5,,,,0
VID_ (2),12,0,6,,,,0
VID_ (2),12,0,7,,,,0
VID_ (2),13,0,0,,,,0
VID_ (2),13,0,1,,,,0
VID_ (2),13,0,2,,,,0
VID_ (2),13,0,3,,,,0
VID_ (2),13,0,4,,,,0
VID_ (2),13,0,5,,,,0
VID_ (2),13,0,6,,,,0
VID_ (2),13,0,7,,,,0
VID_ (2),13,1,0,,,,0
VID_ (2),13,1,1,,,,0
VID_ (2),13,1,2,,,,0
VID_ (2),13,1,3,,,,0
VID_ (2),13,1,4,,,,0
VID_ (2),13,1,5,,,,0
VID_ (2),13,1,6,,,,0
VID_ (2),13,1,7,,,,0
VID_ (2),14,0,0,-59.96,16.37,-37.41,1
VID_ (2),14,0,1,,,,0
VID_ (2),14,0,2,,,,0
VID_ (2),14,0,3,,,,0
VID_ (2),14,0,4,,,,0
VID_ (2),14,0,5,,,,0
VID_ (2),14,0,6,,,,0
VID_ (2),14,0,7,,,,0
VID_ (2),2,0,0,-81.47,4.16,2.75,1
VID_ (2),2,0,1,-80.54,13.86,-10.98,1
VID_ (2),2,0,2,-82.61,2.97,-1.32,1
VID_ (2),2,0,3,-82.11,8.44,-7.13,1
VID_ (2),2,0,4,-83.63,2.05,-1.77,1
VID_ (2),2,0,5,-82.95,6.65,-6.74,1
VID_ (2),2,0,6,53.17,-8.41,6.13,1
VID_ (2),2,0,7,-72.38,10.5,-14.53,1
VID_ (2),2,1,0,-83.63,2.05,-1.77,1
VID_ (2),2,1,1,-82.95,6.65,-6.74,1
VID_ (2),2,1,2,53.17,-8.41,6.13,1
VID_ (2),2,1,3,-72.38,10.5,-14.53,1
VID_ (2),2,1,4,-82.32,3.32,-12.76,1
VID_ (2),2,1,5,-77.7,20.52,-27.18,1
VID_ (2),2,1,6,-79.92,26.82,-31.87,1
VID_ (2),2,1,7,-83.23,36.44,-34.5,1
VID_ (2),2,2,0,-82.32,3.32,-12.76,1
VID_ (2),2,2,1,-77.7,20.52,-27.18,1
VID_ (2),2,2,2,-79.92,26.82,-31.87,1
VID_ (2),2,2,3,-83.23,36.44,-34.5,1
VID_ (2),2,2,4,-79.8,25.02,-29.64,1
VID_ (2),2,2,5,-77.44,11.36,-13.09,1
VID_ (2),2,2,6,-82.09,16.04,-21.67,1
VID_ (2),2,2,7,-79.75,24.28,-28.69,1
VID_ (2),2,3,0,-79.8,25.02,-29.64,1
VID_ (2),2,3,1,-77.44,11.36,-13.09,1
VID_ (2),2,3,2,-82.09,16.04,-21.67,1
VID_ (2),2,3,3,-79.75,24.28,-28.69,1
VID_ (2),2,3,4,-86.06,22.95,-23.7,1
VID_ (2),2,3,5,-84.15,0.58,0.86,1
VID_ (2),2,3,6,,,,0
VID_ (2),2,3,7,,,,0
VID_ (2),2,4,0,-86.06,22.95,-23.7,1
VID_ (2),2,4,1,-84.15,0.58,0.86,1
VID_ (2),2,4,2,,,,0
VID_ (2),2,4,3,,,,0
VID_ (2),2,4,4,-80.21,6.24,2.13,1
VID_ (2),2,4,5,-83.21,16.73,-18.3,1
VID_ (2),2,4,6,-83.14,-11.09,13.13,1
VID_ (2),2,4,7,-83.42,0.5,-5.16,1
VID_ (2),2,5,0,-80.21,6.24,2.13,1
VID_ (2),2,5,1,-83.21,16.73,-18.3,1
VID_ (2),2,5,2,-83.14,-11.09,13.13,1
VID_ (2),2,5,3,-83.42,0.5,-5.16,1
VID_ (2),2,5,4,-84.3,11.23,-10.35,1
VID_ (2),2,5,5,,,,0
VID_ (2),2,5,6,-81.8,-3.77,7.23,1
VID_ (2),2,5,7,-84.91,2.29,-1.07,1
VID_ (2),2,6,0,-84.3,11.23,-10.35,1
VID_ (2),2,6,1,,,,0
VID_ (2),2,6,2,-81.8,-3.77,7.23,1
VID_ (2),2,6,3,-84.91,2.29,-1.07,1
VID_ (2),2,6,4,-84.48,12.1,-10.73,1
VID_ (2),2,6,5,-80.44,9.15,-7.93,1
VID_ (2),2,6,6,-81.97,17.78,-16.2,1
VID_ (2),2,6,7,-78.3,17.98,-13.2,1
VID_ (2),2,7,0,-84.48,12.1,-10.73,1
VID_ (2),2,7,1,-80.44,9.15,-7.93,1
VID_ (2),2,7,2,-81.97,17.78,-16.2,1
VID_ (2),2,7,3,-78.3,17.98,-13.2,1
VID_ (2),2,7,4,-81.69,6.62,-5.97,1
VID_ (2),2,7,5,-83.06,14.18,-18.9,1
VID_ (2),2,7,6,-79.67,-2.75,1.51,1
VID_ (2),2,7,7,-80.52,3.86,-3.96,1
VID_ (2),2,8,0,-81.69,6.62,-5.97,1
VID_ (2),2,8,1,-83.06,14.18,-18.9,1
VID_ (2),2,8,2,-79.67,-2.75,1.51,1
VID_ (2),2,8,3,-80.52,3.86,-3.96,1
VID_ (2),2,8,4,-80.84,-5.63,2.66,1
VID_ (2),2,8,5,-77.59,-1.92,2.61,1
VID_ (2),2,8,6,-81.34,6.54,-6.98,1
VID_ (2),2,8,7,-82.02,-1.97,-2.5,1
VID_ (2),2,9,0,-80.84,-5.63,2.66,1
VID_ (2),2,9,1,-77.59,-1.92,2.61,1
VID_ (2),2,9,2,-81.34,6.54,-6.98,1
VID_ (2),2,9,3,-82.02,-1.97,-2.5,1
VID_ (2),2,9,4,-83.04,-12.46,8.42,1
VID_ (2),2,9,5,-84.47,-4.94,0.2,1
VID_ (2),2,9,6,-80.66,7.12,-12.86,1
VID_ (2),2,9,7,-80.89,0.18,-1.17,1
VID_ (2),2,10,0,-83.04,-12.46,8.42,1
VID_ (2),2,10,1,-84.47,-4.94,0.2,1
VID_ (2),2,10,2,-80.66,7.12,-12.86,1
VID_ (2),2,10,3,-80.89,0.18,-1.17,1
VID_ (2),2,10,4,-81.04,-17.27,13.52,1
VID_ (2),2,10,5,-81.96,-5.89,2.77,1
VID_ (2),2,10,6,-73.21,11.0,-17.35,1
VID_ (2),2,10,7,-76.36,18.03,-26.57,1
VID_ (2),2,11,0,-81.04,-17.27,13.52,1
VID_ (2),2,11,1,-81.96,-5.89,2.77,1
VID_ (2),2,11,2,-73.21,11.0,-17.35,1
VID_ (2),2,11,3,-76.36,18.03,-26.57,1
VID_ (2),2,11,4,-80.19,35.28,-45.61,1
VID_ (2),2,11,5,-81.07,26.16,-30.21,1
VID_ (2),2,11,6,-82.93,-3.2,0.53,1
VID_ (2),2,11,7,-84.51,11.46,-15.3,1
VID_ (2),2,12,0,-80.19,35.28,-45.61,1
VID_ (2),2,12,1,-81.07,26.16,-30.21,1
VID_ (2),2,12,2,-82.93,-3.2,0.53,1
VID_ (2),2,12,3,-84.51,11.46,-15.3,1
VID_ (2),2,12,4,-80.63,13.85,-17.87,1
VID_ (2),2,12,5,-81.18,13.24,-10.29,1
VID_ (2),2,12,6,-81.25,-7.27,7.54,1
VID_ (2),2,12,7,-78.84,7.15,-9.34,1
VID_ (2),2,13,0,-80.63,13.85,-17.87,1
VID_ (2),2,13,1,-81.18,13.24,-10.29,1
VID_ (2),2,13,2,-81.25,-7.27,7.54,1
VID_ (2),2,13,3,-78.84,7.15,-9.34,1
VID_ (2),2,13,4,52.44,-15.22,-1.85,1
VID_ (2),2,13,5,-84.19,-1.56,2.18,1
VID_ (2),2,13,6,69.4,-35.79,-19.9,1
VID_ (2),2,13,7,-74.14,0.21,-7.41,1
VID_ (2),3,0,0,-63.63,-26.76,26.75,1
VID_ (2),3,0,1,-63.04,-25.02,30.24,1
VID_ (2),3,0,2,-67.59,-26.2,24.96,1
VID_ (2),3,0,3,-71.09,-30.82,29.68,1
VID_ (2),3,0,4,-66.88,-33.61,34.93,1
VID_ (2),3,0,5,-62.68,-28.34,21.98,1
VID_ (2),3,0,6,-63.6,-29.4,20.76,1
VID_ (2),3,0,7,-67.93,-25.67,17.21,1
VID_ (2),3,1,0,-66.88,-33.61,34.93,1
VID_ (2),3,1,1,-62.68,-28.34,21.98,1
VID_ (2),3,1,2,-63.6,-29.4,20.76,1
VID_ (2),3,1,3,-67.93,-25.67,17.21,1
VID_ (2),3,1,4,-66.81,-24.76,20.3,1
VID_ (2),3,1,5,-69.59,-27.04,22.84,1
VID_ (2),3,1,6,-68.27,-25.45,21.54,1
VID_ (2),3,1,7,-68.71,-26.25,21.92,1
VID_ (2),3,2,0,-66.81,-24.76,20.3,1
VID_ (2),3,2,1,-69.59,-27.04,22.84,1
VID_ (2),3,2,2,-68.27,-25.45,21.54,1
VID_ (2),3,2,3,-68.71,-26.25,21.92,1
VID_ (2),3,2,4,-70.57,-32.78,29.13,1
VID_ (2),3,2,5,-70.88,-41.2,38.38,1
VID_ (2),3,2,6,-59.02,-24.63,15.21,1
VID_ (2),3,2,7,-70.99,-39.18,34.57,1
VID_ (2),3,3,0,-70.57,-32.78,29.13,1
VID_ (2),3,3,1,-70.88,-41.2,38.38,1
VID_ (2),3,3,2,-59.02,-24.63,15.21,1
VID_ (2),3,3,3,-70.99,-39.18,34.57,1
VID_ (2),3,3,4,-70.1,-32.39,28.7,1
VID_ (2),3,3,5,-63.62,-31.02,28.91,1
VID_ (2),3,3,6,-62.55,-33.48,32.68,1
VID_ (2),3,3,7,-61.98,-34.02,35.16,1
VID_ (2),3,4,0,-70.1,-32.39,28.7,1
VID_ (2),3,4,1,-63.62,-31.02,28.91,1
VID_ (2),3,4,2,-62.55,-33.48,32.68,1
VID_ (2),3,4,3,-61.98,-34.02,35.16,1
VID_ (2),3,4,4,-63.31,-40.47,40.28,1
VID_ (2),3,4,5,-59.97,-42.57,41.78,1
VID_ (2),3,4,6,-57.27,-36.45,38.5,1
VID_ (2),3,4,7,-56.75,-31.17,35.9,1
VID_ (2),3,5,0,-63.31,-40.47,40.28,1
VID_ (2),3,5,1,-59.97,-42.57,41.78,1
VID_ (2),3,5,2,-57.27,-36.45,38.5,1
VID_ (2),3,5,3,-56.75,-31.17,35.9,1
VID_ (2),3,5,4,-56.04,-34.32,36.44,1
VID_ (2),3,5,5,-65.66,-24.36,32.13,1
VID_ (2),3,5,6,-64.95,-33.94,44.59,1
VID_ (2),3,5,7,-63.49,-29.94,36.0,1
VID_ (2),3,6,0,-56.04,-34.32,36.44,1
VID_ (2),3,6,1,-65.66,-24.36,32.13,1
VID_ (2),3,6,2,-64.95,-33.94,44.59,1
VID_ (2),3,6,3,-63.49,-29.94,36.0,1
VID_ (2),3,6,4,-66.84,-33.42,38.22,1
VID_ (2),3,6,5,-63.92,-35.32,36.02,1
VID_ (2),3,6,6,-66.92,-39.55,42.17,1
VID_ (2),3,6,7,-62.34,-33.03,36.04,1
VID_ (2),3,7,0,-66.84,-33.42,38.22,1
VID_ (2),3,7,1,-63.92,-35.32,36.02,1
VID_ (2),3,7,2,-66.92,-39.55,42.17,1
VID_ (2),3,7,3,-62.34,-33.03,36.04,1
VID_ (2),3,7,4,-65.5,-34.75,39.17,1
VID_ (2),3,7,5,-61.56,-37.1,37.36,1
VID_ (2),3,7,6,-56.97,-26.32,28.56,1
VID_ (2),3,7,7,-58.4,-25.58,29.39,1
VID_ (2),3,8,0,-65.5,-34.75,39.17,1
VID_ (2),3,8,1,-61.56,-37.1,37.36,1
VID_ (2),3,8,2,-56.97,-26.32,28.56,1
VID_ (2),3,8,3,-58.4,-25.58,29.39,1
VID_ (2),3,8,4,-54.98,-24.04,27.29,1
VID_ (2),3,8,5,-54.7,-23.32,27.45,1
VID_ (2),3,8,6,-55.15,-30.39,32.83,1
VID_ (2),3,8,7,-52.33,-30.85,34.17,1
VID_ (2),3,9,0,-54.98,-24.04,27.29,1
VID_ (2),3,9,1,-54.7,-23.32,27.45,1
VID_ (2),3,9,2,-55.15,-30.39,32.83,1
VID_ (2),3,9,3,-52.33,-30.85,34.17,1
VID_ (2),3,9,4,-55.37,-52.11,40.07,1
VID_ (2),3,9,5,-53.95,-36.87,29.91,1
VID_ (2),3,9,6,-53.43,-32.82,31.09,1
VID_ (2),3,9,7,-55.06,-43.68,35.85,1
VID_ (2),3,10,0,-55.37,-52.11,40.07,1
VID_ (2),3,10,1,-53.95,-36.87,29.91,1
VID_ (2),3,10,2,-53.43,-32.82,31.09,1
VID_ (2),3,10,3,-55.06,-43.68,35.85,1
VID_ (2),3,10,4,-56.13,-38.99,32.18,1
VID_ (2),3,10,5,-54.62,-36.1,31.93,1
VID_ (2),3,10,6,-59.77,-34.31,29.94,1
VID_ (2),3,10,7,-60.07,-30.91,25.02,1
VID_ (2),3,11,0,-56.13,-38.99,32.18,1
VID_ (2),3,11,1,-54.62,-36.1,31.93,1
VID_ (2),3,11,2,-59.77,-34.31,29.94,1
VID_ (2),3,11,3,-60.07,-30.91,25.02,1
VID_ (2),3,11,4,-60.44,-33.98,32.66,1
VID_ (2),3,11,5,-54.56,-19.13,18.82,1
VID_ (2),3,11,6,-65.19,-30.25,27.13,1
VID_ (2),3,11,7,-66.01,-39.58,34.11,1
VID_ (2),3,12,0,-60.44,-33.98,32.66,1
VID_ (2),3,12,1,-54.56,-19.13,18.82,1
VID_ (2),3,12,2,-65.19,-30.25,27.13,1
VID_ (2),3,12,3,-66.01,-39.58,34.11,1
VID_ (2),3,12,4,-60.95,-34.9,27.38,1
VID_ (2),3,12,5,-56.74,-36.45,25.4,1
VID_ (2),3,12,6,-54.97,-35.15,26.36,1
VID_ (2),3,12,7,-48.02,-17.91,13.85,1
VID_ (2),3,13,0,-60.95,-34.9,27.38,1
VID_ (2),3,13,1,-56.74,-36.45,25.4,1
VID_ (2),3,13,2,-54.97,-35.15,26.36,1
VID_ (2),3,13,3,-48.02,-17.91,13.85,1
VID_ (2),3,13,4,-55.08,-9.81,18.57,1
VID_ (2),3,13,5,-52.42,-24.15,20.94,1
VID_ (2),3,13,6,-53.48,-29.94,18.14,1
VID_ (2),3,13,7,-51.78,-24.45,14.76,1
VID_ (2),4,0,0,27.67,-12.2,-5.92,1
VID_ (2),4,0,1,19.89,2.71,-1.61,1
VID_ (2),4,0,2,22.26,8.01,-9.54,1
VID_ (2),4,0,3,19.2,0.23,-6.76,1
VID_ (2),4,0,4,7.99,-1.65,6.25,1
VID_ (2),4,0,5,25.58,5.55,1.98,1
VID_ (2),4,0,6,10.54,2.2,-2.63,1
VID_ (2),4,0,7,11.2,6.2,-14.39,1
VID_ (2),4,1,0,7.99,-1.65,6.25,1
VID_ (2),4,1,1,25.58,5.55,1.98,1
VID_ (2),4,1,2,10.54,2.2,-2.63,1
VID_ (2),4,1,3,11.2,6.2,-14.39,1
VID_ (2),4,1,4,-2.92,6.48,-1.05,1
VID_ (2),4,1,5,3.67,2.18,-16.36,1
VID_ (2),4,1,6,,,,0
VID_ (2),4,1,7,,,,0
VID_ (2),4,2,0,-2.92,6.48,-1.05,1
VID_ (2),4,2,1,3.67,2.18,-16.36,1
VID_ (2),4,2,2,,,,0
VID_ (2),4,2,3,,,,0
VID_ (2),4,2,4,,,,0
VID_ (2),4,2,5,-2.71,-4.04,-23.94,1
VID_ (2),4,2,6,-14.84,6.27,-13.82,1
VID_ (2),4,2,7,,,,0
VID_ (2),4,3,0,,,,0
VID_ (2),4,3,1,-2.71,-4.04,-23.94,1
VID_ (2),4,3,2,-14.84,6.27,-13.82,1
VID_ (2),4,3,3,,,,0
VID_ (2),4,3,4,,,,0
VID_ (2),4,3,5,,,,0
VID_ (2),4,3,6,,,,0
VID_ (2),4,3,7,,,,0
VID_ (2),4,4,0,,,,0
VID_ (2),4,4,1,,,,0
VID_ (2),4,4,2,,,,0
VID_ (2),4,4,3,,,,0
VID_ (2),4,4,4,,,,0
VID_ (2),4,4,5,,,,0
VID_ (2),4,4,6,48.1,5.78,3.61,1
VID_ (2),4,4,7,,,,0
VID_ (2),4,5,0,,,,0
VID_ (2),4,5,1,,,,0
VID_ (2),4,5,2,48.1,5.78,3.61,1
VID_ (2),4,5,3,,,,0
VID_ (2),4,5,4,,,,0
VID_ (2),4,5,5,28.16,-7.5,-12.54,1
VID_ (2),4,5,6,,,,0
VID_ (2),4,5,7,8.27,0.52,-0.73,1
VID_ (2),4,6,0,,,,0
VID_ (2),4,6,1,28.16,-7.5,-12.54,1
VID_ (2),4,6,2,,,,0
VID_ (2),4,6,3,8.27,0.52,-0.73,1
VID_ (2),4,6,4,2.67,8.45,-19.07,1
VID_ (2),4,6,5,-33.55,6.89,-6.27,1
VID_ (2),4,6,6,23.32,2.94,-0.28,1
VID_ (2),4,6,7,-0.11,4.7,-15.38,1
VID_ (2),4,7,0,2.67,8.45,-19.07,1
VID_ (2),4,7,1,-33.55,6.89,-6.27,1
VID_ (2),4,7,2,23.32,2.94,-0.28,1
VID_ (2),4,7,3,-0.11,4.7,-15.38,1
VID_ (2),4,7,4,1.34,7.26,-21.44,1
VID_ (2),4,7,5,-5.75,8.93,-13.22,1
VID_ (2),4,7,6,-16.53,14.27,-21.9,1
VID_ (2),4,7,7,,,,0
VID_ (2),4,8,0,1.34,7.26,-21.44,1
VID_ (2),4,8,1,-5.75,8.93,-13.22,1
VID_ (2),4,8,2,-16.53,14.27,-21.9,1
VID_ (2),4,8,3,,,,0
VID_ (2),4,8,4,,,,0
VID_ (2),4,8,5,,,,0
VID_ (2),4,8,6,,,,0
VID_ (2),4,8,7,0.36,0.1,-39.72,1
VID_ (2),4,9,0,,,,0
VID_ (2),4,9,1,,,,0
VID_ (2),4,9,2,,,,0
VID_ (2),4,9,3,0.36,0.1,-39.72,1
VID_ (2),4,9,4,0.06,6.23,-3.95,1
VID_ (2),4,9,5,14.58,4.48,-0.61,1
VID_ (2),4,9,6,-2.38,3.7,-23.03,1
VID_ (2),4,9,7,,,,0
VID_ (2),4,10,0,0.06,6.23,-3.95,1
VID_ (2),4,10,1,14.58,4.48,-0.61,1
VID_ (2),4,10,2,-2.38,3.7,-23.03,1
VID_ (2),4,10,3,,,,0
VID_ (2),4,10,4,,,,0
VID_ (2),4,10,5,,,,0
VID_ (2),4,10,6,5.68,5.84,-26.77,1
VID_ (2),4,10,7,-13.04,-21.5,-11.12,1
VID_ (2),4,11,0,,,,0
VID_ (2),4,11,1,,,,0
VID_ (2),4,11,2,5.68,5.84,-26.77,1
VID_ (2),4,11,3,-13.04,-21.5,-11.12,1
VID_ (2),4,11,4,,,,0
VID_ (2),4,11,5,-0.56,4.94,-9.56,1
VID_ (2),4,11,6,15.77,2.5,-9.83,1
VID_ (2),4,11,7,7.76,1.87,-22.07,1
VID_ (2),4,12,0,,,,0
VID_ (2),4,12,1,-0.56,4.94,-9.56,1
VID_ (2),4,12,2,15.77,2.5,-9.83,1
VID_ (2),4,12,3,7.76,1.87,-22.07,1
VID_ (2),4,12,4,-10.53,8.37,-19.99,1
VID_ (2),4,12,5,-5.79,8.63,-18.36,1
VID_ (2),4,12,6,-5.96,11.1,-22.52,1
VID_ (2),4,12,7,-10.0,11.28,-20.44,1
VID_ (2),4,13,0,-10.53,8.37,-19.99,1
VID_ (2),4,13,1,-5.79,8.63,-18.36,1
VID_ (2),4,13,2,-5.96,11.1,-22.52,1
VID_ (2),4,13,3,-10.0,11.28,-20.44,1
VID_ (2),4,13,4,-6.49,9.77,-14.29,1
VID_ (2),4,13,5,-11.5,5.21,-16.23,1
VID_ (2),4,13,6,-21.25,2.7,6.21,1
VID_ (2),4,13,7,-28.7,7.52,-7.88,1
VID_ (2),5,0,0,20.45,-11.43,15.78,1
VID_ (2),5,0,1,21.88,-12.73,17.97,1
VID_ (2),5,0,2,20.09,-7.79,20.62,1
VID_ (2),5,0,3,17.7,-11.72,18.6,1
VID_ (2),5,0,4,28.85,-7.07,22.53,1
VID_ (2),5,0,5,21.71,-5.96,14.9,1
VID_ (2),5,0,6,20.22,-13.82,17.32,1
VID_ (2),5,0,7,21.2,-11.02,22.05,1
VID_ (2),5,1,0,28.85,-7.07,22.53,1
VID_ (2),5,1,1,21.71,-5.96,14.9,1
VID_ (2),5,1,2,20.22,-13.82,17.32,1
VID_ (2),5,1,3,21.2,-11.02,22.05,1
VID_ (2),5,1,4,20.57,-12.15,21.04,1
VID_ (2),5,1,5,22.72,-8.83,17.79,1
VID_ (2),5,1,6,20.89,-9.8,20.14,1
VID_ (2),5,1,7,19.53,-6.12,19.69,1
VID_ (2),5,2,0,20.57,-12.15,21.04,1
VID_ (2),5,2,1,22.72,-8.83,17.79,1
VID_ (2),5,2,2,20.89,-9.8,20.14,1
VID_ (2),5,2,3,19.53,-6.12,19.69,1
VID_ (2),5,2,4,18.55,-7.95,18.41,1
VID_ (2),5,2,5,28.9,4.86,12.66,1
VID_ (2),5,2,6,25.32,-5.89,17.87,1
VID_ (2),5,2,7,20.17,-16.32,17.49,1
VID_ (2),5,3,0,18.55,-7.95,18.41,1
VID_ (2),5,3,1,28.9,4.86,12.66,1
VID_ (2),5,3,2,25.32,-5.89,17.87,1
VID_ (2),5,3,3,20.17,-16.32,17.49,1
VID_ (2),5,3,4,19.59,-13.78,15.22,1
VID_ (2),5,3,5,19.6,-11.33,15.19,1
VID_ (2),5,3,6,19.75,-13.51,12.95,1
VID_ (2),5,3,7,21.34,-12.18,10.9,1
VID_ (2),5,4,0,19.59,-13.78,15.22,1
VID_ (2),5,4,1,19.6,-11.33,15.19,1
VID_ (2),5,4,2,19.75,-13.51,12.95,1
VID_ (2),5,4,3,21.34,-12.18,10.9,1
VID_ (2),5,4,4,18.38,-14.72,4.7,1
VID_ (2),5,4,5,2.7,-6.89,6.56,1
VID_ (2),5,4,6,3.46,-19.66,-1.33,1
VID_ (2),5,4,7,2.75,-14.57,-5.83,1
VID_ (2),5,5,0,18.38,-14.72,4.7,1
VID_ (2),5,5,1,2.7,-6.89,6.56,1
VID_ (2),5,5,2,3.46,-19.66,-1.33,1
VID_ (2),5,5,3,2.75,-14.57,-5.83,1
VID_ (2),5,5,4,-3.7,-23.24,-5.15,1
VID_ (2),5,5,5,3.11,-22.74,-7.72,1
VID_ (2),5,5,6,2.23,-18.07,-9.96,1
VID_ (2),5,5,7,3.75,-18.26,-9.45,1
VID_ (2),5,6,0,-3.7,-23.24,-5.15,1
VID_ (2),5,6,1,3.11,-22.74,-7.72,1
VID_ (2),5,6,2,2.23,-18.07,-9.96,1
VID_ (2),5,6,3,3.75,-18.26,-9.45,1
VID_ (2),5,6,4,7.22,-17.18,-10.36,1
VID_ (2),5,6,5,13.18,-7.06,-1.89,1
VID_ (2),5,6,6,21.5,-7.54,8.4,1
VID_ (2),5,6,7,22.73,-9.17,15.92,1
VID_ (2),5,7,0,7.22,-17.18,-10.36,1
VID_ (2),5,7,1,13.18,-7.06,-1.89,1
VID_ (2),5,7,2,21.5,-7.54,8.4,1
VID_ (2),5,7,3,22.73,-9.17,15.92,1
VID_ (2),5,7,4,23.04,-13.01,16.5,1
VID_ (2),5,7,5,20.15,-13.94,17.95,1
VID_ (2),5,7,6,25.26,-3.87,18.86,1
VID_ (2),5,7,7,27.14,10.96,23.43,1
VID_ (2),5,8,0,23.04,-13.01,16.5,1
VID_ (2),5,8,1,20.15,-13.94,17.95,1
VID_ (2),5,8,2,25.26,-3.87,18.86,1
VID_ (2),5,8,3,27.14,10.96,23.43,1
VID_ (2),5,8,4,29.78,-1.55,13.55,1
VID_ (2),5,8,5,25.29,9.43,10.93,1
VID_ (2),5,8,6,29.06,-0.7,8.68,1
VID_ (2),5,8,7,41.37,-0.83,-1.85,1
VID_ (2),5,9,0,29.78,-1.55,13.55,1
VID_ (2),5,9,1,25.29,9.43,10.93,1
VID_ (2),5,9,2,29.06,-0.7,8.68,1
VID_ (2),5,9,3,41.37,-0.83,-1.85,1
VID_ (2),5,9,4,48.35,-11.64,-12.56,1
VID_ (2),5,9,5,49.67,-15.14,-22.16,1
VID_ (2),5,9,6,43.48,-38.88,-35.85,1
VID_ (2),5,9,7,36.82,-30.79,-28.57,1
VID_ (2),5,10,0,48.35,-11.64,-12.56,1
VID_ (2),5,10,1,49.67,-15.14,-22.16,1
VID_ (2),5,10,2,43.48,-38.88,-35.85,1
VID_ (2),5,10,3,36.82,-30.79,-28.57,1
VID_ (2),5,10,4,13.75,-20.2,-0.02,1
VID_ (2),5,10,5,12.6,-22.22,-2.77,1
VID_ (2),5,10,6,18.45,-19.12,-8.22,1
VID_ (2),5,10,7,17.76,-24.99,-13.84,1
VID_ (2),5,11,0,13.75,-20.2,-0.02,1
VID_ (2),5,11,1,12.6,-22.22,-2.77,1
VID_ (2),5,11,2,18.45,-19.12,-8.22,1
VID_ (2),5,11,3,17.76,-24.99,-13.84,1
VID_ (2),5,11,4,0.62,-18.86,-9.55,1
VID_ (2),5,11,5,-3.19,-12.12,-6.26,1
VID_ (2),5,11,6,17.05,-19.83,-19.2,1
VID_ (2),5,11,7,15.16,-12.34,-11.02,1
VID_ (2),5,12,0,0.62,-18.86,-9.55,1
VID_ (2),5,12,1,-3.19,-12.12,-6.26,1
VID_ (2),5,12,2,17.05,-19.83,-19.2,1
VID_ (2),5,12,3,15.16,-12.34,-11.02,1
VID_ (2),5,12,4,17.0,-15.44,-16.09,1
VID_ (2),5,12,5,4.43,-11.02,-12.35,1
VID_ (2),5,12,6,19.04,-15.74,-15.14,1
VID_ (2),5,12,7,18.37,-15.71,-12.45,1
VID_ (2),5,13,0,17.0,-15.44,-16.09,1
VID_ (2),5,13,1,4.43,-11.02,-12.35,1
VID_ (2),5,13,2,19.04,-15.74,-15.14,1
VID_ (2),5,13,3,18.37,-15.71,-12.45,1
VID_ (2),5,13,4,34.84,-7.41,7.3,1
VID_ (2),5,13,5,21.76,-10.53,15.73,1
VID_ (2),5,13,6,30.64,-7.74,17.21,1
VID_ (2),5,13,7,25.87,-5.69,15.62,1
VID_ (2),6,0,0,61.36,-27.63,-14.71,1
VID_ (2),6,0,1,64.17,-10.44,-1.22,1
VID_ (2),6,0,2,60.37,-20.37,-7.25,1
VID_ (2),6,0,3,62.13,-14.5,-1.9,1
VID_ (2),6,0,4,68.51,-12.66,-2.02,1
VID_ (2),6,0,5,62.95,-17.29,-5.07,1
VID_ (2),6,0,6,60.31,-13.96,1.86,1
VID_ (2),6,0,7,56.45,-9.08,7.15,1
VID_ (2),6,1,0,68.51,-12.66,-2.02,1
VID_ (2),6,1,1,62.95,-17.29,-5.07,1
VID_ (2),6,1,2,60.31,-13.96,1.86,1
VID_ (2),6,1,3,56.45,-9.08,7.15,1
VID_ (2),6,1,4,64.33,-14.77,-2.28,1
VID_ (2),6,1,5,64.58,-15.87,-1.87,1
VID_ (2),6,1,6,58.75,-19.42,-7.66,1
VID_ (2),6,1,7,64.14,-21.95,-7.86,1
VID_ (2),6,2,0,64.33,-14.77,-2.28,1
VID_ (2),6,2,1,64.58,-15.87,-1.87,1
VID_ (2),6,2,2,58.75,-19.42,-7.66,1
VID_ (2),6,2,3,64.14,-21.95,-7.86,1
VID_ (2),6,2,4,,,,0
VID_ (2),6,2,5,,,,0
VID_ (2),6,2,6,71.83,-31.0,-20.67,1
VID_ (2),6,2,7,,,,0
VID_ (2),6,3,0,,,,0
VID_ (2),6,3,1,,,,0
VID_ (2),6,3,2,71.83,-31.0,-20.67,1
VID_ (2),6,3,3,,,,0
VID_ (2),6,3,4,,,,0
VID_ (2),6,3,5,,,,0
VID_ (2),6,3,6,,,,0
VID_ (2),6,3,7,,,,0
VID_ (2),6,4,0,,,,0
VID_ (2),6,4,1,,,,0
VID_ (2),6,4,2,,,,0
VID_ (2),6,4,3,,,,0
VID_ (2),6,4,4,,,,0
VID_ (2),6,4,5,,,,0
VID_ (2),6,4,6,,,,0
VID_ (2),6,4,7,,,,0
VID_ (2),6,5,0,,,,0
VID_ (2),6,5,1,,,,0
VID_ (2),6,5,2,,,,0
VID_ (2),6,5,3,,,,0
VID_ (2),6,5,4,,,,0
VID_ (2),6,5,5,,,,0
VID_ (2),6,5,6,,,,0
VID_ (2),6,5,7,,,,0
VID_ (2),6,6,0,,,,0
VID_ (2),6,6,1,,,,0
VID_ (2),6,6,2,,,,0
VID_ (2),6,6,3,,,,0
VID_ (2),6,6,4,,,,0
VID_ (2),6,6,5,69.86,-31.33,-16.82,1
VID_ (2),6,6,6,69.37,-27.2,-16.56,1
VID_ (2),6,6,7,,,,0
VID_ (2),6,7,0,,,,0
VID_ (2),6,7,1,69.86,-31.33,-16.82,1
VID_ (2),6,7,2,69.37,-27.2,-16.56,1
VID_ (2),6,7,3,,,,0
VID_ (2),6,7,4,,,,0
VID_ (2),6,7,5,67.22,-34.14,-37.48,1
VID_ (2),6,7,6,,,,0
VID_ (2),6,7,7,,,,0
VID_ (2),6,8,0,,,,0
VID_ (2),6,8,1,67.22,-34.14,-37.48,1
VID_ (2),6,8,2,,,,0
VID_ (2),6,8,3,,,,0
VID_ (2),6,8,4,,,,0
VID_ (2),6,8,5,70.34,-10.94,5.76,1
VID_ (2),6,8,6,63.27,-25.01,-10.52,1
VID_ (2),6,8,7,68.59,-27.32,-10.79,1
VID_ (2),6,9,0,,,,0
VID_ (2),6,9,1,70.34,-10.94,5.76,1
VID_ (2),6,9,2,63.27,-25.01,-10.52,1
VID_ (2),6,9,3,68.59,-27.32,-10.79,1
VID_ (2),6,9,4,77.82,-32.44,-12.37,1
VID_ (2),6,9,5,69.61,-34.25,-15.12,1
VID_ (2),6,9,6,72.75,-34.11,-14.99,1
VID_ (2),6,9,7,69.96,-33.57,-14.93,1
VID_ (2),6,10,0,77.82,-32.44,-12.37,1
VID_ (2),6,10,1,69.61,-34.25,-15.12,1
VID_ (2),6,10,2,72.75,-34.11,-14.99,1
VID_ (2),6,10,3,69.96,-33.57,-14.93,1
VID_ (2),6,10,4,67.0,-38.36,-22.13,1
VID_ (2),6,10,5,61.36,-31.43,-17.12,1
VID_ (2),6,10,6,58.69,-29.22,-15.97,1
VID_ (2),6,10,7,64.39,-27.89,-15.98,1
VID_ (2),6,11,0,67.0,-38.36,-22.13,1
VID_ (2),6,11,1,61.36,-31.43,-17.12,1
VID_ (2),6,11,2,58.69,-29.22,-15.97,1
VID_ (2),6,11,3,64.39,-27.89,-15.98,1
VID_ (2),6,11,4,62.71,-27.31,-14.01,1
VID_ (2),6,11,5,70.45,-11.32,-2.02,1
VID_ (2),6,11,6,72.02,-19.75,-6.09,1
VID_ (2),6,11,7,74.99,-23.39,-10.22,1
VID_ (2),6,12,0,62.71,-27.31,-14.01,1
VID_ (2),6,12,1,70.45,-11.32,-2.02,1
VID_ (2),6,12,2,72.02,-19.75,-6.09,1
VID_ (2),6,12,3,74.99,-23.39,-10.22,1
VID_ (2),6,12,4,,,,0
VID_ (2),6,12,5,,,,0
VID_ (2),6,12,6,,,,0
VID_ (2),6,12,7,,,,0
VID_ (2),6,13,0,,,,0
VID_ (2),6,13,1,,,,0
VID_ (2),6,13,2,,,,0
VID_ (2),6,13,3,,,,0
VID_ (2),6,13,4,,,,0
VID_ (2),6,13,5,,,,0
VID_ (2),6,13,6,,,,0
VID_ (2),6,13,7,,,,0
VID_ (2),7,0,0,29.4,-14.47,-6.52,1
VID_ (2),7,0,1,-11.61,9.12,-7.27,1
VID_ (2),7,0,2,-16.25,-20.01,7.87,1
VID_ (2),7,0,3,-18.7,-18.11,6.88,1
VID_ (2),7,0,4,-8.37,8.04,1.29,1
VID_ (2),7,0,5,-14.91,20.6,-8.85,1
VID_ (2),7,0,6,-21.05,-17.66,7.94,1
VID_ (2),7,0,7,-1.07,21.07,-24.87,1
VID_ (2),7,1,0,-8.37,8.04,1.29,1
VID_ (2),7,1,1,-14.91,20.6,-8.85,1
VID_ (2),7,1,2,-21.05,-17.66,7.94,1
VID_ (2),7,1,3,-1.07,21.07,-24.87,1
VID_ (2),7,1,4,-6.13,17.56,-18.53,1
VID_ (2),7,1,5,2.03,18.28,-20.55,1
VID_ (2),7,1,6,-23.23,-17.66,6.66,1
VID_ (2),7,1,7,-21.31,-16.35,5.92,1
VID_ (2),7,2,0,-6.13,17.56,-18.53,1
VID_ (2),7,2,1,2.03,18.28,-20.55,1
VID_ (2),7,2,2,-23.23,-17.66,6.66,1
VID_ (2),7,2,3,-21.31,-16.35,5.92,1
VID_ (2),7,2,4,-19.4,-16.22,6.56,1
VID_ (2),7,2,5,-19.49,-19.27,6.12,1
VID_ (2),7,2,6,-19.38,-18.69,5.02,1
VID_ (2),7,2,7,-12.69,-18.89,6.82,1
VID_ (2),7,3,0,-19.4,-16.22,6.56,1
VID_ (2),7,3,1,-19.49,-19.27,6.12,1
VID_ (2),7,3,2,-19.38,-18.69,5.02,1
VID_ (2),7,3,3,-12.69,-18.89,6.82,1
VID_ (2),7,3,4,-10.25,-29.97,4.34,1
VID_ (2),7,3,5,-22.88,-18.06,8.15,1
VID_ (2),7,3,6,-20.57,-15.14,4.99,1
VID_ (2),7,3,7,-24.67,-15.2,6.37,1
VID_ (2),7,4,0,-10.25,-29.97,4.34,1
VID_ (2),7,4,1,-22.88,-18.06,8.15,1
VID_ (2),7,4,2,-20.57,-15.14,4.99,1
VID_ (2),7,4,3,-24.67,-15.2,6.37,1
VID_ (2),7,4,4,-24.22,-9.33,5.56,1
VID_ (2),7,4,5,-21.83,-11.29,5.12,1
VID_ (2),7,4,6,-23.93,-16.58,8.06,1
VID_ (2),7,4,7,-25.18,-15.8,8.61,1
VID_ (2),7,5,0,-24.22,-9.33,5.56,1
VID_ (2),7,5,1,-21.83,-11.29,5.12,1
VID_ (2),7,5,2,-23.93,-16.58,8.06,1
VID_ (2),7,5,3,-25.18,-15.8,8.61,1
VID_ (2),7,5,4,-24.53,-10.02,3.39,1
VID_ (2),7,5,5,-22.14,-13.35,5.29,1
VID_ (2),7,5,6,-22.87,-14.11,5.23,1
VID_ (2),7,5,7,1.34,15.85,-16.24,1
VID_ (2),7,6,0,-24.53,-10.02,3.39,1
VID_ (2),7,6,1,-22.14,-13.35,5.29,1
VID_ (2),7,6,2,-22.87,-14.11,5.23,1
VID_ (2),7,6,3,1.34,15.85,-16.24,1
VID_ (2),7,6,4,-15.18,-13.64,4.29,1
VID_ (2),7,6,5,-14.19,-11.8,4.49,1
VID_ (2),7,6,6,-19.48,-17.39,7.04,1
VID_ (2),7,6,7,-20.18,-19.05,7.05,1
VID_ (2),7,7,0,-15.18,-13.64,4.29,1
VID_ (2),7,7,1,-14.19,-11.8,4.49,1
VID_ (2),7,7,2,-19.48,-17.39,7.04,1
VID_ (2),7,7,3,-20.18,-19.05,7.05,1
VID_ (2),7,7,4,-22.15,-15.45,6.11,1
VID_ (2),7,7,5,-20.48,-15.12,5.57,1
VID_ (2),7,7,6,-23.72,-18.43,11.07,1
VID_ (2),7,7,7,48.84,-7.22,-13.7,1
VID_ (2),7,8,0,-22.15,-15.45,6.11,1
VID_ (2),7,8,1,-20.48,-15.12,5.57,1
VID_ (2),7,8,2,-23.72,-18.43,11.07,1
VID_ (2),7,8,3,48.84,-7.22,-13.7,1
VID_ (2),7,8,4,-21.24,-14.07,4.32,1
VID_ (2),7,8,5,-19.08,-13.69,4.78,1
VID_ (2),7,8,6,-19.78,-15.85,5.39,1
VID_ (2),7,8,7,-21.86,-14.25,5.96,1
VID_ (2),7,9,0,-21.24,-14.07,4.32,1
VID_ (2),7,9,1,-19.08,-13.69,4.78,1
VID_ (2),7,9,2,-19.78,-15.85,5.39,1
VID_ (2),7,9,3,-21.86,-14.25,5.96,1
VID_ (2),7,9,4,-19.51,-12.94,6.13,1
VID_ (2),7,9,5,-3.72,5.88,0.93,1
VID_ (2),7,9,6,58.62,-32.22,-34.58,1
VID_ (2),7,9,7,-17.5,-13.43,5.03,1
VID_ (2),7,10,0,-19.51,-12.94,6.13,1
VID_ (2),7,10,1,-3.72,5.88,0.93,1
VID_ (2),7,10,2,58.62,-32.22,-34.58,1
VID_ (2),7,10,3,-17.5,-13.43,5.03,1
VID_ (2),7,10,4,-14.74,-14.77,5.53,1
VID_ (2),7,10,5,-14.79,-13.03,6.6,1
VID_ (2),7,10,6,-14.83,-14.53,7.14,1
VID_ (2),7,10,7,-69.35,22.51,-18.75,1
VID_ (2),7,11,0,-14.74,-14.77,5.53,1
VID_ (2),7,11,1,-14.79,-13.03,6.6,1
VID_ (2),7,11,2,-14.83,-14.53,7.14,1
VID_ (2),7,11,3,-69.35,22.51,-18.75,1
VID_ (2),7,11,4,-19.73,-16.85,5.6,1
VID_ (2),7,11,5,-9.49,16.19,-22.02,1
VID_ (2),7,11,6,-6.06,15.28,-16.51,1
VID_ (2),7,11,7,-17.16,-16.15,7.2,1
VID_ (2),7,12,0,-19.73,-16.85,5.6,1
VID_ (2),7,12,1,-9.49,16.19,-22.02,1
VID_ (2),7,12,2,-6.06,15.28,-16.51,1
VID_ (2),7,12,3,-17.16,-16.15,7.2,1
VID_ (2),7,12,4,-5.7,15.42,-25.29,1
VID_ (2),7,12,5,-16.6,-16.39,6.91,1
VID_ (2),7,12,6,-14.44,-14.29,6.35,1
VID_ (2),7,12,7,-17.12,-14.33,4.21,1
VID_ (2),7,13,0,-5.7,15.42,-25.29,1
VID_ (2),7,13,1,-16.6,-16.39,6.91,1
VID_ (2),7,13,2,-14.44,-14.29,6.35,1
VID_ (2),7,13,3,-17.12,-14.33,4.21,1
VID_ (2),7,13,4,-11.45,16.69,-16.32,1
VID_ (2),7,13,5,-4.86,19.16,-10.43,1
VID_ (2),7,13,6,-16.86,23.09,-13.61,1
VID_ (2),7,13,7,-26.66,-10.3,9.83,1
VID_ (2),8,0,0,23.26,2.88,19.38,1
VID_ (2),8,0,1,23.17,5.07,23.59,1
VID_ (2),8,0,2,21.26,1.2,24.1,1
VID_ (2),8,0,3,17.84,0.57,21.5,1
VID_ (2),8,0,4,30.33,4.38,26.58,1
VID_ (2),8,0,5,25.32,1.63,16.41,1
VID_ (2),8,0,6,19.72,-5.71,19.18,1
VID_ (2),8,0,7,21.19,-0.08,25.23,1
VID_ (2),8,1,0,30.33,4.38,26.58,1
VID_ (2),8,1,1,25.32,1.63,16.41,1
VID_ (2),8,1,2,19.72,-5.71,19.18,1
VID_ (2),8,1,3,21.19,-0.08,25.23,1
VID_ (2),8,1,4,19.0,0.27,24.58,1
VID_ (2),8,1,5,22.86,-0.06,20.64,1
VID_ (2),8,1,6,20.66,-1.38,22.53,1
VID_ (2),8,1,7,20.16,0.62,22.35,1
VID_ (2),8,2,0,19.0,0.27,24.58,1
VID_ (2),8,2,1,22.86,-0.06,20.64,1
VID_ (2),8,2,2,20.66,-1.38,22.53,1
VID_ (2),8,2,3,20.16,0.62,22.35,1
VID_ (2),8,2,4,20.7,-0.68,20.78,1
VID_ (2),8,2,5,34.28,3.63,13.36,1
VID_ (2),8,2,6,29.05,0.84,19.37,1
VID_ (2),8,2,7,21.12,-3.41,20.94,1
VID_ (2),8,3,0,20.7,-0.68,20.78,1
VID_ (2),8,3,1,34.28,3.63,13.36,1
VID_ (2),8,3,2,29.05,0.84,19.37,1
VID_ (2),8,3,3,21.12,-3.41,20.94,1
VID_ (2),8,3,4,21.38,-4.72,17.65,1
VID_ (2),8,3,5,21.44,-2.59,17.6,1
VID_ (2),8,3,6,22.02,-3.07,15.58,1
VID_ (2),8,3,7,24.88,-2.4,12.79,1
VID_ (2),8,4,0,21.38,-4.72,17.65,1
VID_ (2),8,4,1,21.44,-2.59,17.6,1
VID_ (2),8,4,2,22.02,-3.07,15.58,1
VID_ (2),8,4,3,24.88,-2.4,12.79,1
VID_ (2),8,4,4,22.83,-4.46,6.16,1
VID_ (2),8,4,5,3.34,-9.73,7.63,1
VID_ (2),8,4,6,12.34,-11.15,2.54,1
VID_ (2),8,4,7,9.7,-9.46,-4.04,1
VID_ (2),8,5,0,22.83,-4.46,6.16,1
VID_ (2),8,5,1,3.34,-9.73,7.63,1
VID_ (2),8,5,2,12.34,-11.15,2.54,1
VID_ (2),8,5,3,9.7,-9.46,-4.04,1
VID_ (2),8,5,4,3.85,-13.91,-7.07,1
VID_ (2),8,5,5,12.06,-18.14,-7.43,1
VID_ (2),8,5,6,9.3,-10.23,-7.42,1
VID_ (2),8,5,7,9.93,-9.83,-8.45,1
VID_ (2),8,6,0,3.85,-13.91,-7.07,1
VID_ (2),8,6,1,12.06,-18.14,-7.43,1
VID_ (2),8,6,2,9.3,-10.23,-7.42,1
VID_ (2),8,6,3,9.93,-9.83,-8.45,1
VID_ (2),8,6,4,15.55,-10.83,-10.99,1
VID_ (2),8,6,5,16.01,-7.53,-2.11,1
VID_ (2),8,6,6,23.83,-2.58,9.13,1
VID_ (2),8,6,7,24.12,-3.8,16.94,1
VID_ (2),8,7,0,15.55,-10.83,-10.99,1
VID_ (2),8,7,1,16.01,-7.53,-2.11,1
VID_ (2),8,7,2,23.83,-2.58,9.13,1
VID_ (2),8,7,3,24.12,-3.8,16.94,1
VID_ (2),8,7,4,25.19,-5.93,17.08,1
VID_ (2),8,7,5,21.93,-5.99,18.9,1
VID_ (2),8,7,6,26.61,-0.31,19.25,1
VID_ (2),8,7,7,30.6,9.68,23.9,1
VID_ (2),8,8,0,25.19,-5.93,17.08,1
VID_ (2),8,8,1,21.93,-5.99,18.9,1
VID_ (2),8,8,2,26.61,-0.31,19.25,1
VID_ (2),8,8,3,30.6,9.68,23.9,1
VID_ (2),8,8,4,30.9,0.8,13.82,1
VID_ (2),8,8,5,25.88,8.11,11.08,1
VID_ (2),8,8,6,32.44,-0.98,8.48,1
VID_ (2),8,8,7,44.12,-8.28,-5.2,1
VID_ (2),8,9,0,30.9,0.8,13.82,1
VID_ (2),8,9,1,25.88,8.11,11.08,1
VID_ (2),8,9,2,32.44,-0.98,8.48,1
VID_ (2),8,9,3,44.12,-8.28,-5.2,1
VID_ (2),8,9,4,50.09,-16.15,-15.3,1
VID_ (2),8,9,5,56.13,-31.45,-32.24,1
VID_ (2),8,9,6,54.06,-46.7,-45.21,1
VID_ (2),8,9,7,48.36,-37.99,-36.48,1
VID_ (2),8,10,0,50.09,-16.15,-15.3,1
VID_ (2),8,10,1,56.13,-31.45,-32.24,1
VID_ (2),8,10,2,54.06,-46.7,-45.21,1
VID_ (2),8,10,3,48.36,-37.99,-36.48,1
VID_ (2),8,10,4,14.85,-15.55,1.1,1
VID_ (2),8,10,5,20.0,-18.34,-2.55,1
VID_ (2),8,10,6,21.76,-28.87,-13.28,1
VID_ (2),8,10,7,36.03,-26.97,-11.89,1
VID_ (2),8,11,0,14.85,-15.55,1.1,1
VID_ (2),8,11,1,20.0,-18.34,-2.55,1
VID_ (2),8,11,2,21.76,-28.87,-13.28,1
VID_ (2),8,11,3,36.03,-26.97,-11.89,1
VID_ (2),8,11,4,23.0,-23.55,-19.65,1
VID_ (2),8,11,5,24.87,-20.64,-10.6,1
VID_ (2),8,11,6,31.7,-25.22,-24.53,1
VID_ (2),8,11,7,36.19,-16.37,-17.74,1
VID_ (2),8,12,0,23.0,-23.55,-19.65,1
VID_ (2),8,12,1,24.87,-20.64,-10.6,1
VID_ (2),8,12,2,31.7,-25.22,-24.53,1
VID_ (2),8,12,3,36.19,-16.37,-17.74,1
VID_ (2),8,12,4,34.66,-21.66,-22.65,1
VID_ (2),8,12,5,28.89,-22.01,-16.96,1
VID_ (2),8,12,6,,,,0
VID_ (2),8,12,7,22.83,-16.95,-12.77,1
VID_ (2),8,13,0,34.66,-21.66,-22.65,1
VID_ (2),8,13,1,28.89,-22.01,-16.96,1
VID_ (2),8,13,2,,,,0
VID_ (2),8,13,3,22.83,-16.95,-12.77,1
VID_ (2),8,13,4,41.6,-3.49,7.93,1
VID_ (2),8,13,5,24.63,-8.52,16.55,1
VID_ (2),8,13,6,20.1,-13.63,16.98,1
VID_ (2),8,13,7,21.24,-6.62,16.61,1
VID_ (2),9,0,0,,,,0
VID_ (2),9,0,1,,,,0
VID_ (2),9,0,2,,,,0
VID_ (2),9,0,3,,,,0
VID_ (2),9,0,4,,,,0
VID_ (2),9,0,5,,,,0
VID_ (2),9,0,6,,,,0
VID_ (2),9,0,7,,,,0
VID_ (21),1,0,0,,,,0
VID_ (21),1,0,1,,,,0
VID_ (21),1,0,2,,,,0
VID_ (21),1,0,3,,,,0
VID_ (21),1,0,4,,,,0
VID_ (21),1,0,5,,,,0
VID_ (21),1,0,6,,,,0
VID_ (21),1,0,7,,,,0
VID_ (21),1,1,0,,,,0
VID_ (21),1,1,1,,,,0
VID_ (21),1,1,2,,,,0
VID_ (21),1,1,3,,,,0
VID_ (21),1,1,4,,,,0
VID_ (21),1,1,5,,,,0
VID_ (21),1,1,6,,,,0
VID_ (21),1,1,7,,,,0
VID_ (21),1,2,0,,,,0
VID_ (21),1,2,1,,,,0
VID_ (21),1,2,2,,,,0
VID_ (21),1,2,3,,,,0
VID_ (21),1,2,4,,,,0
VID_ (21),1,2,5,,,,0
VID_ (21),1,2,6,,,,0
VID_ (21),1,2,7,,,,0
VID_ (21),1,3,0,,,,0
VID_ (21),1,3,1,,,,0
VID_ (21),1,3,2,,,,0
VID_ (21),1,3,3,,,,0
VID_ (21),1,3,4,,,,0
VID_ (21),1,3,5,-65.79,-14.57,15.18,1
VID_ (21),1,3,6,,,,0
VID_ (21),1,3,7,,,,0
VID_ (21),1,4,0,,,,0
VID_ (21),1,4,1,-65.79,-14.57,15.18,1
VID_ (21),1,4,2,,,,0
VID_ (21),1,4,3,,,,0
VID_ (21),1,4,4,,,,0
VID_ (21),1,4,5,,,,0
VID_ (21),1,4,6,,,,0
VID_ (21),1,4,7,,,,0
VID_ (21),1,5,0,,,,0
VID_ (21),1,5,1,,,,0
VID_ (21),1,5,2,,,,0
VID_ (21),1,5,3,,,,0
VID_ (21),1,5,4,,,,0
VID_ (21),1,5,5,,,,0
VID_ (21),1,5,6,,,,0
VID_ (21),1,5,7,,,,0
VID_ (21),1,6,0,,,,0
VID_ (21),1,6,1,,,,0
VID_ (21),1,6,2,,,,0
VID_ (21),1,6,3,,,,0
VID_ (21),1,6,4,,,,0
VID_ (21),1,6,5,,,,0
VID_ (21),1,6,6,,,,0
VID_ (21),1,6,7,,,,0
VID_ (21),1,7,0,,,,0
VID_ (21),1,7,1,,,,0
VID_ (21),1,7,2,,,,0
VID_ (21),1,7,3,,,,0
VID_ (21),1,7,4,,,,0
VID_ (21),1,7,5,,,,0
VID_ (21),1,7,6,,,,0
VID_ (21),1,7,7,,,,0
VID_ (21),1,8,0,,,,0
VID_ (21),1,8,1,,,,0
VID_ (21),1,8,2,,,,0
VID_ (21),1,8,3,,,,0
VID_ (21),1,8,4,,,,0
VID_ (21),1,8,5,,,,0
VID_ (21),1,8,6,,,,0
VID_ (21),1,8,7,,,,0
VID_ (21),1,9,0,,,,0
VID_ (21),1,9,1,,,,0
VID_ (21),1,9,2,,,,0
VID_ (21),1,9,3,,,,0
VID_ (21),1,9,4,,,,0
VID_ (21),1,9,5,,,,0
VID_ (21),1,9,6,,,,0
VID_ (21),1,9,7,,,,0
VID_ (21),1,10,0,,,,0
VID_ (21),1,10,1,,,,0
VID_ (21),1,10,2,,,,0
VID_ (21),1,10,3,,,,0
VID_ (21),1,10,4,-75.23,-5.51,4.55,1
VID_ (21),1,10,5,,,,0
VID_ (21),1,10,6,,,,0
VID_ (21),1,10,7,,,,0
VID_ (21),2,0,0,48.87,-16.91,-12.42,1
VID_ (21),2,0,1,57.95,-13.25,-12.99,1
VID_ (21),2,0,2,61.06,-17.93,-17.89,1
VID_ (21),2,0,3,62.46,-28.44,-42.68,1
VID_ (21),2,0,4,67.15,-18.25,-29.03,1
VID_ (21),2,0,5,47.96,-5.63,-11.65,1
VID_ (21),2,0,6,67.21,-16.18,-21.27,1
VID_ (21),2,0,7,52.67,-18.49,-25.2,1
VID_ (21),2,1,0,67.15,-18.25,-29.03,1
VID_ (21),2,1,1,47.96,-5.63,-11.65,1
VID_ (21),2,1,2,67.21,-16.18,-21.27,1
VID_ (21),2,1,3,52.67,-18.49,-25.2,1
VID_ (21),2,1,4,69.45,-27.79,-29.74,1
VID_ (21),2,1,5,67.55,-24.03,-16.44,1
VID_ (21),2,1,6,56.58,-24.49,-16.25,1
VID_ (21),2,1,7,55.13,-24.06,-15.37,1
VID_ (21),2,2,0,69.45,-27.79,-29.74,1
VID_ (21),2,2,1,67.55,-24.03,-16.44,1
VID_ (21),2,2,2,56.58,-24.49,-16.25,1
VID_ (21),2,2,3,55.13,-24.06,-15.37,1
VID_ (21),2,2,4,58.37,-23.56,-18.4,1
VID_ (21),2,2,5,60.36,-17.87,-15.82,1
VID_ (21),2,2,6,70.31,-16.48,-17.55,1
VID_ (21),2,2,7,70.11,-23.58,-25.29,1
VID_ (21),2,3,0,58.37,-23.56,-18.4,1
VID_ (21),2,3,1,60.36,-17.87,-15.82,1
VID_ (21),2,3,2,70.31,-16.48,-17.55,1
VID_ (21),2,3,3,70.11,-23.58,-25.29,1
VID_ (21),2,3,4,59.94,-17.55,-18.65,1
VID_ (21),2,3,5,59.32,-15.23,-17.82,1
VID_ (21),2,3,6,47.74,-7.29,-8.97,1
VID_ (21),2,3,7,47.67,-13.19,-12.23,1
VID_ (21),2,4,0,59.94,-17.55,-18.65,1
VID_ (21),2,4,1,59.32,-15.23,-17.82,1
VID_ (21),2,4,2,47.74,-7.29,-8.97,1
VID_ (21),2,4,3,47.67,-13.19,-12.23,1
VID_ (21),2,4,4,53.92,-15.19,-9.87,1
VID_ (21),2,4,5,62.05,-8.44,-4.59,1
VID_ (21),2,4,6,74.92,-25.5,-21.85,1
VID_ (21),2,4,7,70.19,-25.1,-22.63,1
VID_ (21),2,5,0,53.92,-15.19,-9.87,1
VID_ (21),2,5,1,62.05,-8.44,-4.59,1
VID_ (21),2,5,2,74.92,-25.5,-21.85,1
VID_ (21),2,5,3,70.19,-25.1,-22.63,1
VID_ (21),2,5,4,67.71,-28.55,-30.25,1
VID_ (21),2,5,5,70.89,-22.63,-22.95,1
VID_ (21),2,5,6,56.34,-20.07,-16.84,1
VID_ (21),2,5,7,68.54,-20.5,-28.5,1
VID_ (21),2,6,0,67.71,-28.55,-30.25,1
VID_ (21),2,6,1,70.89,-22.63,-22.95,1
VID_ (21),2,6,2,56.34,-20.07,-16.84,1
VID_ (21),2,6,3,68.54,-20.5,-28.5,1
VID_ (21),2,6,4,58.62,-17.29,-29.34,1
VID_ (21),2,6,5,63.86,-24.05,-30.94,1
VID_ (21),2,6,6,58.81,-35.46,-43.43,1
VID_ (21),2,6,7,70.47,-33.07,-38.4,1
VID_ (21),2,7,0,58.62,-17.29,-29.34,1
VID_ (21),2,7,1,63.86,-24.05,-30.94,1
VID_ (21),2,7,2,58.81,-35.46,-43.43,1
VID_ (21),2,7,3,70.47,-33.07,-38.4,1
VID_ (21),2,7,4,52.83,-6.9,-9.04,1
VID_ (21),2,7,5,45.81,-10.39,-9.13,1
VID_ (21),2,7,6,57.02,-16.17,-11.03,1
VID_ (21),2,7,7,60.09,-20.34,-17.48,1
VID_ (21),2,8,0,52.83,-6.9,-9.04,1
VID_ (21),2,8,1,45.81,-10.39,-9.13,1
VID_ (21),2,8,2,57.02,-16.17,-11.03,1
VID_ (21),2,8,3,60.09,-20.34,-17.48,1
VID_ (21),2,8,4,58.74,-21.19,-13.96,1
VID_ (21),2,8,5,45.79,-17.26,-14.25,1
VID_ (21),2,8,6,45.18,-10.03,-8.78,1
VID_ (21),2,8,7,49.87,-13.61,-11.99,1
VID_ (21),2,9,0,58.74,-21.19,-13.96,1
VID_ (21),2,9,1,45.79,-17.26,-14.25,1
VID_ (21),2,9,2,45.18,-10.03,-8.78,1
VID_ (21),2,9,3,49.87,-13.61,-11.99,1
VID_ (21),2,9,4,51.75,-15.46,-11.78,1
VID_ (21),2,9,5,45.86,-16.06,-15.36,1
VID_ (21),2,9,6,48.92,-11.53,-9.14,1
VID_ (21),2,9,7,51.24,-11.9,-11.55,1
VID_ (21),2,10,0,51.75,-15.46,-11.78,1
VID_ (21),2,10,1,45.86,-16.06,-15.36,1
VID_ (21),2,10,2,48.92,-11.53,-9.14,1
VID_ (21),2,10,3,51.24,-11.9,-11.55,1
VID_ (21),2,10,4,52.1,4.32,15.71,1
VID_ (21),2,10,5,48.92,8.18,-3.33,1
VID_ (21),2,10,6,54.7,-1.29,-8.19,1
VID_ (21),2,10,7,56.78,-11.95,-14.24,1
VID_ (21),3,0,0,,,,0
VID_ (21),3,0,1,,,,0
VID_ (21),3,0,2,,,,0
VID_ (21),3,0,3,,,,0
VID_ (21),3,0,4,,,,0
VID_ (21),3,0,5,,,,0
VID_ (21),3,0,6,,,,0
VID_ (21),3,0,7,,,,0
VID_ (21),3,1,0,,,,0
VID_ (21),3,1,1,,,,0
VID_ (21),3,1,2,,,,0
VID_ (21),3,1,3,,,,0
VID_ (21),3,1,4,,,,0
VID_ (21),3,1,5,,,,0
VID_ (21),3,1,6,,,,0
VID_ (21),3,1,7,,,,0
VID_ (21),3,2,0,,,,0
VID_ (21),3,2,1,,,,0
VID_ (21),3,2,2,,,,0
VID_ (21),3,2,3,,,,0
VID_ (21),3,2,4,,,,0
VID_ (21),3,2,5,,,,0
VID_ (21),3,2,6,,,,0
VID_ (21),3,2,7,,,,0
VID_ (21),3,3,0,,,,0
VID_ (21),3,3,1,,,,0
VID_ (21),3,3,2,,,,0
VID_ (21),3,3,3,,,,0
VID_ (21),3,3,4,,,,0
VID_ (21),3,3,5,,,,0
VID_ (21),3,3,6,,,,0
VID_ (21),3,3,7,,,,0
VID_ (21),3,4,0,,,,0
VID_ (21),3,4,1,,,,0
VID_ (21),3,4,2,,,,0
VID_ (21),3,4,3,,,,0
VID_ (21),3,4,4,,,,0
VID_ (21),3,4,5,,,,0
VID_ (21),3,4,6,,,,0
VID_ (21),3,4,7,,,,0
VID_ (21),3,5,0,,,,0
VID_ (21),3,5,1,,,,0
VID_ (21),3,5,2,,,,0
VID_ (21),3,5,3,,,,0
VID_ (21),3,5,4,,,,0
VID_ (21),3,5,5,,,,0
VID_ (21),3,5,6,,,,0
VID_ (21),3,5,7,,,,0
VID_ (21),3,6,0,,,,0
VID_ (21),3,6,1,,,,0
VID_ (21),3,6,2,,,,0
VID_ (21),3,6,3,,,,0
VID_ (21),3,6,4,-75.1,-70.5,71.89,1
VID_ (21),3,6,5,-72.2,-57.9,66.18,1
VID_ (21),3,6,6,-70.29,-38.06,49.36,1
VID_ (21),3,6,7,-76.08,-33.91,34.56,1
VID_ (21),3,7,0,-75.1,-70.5,71.89,1
VID_ (21),3,7,1,-72.2,-57.9,66.18,1
VID_ (21),3,7,2,-70.29,-38.06,49.36,1
VID_ (21),3,7,3,-76.08,-33.91,34.56,1
VID_ (21),3,7,4,-76.9,1.38,-2.37,1
VID_ (21),3,7,5,-77.79,3.95,1.1,1
VID_ (21),3,7,6,-66.41,-32.89,44.28,1
VID_ (21),3,7,7,-79.97,22.8,-29.89,1
VID_ (21),3,8,0,-76.9,1.38,-2.37,1
VID_ (21),3,8,1,-77.79,3.95,1.1,1
VID_ (21),3,8,2,-66.41,-32.89,44.28,1
VID_ (21),3,8,3,-79.97,22.8,-29.89,1
VID_ (21),3,8,4,-74.09,32.92,-40.57,1
VID_ (21),3,8,5,-73.2,13.42,-18.03,1
VID_ (21),3,8,6,-72.08,-51.19,56.72,1
VID_ (21),3,8,7,-77.13,-11.96,10.81,1
VID_ (21),3,9,0,-74.09,32.92,-40.57,1
VID_ (21),3,9,1,-73.2,13.42,-18.03,1
VID_ (21),3,9,2,-72.08,-51.19,56.72,1
VID_ (21),3,9,3,-77.13,-11.96,10.81,1
VID_ (21),3,9,4,,,,0
VID_ (21),3,9,5,,,,0
VID_ (21),3,9,6,-71.0,-42.32,52.62,1
VID_ (21),3,9,7,,,,0
VID_ (21),3,10,0,,,,0
VID_ (21),3,10,1,,,,0
VID_ (21),3,10,2,-71.0,-42.32,52.62,1
VID_ (21),3,10,3,,,,0
VID_ (21),3,10,4,,,,0
VID_ (21),3,10,5,,,,0
VID_ (21),3,10,6,,,,0
VID_ (21),3,10,7,,,,0
VID_ (21),4,0,0,,,,0
VID_ (21),4,0,1,,,,0
VID_ (21),4,0,2,,,,0
VID_ (21),4,0,3,,,,0
VID_ (21),4,0,4,,,,0
VID_ (21),4,0,5,,,,0
VID_ (21),4,0,6,,,,0
VID_ (21),4,0,7,,,,0
VID_ (21),4,1,0,,,,0
VID_ (21),4,1,1,,,,0
VID_ (21),4,1,2,,,,0
VID_ (21),4,1,3,,,,0
VID_ (21),4,1,4,,,,0
VID_ (21),4,1,5,,,,0
VID_ (21),4,1,6,,,,0
VID_ (21),4,1,7,,,,0
VID_ (21),4,2,0,,,,0
VID_ (21),4,2,1,,,,0
VID_ (21),4,2,2,,,,0
VID_ (21),4,2,3,,,,0
VID_ (21),4,2,4,,,,0
VID_ (21),4,2,5,,,,0
VID_ (21),4,2,6,,,,0
VID_ (21),4,2,7,,,,0
VID_ (21),4,3,0,,,,0
VID_ (21),4,3,1,,,,0
VID_ (21),4,3,2,,,,0
VID_ (21),4,3,3,,,,0
VID_ (21),4,3,4,-80.23,9.78,6.57,1
VID_ (21),4,3,5,,,,0
VID_ (21),4,3,6,,,,0
VID_ (21),4,3,7,-67.74,-34.23,58.85,1
VID_ (21),4,4,0,-80.23,9.78,6.57,1
VID_ (21),4,4,1,,,,0
VID_ (21),4,4,2,,,,0
VID_ (21),4,4,3,-67.74,-34.23,58.85,1
VID_ (21),4,4,4,,,,0
VID_ (21),4,4,5,,,,0
VID_ (21),4,4,6,,,,0
VID_ (21),4,4,7,,,,0
VID_ (21),5,0,0,-60.05,-52.75,49.78,1
VID_ (21),5,0,1,-55.12,-44.81,49.11,1
VID_ (21),5,0,2,-59.82,-48.91,48.41,1
VID_ (21),5,0,3,,,,0
VID_ (21),5,0,4,,,,0
VID_ (21),5,0,5,,,,0
VID_ (21),5,0,6,,,,0
VID_ (21),5,0,7,,,,0
VID_ (21),5,1,0,,,,0
VID_ (21),5,1,1,,,,0
VID_ (21),5,1,2,,,,0
VID_ (21),5,1,3,,,,0
VID_ (21),5,1,4,,,,0
VID_ (21),5,1,5,,,,0
VID_ (21),5,1,6,,,,0
VID_ (21),5,1,7,,,,0
VID_ (21),5,2,0,,,,0
VID_ (21),5,2,1,,,,0
VID_ (21),5,2,2,,,,0
VID_ (21),5,2,3,,,,0
VID_ (21),5,2,4,,,,0
VID_ (21),5,2,5,,,,0
VID_ (21),5,2,6,,,,0
VID_ (21),5,2,7,,,,0
VID_ (21),6,0,0,-70.11,-58.9,66.67,1
VID_ (21),6,0,1,,,,0
VID_ (21),6,0,2,-69.87,-54.23,59.73,1
VID_ (21),6,0,3,-67.63,-47.35,54.4,1
VID_ (21),6,0,4,,,,0
VID_ (21),6,0,5,,,,0
VID_ (21),6,0,6,,,,0
VID_ (21),6,0,7,,,,0
VID_ (21),6,1,0,,,,0
VID_ (21),6,1,1,,,,0
VID_ (21),6,1,2,,,,0
VID_ (21),6,1,3,,,,0
VID_ (21),6,1,4,,,,0
VID_ (21),6,1,5,,,,0
VID_ (21),6,1,6,,,,0
VID_ (21),6,1,7,-70.82,-28.47,42.14,1
VID_ (24),1,0,0,-82.38,-12.36,14.27,1
VID_ (24),1,0,1,-82.11,-16.1,16.86,1
VID_ (24),1,0,2,-80.13,-7.51,9.4,1
VID_ (24),1,0,3,-76.67,-10.17,9.2,1
VID_ (24),1,0,4,-79.18,-10.85,10.25,1
VID_ (24),1,0,5,-78.37,-9.29,6.88,1
VID_ (24),1,0,6,-79.94,-6.76,4.21,1
VID_ (24),1,0,7,-74.18,-6.36,3.85,1
VID_ (24),1,1,0,-79.18,-10.85,10.25,1
VID_ (24),1,1,1,-78.37,-9.29,6.88,1
VID_ (24),1,1,2,-79.94,-6.76,4.21,1
VID_ (24),1,1,3,-74.18,-6.36,3.85,1
VID_ (24),1,1,4,-62.74,-8.12,3.98,1
VID_ (24),1,1,5,-55.68,-6.89,1.51,1
VID_ (24),1,1,6,-50.75,-8.91,1.75,1
VID_ (24),1,1,7,-46.57,-7.37,-0.46,1
VID_ (24),1,2,0,-62.74,-8.12,3.98,1
VID_ (24),1,2,1,-55.68,-6.89,1.51,1
VID_ (24),1,2,2,-50.75,-8.91,1.75,1
VID_ (24),1,2,3,-46.57,-7.37,-0.46,1
VID_ (24),1,2,4,-41.33,-8.32,-0.16,1
VID_ (24),1,2,5,-33.75,-9.16,-2.7,1
VID_ (24),1,2,6,-28.26,-8.16,-3.87,1
VID_ (24),1,2,7,-21.2,-8.62,-5.64,1
VID_ (24),1,3,0,-41.33,-8.32,-0.16,1
VID_ (24),1,3,1,-33.75,-9.16,-2.7,1
VID_ (24),1,3,2,-28.26,-8.16,-3.87,1
VID_ (24),1,3,3,-21.2,-8.62,-5.64,1
VID_ (24),1,3,4,-17.03,-6.6,-5.7,1
VID_ (24),1,3,5,-16.72,-3.72,-5.93,1
VID_ (24),1,3,6,-17.79,-9.02,-6.32,1
VID_ (24),1,3,7,-17.9,-9.99,-7.87,1
VID_ (24),1,4,0,-17.03,-6.6,-5.7,1
VID_ (24),1,4,1,-16.72,-3.72,-5.93,1
VID_ (24),1,4,2,-17.79,-9.02,-6.32,1
VID_ (24),1,4,3,-17.9,-9.99,-7.87,1
VID_ (24),1,4,4,-17.78,-8.52,-8.31,1
VID_ (24),1,4,5,-13.33,-9.18,-9.2,1
VID_ (24),1,4,6,-11.18,-11.72,-10.64,1
VID_ (24),1,4,7,-8.89,-13.99,-9.21,1
VID_ (24),1,5,0,-17.78,-8.52,-8.31,1
VID_ (24),1,5,1,-13.33,-9.18,-9.2,1
VID_ (24),1,5,2,-11.18,-11.72,-10.64,1
VID_ (24),1,5,3,-8.89,-13.99,-9.21,1
VID_ (24),1,5,4,-6.97,-11.79,-10.09,1
VID_ (24),1,5,5,-6.41,-14.48,-9.3,1
VID_ (24),1,5,6,-5.39,-11.82,-10.22,1
VID_ (24),1,5,7,-4.59,-11.59,-9.41,1
VID_ (24),1,6,0,-6.97,-11.79,-10.09,1
VID_ (24),1,6,1,-6.41,-14.48,-9.3,1
VID_ (24),1,6,2,-5.39,-11.82,-10.22,1
VID_ (24),1,6,3,-4.59,-11.59,-9.41,1
VID_ (24),1,6,4,-5.59,-12.39,-9.19,1
VID_ (24),1,6,5,-5.92,-13.73,-8.72,1
VID_ (24),1,6,6,-6.69,-13.75,-8.27,1
VID_ (24),1,6,7,-5.95,-13.9,-7.78,1
VID_ (24),1,7,0,-5.59,-12.39,-9.19,1
VID_ (24),1,7,1,-5.92,-13.73,-8.72,1
VID_ (24),1,7,2,-6.69,-13.75,-8.27,1
VID_ (24),1,7,3,-5.95,-13.9,-7.78,1
VID_ (24),1,7,4,-4.96,-13.29,-9.29,1
VID_ (24),1,7,5,-5.76,-13.08,-9.4,1
VID_ (24),1,7,6,-5.18,-14.51,-9.39,1
VID_ (24),1,7,7,-4.91,-15.01,-9.24,1
VID_ (24),1,8,0,-4.96,-13.29,-9.29,1
VID_ (24),1,8,1,-5.76,-13.08,-9.4,1
VID_ (24),1,8,2,-5.18,-14.51,-9.39,1
VID_ (24),1,8,3,-4.91,-15.01,-9.24,1
VID_ (24),1,8,4,-3.28,-18.36,-8.19,1
VID_ (24),1,8,5,-3.62,-18.2,-7.93,1
VID_ (24),1,8,6,-3.52,-19.41,-7.33,1
VID_ (24),1,8,7,-1.34,-19.69,-7.41,1
VID_ (24),10,0,0,,,,0
VID_ (24),10,0,1,,,,0
VID_ (24),10,0,2,,,,0
VID_ (24),10,0,3,,,,0
VID_ (24),10,0,4,,,,0
VID_ (24),10,0,5,,,,0
VID_ (24),10,0,6,,,,0
VID_ (24),10,0,7,,,,0
VID_ (24),2,0,0,-22.63,-5.47,1.21,1
VID_ (24),2,0,1,-69.76,-5.58,3.68,1
VID_ (24),2,0,2,-84.01,-5.55,4.76,1
VID_ (24),2,0,3,-67.02,-5.24,5.98,1
VID_ (24),2,0,4,,,,0
VID_ (24),2,0,5,,,,0
VID_ (24),2,0,6,-46.03,5.93,0.28,1
VID_ (24),2,0,7,-83.89,23.86,-25.57,1
VID_ (24),2,1,0,,,,0
VID_ (24),2,1,1,,,,0
VID_ (24),2,1,2,-46.03,5.93,0.28,1
VID_ (24),2,1,3,-83.89,23.86,-25.57,1
VID_ (24),2,1,4,-81.71,48.51,-53.3,1
VID_ (24),2,1,5,-80.47,43.01,-49.25,1
VID_ (24),2,1,6,-79.06,53.75,-59.54,1
VID_ (24),2,1,7,-78.29,53.03,-60.63,1
VID_ (24),2,2,0,-81.71,48.51,-53.3,1
VID_ (24),2,2,1,-80.47,43.01,-49.25,1
VID_ (24),2,2,2,-79.06,53.75,-59.54,1
VID_ (24),2,2,3,-78.29,53.03,-60.63,1
VID_ (24),2,2,4,-75.54,29.8,-39.79,1
VID_ (24),2,2,5,-70.21,25.29,-36.23,1
VID_ (24),2,2,6,-66.92,8.25,-21.88,1
VID_ (24),2,2,7,-60.11,3.23,-19.13,1
VID_ (24),2,3,0,-75.54,29.8,-39.79,1
VID_ (24),2,3,1,-70.21,25.29,-36.23,1
VID_ (24),2,3,2,-66.92,8.25,-21.88,1
VID_ (24),2,3,3,-60.11,3.23,-19.13,1
VID_ (24),2,3,4,-58.32,1.93,-18.17,1
VID_ (24),2,3,5,-57.77,4.84,-20.67,1
VID_ (24),2,3,6,-57.45,1.04,-16.9,1
VID_ (24),2,3,7,-57.65,2.38,-19.71,1
VID_ (24),2,4,0,-58.32,1.93,-18.17,1
VID_ (24),2,4,1,-57.77,4.84,-20.67,1
VID_ (24),2,4,2,-57.45,1.04,-16.9,1
VID_ (24),2,4,3,-57.65,2.38,-19.71,1
VID_ (24),2,4,4,-53.01,-0.83,-16.7,1
VID_ (24),2,4,5,-45.53,-2.88,-15.97,1
VID_ (24),2,4,6,-41.27,-6.15,-13.68,1
VID_ (24),2,4,7,-41.69,-6.77,-13.37,1
VID_ (24),2,5,0,-53.01,-0.83,-16.7,1
VID_ (24),2,5,1,-45.53,-2.88,-15.97,1
VID_ (24),2,5,2,-41.27,-6.15,-13.68,1
VID_ (24),2,5,3,-41.69,-6.77,-13.37,1
VID_ (24),2,5,4,-38.33,-8.27,-11.86,1
VID_ (24),2,5,5,-40.82,-5.59,-12.87,1
VID_ (24),2,5,6,-42.63,-5.78,-11.98,1
VID_ (24),2,5,7,-42.17,-6.3,-10.99,1
VID_ (24),2,6,0,-38.33,-8.27,-11.86,1
VID_ (24),2,6,1,-40.82,-5.59,-12.87,1
VID_ (24),2,6,2,-42.63,-5.78,-11.98,1
VID_ (24),2,6,3,-42.17,-6.3,-10.99,1
VID_ (24),2,6,4,-44.26,-4.94,-11.26,1
VID_ (24),2,6,5,-44.1,-6.33,-11.05,1
VID_ (24),2,6,6,-43.1,-5.69,-11.19,1
VID_ (24),2,6,7,-41.92,-6.21,-10.56,1
VID_ (24),2,7,0,-44.26,-4.94,-11.26,1
VID_ (24),2,7,1,-44.1,-6.33,-11.05,1
VID_ (24),2,7,2,-43.1,-5.69,-11.19,1
VID_ (24),2,7,3,-41.92,-6.21,-10.56,1
VID_ (24),2,7,4,-42.24,-5.35,-10.93,1
VID_ (24),2,7,5,-40.98,-4.78,-11.76,1
VID_ (24),2,7,6,-40.2,-7.92,-10.04,1
VID_ (24),2,7,7,-39.23,-8.32,-10.53,1
VID_ (24),2,8,0,-42.24,-5.35,-10.93,1
VID_ (24),2,8,1,-40.98,-4.78,-11.76,1
VID_ (24),2,8,2,-40.2,-7.92,-10.04,1
VID_ (24),2,8,3,-39.23,-8.32,-10.53,1
VID_ (24),2,8,4,-36.64,-10.45,-9.63,1
VID_ (24),2,8,5,-37.12,-7.23,-11.58,1
VID_ (24),2,8,6,-36.63,-2.65,-14.16,1
VID_ (24),2,8,7,-38.25,-1.36,-14.83,1
VID_ (24),3,0,0,,,,0
VID_ (24),3,0,1,,,,0
VID_ (24),3,0,2,,,,0
VID_ (24),3,0,3,,,,0
VID_ (24),3,0,4,,,,0
VID_ (24),3,0,5,-72.99,14.74,3.43,1
VID_ (24),3,0,6,-72.48,13.38,5.56,1
VID_ (24),3,0,7,,,,0
VID_ (24),3,1,0,,,,0
VID_ (24),3,1,1,-72.99,14.74,3.43,1
VID_ (24),3,1,2,-72.48,13.38,5.56,1
VID_ (24),3,1,3,,,,0
VID_ (24),3,1,4,,,,0
VID_ (24),3,1,5,,,,0
VID_ (24),3,1,6,,,,0
VID_ (24),3,1,7,,,,0
VID_ (24),3,2,0,,,,0
VID_ (24),3,2,1,,,,0
VID_ (24),3,2,2,,,,0
VID_ (24),3,2,3,,,,0
VID_ (24),3,2,4,-23.99,-18.07,10.53,1
VID_ (24),3,2,5,,,,0
VID_ (24),3,2,6,,,,0
VID_ (24),3,2,7,,,,0
VID_ (24),3,3,0,-23.99,-18.07,10.53,1
VID_ (24),3,3,1,,,,0
VID_ (24),3,3,2,,,,0
VID_ (24),3,3,3,,,,0
VID_ (24),3,3,4,,,,0
VID_ (24),3,3,5,,,,0
VID_ (24),3,3,6,,,,0
VID_ (24),3,3,7,,,,0
VID_ (24),4,0,0,-65.31,-13.28,8.73,1
VID_ (24),4,0,1,-63.65,-11.4,7.58,1
VID_ (24),4,0,2,-67.23,-17.01,10.45,1
VID_ (24),4,0,3,-56.15,-19.71,10.1,1
VID_ (24),4,0,4,-57.66,-17.24,6.74,1
VID_ (24),4,0,5,-60.32,-15.13,5.26,1
VID_ (24),4,0,6,-55.12,-16.88,5.28,1
VID_ (24),4,0,7,-58.51,-14.51,4.07,1
VID_ (24),4,1,0,-57.66,-17.24,6.74,1
VID_ (24),4,1,1,-60.32,-15.13,5.26,1
VID_ (24),4,1,2,-55.12,-16.88,5.28,1
VID_ (24),4,1,3,-58.51,-14.51,4.07,1
VID_ (24),4,1,4,-54.66,-15.6,5.29,1
VID_ (24),4,1,5,-49.83,-15.06,2.64,1
VID_ (24),4,1,6,-39.57,-15.36,2.28,1
VID_ (24),4,1,7,-35.35,-15.21,1.8,1
VID_ (24),4,2,0,-54.66,-15.6,5.29,1
VID_ (24),4,2,1,-49.83,-15.06,2.64,1
VID_ (24),4,2,2,-39.57,-15.36,2.28,1
VID_ (24),4,2,3,-35.35,-15.21,1.8,1
VID_ (24),4,2,4,-29.95,-13.84,0.33,1
VID_ (24),4,2,5,-30.18,-11.91,0.55,1
VID_ (24),4,2,6,-22.49,-13.86,-1.07,1
VID_ (24),4,2,7,-22.2,-14.5,-0.75,1
VID_ (24),4,3,0,-29.95,-13.84,0.33,1
VID_ (24),4,3,1,-30.18,-11.91,0.55,1
VID_ (24),4,3,2,-22.49,-13.86,-1.07,1
VID_ (24),4,3,3,-22.2,-14.5,-0.75,1
VID_ (24),4,3,4,-18.62,-14.56,-1.09,1
VID_ (24),4,3,5,-13.2,-14.2,-1.92,1
VID_ (24),4,3,6,-9.86,-14.1,-2.62,1
VID_ (24),4,3,7,-8.29,-14.72,-2.91,1
VID_ (24),4,4,0,-18.62,-14.56,-1.09,1
VID_ (24),4,4,1,-13.2,-14.2,-1.92,1
VID_ (24),4,4,2,-9.86,-14.1,-2.62,1
VID_ (24),4,4,3,-8.29,-14.72,-2.91,1
VID_ (24),4,4,4,-7.39,-13.95,-2.78,1
VID_ (24),4,4,5,-6.08,-15.13,-2.08,1
VID_ (24),4,4,6,-5.53,-16.75,-1.67,1
VID_ (24),4,4,7,-6.17,-17.07,-1.45,1
VID_ (24),4,5,0,-7.39,-13.95,-2.78,1
VID_ (24),4,5,1,-6.08,-15.13,-2.08,1
VID_ (24),4,5,2,-5.53,-16.75,-1.67,1
VID_ (24),4,5,3,-6.17,-17.07,-1.45,1
VID_ (24),4,5,4,-5.75,-16.31,-1.5,1
VID_ (24),4,5,5,-5.29,-15.04,-1.72,1
VID_ (24),4,5,6,-5.51,-14.83,-1.4,1
VID_ (24),4,5,7,-5.54,-15.68,-1.45,1
VID_ (24),4,6,0,-5.75,-16.31,-1.5,1
VID_ (24),4,6,1,-5.29,-15.04,-1.72,1
VID_ (24),4,6,2,-5.51,-14.83,-1.4,1
VID_ (24),4,6,3,-5.54,-15.68,-1.45,1
VID_ (24),4,6,4,-6.61,-14.33,-1.47,1
VID_ (24),4,6,5,-6.47,-14.46,-1.47,1
VID_ (24),4,6,6,-6.76,-16.26,-1.35,1
VID_ (24),4,6,7,-6.68,-15.29,-1.85,1
VID_ (24),4,7,0,-6.61,-14.33,-1.47,1
VID_ (24),4,7,1,-6.47,-14.46,-1.47,1
VID_ (24),4,7,2,-6.76,-16.26,-1.35,1
VID_ (24),4,7,3,-6.68,-15.29,-1.85,1
VID_ (24),4,7,4,-6.98,-17.16,-1.36,1
VID_ (24),4,7,5,-6.51,-17.31,-1.55,1
VID_ (24),4,7,6,-7.69,-24.32,1.16,1
VID_ (24),4,7,7,-7.06,-21.44,-0.17,1
VID_ (24),5,0,0,,,,0
VID_ (24),5,0,1,-79.87,5.92,10.01,1
VID_ (24),5,0,2,-77.67,2.1,12.5,1
VID_ (24),5,0,3,-75.0,10.17,4.32,1
VID_ (24),5,0,4,-71.24,17.5,-3.58,1
VID_ (24),5,0,5,-36.26,27.27,-21.1,1
VID_ (24),5,0,6,,,,0
VID_ (24),5,0,7,,,,0
VID_ (24),6,0,0,,,,0
VID_ (24),6,0,1,,,,0
VID_ (24),6,0,2,,,,0
VID_ (24),6,0,3,,,,0
VID_ (24),6,0,4,,,,0
VID_ (24),6,0,5,,,,0
VID_ (24),6,0,6,,,,0
VID_ (24),6,0,7,,,,0
VID_ (24),6,1,0,,,,0
VID_ (24),6,1,1,,,,0
VID_ (24),6,1,2,,,,0
VID_ (24),6,1,3,,,,0
VID_ (24),6,1,4,,,,0
VID_ (24),6,1,5,,,,0
VID_ (24),6,1,6,,,,0
VID_ (24),6,1,7,,,,0
VID_ (24),7,0,0,,,,0
VID_ (24),7,0,1,,,,0
VID_ (24),7,0,2,,,,0
VID_ (24),7,0,3,,,,0
VID_ (24),7,0,4,,,,0
VID_ (24),7,0,5,,,,0
VID_ (24),7,0,6,,,,0
VID_ (24),7,0,7,,,,0
VID_ (24),7,1,0,,,,0
VID_ (24),7,1,1,,,,0
VID_ (24),7,1,2,,,,0
VID_ (24),7,1,3,,,,0
VID_ (24),7,1,4,,,,0
VID_ (24),7,1,5,,,,0
VID_ (24),7,1,6,,,,0
VID_ (24),7,1,7,,,,0
VID_ (24),7,2,0,,,,0
VID_ (24),7,2,1,,,,0
VID_ (24),7,2,2,,,,0
VID_ (24),7,2,3,,,,0
VID_ (24),7,2,4,,,,0
VID_ (24),7,2,5,,,,0
VID_ (24),7,2,6,,,,0
VID_ (24),7,2,7,,,,0
VID_ (24),7,3,0,,,,0
VID_ (24),7,3,1,,,,0
VID_ (24),7,3,2,,,,0
VID_ (24),7,3,3,,,,0
VID_ (24),7,3,4,,,,0
VID_ (24),7,3,5,,,,0
VID_ (24),7,3,6,,,,0
VID_ (24),7,3,7,,,,0
VID_ (24),7,4,0,,,,0
VID_ (24),7,4,1,,,,0
VID_ (24),7,4,2,,,,0
VID_ (24),7,4,3,,,,0
VID_ (24),7,4,4,,,,0
VID_ (24),7,4,5,,,,0
VID_ (24),7,4,6,-66.25,-1.25,2.16,1
VID_ (24),7,4,7,-56.79,7.75,-5.14,1
VID_ (24),8,0,0,,,,0
VID_ (24),8,0,1,,,,0
VID_ (24),8,0,2,-43.41,7.79,2.45,1
VID_ (24),8,0,3,-53.95,6.77,4.44,1
VID_ (24),8,0,4,,,,0
VID_ (24),8,0,5,,,,0
VID_ (24),8,0,6,,,,0
VID_ (24),8,0,7,,,,0
VID_ (24),8,1,0,,,,0
VID_ (24),8,1,1,,,,0
VID_ (24),8,1,2,,,,0
VID_ (24),8,1,3,,,,0
VID_ (24),8,1,4,,,,0
VID_ (24),8,1,5,,,,0
VID_ (24),8,1,6,,,,0
VID_ (24),8,1,7,,,,0
VID_ (24),8,2,0,,,,0
VID_ (24),8,2,1,,,,0
VID_ (24),8,2,2,,,,0
VID_ (24),8,2,3,,,,0
VID_ (24),8,2,4,,,,0
VID_ (24),8,2,5,,,,0
VID_ (24),8,2,6,,,,0
VID_ (24),8,2,7,,,,0
VID_ (24),9,0,0,,,,0
VID_ (24),9,0,1,,,,0
VID_ (24),9,0,2,,,,0
VID_ (24),9,0,3,,,,0
VID_ (24),9,0,4,,,,0
VID_ (24),9,0,5,,,,0
VID_ (24),9,0,6,,,,0
VID_ (24),9,0,7,,,,0
VID_ (24),9,1,0,,,,0
VID_ (24),9,1,1,,,,0
VID_ (24),9,1,2,,,,0
VID_ (24),9,1,3,,,,0
VID_ (24),9,1,4,,,,0
VID_ (24),9,1,5,,,,0
VID_ (24),9,1,6,,,,0
VID_ (24),9,1,7,,,,0
VID_ (24),9,2,0,,,,0
VID_ (24),9,2,1,,,,0
VID_ (24),9,2,2,,,,0
VID_ (24),9,2,3,,,,0
VID_ (24),9,2,4,,,,0
VID_ (24),9,2,5,,,,0
VID_ (24),9,2,6,,,,0
VID_ (24),9,2,7,,,,0
VID_ (24),9,3,0,,,,0
VID_ (24),9,3,1,,,,0
VID_ (24),9,3,2,,,,0
VID_ (24),9,3,3,,,,0
VID_ (24),9,3,4,,,,0
VID_ (24),9,3,5,0.98,-27.81,-10.06,1
VID_ (24),9,3,6,-26.38,-32.21,-18.73,1
VID_ (24),9,3,7,-17.77,-34.76,-16.54,1
VID_ (25),1,0,0,3.8,-22.62,-21.04,1
VID_ (25),1,0,1,-1.66,-23.01,-19.21,1
VID_ (25),1,0,2,-2.33,-20.71,-20.44,1
VID_ (25),1,0,3,0.6,-22.01,-20.24,1
VID_ (25),1,0,4,1.07,-22.67,-19.74,1
VID_ (25),1,0,5,0.6,-22.9,-19.04,1
VID_ (25),1,0,6,1.41,-22.88,-19.81,1
VID_ (25),1,0,7,-0.75,-21.5,-20.73,1
VID_ (25),1,1,0,1.07,-22.67,-19.74,1
VID_ (25),1,1,1,0.6,-22.9,-19.04,1
VID_ (25),1,1,2,1.41,-22.88,-19.81,1
VID_ (25),1,1,3,-0.75,-21.5,-20.73,1
VID_ (25),1,1,4,-1.41,-21.21,-19.93,1
VID_ (25),1,1,5,3.79,-24.15,-21.05,1
VID_ (25),1,1,6,0.65,-21.71,-22.03,1
VID_ (25),1,1,7,2.52,-23.0,-20.93,1
VID_ (25),1,2,0,-1.41,-21.21,-19.93,1
VID_ (25),1,2,1,3.79,-24.15,-21.05,1
VID_ (25),1,2,2,0.65,-21.71,-22.03,1
VID_ (25),1,2,3,2.52,-23.0,-20.93,1
VID_ (25),1,2,4,1.26,-22.29,-21.43,1
VID_ (25),1,2,5,2.36,-22.97,-19.29,1
VID_ (25),1,2,6,2.9,-21.37,-19.91,1
VID_ (25),1,2,7,1.66,-21.16,-20.89,1
VID_ (25),1,3,0,1.26,-22.29,-21.43,1
VID_ (25),1,3,1,2.36,-22.97,-19.29,1
VID_ (25),1,3,2,2.9,-21.37,-19.91,1
VID_ (25),1,3,3,1.66,-21.16,-20.89,1
VID_ (25),1,3,4,4.38,-21.11,-21.44,1
VID_ (25),1,3,5,4.89,-21.67,-21.42,1
VID_ (25),1,3,6,15.14,-25.04,-24.63,1
VID_ (25),1,3,7,1.01,-21.98,-19.93,1
VID_ (25),1,4,0,4.38,-21.11,-21.44,1
VID_ (25),1,4,1,4.89,-21.67,-21.42,1
VID_ (25),1,4,2,15.14,-25.04,-24.63,1
VID_ (25),1,4,3,1.01,-21.98,-19.93,1
VID_ (25),1,4,4,8.33,-21.93,-21.55,1
VID_ (25),1,4,5,10.94,-24.19,-23.16,1
VID_ (25),1,4,6,11.13,-24.96,-23.55,1
VID_ (25),1,4,7,12.6,-23.91,-21.2,1
VID_ (25),1,5,0,8.33,-21.93,-21.55,1
VID_ (25),1,5,1,10.94,-24.19,-23.16,1
VID_ (25),1,5,2,11.13,-24.96,-23.55,1
VID_ (25),1,5,3,12.6,-23.91,-21.2,1
VID_ (25),1,5,4,14.21,-24.74,-22.67,1
VID_ (25),1,5,5,11.55,-24.01,-23.61,1
VID_ (25),1,5,6,8.33,-25.78,-23.39,1
VID_ (25),1,5,7,9.84,-25.07,-23.57,1
VID_ (25),1,6,0,14.21,-24.74,-22.67,1
VID_ (25),1,6,1,11.55,-24.01,-23.61,1
VID_ (25),1,6,2,8.33,-25.78,-23.39,1
VID_ (25),1,6,3,9.84,-25.07,-23.57,1
VID_ (25),1,6,4,17.31,-28.36,-21.11,1
VID_ (25),1,6,5,15.65,-28.15,-20.68,1
VID_ (25),1,6,6,14.56,-27.1,-20.02,1
VID_ (25),1,6,7,15.29,-28.64,-20.56,1
VID_ (25),1,7,0,17.31,-28.36,-21.11,1
VID_ (25),1,7,1,15.65,-28.15,-20.68,1
VID_ (25),1,7,2,14.56,-27.1,-20.02,1
VID_ (25),1,7,3,15.29,-28.64,-20.56,1
VID_ (25),1,7,4,11.71,-27.06,-19.65,1
VID_ (25),1,7,5,4.23,-27.54,-16.8,1
VID_ (25),1,7,6,4.24,-27.9,-17.04,1
VID_ (25),1,7,7,1.58,-26.6,-16.23,1
VID_ (25),1,8,0,11.71,-27.06,-19.65,1
VID_ (25),1,8,1,4.23,-27.54,-16.8,1
VID_ (25),1,8,2,4.24,-27.9,-17.04,1
VID_ (25),1,8,3,1.58,-26.6,-16.23,1
VID_ (25),1,8,4,1.01,-29.58,-15.3,1
VID_ (25),1,8,5,2.47,-30.2,-15.08,1
VID_ (25),1,8,6,2.53,-28.47,-16.1,1
VID_ (25),1,8,7,1.75,-28.4,-15.14,1
VID_ (25),1,9,0,1.01,-29.58,-15.3,1
VID_ (25),1,9,1,2.47,-30.2,-15.08,1
VID_ (25),1,9,2,2.53,-28.47,-16.1,1
VID_ (25),1,9,3,1.75,-28.4,-15.14,1
VID_ (25),1,9,4,4.08,-28.5,-15.32,1
VID_ (25),1,9,5,4.51,-27.28,-15.13,1
VID_ (25),1,9,6,4.68,-26.55,-15.56,1
VID_ (25),1,9,7,7.11,-28.3,-15.89,1
VID_ (25),1,10,0,4.08,-28.5,-15.32,1
VID_ (25),1,10,1,4.51,-27.28,-15.13,1
VID_ (25),1,10,2,4.68,-26.55,-15.56,1
VID_ (25),1,10,3,7.11,-28.3,-15.89,1
VID_ (25),1,10,4,8.05,-26.98,-16.51,1
VID_ (25),1,10,5,5.48,-25.01,-16.24,1
VID_ (25),1,10,6,3.88,-26.38,-15.49,1
VID_ (25),1,10,7,5.3,-26.85,-15.52,1
VID_ (25),1,11,0,8.05,-26.98,-16.51,1
VID_ (25),1,11,1,5.48,-25.01,-16.24,1
VID_ (25),1,11,2,3.88,-26.38,-15.49,1
VID_ (25),1,11,3,5.3,-26.85,-15.52,1
VID_ (25),1,11,4,3.0,-25.26,-14.71,1
VID_ (25),1,11,5,4.93,-26.91,-16.19,1
VID_ (25),1,11,6,3.82,-25.93,-15.72,1
VID_ (25),1,11,7,2.47,-26.66,-15.8,1
VID_ (25),1,12,0,3.0,-25.26,-14.71,1
VID_ (25),1,12,1,4.93,-26.91,-16.19,1
VID_ (25),1,12,2,3.82,-25.93,-15.72,1
VID_ (25),1,12,3,2.47,-26.66,-15.8,1
VID_ (25),1,12,4,3.1,-29.14,-15.99,1
VID_ (25),1,12,5,2.98,-28.34,-15.71,1
VID_ (25),1,12,6,3.69,-26.79,-16.94,1
VID_ (25),1,12,7,5.74,-28.44,-17.16,1
VID_ (25),1,13,0,3.1,-29.14,-15.99,1
VID_ (25),1,13,1,2.98,-28.34,-15.71,1
VID_ (25),1,13,2,3.69,-26.79,-16.94,1
VID_ (25),1,13,3,5.74,-28.44,-17.16,1
VID_ (25),1,13,4,2.65,-30.75,-15.6,1
VID_ (25),1,13,5,3.44,-29.77,-16.19,1
VID_ (25),1,13,6,0.78,-28.77,-16.58,1
VID_ (25),1,13,7,2.77,-28.74,-16.06,1
VID_ (25),10,0,0,,,,0
VID_ (25),10,0,1,-15.05,-3.09,-9.34,1
VID_ (25),10,0,2,,,,0
VID_ (25),10,0,3,-4.65,2.91,-9.9,1
VID_ (25),10,0,4,,,,0
VID_ (25),10,0,5,,,,0
VID_ (25),10,0,6,-5.34,-7.82,-12.52,1
VID_ (25),10,0,7,-4.91,-10.17,-11.98,1
VID_ (25),10,1,0,,,,0
VID_ (25),10,1,1,,,,0
VID_ (25),10,1,2,-5.34,-7.82,-12.52,1
VID_ (25),10,1,3,-4.91,-10.17,-11.98,1
VID_ (25),10,1,4,,,,0
VID_ (25),10,1,5,,,,0
VID_ (25),10,1,6,,,,0
VID_ (25),10,1,7,,,,0
VID_ (25),10,2,0,,,,0
VID_ (25),10,2,1,,,,0
VID_ (25),10,2,2,,,,0
VID_ (25),10,2,3,,,,0
VID_ (25),10,2,4,,,,0
VID_ (25),10,2,5,,,,0
VID_ (25),10,2,6,,,,0
VID_ (25),10,2,7,,,,0
VID_ (25),10,3,0,,,,0
VID_ (25),10,3,1,,,,0
VID_ (25),10,3,2,,,,0
VID_ (25),10,3,3,,,,0
VID_ (25),10,3,4,,,,0
VID_ (25),10,3,5,,,,0
VID_ (25),10,3,6,,,,0
VID_ (25),10,3,7,,,,0
VID_ (25),11,0,0,38.33,-34.22,-36.7,1
VID_ (25),11,0,1,38.97,-34.91,-34.64,1
VID_ (25),11,0,2,41.14,-33.02,-34.11,1
VID_ (25),11,0,3,41.39,-34.34,-34.36,1
VID_ (25),11,0,4,36.47,-31.66,-31.14,1
VID_ (25),11,0,5,35.08,-30.09,-29.42,1
VID_ (25),11,0,6,,,,0
VID_ (25),11,0,7,,,,0
VID_ (25),11,1,0,36.47,-31.66,-31.14,1
VID_ (25),11,1,1,35.08,-30.09,-29.42,1
VID_ (25),11,1,2,,,,0
VID_ (25),11,1,3,,,,0
VID_ (25),11,1,4,39.71,-24.29,-20.83,1
VID_ (25),11,1,5,,,,0
VID_ (25),11,1,6,46.94,-23.65,-16.77,1
VID_ (25),11,1,7,41.78,-20.19,-12.73,1
VID_ (25),12,0,0,,,,0
VID_ (25),12,0,1,,,,0
VID_ (25),12,0,2,,,,0
VID_ (25),12,0,3,,,,0
VID_ (25),12,0,4,,,,0
VID_ (25),12,0,5,,,,0
VID_ (25),12,0,6,,,,0
VID_ (25),12,0,7,,,,0
VID_ (25),13,0,0,1.27,-28.14,-15.08,1
VID_ (25),13,0,1,1.68,-28.49,-14.92,1
VID_ (25),13,0,2,2.24,-30.73,-14.58,1
VID_ (25),13,0,3,2.9,-30.55,-15.4,1
VID_ (25),13,0,4,11.13,-26.72,-19.08,1
VID_ (25),13,0,5,6.47,-26.04,-18.74,1
VID_ (25),13,0,6,12.56,-27.86,-19.64,1
VID_ (25),13,0,7,7.87,-26.91,-18.38,1
VID_ (25),13,1,0,11.13,-26.72,-19.08,1
VID_ (25),13,1,1,6.47,-26.04,-18.74,1
VID_ (25),13,1,2,12.56,-27.86,-19.64,1
VID_ (25),13,1,3,7.87,-26.91,-18.38,1
VID_ (25),13,1,4,5.6,-27.72,-17.38,1
VID_ (25),13,1,5,4.01,-27.61,-17.85,1
VID_ (25),13,1,6,6.07,-27.57,-17.37,1
VID_ (25),13,1,7,6.79,-26.22,-18.22,1
VID_ (25),14,0,0,24.36,-21.93,-21.97,1
VID_ (25),14,0,1,32.45,-31.05,-27.8,1
VID_ (25),14,0,2,33.61,-23.66,-14.85,1
VID_ (25),14,0,3,35.9,-24.21,-15.62,1
VID_ (25),14,0,4,36.51,-23.21,-16.19,1
VID_ (25),14,0,5,,,,0
VID_ (25),14,0,6,,,,0
VID_ (25),14,0,7,16.34,-12.39,-14.75,1
VID_ (25),2,0,0,-35.61,-20.7,18.49,1
VID_ (25),2,0,1,-35.78,-16.43,14.79,1
VID_ (25),2,0,2,-28.47,-21.46,18.54,1
VID_ (25),2,0,3,-21.44,-25.9,19.67,1
VID_ (25),2,0,4,-29.28,-19.06,18.28,1
VID_ (25),2,0,5,-36.74,-9.32,11.41,1
VID_ (25),2,0,6,-37.78,-10.96,11.31,1
VID_ (25),2,0,7,-22.72,-21.38,11.47,1
VID_ (25),2,1,0,-29.28,-19.06,18.28,1
VID_ (25),2,1,1,-36.74,-9.32,11.41,1
VID_ (25),2,1,2,-37.78,-10.96,11.31,1
VID_ (25),2,1,3,-22.72,-21.38,11.47,1
VID_ (25),2,1,4,-32.5,-15.16,11.08,1
VID_ (25),2,1,5,-33.23,-14.12,12.97,1
VID_ (25),2,1,6,-35.52,-15.37,12.99,1
VID_ (25),2,1,7,-37.28,-12.03,12.09,1
VID_ (25),2,2,0,-32.5,-15.16,11.08,1
VID_ (25),2,2,1,-33.23,-14.12,12.97,1
VID_ (25),2,2,2,-35.52,-15.37,12.99,1
VID_ (25),2,2,3,-37.28,-12.03,12.09,1
VID_ (25),2,2,4,-28.13,-17.99,10.2,1
VID_ (25),2,2,5,-22.8,-22.51,13.85,1
VID_ (25),2,2,6,-29.97,-13.54,7.55,1
VID_ (25),2,2,7,-21.89,-18.06,11.82,1
VID_ (25),2,3,0,-28.13,-17.99,10.2,1
VID_ (25),2,3,1,-22.8,-22.51,13.85,1
VID_ (25),2,3,2,-29.97,-13.54,7.55,1
VID_ (25),2,3,3,-21.89,-18.06,11.82,1
VID_ (25),2,3,4,-25.6,-21.09,14.49,1
VID_ (25),2,3,5,-27.84,-20.34,14.23,1
VID_ (25),2,3,6,-26.61,-17.91,12.38,1
VID_ (25),2,3,7,-29.87,-13.08,9.93,1
VID_ (25),2,4,0,-25.6,-21.09,14.49,1
VID_ (25),2,4,1,-27.84,-20.34,14.23,1
VID_ (25),2,4,2,-26.61,-17.91,12.38,1
VID_ (25),2,4,3,-29.87,-13.08,9.93,1
VID_ (25),2,4,4,-33.22,-17.09,12.01,1
VID_ (25),2,4,5,-23.46,-19.29,13.3,1
VID_ (25),2,4,6,-21.3,-27.44,19.32,1
VID_ (25),2,4,7,-36.01,-12.01,9.65,1
VID_ (25),2,5,0,-33.22,-17.09,12.01,1
VID_ (25),2,5,1,-23.46,-19.29,13.3,1
VID_ (25),2,5,2,-21.3,-27.44,19.32,1
VID_ (25),2,5,3,-36.01,-12.01,9.65,1
VID_ (25),2,5,4,-31.32,-13.54,10.88,1
VID_ (25),2,5,5,-26.59,-19.75,17.16,1
VID_ (25),2,5,6,-27.79,-18.74,15.95,1
VID_ (25),2,5,7,-33.97,-11.59,11.9,1
VID_ (25),2,6,0,-31.32,-13.54,10.88,1
VID_ (25),2,6,1,-26.59,-19.75,17.16,1
VID_ (25),2,6,2,-27.79,-18.74,15.95,1
VID_ (25),2,6,3,-33.97,-11.59,11.9,1
VID_ (25),2,6,4,-33.8,-15.76,14.97,1
VID_ (25),2,6,5,-23.9,-25.95,19.51,1
VID_ (25),2,6,6,-41.15,-18.6,18.79,1
VID_ (25),2,6,7,-43.9,-15.44,18.1,1
VID_ (25),2,7,0,-33.8,-15.76,14.97,1
VID_ (25),2,7,1,-23.9,-25.95,19.51,1
VID_ (25),2,7,2,-41.15,-18.6,18.79,1
VID_ (25),2,7,3,-43.9,-15.44,18.1,1
VID_ (25),2,7,4,-29.02,-17.49,13.16,1
VID_ (25),2,7,5,-30.29,-21.22,12.24,1
VID_ (25),2,7,6,-37.67,-14.52,14.79,1
VID_ (25),2,7,7,-41.21,-13.12,14.2,1
VID_ (25),2,8,0,-29.02,-17.49,13.16,1
VID_ (25),2,8,1,-30.29,-21.22,12.24,1
VID_ (25),2,8,2,-37.67,-14.52,14.79,1
VID_ (25),2,8,3,-41.21,-13.12,14.2,1
VID_ (25),2,8,4,-18.83,-31.25,22.69,1
VID_ (25),2,8,5,-36.74,-15.8,14.89,1
VID_ (25),2,8,6,-38.23,-12.31,12.23,1
VID_ (25),2,8,7,-36.94,-12.02,12.71,1
VID_ (25),2,9,0,-18.83,-31.25,22.69,1
VID_ (25),2,9,1,-36.74,-15.8,14.89,1
VID_ (25),2,9,2,-38.23,-12.31,12.23,1
VID_ (25),2,9,3,-36.94,-12.02,12.71,1
VID_ (25),2,9,4,-38.21,-16.23,13.17,1
VID_ (25),2,9,5,-34.4,-2.72,6.51,1
VID_ (25),2,9,6,-37.31,-5.84,5.72,1
VID_ (25),2,9,7,-36.94,-14.91,9.96,1
VID_ (25),2,10,0,-38.21,-16.23,13.17,1
VID_ (25),2,10,1,-34.4,-2.72,6.51,1
VID_ (25),2,10,2,-37.31,-5.84,5.72,1
VID_ (25),2,10,3,-36.94,-14.91,9.96,1
VID_ (25),2,10,4,-41.45,-7.83,5.79,1
VID_ (25),2,10,5,-36.91,-5.06,3.83,1
VID_ (25),2,10,6,-21.47,-6.05,3.79,1
VID_ (25),2,10,7,2.39,-2.01,-2.94,1
VID_ (25),2,11,0,-41.45,-7.83,5.79,1
VID_ (25),2,11,1,-36.91,-5.06,3.83,1
VID_ (25),2,11,2,-21.47,-6.05,3.79,1
VID_ (25),2,11,3,2.39,-2.01,-2.94,1
VID_ (25),2,11,4,4.08,-3.56,-5.37,1
VID_ (25),2,11,5,8.0,-3.23,-6.55,1
VID_ (25),2,11,6,6.4,-2.41,-7.47,1
VID_ (25),2,11,7,10.1,-2.39,-7.44,1
VID_ (25),2,12,0,4.08,-3.56,-5.37,1
VID_ (25),2,12,1,8.0,-3.23,-6.55,1
VID_ (25),2,12,2,6.4,-2.41,-7.47,1
VID_ (25),2,12,3,10.1,-2.39,-7.44,1
VID_ (25),2,12,4,11.48,-3.3,-7.67,1
VID_ (25),2,12,5,-19.41,-11.01,3.46,1
VID_ (25),2,12,6,-6.82,-8.33,-9.87,1
VID_ (25),2,12,7,-3.76,-4.96,-8.28,1
VID_ (25),2,13,0,11.48,-3.3,-7.67,1
VID_ (25),2,13,1,-19.41,-11.01,3.46,1
VID_ (25),2,13,2,-6.82,-8.33,-9.87,1
VID_ (25),2,13,3,-3.76,-4.96,-8.28,1
VID_ (25),2,13,4,13.06,-4.88,-11.13,1
VID_ (25),2,13,5,8.08,-2.24,-9.44,1
VID_ (25),2,13,6,15.7,-3.36,-9.45,1
VID_ (25),2,13,7,2.95,-2.54,-7.86,1
VID_ (25),3,0,0,-42.12,-23.63,20.47,1
VID_ (25),3,0,1,-39.4,-16.79,16.27,1
VID_ (25),3,0,2,-64.97,-30.61,28.74,1
VID_ (25),3,0,3,-66.36,-27.82,26.49,1
VID_ (25),3,0,4,-34.84,-23.27,21.26,1
VID_ (25),3,0,5,-65.71,-29.9,28.92,1
VID_ (25),3,0,6,-66.4,-35.68,30.65,1
VID_ (25),3,0,7,-65.61,-31.75,29.64,1
VID_ (25),3,1,0,-34.84,-23.27,21.26,1
VID_ (25),3,1,1,-65.71,-29.9,28.92,1
VID_ (25),3,1,2,-66.4,-35.68,30.65,1
VID_ (25),3,1,3,-65.61,-31.75,29.64,1
VID_ (25),3,1,4,-64.09,-32.0,34.02,1
VID_ (25),3,1,5,-66.3,-32.7,30.22,1
VID_ (25),3,1,6,-64.07,-25.31,23.51,1
VID_ (25),3,1,7,-64.31,-29.86,30.07,1
VID_ (25),3,2,0,-64.09,-32.0,34.02,1
VID_ (25),3,2,1,-66.3,-32.7,30.22,1
VID_ (25),3,2,2,-64.07,-25.31,23.51,1
VID_ (25),3,2,3,-64.31,-29.86,30.07,1
VID_ (25),3,2,4,-34.78,-17.12,11.05,1
VID_ (25),3,2,5,-68.7,-35.89,30.68,1
VID_ (25),3,2,6,-37.04,-14.58,8.64,1
VID_ (25),3,2,7,-67.45,-37.71,31.04,1
VID_ (25),3,3,0,-34.78,-17.12,11.05,1
VID_ (25),3,3,1,-68.7,-35.89,30.68,1
VID_ (25),3,3,2,-37.04,-14.58,8.64,1
VID_ (25),3,3,3,-67.45,-37.71,31.04,1
VID_ (25),3,3,4,-66.48,-28.52,26.32,1
VID_ (25),3,3,5,-66.3,-31.42,28.97,1
VID_ (25),3,3,6,-60.63,-25.36,24.35,1
VID_ (25),3,3,7,-66.91,-31.55,28.73,1
VID_ (25),3,4,0,-66.48,-28.52,26.32,1
VID_ (25),3,4,1,-66.3,-31.42,28.97,1
VID_ (25),3,4,2,-60.63,-25.36,24.35,1
VID_ (25),3,4,3,-66.91,-31.55,28.73,1
VID_ (25),3,4,4,-67.62,-36.04,29.92,1
VID_ (25),3,4,5,-66.64,-38.25,31.85,1
VID_ (25),3,4,6,-67.54,-34.27,27.98,1
VID_ (25),3,4,7,-42.78,-13.38,11.5,1
VID_ (25),3,5,0,-67.62,-36.04,29.92,1
VID_ (25),3,5,1,-66.64,-38.25,31.85,1
VID_ (25),3,5,2,-67.54,-34.27,27.98,1
VID_ (25),3,5,3,-42.78,-13.38,11.5,1
VID_ (25),3,5,4,-66.08,-35.69,30.22,1
VID_ (25),3,5,5,-66.32,-36.34,31.47,1
VID_ (25),3,5,6,-59.19,-22.52,22.73,1
VID_ (25),3,5,7,-63.19,-27.05,24.95,1
VID_ (25),3,6,0,-66.08,-35.69,30.22,1
VID_ (25),3,6,1,-66.32,-36.34,31.47,1
VID_ (25),3,6,2,-59.19,-22.52,22.73,1
VID_ (25),3,6,3,-63.19,-27.05,24.95,1
VID_ (25),3,6,4,-39.35,-15.84,16.37,1
VID_ (25),3,6,5,-66.97,-35.38,30.52,1
VID_ (25),3,6,6,-43.42,-20.37,19.42,1
VID_ (25),3,6,7,-48.82,-17.72,19.06,1
VID_ (25),3,7,0,-39.35,-15.84,16.37,1
VID_ (25),3,7,1,-66.97,-35.38,30.52,1
VID_ (25),3,7,2,-43.42,-20.37,19.42,1
VID_ (25),3,7,3,-48.82,-17.72,19.06,1
VID_ (25),3,7,4,-36.83,-18.66,15.55,1
VID_ (25),3,7,5,-35.7,-20.23,12.67,1
VID_ (25),3,7,6,-44.78,-15.46,15.51,1
VID_ (25),3,7,7,-45.3,-14.82,15.65,1
VID_ (25),3,8,0,-36.83,-18.66,15.55,1
VID_ (25),3,8,1,-35.7,-20.23,12.67,1
VID_ (25),3,8,2,-44.78,-15.46,15.51,1
VID_ (25),3,8,3,-45.3,-14.82,15.65,1
VID_ (25),3,8,4,-66.5,-36.17,30.02,1
VID_ (25),3,8,5,-41.8,-17.36,16.65,1
VID_ (25),3,8,6,-40.34,-12.69,13.3,1
VID_ (25),3,8,7,-40.95,-13.65,14.5,1
VID_ (25),3,9,0,-66.5,-36.17,30.02,1
VID_ (25),3,9,1,-41.8,-17.36,16.65,1
VID_ (25),3,9,2,-40.34,-12.69,13.3,1
VID_ (25),3,9,3,-40.95,-13.65,14.5,1
VID_ (25),3,9,4,-41.8,-16.06,14.17,1
VID_ (25),3,9,5,-45.85,-6.93,8.39,1
VID_ (25),3,9,6,-64.73,-36.78,31.57,1
VID_ (25),3,9,7,-56.98,-16.32,15.79,1
VID_ (25),3,10,0,-41.8,-16.06,14.17,1
VID_ (25),3,10,1,-45.85,-6.93,8.39,1
VID_ (25),3,10,2,-64.73,-36.78,31.57,1
VID_ (25),3,10,3,-56.98,-16.32,15.79,1
VID_ (25),3,10,4,-50.13,-11.77,11.94,1
VID_ (25),3,10,5,-59.15,-22.58,25.86,1
VID_ (25),3,10,6,-50.43,-12.76,18.58,1
VID_ (25),3,10,7,-67.27,-38.38,34.92,1
VID_ (25),3,11,0,-50.13,-11.77,11.94,1
VID_ (25),3,11,1,-59.15,-22.58,25.86,1
VID_ (25),3,11,2,-50.43,-12.76,18.58,1
VID_ (25),3,11,3,-67.27,-38.38,34.92,1
VID_ (25),3,11,4,-68.18,-43.81,37.84,1
VID_ (25),3,11,5,-63.77,-38.13,32.39,1
VID_ (25),3,11,6,-65.88,-39.96,35.3,1
VID_ (25),3,11,7,-70.17,-44.41,38.26,1
VID_ (25),3,12,0,-68.18,-43.81,37.84,1
VID_ (25),3,12,1,-63.77,-38.13,32.39,1
VID_ (25),3,12,2,-65.88,-39.96,35.3,1
VID_ (25),3,12,3,-70.17,-44.41,38.26,1
VID_ (25),3,12,4,-65.4,-35.99,35.24,1
VID_ (25),3,12,5,-21.05,-9.75,2.97,1
VID_ (25),3,12,6,-9.43,-4.81,-9.65,1
VID_ (25),3,12,7,-5.03,-3.31,-8.54,1
VID_ (25),3,13,0,-65.4,-35.99,35.24,1
VID_ (25),3,13,1,-21.05,-9.75,2.97,1
VID_ (25),3,13,2,-9.43,-4.81,-9.65,1
VID_ (25),3,13,3,-5.03,-3.31,-8.54,1
VID_ (25),3,13,4,12.84,-4.11,-9.85,1
VID_ (25),3,13,5,-68.08,-39.45,32.71,1
VID_ (25),3,13,6,4.51,-1.68,-7.6,1
VID_ (25),3,13,7,-50.85,-14.61,18.32,1
VID_ (25),4,0,0,-18.87,-15.6,-4.37,1
VID_ (25),4,0,1,-15.75,-11.0,-4.08,1
VID_ (25),4,0,2,-12.15,-12.23,-4.51,1
VID_ (25),4,0,3,-14.29,-11.43,-4.36,1
VID_ (25),4,0,4,50.96,-14.01,-7.22,1
VID_ (25),4,0,5,-14.31,-13.77,-5.24,1
VID_ (25),4,0,6,-11.67,-12.22,-5.48,1
VID_ (25),4,0,7,-14.62,-15.05,-2.45,1
VID_ (25),4,1,0,50.96,-14.01,-7.22,1
VID_ (25),4,1,1,-14.31,-13.77,-5.24,1
VID_ (25),4,1,2,-11.67,-12.22,-5.48,1
VID_ (25),4,1,3,-14.62,-15.05,-2.45,1
VID_ (25),4,1,4,29.25,-20.4,-14.95,1
VID_ (25),4,1,5,64.66,-23.04,-10.95,1
VID_ (25),4,1,6,29.01,-20.92,-15.28,1
VID_ (25),4,1,7,-11.32,-14.09,-4.35,1
VID_ (25),4,2,0,29.25,-20.4,-14.95,1
VID_ (25),4,2,1,64.66,-23.04,-10.95,1
VID_ (25),4,2,2,29.01,-20.92,-15.28,1
VID_ (25),4,2,3,-11.32,-14.09,-4.35,1
VID_ (25),4,2,4,-12.52,-13.43,-4.41,1
VID_ (25),4,2,5,-13.46,-14.75,-4.71,1
VID_ (25),4,2,6,-13.74,-16.05,-4.92,1
VID_ (25),4,2,7,-10.58,-13.93,-5.79,1
VID_ (25),4,3,0,-12.52,-13.43,-4.41,1
VID_ (25),4,3,1,-13.46,-14.75,-4.71,1
VID_ (25),4,3,2,-13.74,-16.05,-4.92,1
VID_ (25),4,3,3,-10.58,-13.93,-5.79,1
VID_ (25),4,3,4,50.07,-17.77,-7.98,1
VID_ (25),4,3,5,-15.04,-17.58,-3.87,1
VID_ (25),4,3,6,-12.93,-16.5,-4.1,1
VID_ (25),4,3,7,54.42,-16.18,-5.26,1
VID_ (25),4,4,0,50.07,-17.77,-7.98,1
VID_ (25),4,4,1,-15.04,-17.58,-3.87,1
VID_ (25),4,4,2,-12.93,-16.5,-4.1,1
VID_ (25),4,4,3,54.42,-16.18,-5.26,1
VID_ (25),4,4,4,-16.96,-14.34,-7.55,1
VID_ (25),4,4,5,-11.76,-12.98,-6.21,1
VID_ (25),4,4,6,53.64,-17.87,-14.37,1
VID_ (25),4,4,7,56.81,-25.22,-15.73,1
VID_ (25),4,5,0,-16.96,-14.34,-7.55,1
VID_ (25),4,5,1,-11.76,-12.98,-6.21,1
VID_ (25),4,5,2,53.64,-17.87,-14.37,1
VID_ (25),4,5,3,56.81,-25.22,-15.73,1
VID_ (25),4,5,4,-17.15,-12.53,-6.93,1
VID_ (25),4,5,5,-15.52,-16.08,-6.07,1
VID_ (25),4,5,6,53.23,-18.3,-12.38,1
VID_ (25),4,5,7,40.87,-18.93,-15.0,1
VID_ (25),4,6,0,-17.15,-12.53,-6.93,1
VID_ (25),4,6,1,-15.52,-16.08,-6.07,1
VID_ (25),4,6,2,53.23,-18.3,-12.38,1
VID_ (25),4,6,3,40.87,-18.93,-15.0,1
VID_ (25),4,6,4,56.47,-22.29,-15.5,1
VID_ (25),4,6,5,-21.19,-15.14,-5.9,1
VID_ (25),4,6,6,60.04,-17.13,-10.28,1
VID_ (25),4,6,7,53.03,-17.82,-14.05,1
VID_ (25),4,7,0,56.47,-22.29,-15.5,1
VID_ (25),4,7,1,-21.19,-15.14,-5.9,1
VID_ (25),4,7,2,60.04,-17.13,-10.28,1
VID_ (25),4,7,3,53.03,-17.82,-14.05,1
VID_ (25),4,7,4,61.2,-22.27,-19.71,1
VID_ (25),4,7,5,36.65,-25.96,-22.13,1
VID_ (25),4,7,6,34.26,-19.68,-18.05,1
VID_ (25),4,7,7,-3.94,-17.05,-15.38,1
VID_ (25),4,8,0,61.2,-22.27,-19.71,1
VID_ (25),4,8,1,36.65,-25.96,-22.13,1
VID_ (25),4,8,2,34.26,-19.68,-18.05,1
VID_ (25),4,8,3,-3.94,-17.05,-15.38,1
VID_ (25),4,8,4,46.8,-18.86,-15.7,1
VID_ (25),4,8,5,57.77,-29.42,-22.53,1
VID_ (25),4,8,6,56.66,-22.69,-15.17,1
VID_ (25),4,8,7,41.36,-32.76,-35.67,1
VID_ (25),4,9,0,46.8,-18.86,-15.7,1
VID_ (25),4,9,1,57.77,-29.42,-22.53,1
VID_ (25),4,9,2,56.66,-22.69,-15.17,1
VID_ (25),4,9,3,41.36,-32.76,-35.67,1
VID_ (25),4,9,4,38.45,-33.93,-33.74,1
VID_ (25),4,9,5,34.82,-29.01,-29.4,1
VID_ (25),4,9,6,42.69,-34.44,-34.31,1
VID_ (25),4,9,7,40.82,-31.8,-31.39,1
VID_ (25),4,10,0,38.45,-33.93,-33.74,1
VID_ (25),4,10,1,34.82,-29.01,-29.4,1
VID_ (25),4,10,2,42.69,-34.44,-34.31,1
VID_ (25),4,10,3,40.82,-31.8,-31.39,1
VID_ (25),4,10,4,37.67,-31.92,-31.06,1
VID_ (25),4,10,5,,,,0
VID_ (25),4,10,6,34.23,-16.49,4.99,1
VID_ (25),4,10,7,36.13,-17.41,-16.31,1
VID_ (25),4,11,0,37.67,-31.92,-31.06,1
VID_ (25),4,11,1,,,,0
VID_ (25),4,11,2,34.23,-16.49,4.99,1
VID_ (25),4,11,3,36.13,-17.41,-16.31,1
VID_ (25),4,11,4,48.83,-17.55,-13.43,1
VID_ (25),4,11,5,51.92,-18.69,-14.1,1
VID_ (25),4,11,6,37.49,-16.72,-12.32,1
VID_ (25),4,11,7,38.98,-19.26,-14.65,1
VID_ (25),4,12,0,48.83,-17.55,-13.43,1
VID_ (25),4,12,1,51.92,-18.69,-14.1,1
VID_ (25),4,12,2,37.49,-16.72,-12.32,1
VID_ (25),4,12,3,38.98,-19.26,-14.65,1
VID_ (25),4,12,4,36.31,-18.07,-13.27,1
VID_ (25),4,12,5,30.08,-22.96,-21.09,1
VID_ (25),4,12,6,29.56,-25.04,-24.11,1
VID_ (25),4,12,7,36.94,-29.27,-24.44,1
VID_ (25),4,13,0,36.31,-18.07,-13.27,1
VID_ (25),4,13,1,30.08,-22.96,-21.09,1
VID_ (25),4,13,2,29.56,-25.04,-24.11,1
VID_ (25),4,13,3,36.94,-29.27,-24.44,1
VID_ (25),4,13,4,47.8,-17.66,-11.44,1
VID_ (25),4,13,5,42.1,-20.14,-14.27,1
VID_ (25),4,13,6,46.97,-18.2,-9.74,1
VID_ (25),4,13,7,46.33,-13.04,-9.67,1
VID_ (25),5,0,0,-50.64,-20.36,15.16,1
VID_ (25),5,0,1,,,,0
VID_ (25),5,0,2,,,,0
VID_ (25),5,0,3,-48.88,-15.91,14.08,1
VID_ (25),5,0,4,,,,0
VID_ (25),5,0,5,-45.91,-22.09,19.35,1
VID_ (25),5,0,6,,,,0
VID_ (25),5,0,7,,,,0
VID_ (25),5,1,0,,,,0
VID_ (25),5,1,1,-45.91,-22.09,19.35,1
VID_ (25),5,1,2,,,,0
VID_ (25),5,1,3,,,,0
VID_ (25),5,1,4,,,,0
VID_ (25),5,1,5,,,,0
VID_ (25),5,1,6,,,,0
VID_ (25),5,1,7,,,,0
VID_ (25),5,2,0,,,,0
VID_ (25),5,2,1,,,,0
VID_ (25),5,2,2,,,,0
VID_ (25),5,2,3,,,,0
VID_ (25),5,2,4,,,,0
VID_ (25),5,2,5,,,,0
VID_ (25),5,2,6,,,,0
VID_ (25),5,2,7,,,,0
VID_ (25),5,3,0,,,,0
VID_ (25),5,3,1,,,,0
VID_ (25),5,3,2,,,,0
VID_ (25),5,3,3,,,,0
VID_ (25),5,3,4,,,,0
VID_ (25),5,3,5,,,,0
VID_ (25),5,3,6,,,,0
VID_ (25),5,3,7,,,,0
VID_ (25),5,4,0,,,,0
VID_ (25),5,4,1,,,,0
VID_ (25),5,4,2,,,,0
VID_ (25),5,4,3,,,,0
VID_ (25),5,4,4,,,,0
VID_ (25),5,4,5,,,,0
VID_ (25),5,4,6,,,,0
VID_ (25),5,4,7,,,,0
VID_ (25),5,5,0,,,,0
VID_ (25),5,5,1,,,,0
VID_ (25),5,5,2,,,,0
VID_ (25),5,5,3,,,,0
VID_ (25),5,5,4,,,,0
VID_ (25),5,5,5,,,,0
VID_ (25),5,5,6,,,,0
VID_ (25),5,5,7,,,,0
VID_ (25),5,6,0,,,,0
VID_ (25),5,6,1,,,,0
VID_ (25),5,6,2,,,,0
VID_ (25),5,6,3,,,,0
VID_ (25),5,6,4,,,,0
VID_ (25),5,6,5,,,,0
VID_ (25),5,6,6,,,,0
VID_ (25),5,6,7,,,,0
VID_ (25),5,7,0,,,,0
VID_ (25),5,7,1,,,,0
VID_ (25),5,7,2,,,,0
VID_ (25),5,7,3,,,,0
VID_ (25),5,7,4,,,,0
VID_ (25),5,7,5,,,,0
VID_ (25),5,7,6,,,,0
VID_ (25),5,7,7,,,,0
VID_ (25),5,8,0,,,,0
VID_ (25),5,8,1,,,,0
VID_ (25),5,8,2,,,,0
VID_ (25),5,8,3,,,,0
VID_ (25),5,8,4,,,,0
VID_ (25),5,8,5,,,,0
VID_ (25),5,8,6,,,,0
VID_ (25),5,8,7,,,,0
VID_ (25),5,9,0,,,,0
VID_ (25),5,9,1,,,,0
VID_ (25),5,9,2,,,,0
VID_ (25),5,9,3,,,,0
VID_ (25),5,9,4,,,,0
VID_ (25),5,9,5,,,,0
VID_ (25),5,9,6,,,,0
VID_ (25),5,9,7,,,,0
VID_ (25),5,10,0,,,,0
VID_ (25),5,10,1,,,,0
VID_ (25),5,10,2,,,,0
VID_ (25),5,10,3,,,,0
VID_ (25),5,10,4,,,,0
VID_ (25),5,10,5,,,,0
VID_ (25),5,10,6,,,,0
VID_ (25),5,10,7,,,,0
VID_ (25),5,11,0,,,,0
VID_ (25),5,11,1,,,,0
VID_ (25),5,11,2,,,,0
VID_ (25),5,11,3,,,,0
VID_ (25),5,11,4,,,,0
VID_ (25),5,11,5,,,,0
VID_ (25),5,11,6,,,,0
VID_ (25),5,11,7,,,,0
VID_ (25),5,12,0,,,,0
VID_ (25),5,12,1,,,,0
VID_ (25),5,12,2,,,,0
VID_ (25),5,12,3,,,,0
VID_ (25),5,12,4,,,,0
VID_ (25),5,12,5,,,,0
VID_ (25),5,12,6,,,,0
VID_ (25),5,12,7,,,,0
VID_ (25),5,13,0,,,,0
VID_ (25),5,13,1,,,,0
VID_ (25),5,13,2,,,,0
VID_ (25),5,13,3,,,,0
VID_ (25),5,13,4,,,,0
VID_ (25),5,13,5,,,,0
VID_ (25),5,13,6,,,,0
VID_ (25),5,13,7,,,,0
VID_ (25),6,0,0,-23.08,-11.71,-5.91,1
VID_ (25),6,0,1,-17.53,-13.96,-4.19,1
VID_ (25),6,0,2,-11.5,-13.12,-4.75,1
VID_ (25),6,0,3,-10.3,-11.69,-5.67,1
VID_ (25),6,0,4,-11.98,-14.18,-4.67,1
VID_ (25),6,0,5,-13.69,-13.07,-5.86,1
VID_ (25),6,0,6,-13.78,-13.89,-5.01,1
VID_ (25),6,0,7,-12.42,-14.45,-2.91,1
VID_ (25),6,1,0,-11.98,-14.18,-4.67,1
VID_ (25),6,1,1,-13.69,-13.07,-5.86,1
VID_ (25),6,1,2,-13.78,-13.89,-5.01,1
VID_ (25),6,1,3,-12.42,-14.45,-2.91,1
VID_ (25),6,1,4,-15.61,-12.95,-3.73,1
VID_ (25),6,1,5,-18.55,-12.39,-4.01,1
VID_ (25),6,1,6,4.08,-12.78,-3.49,1
VID_ (25),6,1,7,10.25,-13.91,-2.41,1
VID_ (25),6,2,0,-15.61,-12.95,-3.73,1
VID_ (25),6,2,1,-18.55,-12.39,-4.01,1
VID_ (25),6,2,2,4.08,-12.78,-3.49,1
VID_ (25),6,2,3,10.25,-13.91,-2.41,1
VID_ (25),6,2,4,3.39,-10.96,-4.49,1
VID_ (25),6,2,5,-13.04,-13.82,-4.32,1
VID_ (25),6,2,6,-12.3,-16.76,-5.08,1
VID_ (25),6,2,7,-11.92,-13.38,-5.66,1
VID_ (25),6,3,0,3.39,-10.96,-4.49,1
VID_ (25),6,3,1,-13.04,-13.82,-4.32,1
VID_ (25),6,3,2,-12.3,-16.76,-5.08,1
VID_ (25),6,3,3,-11.92,-13.38,-5.66,1
VID_ (25),6,3,4,-13.29,-11.75,-5.97,1
VID_ (25),6,3,5,-10.37,-16.31,-4.41,1
VID_ (25),6,3,6,-9.28,-18.26,-3.65,1
VID_ (25),6,3,7,-17.31,-18.85,-3.42,1
VID_ (25),6,4,0,-13.29,-11.75,-5.97,1
VID_ (25),6,4,1,-10.37,-16.31,-4.41,1
VID_ (25),6,4,2,-9.28,-18.26,-3.65,1
VID_ (25),6,4,3,-17.31,-18.85,-3.42,1
VID_ (25),6,4,4,-15.3,-16.75,-6.56,1
VID_ (25),6,4,5,-15.49,-13.1,-6.94,1
VID_ (25),6,4,6,-13.95,-14.89,-9.71,1
VID_ (25),6,4,7,-17.4,-17.0,-7.92,1
VID_ (25),6,5,0,-15.3,-16.75,-6.56,1
VID_ (25),6,5,1,-15.49,-13.1,-6.94,1
VID_ (25),6,5,2,-13.95,-14.89,-9.71,1
VID_ (25),6,5,3,-17.4,-17.0,-7.92,1
VID_ (25),6,5,4,-15.68,-15.22,-5.76,1
VID_ (25),6,5,5,-15.74,-16.06,-6.52,1
VID_ (25),6,5,6,-18.02,-16.52,-6.68,1
VID_ (25),6,5,7,-20.7,-12.45,-8.12,1
VID_ (25),6,6,0,-15.68,-15.22,-5.76,1
VID_ (25),6,6,1,-15.74,-16.06,-6.52,1
VID_ (25),6,6,2,-18.02,-16.52,-6.68,1
VID_ (25),6,6,3,-20.7,-12.45,-8.12,1
VID_ (25),6,6,4,-17.95,-15.51,-8.69,1
VID_ (25),6,6,5,-18.44,-14.5,-5.95,1
VID_ (25),6,6,6,-17.16,-9.49,-13.01,1
VID_ (25),6,6,7,-15.57,-10.73,-14.02,1
VID_ (25),6,7,0,-17.95,-15.51,-8.69,1
VID_ (25),6,7,1,-18.44,-14.5,-5.95,1
VID_ (25),6,7,2,-17.16,-9.49,-13.01,1
VID_ (25),6,7,3,-15.57,-10.73,-14.02,1
VID_ (25),6,7,4,-17.89,-14.86,-10.54,1
VID_ (25),6,7,5,-15.79,-15.27,-10.89,1
VID_ (25),6,7,6,-15.76,-17.59,-11.89,1
VID_ (25),6,7,7,-1.46,-14.58,-17.75,1
VID_ (25),6,8,0,-17.89,-14.86,-10.54,1
VID_ (25),6,8,1,-15.79,-15.27,-10.89,1
VID_ (25),6,8,2,-15.76,-17.59,-11.89,1
VID_ (25),6,8,3,-1.46,-14.58,-17.75,1
VID_ (25),6,8,4,-8.79,-25.09,-10.88,1
VID_ (25),6,8,5,-3.54,-18.61,-11.66,1
VID_ (25),6,8,6,6.07,-12.12,-12.85,1
VID_ (25),6,8,7,15.36,-13.2,-11.52,1
VID_ (25),6,9,0,-8.79,-25.09,-10.88,1
VID_ (25),6,9,1,-3.54,-18.61,-11.66,1
VID_ (25),6,9,2,6.07,-12.12,-12.85,1
VID_ (25),6,9,3,15.36,-13.2,-11.52,1
VID_ (25),6,9,4,,,,0
VID_ (25),6,9,5,,,,0
VID_ (25),6,9,6,,,,0
VID_ (25),6,9,7,,,,0
VID_ (25),6,10,0,,,,0
VID_ (25),6,10,1,,,,0
VID_ (25),6,10,2,,,,0
VID_ (25),6,10,3,,,,0
VID_ (25),6,10,4,,,,0
VID_ (25),6,10,5,-2.54,-10.98,-16.9,1
VID_ (25),6,10,6,21.83,-11.26,0.8,1
VID_ (25),6,10,7,-4.11,-6.83,-10.35,1
VID_ (25),6,11,0,,,,0
VID_ (25),6,11,1,-2.54,-10.98,-16.9,1
VID_ (25),6,11,2,21.83,-11.26,0.8,1
VID_ (25),6,11,3,-4.11,-6.83,-10.35,1
VID_ (25),6,11,4,-9.14,-11.36,-9.88,1
VID_ (25),6,11,5,1.25,-9.56,-11.19,1
VID_ (25),6,11,6,-11.04,-0.47,-15.83,1
VID_ (25),6,11,7,-19.33,-16.58,-10.98,1
VID_ (25),6,12,0,-9.14,-11.36,-9.88,1
VID_ (25),6,12,1,1.25,-9.56,-11.19,1
VID_ (25),6,12,2,-11.04,-0.47,-15.83,1
VID_ (25),6,12,3,-19.33,-16.58,-10.98,1
VID_ (25),6,12,4,-12.85,-17.49,-10.7,1
VID_ (25),6,12,5,-11.89,-15.48,-11.58,1
VID_ (25),6,12,6,-14.34,-15.45,-12.96,1
VID_ (25),6,12,7,-15.75,-11.68,-15.2,1
VID_ (25),6,13,0,-12.85,-17.49,-10.7,1
VID_ (25),6,13,1,-11.89,-15.48,-11.58,1
VID_ (25),6,13,2,-14.34,-15.45,-12.96,1
VID_ (25),6,13,3,-15.75,-11.68,-15.2,1
VID_ (25),6,13,4,-15.3,-8.41,-14.38,1
VID_ (25),6,13,5,-15.65,-13.68,-15.21,1
VID_ (25),6,13,6,-14.92,-18.6,-12.52,1
VID_ (25),6,13,7,-8.39,-8.12,-13.68,1
VID_ (25),7,0,0,11.32,-24.2,-23.47,1
VID_ (25),7,0,1,1.09,-23.14,-20.73,1
VID_ (25),7,0,2,5.99,-22.47,-23.26,1
VID_ (25),7,0,3,7.92,-24.7,-23.52,1
VID_ (25),7,0,4,7.57,-23.53,-22.28,1
VID_ (25),7,0,5,8.71,-23.73,-22.75,1
VID_ (25),7,0,6,10.47,-24.43,-23.01,1
VID_ (25),7,0,7,6.51,-23.18,-22.58,1
VID_ (25),7,1,0,7.57,-23.53,-22.28,1
VID_ (25),7,1,1,8.71,-23.73,-22.75,1
VID_ (25),7,1,2,10.47,-24.43,-23.01,1
VID_ (25),7,1,3,6.51,-23.18,-22.58,1
VID_ (25),7,1,4,5.46,-23.6,-22.41,1
VID_ (25),7,1,5,4.02,-23.01,-21.65,1
VID_ (25),7,1,6,2.87,-22.63,-22.19,1
VID_ (25),7,1,7,9.92,-24.22,-24.38,1
VID_ (25),7,2,0,5.46,-23.6,-22.41,1
VID_ (25),7,2,1,4.02,-23.01,-21.65,1
VID_ (25),7,2,2,2.87,-22.63,-22.19,1
VID_ (25),7,2,3,9.92,-24.22,-24.38,1
VID_ (25),7,2,4,7.85,-23.02,-23.35,1
VID_ (25),7,2,5,1.44,-22.85,-19.08,1
VID_ (25),7,2,6,5.86,-22.76,-21.8,1
VID_ (25),7,2,7,9.66,-24.01,-24.4,1
VID_ (25),7,3,0,7.85,-23.02,-23.35,1
VID_ (25),7,3,1,1.44,-22.85,-19.08,1
VID_ (25),7,3,2,5.86,-22.76,-21.8,1
VID_ (25),7,3,3,9.66,-24.01,-24.4,1
VID_ (25),7,3,4,8.22,-22.05,-21.79,1
VID_ (25),7,3,5,11.99,-23.24,-23.75,1
VID_ (25),7,3,6,13.62,-24.53,-24.27,1
VID_ (25),7,3,7,12.16,-23.85,-23.88,1
VID_ (25),7,4,0,8.22,-22.05,-21.79,1
VID_ (25),7,4,1,11.99,-23.24,-23.75,1
VID_ (25),7,4,2,13.62,-24.53,-24.27,1
VID_ (25),7,4,3,12.16,-23.85,-23.88,1
VID_ (25),7,4,4,7.9,-21.9,-21.6,1
VID_ (25),7,4,5,-0.25,-22.06,-18.97,1
VID_ (25),7,4,6,0.55,-24.03,-18.3,1
VID_ (25),7,4,7,1.27,-22.51,-17.56,1
VID_ (25),7,5,0,7.9,-21.9,-21.6,1
VID_ (25),7,5,1,-0.25,-22.06,-18.97,1
VID_ (25),7,5,2,0.55,-24.03,-18.3,1
VID_ (25),7,5,3,1.27,-22.51,-17.56,1
VID_ (25),7,5,4,-0.24,-22.74,-18.2,1
VID_ (25),7,5,5,-0.29,-22.99,-19.03,1
VID_ (25),7,5,6,-0.45,-24.97,-20.03,1
VID_ (25),7,5,7,-0.83,-25.05,-19.11,1
VID_ (25),7,6,0,-0.24,-22.74,-18.2,1
VID_ (25),7,6,1,-0.29,-22.99,-19.03,1
VID_ (25),7,6,2,-0.45,-24.97,-20.03,1
VID_ (25),7,6,3,-0.83,-25.05,-19.11,1
VID_ (25),7,6,4,3.12,-30.16,-15.8,1
VID_ (25),7,6,5,5.48,-29.57,-16.25,1
VID_ (25),7,6,6,3.75,-29.97,-16.36,1
VID_ (25),7,6,7,2.22,-32.74,-15.9,1
VID_ (25),7,7,0,3.12,-30.16,-15.8,1
VID_ (25),7,7,1,5.48,-29.57,-16.25,1
VID_ (25),7,7,2,3.75,-29.97,-16.36,1
VID_ (25),7,7,3,2.22,-32.74,-15.9,1
VID_ (25),7,7,4,2.17,-28.14,-16.38,1
VID_ (25),7,7,5,5.29,-27.7,-17.04,1
VID_ (25),7,7,6,3.26,-29.25,-16.14,1
VID_ (25),7,7,7,2.11,-29.66,-15.51,1
VID_ (25),7,8,0,2.17,-28.14,-16.38,1
VID_ (25),7,8,1,5.29,-27.7,-17.04,1
VID_ (25),7,8,2,3.26,-29.25,-16.14,1
VID_ (25),7,8,3,2.11,-29.66,-15.51,1
VID_ (25),7,8,4,2.48,-28.96,-15.7,1
VID_ (25),7,8,5,2.52,-28.14,-15.77,1
VID_ (25),7,8,6,3.8,-27.26,-17.17,1
VID_ (25),7,8,7,3.33,-26.96,-15.97,1
VID_ (25),7,9,0,2.48,-28.96,-15.7,1
VID_ (25),7,9,1,2.52,-28.14,-15.77,1
VID_ (25),7,9,2,3.8,-27.26,-17.17,1
VID_ (25),7,9,3,3.33,-26.96,-15.97,1
VID_ (25),7,9,4,5.3,-27.29,-16.11,1
VID_ (25),7,9,5,6.32,-27.17,-15.23,1
VID_ (25),7,9,6,3.56,-28.21,-15.47,1
VID_ (25),7,9,7,5.2,-27.99,-15.31,1
VID_ (25),7,10,0,5.3,-27.29,-16.11,1
VID_ (25),7,10,1,6.32,-27.17,-15.23,1
VID_ (25),7,10,2,3.56,-28.21,-15.47,1
VID_ (25),7,10,3,5.2,-27.99,-15.31,1
VID_ (25),7,10,4,5.59,-27.46,-16.29,1
VID_ (25),7,10,5,3.33,-27.08,-15.64,1
VID_ (25),7,10,6,3.9,-28.0,-15.07,1
VID_ (25),7,10,7,2.17,-28.5,-14.52,1
VID_ (25),7,11,0,5.59,-27.46,-16.29,1
VID_ (25),7,11,1,3.33,-27.08,-15.64,1
VID_ (25),7,11,2,3.9,-28.0,-15.07,1
VID_ (25),7,11,3,2.17,-28.5,-14.52,1
VID_ (25),7,11,4,2.48,-29.13,-14.55,1
VID_ (25),7,11,5,2.1,-27.88,-15.03,1
VID_ (25),7,11,6,2.2,-27.65,-14.95,1
VID_ (25),7,11,7,1.83,-27.41,-15.57,1
VID_ (25),7,12,0,2.48,-29.13,-14.55,1
VID_ (25),7,12,1,2.1,-27.88,-15.03,1
VID_ (25),7,12,2,2.2,-27.65,-14.95,1
VID_ (25),7,12,3,1.83,-27.41,-15.57,1
VID_ (25),7,12,4,4.6,-27.83,-16.29,1
VID_ (25),7,12,5,4.64,-28.52,-15.91,1
VID_ (25),7,12,6,2.8,-28.46,-16.76,1
VID_ (25),7,12,7,3.09,-28.13,-16.99,1
VID_ (25),7,13,0,4.6,-27.83,-16.29,1
VID_ (25),7,13,1,4.64,-28.52,-15.91,1
VID_ (25),7,13,2,2.8,-28.46,-16.76,1
VID_ (25),7,13,3,3.09,-28.13,-16.99,1
VID_ (25),7,13,4,3.31,-28.82,-16.45,1
VID_ (25),7,13,5,2.84,-28.28,-16.18,1
VID_ (25),7,13,6,1.32,-28.38,-16.75,1
VID_ (25),7,13,7,2.71,-29.19,-15.53,1
VID_ (25),8,0,0,22.1,-11.65,-2.26,1
VID_ (25),8,0,1,9.08,-12.64,-4.01,1
VID_ (25),8,0,2,9.89,-13.45,-4.89,1
VID_ (25),8,0,3,4.27,-12.58,-5.5,1
VID_ (25),8,0,4,9.41,-13.6,-1.39,1
VID_ (25),8,0,5,7.87,-13.92,-1.84,1
VID_ (25),8,0,6,-6.59,-10.1,-4.15,1
VID_ (25),8,0,7,-10.95,-13.14,-4.94,1
VID_ (25),8,1,0,9.41,-13.6,-1.39,1
VID_ (25),8,1,1,7.87,-13.92,-1.84,1
VID_ (25),8,1,2,-6.59,-10.1,-4.15,1
VID_ (25),8,1,3,-10.95,-13.14,-4.94,1
VID_ (25),8,1,4,-10.79,-13.54,-4.33,1
VID_ (25),8,1,5,-13.65,-14.09,-4.39,1
VID_ (25),8,1,6,-13.3,-13.08,-4.43,1
VID_ (25),8,1,7,-2.11,-11.34,-5.31,1
VID_ (25),8,2,0,-10.79,-13.54,-4.33,1
VID_ (25),8,2,1,-13.65,-14.09,-4.39,1
VID_ (25),8,2,2,-13.3,-13.08,-4.43,1
VID_ (25),8,2,3,-2.11,-11.34,-5.31,1
VID_ (25),8,2,4,-2.85,-8.89,-6.85,1
VID_ (25),8,2,5,8.59,-6.54,-8.25,1
VID_ (25),8,2,6,2.06,-5.58,-6.23,1
VID_ (25),8,2,7,14.01,-3.25,-4.44,1
VID_ (25),8,3,0,-2.85,-8.89,-6.85,1
VID_ (25),8,3,1,8.59,-6.54,-8.25,1
VID_ (25),8,3,2,2.06,-5.58,-6.23,1
VID_ (25),8,3,3,14.01,-3.25,-4.44,1
VID_ (25),8,3,4,-9.45,-6.76,-6.39,1
VID_ (25),8,3,5,-7.81,-6.74,-6.4,1
VID_ (25),8,3,6,-7.64,-0.71,-7.31,1
VID_ (25),8,3,7,0.34,-10.16,-9.49,1
VID_ (25),9,0,0,,,,0
VID_ (25),9,0,1,,,,0
VID_ (25),9,0,2,,,,0
VID_ (25),9,0,3,,,,0
VID_ (25),9,0,4,,,,0
VID_ (25),9,0,5,,,,0
VID_ (25),9,0,6,,,,0
VID_ (25),9,0,7,,,,0
VID_ (26),1,0,0,-75.38,-23.85,22.19,1
VID_ (26),1,0,1,-74.81,-15.24,12.42,1
VID_ (26),1,0,2,-76.4,-25.47,22.57,1
VID_ (26),1,0,3,-77.15,-20.53,19.65,1
VID_ (26),1,0,4,-67.31,-1.33,1.5,1
VID_ (26),1,0,5,-76.18,-11.47,10.84,1
VID_ (26),1,0,6,-69.27,3.76,0.66,1
VID_ (26),1,0,7,-74.09,-17.93,14.28,1
VID_ (26),1,1,0,-67.31,-1.33,1.5,1
VID_ (26),1,1,1,-76.18,-11.47,10.84,1
VID_ (26),1,1,2,-69.27,3.76,0.66,1
VID_ (26),1,1,3,-74.09,-17.93,14.28,1
VID_ (26),1,1,4,-62.89,-4.62,4.75,1
VID_ (26),1,1,5,-64.37,-9.05,7.15,1
VID_ (26),1,1,6,-69.77,-11.89,9.54,1
VID_ (26),1,1,7,-69.69,-13.74,12.17,1
VID_ (26),1,2,0,-62.89,-4.62,4.75,1
VID_ (26),1,2,1,-64.37,-9.05,7.15,1
VID_ (26),1,2,2,-69.77,-11.89,9.54,1
VID_ (26),1,2,3,-69.69,-13.74,12.17,1
VID_ (26),1,2,4,-76.86,-14.11,16.12,1
VID_ (26),1,2,5,-76.63,-20.66,18.87,1
VID_ (26),1,2,6,-76.88,-18.72,17.5,1
VID_ (26),1,2,7,-73.68,-5.27,5.67,1
VID_ (26),1,3,0,-76.86,-14.11,16.12,1
VID_ (26),1,3,1,-76.63,-20.66,18.87,1
VID_ (26),1,3,2,-76.88,-18.72,17.5,1
VID_ (26),1,3,3,-73.68,-5.27,5.67,1
VID_ (26),1,3,4,-70.93,-6.93,8.98,1
VID_ (26),1,3,5,-73.72,-7.46,7.17,1
VID_ (26),1,3,6,-75.71,-3.2,4.86,1
VID_ (26),1,3,7,-76.06,-25.87,22.24,1
VID_ (26),1,4,0,-70.93,-6.93,8.98,1
VID_ (26),1,4,1,-73.72,-7.46,7.17,1
VID_ (26),1,4,2,-75.71,-3.2,4.86,1
VID_ (26),1,4,3,-76.06,-25.87,22.24,1
VID_ (26),1,4,4,-74.76,-17.72,21.74,1
VID_ (26),1,4,5,-75.95,-7.22,11.27,1
VID_ (26),1,4,6,-72.58,-7.38,6.99,1
VID_ (26),1,4,7,-66.93,2.91,5.38,1
VID_ (26),1,5,0,-74.76,-17.72,21.74,1
VID_ (26),1,5,1,-75.95,-7.22,11.27,1
VID_ (26),1,5,2,-72.58,-7.38,6.99,1
VID_ (26),1,5,3,-66.93,2.91,5.38,1
VID_ (26),1,5,4,-71.16,-10.08,8.45,1
VID_ (26),1,5,5,-63.26,3.41,-4.22,1
VID_ (26),1,5,6,-70.06,-0.38,-3.56,1
VID_ (26),1,5,7,-71.32,-9.44,4.87,1
VID_ (26),1,6,0,-71.16,-10.08,8.45,1
VID_ (26),1,6,1,-63.26,3.41,-4.22,1
VID_ (26),1,6,2,-70.06,-0.38,-3.56,1
VID_ (26),1,6,3,-71.32,-9.44,4.87,1
VID_ (26),1,6,4,-66.25,0.43,-2.52,1
VID_ (26),1,6,5,-63.68,11.15,-8.99,1
VID_ (26),1,6,6,-68.59,-4.42,11.93,1
VID_ (26),1,6,7,-75.13,-21.51,21.31,1
VID_ (26),1,7,0,-66.25,0.43,-2.52,1
VID_ (26),1,7,1,-63.68,11.15,-8.99,1
VID_ (26),1,7,2,-68.59,-4.42,11.93,1
VID_ (26),1,7,3,-75.13,-21.51,21.31,1
VID_ (26),1,7,4,-71.57,1.8,-6.31,1
VID_ (26),1,7,5,-64.63,8.04,-5.67,1
VID_ (26),1,7,6,-66.11,5.89,0.21,1
VID_ (26),1,7,7,-61.35,14.85,-13.67,1
VID_ (26),1,8,0,-71.57,1.8,-6.31,1
VID_ (26),1,8,1,-64.63,8.04,-5.67,1
VID_ (26),1,8,2,-66.11,5.89,0.21,1
VID_ (26),1,8,3,-61.35,14.85,-13.67,1
VID_ (26),1,8,4,-70.11,2.48,0.0,1
VID_ (26),1,8,5,-64.97,10.32,-9.77,1
VID_ (26),1,8,6,-57.95,15.07,-9.67,1
VID_ (26),1,8,7,-78.04,-14.76,8.96,1
VID_ (26),1,9,0,-70.11,2.48,0.0,1
VID_ (26),1,9,1,-64.97,10.32,-9.77,1
VID_ (26),1,9,2,-57.95,15.07,-9.67,1
VID_ (26),1,9,3,-78.04,-14.76,8.96,1
VID_ (26),1,9,4,-74.62,-5.48,7.24,1
VID_ (26),1,9,5,-80.01,-41.57,33.98,1
VID_ (26),1,9,6,-77.63,3.15,-4.86,1
VID_ (26),1,9,7,-79.59,-3.9,3.37,1
VID_ (26),1,10,0,-74.62,-5.48,7.24,1
VID_ (26),1,10,1,-80.01,-41.57,33.98,1
VID_ (26),1,10,2,-77.63,3.15,-4.86,1
VID_ (26),1,10,3,-79.59,-3.9,3.37,1
VID_ (26),1,10,4,-80.02,-13.81,8.11,1
VID_ (26),1,10,5,-79.64,-12.68,10.36,1
VID_ (26),1,10,6,-72.93,7.94,-10.83,1
VID_ (26),1,10,7,-72.5,7.02,-9.61,1
VID_ (26),1,11,0,-80.02,-13.81,8.11,1
VID_ (26),1,11,1,-79.64,-12.68,10.36,1
VID_ (26),1,11,2,-72.93,7.94,-10.83,1
VID_ (26),1,11,3,-72.5,7.02,-9.61,1
VID_ (26),1,11,4,-68.2,1.8,-1.05,1
VID_ (26),1,11,5,-76.48,-9.63,7.17,1
VID_ (26),1,11,6,-78.08,-26.26,21.96,1
VID_ (26),1,11,7,-77.5,-22.92,20.16,1
VID_ (26),1,12,0,-68.2,1.8,-1.05,1
VID_ (26),1,12,1,-76.48,-9.63,7.17,1
VID_ (26),1,12,2,-78.08,-26.26,21.96,1
VID_ (26),1,12,3,-77.5,-22.92,20.16,1
VID_ (26),1,12,4,-79.89,-25.39,24.94,1
VID_ (26),1,12,5,-75.14,-6.33,7.2,1
VID_ (26),1,12,6,-73.95,9.33,-5.36,1
VID_ (26),1,12,7,-34.69,4.63,-7.0,1
VID_ (26),1,13,0,-79.89,-25.39,24.94,1
VID_ (26),1,13,1,-75.14,-6.33,7.2,1
VID_ (26),1,13,2,-73.95,9.33,-5.36,1
VID_ (26),1,13,3,-34.69,4.63,-7.0,1
VID_ (26),1,13,4,-69.76,9.67,-8.82,1
VID_ (26),1,13,5,,,,0
VID_ (26),1,13,6,,,,0
VID_ (26),1,13,7,,,,0
VID_ (26),10,0,0,,,,0
VID_ (26),10,0,1,,,,0
VID_ (26),10,0,2,,,,0
VID_ (26),10,0,3,,,,0
VID_ (26),10,0,4,50.52,-9.61,-6.95,1
VID_ (26),10,0,5,47.98,-1.62,1.79,1
VID_ (26),10,0,6,12.5,2.75,-2.2,1
VID_ (26),10,0,7,17.62,-2.35,-1.32,1
VID_ (26),10,1,0,50.52,-9.61,-6.95,1
VID_ (26),10,1,1,47.98,-1.62,1.79,1
VID_ (26),10,1,2,12.5,2.75,-2.2,1
VID_ (26),10,1,3,17.62,-2.35,-1.32,1
VID_ (26),10,1,4,34.94,1.54,3.88,1
VID_ (26),10,1,5,46.93,-5.89,-0.41,1
VID_ (26),10,1,6,60.54,-3.48,7.42,1
VID_ (26),10,1,7,42.08,-4.86,-2.2,1
VID_ (26),2,0,0,-63.07,-46.86,37.16,1
VID_ (26),2,0,1,-63.42,-44.82,34.81,1
VID_ (26),2,0,2,-66.07,-40.66,31.98,1
VID_ (26),2,0,3,-64.97,-41.96,32.99,1
VID_ (26),2,0,4,-65.52,-45.7,37.08,1
VID_ (26),2,0,5,-67.69,-44.33,36.03,1
VID_ (26),2,0,6,-67.74,-41.92,33.41,1
VID_ (26),2,0,7,-68.64,-39.36,32.74,1
VID_ (26),2,1,0,-65.52,-45.7,37.08,1
VID_ (26),2,1,1,-67.69,-44.33,36.03,1
VID_ (26),2,1,2,-67.74,-41.92,33.41,1
VID_ (26),2,1,3,-68.64,-39.36,32.74,1
VID_ (26),2,1,4,-67.3,-35.09,29.99,1
VID_ (26),2,1,5,-67.21,-32.58,27.96,1
VID_ (26),2,1,6,-65.52,-37.87,31.01,1
VID_ (26),2,1,7,-66.95,-44.95,37.85,1
VID_ (26),2,2,0,-67.3,-35.09,29.99,1
VID_ (26),2,2,1,-67.21,-32.58,27.96,1
VID_ (26),2,2,2,-65.52,-37.87,31.01,1
VID_ (26),2,2,3,-66.95,-44.95,37.85,1
VID_ (26),2,2,4,-69.25,-47.6,42.44,1
VID_ (26),2,2,5,-70.64,-49.96,42.71,1
VID_ (26),2,2,6,-69.4,-49.57,42.02,1
VID_ (26),2,2,7,-70.49,-47.25,40.13,1
VID_ (26),2,3,0,-69.25,-47.6,42.44,1
VID_ (26),2,3,1,-70.64,-49.96,42.71,1
VID_ (26),2,3,2,-69.4,-49.57,42.02,1
VID_ (26),2,3,3,-70.49,-47.25,40.13,1
VID_ (26),2,3,4,-67.15,-48.13,39.8,1
VID_ (26),2,3,5,-68.04,-48.08,39.54,1
VID_ (26),2,3,6,-71.75,-48.06,37.8,1
VID_ (26),2,3,7,-67.41,-47.97,36.68,1
VID_ (26),2,4,0,-67.15,-48.13,39.8,1
VID_ (26),2,4,1,-68.04,-48.08,39.54,1
VID_ (26),2,4,2,-71.75,-48.06,37.8,1
VID_ (26),2,4,3,-67.41,-47.97,36.68,1
VID_ (26),2,4,4,-70.53,-49.89,39.32,1
VID_ (26),2,4,5,-70.85,-50.26,40.46,1
VID_ (26),2,4,6,-71.16,-52.94,42.7,1
VID_ (26),2,4,7,-69.33,-46.82,36.96,1
VID_ (26),2,5,0,-70.53,-49.89,39.32,1
VID_ (26),2,5,1,-70.85,-50.26,40.46,1
VID_ (26),2,5,2,-71.16,-52.94,42.7,1
VID_ (26),2,5,3,-69.33,-46.82,36.96,1
VID_ (26),2,5,4,-68.09,-53.88,44.46,1
VID_ (26),2,5,5,-72.07,-42.56,33.24,1
VID_ (26),2,5,6,-71.13,-47.86,38.69,1
VID_ (26),2,5,7,-71.88,-47.55,39.26,1
VID_ (26),2,6,0,-68.09,-53.88,44.46,1
VID_ (26),2,6,1,-72.07,-42.56,33.24,1
VID_ (26),2,6,2,-71.13,-47.86,38.69,1
VID_ (26),2,6,3,-71.88,-47.55,39.26,1
VID_ (26),2,6,4,-72.17,-50.01,39.25,1
VID_ (26),2,6,5,-73.3,-50.26,41.79,1
VID_ (26),2,6,6,-70.52,-42.66,37.53,1
VID_ (26),2,6,7,-70.98,-47.35,40.08,1
VID_ (26),2,7,0,-72.17,-50.01,39.25,1
VID_ (26),2,7,1,-73.3,-50.26,41.79,1
VID_ (26),2,7,2,-70.52,-42.66,37.53,1
VID_ (26),2,7,3,-70.98,-47.35,40.08,1
VID_ (26),2,7,4,-72.31,-41.04,35.54,1
VID_ (26),2,7,5,-69.98,-35.44,30.8,1
VID_ (26),2,7,6,-71.26,-50.12,43.28,1
VID_ (26),2,7,7,-74.38,-30.52,24.69,1
VID_ (26),2,8,0,-72.31,-41.04,35.54,1
VID_ (26),2,8,1,-69.98,-35.44,30.8,1
VID_ (26),2,8,2,-71.26,-50.12,43.28,1
VID_ (26),2,8,3,-74.38,-30.52,24.69,1
VID_ (26),2,8,4,-72.2,-46.94,38.64,1
VID_ (26),2,8,5,-69.88,-25.29,24.96,1
VID_ (26),2,8,6,-73.68,-44.84,36.34,1
VID_ (26),2,8,7,-74.6,-48.4,39.69,1
VID_ (26),2,9,0,-72.2,-46.94,38.64,1
VID_ (26),2,9,1,-69.88,-25.29,24.96,1
VID_ (26),2,9,2,-73.68,-44.84,36.34,1
VID_ (26),2,9,3,-74.6,-48.4,39.69,1
VID_ (26),2,9,4,-74.81,-50.72,41.38,1
VID_ (26),2,9,5,-72.87,-55.55,46.29,1
VID_ (26),2,9,6,-75.26,-38.7,31.94,1
VID_ (26),2,9,7,-74.49,-48.74,41.88,1
VID_ (26),2,10,0,-74.81,-50.72,41.38,1
VID_ (26),2,10,1,-72.87,-55.55,46.29,1
VID_ (26),2,10,2,-75.26,-38.7,31.94,1
VID_ (26),2,10,3,-74.49,-48.74,41.88,1
VID_ (26),2,10,4,-75.79,-48.31,39.51,1
VID_ (26),2,10,5,-75.79,-41.0,32.82,1
VID_ (26),2,10,6,-75.23,-31.26,26.41,1
VID_ (26),2,10,7,-74.53,-26.3,20.33,1
VID_ (26),2,11,0,-75.79,-48.31,39.51,1
VID_ (26),2,11,1,-75.79,-41.0,32.82,1
VID_ (26),2,11,2,-75.23,-31.26,26.41,1
VID_ (26),2,11,3,-74.53,-26.3,20.33,1
VID_ (26),2,11,4,-73.31,-40.29,32.19,1
VID_ (26),2,11,5,-70.45,-53.37,44.29,1
VID_ (26),2,11,6,-71.02,-54.57,45.76,1
VID_ (26),2,11,7,-73.27,-42.5,34.88,1
VID_ (26),2,12,0,-73.31,-40.29,32.19,1
VID_ (26),2,12,1,-70.45,-53.37,44.29,1
VID_ (26),2,12,2,-71.02,-54.57,45.76,1
VID_ (26),2,12,3,-73.27,-42.5,34.88,1
VID_ (26),2,12,4,-71.48,-38.0,33.29,1
VID_ (26),2,12,5,-73.87,-52.14,44.98,1
VID_ (26),2,12,6,-71.68,-36.68,30.7,1
VID_ (26),2,12,7,-75.58,-18.71,13.14,1
VID_ (26),2,13,0,-71.48,-38.0,33.29,1
VID_ (26),2,13,1,-73.87,-52.14,44.98,1
VID_ (26),2,13,2,-71.68,-36.68,30.7,1
VID_ (26),2,13,3,-75.58,-18.71,13.14,1
VID_ (26),2,13,4,-74.16,-46.01,37.67,1
VID_ (26),2,13,5,-76.59,-24.71,16.48,1
VID_ (26),2,13,6,-74.86,-10.45,9.67,1
VID_ (26),2,13,7,-78.25,-21.32,19.0,1
VID_ (26),3,0,0,49.06,-22.27,-13.55,1
VID_ (26),3,0,1,48.19,-29.32,-18.29,1
VID_ (26),3,0,2,48.01,-30.89,-19.7,1
VID_ (26),3,0,3,59.93,-17.82,-6.36,1
VID_ (26),3,0,4,55.63,-29.13,-17.53,1
VID_ (26),3,0,5,54.68,-29.56,-16.58,1
VID_ (26),3,0,6,53.75,-28.56,-13.52,1
VID_ (26),3,0,7,45.88,-20.63,-7.23,1
VID_ (26),3,1,0,55.63,-29.13,-17.53,1
VID_ (26),3,1,1,54.68,-29.56,-16.58,1
VID_ (26),3,1,2,53.75,-28.56,-13.52,1
VID_ (26),3,1,3,45.88,-20.63,-7.23,1
VID_ (26),3,1,4,53.83,-7.48,8.03,1
VID_ (26),3,1,5,38.79,-4.33,11.12,1
VID_ (26),3,1,6,35.49,-1.38,14.43,1
VID_ (26),3,1,7,36.93,-5.05,13.46,1
VID_ (26),3,2,0,53.83,-7.48,8.03,1
VID_ (26),3,2,1,38.79,-4.33,11.12,1
VID_ (26),3,2,2,35.49,-1.38,14.43,1
VID_ (26),3,2,3,36.93,-5.05,13.46,1
VID_ (26),3,2,4,35.47,-7.4,7.9,1
VID_ (26),3,2,5,35.17,-7.78,7.57,1
VID_ (26),3,2,6,37.47,-9.5,5.88,1
VID_ (26),3,2,7,37.45,-9.93,6.03,1
VID_ (26),3,3,0,35.47,-7.4,7.9,1
VID_ (26),3,3,1,35.17,-7.78,7.57,1
VID_ (26),3,3,2,37.47,-9.5,5.88,1
VID_ (26),3,3,3,37.45,-9.93,6.03,1
VID_ (26),3,3,4,35.23,-9.22,6.88,1
VID_ (26),3,3,5,35.4,-12.03,3.9,1
VID_ (26),3,3,6,23.14,-6.84,12.31,1
VID_ (26),3,3,7,32.13,-7.79,5.67,1
VID_ (26),3,4,0,35.23,-9.22,6.88,1
VID_ (26),3,4,1,35.4,-12.03,3.9,1
VID_ (26),3,4,2,23.14,-6.84,12.31,1
VID_ (26),3,4,3,32.13,-7.79,5.67,1
VID_ (26),3,4,4,35.97,-12.29,2.04,1
VID_ (26),3,4,5,30.53,-11.65,3.06,1
VID_ (26),3,4,6,34.24,-14.68,4.33,1
VID_ (26),3,4,7,32.03,-14.41,5.29,1
VID_ (26),3,5,0,35.97,-12.29,2.04,1
VID_ (26),3,5,1,30.53,-11.65,3.06,1
VID_ (26),3,5,2,34.24,-14.68,4.33,1
VID_ (26),3,5,3,32.03,-14.41,5.29,1
VID_ (26),3,5,4,32.81,-13.73,5.87,1
VID_ (26),3,5,5,31.72,-14.9,5.13,1
VID_ (26),3,5,6,32.17,-11.63,5.93,1
VID_ (26),3,5,7,31.51,-14.76,6.67,1
VID_ (26),3,6,0,32.81,-13.73,5.87,1
VID_ (26),3,6,1,31.72,-14.9,5.13,1
VID_ (26),3,6,2,32.17,-11.63,5.93,1
VID_ (26),3,6,3,31.51,-14.76,6.67,1
VID_ (26),3,6,4,32.97,-14.6,5.97,1
VID_ (26),3,6,5,24.16,-8.67,17.23,1
VID_ (26),3,6,6,23.29,-5.08,14.49,1
VID_ (26),3,6,7,27.34,-8.27,10.81,1
VID_ (26),3,7,0,32.97,-14.6,5.97,1
VID_ (26),3,7,1,24.16,-8.67,17.23,1
VID_ (26),3,7,2,23.29,-5.08,14.49,1
VID_ (26),3,7,3,27.34,-8.27,10.81,1
VID_ (26),3,7,4,28.83,-12.15,1.48,1
VID_ (26),3,7,5,27.42,-13.78,2.28,1
VID_ (26),3,7,6,27.96,-13.15,4.13,1
VID_ (26),3,7,7,30.35,-15.2,3.51,1
VID_ (26),3,8,0,28.83,-12.15,1.48,1
VID_ (26),3,8,1,27.42,-13.78,2.28,1
VID_ (26),3,8,2,27.96,-13.15,4.13,1
VID_ (26),3,8,3,30.35,-15.2,3.51,1
VID_ (26),3,8,4,28.9,-15.87,3.97,1
VID_ (26),3,8,5,28.9,-16.3,2.9,1
VID_ (26),3,8,6,25.67,-14.39,3.38,1
VID_ (26),3,8,7,45.97,-16.19,-0.29,1
VID_ (26),3,9,0,28.9,-15.87,3.97,1
VID_ (26),3,9,1,28.9,-16.3,2.9,1
VID_ (26),3,9,2,25.67,-14.39,3.38,1
VID_ (26),3,9,3,45.97,-16.19,-0.29,1
VID_ (26),3,9,4,36.39,-10.45,6.91,1
VID_ (26),3,9,5,32.35,-12.15,5.26,1
VID_ (26),3,9,6,68.35,7.68,25.07,1
VID_ (26),3,9,7,35.55,-15.33,5.11,1
VID_ (26),3,10,0,36.39,-10.45,6.91,1
VID_ (26),3,10,1,32.35,-12.15,5.26,1
VID_ (26),3,10,2,68.35,7.68,25.07,1
VID_ (26),3,10,3,35.55,-15.33,5.11,1
VID_ (26),3,10,4,35.29,-16.49,2.93,1
VID_ (26),3,10,5,34.45,-12.71,3.98,1
VID_ (26),3,10,6,35.18,-13.34,1.15,1
VID_ (26),3,10,7,55.14,1.94,22.31,1
VID_ (26),3,11,0,35.29,-16.49,2.93,1
VID_ (26),3,11,1,34.45,-12.71,3.98,1
VID_ (26),3,11,2,35.18,-13.34,1.15,1
VID_ (26),3,11,3,55.14,1.94,22.31,1
VID_ (26),3,11,4,49.75,-11.65,2.52,1
VID_ (26),3,11,5,25.26,-12.58,-3.82,1
VID_ (26),3,11,6,32.03,-13.13,-4.89,1
VID_ (26),3,11,7,29.54,-11.18,8.17,1
VID_ (26),3,12,0,49.75,-11.65,2.52,1
VID_ (26),3,12,1,25.26,-12.58,-3.82,1
VID_ (26),3,12,2,32.03,-13.13,-4.89,1
VID_ (26),3,12,3,29.54,-11.18,8.17,1
VID_ (26),3,12,4,28.69,4.39,29.14,1
VID_ (26),3,12,5,40.87,6.05,14.47,1
VID_ (26),3,12,6,35.19,-6.76,-5.01,1
VID_ (26),3,12,7,27.74,-18.16,-23.35,1
VID_ (26),3,13,0,28.69,4.39,29.14,1
VID_ (26),3,13,1,40.87,6.05,14.47,1
VID_ (26),3,13,2,35.19,-6.76,-5.01,1
VID_ (26),3,13,3,27.74,-18.16,-23.35,1
VID_ (26),3,13,4,36.09,-23.98,-29.72,1
VID_ (26),3,13,5,44.34,-15.42,-5.79,1
VID_ (26),3,13,6,44.5,-13.61,-0.3,1
VID_ (26),3,13,7,42.04,-12.9,0.9,1
VID_ (26),4,0,0,60.48,-16.42,-11.21,1
VID_ (26),4,0,1,61.04,-13.63,-7.76,1
VID_ (26),4,0,2,59.68,-11.2,-7.04,1
VID_ (26),4,0,3,42.29,-8.86,-5.21,1
VID_ (26),4,0,4,26.7,-4.91,-0.34,1
VID_ (26),4,0,5,59.2,-4.8,2.22,1
VID_ (26),4,0,6,57.68,-12.95,-6.25,1
VID_ (26),4,0,7,13.14,-29.82,-21.11,1
VID_ (26),4,1,0,26.7,-4.91,-0.34,1
VID_ (26),4,1,1,59.2,-4.8,2.22,1
VID_ (26),4,1,2,57.68,-12.95,-6.25,1
VID_ (26),4,1,3,13.14,-29.82,-21.11,1
VID_ (26),4,1,4,50.77,-5.15,-1.14,1
VID_ (26),4,1,5,13.16,-19.94,14.42,1
VID_ (26),4,1,6,26.9,-22.46,15.13,1
VID_ (26),4,1,7,40.62,-29.01,17.93,1
VID_ (26),4,2,0,50.77,-5.15,-1.14,1
VID_ (26),4,2,1,13.16,-19.94,14.42,1
VID_ (26),4,2,2,26.9,-22.46,15.13,1
VID_ (26),4,2,3,40.62,-29.01,17.93,1
VID_ (26),4,2,4,34.24,-19.31,11.01,1
VID_ (26),4,2,5,33.46,-19.46,11.9,1
VID_ (26),4,2,6,29.86,-15.53,17.01,1
VID_ (26),4,2,7,30.56,-16.62,14.97,1
VID_ (26),5,0,0,-28.11,13.36,-15.91,1
VID_ (26),5,0,1,,,,0
VID_ (26),5,0,2,-31.16,12.87,-22.64,1
VID_ (26),5,0,3,-38.08,13.37,-24.99,1
VID_ (26),5,0,4,-35.77,13.06,-28.65,1
VID_ (26),5,0,5,,,,0
VID_ (26),5,0,6,-47.07,6.25,-12.03,1
VID_ (26),5,0,7,-44.86,9.39,-8.83,1
VID_ (26),5,1,0,-35.77,13.06,-28.65,1
VID_ (26),5,1,1,,,,0
VID_ (26),5,1,2,-47.07,6.25,-12.03,1
VID_ (26),5,1,3,-44.86,9.39,-8.83,1
VID_ (26),5,1,4,-55.38,8.4,-12.82,1
VID_ (26),5,1,5,,,,0
VID_ (26),5,1,6,-42.03,13.24,-13.31,1
VID_ (26),5,1,7,-52.21,11.08,-10.8,1
VID_ (26),5,2,0,-55.38,8.4,-12.82,1
VID_ (26),5,2,1,,,,0
VID_ (26),5,2,2,-42.03,13.24,-13.31,1
VID_ (26),5,2,3,-52.21,11.08,-10.8,1
VID_ (26),5,2,4,-47.03,11.29,-12.6,1
VID_ (26),5,2,5,-47.38,10.66,-10.36,1
VID_ (26),5,2,6,-38.96,4.72,-6.17,1
VID_ (26),5,2,7,-59.32,5.71,-8.44,1
VID_ (26),5,3,0,-47.03,11.29,-12.6,1
VID_ (26),5,3,1,-47.38,10.66,-10.36,1
VID_ (26),5,3,2,-38.96,4.72,-6.17,1
VID_ (26),5,3,3,-59.32,5.71,-8.44,1
VID_ (26),5,3,4,-63.23,3.07,-9.12,1
VID_ (26),5,3,5,-59.58,3.55,-6.63,1
VID_ (26),5,3,6,-51.17,8.31,-11.89,1
VID_ (26),5,3,7,-46.87,8.44,-12.68,1
VID_ (26),5,4,0,-63.23,3.07,-9.12,1
VID_ (26),5,4,1,-59.58,3.55,-6.63,1
VID_ (26),5,4,2,-51.17,8.31,-11.89,1
VID_ (26),5,4,3,-46.87,8.44,-12.68,1
VID_ (26),5,4,4,-61.32,5.84,-9.88,1
VID_ (26),5,4,5,-63.34,-2.76,-3.52,1
VID_ (26),5,4,6,-47.04,4.88,-8.05,1
VID_ (26),5,4,7,-38.91,8.13,-8.48,1
VID_ (26),5,5,0,-61.32,5.84,-9.88,1
VID_ (26),5,5,1,-63.34,-2.76,-3.52,1
VID_ (26),5,5,2,-47.04,4.88,-8.05,1
VID_ (26),5,5,3,-38.91,8.13,-8.48,1
VID_ (26),5,5,4,-38.3,9.92,-13.39,1
VID_ (26),5,5,5,-40.91,11.53,-10.71,1
VID_ (26),5,5,6,-41.19,12.34,-12.2,1
VID_ (26),5,5,7,-46.01,9.0,-7.56,1
VID_ (26),5,6,0,-38.3,9.92,-13.39,1
VID_ (26),5,6,1,-40.91,11.53,-10.71,1
VID_ (26),5,6,2,-41.19,12.34,-12.2,1
VID_ (26),5,6,3,-46.01,9.0,-7.56,1
VID_ (26),5,6,4,-55.37,3.01,-1.77,1
VID_ (26),5,6,5,-58.1,-9.4,9.18,1
VID_ (26),5,6,6,-50.18,11.16,-3.65,1
VID_ (26),5,6,7,-52.28,14.71,-5.29,1
VID_ (26),5,7,0,-55.37,3.01,-1.77,1
VID_ (26),5,7,1,-58.1,-9.4,9.18,1
VID_ (26),5,7,2,-50.18,11.16,-3.65,1
VID_ (26),5,7,3,-52.28,14.71,-5.29,1
VID_ (26),5,7,4,-50.25,6.3,-4.12,1
VID_ (26),5,7,5,-54.54,7.41,-9.94,1
VID_ (26),5,7,6,-52.79,9.29,-13.62,1
VID_ (26),5,7,7,,,,0
VID_ (26),5,8,0,-50.25,6.3,-4.12,1
VID_ (26),5,8,1,-54.54,7.41,-9.94,1
VID_ (26),5,8,2,-52.79,9.29,-13.62,1
VID_ (26),5,8,3,,,,0
VID_ (26),5,8,4,-48.07,8.28,-3.62,1
VID_ (26),5,8,5,-55.06,7.65,4.2,1
VID_ (26),5,8,6,-71.43,21.7,-18.55,1
VID_ (26),5,8,7,-34.76,17.93,-7.6,1
VID_ (26),5,9,0,-48.07,8.28,-3.62,1
VID_ (26),5,9,1,-55.06,7.65,4.2,1
VID_ (26),5,9,2,-71.43,21.7,-18.55,1
VID_ (26),5,9,3,-34.76,17.93,-7.6,1
VID_ (26),5,9,4,,,,0
VID_ (26),5,9,5,,,,0
VID_ (26),5,9,6,,,,0
VID_ (26),5,9,7,,,,0
VID_ (26),5,10,0,,,,0
VID_ (26),5,10,1,,,,0
VID_ (26),5,10,2,,,,0
VID_ (26),5,10,3,,,,0
VID_ (26),5,10,4,,,,0
VID_ (26),5,10,5,-72.82,19.92,-14.23,1
VID_ (26),5,10,6,,,,0
VID_ (26),5,10,7,-61.1,16.91,-20.66,1
VID_ (26),5,11,0,,,,0
VID_ (26),5,11,1,-72.82,19.92,-14.23,1
VID_ (26),5,11,2,,,,0
VID_ (26),5,11,3,-61.1,16.91,-20.66,1
VID_ (26),5,11,4,-59.89,9.55,-11.06,1
VID_ (26),5,11,5,-47.12,12.05,-11.87,1
VID_ (26),5,11,6,-57.51,13.24,-9.61,1
VID_ (26),5,11,7,-45.14,9.82,-8.02,1
VID_ (26),5,12,0,-59.89,9.55,-11.06,1
VID_ (26),5,12,1,-47.12,12.05,-11.87,1
VID_ (26),5,12,2,-57.51,13.24,-9.61,1
VID_ (26),5,12,3,-45.14,9.82,-8.02,1
VID_ (26),5,12,4,-54.73,15.7,-16.13,1
VID_ (26),5,12,5,,,,0
VID_ (26),5,12,6,,,,0
VID_ (26),5,12,7,-76.24,13.86,-9.83,1
VID_ (26),5,13,0,-54.73,15.7,-16.13,1
VID_ (26),5,13,1,,,,0
VID_ (26),5,13,2,,,,0
VID_ (26),5,13,3,-76.24,13.86,-9.83,1
VID_ (26),5,13,4,,,,0
VID_ (26),5,13,5,-30.48,-1.84,-2.87,1
VID_ (26),5,13,6,,,,0
VID_ (26),5,13,7,,,,0
VID_ (26),6,0,0,78.4,-45.55,-43.32,1
VID_ (26),6,0,1,75.64,-38.37,-37.58,1
VID_ (26),6,0,2,73.33,-41.03,-38.67,1
VID_ (26),6,0,3,75.23,-47.74,-45.19,1
VID_ (26),6,0,4,75.43,-39.68,-38.2,1
VID_ (26),6,0,5,76.02,-47.05,-44.27,1
VID_ (26),6,0,6,75.06,-39.56,-38.15,1
VID_ (26),6,0,7,77.86,-41.24,-39.99,1
VID_ (26),6,1,0,75.43,-39.68,-38.2,1
VID_ (26),6,1,1,76.02,-47.05,-44.27,1
VID_ (26),6,1,2,75.06,-39.56,-38.15,1
VID_ (26),6,1,3,77.86,-41.24,-39.99,1
VID_ (26),6,1,4,74.95,-44.87,-43.01,1
VID_ (26),6,1,5,75.56,-48.98,-46.64,1
VID_ (26),6,1,6,78.59,-53.43,-50.05,1
VID_ (26),6,1,7,76.66,-46.64,-45.59,1
VID_ (26),6,2,0,74.95,-44.87,-43.01,1
VID_ (26),6,2,1,75.56,-48.98,-46.64,1
VID_ (26),6,2,2,78.59,-53.43,-50.05,1
VID_ (26),6,2,3,76.66,-46.64,-45.59,1
VID_ (26),6,2,4,74.03,-49.03,-46.77,1
VID_ (26),6,2,5,74.78,-50.55,-48.65,1
VID_ (26),6,2,6,75.86,-49.98,-49.6,1
VID_ (26),6,2,7,74.86,-43.98,-44.14,1
VID_ (26),6,3,0,74.03,-49.03,-46.77,1
VID_ (26),6,3,1,74.78,-50.55,-48.65,1
VID_ (26),6,3,2,75.86,-49.98,-49.6,1
VID_ (26),6,3,3,74.86,-43.98,-44.14,1
VID_ (26),6,3,4,76.09,-40.91,-41.96,1
VID_ (26),6,3,5,74.4,-40.77,-40.54,1
VID_ (26),6,3,6,75.4,-40.0,-39.5,1
VID_ (26),6,3,7,76.43,-27.84,-28.95,1
VID_ (26),6,4,0,76.09,-40.91,-41.96,1
VID_ (26),6,4,1,74.4,-40.77,-40.54,1
VID_ (26),6,4,2,75.4,-40.0,-39.5,1
VID_ (26),6,4,3,76.43,-27.84,-28.95,1
VID_ (26),6,4,4,77.84,-43.48,-42.12,1
VID_ (26),6,4,5,75.28,-38.93,-37.71,1
VID_ (26),6,4,6,75.06,-39.66,-37.67,1
VID_ (26),6,4,7,71.54,-37.35,-34.88,1
VID_ (26),6,5,0,77.84,-43.48,-42.12,1
VID_ (26),6,5,1,75.28,-38.93,-37.71,1
VID_ (26),6,5,2,75.06,-39.66,-37.67,1
VID_ (26),6,5,3,71.54,-37.35,-34.88,1
VID_ (26),6,5,4,72.41,-38.84,-36.12,1
VID_ (26),6,5,5,71.64,-38.5,-34.59,1
VID_ (26),6,5,6,73.91,-41.68,-38.83,1
VID_ (26),6,5,7,74.13,-34.66,-32.58,1
VID_ (26),6,6,0,72.41,-38.84,-36.12,1
VID_ (26),6,6,1,71.64,-38.5,-34.59,1
VID_ (26),6,6,2,73.91,-41.68,-38.83,1
VID_ (26),6,6,3,74.13,-34.66,-32.58,1
VID_ (26),6,6,4,69.35,-27.56,-23.47,1
VID_ (26),6,6,5,70.6,-25.0,-20.52,1
VID_ (26),6,6,6,75.82,-34.29,-32.66,1
VID_ (26),6,6,7,74.01,-33.02,-30.95,1
VID_ (26),6,7,0,69.35,-27.56,-23.47,1
VID_ (26),6,7,1,70.6,-25.0,-20.52,1
VID_ (26),6,7,2,75.82,-34.29,-32.66,1
VID_ (26),6,7,3,74.01,-33.02,-30.95,1
VID_ (26),6,7,4,72.28,-35.64,-33.56,1
VID_ (26),6,7,5,70.54,-33.87,-29.7,1
VID_ (26),6,7,6,69.09,-30.23,-25.48,1
VID_ (26),6,7,7,70.87,-36.88,-32.26,1
VID_ (26),6,8,0,72.28,-35.64,-33.56,1
VID_ (26),6,8,1,70.54,-33.87,-29.7,1
VID_ (26),6,8,2,69.09,-30.23,-25.48,1
VID_ (26),6,8,3,70.87,-36.88,-32.26,1
VID_ (26),6,8,4,72.78,-42.22,-37.71,1
VID_ (26),6,8,5,71.13,-46.91,-41.95,1
VID_ (26),6,8,6,73.35,-44.36,-39.71,1
VID_ (26),6,8,7,71.7,-35.57,-31.18,1
VID_ (26),6,9,0,72.78,-42.22,-37.71,1
VID_ (26),6,9,1,71.13,-46.91,-41.95,1
VID_ (26),6,9,2,73.35,-44.36,-39.71,1
VID_ (26),6,9,3,71.7,-35.57,-31.18,1
VID_ (26),6,9,4,71.92,-33.27,-28.6,1
VID_ (26),6,9,5,73.3,-48.98,-44.15,1
VID_ (26),6,9,6,76.88,-39.28,-35.25,1
VID_ (26),6,9,7,77.35,-29.69,-26.45,1
VID_ (26),6,10,0,71.92,-33.27,-28.6,1
VID_ (26),6,10,1,73.3,-48.98,-44.15,1
VID_ (26),6,10,2,76.88,-39.28,-35.25,1
VID_ (26),6,10,3,77.35,-29.69,-26.45,1
VID_ (26),6,10,4,78.27,2.11,4.97,1
VID_ (26),6,10,5,73.91,-41.86,-38.0,1
VID_ (26),6,10,6,80.86,19.44,20.21,1
VID_ (26),6,10,7,73.84,-25.0,-21.63,1
VID_ (26),6,11,0,78.27,2.11,4.97,1
VID_ (26),6,11,1,73.91,-41.86,-38.0,1
VID_ (26),6,11,2,80.86,19.44,20.21,1
VID_ (26),6,11,3,73.84,-25.0,-21.63,1
VID_ (26),6,11,4,-9.95,15.82,2.22,1
VID_ (26),6,11,5,70.82,-44.62,-41.41,1
VID_ (26),6,11,6,70.29,-33.79,-31.13,1
VID_ (26),6,11,7,71.08,-37.32,-34.43,1
VID_ (26),6,12,0,-9.95,15.82,2.22,1
VID_ (26),6,12,1,70.82,-44.62,-41.41,1
VID_ (26),6,12,2,70.29,-33.79,-31.13,1
VID_ (26),6,12,3,71.08,-37.32,-34.43,1
VID_ (26),6,12,4,76.71,-33.1,-31.66,1
VID_ (26),6,12,5,73.7,-20.86,-16.47,1
VID_ (26),6,12,6,72.81,-30.4,-26.39,1
VID_ (26),6,12,7,70.69,-21.91,-17.63,1
VID_ (26),6,13,0,76.71,-33.1,-31.66,1
VID_ (26),6,13,1,73.7,-20.86,-16.47,1
VID_ (26),6,13,2,72.81,-30.4,-26.39,1
VID_ (26),6,13,3,70.69,-21.91,-17.63,1
VID_ (26),6,13,4,75.89,-35.04,-30.55,1
VID_ (26),6,13,5,73.07,-21.39,-18.11,1
VID_ (26),6,13,6,74.34,-26.59,-22.22,1
VID_ (26),6,13,7,76.9,-20.06,-18.39,1
VID_ (26),7,0,0,,,,0
VID_ (26),7,0,1,,,,0
VID_ (26),7,0,2,,,,0
VID_ (26),7,0,3,,,,0
VID_ (26),7,0,4,,,,0
VID_ (26),7,0,5,,,,0
VID_ (26),7,0,6,,,,0
VID_ (26),7,0,7,,,,0
VID_ (26),7,1,0,,,,0
VID_ (26),7,1,1,,,,0
VID_ (26),7,1,2,,,,0
VID_ (26),7,1,3,,,,0
VID_ (26),7,1,4,,,,0
VID_ (26),7,1,5,,,,0
VID_ (26),7,1,6,,,,0
VID_ (26),7,1,7,,,,0
VID_ (26),7,2,0,,,,0
VID_ (26),7,2,1,,,,0
VID_ (26),7,2,2,,,,0
VID_ (26),7,2,3,,,,0
VID_ (26),7,2,4,,,,0
VID_ (26),7,2,5,,,,0
VID_ (26),7,2,6,,,,0
VID_ (26),7,2,7,,,,0
VID_ (26),7,3,0,,,,0
VID_ (26),7,3,1,,,,0
VID_ (26),7,3,2,,,,0
VID_ (26),7,3,3,,,,0
VID_ (26),7,3,4,,,,0
VID_ (26),7,3,5,,,,0
VID_ (26),7,3,6,,,,0
VID_ (26),7,3,7,,,,0
VID_ (26),7,4,0,,,,0
VID_ (26),7,4,1,,,,0
VID_ (26),7,4,2,,,,0
VID_ (26),7,4,3,,,,0
VID_ (26),7,4,4,,,,0
VID_ (26),7,4,5,,,,0
VID_ (26),7,4,6,,,,0
VID_ (26),7,4,7,,,,0
VID_ (26),7,5,0,,,,0
VID_ (26),7,5,1,,,,0
VID_ (26),7,5,2,,,,0
VID_ (26),7,5,3,,,,0
VID_ (26),7,5,4,,,,0
VID_ (26),7,5,5,,,,0
VID_ (26),7,5,6,,,,0
VID_ (26),7,5,7,,,,0
VID_ (26),7,6,0,,,,0
VID_ (26),7,6,1,,,,0
VID_ (26),7,6,2,,,,0
VID_ (26),7,6,3,,,,0
VID_ (26),7,6,4,,,,0
VID_ (26),7,6,5,,,,0
VID_ (26),7,6,6,,,,0
VID_ (26),7,6,7,,,,0
VID_ (26),7,7,0,,,,0
VID_ (26),7,7,1,,,,0
VID_ (26),7,7,2,,,,0
VID_ (26),7,7,3,,,,0
VID_ (26),7,7,4,,,,0
VID_ (26),7,7,5,,,,0
VID_ (26),7,7,6,,,,0
VID_ (26),7,7,7,,,,0
VID_ (26),7,8,0,,,,0
VID_ (26),7,8,1,,,,0
VID_ (26),7,8,2,,,,0
VID_ (26),7,8,3,,,,0
VID_ (26),7,8,4,,,,0
VID_ (26),7,8,5,,,,0
VID_ (26),7,8,6,,,,0
VID_ (26),7,8,7,,,,0
VID_ (26),7,9,0,,,,0
VID_ (26),7,9,1,,,,0
VID_ (26),7,9,2,,,,0
VID_ (26),7,9,3,,,,0
VID_ (26),7,9,4,,,,0
VID_ (26),7,9,5,,,,0
VID_ (26),7,9,6,,,,0
VID_ (26),7,9,7,,,,0
VID_ (26),7,10,0,,,,0
VID_ (26),7,10,1,,,,0
VID_ (26),7,10,2,,,,0
VID_ (26),7,10,3,,,,0
VID_ (26),7,10,4,,,,0
VID_ (26),7,10,5,,,,0
VID_ (26),7,10,6,,,,0
VID_ (26),7,10,7,,,,0
VID_ (26),7,11,0,,,,0
VID_ (26),7,11,1,,,,0
VID_ (26),7,11,2,,,,0
VID_ (26),7,11,3,,,,0
VID_ (26),7,11,4,,,,0
VID_ (26),7,11,5,,,,0
VID_ (26),7,11,6,,,,0
VID_ (26),7,11,7,,,,0
VID_ (26),7,12,0,,,,0
VID_ (26),7,12,1,,,,0
VID_ (26),7,12,2,,,,0
VID_ (26),7,12,3,,,,0
VID_ (26),7,12,4,,,,0
VID_ (26),7,12,5,,,,0
VID_ (26),7,12,6,,,,0
VID_ (26),7,12,7,,,,0
VID_ (26),7,13,0,,,,0
VID_ (26),7,13,1,,,,0
VID_ (26),7,13,2,,,,0
VID_ (26),7,13,3,,,,0
VID_ (26),7,13,4,,,,0
VID_ (26),7,13,5,,,,0
VID_ (26),7,13,6,,,,0
VID_ (26),7,13,7,,,,0
VID_ (26),8,0,0,-37.21,-40.58,37.28,1
VID_ (26),8,0,1,-36.81,-35.1,34.25,1
VID_ (26),8,0,2,-36.79,-32.23,32.98,1
VID_ (26),8,0,3,-36.47,-36.8,34.13,1
VID_ (26),8,0,4,-35.89,-31.83,30.56,1
VID_ (26),8,0,5,-33.74,-34.66,32.08,1
VID_ (26),8,0,6,-34.05,-37.93,34.8,1
VID_ (26),8,0,7,-35.74,-32.04,32.53,1
VID_ (26),8,1,0,-35.89,-31.83,30.56,1
VID_ (26),8,1,1,-33.74,-34.66,32.08,1
VID_ (26),8,1,2,-34.05,-37.93,34.8,1
VID_ (26),8,1,3,-35.74,-32.04,32.53,1
VID_ (26),8,1,4,-38.77,-33.49,32.76,1
VID_ (26),8,1,5,-41.82,-31.73,31.48,1
VID_ (26),8,1,6,-39.81,-29.99,28.42,1
VID_ (26),8,1,7,-43.12,-31.49,28.23,1
VID_ (26),8,2,0,-38.77,-33.49,32.76,1
VID_ (26),8,2,1,-41.82,-31.73,31.48,1
VID_ (26),8,2,2,-39.81,-29.99,28.42,1
VID_ (26),8,2,3,-43.12,-31.49,28.23,1
VID_ (26),8,2,4,-40.8,-31.29,28.37,1
VID_ (26),8,2,5,-43.57,-25.59,24.73,1
VID_ (26),8,2,6,-40.39,-31.64,27.66,1
VID_ (26),8,2,7,-39.96,-30.47,28.84,1
VID_ (26),8,3,0,-40.8,-31.29,28.37,1
VID_ (26),8,3,1,-43.57,-25.59,24.73,1
VID_ (26),8,3,2,-40.39,-31.64,27.66,1
VID_ (26),8,3,3,-39.96,-30.47,28.84,1
VID_ (26),8,3,4,-43.01,-29.81,27.03,1
VID_ (26),8,3,5,-44.25,-32.86,29.26,1
VID_ (26),8,3,6,-41.32,-28.59,24.64,1
VID_ (26),8,3,7,-44.05,-27.97,25.15,1
VID_ (26),8,4,0,-43.01,-29.81,27.03,1
VID_ (26),8,4,1,-44.25,-32.86,29.26,1
VID_ (26),8,4,2,-41.32,-28.59,24.64,1
VID_ (26),8,4,3,-44.05,-27.97,25.15,1
VID_ (26),8,4,4,-34.36,-27.7,19.65,1
VID_ (26),8,4,5,-36.78,-27.99,21.84,1
VID_ (26),8,4,6,-36.93,-24.04,21.36,1
VID_ (26),8,4,7,-37.92,-25.87,23.49,1
VID_ (26),8,5,0,-34.36,-27.7,19.65,1
VID_ (26),8,5,1,-36.78,-27.99,21.84,1
VID_ (26),8,5,2,-36.93,-24.04,21.36,1
VID_ (26),8,5,3,-37.92,-25.87,23.49,1
VID_ (26),8,5,4,-36.91,-29.65,23.43,1
VID_ (26),8,5,5,-36.32,-27.16,24.07,1
VID_ (26),8,5,6,-39.41,-29.86,27.37,1
VID_ (26),8,5,7,-38.07,-29.95,27.1,1
VID_ (26),8,6,0,-36.91,-29.65,23.43,1
VID_ (26),8,6,1,-36.32,-27.16,24.07,1
VID_ (26),8,6,2,-39.41,-29.86,27.37,1
VID_ (26),8,6,3,-38.07,-29.95,27.1,1
VID_ (26),8,6,4,-42.71,-30.0,26.08,1
VID_ (26),8,6,5,-42.33,-33.6,27.96,1
VID_ (26),8,6,6,-41.89,-31.73,27.4,1
VID_ (26),8,6,7,-42.84,-32.13,27.57,1
VID_ (26),8,7,0,-42.71,-30.0,26.08,1
VID_ (26),8,7,1,-42.33,-33.6,27.96,1
VID_ (26),8,7,2,-41.89,-31.73,27.4,1
VID_ (26),8,7,3,-42.84,-32.13,27.57,1
VID_ (26),8,7,4,-41.44,-29.74,26.85,1
VID_ (26),8,7,5,-38.16,-35.24,28.3,1
VID_ (26),8,7,6,-40.34,-31.72,26.51,1
VID_ (26),8,7,7,-41.75,-28.94,25.33,1
VID_ (26),8,8,0,-41.44,-29.74,26.85,1
VID_ (26),8,8,1,-38.16,-35.24,28.3,1
VID_ (26),8,8,2,-40.34,-31.72,26.51,1
VID_ (26),8,8,3,-41.75,-28.94,25.33,1
VID_ (26),8,8,4,-43.41,-30.44,24.87,1
VID_ (26),8,8,5,-39.48,-34.48,26.99,1
VID_ (26),8,8,6,-37.57,-33.85,27.85,1
VID_ (26),8,8,7,-40.75,-35.05,28.08,1
VID_ (26),8,9,0,-43.41,-30.44,24.87,1
VID_ (26),8,9,1,-39.48,-34.48,26.99,1
VID_ (26),8,9,2,-37.57,-33.85,27.85,1
VID_ (26),8,9,3,-40.75,-35.05,28.08,1
VID_ (26),8,9,4,-43.71,-36.32,31.39,1
VID_ (26),8,9,5,-36.65,-35.62,31.76,1
VID_ (26),8,9,6,-44.64,-28.24,29.14,1
VID_ (26),8,9,7,-44.48,-34.37,31.59,1
VID_ (26),8,10,0,-43.71,-36.32,31.39,1
VID_ (26),8,10,1,-36.65,-35.62,31.76,1
VID_ (26),8,10,2,-44.64,-28.24,29.14,1
VID_ (26),8,10,3,-44.48,-34.37,31.59,1
VID_ (26),8,10,4,-34.2,-37.24,32.78,1
VID_ (26),8,10,5,-37.56,-38.18,33.67,1
VID_ (26),8,10,6,-38.87,-39.63,33.74,1
VID_ (26),8,10,7,-37.03,-38.14,32.68,1
VID_ (26),8,11,0,-34.2,-37.24,32.78,1
VID_ (26),8,11,1,-37.56,-38.18,33.67,1
VID_ (26),8,11,2,-38.87,-39.63,33.74,1
VID_ (26),8,11,3,-37.03,-38.14,32.68,1
VID_ (26),8,11,4,-38.34,-36.99,33.29,1
VID_ (26),8,11,5,-34.33,-38.69,34.61,1
VID_ (26),8,11,6,-35.29,-40.13,35.88,1
VID_ (26),8,11,7,-36.75,-36.06,31.62,1
VID_ (26),8,12,0,-38.34,-36.99,33.29,1
VID_ (26),8,12,1,-34.33,-38.69,34.61,1
VID_ (26),8,12,2,-35.29,-40.13,35.88,1
VID_ (26),8,12,3,-36.75,-36.06,31.62,1
VID_ (26),8,12,4,-36.22,-36.34,33.48,1
VID_ (26),8,12,5,-35.43,-33.7,29.59,1
VID_ (26),8,12,6,-37.71,-30.11,27.91,1
VID_ (26),8,12,7,-37.35,-30.23,27.44,1
VID_ (26),8,13,0,-36.22,-36.34,33.48,1
VID_ (26),8,13,1,-35.43,-33.7,29.59,1
VID_ (26),8,13,2,-37.71,-30.11,27.91,1
VID_ (26),8,13,3,-37.35,-30.23,27.44,1
VID_ (26),8,13,4,-35.3,-30.88,28.79,1
VID_ (26),8,13,5,-42.69,-31.38,27.53,1
VID_ (26),8,13,6,-37.25,-32.51,29.78,1
VID_ (26),8,13,7,-39.01,-34.16,31.26,1
VID_ (26),9,0,0,50.74,-27.04,19.18,1
VID_ (26),9,0,1,25.33,-33.53,-1.27,1
VID_ (26),9,0,2,34.75,-14.76,30.34,1
VID_ (26),9,0,3,30.48,-31.46,3.16,1
VID_ (26),9,0,4,36.82,-27.72,8.1,1
VID_ (26),9,0,5,46.66,-28.32,13.67,1
VID_ (26),9,0,6,58.68,-49.1,16.23,1
VID_ (26),9,0,7,50.75,-71.55,-3.47,1
VID_ (26),9,1,0,36.82,-27.72,8.1,1
VID_ (26),9,1,1,46.66,-28.32,13.67,1
VID_ (26),9,1,2,58.68,-49.1,16.23,1
VID_ (26),9,1,3,50.75,-71.55,-3.47,1
VID_ (26),9,1,4,,,,0
VID_ (26),9,1,5,,,,0
VID_ (26),9,1,6,,,,0
VID_ (26),9,1,7,,,,0
VID_ (27),1,0,0,49.06,-40.84,-24.7,1
VID_ (27),1,0,1,,,,0
VID_ (27),1,0,2,66.26,-28.57,-14.32,1
VID_ (27),1,0,3,45.74,-24.39,-16.72,1
VID_ (27),1,0,4,52.43,-40.57,-27.44,1
VID_ (27),1,0,5,53.35,-39.31,-28.84,1
VID_ (27),1,0,6,54.17,-38.36,-23.58,1
VID_ (27),1,0,7,54.55,-34.46,-22.12,1
VID_ (27),1,1,0,52.43,-40.57,-27.44,1
VID_ (27),1,1,1,53.35,-39.31,-28.84,1
VID_ (27),1,1,2,54.17,-38.36,-23.58,1
VID_ (27),1,1,3,54.55,-34.46,-22.12,1
VID_ (27),1,1,4,54.21,-30.28,-20.65,1
VID_ (27),1,1,5,,,,0
VID_ (27),1,1,6,70.11,-33.63,-18.66,1
VID_ (27),1,1,7,54.53,-29.07,-24.4,1
VID_ (27),1,2,0,54.21,-30.28,-20.65,1
VID_ (27),1,2,1,,,,0
VID_ (27),1,2,2,70.11,-33.63,-18.66,1
VID_ (27),1,2,3,54.53,-29.07,-24.4,1
VID_ (27),1,2,4,72.16,-34.24,-21.76,1
VID_ (27),1,2,5,55.17,-28.18,-18.72,1
VID_ (27),1,2,6,54.91,-24.42,-13.77,1
VID_ (27),1,2,7,48.11,-20.23,-14.13,1
VID_ (27),1,3,0,72.16,-34.24,-21.76,1
VID_ (27),1,3,1,55.17,-28.18,-18.72,1
VID_ (27),1,3,2,54.91,-24.42,-13.77,1
VID_ (27),1,3,3,48.11,-20.23,-14.13,1
VID_ (27),1,3,4,51.52,-23.29,-10.11,1
VID_ (27),1,3,5,54.51,-21.04,-8.35,1
VID_ (27),1,3,6,46.1,-16.46,-8.16,1
VID_ (27),1,3,7,49.1,-23.72,-9.15,1
VID_ (27),1,4,0,51.52,-23.29,-10.11,1
VID_ (27),1,4,1,54.51,-21.04,-8.35,1
VID_ (27),1,4,2,46.1,-16.46,-8.16,1
VID_ (27),1,4,3,49.1,-23.72,-9.15,1
VID_ (27),1,4,4,69.49,-22.09,-19.47,1
VID_ (27),1,4,5,62.89,-19.84,-21.35,1
VID_ (27),1,4,6,65.52,-19.71,-23.36,1
VID_ (27),1,4,7,55.46,-31.96,-23.71,1
VID_ (27),1,5,0,69.49,-22.09,-19.47,1
VID_ (27),1,5,1,62.89,-19.84,-21.35,1
VID_ (27),1,5,2,65.52,-19.71,-23.36,1
VID_ (27),1,5,3,55.46,-31.96,-23.71,1
VID_ (27),1,5,4,41.81,-25.34,-12.41,1
VID_ (27),1,5,5,46.59,-25.82,-13.54,1
VID_ (27),1,5,6,49.3,-24.6,-11.24,1
VID_ (27),1,5,7,43.98,-22.75,-10.31,1
VID_ (27),1,6,0,41.81,-25.34,-12.41,1
VID_ (27),1,6,1,46.59,-25.82,-13.54,1
VID_ (27),1,6,2,49.3,-24.6,-11.24,1
VID_ (27),1,6,3,43.98,-22.75,-10.31,1
VID_ (27),1,6,4,42.29,-21.62,-6.41,1
VID_ (27),1,6,5,45.98,-22.33,-5.2,1
VID_ (27),1,6,6,48.68,-23.22,-7.35,1
VID_ (27),1,6,7,48.67,-20.33,-6.64,1
VID_ (27),1,7,0,42.29,-21.62,-6.41,1
VID_ (27),1,7,1,45.98,-22.33,-5.2,1
VID_ (27),1,7,2,48.68,-23.22,-7.35,1
VID_ (27),1,7,3,48.67,-20.33,-6.64,1
VID_ (27),1,7,4,53.69,-17.76,-5.22,1
VID_ (27),1,7,5,53.15,-22.33,-9.99,1
VID_ (27),1,7,6,42.43,-18.21,-2.89,1
VID_ (27),1,7,7,53.98,-21.96,-10.06,1
VID_ (27),1,8,0,53.69,-17.76,-5.22,1
VID_ (27),1,8,1,53.15,-22.33,-9.99,1
VID_ (27),1,8,2,42.43,-18.21,-2.89,1
VID_ (27),1,8,3,53.98,-21.96,-10.06,1
VID_ (27),1,8,4,53.34,-24.71,-11.85,1
VID_ (27),1,8,5,50.83,-20.85,-9.22,1
VID_ (27),1,8,6,49.81,-24.59,-10.91,1
VID_ (27),1,8,7,46.91,-22.91,-6.8,1
VID_ (27),1,9,0,53.34,-24.71,-11.85,1
VID_ (27),1,9,1,50.83,-20.85,-9.22,1
VID_ (27),1,9,2,49.81,-24.59,-10.91,1
VID_ (27),1,9,3,46.91,-22.91,-6.8,1
VID_ (27),1,9,4,52.74,-18.02,-6.72,1
VID_ (27),1,9,5,50.45,-17.97,-3.19,1
VID_ (27),1,9,6,56.89,-17.95,-8.43,1
VID_ (27),1,9,7,49.27,-21.51,-8.43,1
VID_ (27),1,10,0,52.74,-18.02,-6.72,1
VID_ (27),1,10,1,50.45,-17.97,-3.19,1
VID_ (27),1,10,2,56.89,-17.95,-8.43,1
VID_ (27),1,10,3,49.27,-21.51,-8.43,1
VID_ (27),1,10,4,56.29,-24.39,-11.38,1
VID_ (27),1,10,5,46.53,-20.72,-5.85,1
VID_ (27),1,10,6,43.8,-21.95,-6.53,1
VID_ (27),1,10,7,43.5,-23.15,-8.13,1
VID_ (27),1,11,0,56.29,-24.39,-11.38,1
VID_ (27),1,11,1,46.53,-20.72,-5.85,1
VID_ (27),1,11,2,43.8,-21.95,-6.53,1
VID_ (27),1,11,3,43.5,-23.15,-8.13,1
VID_ (27),1,11,4,52.8,-23.66,-12.88,1
VID_ (27),1,11,5,48.41,-20.88,-8.69,1
VID_ (27),1,11,6,48.73,-22.36,-13.26,1
VID_ (27),1,11,7,46.46,-20.77,-8.42,1
VID_ (27),1,12,0,52.8,-23.66,-12.88,1
VID_ (27),1,12,1,48.41,-20.88,-8.69,1
VID_ (27),1,12,2,48.73,-22.36,-13.26,1
VID_ (27),1,12,3,46.46,-20.77,-8.42,1
VID_ (27),1,12,4,53.19,-17.33,-7.82,1
VID_ (27),1,12,5,43.34,-17.5,-8.38,1
VID_ (27),1,12,6,42.58,-17.32,-6.5,1
VID_ (27),1,12,7,43.18,-15.06,-8.44,1
VID_ (27),1,13,0,53.19,-17.33,-7.82,1
VID_ (27),1,13,1,43.34,-17.5,-8.38,1
VID_ (27),1,13,2,42.58,-17.32,-6.5,1
VID_ (27),1,13,3,43.18,-15.06,-8.44,1
VID_ (27),1,13,4,48.19,-21.11,-10.89,1
VID_ (27),1,13,5,50.43,-23.66,-11.28,1
VID_ (27),1,13,6,50.64,-24.26,-11.97,1
VID_ (27),1,13,7,39.11,-6.61,-7.78,1
VID_ (27),10,0,0,39.96,-8.16,8.7,1
VID_ (27),10,0,1,,,,0
VID_ (27),10,0,2,24.22,-4.99,-10.99,1
VID_ (27),10,0,3,16.56,-2.33,-10.19,1
VID_ (27),10,0,4,40.7,-4.2,-6.21,1
VID_ (27),10,0,5,,,,0
VID_ (27),10,0,6,74.34,-51.53,-48.78,1
VID_ (27),10,0,7,74.22,-50.65,-46.7,1
VID_ (27),10,1,0,40.7,-4.2,-6.21,1
VID_ (27),10,1,1,,,,0
VID_ (27),10,1,2,74.34,-51.53,-48.78,1
VID_ (27),10,1,3,74.22,-50.65,-46.7,1
VID_ (27),10,1,4,74.8,-49.2,-45.33,1
VID_ (27),10,1,5,75.13,-53.76,-49.38,1
VID_ (27),10,1,6,75.85,-43.21,-38.9,1
VID_ (27),10,1,7,65.72,-52.52,-50.45,1
VID_ (27),10,2,0,74.8,-49.2,-45.33,1
VID_ (27),10,2,1,75.13,-53.76,-49.38,1
VID_ (27),10,2,2,75.85,-43.21,-38.9,1
VID_ (27),10,2,3,65.72,-52.52,-50.45,1
VID_ (27),10,2,4,68.53,-54.93,-49.45,1
VID_ (27),10,2,5,72.76,-52.78,-45.82,1
VID_ (27),10,2,6,74.47,-53.74,-45.56,1
VID_ (27),10,2,7,68.95,-58.94,-50.03,1
VID_ (27),11,0,0,,,,0
VID_ (27),11,0,1,,,,0
VID_ (27),11,0,2,,,,0
VID_ (27),11,0,3,,,,0
VID_ (27),11,0,4,,,,0
VID_ (27),11,0,5,8.59,3.33,-15.63,1
VID_ (27),11,0,6,-8.05,7.61,-8.24,1
VID_ (27),11,0,7,,,,0
VID_ (27),12,0,0,72.03,-33.75,-28.58,1
VID_ (27),12,0,1,75.48,-46.82,-39.39,1
VID_ (27),12,0,2,71.78,-29.41,-22.56,1
VID_ (27),12,0,3,74.83,-35.78,-29.84,1
VID_ (27),12,0,4,75.43,-35.49,-29.44,1
VID_ (27),12,0,5,79.48,-52.37,-47.07,1
VID_ (27),12,0,6,76.35,-38.9,-33.58,1
VID_ (27),12,0,7,76.98,-41.08,-35.02,1
VID_ (27),12,1,0,75.43,-35.49,-29.44,1
VID_ (27),12,1,1,79.48,-52.37,-47.07,1
VID_ (27),12,1,2,76.35,-38.9,-33.58,1
VID_ (27),12,1,3,76.98,-41.08,-35.02,1
VID_ (27),12,1,4,67.93,-21.93,-19.72,1
VID_ (27),12,1,5,71.31,-24.58,-19.16,1
VID_ (27),12,1,6,72.32,-27.07,-22.27,1
VID_ (27),12,1,7,68.27,-23.37,-21.4,1
VID_ (27),13,0,0,83.2,27.53,42.94,1
VID_ (27),13,0,1,83.43,46.25,62.48,1
VID_ (27),13,0,2,83.26,36.78,52.99,1
VID_ (27),13,0,3,82.64,32.73,48.31,1
VID_ (27),13,0,4,40.09,-24.5,-11.72,1
VID_ (27),13,0,5,40.51,-23.85,-9.94,1
VID_ (27),13,0,6,39.24,-21.1,-8.66,1
VID_ (27),13,0,7,45.69,-22.7,-8.29,1
VID_ (27),13,1,0,40.09,-24.5,-11.72,1
VID_ (27),13,1,1,40.51,-23.85,-9.94,1
VID_ (27),13,1,2,39.24,-21.1,-8.66,1
VID_ (27),13,1,3,45.69,-22.7,-8.29,1
VID_ (27),13,1,4,40.37,-20.77,-5.93,1
VID_ (27),13,1,5,43.38,-22.27,-6.2,1
VID_ (27),13,1,6,45.86,-23.11,-8.12,1
VID_ (27),13,1,7,83.7,42.43,59.9,1
VID_ (27),13,2,0,40.37,-20.77,-5.93,1
VID_ (27),13,2,1,43.38,-22.27,-6.2,1
VID_ (27),13,2,2,45.86,-23.11,-8.12,1
VID_ (27),13,2,3,83.7,42.43,59.9,1
VID_ (27),13,2,4,83.37,51.18,67.89,1
VID_ (27),13,2,5,83.89,40.38,57.76,1
VID_ (27),13,2,6,83.81,38.12,55.54,1
VID_ (27),13,2,7,83.1,31.99,48.71,1
VID_ (27),13,3,0,83.37,51.18,67.89,1
VID_ (27),13,3,1,83.89,40.38,57.76,1
VID_ (27),13,3,2,83.81,38.12,55.54,1
VID_ (27),13,3,3,83.1,31.99,48.71,1
VID_ (27),13,3,4,82.71,29.65,46.04,1
VID_ (27),13,3,5,83.34,37.98,54.47,1
VID_ (27),13,3,6,43.71,-24.47,-4.89,1
VID_ (27),13,3,7,44.14,-20.46,-4.15,1
VID_ (27),13,4,0,82.71,29.65,46.04,1
VID_ (27),13,4,1,83.34,37.98,54.47,1
VID_ (27),13,4,2,43.71,-24.47,-4.89,1
VID_ (27),13,4,3,44.14,-20.46,-4.15,1
VID_ (27),13,4,4,48.17,-22.97,-4.35,1
VID_ (27),13,4,5,49.69,-23.2,-4.49,1
VID_ (27),13,4,6,45.14,-20.06,-4.56,1
VID_ (27),13,4,7,45.4,-20.3,-2.83,1
VID_ (27),13,5,0,48.17,-22.97,-4.35,1
VID_ (27),13,5,1,49.69,-23.2,-4.49,1
VID_ (27),13,5,2,45.14,-20.06,-4.56,1
VID_ (27),13,5,3,45.4,-20.3,-2.83,1
VID_ (27),13,5,4,42.02,-20.48,-4.83,1
VID_ (27),13,5,5,44.56,-24.96,-7.15,1
VID_ (27),13,5,6,42.04,-24.68,-6.63,1
VID_ (27),13,5,7,48.48,-24.32,-8.49,1
VID_ (27),13,6,0,42.02,-20.48,-4.83,1
VID_ (27),13,6,1,44.56,-24.96,-7.15,1
VID_ (27),13,6,2,42.04,-24.68,-6.63,1
VID_ (27),13,6,3,48.48,-24.32,-8.49,1
VID_ (27),13,6,4,82.22,11.81,28.91,1
VID_ (27),13,6,5,81.53,19.29,35.53,1
VID_ (27),13,6,6,40.14,-22.63,-6.57,1
VID_ (27),13,6,7,46.1,-21.73,-6.24,1
VID_ (27),13,7,0,82.22,11.81,28.91,1
VID_ (27),13,7,1,81.53,19.29,35.53,1
VID_ (27),13,7,2,40.14,-22.63,-6.57,1
VID_ (27),13,7,3,46.1,-21.73,-6.24,1
VID_ (27),13,7,4,42.78,-22.04,-4.66,1
VID_ (27),13,7,5,44.69,-18.17,-6.09,1
VID_ (27),13,7,6,43.43,-19.14,-6.25,1
VID_ (27),13,7,7,44.02,-22.54,-5.81,1
VID_ (27),13,8,0,42.78,-22.04,-4.66,1
VID_ (27),13,8,1,44.69,-18.17,-6.09,1
VID_ (27),13,8,2,43.43,-19.14,-6.25,1
VID_ (27),13,8,3,44.02,-22.54,-5.81,1
VID_ (27),13,8,4,47.58,-23.06,-8.58,1
VID_ (27),13,8,5,45.98,-19.68,-6.47,1
VID_ (27),13,8,6,48.61,-24.41,-12.31,1
VID_ (27),13,8,7,48.28,-24.7,-9.91,1
VID_ (27),14,0,0,39.5,-2.78,17.92,1
VID_ (27),14,0,1,42.55,-1.39,18.73,1
VID_ (27),14,0,2,43.5,-1.98,19.1,1
VID_ (27),14,0,3,44.84,-1.81,20.12,1
VID_ (27),14,0,4,46.34,1.45,24.67,1
VID_ (27),14,0,5,52.52,15.86,40.42,1
VID_ (27),14,0,6,45.47,5.62,28.59,1
VID_ (27),14,0,7,33.8,-1.56,15.96,1
VID_ (27),14,1,0,46.34,1.45,24.67,1
VID_ (27),14,1,1,52.52,15.86,40.42,1
VID_ (27),14,1,2,45.47,5.62,28.59,1
VID_ (27),14,1,3,33.8,-1.56,15.96,1
VID_ (27),14,1,4,35.56,1.22,17.86,1
VID_ (27),14,1,5,56.09,5.69,21.15,1
VID_ (27),14,1,6,-29.02,-16.49,19.53,1
VID_ (27),14,1,7,-22.42,-11.28,21.23,1
VID_ (27),14,2,0,35.56,1.22,17.86,1
VID_ (27),14,2,1,56.09,5.69,21.15,1
VID_ (27),14,2,2,-29.02,-16.49,19.53,1
VID_ (27),14,2,3,-22.42,-11.28,21.23,1
VID_ (27),14,2,4,-27.48,-15.02,18.82,1
VID_ (27),14,2,5,-28.46,-14.34,21.29,1
VID_ (27),14,2,6,-25.1,-13.98,21.55,1
VID_ (27),14,2,7,,,,0
VID_ (27),15,0,0,82.84,39.07,55.07,1
VID_ (27),15,0,1,83.07,37.85,54.63,1
VID_ (27),15,0,2,83.4,40.88,57.04,1
VID_ (27),15,0,3,83.49,42.42,59.3,1
VID_ (27),15,0,4,83.59,37.8,54.2,1
VID_ (27),15,0,5,83.84,40.16,57.53,1
VID_ (27),15,0,6,83.54,50.72,67.04,1
VID_ (27),15,0,7,83.81,34.22,50.6,1
VID_ (27),15,1,0,83.59,37.8,54.2,1
VID_ (27),15,1,1,83.84,40.16,57.53,1
VID_ (27),15,1,2,83.54,50.72,67.04,1
VID_ (27),15,1,3,83.81,34.22,50.6,1
VID_ (27),15,1,4,83.82,35.57,52.36,1
VID_ (27),15,1,5,47.72,-26.84,-8.1,1
VID_ (27),15,1,6,47.02,-24.88,-6.13,1
VID_ (27),15,1,7,47.34,-26.09,-7.7,1
VID_ (27),15,2,0,83.82,35.57,52.36,1
VID_ (27),15,2,1,47.72,-26.84,-8.1,1
VID_ (27),15,2,2,47.02,-24.88,-6.13,1
VID_ (27),15,2,3,47.34,-26.09,-7.7,1
VID_ (27),15,2,4,45.69,-23.42,-3.79,1
VID_ (27),15,2,5,44.07,-22.6,-5.34,1
VID_ (27),15,2,6,46.45,-20.09,-2.49,1
VID_ (27),15,2,7,47.23,-21.99,-7.48,1
VID_ (27),16,0,0,,,,0
VID_ (27),16,0,1,,,,0
VID_ (27),16,0,2,,,,0
VID_ (27),16,0,3,,,,0
VID_ (27),16,0,4,,,,0
VID_ (27),16,0,5,,,,0
VID_ (27),16,0,6,,,,0
VID_ (27),16,0,7,,,,0
VID_ (27),16,1,0,,,,0
VID_ (27),16,1,1,,,,0
VID_ (27),16,1,2,,,,0
VID_ (27),16,1,3,,,,0
VID_ (27),16,1,4,,,,0
VID_ (27),16,1,5,,,,0
VID_ (27),16,1,6,,,,0
VID_ (27),16,1,7,,,,0
VID_ (27),17,0,0,77.77,-47.38,-40.12,1
VID_ (27),17,0,1,73.1,-35.73,-29.04,1
VID_ (27),17,0,2,75.71,-36.14,-29.86,1
VID_ (27),17,0,3,75.05,-37.12,-31.41,1
VID_ (27),17,0,4,78.28,-46.57,-39.99,1
VID_ (27),17,0,5,70.11,-29.88,-21.47,1
VID_ (27),17,0,6,70.37,-31.66,-25.85,1
VID_ (27),17,0,7,,,,0
VID_ (27),18,0,0,74.49,-27.85,-24.83,1
VID_ (27),18,0,1,77.2,-42.81,-38.96,1
VID_ (27),18,0,2,,,,0
VID_ (27),18,0,3,,,,0
VID_ (27),18,0,4,73.81,-26.61,-25.82,1
VID_ (27),18,0,5,,,,0
VID_ (27),18,0,6,66.35,-23.17,-18.61,1
VID_ (27),18,0,7,76.04,-20.88,-19.01,1
VID_ (27),18,1,0,73.81,-26.61,-25.82,1
VID_ (27),18,1,1,,,,0
VID_ (27),18,1,2,66.35,-23.17,-18.61,1
VID_ (27),18,1,3,76.04,-20.88,-19.01,1
VID_ (27),18,1,4,69.12,-18.12,-15.74,1
VID_ (27),18,1,5,75.13,-23.41,-19.69,1
VID_ (27),18,1,6,68.07,-23.27,-15.9,1
VID_ (27),18,1,7,74.36,-23.28,-19.46,1
VID_ (27),19,0,0,82.28,20.08,37.65,1
VID_ (27),19,0,1,82.06,11.52,28.61,1
VID_ (27),19,0,2,42.69,-25.01,-8.75,1
VID_ (27),19,0,3,40.99,-24.03,-7.85,1
VID_ (27),19,0,4,47.32,-20.27,-5.75,1
VID_ (27),19,0,5,46.54,-25.9,-7.35,1
VID_ (27),19,0,6,45.36,-24.46,-6.71,1
VID_ (27),19,0,7,42.67,-21.23,-6.33,1
VID_ (27),2,0,0,26.28,-14.28,15.5,1
VID_ (27),2,0,1,10.71,-24.24,7.69,1
VID_ (27),2,0,2,21.84,-25.65,0.69,1
VID_ (27),2,0,3,42.83,-17.87,2.54,1
VID_ (27),2,0,4,40.83,-14.88,5.75,1
VID_ (27),2,0,5,48.28,-8.21,15.25,1
VID_ (27),2,0,6,47.44,-7.92,18.05,1
VID_ (27),2,0,7,36.77,-8.07,20.58,1
VID_ (27),2,1,0,40.83,-14.88,5.75,1
VID_ (27),2,1,1,48.28,-8.21,15.25,1
VID_ (27),2,1,2,47.44,-7.92,18.05,1
VID_ (27),2,1,3,36.77,-8.07,20.58,1
VID_ (27),2,1,4,41.46,-3.31,22.5,1
VID_ (27),2,1,5,52.49,2.89,25.69,1
VID_ (27),2,1,6,61.46,22.89,39.93,1
VID_ (27),2,1,7,64.54,15.67,29.17,1
VID_ (27),2,2,0,41.46,-3.31,22.5,1
VID_ (27),2,2,1,52.49,2.89,25.69,1
VID_ (27),2,2,2,61.46,22.89,39.93,1
VID_ (27),2,2,3,64.54,15.67,29.17,1
VID_ (27),2,2,4,60.76,-0.33,16.63,1
VID_ (27),2,2,5,50.23,-0.29,17.58,1
VID_ (27),2,2,6,52.45,9.99,28.57,1
VID_ (27),2,2,7,54.99,13.37,30.62,1
VID_ (27),2,3,0,60.76,-0.33,16.63,1
VID_ (27),2,3,1,50.23,-0.29,17.58,1
VID_ (27),2,3,2,52.45,9.99,28.57,1
VID_ (27),2,3,3,54.99,13.37,30.62,1
VID_ (27),2,3,4,51.8,6.3,25.13,1
VID_ (27),2,3,5,44.89,1.0,22.73,1
VID_ (27),2,3,6,47.89,6.19,24.74,1
VID_ (27),2,3,7,49.01,3.66,25.24,1
VID_ (27),2,4,0,51.8,6.3,25.13,1
VID_ (27),2,4,1,44.89,1.0,22.73,1
VID_ (27),2,4,2,47.89,6.19,24.74,1
VID_ (27),2,4,3,49.01,3.66,25.24,1
VID_ (27),2,4,4,48.04,1.52,24.84,1
VID_ (27),2,4,5,30.79,-6.98,17.91,1
VID_ (27),2,4,6,47.58,-2.31,18.53,1
VID_ (27),2,4,7,38.58,-2.17,10.52,1
VID_ (27),2,5,0,48.04,1.52,24.84,1
VID_ (27),2,5,1,30.79,-6.98,17.91,1
VID_ (27),2,5,2,47.58,-2.31,18.53,1
VID_ (27),2,5,3,38.58,-2.17,10.52,1
VID_ (27),2,5,4,47.73,-2.57,16.01,1
VID_ (27),2,5,5,40.8,-7.66,16.59,1
VID_ (27),2,5,6,51.99,1.57,21.19,1
VID_ (27),2,5,7,50.72,2.27,23.03,1
VID_ (27),2,6,0,47.73,-2.57,16.01,1
VID_ (27),2,6,1,40.8,-7.66,16.59,1
VID_ (27),2,6,2,51.99,1.57,21.19,1
VID_ (27),2,6,3,50.72,2.27,23.03,1
VID_ (27),2,6,4,52.6,0.13,21.12,1
VID_ (27),2,6,5,52.86,2.52,22.59,1
VID_ (27),2,6,6,52.92,8.65,30.58,1
VID_ (27),2,6,7,58.27,26.64,50.42,1
VID_ (27),2,7,0,52.6,0.13,21.12,1
VID_ (27),2,7,1,52.86,2.52,22.59,1
VID_ (27),2,7,2,52.92,8.65,30.58,1
VID_ (27),2,7,3,58.27,26.64,50.42,1
VID_ (27),2,7,4,49.8,8.77,29.61,1
VID_ (27),2,7,5,43.32,5.99,21.6,1
VID_ (27),2,7,6,40.64,2.85,19.83,1
VID_ (27),2,7,7,60.05,16.17,34.67,1
VID_ (27),2,8,0,49.8,8.77,29.61,1
VID_ (27),2,8,1,43.32,5.99,21.6,1
VID_ (27),2,8,2,40.64,2.85,19.83,1
VID_ (27),2,8,3,60.05,16.17,34.67,1
VID_ (27),2,8,4,58.13,9.11,27.47,1
VID_ (27),2,8,5,53.9,3.73,21.92,1
VID_ (27),2,8,6,,,,0
VID_ (27),2,8,7,,,,0
VID_ (27),2,9,0,58.13,9.11,27.47,1
VID_ (27),2,9,1,53.9,3.73,21.92,1
VID_ (27),2,9,2,,,,0
VID_ (27),2,9,3,,,,0
VID_ (27),2,9,4,58.41,30.61,53.53,1
VID_ (27),2,9,5,44.5,9.45,26.83,1
VID_ (27),2,9,6,43.2,5.97,24.52,1
VID_ (27),2,9,7,41.73,8.04,26.87,1
VID_ (27),2,10,0,58.41,30.61,53.53,1
VID_ (27),2,10,1,44.5,9.45,26.83,1
VID_ (27),2,10,2,43.2,5.97,24.52,1
VID_ (27),2,10,3,41.73,8.04,26.87,1
VID_ (27),2,10,4,49.75,12.31,32.1,1
VID_ (27),2,10,5,52.76,18.37,40.63,1
VID_ (27),2,10,6,56.94,23.53,42.45,1
VID_ (27),2,10,7,,,,0
VID_ (27),2,11,0,49.75,12.31,32.1,1
VID_ (27),2,11,1,52.76,18.37,40.63,1
VID_ (27),2,11,2,56.94,23.53,42.45,1
VID_ (27),2,11,3,,,,0
VID_ (27),2,11,4,,,,0
VID_ (27),2,11,5,43.35,-2.16,17.56,1
VID_ (27),2,11,6,39.08,-7.08,10.48,1
VID_ (27),2,11,7,49.45,3.16,27.17,1
VID_ (27),2,12,0,,,,0
VID_ (27),2,12,1,43.35,-2.16,17.56,1
VID_ (27),2,12,2,39.08,-7.08,10.48,1
VID_ (27),2,12,3,49.45,3.16,27.17,1
VID_ (27),2,12,4,43.11,10.12,39.21,1
VID_ (27),2,12,5,47.46,6.78,32.21,1
VID_ (27),2,12,6,50.67,14.46,37.16,1
VID_ (27),2,12,7,,,,0
VID_ (27),2,13,0,43.11,10.12,39.21,1
VID_ (27),2,13,1,47.46,6.78,32.21,1
VID_ (27),2,13,2,50.67,14.46,37.16,1
VID_ (27),2,13,3,,,,0
VID_ (27),2,13,4,47.14,0.77,26.31,1
VID_ (27),2,13,5,52.79,8.75,27.62,1
VID_ (27),2,13,6,46.63,5.61,23.86,1
VID_ (27),2,13,7,52.45,13.56,37.36,1
VID_ (27),20,0,0,,,,0
VID_ (27),20,0,1,,,,0
VID_ (27),20,0,2,,,,0
VID_ (27),20,0,3,,,,0
VID_ (27),20,0,4,,,,0
VID_ (27),20,0,5,,,,0
VID_ (27),20,0,6,,,,0
VID_ (27),20,0,7,,,,0
VID_ (27),20,1,0,,,,0
VID_ (27),20,1,1,,,,0
VID_ (27),20,1,2,,,,0
VID_ (27),20,1,3,,,,0
VID_ (27),20,1,4,,,,0
VID_ (27),20,1,5,,,,0
VID_ (27),20,1,6,,,,0
VID_ (27),20,1,7,,,,0
VID_ (27),21,0,0,,,,0
VID_ (27),21,0,1,,,,0
VID_ (27),21,0,2,,,,0
VID_ (27),21,0,3,,,,0
VID_ (27),21,0,4,,,,0
VID_ (27),21,0,5,,,,0
VID_ (27),21,0,6,,,,0
VID_ (27),21,0,7,,,,0
VID_ (27),3,0,0,,,,0
VID_ (27),3,0,1,,,,0
VID_ (27),3,0,2,,,,0
VID_ (27),3,0,3,-29.37,22.21,-13.42,1
VID_ (27),3,0,4,,,,0
VID_ (27),3,0,5,,,,0
VID_ (27),3,0,6,-14.28,24.14,-10.02,1
VID_ (27),3,0,7,-2.78,35.23,-33.39,1
VID_ (27),3,1,0,,,,0
VID_ (27),3,1,1,,,,0
VID_ (27),3,1,2,-14.28,24.14,-10.02,1
VID_ (27),3,1,3,-2.78,35.23,-33.39,1
VID_ (27),3,1,4,-46.89,25.46,-39.83,1
VID_ (27),3,1,5,-0.69,27.08,-38.15,1
VID_ (27),3,1,6,,,,0
VID_ (27),3,1,7,,,,0
VID_ (27),3,2,0,-46.89,25.46,-39.83,1
VID_ (27),3,2,1,-0.69,27.08,-38.15,1
VID_ (27),3,2,2,,,,0
VID_ (27),3,2,3,,,,0
VID_ (27),3,2,4,,,,0
VID_ (27),3,2,5,,,,0
VID_ (27),3,2,6,-37.71,18.29,-12.12,1
VID_ (27),3,2,7,-5.14,33.02,-28.97,1
VID_ (27),3,3,0,,,,0
VID_ (27),3,3,1,,,,0
VID_ (27),3,3,2,-37.71,18.29,-12.12,1
VID_ (27),3,3,3,-5.14,33.02,-28.97,1
VID_ (27),3,3,4,,,,0
VID_ (27),3,3,5,-25.08,20.41,-17.61,1
VID_ (27),3,3,6,-39.17,16.39,1.61,1
VID_ (27),3,3,7,-25.09,18.82,3.18,1
VID_ (27),3,4,0,,,,0
VID_ (27),3,4,1,-25.08,20.41,-17.61,1
VID_ (27),3,4,2,-39.17,16.39,1.61,1
VID_ (27),3,4,3,-25.09,18.82,3.18,1
VID_ (27),3,4,4,-27.95,25.31,-15.87,1
VID_ (27),3,4,5,,,,0
VID_ (27),3,4,6,,,,0
VID_ (27),3,4,7,,,,0
VID_ (27),3,5,0,-27.95,25.31,-15.87,1
VID_ (27),3,5,1,,,,0
VID_ (27),3,5,2,,,,0
VID_ (27),3,5,3,,,,0
VID_ (27),3,5,4,,,,0
VID_ (27),3,5,5,-57.1,0.47,-7.42,1
VID_ (27),3,5,6,,,,0
VID_ (27),3,5,7,,,,0
VID_ (27),3,6,0,,,,0
VID_ (27),3,6,1,-57.1,0.47,-7.42,1
VID_ (27),3,6,2,,,,0
VID_ (27),3,6,3,,,,0
VID_ (27),3,6,4,,,,0
VID_ (27),3,6,5,-11.65,20.06,-9.54,1
VID_ (27),3,6,6,-26.51,15.19,6.92,1
VID_ (27),3,6,7,-23.26,11.13,2.73,1
VID_ (27),3,7,0,,,,0
VID_ (27),3,7,1,-11.65,20.06,-9.54,1
VID_ (27),3,7,2,-26.51,15.19,6.92,1
VID_ (27),3,7,3,-23.26,11.13,2.73,1
VID_ (27),3,7,4,-32.27,17.19,-0.4,1
VID_ (27),3,7,5,-39.32,14.09,0.6,1
VID_ (27),3,7,6,,,,0
VID_ (27),3,7,7,-40.45,17.48,-2.32,1
VID_ (27),3,8,0,-32.27,17.19,-0.4,1
VID_ (27),3,8,1,-39.32,14.09,0.6,1
VID_ (27),3,8,2,,,,0
VID_ (27),3,8,3,-40.45,17.48,-2.32,1
VID_ (27),3,8,4,-30.0,16.96,3.99,1
VID_ (27),3,8,5,-21.56,11.83,8.48,1
VID_ (27),3,8,6,-30.84,14.72,3.66,1
VID_ (27),3,8,7,,,,0
VID_ (27),3,9,0,-30.0,16.96,3.99,1
VID_ (27),3,9,1,-21.56,11.83,8.48,1
VID_ (27),3,9,2,-30.84,14.72,3.66,1
VID_ (27),3,9,3,,,,0
VID_ (27),3,9,4,,,,0
VID_ (27),3,9,5,,,,0
VID_ (27),3,9,6,,,,0
VID_ (27),3,9,7,,,,0
VID_ (27),3,10,0,,,,0
VID_ (27),3,10,1,,,,0
VID_ (27),3,10,2,,,,0
VID_ (27),3,10,3,,,,0
VID_ (27),3,10,4,,,,0
VID_ (27),3,10,5,-24.63,4.15,14.01,1
VID_ (27),3,10,6,-27.52,4.05,10.35,1
VID_ (27),3,10,7,,,,0
VID_ (27),3,11,0,,,,0
VID_ (27),3,11,1,-24.63,4.15,14.01,1
VID_ (27),3,11,2,-27.52,4.05,10.35,1
VID_ (27),3,11,3,,,,0
VID_ (27),3,11,4,,,,0
VID_ (27),3,11,5,,,,0
VID_ (27),3,11,6,-31.66,-4.89,15.28,1
VID_ (27),3,11,7,-32.69,17.25,-22.51,1
VID_ (27),3,12,0,,,,0
VID_ (27),3,12,1,,,,0
VID_ (27),3,12,2,-31.66,-4.89,15.28,1
VID_ (27),3,12,3,-32.69,17.25,-22.51,1
VID_ (27),3,12,4,,,,0
VID_ (27),3,12,5,,,,0
VID_ (27),3,12,6,,,,0
VID_ (27),3,12,7,-27.55,21.01,-35.37,1
VID_ (27),3,13,0,,,,0
VID_ (27),3,13,1,,,,0
VID_ (27),3,13,2,,,,0
VID_ (27),3,13,3,-27.55,21.01,-35.37,1
VID_ (27),3,13,4,,,,0
VID_ (27),3,13,5,,,,0
VID_ (27),3,13,6,,,,0
VID_ (27),3,13,7,,,,0
VID_ (27),4,0,0,63.54,-40.38,-34.61,1
VID_ (27),4,0,1,63.41,-40.59,-33.41,1
VID_ (27),4,0,2,63.7,-44.66,-35.84,1
VID_ (27),4,0,3,69.67,-43.71,-33.36,1
VID_ (27),4,0,4,69.3,-45.53,-35.57,1
VID_ (27),4,0,5,69.38,-46.85,-36.97,1
VID_ (27),4,0,6,66.58,-41.03,-31.16,1
VID_ (27),4,0,7,68.43,-42.6,-32.27,1
VID_ (27),4,1,0,69.3,-45.53,-35.57,1
VID_ (27),4,1,1,69.38,-46.85,-36.97,1
VID_ (27),4,1,2,66.58,-41.03,-31.16,1
VID_ (27),4,1,3,68.43,-42.6,-32.27,1
VID_ (27),4,1,4,68.28,-40.88,-30.71,1
VID_ (27),4,1,5,71.96,-43.6,-33.19,1
VID_ (27),4,1,6,70.79,-38.69,-27.21,1
VID_ (27),4,1,7,68.46,-39.84,-28.04,1
VID_ (27),4,2,0,68.28,-40.88,-30.71,1
VID_ (27),4,2,1,71.96,-43.6,-33.19,1
VID_ (27),4,2,2,70.79,-38.69,-27.21,1
VID_ (27),4,2,3,68.46,-39.84,-28.04,1
VID_ (27),4,2,4,67.24,-33.72,-21.61,1
VID_ (27),4,2,5,66.63,-33.48,-21.35,1
VID_ (27),4,2,6,65.5,-34.58,-20.11,1
VID_ (27),4,2,7,69.05,-25.95,-11.96,1
VID_ (27),4,3,0,67.24,-33.72,-21.61,1
VID_ (27),4,3,1,66.63,-33.48,-21.35,1
VID_ (27),4,3,2,65.5,-34.58,-20.11,1
VID_ (27),4,3,3,69.05,-25.95,-11.96,1
VID_ (27),4,3,4,73.88,-7.23,9.1,1
VID_ (27),4,3,5,76.21,-3.45,14.13,1
VID_ (27),4,3,6,77.57,-1.38,16.55,1
VID_ (27),4,3,7,77.93,-1.23,17.51,1
VID_ (27),4,4,0,73.88,-7.23,9.1,1
VID_ (27),4,4,1,76.21,-3.45,14.13,1
VID_ (27),4,4,2,77.57,-1.38,16.55,1
VID_ (27),4,4,3,77.93,-1.23,17.51,1
VID_ (27),4,4,4,77.34,-6.29,12.93,1
VID_ (27),4,4,5,74.77,-10.61,8.66,1
VID_ (27),4,4,6,76.79,-10.96,8.81,1
VID_ (27),4,4,7,74.45,-10.53,9.01,1
VID_ (27),4,5,0,77.34,-6.29,12.93,1
VID_ (27),4,5,1,74.77,-10.61,8.66,1
VID_ (27),4,5,2,76.79,-10.96,8.81,1
VID_ (27),4,5,3,74.45,-10.53,9.01,1
VID_ (27),4,5,4,75.64,-11.8,7.1,1
VID_ (27),4,5,5,73.03,-12.69,7.41,1
VID_ (27),4,5,6,73.6,-11.4,7.43,1
VID_ (27),4,5,7,74.74,-11.97,6.7,1
VID_ (27),4,6,0,75.64,-11.8,7.1,1
VID_ (27),4,6,1,73.03,-12.69,7.41,1
VID_ (27),4,6,2,73.6,-11.4,7.43,1
VID_ (27),4,6,3,74.74,-11.97,6.7,1
VID_ (27),4,6,4,75.7,-12.8,6.27,1
VID_ (27),4,6,5,75.14,-12.76,7.05,1
VID_ (27),4,6,6,74.45,-15.1,4.34,1
VID_ (27),4,6,7,74.21,-17.79,1.87,1
VID_ (27),4,7,0,75.7,-12.8,6.27,1
VID_ (27),4,7,1,75.14,-12.76,7.05,1
VID_ (27),4,7,2,74.45,-15.1,4.34,1
VID_ (27),4,7,3,74.21,-17.79,1.87,1
VID_ (27),4,7,4,74.47,-13.35,5.95,1
VID_ (27),4,7,5,74.02,-11.11,8.57,1
VID_ (27),4,7,6,74.55,-13.57,6.09,1
VID_ (27),4,7,7,73.14,-15.09,4.2,1
VID_ (27),4,8,0,74.47,-13.35,5.95,1
VID_ (27),4,8,1,74.02,-11.11,8.57,1
VID_ (27),4,8,2,74.55,-13.57,6.09,1
VID_ (27),4,8,3,73.14,-15.09,4.2,1
VID_ (27),4,8,4,73.37,-14.36,5.84,1
VID_ (27),4,8,5,72.13,-13.49,6.1,1
VID_ (27),4,8,6,71.63,-13.88,5.55,1
VID_ (27),4,8,7,73.29,-14.81,4.85,1
VID_ (27),4,9,0,73.37,-14.36,5.84,1
VID_ (27),4,9,1,72.13,-13.49,6.1,1
VID_ (27),4,9,2,71.63,-13.88,5.55,1
VID_ (27),4,9,3,73.29,-14.81,4.85,1
VID_ (27),4,9,4,73.78,-14.86,4.67,1
VID_ (27),4,9,5,74.18,-14.18,5.62,1
VID_ (27),4,9,6,72.72,-7.5,11.21,1
VID_ (27),4,9,7,74.4,-14.22,5.45,1
VID_ (27),4,10,0,73.78,-14.86,4.67,1
VID_ (27),4,10,1,74.18,-14.18,5.62,1
VID_ (27),4,10,2,72.72,-7.5,11.21,1
VID_ (27),4,10,3,74.4,-14.22,5.45,1
VID_ (27),4,10,4,74.27,-13.27,6.51,1
VID_ (27),4,10,5,73.65,-15.21,4.8,1
VID_ (27),4,10,6,72.58,-17.13,3.39,1
VID_ (27),4,10,7,72.54,-19.43,0.66,1
VID_ (27),4,11,0,74.27,-13.27,6.51,1
VID_ (27),4,11,1,73.65,-15.21,4.8,1
VID_ (27),4,11,2,72.58,-17.13,3.39,1
VID_ (27),4,11,3,72.54,-19.43,0.66,1
VID_ (27),4,11,4,72.06,-21.72,-1.58,1
VID_ (27),4,11,5,71.05,-21.41,-2.39,1
VID_ (27),4,11,6,69.94,-20.29,-1.32,1
VID_ (27),4,11,7,64.91,-20.15,-1.62,1
VID_ (27),4,12,0,72.06,-21.72,-1.58,1
VID_ (27),4,12,1,71.05,-21.41,-2.39,1
VID_ (27),4,12,2,69.94,-20.29,-1.32,1
VID_ (27),4,12,3,64.91,-20.15,-1.62,1
VID_ (27),4,12,4,76.24,-7.29,10.75,1
VID_ (27),4,12,5,74.47,-12.03,6.13,1
VID_ (27),4,12,6,80.13,5.35,22.2,1
VID_ (27),4,12,7,79.48,0.4,17.45,1
VID_ (27),4,13,0,76.24,-7.29,10.75,1
VID_ (27),4,13,1,74.47,-12.03,6.13,1
VID_ (27),4,13,2,80.13,5.35,22.2,1
VID_ (27),4,13,3,79.48,0.4,17.45,1
VID_ (27),4,13,4,81.11,6.92,24.1,1
VID_ (27),4,13,5,80.4,5.57,22.5,1
VID_ (27),4,13,6,81.6,14.56,30.99,1
VID_ (27),4,13,7,81.98,8.88,26.22,1
VID_ (27),5,0,0,-23.88,7.67,-6.91,1
VID_ (27),5,0,1,-36.55,11.11,-12.47,1
VID_ (27),5,0,2,-19.32,7.2,-8.29,1
VID_ (27),5,0,3,-21.41,9.86,-6.06,1
VID_ (27),5,0,4,,,,0
VID_ (27),5,0,5,-19.71,9.03,-11.66,1
VID_ (27),5,0,6,-29.08,9.08,-12.53,1
VID_ (27),5,0,7,-25.58,8.71,-13.08,1
VID_ (27),5,1,0,,,,0
VID_ (27),5,1,1,-19.71,9.03,-11.66,1
VID_ (27),5,1,2,-29.08,9.08,-12.53,1
VID_ (27),5,1,3,-25.58,8.71,-13.08,1
VID_ (27),5,1,4,-26.6,7.38,-11.58,1
VID_ (27),5,1,5,-10.72,3.67,-7.27,1
VID_ (27),5,1,6,-1.68,3.24,-11.64,1
VID_ (27),5,1,7,,,,0
VID_ (27),5,2,0,-26.6,7.38,-11.58,1
VID_ (27),5,2,1,-10.72,3.67,-7.27,1
VID_ (27),5,2,2,-1.68,3.24,-11.64,1
VID_ (27),5,2,3,,,,0
VID_ (27),5,2,4,,,,0
VID_ (27),5,2,5,,,,0
VID_ (27),5,2,6,,,,0
VID_ (27),5,2,7,,,,0
VID_ (27),5,3,0,,,,0
VID_ (27),5,3,1,,,,0
VID_ (27),5,3,2,,,,0
VID_ (27),5,3,3,,,,0
VID_ (27),5,3,4,,,,0
VID_ (27),5,3,5,,,,0
VID_ (27),5,3,6,,,,0
VID_ (27),5,3,7,,,,0
VID_ (27),5,4,0,,,,0
VID_ (27),5,4,1,,,,0
VID_ (27),5,4,2,,,,0
VID_ (27),5,4,3,,,,0
VID_ (27),5,4,4,-17.41,10.25,-9.45,1
VID_ (27),5,4,5,,,,0
VID_ (27),5,4,6,,,,0
VID_ (27),5,4,7,,,,0
VID_ (27),5,5,0,-17.41,10.25,-9.45,1
VID_ (27),5,5,1,,,,0
VID_ (27),5,5,2,,,,0
VID_ (27),5,5,3,,,,0
VID_ (27),5,5,4,,,,0
VID_ (27),5,5,5,,,,0
VID_ (27),5,5,6,,,,0
VID_ (27),5,5,7,,,,0
VID_ (27),5,6,0,,,,0
VID_ (27),5,6,1,,,,0
VID_ (27),5,6,2,,,,0
VID_ (27),5,6,3,,,,0
VID_ (27),5,6,4,,,,0
VID_ (27),5,6,5,,,,0
VID_ (27),5,6,6,,,,0
VID_ (27),5,6,7,,,,0
VID_ (27),5,7,0,,,,0
VID_ (27),5,7,1,,,,0
VID_ (27),5,7,2,,,,0
VID_ (27),5,7,3,,,,0
VID_ (27),5,7,4,,,,0
VID_ (27),5,7,5,,,,0
VID_ (27),5,7,6,,,,0
VID_ (27),5,7,7,,,,0
VID_ (27),5,8,0,,,,0
VID_ (27),5,8,1,,,,0
VID_ (27),5,8,2,,,,0
VID_ (27),5,8,3,,,,0
VID_ (27),5,8,4,,,,0
VID_ (27),5,8,5,,,,0
VID_ (27),5,8,6,,,,0
VID_ (27),5,8,7,,,,0
VID_ (27),5,9,0,,,,0
VID_ (27),5,9,1,,,,0
VID_ (27),5,9,2,,,,0
VID_ (27),5,9,3,,,,0
VID_ (27),5,9,4,,,,0
VID_ (27),5,9,5,,,,0
VID_ (27),5,9,6,,,,0
VID_ (27),5,9,7,,,,0
VID_ (27),5,10,0,,,,0
VID_ (27),5,10,1,,,,0
VID_ (27),5,10,2,,,,0
VID_ (27),5,10,3,,,,0
VID_ (27),5,10,4,,,,0
VID_ (27),5,10,5,,,,0
VID_ (27),5,10,6,,,,0
VID_ (27),5,10,7,,,,0
VID_ (27),5,11,0,,,,0
VID_ (27),5,11,1,,,,0
VID_ (27),5,11,2,,,,0
VID_ (27),5,11,3,,,,0
VID_ (27),5,11,4,,,,0
VID_ (27),5,11,5,,,,0
VID_ (27),5,11,6,,,,0
VID_ (27),5,11,7,,,,0
VID_ (27),5,12,0,,,,0
VID_ (27),5,12,1,,,,0
VID_ (27),5,12,2,,,,0
VID_ (27),5,12,3,,,,0
VID_ (27),5,12,4,,,,0
VID_ (27),5,12,5,,,,0
VID_ (27),5,12,6,,,,0
VID_ (27),5,12,7,,,,0
VID_ (27),5,13,0,,,,0
VID_ (27),5,13,1,,,,0
VID_ (27),5,13,2,,,,0
VID_ (27),5,13,3,,,,0
VID_ (27),5,13,4,,,,0
VID_ (27),5,13,5,,,,0
VID_ (27),5,13,6,,,,0
VID_ (27),5,13,7,,,,0
VID_ (27),6,0,0,75.87,-52.16,-52.9,1
VID_ (27),6,0,1,76.48,-46.57,-46.05,1
VID_ (27),6,0,2,78.68,-39.45,-40.8,1
VID_ (27),6,0,3,77.02,-35.26,-33.0,1
VID_ (27),6,0,4,78.13,-40.54,-41.02,1
VID_ (27),6,0,5,78.85,-34.35,-34.89,1
VID_ (27),6,0,6,79.2,-39.49,-39.51,1
VID_ (27),6,0,7,79.87,-42.03,-41.08,1
VID_ (27),6,1,0,78.13,-40.54,-41.02,1
VID_ (27),6,1,1,78.85,-34.35,-34.89,1
VID_ (27),6,1,2,79.2,-39.49,-39.51,1
VID_ (27),6,1,3,79.87,-42.03,-41.08,1
VID_ (27),6,1,4,66.38,-7.74,-13.74,1
VID_ (27),6,1,5,66.23,-11.75,-15.53,1
VID_ (27),6,1,6,41.98,34.5,15.57,1
VID_ (27),6,1,7,74.32,-46.55,-43.2,1
VID_ (27),6,2,0,66.38,-7.74,-13.74,1
VID_ (27),6,2,1,66.23,-11.75,-15.53,1
VID_ (27),6,2,2,41.98,34.5,15.57,1
VID_ (27),6,2,3,74.32,-46.55,-43.2,1
VID_ (27),6,2,4,75.45,-51.93,-47.6,1
VID_ (27),6,2,5,75.85,-41.0,-37.31,1
VID_ (27),6,2,6,66.97,-56.89,-55.33,1
VID_ (27),6,2,7,69.49,-56.97,-51.4,1
VID_ (27),6,3,0,75.45,-51.93,-47.6,1
VID_ (27),6,3,1,75.85,-41.0,-37.31,1
VID_ (27),6,3,2,66.97,-56.89,-55.33,1
VID_ (27),6,3,3,69.49,-56.97,-51.4,1
VID_ (27),6,3,4,75.33,-55.2,-48.68,1
VID_ (27),6,3,5,76.33,-52.9,-45.22,1
VID_ (27),6,3,6,71.04,-56.99,-48.98,1
VID_ (27),6,3,7,73.82,-56.49,-47.63,1
VID_ (27),6,4,0,75.33,-55.2,-48.68,1
VID_ (27),6,4,1,76.33,-52.9,-45.22,1
VID_ (27),6,4,2,71.04,-56.99,-48.98,1
VID_ (27),6,4,3,73.82,-56.49,-47.63,1
VID_ (27),6,4,4,72.09,-56.9,-48.14,1
VID_ (27),6,4,5,72.29,-55.49,-47.43,1
VID_ (27),6,4,6,73.19,-55.27,-46.88,1
VID_ (27),6,4,7,72.96,-55.26,-47.97,1
VID_ (27),6,5,0,72.09,-56.9,-48.14,1
VID_ (27),6,5,1,72.29,-55.49,-47.43,1
VID_ (27),6,5,2,73.19,-55.27,-46.88,1
VID_ (27),6,5,3,72.96,-55.26,-47.97,1
VID_ (27),6,5,4,72.74,-57.22,-50.09,1
VID_ (27),6,5,5,73.31,-52.01,-45.33,1
VID_ (27),6,5,6,73.04,-53.51,-46.25,1
VID_ (27),6,5,7,73.56,-52.46,-45.66,1
VID_ (27),6,6,0,72.74,-57.22,-50.09,1
VID_ (27),6,6,1,73.31,-52.01,-45.33,1
VID_ (27),6,6,2,73.04,-53.51,-46.25,1
VID_ (27),6,6,3,73.56,-52.46,-45.66,1
VID_ (27),6,6,4,75.62,-51.7,-45.06,1
VID_ (27),6,6,5,76.0,-48.5,-39.9,1
VID_ (27),6,6,6,74.67,-53.39,-46.85,1
VID_ (27),6,6,7,75.42,-50.57,-42.69,1
VID_ (27),6,7,0,75.62,-51.7,-45.06,1
VID_ (27),6,7,1,76.0,-48.5,-39.9,1
VID_ (27),6,7,2,74.67,-53.39,-46.85,1
VID_ (27),6,7,3,75.42,-50.57,-42.69,1
VID_ (27),6,7,4,74.03,-53.12,-44.67,1
VID_ (27),6,7,5,73.09,-52.34,-43.93,1
VID_ (27),6,7,6,74.44,-50.68,-43.68,1
VID_ (27),6,7,7,74.42,-50.2,-42.33,1
VID_ (27),6,8,0,74.03,-53.12,-44.67,1
VID_ (27),6,8,1,73.09,-52.34,-43.93,1
VID_ (27),6,8,2,74.44,-50.68,-43.68,1
VID_ (27),6,8,3,74.42,-50.2,-42.33,1
VID_ (27),6,8,4,71.6,-55.18,-46.78,1
VID_ (27),6,8,5,71.04,-54.72,-46.73,1
VID_ (27),6,8,6,71.49,-56.74,-48.7,1
VID_ (27),6,8,7,74.76,-56.75,-48.23,1
VID_ (27),6,9,0,71.6,-55.18,-46.78,1
VID_ (27),6,9,1,71.04,-54.72,-46.73,1
VID_ (27),6,9,2,71.49,-56.74,-48.7,1
VID_ (27),6,9,3,74.76,-56.75,-48.23,1
VID_ (27),6,9,4,76.6,-55.5,-48.25,1
VID_ (27),6,9,5,73.9,-57.83,-48.36,1
VID_ (27),6,9,6,72.37,-54.94,-47.49,1
VID_ (27),6,9,7,71.91,-59.29,-53.62,1
VID_ (27),6,10,0,76.6,-55.5,-48.25,1
VID_ (27),6,10,1,73.9,-57.83,-48.36,1
VID_ (27),6,10,2,72.37,-54.94,-47.49,1
VID_ (27),6,10,3,71.91,-59.29,-53.62,1
VID_ (27),6,10,4,71.81,-57.15,-52.96,1
VID_ (27),6,10,5,73.07,-55.32,-51.38,1
VID_ (27),6,10,6,71.96,-59.53,-54.35,1
VID_ (27),6,10,7,71.44,-56.14,-51.05,1
VID_ (27),6,11,0,71.81,-57.15,-52.96,1
VID_ (27),6,11,1,73.07,-55.32,-51.38,1
VID_ (27),6,11,2,71.96,-59.53,-54.35,1
VID_ (27),6,11,3,71.44,-56.14,-51.05,1
VID_ (27),6,11,4,69.44,-56.0,-50.43,1
VID_ (27),6,11,5,69.43,-57.06,-52.16,1
VID_ (27),6,11,6,70.25,-57.77,-52.06,1
VID_ (27),6,11,7,70.51,-61.94,-54.94,1
VID_ (27),6,12,0,69.44,-56.0,-50.43,1
VID_ (27),6,12,1,69.43,-57.06,-52.16,1
VID_ (27),6,12,2,70.25,-57.77,-52.06,1
VID_ (27),6,12,3,70.51,-61.94,-54.94,1
VID_ (27),6,12,4,69.67,-51.28,-45.5,1
VID_ (27),6,12,5,70.61,-52.04,-46.28,1
VID_ (27),6,12,6,71.95,-51.5,-46.11,1
VID_ (27),6,12,7,70.65,-54.55,-48.76,1
VID_ (27),6,13,0,69.67,-51.28,-45.5,1
VID_ (27),6,13,1,70.61,-52.04,-46.28,1
VID_ (27),6,13,2,71.95,-51.5,-46.11,1
VID_ (27),6,13,3,70.65,-54.55,-48.76,1
VID_ (27),6,13,4,70.69,-51.28,-45.73,1
VID_ (27),6,13,5,70.48,-48.17,-42.94,1
VID_ (27),6,13,6,73.37,-47.7,-42.85,1
VID_ (27),6,13,7,71.75,-44.38,-38.25,1
VID_ (27),7,0,0,,,,0
VID_ (27),7,0,1,-31.43,-5.72,5.44,1
VID_ (27),7,0,2,,,,0
VID_ (27),7,0,3,,,,0
VID_ (27),7,0,4,-7.2,-5.06,8.85,1
VID_ (27),7,0,5,-17.16,-9.36,6.62,1
VID_ (27),7,0,6,-1.8,-5.36,7.46,1
VID_ (27),7,0,7,3.15,-3.54,8.25,1
VID_ (27),7,1,0,-7.2,-5.06,8.85,1
VID_ (27),7,1,1,-17.16,-9.36,6.62,1
VID_ (27),7,1,2,-1.8,-5.36,7.46,1
VID_ (27),7,1,3,3.15,-3.54,8.25,1
VID_ (27),7,1,4,-1.09,-1.59,7.96,1
VID_ (27),7,1,5,,,,0
VID_ (27),7,1,6,,,,0
VID_ (27),7,1,7,-16.13,0.86,9.8,1
VID_ (27),7,2,0,-1.09,-1.59,7.96,1
VID_ (27),7,2,1,,,,0
VID_ (27),7,2,2,,,,0
VID_ (27),7,2,3,-16.13,0.86,9.8,1
VID_ (27),7,2,4,,,,0
VID_ (27),7,2,5,,,,0
VID_ (27),7,2,6,,,,0
VID_ (27),7,2,7,,,,0
VID_ (27),7,3,0,,,,0
VID_ (27),7,3,1,,,,0
VID_ (27),7,3,2,,,,0
VID_ (27),7,3,3,,,,0
VID_ (27),7,3,4,,,,0
VID_ (27),7,3,5,,,,0
VID_ (27),7,3,6,,,,0
VID_ (27),7,3,7,,,,0
VID_ (27),7,4,0,,,,0
VID_ (27),7,4,1,,,,0
VID_ (27),7,4,2,,,,0
VID_ (27),7,4,3,,,,0
VID_ (27),7,4,4,,,,0
VID_ (27),7,4,5,,,,0
VID_ (27),7,4,6,,,,0
VID_ (27),7,4,7,,,,0
VID_ (27),7,5,0,,,,0
VID_ (27),7,5,1,,,,0
VID_ (27),7,5,2,,,,0
VID_ (27),7,5,3,,,,0
VID_ (27),7,5,4,,,,0
VID_ (27),7,5,5,,,,0
VID_ (27),7,5,6,,,,0
VID_ (27),7,5,7,,,,0
VID_ (27),7,6,0,,,,0
VID_ (27),7,6,1,,,,0
VID_ (27),7,6,2,,,,0
VID_ (27),7,6,3,,,,0
VID_ (27),7,6,4,,,,0
VID_ (27),7,6,5,,,,0
VID_ (27),7,6,6,,,,0
VID_ (27),7,6,7,,,,0
VID_ (27),7,7,0,,,,0
VID_ (27),7,7,1,,,,0
VID_ (27),7,7,2,,,,0
VID_ (27),7,7,3,,,,0
VID_ (27),7,7,4,,,,0
VID_ (27),7,7,5,,,,0
VID_ (27),7,7,6,,,,0
VID_ (27),7,7,7,,,,0
VID_ (27),7,8,0,,,,0
VID_ (27),7,8,1,,,,0
VID_ (27),7,8,2,,,,0
VID_ (27),7,8,3,,,,0
VID_ (27),7,8,4,,,,0
VID_ (27),7,8,5,,,,0
VID_ (27),7,8,6,,,,0
VID_ (27),7,8,7,-19.0,-21.66,25.77,1
VID_ (27),7,9,0,,,,0
VID_ (27),7,9,1,,,,0
VID_ (27),7,9,2,,,,0
VID_ (27),7,9,3,-19.0,-21.66,25.77,1
VID_ (27),7,9,4,,,,0
VID_ (27),7,9,5,,,,0
VID_ (27),7,9,6,-12.32,-12.92,27.33,1
VID_ (27),7,9,7,,,,0
VID_ (27),7,10,0,,,,0
VID_ (27),7,10,1,,,,0
VID_ (27),7,10,2,-12.32,-12.92,27.33,1
VID_ (27),7,10,3,,,,0
VID_ (27),7,10,4,,,,0
VID_ (27),7,10,5,,,,0
VID_ (27),7,10,6,,,,0
VID_ (27),7,10,7,,,,0
VID_ (27),7,11,0,,,,0
VID_ (27),7,11,1,,,,0
VID_ (27),7,11,2,,,,0
VID_ (27),7,11,3,,,,0
VID_ (27),7,11,4,,,,0
VID_ (27),7,11,5,,,,0
VID_ (27),7,11,6,,,,0
VID_ (27),7,11,7,,,,0
VID_ (27),7,12,0,,,,0
VID_ (27),7,12,1,,,,0
VID_ (27),7,12,2,,,,0
VID_ (27),7,12,3,,,,0
VID_ (27),7,12,4,,,,0
VID_ (27),7,12,5,,,,0
VID_ (27),7,12,6,,,,0
VID_ (27),7,12,7,,,,0
VID_ (27),7,13,0,,,,0
VID_ (27),7,13,1,,,,0
VID_ (27),7,13,2,,,,0
VID_ (27),7,13,3,,,,0
VID_ (27),7,13,4,,,,0
VID_ (27),7,13,5,,,,0
VID_ (27),7,13,6,,,,0
VID_ (27),7,13,7,,,,0
VID_ (27),8,0,0,45.89,-31.31,-15.18,1
VID_ (27),8,0,1,69.84,-28.56,-15.6,1
VID_ (27),8,0,2,45.78,-33.45,-22.21,1
VID_ (27),8,0,3,44.89,-32.4,-23.44,1
VID_ (27),8,0,4,58.6,-44.89,-33.4,1
VID_ (27),8,0,5,43.98,-37.63,-26.51,1
VID_ (27),8,0,6,60.08,-35.54,-22.78,1
VID_ (27),8,0,7,60.33,-32.37,-21.98,1
VID_ (27),9,0,0,,,,0
VID_ (27),9,0,1,,,,0
VID_ (27),9,0,2,,,,0
VID_ (27),9,0,3,,,,0
VID_ (27),9,0,4,,,,0
VID_ (27),9,0,5,,,,0
VID_ (27),9,0,6,,,,0
VID_ (27),9,0,7,,,,0
VID_ (27),9,1,0,,,,0
VID_ (27),9,1,1,,,,0
VID_ (27),9,1,2,,,,0
VID_ (27),9,1,3,,,,0
VID_ (27),9,1,4,,,,0
VID_ (27),9,1,5,,,,0
VID_ (27),9,1,6,,,,0
VID_ (27),9,1,7,,,,0
VID_ (27),9,2,0,,,,0
VID_ (27),9,2,1,,,,0
VID_ (27),9,2,2,,,,0
VID_ (27),9,2,3,,,,0
VID_ (27),9,2,4,,,,0
VID_ (27),9,2,5,,,,0
VID_ (27),9,2,6,,,,0
VID_ (27),9,2,7,,,,0
VID_ (28),1,0,0,-17.65,-28.38,8.44,1
VID_ (28),1,0,1,-18.05,-28.79,7.33,1
VID_ (28),1,0,2,-19.58,-18.0,3.34,1
VID_ (28),1,0,3,-9.73,0.6,-1.92,1
VID_ (28),1,0,4,-13.8,1.53,-3.4,1
VID_ (28),1,0,5,-12.38,-0.13,-4.73,1
VID_ (28),1,0,6,4.13,-5.64,0.48,1
VID_ (28),1,0,7,-0.1,-9.06,-3.41,1
VID_ (28),1,1,0,-13.8,1.53,-3.4,1
VID_ (28),1,1,1,-12.38,-0.13,-4.73,1
VID_ (28),1,1,2,4.13,-5.64,0.48,1
VID_ (28),1,1,3,-0.1,-9.06,-3.41,1
VID_ (28),1,1,4,-6.48,-11.09,-1.13,1
VID_ (28),1,1,5,-27.37,-14.61,9.15,1
VID_ (28),1,1,6,-18.17,-17.59,8.12,1
VID_ (28),1,1,7,-20.26,-13.14,-1.17,1
VID_ (28),1,2,0,-6.48,-11.09,-1.13,1
VID_ (28),1,2,1,-27.37,-14.61,9.15,1
VID_ (28),1,2,2,-18.17,-17.59,8.12,1
VID_ (28),1,2,3,-20.26,-13.14,-1.17,1
VID_ (28),1,2,4,-47.89,-17.44,5.25,1
VID_ (28),1,2,5,-57.26,-15.47,2.55,1
VID_ (28),1,2,6,-52.14,-20.65,7.12,1
VID_ (28),1,2,7,-51.17,-19.69,4.85,1
VID_ (28),1,3,0,-47.89,-17.44,5.25,1
VID_ (28),1,3,1,-57.26,-15.47,2.55,1
VID_ (28),1,3,2,-52.14,-20.65,7.12,1
VID_ (28),1,3,3,-51.17,-19.69,4.85,1
VID_ (28),1,3,4,-46.18,-14.68,0.14,1
VID_ (28),1,3,5,-33.37,-14.36,-0.23,1
VID_ (28),1,3,6,-37.86,-22.93,8.99,1
VID_ (28),1,3,7,-40.36,-28.83,19.68,1
VID_ (28),1,4,0,-46.18,-14.68,0.14,1
VID_ (28),1,4,1,-33.37,-14.36,-0.23,1
VID_ (28),1,4,2,-37.86,-22.93,8.99,1
VID_ (28),1,4,3,-40.36,-28.83,19.68,1
VID_ (28),1,4,4,0.27,-12.49,-10.69,1
VID_ (28),1,4,5,-1.84,-13.16,-5.88,1
VID_ (28),1,4,6,-3.01,-13.92,7.95,1
VID_ (28),1,4,7,-3.44,-16.81,11.21,1
VID_ (28),1,5,0,0.27,-12.49,-10.69,1
VID_ (28),1,5,1,-1.84,-13.16,-5.88,1
VID_ (28),1,5,2,-3.01,-13.92,7.95,1
VID_ (28),1,5,3,-3.44,-16.81,11.21,1
VID_ (28),1,5,4,-0.98,-16.62,9.01,1
VID_ (28),1,5,5,-4.04,-16.01,10.99,1
VID_ (28),1,5,6,-5.34,-20.97,15.51,1
VID_ (28),1,5,7,-0.57,-11.47,7.13,1
VID_ (28),1,6,0,-0.98,-16.62,9.01,1
VID_ (28),1,6,1,-4.04,-16.01,10.99,1
VID_ (28),1,6,2,-5.34,-20.97,15.51,1
VID_ (28),1,6,3,-0.57,-11.47,7.13,1
VID_ (28),1,6,4,0.85,-9.76,3.32,1
VID_ (28),1,6,5,-0.28,-7.91,3.63,1
VID_ (28),1,6,6,0.94,-7.81,1.08,1
VID_ (28),1,6,7,-2.99,-10.29,2.39,1
VID_ (28),1,7,0,0.85,-9.76,3.32,1
VID_ (28),1,7,1,-0.28,-7.91,3.63,1
VID_ (28),1,7,2,0.94,-7.81,1.08,1
VID_ (28),1,7,3,-2.99,-10.29,2.39,1
VID_ (28),1,7,4,-4.39,-12.35,3.38,1
VID_ (28),1,7,5,-5.15,-17.04,0.18,1
VID_ (28),1,7,6,-8.79,-12.0,-2.72,1
VID_ (28),1,7,7,-6.26,-11.26,-0.74,1
VID_ (28),1,8,0,-4.39,-12.35,3.38,1
VID_ (28),1,8,1,-5.15,-17.04,0.18,1
VID_ (28),1,8,2,-8.79,-12.0,-2.72,1
VID_ (28),1,8,3,-6.26,-11.26,-0.74,1
VID_ (28),1,8,4,-8.8,-7.67,4.86,1
VID_ (28),1,8,5,-6.86,-8.86,5.05,1
VID_ (28),1,8,6,-6.8,-10.38,3.98,1
VID_ (28),1,8,7,-2.92,-12.88,4.11,1
VID_ (28),1,9,0,-8.8,-7.67,4.86,1
VID_ (28),1,9,1,-6.86,-8.86,5.05,1
VID_ (28),1,9,2,-6.8,-10.38,3.98,1
VID_ (28),1,9,3,-2.92,-12.88,4.11,1
VID_ (28),1,9,4,-4.33,-13.39,3.1,1
VID_ (28),1,9,5,-7.28,-19.85,2.79,1
VID_ (28),1,9,6,-4.22,-13.56,5.68,1
VID_ (28),1,9,7,-6.28,-17.64,6.4,1
VID_ (28),1,10,0,-4.33,-13.39,3.1,1
VID_ (28),1,10,1,-7.28,-19.85,2.79,1
VID_ (28),1,10,2,-4.22,-13.56,5.68,1
VID_ (28),1,10,3,-6.28,-17.64,6.4,1
VID_ (28),1,10,4,-5.37,-17.67,4.71,1
VID_ (28),1,10,5,-2.69,-17.25,4.45,1
VID_ (28),1,10,6,-1.69,-16.93,4.86,1
VID_ (28),1,10,7,-1.11,-15.94,4.82,1
VID_ (28),1,11,0,-5.37,-17.67,4.71,1
VID_ (28),1,11,1,-2.69,-17.25,4.45,1
VID_ (28),1,11,2,-1.69,-16.93,4.86,1
VID_ (28),1,11,3,-1.11,-15.94,4.82,1
VID_ (28),1,11,4,-2.03,-18.99,3.79,1
VID_ (28),1,11,5,-1.58,-18.27,4.95,1
VID_ (28),1,11,6,-2.1,-19.04,7.35,1
VID_ (28),1,11,7,-1.35,-17.68,8.21,1
VID_ (28),1,12,0,-2.03,-18.99,3.79,1
VID_ (28),1,12,1,-1.58,-18.27,4.95,1
VID_ (28),1,12,2,-2.1,-19.04,7.35,1
VID_ (28),1,12,3,-1.35,-17.68,8.21,1
VID_ (28),1,12,4,-1.59,-17.85,9.11,1
VID_ (28),1,12,5,-4.97,-19.79,12.69,1
VID_ (28),1,12,6,-3.39,-15.7,10.82,1
VID_ (28),1,12,7,-6.07,-13.55,9.44,1
VID_ (28),1,13,0,-1.59,-17.85,9.11,1
VID_ (28),1,13,1,-4.97,-19.79,12.69,1
VID_ (28),1,13,2,-3.39,-15.7,10.82,1
VID_ (28),1,13,3,-6.07,-13.55,9.44,1
VID_ (28),1,13,4,-3.93,-15.01,10.57,1
VID_ (28),1,13,5,-1.08,-12.75,12.09,1
VID_ (28),1,13,6,-5.26,-14.5,14.71,1
VID_ (28),1,13,7,-1.16,-15.44,12.99,1
VID_ (28),10,0,0,-18.88,-28.35,24.64,1
VID_ (28),10,0,1,-4.87,-24.68,24.9,1
VID_ (28),10,0,2,-22.98,-36.91,28.9,1
VID_ (28),10,0,3,-12.34,-28.51,18.27,1
VID_ (28),10,0,4,-15.09,-31.69,24.42,1
VID_ (28),10,0,5,-13.15,-33.7,24.96,1
VID_ (28),10,0,6,-18.45,-26.04,31.27,1
VID_ (28),10,0,7,-18.14,-37.8,27.34,1
VID_ (28),11,0,0,,,,0
VID_ (28),11,0,1,,,,0
VID_ (28),11,0,2,,,,0
VID_ (28),11,0,3,,,,0
VID_ (28),11,0,4,,,,0
VID_ (28),11,0,5,,,,0
VID_ (28),11,0,6,,,,0
VID_ (28),11,0,7,,,,0
VID_ (28),2,0,0,25.76,-23.97,-17.77,1
VID_ (28),2,0,1,22.02,-23.66,-16.22,1
VID_ (28),2,0,2,16.61,-20.33,-11.93,1
VID_ (28),2,0,3,19.96,-17.56,-9.51,1
VID_ (28),2,0,4,17.03,-16.8,-7.95,1
VID_ (28),2,0,5,16.52,-18.88,-7.76,1
VID_ (28),2,0,6,17.46,-17.22,-6.34,1
VID_ (28),2,0,7,18.27,-17.15,-6.93,1
VID_ (28),2,1,0,17.03,-16.8,-7.95,1
VID_ (28),2,1,1,16.52,-18.88,-7.76,1
VID_ (28),2,1,2,17.46,-17.22,-6.34,1
VID_ (28),2,1,3,18.27,-17.15,-6.93,1
VID_ (28),2,1,4,14.91,-16.42,-8.59,1
VID_ (28),2,1,5,15.54,-18.91,-16.3,1
VID_ (28),2,1,6,20.74,-21.83,-16.79,1
VID_ (28),2,1,7,75.1,-32.03,-34.71,1
VID_ (28),2,2,0,14.91,-16.42,-8.59,1
VID_ (28),2,2,1,15.54,-18.91,-16.3,1
VID_ (28),2,2,2,20.74,-21.83,-16.79,1
VID_ (28),2,2,3,75.1,-32.03,-34.71,1
VID_ (28),2,2,4,79.64,-29.81,-31.33,1
VID_ (28),2,2,5,77.19,-14.11,-18.81,1
VID_ (28),2,2,6,80.33,-31.98,-34.32,1
VID_ (28),2,2,7,81.16,-33.68,-36.63,1
VID_ (28),2,3,0,79.64,-29.81,-31.33,1
VID_ (28),2,3,1,77.19,-14.11,-18.81,1
VID_ (28),2,3,2,80.33,-31.98,-34.32,1
VID_ (28),2,3,3,81.16,-33.68,-36.63,1
VID_ (28),2,3,4,73.53,-10.93,-11.74,1
VID_ (28),2,3,5,,,,0
VID_ (28),2,3,6,,,,0
VID_ (28),2,3,7,83.73,-25.06,-16.06,1
VID_ (28),2,4,0,73.53,-10.93,-11.74,1
VID_ (28),2,4,1,,,,0
VID_ (28),2,4,2,,,,0
VID_ (28),2,4,3,83.73,-25.06,-16.06,1
VID_ (28),2,4,4,83.48,-0.68,5.86,1
VID_ (28),2,4,5,79.31,-8.81,0.03,1
VID_ (28),2,4,6,79.63,-24.72,-16.28,1
VID_ (28),2,4,7,78.06,-17.44,-13.67,1
VID_ (28),2,5,0,83.48,-0.68,5.86,1
VID_ (28),2,5,1,79.31,-8.81,0.03,1
VID_ (28),2,5,2,79.63,-24.72,-16.28,1
VID_ (28),2,5,3,78.06,-17.44,-13.67,1
VID_ (28),2,5,4,58.72,-39.15,-28.77,1
VID_ (28),2,5,5,33.86,-33.0,-24.78,1
VID_ (28),2,5,6,24.82,-29.02,-23.59,1
VID_ (28),2,5,7,24.83,-30.6,-24.52,1
VID_ (28),2,6,0,58.72,-39.15,-28.77,1
VID_ (28),2,6,1,33.86,-33.0,-24.78,1
VID_ (28),2,6,2,24.82,-29.02,-23.59,1
VID_ (28),2,6,3,24.83,-30.6,-24.52,1
VID_ (28),2,6,4,25.29,-27.01,-21.81,1
VID_ (28),2,6,5,26.82,-26.5,-22.43,1
VID_ (28),2,6,6,24.54,-26.92,-21.5,1
VID_ (28),2,6,7,22.52,-25.39,-20.63,1
VID_ (28),2,7,0,25.29,-27.01,-21.81,1
VID_ (28),2,7,1,26.82,-26.5,-22.43,1
VID_ (28),2,7,2,24.54,-26.92,-21.5,1
VID_ (28),2,7,3,22.52,-25.39,-20.63,1
VID_ (28),2,7,4,22.87,-25.76,-19.13,1
VID_ (28),2,7,5,23.24,-25.08,-19.04,1
VID_ (28),2,7,6,22.0,-22.73,-17.43,1
VID_ (28),2,7,7,21.11,-22.96,-18.12,1
VID_ (28),2,8,0,22.87,-25.76,-19.13,1
VID_ (28),2,8,1,23.24,-25.08,-19.04,1
VID_ (28),2,8,2,22.0,-22.73,-17.43,1
VID_ (28),2,8,3,21.11,-22.96,-18.12,1
VID_ (28),2,8,4,19.92,-21.52,-15.59,1
VID_ (28),2,8,5,18.59,-22.05,-15.42,1
VID_ (28),2,8,6,17.2,-21.4,-14.09,1
VID_ (28),2,8,7,19.68,-18.95,-14.78,1
VID_ (28),2,9,0,19.92,-21.52,-15.59,1
VID_ (28),2,9,1,18.59,-22.05,-15.42,1
VID_ (28),2,9,2,17.2,-21.4,-14.09,1
VID_ (28),2,9,3,19.68,-18.95,-14.78,1
VID_ (28),2,9,4,18.24,-19.87,-14.72,1
VID_ (28),2,9,5,18.48,-20.75,-14.76,1
VID_ (28),2,9,6,16.33,-22.2,-14.9,1
VID_ (28),2,9,7,19.81,-21.15,-13.94,1
VID_ (28),2,10,0,18.24,-19.87,-14.72,1
VID_ (28),2,10,1,18.48,-20.75,-14.76,1
VID_ (28),2,10,2,16.33,-22.2,-14.9,1
VID_ (28),2,10,3,19.81,-21.15,-13.94,1
VID_ (28),2,10,4,24.06,-23.02,-16.81,1
VID_ (28),2,10,5,22.23,-27.09,-17.95,1
VID_ (28),2,10,6,23.84,-27.63,-18.5,1
VID_ (28),2,10,7,21.37,-25.7,-17.51,1
VID_ (28),2,11,0,24.06,-23.02,-16.81,1
VID_ (28),2,11,1,22.23,-27.09,-17.95,1
VID_ (28),2,11,2,23.84,-27.63,-18.5,1
VID_ (28),2,11,3,21.37,-25.7,-17.51,1
VID_ (28),2,11,4,20.93,-23.9,-16.11,1
VID_ (28),2,11,5,22.79,-22.83,-14.97,1
VID_ (28),2,11,6,21.74,-21.42,-13.54,1
VID_ (28),2,11,7,22.92,-21.64,-13.25,1
VID_ (28),2,12,0,20.93,-23.9,-16.11,1
VID_ (28),2,12,1,22.79,-22.83,-14.97,1
VID_ (28),2,12,2,21.74,-21.42,-13.54,1
VID_ (28),2,12,3,22.92,-21.64,-13.25,1
VID_ (28),2,12,4,23.81,-22.86,-13.42,1
VID_ (28),2,12,5,23.33,-21.24,-13.15,1
VID_ (28),2,12,6,22.52,-22.86,-13.58,1
VID_ (28),2,12,7,21.09,-23.45,-13.53,1
VID_ (28),2,13,0,23.81,-22.86,-13.42,1
VID_ (28),2,13,1,23.33,-21.24,-13.15,1
VID_ (28),2,13,2,22.52,-22.86,-13.58,1
VID_ (28),2,13,3,21.09,-23.45,-13.53,1
VID_ (28),2,13,4,21.61,-22.43,-13.81,1
VID_ (28),2,13,5,19.0,-21.63,-12.72,1
VID_ (28),2,13,6,17.96,-20.58,-13.07,1
VID_ (28),2,13,7,21.61,-20.27,-13.16,1
VID_ (28),3,0,0,24.86,-14.69,4.49,1
VID_ (28),3,0,1,-8.57,-17.3,21.04,1
VID_ (28),3,0,2,,,,0
VID_ (28),3,0,3,,,,0
VID_ (28),3,0,4,,,,0
VID_ (28),3,0,5,,,,0
VID_ (28),3,0,6,,,,0
VID_ (28),3,0,7,,,,0
VID_ (28),3,1,0,,,,0
VID_ (28),3,1,1,,,,0
VID_ (28),3,1,2,,,,0
VID_ (28),3,1,3,,,,0
VID_ (28),3,1,4,,,,0
VID_ (28),3,1,5,,,,0
VID_ (28),3,1,6,,,,0
VID_ (28),3,1,7,,,,0
VID_ (28),3,2,0,,,,0
VID_ (28),3,2,1,,,,0
VID_ (28),3,2,2,,,,0
VID_ (28),3,2,3,,,,0
VID_ (28),3,2,4,,,,0
VID_ (28),3,2,5,,,,0
VID_ (28),3,2,6,,,,0
VID_ (28),3,2,7,,,,0
VID_ (28),3,3,0,,,,0
VID_ (28),3,3,1,,,,0
VID_ (28),3,3,2,,,,0
VID_ (28),3,3,3,,,,0
VID_ (28),3,3,4,,,,0
VID_ (28),3,3,5,,,,0
VID_ (28),3,3,6,,,,0
VID_ (28),3,3,7,,,,0
VID_ (28),3,4,0,,,,0
VID_ (28),3,4,1,,,,0
VID_ (28),3,4,2,,,,0
VID_ (28),3,4,3,,,,0
VID_ (28),3,4,4,,,,0
VID_ (28),3,4,5,,,,0
VID_ (28),3,4,6,,,,0
VID_ (28),3,4,7,,,,0
VID_ (28),3,5,0,,,,0
VID_ (28),3,5,1,,,,0
VID_ (28),3,5,2,,,,0
VID_ (28),3,5,3,,,,0
VID_ (28),3,5,4,,,,0
VID_ (28),3,5,5,,,,0
VID_ (28),3,5,6,,,,0
VID_ (28),3,5,7,,,,0
VID_ (28),3,6,0,,,,0
VID_ (28),3,6,1,,,,0
VID_ (28),3,6,2,,,,0
VID_ (28),3,6,3,,,,0
VID_ (28),3,6,4,,,,0
VID_ (28),3,6,5,,,,0
VID_ (28),3,6,6,,,,0
VID_ (28),3,6,7,,,,0
VID_ (28),3,7,0,,,,0
VID_ (28),3,7,1,,,,0
VID_ (28),3,7,2,,,,0
VID_ (28),3,7,3,,,,0
VID_ (28),3,7,4,,,,0
VID_ (28),3,7,5,,,,0
VID_ (28),3,7,6,,,,0
VID_ (28),3,7,7,,,,0
VID_ (28),3,8,0,,,,0
VID_ (28),3,8,1,,,,0
VID_ (28),3,8,2,,,,0
VID_ (28),3,8,3,,,,0
VID_ (28),3,8,4,,,,0
VID_ (28),3,8,5,,,,0
VID_ (28),3,8,6,,,,0
VID_ (28),3,8,7,,,,0
VID_ (28),3,9,0,,,,0
VID_ (28),3,9,1,,,,0
VID_ (28),3,9,2,,,,0
VID_ (28),3,9,3,,,,0
VID_ (28),3,9,4,,,,0
VID_ (28),3,9,5,,,,0
VID_ (28),3,9,6,,,,0
VID_ (28),3,9,7,,,,0
VID_ (28),3,10,0,,,,0
VID_ (28),3,10,1,,,,0
VID_ (28),3,10,2,,,,0
VID_ (28),3,10,3,,,,0
VID_ (28),3,10,4,,,,0
VID_ (28),3,10,5,,,,0
VID_ (28),3,10,6,,,,0
VID_ (28),3,10,7,,,,0
VID_ (28),3,11,0,,,,0
VID_ (28),3,11,1,,,,0
VID_ (28),3,11,2,,,,0
VID_ (28),3,11,3,,,,0
VID_ (28),3,11,4,,,,0
VID_ (28),3,11,5,,,,0
VID_ (28),3,11,6,-11.38,-13.97,7.17,1
VID_ (28),3,11,7,-20.89,-13.79,9.19,1
VID_ (28),3,12,0,,,,0
VID_ (28),3,12,1,,,,0
VID_ (28),3,12,2,-11.38,-13.97,7.17,1
VID_ (28),3,12,3,-20.89,-13.79,9.19,1
VID_ (28),3,12,4,-12.93,-12.99,9.39,1
VID_ (28),3,12,5,,,,0
VID_ (28),3,12,6,,,,0
VID_ (28),3,12,7,,,,0
VID_ (28),3,13,0,-12.93,-12.99,9.39,1
VID_ (28),3,13,1,,,,0
VID_ (28),3,13,2,,,,0
VID_ (28),3,13,3,,,,0
VID_ (28),3,13,4,,,,0
VID_ (28),3,13,5,,,,0
VID_ (28),3,13,6,,,,0
VID_ (28),3,13,7,,,,0
VID_ (28),4,0,0,,,,0
VID_ (28),4,0,1,,,,0
VID_ (28),4,0,2,,,,0
VID_ (28),4,0,3,,,,0
VID_ (28),4,0,4,,,,0
VID_ (28),4,0,5,,,,0
VID_ (28),4,0,6,,,,0
VID_ (28),4,0,7,,,,0
VID_ (28),4,1,0,,,,0
VID_ (28),4,1,1,,,,0
VID_ (28),4,1,2,,,,0
VID_ (28),4,1,3,,,,0
VID_ (28),4,1,4,,,,0
VID_ (28),4,1,5,,,,0
VID_ (28),4,1,6,,,,0
VID_ (28),4,1,7,,,,0
VID_ (28),4,2,0,,,,0
VID_ (28),4,2,1,,,,0
VID_ (28),4,2,2,,,,0
VID_ (28),4,2,3,,,,0
VID_ (28),4,2,4,,,,0
VID_ (28),4,2,5,,,,0
VID_ (28),4,2,6,,,,0
VID_ (28),4,2,7,,,,0
VID_ (28),4,3,0,,,,0
VID_ (28),4,3,1,,,,0
VID_ (28),4,3,2,,,,0
VID_ (28),4,3,3,,,,0
VID_ (28),4,3,4,,,,0
VID_ (28),4,3,5,,,,0
VID_ (28),4,3,6,,,,0
VID_ (28),4,3,7,,,,0
VID_ (28),4,4,0,,,,0
VID_ (28),4,4,1,,,,0
VID_ (28),4,4,2,,,,0
VID_ (28),4,4,3,,,,0
VID_ (28),4,4,4,,,,0
VID_ (28),4,4,5,,,,0
VID_ (28),4,4,6,,,,0
VID_ (28),4,4,7,,,,0
VID_ (28),4,5,0,,,,0
VID_ (28),4,5,1,,,,0
VID_ (28),4,5,2,,,,0
VID_ (28),4,5,3,,,,0
VID_ (28),4,5,4,,,,0
VID_ (28),4,5,5,,,,0
VID_ (28),4,5,6,,,,0
VID_ (28),4,5,7,,,,0
VID_ (28),4,6,0,,,,0
VID_ (28),4,6,1,,,,0
VID_ (28),4,6,2,,,,0
VID_ (28),4,6,3,,,,0
VID_ (28),4,6,4,,,,0
VID_ (28),4,6,5,,,,0
VID_ (28),4,6,6,,,,0
VID_ (28),4,6,7,,,,0
VID_ (28),4,7,0,,,,0
VID_ (28),4,7,1,,,,0
VID_ (28),4,7,2,,,,0
VID_ (28),4,7,3,,,,0
VID_ (28),4,7,4,,,,0
VID_ (28),4,7,5,,,,0
VID_ (28),4,7,6,,,,0
VID_ (28),4,7,7,,,,0
VID_ (28),4,8,0,,,,0
VID_ (28),4,8,1,,,,0
VID_ (28),4,8,2,,,,0
VID_ (28),4,8,3,,,,0
VID_ (28),4,8,4,,,,0
VID_ (28),4,8,5,,,,0
VID_ (28),4,8,6,,,,0
VID_ (28),4,8,7,,,,0
VID_ (28),4,9,0,,,,0
VID_ (28),4,9,1,,,,0
VID_ (28),4,9,2,,,,0
VID_ (28),4,9,3,,,,0
VID_ (28),4,9,4,,,,0
VID_ (28),4,9,5,,,,0
VID_ (28),4,9,6,,,,0
VID_ (28),4,9,7,,,,0
VID_ (28),4,10,0,,,,0
VID_ (28),4,10,1,,,,0
VID_ (28),4,10,2,,,,0
VID_ (28),4,10,3,,,,0
VID_ (28),4,10,4,,,,0
VID_ (28),4,10,5,,,,0
VID_ (28),4,10,6,,,,0
VID_ (28),4,10,7,,,,0
VID_ (28),4,11,0,,,,0
VID_ (28),4,11,1,,,,0
VID_ (28),4,11,2,,,,0
VID_ (28),4,11,3,,,,0
VID_ (28),4,11,4,,,,0
VID_ (28),4,11,5,,,,0
VID_ (28),4,11,6,,,,0
VID_ (28),4,11,7,,,,0
VID_ (28),4,12,0,,,,0
VID_ (28),4,12,1,,,,0
VID_ (28),4,12,2,,,,0
VID_ (28),4,12,3,,,,0
VID_ (28),4,12,4,,,,0
VID_ (28),4,12,5,,,,0
VID_ (28),4,12,6,,,,0
VID_ (28),4,12,7,,,,0
VID_ (28),4,13,0,,,,0
VID_ (28),4,13,1,,,,0
VID_ (28),4,13,2,,,,0
VID_ (28),4,13,3,,,,0
VID_ (28),4,13,4,,,,0
VID_ (28),4,13,5,,,,0
VID_ (28),4,13,6,,,,0
VID_ (28),4,13,7,,,,0
VID_ (28),5,0,0,,,,0
VID_ (28),5,0,1,,,,0
VID_ (28),5,0,2,,,,0
VID_ (28),5,0,3,,,,0
VID_ (28),5,0,4,,,,0
VID_ (28),5,0,5,,,,0
VID_ (28),5,0,6,,,,0
VID_ (28),5,0,7,,,,0
VID_ (28),5,1,0,,,,0
VID_ (28),5,1,1,,,,0
VID_ (28),5,1,2,,,,0
VID_ (28),5,1,3,,,,0
VID_ (28),5,1,4,,,,0
VID_ (28),5,1,5,,,,0
VID_ (28),5,1,6,,,,0
VID_ (28),5,1,7,,,,0
VID_ (28),5,2,0,,,,0
VID_ (28),5,2,1,,,,0
VID_ (28),5,2,2,,,,0
VID_ (28),5,2,3,,,,0
VID_ (28),5,2,4,,,,0
VID_ (28),5,2,5,,,,0
VID_ (28),5,2,6,,,,0
VID_ (28),5,2,7,,,,0
VID_ (28),5,3,0,,,,0
VID_ (28),5,3,1,,,,0
VID_ (28),5,3,2,,,,0
VID_ (28),5,3,3,,,,0
VID_ (28),5,3,4,,,,0
VID_ (28),5,3,5,,,,0
VID_ (28),5,3,6,,,,0
VID_ (28),5,3,7,,,,0
VID_ (28),5,4,0,,,,0
VID_ (28),5,4,1,,,,0
VID_ (28),5,4,2,,,,0
VID_ (28),5,4,3,,,,0
VID_ (28),5,4,4,,,,0
VID_ (28),5,4,5,,,,0
VID_ (28),5,4,6,,,,0
VID_ (28),5,4,7,,,,0
VID_ (28),5,5,0,,,,0
VID_ (28),5,5,1,,,,0
VID_ (28),5,5,2,,,,0
VID_ (28),5,5,3,,,,0
VID_ (28),5,5,4,,,,0
VID_ (28),5,5,5,,,,0
VID_ (28),5,5,6,,,,0
VID_ (28),5,5,7,,,,0
VID_ (28),5,6,0,,,,0
VID_ (28),5,6,1,,,,0
VID_ (28),5,6,2,,,,0
VID_ (28),5,6,3,,,,0
VID_ (28),5,6,4,,,,0
VID_ (28),5,6,5,,,,0
VID_ (28),5,6,6,,,,0
VID_ (28),5,6,7,,,,0
VID_ (28),5,7,0,,,,0
VID_ (28),5,7,1,,,,0
VID_ (28),5,7,2,,,,0
VID_ (28),5,7,3,,,,0
VID_ (28),5,7,4,,,,0
VID_ (28),5,7,5,,,,0
VID_ (28),5,7,6,,,,0
VID_ (28),5,7,7,,,,0
VID_ (28),5,8,0,,,,0
VID_ (28),5,8,1,,,,0
VID_ (28),5,8,2,,,,0
VID_ (28),5,8,3,,,,0
VID_ (28),5,8,4,,,,0
VID_ (28),5,8,5,,,,0
VID_ (28),5,8,6,,,,0
VID_ (28),5,8,7,,,,0
VID_ (28),6,0,0,-6.84,-19.42,20.88,1
VID_ (28),6,0,1,,,,0
VID_ (28),6,0,2,-14.24,-19.04,18.89,1
VID_ (28),6,0,3,-15.97,-22.3,19.29,1
VID_ (28),6,0,4,-17.73,-32.47,25.07,1
VID_ (28),6,0,5,-21.43,-27.57,26.56,1
VID_ (28),6,0,6,-17.8,-29.35,24.18,1
VID_ (28),6,0,7,-20.69,-25.44,21.07,1
VID_ (28),6,1,0,-17.73,-32.47,25.07,1
VID_ (28),6,1,1,-21.43,-27.57,26.56,1
VID_ (28),6,1,2,-17.8,-29.35,24.18,1
VID_ (28),6,1,3,-20.69,-25.44,21.07,1
VID_ (28),6,1,4,-23.55,-27.22,23.64,1
VID_ (28),6,1,5,-21.64,-25.14,21.94,1
VID_ (28),6,1,6,-25.8,-25.33,22.22,1
VID_ (28),6,1,7,-26.61,-24.98,21.85,1
VID_ (28),6,2,0,-23.55,-27.22,23.64,1
VID_ (28),6,2,1,-21.64,-25.14,21.94,1
VID_ (28),6,2,2,-25.8,-25.33,22.22,1
VID_ (28),6,2,3,-26.61,-24.98,21.85,1
VID_ (28),6,2,4,-19.66,-24.39,24.84,1
VID_ (28),6,2,5,-24.88,-23.27,23.28,1
VID_ (28),6,2,6,-16.76,-26.75,24.7,1
VID_ (28),6,2,7,-19.43,-26.5,26.18,1
VID_ (28),6,3,0,-19.66,-24.39,24.84,1
VID_ (28),6,3,1,-24.88,-23.27,23.28,1
VID_ (28),6,3,2,-16.76,-26.75,24.7,1
VID_ (28),6,3,3,-19.43,-26.5,26.18,1
VID_ (28),6,3,4,-17.25,-21.41,15.22,1
VID_ (28),6,3,5,-17.6,-23.66,19.87,1
VID_ (28),6,3,6,-15.77,-25.21,21.74,1
VID_ (28),6,3,7,-18.88,-25.51,24.39,1
VID_ (28),6,4,0,-17.25,-21.41,15.22,1
VID_ (28),6,4,1,-17.6,-23.66,19.87,1
VID_ (28),6,4,2,-15.77,-25.21,21.74,1
VID_ (28),6,4,3,-18.88,-25.51,24.39,1
VID_ (28),6,4,4,-17.96,-24.88,22.41,1
VID_ (28),6,4,5,-20.97,-26.64,22.29,1
VID_ (28),6,4,6,-18.92,-30.25,22.47,1
VID_ (28),6,4,7,-17.92,-27.5,21.36,1
VID_ (28),6,5,0,-17.96,-24.88,22.41,1
VID_ (28),6,5,1,-20.97,-26.64,22.29,1
VID_ (28),6,5,2,-18.92,-30.25,22.47,1
VID_ (28),6,5,3,-17.92,-27.5,21.36,1
VID_ (28),6,5,4,-19.11,-28.67,22.26,1
VID_ (28),6,5,5,-18.04,-28.95,20.1,1
VID_ (28),6,5,6,-16.83,-26.46,19.54,1
VID_ (28),6,5,7,-18.14,-28.66,22.98,1
VID_ (28),6,6,0,-19.11,-28.67,22.26,1
VID_ (28),6,6,1,-18.04,-28.95,20.1,1
VID_ (28),6,6,2,-16.83,-26.46,19.54,1
VID_ (28),6,6,3,-18.14,-28.66,22.98,1
VID_ (28),6,6,4,-18.44,-28.25,23.14,1
VID_ (28),6,6,5,-23.23,-34.55,29.19,1
VID_ (28),6,6,6,-14.01,-37.59,32.6,1
VID_ (28),6,6,7,,,,0
VID_ (28),6,7,0,-18.44,-28.25,23.14,1
VID_ (28),6,7,1,-23.23,-34.55,29.19,1
VID_ (28),6,7,2,-14.01,-37.59,32.6,1
VID_ (28),6,7,3,,,,0
VID_ (28),6,7,4,-17.25,-34.65,27.07,1
VID_ (28),6,7,5,-18.59,-29.54,23.85,1
VID_ (28),6,7,6,-17.38,-32.69,26.2,1
VID_ (28),6,7,7,-19.78,-31.17,28.32,1
VID_ (28),6,8,0,-17.25,-34.65,27.07,1
VID_ (28),6,8,1,-18.59,-29.54,23.85,1
VID_ (28),6,8,2,-17.38,-32.69,26.2,1
VID_ (28),6,8,3,-19.78,-31.17,28.32,1
VID_ (28),6,8,4,-18.54,-21.8,32.64,1
VID_ (28),6,8,5,,,,0
VID_ (28),6,8,6,,,,0
VID_ (28),6,8,7,-23.31,-24.29,19.9,1
VID_ (28),6,9,0,-18.54,-21.8,32.64,1
VID_ (28),6,9,1,,,,0
VID_ (28),6,9,2,,,,0
VID_ (28),6,9,3,-23.31,-24.29,19.9,1
VID_ (28),6,9,4,-24.21,-27.68,25.18,1
VID_ (28),6,9,5,-25.25,-33.11,29.05,1
VID_ (28),6,9,6,-24.02,-33.36,27.67,1
VID_ (28),6,9,7,-15.44,-33.35,36.15,1
VID_ (28),6,10,0,-24.21,-27.68,25.18,1
VID_ (28),6,10,1,-25.25,-33.11,29.05,1
VID_ (28),6,10,2,-24.02,-33.36,27.67,1
VID_ (28),6,10,3,-15.44,-33.35,36.15,1
VID_ (28),6,10,4,-18.68,-27.56,35.95,1
VID_ (28),6,10,5,-12.54,-35.05,39.46,1
VID_ (28),6,10,6,-26.2,-32.83,28.83,1
VID_ (28),6,10,7,-9.81,-22.76,38.72,1
VID_ (28),6,11,0,-18.68,-27.56,35.95,1
VID_ (28),6,11,1,-12.54,-35.05,39.46,1
VID_ (28),6,11,2,-26.2,-32.83,28.83,1
VID_ (28),6,11,3,-9.81,-22.76,38.72,1
VID_ (28),6,11,4,,,,0
VID_ (28),6,11,5,-12.4,-29.87,32.04,1
VID_ (28),6,11,6,-12.18,-42.73,46.96,1
VID_ (28),6,11,7,-7.35,-43.84,38.07,1
VID_ (28),6,12,0,,,,0
VID_ (28),6,12,1,-12.4,-29.87,32.04,1
VID_ (28),6,12,2,-12.18,-42.73,46.96,1
VID_ (28),6,12,3,-7.35,-43.84,38.07,1
VID_ (28),6,12,4,,,,0
VID_ (28),6,12,5,,,,0
VID_ (28),6,12,6,,,,0
VID_ (28),6,12,7,,,,0
VID_ (28),6,13,0,,,,0
VID_ (28),6,13,1,,,,0
VID_ (28),6,13,2,,,,0
VID_ (28),6,13,3,,,,0
VID_ (28),6,13,4,,,,0
VID_ (28),6,13,5,,,,0
VID_ (28),6,13,6,,,,0
VID_ (28),6,13,7,,,,0
VID_ (28),7,0,0,,,,0
VID_ (28),7,0,1,,,,0
VID_ (28),7,0,2,,,,0
VID_ (28),7,0,3,,,,0
VID_ (28),7,0,4,,,,0
VID_ (28),7,0,5,,,,0
VID_ (28),7,0,6,,,,0
VID_ (28),7,0,7,,,,0
VID_ (28),8,0,0,,,,0
VID_ (28),8,0,1,80.55,-24.37,-12.75,1
VID_ (28),8,0,2,80.4,-13.35,-5.71,1
VID_ (28),8,0,3,74.56,-18.31,-6.43,1
VID_ (28),8,0,4,68.97,-31.17,-24.71,1
VID_ (28),8,0,5,42.4,-32.55,-27.18,1
VID_ (28),8,0,6,35.28,-31.5,-26.7,1
VID_ (28),8,0,7,31.29,-32.94,-25.93,1
VID_ (28),8,1,0,68.97,-31.17,-24.71,1
VID_ (28),8,1,1,42.4,-32.55,-27.18,1
VID_ (28),8,1,2,35.28,-31.5,-26.7,1
VID_ (28),8,1,3,31.29,-32.94,-25.93,1
VID_ (28),8,1,4,33.03,-27.81,-23.61,1
VID_ (28),8,1,5,33.51,-26.82,-23.35,1
VID_ (28),8,1,6,31.14,-27.74,-23.26,1
VID_ (28),8,1,7,33.46,-24.65,-21.59,1
VID_ (28),9,0,0,,,,0
VID_ (28),9,0,1,,,,0
VID_ (28),9,0,2,,,,0
VID_ (28),9,0,3,,,,0
VID_ (28),9,0,4,,,,0
VID_ (28),9,0,5,,,,0
VID_ (28),9,0,6,,,,0
VID_ (28),9,0,7,,,,0
VID_ (29),1,0,0,-74.59,7.65,-9.08,1
VID_ (29),1,0,1,14.0,-13.37,2.7,1
VID_ (29),1,0,2,15.14,-11.16,1.32,1
VID_ (29),1,0,3,-47.58,5.59,-5.37,1
VID_ (29),1,0,4,-47.37,2.7,-5.39,1
VID_ (29),1,0,5,-49.04,-1.67,-15.7,1
VID_ (29),1,0,6,-36.36,1.51,-19.44,1
VID_ (29),1,0,7,-53.18,-1.72,-19.37,1
VID_ (29),1,1,0,-47.37,2.7,-5.39,1
VID_ (29),1,1,1,-49.04,-1.67,-15.7,1
VID_ (29),1,1,2,-36.36,1.51,-19.44,1
VID_ (29),1,1,3,-53.18,-1.72,-19.37,1
VID_ (29),1,1,4,-49.66,-4.05,-11.22,1
VID_ (29),1,1,5,-60.89,-2.33,-18.05,1
VID_ (29),1,1,6,-48.78,-2.7,-14.33,1
VID_ (29),1,1,7,-59.3,13.77,1.41,1
VID_ (29),1,2,0,-49.66,-4.05,-11.22,1
VID_ (29),1,2,1,-60.89,-2.33,-18.05,1
VID_ (29),1,2,2,-48.78,-2.7,-14.33,1
VID_ (29),1,2,3,-59.3,13.77,1.41,1
VID_ (29),1,2,4,-67.25,13.08,1.41,1
VID_ (29),1,2,5,-59.98,19.56,-7.0,1
VID_ (29),1,2,6,-69.6,13.46,0.62,1
VID_ (29),1,2,7,-47.86,8.08,-3.09,1
VID_ (29),1,3,0,-67.25,13.08,1.41,1
VID_ (29),1,3,1,-59.98,19.56,-7.0,1
VID_ (29),1,3,2,-69.6,13.46,0.62,1
VID_ (29),1,3,3,-47.86,8.08,-3.09,1
VID_ (29),1,3,4,-64.85,14.45,-5.4,1
VID_ (29),1,3,5,-45.72,10.63,-8.36,1
VID_ (29),1,3,6,-48.11,4.39,-9.0,1
VID_ (29),1,3,7,-49.12,5.71,-6.95,1
VID_ (29),1,4,0,-64.85,14.45,-5.4,1
VID_ (29),1,4,1,-45.72,10.63,-8.36,1
VID_ (29),1,4,2,-48.11,4.39,-9.0,1
VID_ (29),1,4,3,-49.12,5.71,-6.95,1
VID_ (29),1,4,4,-42.66,1.48,-12.09,1
VID_ (29),1,4,5,-55.69,-0.33,-4.74,1
VID_ (29),1,4,6,-49.22,1.35,-8.78,1
VID_ (29),1,4,7,-44.38,-1.54,-9.24,1
VID_ (29),1,5,0,-42.66,1.48,-12.09,1
VID_ (29),1,5,1,-55.69,-0.33,-4.74,1
VID_ (29),1,5,2,-49.22,1.35,-8.78,1
VID_ (29),1,5,3,-44.38,-1.54,-9.24,1
VID_ (29),1,5,4,-63.81,-5.98,-2.32,1
VID_ (29),1,5,5,-59.53,-3.74,-7.64,1
VID_ (29),1,5,6,-72.25,5.98,-23.8,1
VID_ (29),1,5,7,-73.24,-5.07,-13.77,1
VID_ (29),1,6,0,-63.81,-5.98,-2.32,1
VID_ (29),1,6,1,-59.53,-3.74,-7.64,1
VID_ (29),1,6,2,-72.25,5.98,-23.8,1
VID_ (29),1,6,3,-73.24,-5.07,-13.77,1
VID_ (29),1,6,4,-68.84,-6.51,-11.56,1
VID_ (29),1,6,5,-29.9,-2.67,-15.65,1
VID_ (29),1,6,6,16.46,-9.39,-2.72,1
VID_ (29),1,6,7,-66.51,9.78,-9.31,1
VID_ (29),1,7,0,-68.84,-6.51,-11.56,1
VID_ (29),1,7,1,-29.9,-2.67,-15.65,1
VID_ (29),1,7,2,16.46,-9.39,-2.72,1
VID_ (29),1,7,3,-66.51,9.78,-9.31,1
VID_ (29),1,7,4,-28.34,-11.42,-15.59,1
VID_ (29),1,7,5,-8.05,-13.12,-9.63,1
VID_ (29),1,7,6,-25.02,-11.94,-8.3,1
VID_ (29),1,7,7,21.96,-10.78,-6.78,1
VID_ (29),1,8,0,-28.34,-11.42,-15.59,1
VID_ (29),1,8,1,-8.05,-13.12,-9.63,1
VID_ (29),1,8,2,-25.02,-11.94,-8.3,1
VID_ (29),1,8,3,21.96,-10.78,-6.78,1
VID_ (29),1,8,4,44.27,-4.56,-3.68,1
VID_ (29),1,8,5,-19.92,-6.51,-10.39,1
VID_ (29),1,8,6,-17.44,-7.24,-10.1,1
VID_ (29),1,8,7,-24.29,-5.35,-12.99,1
VID_ (29),1,9,0,44.27,-4.56,-3.68,1
VID_ (29),1,9,1,-19.92,-6.51,-10.39,1
VID_ (29),1,9,2,-17.44,-7.24,-10.1,1
VID_ (29),1,9,3,-24.29,-5.35,-12.99,1
VID_ (29),1,9,4,-19.0,-5.45,-12.74,1
VID_ (29),1,9,5,9.46,10.39,-4.28,1
VID_ (29),1,9,6,-25.83,-2.86,-14.43,1
VID_ (29),1,9,7,-38.68,-0.47,-27.27,1
VID_ (29),1,10,0,-19.0,-5.45,-12.74,1
VID_ (29),1,10,1,9.46,10.39,-4.28,1
VID_ (29),1,10,2,-25.83,-2.86,-14.43,1
VID_ (29),1,10,3,-38.68,-0.47,-27.27,1
VID_ (29),1,10,4,-36.72,-0.61,-24.88,1
VID_ (29),1,10,5,-19.1,-8.08,-11.49,1
VID_ (29),1,10,6,-30.63,-3.75,-11.16,1
VID_ (29),1,10,7,-17.41,-9.76,-10.73,1
VID_ (29),1,11,0,-36.72,-0.61,-24.88,1
VID_ (29),1,11,1,-19.1,-8.08,-11.49,1
VID_ (29),1,11,2,-30.63,-3.75,-11.16,1
VID_ (29),1,11,3,-17.41,-9.76,-10.73,1
VID_ (29),1,11,4,-23.52,-4.88,-11.36,1
VID_ (29),1,11,5,-23.88,-4.39,-12.38,1
VID_ (29),1,11,6,-21.61,-4.89,-11.76,1
VID_ (29),1,11,7,-20.91,-7.28,-11.36,1
VID_ (29),1,12,0,-23.52,-4.88,-11.36,1
VID_ (29),1,12,1,-23.88,-4.39,-12.38,1
VID_ (29),1,12,2,-21.61,-4.89,-11.76,1
VID_ (29),1,12,3,-20.91,-7.28,-11.36,1
VID_ (29),1,12,4,-14.23,-7.59,-9.96,1
VID_ (29),1,12,5,-46.7,2.08,-16.88,1
VID_ (29),1,12,6,-10.97,-9.29,-10.42,1
VID_ (29),1,12,7,3.35,2.49,-6.19,1
VID_ (29),1,13,0,-14.23,-7.59,-9.96,1
VID_ (29),1,13,1,-46.7,2.08,-16.88,1
VID_ (29),1,13,2,-10.97,-9.29,-10.42,1
VID_ (29),1,13,3,3.35,2.49,-6.19,1
VID_ (29),1,13,4,-15.83,-8.14,-8.15,1
VID_ (29),1,13,5,-17.51,-5.29,-7.3,1
VID_ (29),1,13,6,-58.28,4.86,-13.84,1
VID_ (29),1,13,7,-60.69,9.65,-11.39,1
VID_ (29),1,14,0,-15.83,-8.14,-8.15,1
VID_ (29),1,14,1,-17.51,-5.29,-7.3,1
VID_ (29),1,14,2,-58.28,4.86,-13.84,1
VID_ (29),1,14,3,-60.69,9.65,-11.39,1
VID_ (29),1,14,4,-50.56,6.28,-13.68,1
VID_ (29),1,14,5,-52.98,4.3,-13.2,1
VID_ (29),1,14,6,8.51,-15.96,-6.5,1
VID_ (29),1,14,7,-7.08,-20.46,2.91,1
VID_ (29),1,15,0,-50.56,6.28,-13.68,1
VID_ (29),1,15,1,-52.98,4.3,-13.2,1
VID_ (29),1,15,2,8.51,-15.96,-6.5,1
VID_ (29),1,15,3,-7.08,-20.46,2.91,1
VID_ (29),1,15,4,-59.96,9.59,-10.44,1
VID_ (29),1,15,5,-65.49,3.69,-19.76,1
VID_ (29),1,15,6,-5.73,-21.62,6.08,1
VID_ (29),1,15,7,-54.94,0.11,-9.41,1
VID_ (29),10,0,0,,,,0
VID_ (29),10,0,1,,,,0
VID_ (29),10,0,2,,,,0
VID_ (29),10,0,3,,,,0
VID_ (29),10,0,4,,,,0
VID_ (29),10,0,5,,,,0
VID_ (29),10,0,6,,,,0
VID_ (29),10,0,7,,,,0
VID_ (29),10,1,0,,,,0
VID_ (29),10,1,1,,,,0
VID_ (29),10,1,2,,,,0
VID_ (29),10,1,3,,,,0
VID_ (29),10,1,4,,,,0
VID_ (29),10,1,5,,,,0
VID_ (29),10,1,6,,,,0
VID_ (29),10,1,7,,,,0
VID_ (29),2,0,0,14.12,-11.81,3.4,1
VID_ (29),2,0,1,13.67,-10.9,2.49,1
VID_ (29),2,0,2,15.33,-12.02,1.98,1
VID_ (29),2,0,3,12.89,-12.36,1.35,1
VID_ (29),2,0,4,14.72,-11.27,3.43,1
VID_ (29),2,0,5,14.3,-12.61,1.89,1
VID_ (29),2,0,6,16.35,-11.0,1.29,1
VID_ (29),2,0,7,16.57,-12.58,1.59,1
VID_ (29),2,1,0,14.72,-11.27,3.43,1
VID_ (29),2,1,1,14.3,-12.61,1.89,1
VID_ (29),2,1,2,16.35,-11.0,1.29,1
VID_ (29),2,1,3,16.57,-12.58,1.59,1
VID_ (29),2,1,4,14.59,-12.22,2.16,1
VID_ (29),2,1,5,14.81,-11.49,1.23,1
VID_ (29),2,1,6,16.56,-11.44,3.63,1
VID_ (29),2,1,7,15.1,-10.7,3.87,1
VID_ (29),2,2,0,14.59,-12.22,2.16,1
VID_ (29),2,2,1,14.81,-11.49,1.23,1
VID_ (29),2,2,2,16.56,-11.44,3.63,1
VID_ (29),2,2,3,15.1,-10.7,3.87,1
VID_ (29),2,2,4,15.22,-11.85,3.55,1
VID_ (29),2,2,5,16.17,-12.17,2.98,1
VID_ (29),2,2,6,13.3,-10.49,8.49,1
VID_ (29),2,2,7,16.52,-13.6,0.95,1
VID_ (29),2,3,0,15.22,-11.85,3.55,1
VID_ (29),2,3,1,16.17,-12.17,2.98,1
VID_ (29),2,3,2,13.3,-10.49,8.49,1
VID_ (29),2,3,3,16.52,-13.6,0.95,1
VID_ (29),2,3,4,17.31,-12.59,-2.44,1
VID_ (29),2,3,5,15.12,-11.98,2.76,1
VID_ (29),2,3,6,7.18,-14.14,1.14,1
VID_ (29),2,3,7,10.01,-14.59,-2.55,1
VID_ (29),2,4,0,17.31,-12.59,-2.44,1
VID_ (29),2,4,1,15.12,-11.98,2.76,1
VID_ (29),2,4,2,7.18,-14.14,1.14,1
VID_ (29),2,4,3,10.01,-14.59,-2.55,1
VID_ (29),2,4,4,15.42,-13.95,-4.4,1
VID_ (29),2,4,5,15.22,-14.83,-7.92,1
VID_ (29),2,4,6,12.2,-15.91,-12.24,1
VID_ (29),2,4,7,15.73,-18.62,-12.99,1
VID_ (29),2,5,0,15.42,-13.95,-4.4,1
VID_ (29),2,5,1,15.22,-14.83,-7.92,1
VID_ (29),2,5,2,12.2,-15.91,-12.24,1
VID_ (29),2,5,3,15.73,-18.62,-12.99,1
VID_ (29),2,5,4,14.75,-16.49,-12.49,1
VID_ (29),2,5,5,10.35,-16.96,-13.05,1
VID_ (29),2,5,6,15.66,-17.35,-14.58,1
VID_ (29),2,5,7,12.03,-16.81,-14.21,1
VID_ (29),2,6,0,14.75,-16.49,-12.49,1
VID_ (29),2,6,1,10.35,-16.96,-13.05,1
VID_ (29),2,6,2,15.66,-17.35,-14.58,1
VID_ (29),2,6,3,12.03,-16.81,-14.21,1
VID_ (29),2,6,4,12.18,-15.7,-14.57,1
VID_ (29),2,6,5,9.31,-16.4,-15.82,1
VID_ (29),2,6,6,14.12,-16.63,-15.51,1
VID_ (29),2,6,7,14.18,-20.47,-16.26,1
VID_ (29),2,7,0,12.18,-15.7,-14.57,1
VID_ (29),2,7,1,9.31,-16.4,-15.82,1
VID_ (29),2,7,2,14.12,-16.63,-15.51,1
VID_ (29),2,7,3,14.18,-20.47,-16.26,1
VID_ (29),2,7,4,13.03,166.76,-176.1,1
VID_ (29),2,7,5,32.41,175.72,-173.8,1
VID_ (29),2,7,6,11.98,-17.95,-14.89,1
VID_ (29),2,7,7,80.3,-11.05,-7.55,1
VID_ (29),2,8,0,13.03,166.76,-176.1,1
VID_ (29),2,8,1,32.41,175.72,-173.8,1
VID_ (29),2,8,2,11.98,-17.95,-14.89,1
VID_ (29),2,8,3,80.3,-11.05,-7.55,1
VID_ (29),2,8,4,13.09,-17.81,-14.99,1
VID_ (29),2,8,5,8.91,-16.2,-13.33,1
VID_ (29),2,8,6,10.0,-18.21,-13.64,1
VID_ (29),2,8,7,6.42,-17.72,-13.42,1
VID_ (29),2,9,0,13.09,-17.81,-14.99,1
VID_ (29),2,9,1,8.91,-16.2,-13.33,1
VID_ (29),2,9,2,10.0,-18.21,-13.64,1
VID_ (29),2,9,3,6.42,-17.72,-13.42,1
VID_ (29),2,9,4,11.0,-17.05,-13.85,1
VID_ (29),2,9,5,10.36,-15.83,-13.55,1
VID_ (29),2,9,6,8.1,-17.0,-12.81,1
VID_ (29),2,9,7,12.82,-16.99,-13.18,1
VID_ (29),2,10,0,11.0,-17.05,-13.85,1
VID_ (29),2,10,1,10.36,-15.83,-13.55,1
VID_ (29),2,10,2,8.1,-17.0,-12.81,1
VID_ (29),2,10,3,12.82,-16.99,-13.18,1
VID_ (29),2,10,4,8.91,-16.23,-12.55,1
VID_ (29),2,10,5,22.9,-16.99,-14.68,1
VID_ (29),2,10,6,16.5,-14.66,-10.91,1
VID_ (29),2,10,7,0.71,177.44,177.09,1
VID_ (29),2,11,0,8.91,-16.23,-12.55,1
VID_ (29),2,11,1,22.9,-16.99,-14.68,1
VID_ (29),2,11,2,16.5,-14.66,-10.91,1
VID_ (29),2,11,3,0.71,177.44,177.09,1
VID_ (29),2,11,4,-22.55,7.55,7.19,1
VID_ (29),2,11,5,17.51,-18.3,-14.35,1
VID_ (29),2,11,6,15.99,-18.07,-13.78,1
VID_ (29),2,11,7,12.52,-16.74,-12.4,1
VID_ (29),2,12,0,-22.55,7.55,7.19,1
VID_ (29),2,12,1,17.51,-18.3,-14.35,1
VID_ (29),2,12,2,15.99,-18.07,-13.78,1
VID_ (29),2,12,3,12.52,-16.74,-12.4,1
VID_ (29),2,12,4,16.64,-18.3,-12.13,1
VID_ (29),2,12,5,18.76,-18.9,-14.13,1
VID_ (29),2,12,6,14.07,-17.02,-11.26,1
VID_ (29),2,12,7,15.91,-15.38,-12.35,1
VID_ (29),2,13,0,16.64,-18.3,-12.13,1
VID_ (29),2,13,1,18.76,-18.9,-14.13,1
VID_ (29),2,13,2,14.07,-17.02,-11.26,1
VID_ (29),2,13,3,15.91,-15.38,-12.35,1
VID_ (29),2,13,4,10.51,-17.38,-10.39,1
VID_ (29),2,13,5,15.78,-16.62,-9.21,1
VID_ (29),2,13,6,21.15,-19.0,-13.09,1
VID_ (29),2,13,7,17.19,-16.27,-7.08,1
VID_ (29),2,14,0,10.51,-17.38,-10.39,1
VID_ (29),2,14,1,15.78,-16.62,-9.21,1
VID_ (29),2,14,2,21.15,-19.0,-13.09,1
VID_ (29),2,14,3,17.19,-16.27,-7.08,1
VID_ (29),2,14,4,16.66,-11.96,-5.94,1
VID_ (29),2,14,5,14.16,-13.68,-4.52,1
VID_ (29),2,14,6,19.39,-15.15,-7.75,1
VID_ (29),2,14,7,2.84,-12.7,2.97,1
VID_ (29),2,15,0,16.66,-11.96,-5.94,1
VID_ (29),2,15,1,14.16,-13.68,-4.52,1
VID_ (29),2,15,2,19.39,-15.15,-7.75,1
VID_ (29),2,15,3,2.84,-12.7,2.97,1
VID_ (29),2,15,4,14.88,-11.41,1.07,1
VID_ (29),2,15,5,12.7,-15.81,-2.86,1
VID_ (29),2,15,6,4.74,-14.32,5.21,1
VID_ (29),2,15,7,15.81,-13.67,-3.78,1
VID_ (29),3,0,0,,,,0
VID_ (29),3,0,1,,,,0
VID_ (29),3,0,2,,,,0
VID_ (29),3,0,3,,,,0
VID_ (29),3,0,4,,,,0
VID_ (29),3,0,5,,,,0
VID_ (29),3,0,6,,,,0
VID_ (29),3,0,7,,,,0
VID_ (29),3,1,0,,,,0
VID_ (29),3,1,1,,,,0
VID_ (29),3,1,2,,,,0
VID_ (29),3,1,3,,,,0
VID_ (29),3,1,4,,,,0
VID_ (29),3,1,5,,,,0
VID_ (29),3,1,6,,,,0
VID_ (29),3,1,7,,,,0
VID_ (29),3,2,0,,,,0
VID_ (29),3,2,1,,,,0
VID_ (29),3,2,2,,,,0
VID_ (29),3,2,3,,,,0
VID_ (29),3,2,4,,,,0
VID_ (29),3,2,5,,,,0
VID_ (29),3,2,6,,,,0
VID_ (29),3,2,7,,,,0
VID_ (29),3,3,0,,,,0
VID_ (29),3,3,1,,,,0
VID_ (29),3,3,2,,,,0
VID_ (29),3,3,3,,,,0
VID_ (29),3,3,4,,,,0
VID_ (29),3,3,5,,,,0
VID_ (29),3,3,6,,,,0
VID_ (29),3,3,7,,,,0
VID_ (29),3,4,0,,,,0
VID_ (29),3,4,1,,,,0
VID_ (29),3,4,2,,,,0
VID_ (29),3,4,3,,,,0
VID_ (29),3,4,4,,,,0
VID_ (29),3,4,5,,,,0
VID_ (29),3,4,6,,,,0
VID_ (29),3,4,7,,,,0
VID_ (29),3,5,0,,,,0
VID_ (29),3,5,1,,,,0
VID_ (29),3,5,2,,,,0
VID_ (29),3,5,3,,,,0
VID_ (29),3,5,4,,,,0
VID_ (29),3,5,5,,,,0
VID_ (29),3,5,6,-29.46,0.45,-9.68,1
VID_ (29),3,5,7,,,,0
VID_ (29),3,6,0,,,,0
VID_ (29),3,6,1,,,,0
VID_ (29),3,6,2,-29.46,0.45,-9.68,1
VID_ (29),3,6,3,,,,0
VID_ (29),3,6,4,,,,0
VID_ (29),3,6,5,,,,0
VID_ (29),3,6,6,,,,0
VID_ (29),3,6,7,,,,0
VID_ (29),3,7,0,,,,0
VID_ (29),3,7,1,,,,0
VID_ (29),3,7,2,,,,0
VID_ (29),3,7,3,,,,0
VID_ (29),3,7,4,,,,0
VID_ (29),3,7,5,,,,0
VID_ (29),3,7,6,,,,0
VID_ (29),3,7,7,,,,0
VID_ (29),3,8,0,,,,0
VID_ (29),3,8,1,,,,0
VID_ (29),3,8,2,,,,0
VID_ (29),3,8,3,,,,0
VID_ (29),3,8,4,,,,0
VID_ (29),3,8,5,,,,0
VID_ (29),3,8,6,,,,0
VID_ (29),3,8,7,,,,0
VID_ (29),3,9,0,,,,0
VID_ (29),3,9,1,,,,0
VID_ (29),3,9,2,,,,0
VID_ (29),3,9,3,,,,0
VID_ (29),3,9,4,,,,0
VID_ (29),3,9,5,,,,0
VID_ (29),3,9,6,-36.31,-10.72,-15.25,1
VID_ (29),3,9,7,,,,0
VID_ (29),3,10,0,,,,0
VID_ (29),3,10,1,,,,0
VID_ (29),3,10,2,-36.31,-10.72,-15.25,1
VID_ (29),3,10,3,,,,0
VID_ (29),3,10,4,,,,0
VID_ (29),3,10,5,,,,0
VID_ (29),3,10,6,,,,0
VID_ (29),3,10,7,,,,0
VID_ (29),3,11,0,,,,0
VID_ (29),3,11,1,,,,0
VID_ (29),3,11,2,,,,0
VID_ (29),3,11,3,,,,0
VID_ (29),3,11,4,,,,0
VID_ (29),3,11,5,,,,0
VID_ (29),3,11,6,-39.69,6.67,-27.39,1
VID_ (29),3,11,7,,,,0
VID_ (29),3,12,0,,,,0
VID_ (29),3,12,1,,,,0
VID_ (29),3,12,2,-39.69,6.67,-27.39,1
VID_ (29),3,12,3,,,,0
VID_ (29),3,12,4,-38.04,4.35,-28.21,1
VID_ (29),3,12,5,,,,0
VID_ (29),3,12,6,,,,0
VID_ (29),3,12,7,-41.83,5.79,-24.68,1
VID_ (29),3,13,0,-38.04,4.35,-28.21,1
VID_ (29),3,13,1,,,,0
VID_ (29),3,13,2,,,,0
VID_ (29),3,13,3,-41.83,5.79,-24.68,1
VID_ (29),3,13,4,,,,0
VID_ (29),3,13,5,,,,0
VID_ (29),3,13,6,,,,0
VID_ (29),3,13,7,,,,0
VID_ (29),3,14,0,,,,0
VID_ (29),3,14,1,,,,0
VID_ (29),3,14,2,,,,0
VID_ (29),3,14,3,,,,0
VID_ (29),3,14,4,,,,0
VID_ (29),3,14,5,8.07,17.27,10.27,1
VID_ (29),3,14,6,19.46,20.03,5.22,1
VID_ (29),3,14,7,,,,0
VID_ (29),3,15,0,,,,0
VID_ (29),3,15,1,8.07,17.27,10.27,1
VID_ (29),3,15,2,19.46,20.03,5.22,1
VID_ (29),3,15,3,,,,0
VID_ (29),3,15,4,,,,0
VID_ (29),3,15,5,,,,0
VID_ (29),3,15,6,,,,0
VID_ (29),3,15,7,,,,0
VID_ (29),4,0,0,35.24,-17.85,-0.41,1
VID_ (29),4,0,1,34.17,-13.87,-0.83,1
VID_ (29),4,0,2,37.86,-6.13,-1.78,1
VID_ (29),4,0,3,30.97,-1.37,-15.51,1
VID_ (29),4,0,4,,,,0
VID_ (29),4,0,5,-24.35,1.72,-9.1,1
VID_ (29),4,0,6,-12.97,-3.08,-3.3,1
VID_ (29),4,0,7,-1.29,-5.15,-3.07,1
VID_ (29),4,1,0,,,,0
VID_ (29),4,1,1,-24.35,1.72,-9.1,1
VID_ (29),4,1,2,-12.97,-3.08,-3.3,1
VID_ (29),4,1,3,-1.29,-5.15,-3.07,1
VID_ (29),4,1,4,9.71,-7.49,5.57,1
VID_ (29),4,1,5,14.89,-6.18,4.15,1
VID_ (29),4,1,6,16.03,-6.58,0.6,1
VID_ (29),4,1,7,9.36,-4.39,-1.67,1
VID_ (29),4,2,0,9.71,-7.49,5.57,1
VID_ (29),4,2,1,14.89,-6.18,4.15,1
VID_ (29),4,2,2,16.03,-6.58,0.6,1
VID_ (29),4,2,3,9.36,-4.39,-1.67,1
VID_ (29),4,2,4,16.02,-7.0,-1.15,1
VID_ (29),4,2,5,19.13,-9.79,-1.65,1
VID_ (29),4,2,6,18.65,-12.03,-1.9,1
VID_ (29),4,2,7,27.88,-12.37,-4.42,1
VID_ (29),4,3,0,16.02,-7.0,-1.15,1
VID_ (29),4,3,1,19.13,-9.79,-1.65,1
VID_ (29),4,3,2,18.65,-12.03,-1.9,1
VID_ (29),4,3,3,27.88,-12.37,-4.42,1
VID_ (29),4,3,4,31.36,-11.87,-4.2,1
VID_ (29),4,3,5,36.84,-15.43,-2.51,1
VID_ (29),4,3,6,40.05,-13.51,-3.97,1
VID_ (29),4,3,7,37.55,-13.15,-4.91,1
VID_ (29),4,4,0,31.36,-11.87,-4.2,1
VID_ (29),4,4,1,36.84,-15.43,-2.51,1
VID_ (29),4,4,2,40.05,-13.51,-3.97,1
VID_ (29),4,4,3,37.55,-13.15,-4.91,1
VID_ (29),4,4,4,36.65,-16.7,-7.11,1
VID_ (29),4,4,5,36.71,-18.13,-6.49,1
VID_ (29),4,4,6,37.91,-15.74,-5.61,1
VID_ (29),4,4,7,35.5,-14.04,-4.12,1
VID_ (29),4,5,0,36.65,-16.7,-7.11,1
VID_ (29),4,5,1,36.71,-18.13,-6.49,1
VID_ (29),4,5,2,37.91,-15.74,-5.61,1
VID_ (29),4,5,3,35.5,-14.04,-4.12,1
VID_ (29),4,5,4,34.0,-12.57,-3.6,1
VID_ (29),4,5,5,33.63,-11.81,-4.1,1
VID_ (29),4,5,6,39.47,-13.04,-2.41,1
VID_ (29),4,5,7,45.19,-13.84,-2.87,1
VID_ (29),4,6,0,34.0,-12.57,-3.6,1
VID_ (29),4,6,1,33.63,-11.81,-4.1,1
VID_ (29),4,6,2,39.47,-13.04,-2.41,1
VID_ (29),4,6,3,45.19,-13.84,-2.87,1
VID_ (29),4,6,4,45.52,-3.65,5.79,1
VID_ (29),4,6,5,41.43,-6.41,8.06,1
VID_ (29),4,6,6,35.28,-6.36,10.59,1
VID_ (29),4,6,7,37.39,-9.45,8.8,1
VID_ (29),4,7,0,45.52,-3.65,5.79,1
VID_ (29),4,7,1,41.43,-6.41,8.06,1
VID_ (29),4,7,2,35.28,-6.36,10.59,1
VID_ (29),4,7,3,37.39,-9.45,8.8,1
VID_ (29),4,7,4,39.44,-12.73,6.99,1
VID_ (29),4,7,5,37.86,-9.16,9.89,1
VID_ (29),4,7,6,38.67,-10.19,9.7,1
VID_ (29),4,7,7,39.34,-9.22,11.02,1
VID_ (29),4,8,0,39.44,-12.73,6.99,1
VID_ (29),4,8,1,37.86,-9.16,9.89,1
VID_ (29),4,8,2,38.67,-10.19,9.7,1
VID_ (29),4,8,3,39.34,-9.22,11.02,1
VID_ (29),4,8,4,41.19,-10.51,10.21,1
VID_ (29),4,8,5,40.03,-11.83,9.68,1
VID_ (29),4,8,6,36.89,-10.28,9.85,1
VID_ (29),4,8,7,37.9,-10.38,6.19,1
VID_ (29),4,9,0,41.19,-10.51,10.21,1
VID_ (29),4,9,1,40.03,-11.83,9.68,1
VID_ (29),4,9,2,36.89,-10.28,9.85,1
VID_ (29),4,9,3,37.9,-10.38,6.19,1
VID_ (29),4,9,4,35.05,-8.92,2.67,1
VID_ (29),4,9,5,32.09,-11.39,2.92,1
VID_ (29),4,9,6,32.46,-15.9,3.95,1
VID_ (29),4,9,7,33.99,-15.13,4.04,1
VID_ (29),4,10,0,35.05,-8.92,2.67,1
VID_ (29),4,10,1,32.09,-11.39,2.92,1
VID_ (29),4,10,2,32.46,-15.9,3.95,1
VID_ (29),4,10,3,33.99,-15.13,4.04,1
VID_ (29),4,10,4,35.11,-16.06,4.05,1
VID_ (29),4,10,5,34.8,-18.24,2.02,1
VID_ (29),4,10,6,36.68,-19.25,3.19,1
VID_ (29),4,10,7,36.66,-19.61,4.0,1
VID_ (29),4,11,0,35.11,-16.06,4.05,1
VID_ (29),4,11,1,34.8,-18.24,2.02,1
VID_ (29),4,11,2,36.68,-19.25,3.19,1
VID_ (29),4,11,3,36.66,-19.61,4.0,1
VID_ (29),4,11,4,36.7,-16.0,5.61,1
VID_ (29),4,11,5,35.39,-15.69,3.86,1
VID_ (29),4,11,6,37.47,-20.19,3.06,1
VID_ (29),4,11,7,37.44,-20.69,2.66,1
VID_ (29),4,12,0,36.7,-16.0,5.61,1
VID_ (29),4,12,1,35.39,-15.69,3.86,1
VID_ (29),4,12,2,37.47,-20.19,3.06,1
VID_ (29),4,12,3,37.44,-20.69,2.66,1
VID_ (29),4,12,4,35.18,-21.86,0.94,1
VID_ (29),4,12,5,38.04,-24.36,-0.34,1
VID_ (29),4,12,6,41.48,-23.53,1.0,1
VID_ (29),4,12,7,38.7,-18.86,1.21,1
VID_ (29),4,13,0,35.18,-21.86,0.94,1
VID_ (29),4,13,1,38.04,-24.36,-0.34,1
VID_ (29),4,13,2,41.48,-23.53,1.0,1
VID_ (29),4,13,3,38.7,-18.86,1.21,1
VID_ (29),4,13,4,40.36,-17.69,5.71,1
VID_ (29),4,13,5,39.85,-21.83,2.5,1
VID_ (29),4,13,6,39.44,-19.28,4.11,1
VID_ (29),4,13,7,39.59,-21.71,3.24,1
VID_ (29),4,14,0,40.36,-17.69,5.71,1
VID_ (29),4,14,1,39.85,-21.83,2.5,1
VID_ (29),4,14,2,39.44,-19.28,4.11,1
VID_ (29),4,14,3,39.59,-21.71,3.24,1
VID_ (29),4,14,4,39.15,-19.37,5.11,1
VID_ (29),4,14,5,38.01,-27.94,1.54,1
VID_ (29),4,14,6,44.85,-17.7,8.91,1
VID_ (29),4,14,7,41.3,-8.6,13.66,1
VID_ (29),4,15,0,39.15,-19.37,5.11,1
VID_ (29),4,15,1,38.01,-27.94,1.54,1
VID_ (29),4,15,2,44.85,-17.7,8.91,1
VID_ (29),4,15,3,41.3,-8.6,13.66,1
VID_ (29),4,15,4,50.25,-21.1,3.74,1
VID_ (29),4,15,5,41.44,-11.8,9.76,1
VID_ (29),4,15,6,41.13,-9.68,10.43,1
VID_ (29),4,15,7,,,,0
VID_ (29),5,0,0,,,,0
VID_ (29),5,0,1,,,,0
VID_ (29),5,0,2,,,,0
VID_ (29),5,0,3,,,,0
VID_ (29),5,0,4,,,,0
VID_ (29),5,0,5,,,,0
VID_ (29),5,0,6,,,,0
VID_ (29),5,0,7,,,,0
VID_ (29),5,1,0,,,,0
VID_ (29),5,1,1,,,,0
VID_ (29),5,1,2,,,,0
VID_ (29),5,1,3,,,,0
VID_ (29),5,1,4,,,,0
VID_ (29),5,1,5,,,,0
VID_ (29),5,1,6,,,,0
VID_ (29),5,1,7,,,,0
VID_ (29),5,2,0,,,,0
VID_ (29),5,2,1,,,,0
VID_ (29),5,2,2,,,,0
VID_ (29),5,2,3,,,,0
VID_ (29),5,2,4,,,,0
VID_ (29),5,2,5,,,,0
VID_ (29),5,2,6,,,,0
VID_ (29),5,2,7,,,,0
VID_ (29),6,0,0,,,,0
VID_ (29),6,0,1,,,,0
VID_ (29),6,0,2,,,,0
VID_ (29),6,0,3,,,,0
VID_ (29),6,0,4,,,,0
VID_ (29),6,0,5,,,,0
VID_ (29),6,0,6,,,,0
VID_ (29),6,0,7,,,,0
VID_ (29),6,1,0,,,,0
VID_ (29),6,1,1,,,,0
VID_ (29),6,1,2,,,,0
VID_ (29),6,1,3,,,,0
VID_ (29),6,1,4,,,,0
VID_ (29),6,1,5,,,,0
VID_ (29),6,1,6,,,,0
VID_ (29),6,1,7,,,,0
VID_ (29),7,0,0,,,,0
VID_ (29),7,0,1,,,,0
VID_ (29),7,0,2,,,,0
VID_ (29),7,0,3,,,,0
VID_ (29),7,0,4,,,,0
VID_ (29),7,0,5,,,,0
VID_ (29),7,0,6,,,,0
VID_ (29),7,0,7,,,,0
VID_ (29),7,1,0,,,,0
VID_ (29),7,1,1,,,,0
VID_ (29),7,1,2,,,,0
VID_ (29),7,1,3,,,,0
VID_ (29),7,1,4,,,,0
VID_ (29),7,1,5,,,,0
VID_ (29),7,1,6,,,,0
VID_ (29),7,1,7,,,,0
VID_ (29),7,2,0,,,,0
VID_ (29),7,2,1,,,,0
VID_ (29),7,2,2,,,,0
VID_ (29),7,2,3,,,,0
VID_ (29),7,2,4,,,,0
VID_ (29),7,2,5,,,,0
VID_ (29),7,2,6,,,,0
VID_ (29),7,2,7,,,,0
VID_ (29),7,3,0,,,,0
VID_ (29),7,3,1,,,,0
VID_ (29),7,3,2,,,,0
VID_ (29),7,3,3,,,,0
VID_ (29),7,3,4,,,,0
VID_ (29),7,3,5,,,,0
VID_ (29),7,3,6,,,,0
VID_ (29),7,3,7,,,,0
VID_ (29),8,0,0,,,,0
VID_ (29),8,0,1,,,,0
VID_ (29),8,0,2,,,,0
VID_ (29),8,0,3,,,,0
VID_ (29),8,0,4,,,,0
VID_ (29),8,0,5,,,,0
VID_ (29),8,0,6,,,,0
VID_ (29),8,0,7,,,,0
VID_ (29),9,0,0,,,,0
VID_ (29),9,0,1,,,,0
VID_ (29),9,0,2,,,,0
VID_ (29),9,0,3,,,,0
VID_ (29),9,0,4,,,,0
VID_ (29),9,0,5,,,,0
VID_ (29),9,0,6,,,,0
VID_ (29),9,0,7,,,,0
VID_ (3),1,0,0,54.34,-25.6,-11.63,1
VID_ (3),1,0,1,63.53,-33.9,-25.35,1
VID_ (3),1,0,2,57.98,3.91,3.52,1
VID_ (3),1,0,3,74.84,-16.27,-10.91,1
VID_ (3),1,0,4,81.11,-27.53,-28.53,1
VID_ (3),1,0,5,81.75,-34.21,-35.26,1
VID_ (3),1,0,6,72.1,-20.31,-19.77,1
VID_ (3),1,0,7,74.33,-32.73,-29.79,1
VID_ (3),1,1,0,81.11,-27.53,-28.53,1
VID_ (3),1,1,1,81.75,-34.21,-35.26,1
VID_ (3),1,1,2,72.1,-20.31,-19.77,1
VID_ (3),1,1,3,74.33,-32.73,-29.79,1
VID_ (3),1,1,4,75.96,-28.54,-26.27,1
VID_ (3),1,1,5,74.2,-21.76,-19.68,1
VID_ (3),1,1,6,75.35,-33.78,-27.39,1
VID_ (3),1,1,7,78.51,-26.37,-23.17,1
VID_ (3),1,2,0,75.96,-28.54,-26.27,1
VID_ (3),1,2,1,74.2,-21.76,-19.68,1
VID_ (3),1,2,2,75.35,-33.78,-27.39,1
VID_ (3),1,2,3,78.51,-26.37,-23.17,1
VID_ (3),1,2,4,55.13,-19.6,-7.13,1
VID_ (3),1,2,5,,,,0
VID_ (3),1,2,6,58.15,31.66,40.7,1
VID_ (3),1,2,7,68.05,36.95,46.66,1
VID_ (3),1,3,0,55.13,-19.6,-7.13,1
VID_ (3),1,3,1,,,,0
VID_ (3),1,3,2,58.15,31.66,40.7,1
VID_ (3),1,3,3,68.05,36.95,46.66,1
VID_ (3),1,3,4,61.37,35.74,45.54,1
VID_ (3),1,3,5,68.7,41.13,57.89,1
VID_ (3),1,3,6,,,,0
VID_ (3),1,3,7,,,,0
VID_ (3),1,4,0,61.37,35.74,45.54,1
VID_ (3),1,4,1,68.7,41.13,57.89,1
VID_ (3),1,4,2,,,,0
VID_ (3),1,4,3,,,,0
VID_ (3),1,4,4,,,,0
VID_ (3),1,4,5,,,,0
VID_ (3),1,4,6,,,,0
VID_ (3),1,4,7,,,,0
VID_ (3),1,5,0,,,,0
VID_ (3),1,5,1,,,,0
VID_ (3),1,5,2,,,,0
VID_ (3),1,5,3,,,,0
VID_ (3),1,5,4,,,,0
VID_ (3),1,5,5,64.03,40.03,46.94,1
VID_ (3),1,5,6,64.97,-7.42,-2.19,1
VID_ (3),1,5,7,74.75,-12.81,-7.64,1
VID_ (3),1,6,0,,,,0
VID_ (3),1,6,1,64.03,40.03,46.94,1
VID_ (3),1,6,2,64.97,-7.42,-2.19,1
VID_ (3),1,6,3,74.75,-12.81,-7.64,1
VID_ (3),1,6,4,68.35,16.93,28.96,1
VID_ (3),1,6,5,70.45,-24.61,-24.25,1
VID_ (3),1,6,6,74.23,31.97,28.77,1
VID_ (3),1,6,7,,,,0
VID_ (3),1,7,0,68.35,16.93,28.96,1
VID_ (3),1,7,1,70.45,-24.61,-24.25,1
VID_ (3),1,7,2,74.23,31.97,28.77,1
VID_ (3),1,7,3,,,,0
VID_ (3),1,7,4,,,,0
VID_ (3),1,7,5,,,,0
VID_ (3),1,7,6,,,,0
VID_ (3),1,7,7,,,,0
VID_ (3),1,8,0,,,,0
VID_ (3),1,8,1,,,,0
VID_ (3),1,8,2,,,,0
VID_ (3),1,8,3,,,,0
VID_ (3),1,8,4,,,,0
VID_ (3),1,8,5,,,,0
VID_ (3),1,8,6,,,,0
VID_ (3),1,8,7,,,,0
VID_ (3),1,9,0,,,,0
VID_ (3),1,9,1,,,,0
VID_ (3),1,9,2,,,,0
VID_ (3),1,9,3,,,,0
VID_ (3),1,9,4,,,,0
VID_ (3),1,9,5,,,,0
VID_ (3),1,9,6,62.37,29.99,32.08,1
VID_ (3),1,9,7,65.57,11.76,12.53,1
VID_ (3),1,10,0,,,,0
VID_ (3),1,10,1,,,,0
VID_ (3),1,10,2,62.37,29.99,32.08,1
VID_ (3),1,10,3,65.57,11.76,12.53,1
VID_ (3),1,10,4,,,,0
VID_ (3),1,10,5,57.17,2.63,8.9,1
VID_ (3),1,10,6,64.9,39.1,41.85,1
VID_ (3),1,10,7,,,,0
VID_ (3),1,11,0,,,,0
VID_ (3),1,11,1,57.17,2.63,8.9,1
VID_ (3),1,11,2,64.9,39.1,41.85,1
VID_ (3),1,11,3,,,,0
VID_ (3),1,11,4,,,,0
VID_ (3),1,11,5,,,,0
VID_ (3),1,11,6,,,,0
VID_ (3),1,11,7,,,,0
VID_ (3),1,12,0,,,,0
VID_ (3),1,12,1,,,,0
VID_ (3),1,12,2,,,,0
VID_ (3),1,12,3,,,,0
VID_ (3),1,12,4,62.91,2.82,6.73,1
VID_ (3),1,12,5,55.63,1.43,4.43,1
VID_ (3),1,12,6,42.28,-14.13,-11.43,1
VID_ (3),1,12,7,37.78,-15.8,-10.25,1
VID_ (3),1,13,0,62.91,2.82,6.73,1
VID_ (3),1,13,1,55.63,1.43,4.43,1
VID_ (3),1,13,2,42.28,-14.13,-11.43,1
VID_ (3),1,13,3,37.78,-15.8,-10.25,1
VID_ (3),1,13,4,,,,0
VID_ (3),1,13,5,,,,0
VID_ (3),1,13,6,76.97,44.99,60.61,1
VID_ (3),1,13,7,,,,0
VID_ (3),10,0,0,,,,0
VID_ (3),10,0,1,,,,0
VID_ (3),10,0,2,,,,0
VID_ (3),10,0,3,,,,0
VID_ (3),10,0,4,,,,0
VID_ (3),10,0,5,,,,0
VID_ (3),10,0,6,,,,0
VID_ (3),10,0,7,,,,0
VID_ (3),10,1,0,,,,0
VID_ (3),10,1,1,,,,0
VID_ (3),10,1,2,,,,0
VID_ (3),10,1,3,,,,0
VID_ (3),10,1,4,,,,0
VID_ (3),10,1,5,,,,0
VID_ (3),10,1,6,,,,0
VID_ (3),10,1,7,,,,0
VID_ (3),10,2,0,,,,0
VID_ (3),10,2,1,,,,0
VID_ (3),10,2,2,,,,0
VID_ (3),10,2,3,,,,0
VID_ (3),10,2,4,,,,0
VID_ (3),10,2,5,,,,0
VID_ (3),10,2,6,,,,0
VID_ (3),10,2,7,,,,0
VID_ (3),10,3,0,,,,0
VID_ (3),10,3,1,,,,0
VID_ (3),10,3,2,,,,0
VID_ (3),10,3,3,,,,0
VID_ (3),10,3,4,,,,0
VID_ (3),10,3,5,,,,0
VID_ (3),10,3,6,,,,0
VID_ (3),10,3,7,,,,0
VID_ (3),10,4,0,,,,0
VID_ (3),10,4,1,,,,0
VID_ (3),10,4,2,,,,0
VID_ (3),10,4,3,,,,0
VID_ (3),10,4,4,,,,0
VID_ (3),10,4,5,,,,0
VID_ (3),10,4,6,,,,0
VID_ (3),10,4,7,,,,0
VID_ (3),10,5,0,,,,0
VID_ (3),10,5,1,,,,0
VID_ (3),10,5,2,,,,0
VID_ (3),10,5,3,,,,0
VID_ (3),10,5,4,,,,0
VID_ (3),10,5,5,,,,0
VID_ (3),10,5,6,,,,0
VID_ (3),10,5,7,,,,0
VID_ (3),10,6,0,,,,0
VID_ (3),10,6,1,,,,0
VID_ (3),10,6,2,,,,0
VID_ (3),10,6,3,,,,0
VID_ (3),10,6,4,,,,0
VID_ (3),10,6,5,,,,0
VID_ (3),10,6,6,,,,0
VID_ (3),10,6,7,,,,0
VID_ (3),11,0,0,,,,0
VID_ (3),11,0,1,,,,0
VID_ (3),11,0,2,,,,0
VID_ (3),11,0,3,,,,0
VID_ (3),11,0,4,,,,0
VID_ (3),11,0,5,,,,0
VID_ (3),11,0,6,,,,0
VID_ (3),11,0,7,,,,0
VID_ (3),12,0,0,,,,0
VID_ (3),12,0,1,,,,0
VID_ (3),12,0,2,,,,0
VID_ (3),12,0,3,,,,0
VID_ (3),12,0,4,,,,0
VID_ (3),12,0,5,,,,0
VID_ (3),12,0,6,,,,0
VID_ (3),12,0,7,,,,0
VID_ (3),12,1,0,,,,0
VID_ (3),12,1,1,,,,0
VID_ (3),12,1,2,,,,0
VID_ (3),12,1,3,,,,0
VID_ (3),12,1,4,,,,0
VID_ (3),12,1,5,,,,0
VID_ (3),12,1,6,,,,0
VID_ (3),12,1,7,,,,0
VID_ (3),13,0,0,,,,0
VID_ (3),13,0,1,,,,0
VID_ (3),13,0,2,,,,0
VID_ (3),13,0,3,,,,0
VID_ (3),13,0,4,,,,0
VID_ (3),13,0,5,,,,0
VID_ (3),13,0,6,,,,0
VID_ (3),13,0,7,,,,0
VID_ (3),14,0,0,,,,0
VID_ (3),14,0,1,,,,0
VID_ (3),14,0,2,,,,0
VID_ (3),14,0,3,,,,0
VID_ (3),14,0,4,,,,0
VID_ (3),14,0,5,,,,0
VID_ (3),14,0,6,,,,0
VID_ (3),14,0,7,,,,0
VID_ (3),14,1,0,,,,0
VID_ (3),14,1,1,,,,0
VID_ (3),14,1,2,,,,0
VID_ (3),14,1,3,,,,0
VID_ (3),14,1,4,,,,0
VID_ (3),14,1,5,,,,0
VID_ (3),14,1,6,,,,0
VID_ (3),14,1,7,,,,0
VID_ (3),2,0,0,-57.53,-40.88,37.98,1
VID_ (3),2,0,1,-56.56,-41.08,38.02,1
VID_ (3),2,0,2,-57.03,-44.54,40.13,1
VID_ (3),2,0,3,-60.36,-42.52,50.02,1
VID_ (3),2,0,4,,,,0
VID_ (3),2,0,5,-70.96,-55.44,53.58,1
VID_ (3),2,0,6,-70.26,-59.9,58.76,1
VID_ (3),2,0,7,-73.73,-69.73,64.37,1
VID_ (3),2,1,0,,,,0
VID_ (3),2,1,1,-70.96,-55.44,53.58,1
VID_ (3),2,1,2,-70.26,-59.9,58.76,1
VID_ (3),2,1,3,-73.73,-69.73,64.37,1
VID_ (3),2,1,4,-70.01,-64.93,62.81,1
VID_ (3),2,1,5,-73.84,-71.31,69.64,1
VID_ (3),2,1,6,-74.46,-83.24,82.54,1
VID_ (3),2,1,7,-57.26,-47.65,54.04,1
VID_ (3),2,2,0,-70.01,-64.93,62.81,1
VID_ (3),2,2,1,-73.84,-71.31,69.64,1
VID_ (3),2,2,2,-74.46,-83.24,82.54,1
VID_ (3),2,2,3,-57.26,-47.65,54.04,1
VID_ (3),2,2,4,-74.28,-79.36,81.96,1
VID_ (3),2,2,5,-76.62,-91.61,99.22,1
VID_ (3),2,2,6,-53.39,-40.66,55.65,1
VID_ (3),2,2,7,,,,0
VID_ (3),2,3,0,-74.28,-79.36,81.96,1
VID_ (3),2,3,1,-76.62,-91.61,99.22,1
VID_ (3),2,3,2,-53.39,-40.66,55.65,1
VID_ (3),2,3,3,,,,0
VID_ (3),2,3,4,-57.39,-49.12,54.52,1
VID_ (3),2,3,5,-46.06,-39.96,34.19,1
VID_ (3),2,3,6,-39.93,-40.79,33.7,1
VID_ (3),2,3,7,-44.98,-33.14,31.92,1
VID_ (3),2,4,0,-57.39,-49.12,54.52,1
VID_ (3),2,4,1,-46.06,-39.96,34.19,1
VID_ (3),2,4,2,-39.93,-40.79,33.7,1
VID_ (3),2,4,3,-44.98,-33.14,31.92,1
VID_ (3),2,4,4,-41.65,-19.86,18.48,1
VID_ (3),2,4,5,-44.86,-6.32,5.79,1
VID_ (3),2,4,6,-43.81,-5.01,-5.37,1
VID_ (3),2,4,7,-52.24,-2.97,-9.93,1
VID_ (3),2,5,0,-41.65,-19.86,18.48,1
VID_ (3),2,5,1,-44.86,-6.32,5.79,1
VID_ (3),2,5,2,-43.81,-5.01,-5.37,1
VID_ (3),2,5,3,-52.24,-2.97,-9.93,1
VID_ (3),2,5,4,-51.25,1.97,-14.78,1
VID_ (3),2,5,5,-49.39,3.51,-17.21,1
VID_ (3),2,5,6,-47.11,2.34,-17.19,1
VID_ (3),2,5,7,-45.28,-1.02,-13.41,1
VID_ (3),2,6,0,-51.25,1.97,-14.78,1
VID_ (3),2,6,1,-49.39,3.51,-17.21,1
VID_ (3),2,6,2,-47.11,2.34,-17.19,1
VID_ (3),2,6,3,-45.28,-1.02,-13.41,1
VID_ (3),2,6,4,-57.45,-1.04,-13.74,1
VID_ (3),2,6,5,-57.4,0.37,-16.24,1
VID_ (3),2,6,6,-47.96,1.07,-13.82,1
VID_ (3),2,6,7,-41.41,1.35,-14.15,1
VID_ (3),2,7,0,-57.45,-1.04,-13.74,1
VID_ (3),2,7,1,-57.4,0.37,-16.24,1
VID_ (3),2,7,2,-47.96,1.07,-13.82,1
VID_ (3),2,7,3,-41.41,1.35,-14.15,1
VID_ (3),2,7,4,-40.82,-16.0,7.08,1
VID_ (3),2,7,5,-35.73,-31.43,31.35,1
VID_ (3),2,7,6,-32.91,-29.67,40.27,1
VID_ (3),2,7,7,-55.82,-40.08,52.89,1
VID_ (3),2,8,0,-40.82,-16.0,7.08,1
VID_ (3),2,8,1,-35.73,-31.43,31.35,1
VID_ (3),2,8,2,-32.91,-29.67,40.27,1
VID_ (3),2,8,3,-55.82,-40.08,52.89,1
VID_ (3),2,8,4,-47.69,-31.71,47.33,1
VID_ (3),2,8,5,-59.39,-43.37,54.22,1
VID_ (3),2,8,6,,,,0
VID_ (3),2,8,7,,,,0
VID_ (3),2,9,0,-47.69,-31.71,47.33,1
VID_ (3),2,9,1,-59.39,-43.37,54.22,1
VID_ (3),2,9,2,,,,0
VID_ (3),2,9,3,,,,0
VID_ (3),2,9,4,,,,0
VID_ (3),2,9,5,-37.84,-16.72,25.45,1
VID_ (3),2,9,6,-46.06,-12.8,15.62,1
VID_ (3),2,9,7,-47.05,-12.13,16.43,1
VID_ (3),2,10,0,,,,0
VID_ (3),2,10,1,-37.84,-16.72,25.45,1
VID_ (3),2,10,2,-46.06,-12.8,15.62,1
VID_ (3),2,10,3,-47.05,-12.13,16.43,1
VID_ (3),2,10,4,-46.02,-10.74,13.22,1
VID_ (3),2,10,5,-38.61,-6.57,8.97,1
VID_ (3),2,10,6,-45.45,-5.26,5.37,1
VID_ (3),2,10,7,-52.38,-6.6,6.38,1
VID_ (3),2,11,0,-46.02,-10.74,13.22,1
VID_ (3),2,11,1,-38.61,-6.57,8.97,1
VID_ (3),2,11,2,-45.45,-5.26,5.37,1
VID_ (3),2,11,3,-52.38,-6.6,6.38,1
VID_ (3),2,11,4,-59.79,-16.69,10.46,1
VID_ (3),2,11,5,-58.56,-26.94,24.41,1
VID_ (3),2,11,6,-45.77,-12.26,13.93,1
VID_ (3),2,11,7,-45.31,-7.63,9.77,1
VID_ (3),2,12,0,-59.79,-16.69,10.46,1
VID_ (3),2,12,1,-58.56,-26.94,24.41,1
VID_ (3),2,12,2,-45.77,-12.26,13.93,1
VID_ (3),2,12,3,-45.31,-7.63,9.77,1
VID_ (3),2,12,4,-42.21,-6.15,7.8,1
VID_ (3),2,12,5,-40.79,-3.35,6.51,1
VID_ (3),2,12,6,-41.83,-6.92,9.01,1
VID_ (3),2,12,7,-45.12,-10.47,13.86,1
VID_ (3),2,13,0,-42.21,-6.15,7.8,1
VID_ (3),2,13,1,-40.79,-3.35,6.51,1
VID_ (3),2,13,2,-41.83,-6.92,9.01,1
VID_ (3),2,13,3,-45.12,-10.47,13.86,1
VID_ (3),2,13,4,-45.56,-33.49,33.51,1
VID_ (3),2,13,5,,,,0
VID_ (3),2,13,6,,,,0
VID_ (3),2,13,7,,,,0
VID_ (3),3,0,0,,,,0
VID_ (3),3,0,1,,,,0
VID_ (3),3,0,2,,,,0
VID_ (3),3,0,3,,,,0
VID_ (3),3,0,4,,,,0
VID_ (3),3,0,5,,,,0
VID_ (3),3,0,6,,,,0
VID_ (3),3,0,7,,,,0
VID_ (3),3,1,0,,,,0
VID_ (3),3,1,1,,,,0
VID_ (3),3,1,2,,,,0
VID_ (3),3,1,3,,,,0
VID_ (3),3,1,4,,,,0
VID_ (3),3,1,5,,,,0
VID_ (3),3,1,6,,,,0
VID_ (3),3,1,7,,,,0
VID_ (3),3,2,0,,,,0
VID_ (3),3,2,1,,,,0
VID_ (3),3,2,2,,,,0
VID_ (3),3,2,3,,,,0
VID_ (3),3,2,4,,,,0
VID_ (3),3,2,5,,,,0
VID_ (3),3,2,6,,,,0
VID_ (3),3,2,7,,,,0
VID_ (3),3,3,0,,,,0
VID_ (3),3,3,1,,,,0
VID_ (3),3,3,2,,,,0
VID_ (3),3,3,3,,,,0
VID_ (3),3,3,4,,,,0
VID_ (3),3,3,5,,,,0
VID_ (3),3,3,6,,,,0
VID_ (3),3,3,7,,,,0
VID_ (3),3,4,0,,,,0
VID_ (3),3,4,1,,,,0
VID_ (3),3,4,2,,,,0
VID_ (3),3,4,3,,,,0
VID_ (3),3,4,4,,,,0
VID_ (3),3,4,5,,,,0
VID_ (3),3,4,6,,,,0
VID_ (3),3,4,7,,,,0
VID_ (3),3,5,0,,,,0
VID_ (3),3,5,1,,,,0
VID_ (3),3,5,2,,,,0
VID_ (3),3,5,3,,,,0
VID_ (3),3,5,4,,,,0
VID_ (3),3,5,5,,,,0
VID_ (3),3,5,6,,,,0
VID_ (3),3,5,7,,,,0
VID_ (3),3,6,0,,,,0
VID_ (3),3,6,1,,,,0
VID_ (3),3,6,2,,,,0
VID_ (3),3,6,3,,,,0
VID_ (3),3,6,4,,,,0
VID_ (3),3,6,5,,,,0
VID_ (3),3,6,6,,,,0
VID_ (3),3,6,7,,,,0
VID_ (3),3,7,0,,,,0
VID_ (3),3,7,1,,,,0
VID_ (3),3,7,2,,,,0
VID_ (3),3,7,3,,,,0
VID_ (3),3,7,4,,,,0
VID_ (3),3,7,5,,,,0
VID_ (3),3,7,6,,,,0
VID_ (3),3,7,7,,,,0
VID_ (3),3,8,0,,,,0
VID_ (3),3,8,1,,,,0
VID_ (3),3,8,2,,,,0
VID_ (3),3,8,3,,,,0
VID_ (3),3,8,4,,,,0
VID_ (3),3,8,5,-67.81,11.43,-31.13,1
VID_ (3),3,8,6,-68.99,17.47,-36.87,1
VID_ (3),3,8,7,-65.23,5.01,-24.62,1
VID_ (3),3,9,0,,,,0
VID_ (3),3,9,1,-67.81,11.43,-31.13,1
VID_ (3),3,9,2,-68.99,17.47,-36.87,1
VID_ (3),3,9,3,-65.23,5.01,-24.62,1
VID_ (3),3,9,4,-60.59,0.37,-21.24,1
VID_ (3),3,9,5,-76.04,1.12,-14.93,1
VID_ (3),3,9,6,-75.97,0.48,-13.25,1
VID_ (3),3,9,7,-78.04,-2.44,-11.33,1
VID_ (3),3,10,0,-60.59,0.37,-21.24,1
VID_ (3),3,10,1,-76.04,1.12,-14.93,1
VID_ (3),3,10,2,-75.97,0.48,-13.25,1
VID_ (3),3,10,3,-78.04,-2.44,-11.33,1
VID_ (3),3,10,4,-75.74,-5.84,-8.76,1
VID_ (3),3,10,5,-64.41,8.63,-25.82,1
VID_ (3),3,10,6,-70.64,2.87,-18.42,1
VID_ (3),3,10,7,,,,0
VID_ (3),3,11,0,-75.74,-5.84,-8.76,1
VID_ (3),3,11,1,-64.41,8.63,-25.82,1
VID_ (3),3,11,2,-70.64,2.87,-18.42,1
VID_ (3),3,11,3,,,,0
VID_ (3),3,11,4,,,,0
VID_ (3),3,11,5,-70.12,-3.39,-10.86,1
VID_ (3),3,11,6,,,,0
VID_ (3),3,11,7,-71.46,-4.71,-9.53,1
VID_ (3),3,12,0,,,,0
VID_ (3),3,12,1,-70.12,-3.39,-10.86,1
VID_ (3),3,12,2,,,,0
VID_ (3),3,12,3,-71.46,-4.71,-9.53,1
VID_ (3),3,12,4,-71.1,-4.27,-10.05,1
VID_ (3),3,12,5,-72.13,-5.2,-7.84,1
VID_ (3),3,12,6,-69.31,-5.93,-6.84,1
VID_ (3),3,12,7,,,,0
VID_ (3),3,13,0,-71.1,-4.27,-10.05,1
VID_ (3),3,13,1,-72.13,-5.2,-7.84,1
VID_ (3),3,13,2,-69.31,-5.93,-6.84,1
VID_ (3),3,13,3,,,,0
VID_ (3),3,13,4,,,,0
VID_ (3),3,13,5,,,,0
VID_ (3),3,13,6,-71.25,0.86,-14.84,1
VID_ (3),3,13,7,-64.67,-4.52,-9.31,1
VID_ (3),4,0,0,5.1,-3.38,-3.93,1
VID_ (3),4,0,1,85.55,-7.88,-10.77,1
VID_ (3),4,0,2,34.65,-9.16,-5.32,1
VID_ (3),4,0,3,82.27,-16.38,-5.21,1
VID_ (3),4,0,4,80.37,-18.13,-7.86,1
VID_ (3),4,0,5,81.55,-25.4,-17.45,1
VID_ (3),4,0,6,78.19,-34.47,-26.43,1
VID_ (3),4,0,7,17.15,-28.34,-6.65,1
VID_ (3),4,1,0,80.37,-18.13,-7.86,1
VID_ (3),4,1,1,81.55,-25.4,-17.45,1
VID_ (3),4,1,2,78.19,-34.47,-26.43,1
VID_ (3),4,1,3,17.15,-28.34,-6.65,1
VID_ (3),4,1,4,79.82,-30.21,-24.28,1
VID_ (3),4,1,5,83.2,-38.57,-30.23,1
VID_ (3),4,1,6,80.15,-44.73,-34.74,1
VID_ (3),4,1,7,82.75,10.27,16.8,1
VID_ (3),4,2,0,79.82,-30.21,-24.28,1
VID_ (3),4,2,1,83.2,-38.57,-30.23,1
VID_ (3),4,2,2,80.15,-44.73,-34.74,1
VID_ (3),4,2,3,82.75,10.27,16.8,1
VID_ (3),4,2,4,75.59,-47.47,-37.62,1
VID_ (3),4,2,5,59.3,-19.2,-3.4,1
VID_ (3),4,2,6,56.84,-30.65,-10.83,1
VID_ (3),4,2,7,56.97,-28.6,-10.61,1
VID_ (3),4,3,0,75.59,-47.47,-37.62,1
VID_ (3),4,3,1,59.3,-19.2,-3.4,1
VID_ (3),4,3,2,56.84,-30.65,-10.83,1
VID_ (3),4,3,3,56.97,-28.6,-10.61,1
VID_ (3),4,3,4,59.28,-27.09,-13.93,1
VID_ (3),4,3,5,65.29,-24.79,-18.82,1
VID_ (3),4,3,6,81.62,-32.57,-28.59,1
VID_ (3),4,3,7,82.74,-16.17,-10.52,1
VID_ (3),4,4,0,59.28,-27.09,-13.93,1
VID_ (3),4,4,1,65.29,-24.79,-18.82,1
VID_ (3),4,4,2,81.62,-32.57,-28.59,1
VID_ (3),4,4,3,82.74,-16.17,-10.52,1
VID_ (3),4,4,4,81.0,-21.31,-15.1,1
VID_ (3),4,4,5,81.98,-24.49,-16.38,1
VID_ (3),4,4,6,83.38,-25.15,-18.81,1
VID_ (3),4,4,7,51.85,0.81,3.22,1
VID_ (3),4,5,0,81.0,-21.31,-15.1,1
VID_ (3),4,5,1,81.98,-24.49,-16.38,1
VID_ (3),4,5,2,83.38,-25.15,-18.81,1
VID_ (3),4,5,3,51.85,0.81,3.22,1
VID_ (3),4,5,4,76.0,-13.19,-11.41,1
VID_ (3),4,5,5,67.93,-14.63,-2.64,1
VID_ (3),4,5,6,46.32,-11.93,0.49,1
VID_ (3),4,5,7,32.78,-3.8,6.59,1
VID_ (3),4,6,0,76.0,-13.19,-11.41,1
VID_ (3),4,6,1,67.93,-14.63,-2.64,1
VID_ (3),4,6,2,46.32,-11.93,0.49,1
VID_ (3),4,6,3,32.78,-3.8,6.59,1
VID_ (3),4,6,4,24.64,-8.32,13.55,1
VID_ (3),4,6,5,75.74,-37.18,-36.13,1
VID_ (3),4,6,6,76.68,-38.0,-34.56,1
VID_ (3),4,6,7,72.11,-34.97,-30.18,1
VID_ (3),4,7,0,24.64,-8.32,13.55,1
VID_ (3),4,7,1,75.74,-37.18,-36.13,1
VID_ (3),4,7,2,76.68,-38.0,-34.56,1
VID_ (3),4,7,3,72.11,-34.97,-30.18,1
VID_ (3),4,7,4,67.22,-28.53,-21.89,1
VID_ (3),4,7,5,76.4,-33.73,-32.15,1
VID_ (3),4,7,6,68.97,-39.44,-33.64,1
VID_ (3),4,7,7,71.48,-44.59,-40.8,1
VID_ (3),4,8,0,67.22,-28.53,-21.89,1
VID_ (3),4,8,1,76.4,-33.73,-32.15,1
VID_ (3),4,8,2,68.97,-39.44,-33.64,1
VID_ (3),4,8,3,71.48,-44.59,-40.8,1
VID_ (3),4,8,4,64.56,-23.87,-19.2,1
VID_ (3),4,8,5,65.33,-23.6,-12.68,1
VID_ (3),4,8,6,47.62,-23.86,-12.34,1
VID_ (3),4,8,7,46.12,-23.46,-11.91,1
VID_ (3),4,9,0,64.56,-23.87,-19.2,1
VID_ (3),4,9,1,65.33,-23.6,-12.68,1
VID_ (3),4,9,2,47.62,-23.86,-12.34,1
VID_ (3),4,9,3,46.12,-23.46,-11.91,1
VID_ (3),4,9,4,46.54,-27.9,-15.15,1
VID_ (3),4,9,5,48.77,-19.34,-11.02,1
VID_ (3),4,9,6,45.33,-20.32,-9.03,1
VID_ (3),4,9,7,23.09,-14.16,0.46,1
VID_ (3),4,10,0,46.54,-27.9,-15.15,1
VID_ (3),4,10,1,48.77,-19.34,-11.02,1
VID_ (3),4,10,2,45.33,-20.32,-9.03,1
VID_ (3),4,10,3,23.09,-14.16,0.46,1
VID_ (3),4,10,4,21.16,-11.45,2.51,1
VID_ (3),4,10,5,19.8,-10.56,5.15,1
VID_ (3),4,10,6,42.62,-9.74,-0.59,1
VID_ (3),4,10,7,80.98,-28.46,-18.3,1
VID_ (3),4,11,0,21.16,-11.45,2.51,1
VID_ (3),4,11,1,19.8,-10.56,5.15,1
VID_ (3),4,11,2,42.62,-9.74,-0.59,1
VID_ (3),4,11,3,80.98,-28.46,-18.3,1
VID_ (3),4,11,4,79.34,-47.62,-42.79,1
VID_ (3),4,11,5,80.17,-38.66,-35.61,1
VID_ (3),4,11,6,79.11,-39.26,-34.38,1
VID_ (3),4,11,7,69.58,-28.98,-19.77,1
VID_ (3),4,12,0,79.34,-47.62,-42.79,1
VID_ (3),4,12,1,80.17,-38.66,-35.61,1
VID_ (3),4,12,2,79.11,-39.26,-34.38,1
VID_ (3),4,12,3,69.58,-28.98,-19.77,1
VID_ (3),4,12,4,30.91,-11.79,-0.63,1
VID_ (3),4,12,5,25.1,-11.09,-3.87,1
VID_ (3),4,12,6,34.76,-13.07,-5.5,1
VID_ (3),4,12,7,62.03,-32.36,-25.7,1
VID_ (3),4,13,0,30.91,-11.79,-0.63,1
VID_ (3),4,13,1,25.1,-11.09,-3.87,1
VID_ (3),4,13,2,34.76,-13.07,-5.5,1
VID_ (3),4,13,3,62.03,-32.36,-25.7,1
VID_ (3),4,13,4,-35.05,0.03,-16.08,1
VID_ (3),4,13,5,68.04,-28.86,-24.27,1
VID_ (3),4,13,6,-29.54,-7.97,-9.93,1
VID_ (3),4,13,7,71.53,-4.92,5.16,1
VID_ (3),5,0,0,-71.09,38.41,-51.69,1
VID_ (3),5,0,1,-65.46,33.84,-44.48,1
VID_ (3),5,0,2,-79.23,-56.98,54.78,1
VID_ (3),5,0,3,-79.45,-28.44,28.25,1
VID_ (3),5,0,4,,,,0
VID_ (3),5,0,5,-75.0,-53.98,52.86,1
VID_ (3),5,0,6,-75.05,-70.98,64.56,1
VID_ (3),5,0,7,-77.77,-71.95,63.9,1
VID_ (3),5,1,0,,,,0
VID_ (3),5,1,1,-75.0,-53.98,52.86,1
VID_ (3),5,1,2,-75.05,-70.98,64.56,1
VID_ (3),5,1,3,-77.77,-71.95,63.9,1
VID_ (3),5,1,4,-77.4,-77.97,73.09,1
VID_ (3),5,1,5,-77.33,-83.33,77.69,1
VID_ (3),5,1,6,-76.5,-85.93,83.82,1
VID_ (3),5,1,7,,,,0
VID_ (3),5,2,0,-77.4,-77.97,73.09,1
VID_ (3),5,2,1,-77.33,-83.33,77.69,1
VID_ (3),5,2,2,-76.5,-85.93,83.82,1
VID_ (3),5,2,3,,,,0
VID_ (3),5,2,4,-76.16,-75.95,77.18,1
VID_ (3),5,2,5,-75.09,-70.1,75.48,1
VID_ (3),5,2,6,24.21,38.05,-19.16,1
VID_ (3),5,2,7,-77.88,-22.0,25.02,1
VID_ (3),5,3,0,-76.16,-75.95,77.18,1
VID_ (3),5,3,1,-75.09,-70.1,75.48,1
VID_ (3),5,3,2,24.21,38.05,-19.16,1
VID_ (3),5,3,3,-77.88,-22.0,25.02,1
VID_ (3),5,3,4,-77.58,-78.45,80.63,1
VID_ (3),5,3,5,-74.53,-68.97,76.34,1
VID_ (3),5,3,6,-75.16,-66.73,68.09,1
VID_ (3),5,3,7,-76.31,-69.32,71.88,1
VID_ (3),5,4,0,-77.58,-78.45,80.63,1
VID_ (3),5,4,1,-74.53,-68.97,76.34,1
VID_ (3),5,4,2,-75.16,-66.73,68.09,1
VID_ (3),5,4,3,-76.31,-69.32,71.88,1
VID_ (3),5,4,4,-79.58,-65.19,67.12,1
VID_ (3),5,4,5,-77.27,-61.03,59.96,1
VID_ (3),5,4,6,-78.51,-60.82,57.86,1
VID_ (3),5,4,7,,,,0
VID_ (3),5,5,0,-79.58,-65.19,67.12,1
VID_ (3),5,5,1,-77.27,-61.03,59.96,1
VID_ (3),5,5,2,-78.51,-60.82,57.86,1
VID_ (3),5,5,3,,,,0
VID_ (3),5,5,4,-64.29,8.28,-20.01,1
VID_ (3),5,5,5,-76.12,11.45,3.08,1
VID_ (3),5,5,6,,,,0
VID_ (3),5,5,7,,,,0
VID_ (3),5,6,0,-64.29,8.28,-20.01,1
VID_ (3),5,6,1,-76.12,11.45,3.08,1
VID_ (3),5,6,2,,,,0
VID_ (3),5,6,3,,,,0
VID_ (3),5,6,4,,,,0
VID_ (3),5,6,5,,,,0
VID_ (3),5,6,6,,,,0
VID_ (3),5,6,7,,,,0
VID_ (3),5,7,0,,,,0
VID_ (3),5,7,1,,,,0
VID_ (3),5,7,2,,,,0
VID_ (3),5,7,3,,,,0
VID_ (3),5,7,4,,,,0
VID_ (3),5,7,5,,,,0
VID_ (3),5,7,6,-79.79,-142.8,129.73,1
VID_ (3),5,7,7,,,,0
VID_ (3),5,8,0,,,,0
VID_ (3),5,8,1,,,,0
VID_ (3),5,8,2,-79.79,-142.8,129.73,1
VID_ (3),5,8,3,,,,0
VID_ (3),5,8,4,-62.23,-1.82,-0.49,1
VID_ (3),5,8,5,-45.55,1.55,0.65,1
VID_ (3),5,8,6,-59.28,-30.07,35.81,1
VID_ (3),5,8,7,-32.17,19.23,-11.41,1
VID_ (3),5,9,0,-62.23,-1.82,-0.49,1
VID_ (3),5,9,1,-45.55,1.55,0.65,1
VID_ (3),5,9,2,-59.28,-30.07,35.81,1
VID_ (3),5,9,3,-32.17,19.23,-11.41,1
VID_ (3),5,9,4,-60.61,-8.83,16.5,1
VID_ (3),5,9,5,-47.62,-0.77,10.67,1
VID_ (3),5,9,6,,,,0
VID_ (3),5,9,7,,,,0
VID_ (3),5,10,0,-60.61,-8.83,16.5,1
VID_ (3),5,10,1,-47.62,-0.77,10.67,1
VID_ (3),5,10,2,,,,0
VID_ (3),5,10,3,,,,0
VID_ (3),5,10,4,,,,0
VID_ (3),5,10,5,,,,0
VID_ (3),5,10,6,,,,0
VID_ (3),5,10,7,,,,0
VID_ (3),5,11,0,,,,0
VID_ (3),5,11,1,,,,0
VID_ (3),5,11,2,,,,0
VID_ (3),5,11,3,,,,0
VID_ (3),5,11,4,,,,0
VID_ (3),5,11,5,,,,0
VID_ (3),5,11,6,,,,0
VID_ (3),5,11,7,,,,0
VID_ (3),5,12,0,,,,0
VID_ (3),5,12,1,,,,0
VID_ (3),5,12,2,,,,0
VID_ (3),5,12,3,,,,0
VID_ (3),5,12,4,,,,0
VID_ (3),5,12,5,,,,0
VID_ (3),5,12,6,,,,0
VID_ (3),5,12,7,,,,0
VID_ (3),5,13,0,,,,0
VID_ (3),5,13,1,,,,0
VID_ (3),5,13,2,,,,0
VID_ (3),5,13,3,,,,0
VID_ (3),5,13,4,-38.19,-28.85,26.7,1
VID_ (3),5,13,5,-42.16,-38.21,29.05,1
VID_ (3),5,13,6,,,,0
VID_ (3),5,13,7,,,,0
VID_ (3),6,0,0,58.45,-22.72,-13.54,1
VID_ (3),6,0,1,86.55,-32.16,-33.6,1
VID_ (3),6,0,2,72.3,-21.65,-13.48,1
VID_ (3),6,0,3,51.11,-13.68,-1.93,1
VID_ (3),6,0,4,54.21,-14.19,-0.03,1
VID_ (3),6,0,5,54.13,-15.02,-3.51,1
VID_ (3),6,0,6,58.89,-20.86,-8.52,1
VID_ (3),6,0,7,56.53,-20.16,-10.46,1
VID_ (3),6,1,0,54.21,-14.19,-0.03,1
VID_ (3),6,1,1,54.13,-15.02,-3.51,1
VID_ (3),6,1,2,58.89,-20.86,-8.52,1
VID_ (3),6,1,3,56.53,-20.16,-10.46,1
VID_ (3),6,1,4,53.86,-21.71,-8.46,1
VID_ (3),6,1,5,57.16,-12.37,-3.17,1
VID_ (3),6,1,6,60.29,-20.21,-13.25,1
VID_ (3),6,1,7,80.48,-41.06,-32.93,1
VID_ (3),6,2,0,53.86,-21.71,-8.46,1
VID_ (3),6,2,1,57.16,-12.37,-3.17,1
VID_ (3),6,2,2,60.29,-20.21,-13.25,1
VID_ (3),6,2,3,80.48,-41.06,-32.93,1
VID_ (3),6,2,4,80.43,-44.8,-36.83,1
VID_ (3),6,2,5,57.71,-12.95,3.43,1
VID_ (3),6,2,6,30.89,-23.67,-4.31,1
VID_ (3),6,2,7,79.18,-64.56,-56.13,1
VID_ (3),6,3,0,80.43,-44.8,-36.83,1
VID_ (3),6,3,1,57.71,-12.95,3.43,1
VID_ (3),6,3,2,30.89,-23.67,-4.31,1
VID_ (3),6,3,3,79.18,-64.56,-56.13,1
VID_ (3),6,3,4,77.73,-40.32,-30.86,1
VID_ (3),6,3,5,77.89,-49.25,-39.58,1
VID_ (3),6,3,6,76.76,-60.47,-49.81,1
VID_ (3),6,3,7,65.54,-13.84,-11.05,1
VID_ (3),6,4,0,77.73,-40.32,-30.86,1
VID_ (3),6,4,1,77.89,-49.25,-39.58,1
VID_ (3),6,4,2,76.76,-60.47,-49.81,1
VID_ (3),6,4,3,65.54,-13.84,-11.05,1
VID_ (3),6,4,4,45.49,-12.41,-10.33,1
VID_ (3),6,4,5,59.92,-15.48,-11.37,1
VID_ (3),6,4,6,72.66,-29.96,-25.4,1
VID_ (3),6,4,7,78.25,-33.96,-30.27,1
VID_ (3),6,5,0,45.49,-12.41,-10.33,1
VID_ (3),6,5,1,59.92,-15.48,-11.37,1
VID_ (3),6,5,2,72.66,-29.96,-25.4,1
VID_ (3),6,5,3,78.25,-33.96,-30.27,1
VID_ (3),6,5,4,34.63,-13.26,-11.24,1
VID_ (3),6,5,5,73.98,-52.82,-45.73,1
VID_ (3),6,5,6,73.48,-52.9,-46.31,1
VID_ (3),6,5,7,61.24,-31.12,-22.31,1
VID_ (3),6,6,0,34.63,-13.26,-11.24,1
VID_ (3),6,6,1,73.98,-52.82,-45.73,1
VID_ (3),6,6,2,73.48,-52.9,-46.31,1
VID_ (3),6,6,3,61.24,-31.12,-22.31,1
VID_ (3),6,6,4,52.65,-25.03,-14.4,1
VID_ (3),6,6,5,51.08,-19.85,-11.55,1
VID_ (3),6,6,6,46.42,-5.44,-6.47,1
VID_ (3),6,6,7,47.0,-23.36,-15.09,1
VID_ (3),6,7,0,52.65,-25.03,-14.4,1
VID_ (3),6,7,1,51.08,-19.85,-11.55,1
VID_ (3),6,7,2,46.42,-5.44,-6.47,1
VID_ (3),6,7,3,47.0,-23.36,-15.09,1
VID_ (3),6,7,4,50.23,-25.21,-15.7,1
VID_ (3),6,7,5,45.13,-7.68,-14.09,1
VID_ (3),6,7,6,52.94,-16.91,-13.85,1
VID_ (3),6,7,7,70.38,-70.77,-65.8,1
VID_ (3),6,8,0,50.23,-25.21,-15.7,1
VID_ (3),6,8,1,45.13,-7.68,-14.09,1
VID_ (3),6,8,2,52.94,-16.91,-13.85,1
VID_ (3),6,8,3,70.38,-70.77,-65.8,1
VID_ (3),6,8,4,24.46,-9.45,-6.03,1
VID_ (3),6,8,5,81.86,-30.51,-22.62,1
VID_ (3),6,8,6,76.85,-51.61,-44.89,1
VID_ (3),6,8,7,80.31,-33.27,-27.64,1
VID_ (3),6,9,0,24.46,-9.45,-6.03,1
VID_ (3),6,9,1,81.86,-30.51,-22.62,1
VID_ (3),6,9,2,76.85,-51.61,-44.89,1
VID_ (3),6,9,3,80.31,-33.27,-27.64,1
VID_ (3),6,9,4,30.96,-12.81,-3.82,1
VID_ (3),6,9,5,40.82,-8.66,1.93,1
VID_ (3),6,9,6,41.24,-17.97,-15.23,1
VID_ (3),6,9,7,-16.89,-17.63,0.09,1
VID_ (3),6,10,0,30.96,-12.81,-3.82,1
VID_ (3),6,10,1,40.82,-8.66,1.93,1
VID_ (3),6,10,2,41.24,-17.97,-15.23,1
VID_ (3),6,10,3,-16.89,-17.63,0.09,1
VID_ (3),6,10,4,-20.54,-18.87,2.19,1
VID_ (3),6,10,5,45.26,-25.33,-17.26,1
VID_ (3),6,10,6,11.59,-13.41,-2.01,1
VID_ (3),6,10,7,69.88,-28.03,-24.38,1
VID_ (3),6,11,0,-20.54,-18.87,2.19,1
VID_ (3),6,11,1,45.26,-25.33,-17.26,1
VID_ (3),6,11,2,11.59,-13.41,-2.01,1
VID_ (3),6,11,3,69.88,-28.03,-24.38,1
VID_ (3),6,11,4,79.95,-42.15,-39.39,1
VID_ (3),6,11,5,72.97,-15.24,-18.84,1
VID_ (3),6,11,6,78.11,-44.54,-40.85,1
VID_ (3),6,11,7,56.97,-19.02,-11.63,1
VID_ (3),6,12,0,79.95,-42.15,-39.39,1
VID_ (3),6,12,1,72.97,-15.24,-18.84,1
VID_ (3),6,12,2,78.11,-44.54,-40.85,1
VID_ (3),6,12,3,56.97,-19.02,-11.63,1
VID_ (3),6,12,4,55.85,-30.09,-24.16,1
VID_ (3),6,12,5,-32.93,-3.98,-1.8,1
VID_ (3),6,12,6,-22.06,-10.08,1.04,1
VID_ (3),6,12,7,58.76,-22.51,-17.14,1
VID_ (3),6,13,0,55.85,-30.09,-24.16,1
VID_ (3),6,13,1,-32.93,-3.98,-1.8,1
VID_ (3),6,13,2,-22.06,-10.08,1.04,1
VID_ (3),6,13,3,58.76,-22.51,-17.14,1
VID_ (3),6,13,4,67.17,-28.8,-22.6,1
VID_ (3),6,13,5,67.85,-18.28,-15.71,1
VID_ (3),6,13,6,68.4,-24.01,-20.39,1
VID_ (3),6,13,7,61.2,-7.06,1.58,1
VID_ (3),7,0,0,-81.57,-8.27,12.12,1
VID_ (3),7,0,1,-24.41,1.36,0.86,1
VID_ (3),7,0,2,-6.61,3.56,-8.63,1
VID_ (3),7,0,3,,,,0
VID_ (3),7,0,4,,,,0
VID_ (3),7,0,5,,,,0
VID_ (3),7,0,6,,,,0
VID_ (3),7,0,7,,,,0
VID_ (3),7,1,0,,,,0
VID_ (3),7,1,1,,,,0
VID_ (3),7,1,2,,,,0
VID_ (3),7,1,3,,,,0
VID_ (3),7,1,4,,,,0
VID_ (3),7,1,5,,,,0
VID_ (3),7,1,6,,,,0
VID_ (3),7,1,7,,,,0
VID_ (3),7,2,0,,,,0
VID_ (3),7,2,1,,,,0
VID_ (3),7,2,2,,,,0
VID_ (3),7,2,3,,,,0
VID_ (3),7,2,4,,,,0
VID_ (3),7,2,5,,,,0
VID_ (3),7,2,6,,,,0
VID_ (3),7,2,7,,,,0
VID_ (3),7,3,0,,,,0
VID_ (3),7,3,1,,,,0
VID_ (3),7,3,2,,,,0
VID_ (3),7,3,3,,,,0
VID_ (3),7,3,4,,,,0
VID_ (3),7,3,5,,,,0
VID_ (3),7,3,6,,,,0
VID_ (3),7,3,7,,,,0
VID_ (3),7,4,0,,,,0
VID_ (3),7,4,1,,,,0
VID_ (3),7,4,2,,,,0
VID_ (3),7,4,3,,,,0
VID_ (3),7,4,4,,,,0
VID_ (3),7,4,5,,,,0
VID_ (3),7,4,6,,,,0
VID_ (3),7,4,7,,,,0
VID_ (3),7,5,0,,,,0
VID_ (3),7,5,1,,,,0
VID_ (3),7,5,2,,,,0
VID_ (3),7,5,3,,,,0
VID_ (3),7,5,4,,,,0
VID_ (3),7,5,5,,,,0
VID_ (3),7,5,6,,,,0
VID_ (3),7,5,7,,,,0
VID_ (3),7,6,0,,,,0
VID_ (3),7,6,1,,,,0
VID_ (3),7,6,2,,,,0
VID_ (3),7,6,3,,,,0
VID_ (3),7,6,4,,,,0
VID_ (3),7,6,5,,,,0
VID_ (3),7,6,6,,,,0
VID_ (3),7,6,7,,,,0
VID_ (3),7,7,0,,,,0
VID_ (3),7,7,1,,,,0
VID_ (3),7,7,2,,,,0
VID_ (3),7,7,3,,,,0
VID_ (3),7,7,4,,,,0
VID_ (3),7,7,5,,,,0
VID_ (3),7,7,6,,,,0
VID_ (3),7,7,7,,,,0
VID_ (3),7,8,0,,,,0
VID_ (3),7,8,1,,,,0
VID_ (3),7,8,2,,,,0
VID_ (3),7,8,3,,,,0
VID_ (3),7,8,4,-47.91,2.11,-1.58,1
VID_ (3),7,8,5,-35.81,1.4,1.48,1
VID_ (3),7,8,6,,,,0
VID_ (3),7,8,7,,,,0
VID_ (3),7,9,0,-47.91,2.11,-1.58,1
VID_ (3),7,9,1,-35.81,1.4,1.48,1
VID_ (3),7,9,2,,,,0
VID_ (3),7,9,3,,,,0
VID_ (3),7,9,4,,,,0
VID_ (3),7,9,5,,,,0
VID_ (3),7,9,6,,,,0
VID_ (3),7,9,7,,,,0
VID_ (3),8,0,0,-76.28,-67.6,63.19,1
VID_ (3),8,0,1,-75.92,-61.25,59.35,1
VID_ (3),8,0,2,-74.07,-67.94,66.09,1
VID_ (3),8,0,3,-77.43,-72.07,64.31,1
VID_ (3),8,0,4,-63.87,-48.62,50.32,1
VID_ (3),8,0,5,-52.78,-39.95,41.34,1
VID_ (3),8,0,6,-56.55,-42.46,44.8,1
VID_ (3),8,0,7,-54.66,-47.24,58.64,1
VID_ (3),8,1,0,-63.87,-48.62,50.32,1
VID_ (3),8,1,1,-52.78,-39.95,41.34,1
VID_ (3),8,1,2,-56.55,-42.46,44.8,1
VID_ (3),8,1,3,-54.66,-47.24,58.64,1
VID_ (3),8,1,4,-58.7,-41.57,51.28,1
VID_ (3),8,1,5,-56.5,-32.5,51.61,1
VID_ (3),8,1,6,-52.32,-35.13,52.7,1
VID_ (3),8,1,7,-66.02,-49.42,62.03,1
VID_ (3),9,0,0,,,,0
VID_ (3),9,0,1,,,,0
VID_ (3),9,0,2,,,,0
VID_ (3),9,0,3,,,,0
VID_ (3),9,0,4,,,,0
VID_ (3),9,0,5,,,,0
VID_ (3),9,0,6,-71.29,-63.46,66.07,1
VID_ (3),9,0,7,-74.3,-63.22,65.21,1
VID_ (3),9,1,0,,,,0
VID_ (3),9,1,1,,,,0
VID_ (3),9,1,2,-71.29,-63.46,66.07,1
VID_ (3),9,1,3,-74.3,-63.22,65.21,1
VID_ (3),9,1,4,-76.4,-66.35,69.74,1
VID_ (3),9,1,5,-78.58,-65.29,68.32,1
VID_ (3),9,1,6,-76.99,-57.6,59.0,1
VID_ (3),9,1,7,-77.54,-57.61,55.05,1
VID_ (3),9,2,0,-76.4,-66.35,69.74,1
VID_ (3),9,2,1,-78.58,-65.29,68.32,1
VID_ (3),9,2,2,-76.99,-57.6,59.0,1
VID_ (3),9,2,3,-77.54,-57.61,55.05,1
VID_ (3),9,2,4,,,,0
VID_ (3),9,2,5,-11.71,12.26,-17.71,1
VID_ (3),9,2,6,,,,0
VID_ (3),9,2,7,,,,0
VID_ (3),9,3,0,,,,0
VID_ (3),9,3,1,-11.71,12.26,-17.71,1
VID_ (3),9,3,2,,,,0
VID_ (3),9,3,3,,,,0
VID_ (3),9,3,4,,,,0
VID_ (3),9,3,5,,,,0
VID_ (3),9,3,6,,,,0
VID_ (3),9,3,7,,,,0
VID_ (30),1,0,0,-41.6,5.02,-12.36,1
VID_ (30),1,0,1,-43.68,4.39,-10.17,1
VID_ (30),1,0,2,-44.98,2.56,-6.25,1
VID_ (30),1,0,3,-52.37,6.17,-9.09,1
VID_ (30),1,0,4,,,,0
VID_ (30),1,0,5,-59.64,12.99,-20.78,1
VID_ (30),1,0,6,-50.84,25.63,-39.23,1
VID_ (30),1,0,7,,,,0
VID_ (30),1,1,0,,,,0
VID_ (30),1,1,1,-59.64,12.99,-20.78,1
VID_ (30),1,1,2,-50.84,25.63,-39.23,1
VID_ (30),1,1,3,,,,0
VID_ (30),1,1,4,-50.34,25.43,-36.26,1
VID_ (30),1,1,5,-46.66,11.84,-22.76,1
VID_ (30),1,1,6,-45.05,10.58,-15.66,1
VID_ (30),1,1,7,-39.19,8.56,-16.59,1
VID_ (30),1,2,0,-50.34,25.43,-36.26,1
VID_ (30),1,2,1,-46.66,11.84,-22.76,1
VID_ (30),1,2,2,-45.05,10.58,-15.66,1
VID_ (30),1,2,3,-39.19,8.56,-16.59,1
VID_ (30),1,2,4,-46.56,9.41,-14.81,1
VID_ (30),1,2,5,-47.94,5.87,-10.3,1
VID_ (30),1,2,6,,,,0
VID_ (30),1,2,7,-52.44,-0.72,0.64,1
VID_ (30),1,3,0,-46.56,9.41,-14.81,1
VID_ (30),1,3,1,-47.94,5.87,-10.3,1
VID_ (30),1,3,2,,,,0
VID_ (30),1,3,3,-52.44,-0.72,0.64,1
VID_ (30),1,3,4,-57.54,-16.27,15.62,1
VID_ (30),1,3,5,-50.49,-19.05,18.08,1
VID_ (30),1,3,6,-51.07,-19.92,17.11,1
VID_ (30),1,3,7,-47.72,-17.57,17.0,1
VID_ (30),1,4,0,-57.54,-16.27,15.62,1
VID_ (30),1,4,1,-50.49,-19.05,18.08,1
VID_ (30),1,4,2,-51.07,-19.92,17.11,1
VID_ (30),1,4,3,-47.72,-17.57,17.0,1
VID_ (30),1,4,4,,,,0
VID_ (30),1,4,5,-40.37,-31.83,32.52,1
VID_ (30),1,4,6,-49.66,-40.19,40.5,1
VID_ (30),1,4,7,-53.59,-38.16,41.17,1
VID_ (30),1,5,0,,,,0
VID_ (30),1,5,1,-40.37,-31.83,32.52,1
VID_ (30),1,5,2,-49.66,-40.19,40.5,1
VID_ (30),1,5,3,-53.59,-38.16,41.17,1
VID_ (30),1,5,4,-48.07,-35.42,41.66,1
VID_ (30),1,5,5,-54.22,-36.54,37.13,1
VID_ (30),1,5,6,-42.71,-36.36,41.28,1
VID_ (30),1,5,7,-42.33,-27.07,30.22,1
VID_ (30),1,6,0,-48.07,-35.42,41.66,1
VID_ (30),1,6,1,-54.22,-36.54,37.13,1
VID_ (30),1,6,2,-42.71,-36.36,41.28,1
VID_ (30),1,6,3,-42.33,-27.07,30.22,1
VID_ (30),1,6,4,-49.44,-27.88,29.54,1
VID_ (30),1,6,5,-50.2,-51.99,54.6,1
VID_ (30),1,6,6,-50.01,-42.87,44.39,1
VID_ (30),1,6,7,-55.61,-43.97,43.52,1
VID_ (30),1,7,0,-49.44,-27.88,29.54,1
VID_ (30),1,7,1,-50.2,-51.99,54.6,1
VID_ (30),1,7,2,-50.01,-42.87,44.39,1
VID_ (30),1,7,3,-55.61,-43.97,43.52,1
VID_ (30),1,7,4,-53.01,-35.34,37.0,1
VID_ (30),1,7,5,-52.31,-43.68,44.07,1
VID_ (30),1,7,6,-52.63,-37.68,40.54,1
VID_ (30),1,7,7,-39.83,-21.4,18.11,1
VID_ (30),1,8,0,-53.01,-35.34,37.0,1
VID_ (30),1,8,1,-52.31,-43.68,44.07,1
VID_ (30),1,8,2,-52.63,-37.68,40.54,1
VID_ (30),1,8,3,-39.83,-21.4,18.11,1
VID_ (30),1,8,4,-36.66,-23.82,23.18,1
VID_ (30),1,8,5,-51.49,-36.71,37.94,1
VID_ (30),1,8,6,,,,0
VID_ (30),1,8,7,-52.89,-33.49,33.21,1
VID_ (30),1,9,0,-36.66,-23.82,23.18,1
VID_ (30),1,9,1,-51.49,-36.71,37.94,1
VID_ (30),1,9,2,,,,0
VID_ (30),1,9,3,-52.89,-33.49,33.21,1
VID_ (30),1,9,4,-53.1,-36.99,34.38,1
VID_ (30),1,9,5,-51.35,-27.23,26.11,1
VID_ (30),1,9,6,-54.78,-21.74,21.26,1
VID_ (30),1,9,7,-66.79,-19.87,19.39,1
VID_ (30),1,10,0,-53.1,-36.99,34.38,1
VID_ (30),1,10,1,-51.35,-27.23,26.11,1
VID_ (30),1,10,2,-54.78,-21.74,21.26,1
VID_ (30),1,10,3,-66.79,-19.87,19.39,1
VID_ (30),1,10,4,-74.57,-10.61,5.85,1
VID_ (30),1,10,5,-81.62,8.6,-10.82,1
VID_ (30),1,10,6,-78.62,15.39,-21.55,1
VID_ (30),1,10,7,-76.85,16.28,-23.41,1
VID_ (30),1,11,0,-74.57,-10.61,5.85,1
VID_ (30),1,11,1,-81.62,8.6,-10.82,1
VID_ (30),1,11,2,-78.62,15.39,-21.55,1
VID_ (30),1,11,3,-76.85,16.28,-23.41,1
VID_ (30),1,11,4,-79.48,30.27,-35.8,1
VID_ (30),1,11,5,-80.51,24.86,-28.65,1
VID_ (30),1,11,6,-69.24,10.0,-14.35,1
VID_ (30),1,11,7,-59.53,-4.78,0.92,1
VID_ (30),1,12,0,-79.48,30.27,-35.8,1
VID_ (30),1,12,1,-80.51,24.86,-28.65,1
VID_ (30),1,12,2,-69.24,10.0,-14.35,1
VID_ (30),1,12,3,-59.53,-4.78,0.92,1
VID_ (30),1,12,4,-52.89,-14.1,11.26,1
VID_ (30),1,12,5,-37.29,-18.52,21.13,1
VID_ (30),1,12,6,-48.77,-28.64,28.71,1
VID_ (30),1,12,7,-46.69,-17.58,28.03,1
VID_ (30),1,13,0,-52.89,-14.1,11.26,1
VID_ (30),1,13,1,-37.29,-18.52,21.13,1
VID_ (30),1,13,2,-48.77,-28.64,28.71,1
VID_ (30),1,13,3,-46.69,-17.58,28.03,1
VID_ (30),1,13,4,-48.62,-23.85,33.38,1
VID_ (30),1,13,5,-43.93,-33.97,40.65,1
VID_ (30),1,13,6,-38.29,-24.35,25.16,1
VID_ (30),1,13,7,-41.08,-13.57,22.3,1
VID_ (30),1,14,0,-48.62,-23.85,33.38,1
VID_ (30),1,14,1,-43.93,-33.97,40.65,1
VID_ (30),1,14,2,-38.29,-24.35,25.16,1
VID_ (30),1,14,3,-41.08,-13.57,22.3,1
VID_ (30),1,14,4,-45.14,-19.41,20.26,1
VID_ (30),1,14,5,4.22,-1.42,0.93,1
VID_ (30),1,14,6,30.66,-6.34,-9.79,1
VID_ (30),1,14,7,34.23,-12.49,-18.93,1
VID_ (30),10,0,0,,,,0
VID_ (30),10,0,1,,,,0
VID_ (30),10,0,2,-36.13,-2.24,-9.07,1
VID_ (30),10,0,3,-30.48,-3.0,-10.01,1
VID_ (30),10,0,4,-26.44,-3.16,-6.94,1
VID_ (30),10,0,5,,,,0
VID_ (30),10,0,6,,,,0
VID_ (30),10,0,7,,,,0
VID_ (30),10,1,0,-26.44,-3.16,-6.94,1
VID_ (30),10,1,1,,,,0
VID_ (30),10,1,2,,,,0
VID_ (30),10,1,3,,,,0
VID_ (30),10,1,4,,,,0
VID_ (30),10,1,5,,,,0
VID_ (30),10,1,6,,,,0
VID_ (30),10,1,7,,,,0
VID_ (30),11,0,0,,,,0
VID_ (30),11,0,1,,,,0
VID_ (30),11,0,2,,,,0
VID_ (30),11,0,3,,,,0
VID_ (30),11,0,4,,,,0
VID_ (30),11,0,5,,,,0
VID_ (30),11,0,6,,,,0
VID_ (30),11,0,7,,,,0
VID_ (30),12,0,0,-9.57,-7.19,-14.3,1
VID_ (30),12,0,1,-7.19,-10.46,-17.13,1
VID_ (30),12,0,2,-9.83,-10.93,-15.84,1
VID_ (30),12,0,3,-13.8,-12.43,-15.03,1
VID_ (30),12,0,4,-2.77,-13.26,-14.01,1
VID_ (30),12,0,5,-9.43,-10.81,-14.83,1
VID_ (30),12,0,6,-12.15,-7.36,-14.43,1
VID_ (30),12,0,7,-2.03,-11.14,-15.79,1
VID_ (30),13,0,0,-74.75,0.89,-11.7,1
VID_ (30),13,0,1,-65.46,2.42,-8.05,1
VID_ (30),13,0,2,-81.32,4.78,-16.64,1
VID_ (30),13,0,3,-83.72,-1.9,-4.61,1
VID_ (30),13,0,4,-76.6,21.16,-33.4,1
VID_ (30),13,0,5,-82.16,19.41,-28.68,1
VID_ (30),13,0,6,-80.14,50.3,-70.32,1
VID_ (30),13,0,7,-75.13,11.01,-22.91,1
VID_ (30),14,0,0,,,,0
VID_ (30),14,0,1,,,,0
VID_ (30),14,0,2,-38.9,-15.53,5.7,1
VID_ (30),14,0,3,,,,0
VID_ (30),14,0,4,,,,0
VID_ (30),14,0,5,,,,0
VID_ (30),14,0,6,,,,0
VID_ (30),14,0,7,,,,0
VID_ (30),14,1,0,,,,0
VID_ (30),14,1,1,,,,0
VID_ (30),14,1,2,,,,0
VID_ (30),14,1,3,,,,0
VID_ (30),14,1,4,,,,0
VID_ (30),14,1,5,,,,0
VID_ (30),14,1,6,,,,0
VID_ (30),14,1,7,,,,0
VID_ (30),14,2,0,,,,0
VID_ (30),14,2,1,,,,0
VID_ (30),14,2,2,,,,0
VID_ (30),14,2,3,,,,0
VID_ (30),14,2,4,,,,0
VID_ (30),14,2,5,,,,0
VID_ (30),14,2,6,,,,0
VID_ (30),14,2,7,,,,0
VID_ (30),15,0,0,79.96,8.36,10.0,1
VID_ (30),15,0,1,78.91,33.21,34.22,1
VID_ (30),15,0,2,80.97,34.83,38.31,1
VID_ (30),15,0,3,23.82,11.07,8.45,1
VID_ (30),15,0,4,-14.47,-1.19,-0.93,1
VID_ (30),15,0,5,,,,0
VID_ (30),15,0,6,,,,0
VID_ (30),15,0,7,74.24,31.36,35.33,1
VID_ (30),16,0,0,-60.53,-19.04,22.54,1
VID_ (30),16,0,1,-75.25,-10.37,8.16,1
VID_ (30),16,0,2,-81.31,17.6,-22.14,1
VID_ (30),16,0,3,-81.53,26.1,-30.96,1
VID_ (30),16,0,4,-79.01,13.46,-18.85,1
VID_ (30),16,0,5,-77.32,17.37,-22.96,1
VID_ (30),16,0,6,-75.32,22.32,-27.25,1
VID_ (30),16,0,7,-66.45,7.44,-11.96,1
VID_ (30),17,0,0,76.1,28.82,37.04,1
VID_ (30),17,0,1,79.05,25.05,29.65,1
VID_ (30),17,0,2,79.71,-6.1,-3.75,1
VID_ (30),17,0,3,76.01,-6.41,-2.43,1
VID_ (30),17,0,4,,,,0
VID_ (30),17,0,5,,,,0
VID_ (30),17,0,6,63.02,2.43,-4.99,1
VID_ (30),17,0,7,,,,0
VID_ (30),18,0,0,-16.38,-3.63,-17.91,1
VID_ (30),18,0,1,-20.62,-6.11,-16.3,1
VID_ (30),18,0,2,-4.75,-9.46,-17.19,1
VID_ (30),18,0,3,-10.27,-9.58,-17.13,1
VID_ (30),18,0,4,-33.65,2.28,-17.64,1
VID_ (30),18,0,5,-25.02,-2.36,-15.38,1
VID_ (30),18,0,6,-35.0,1.42,-15.96,1
VID_ (30),18,0,7,-46.06,4.42,-16.98,1
VID_ (30),2,0,0,-51.17,-12.07,-0.19,1
VID_ (30),2,0,1,-54.56,-5.57,-7.91,1
VID_ (30),2,0,2,-70.98,-16.57,-3.23,1
VID_ (30),2,0,3,-74.08,-22.71,-1.72,1
VID_ (30),2,0,4,-76.01,-25.58,3.01,1
VID_ (30),2,0,5,-80.17,2.95,-24.79,1
VID_ (30),2,0,6,-43.08,-4.4,-19.99,1
VID_ (30),2,0,7,-41.84,-8.87,-14.2,1
VID_ (30),2,1,0,-76.01,-25.58,3.01,1
VID_ (30),2,1,1,-80.17,2.95,-24.79,1
VID_ (30),2,1,2,-43.08,-4.4,-19.99,1
VID_ (30),2,1,3,-41.84,-8.87,-14.2,1
VID_ (30),2,1,4,-58.36,-2.44,-22.13,1
VID_ (30),2,1,5,-56.8,-6.44,-27.37,1
VID_ (30),2,1,6,-31.81,-16.84,-14.78,1
VID_ (30),2,1,7,-35.23,-17.1,-14.58,1
VID_ (30),2,2,0,-58.36,-2.44,-22.13,1
VID_ (30),2,2,1,-56.8,-6.44,-27.37,1
VID_ (30),2,2,2,-31.81,-16.84,-14.78,1
VID_ (30),2,2,3,-35.23,-17.1,-14.58,1
VID_ (30),2,2,4,-22.32,-5.96,-15.09,1
VID_ (30),2,2,5,-15.88,-8.31,-15.64,1
VID_ (30),2,2,6,-38.65,-18.67,-10.9,1
VID_ (30),2,2,7,-22.46,-11.13,-22.01,1
VID_ (30),2,3,0,-22.32,-5.96,-15.09,1
VID_ (30),2,3,1,-15.88,-8.31,-15.64,1
VID_ (30),2,3,2,-38.65,-18.67,-10.9,1
VID_ (30),2,3,3,-22.46,-11.13,-22.01,1
VID_ (30),2,3,4,-18.03,-9.74,-18.35,1
VID_ (30),2,3,5,-76.63,0.76,-31.85,1
VID_ (30),2,3,6,-77.91,9.71,-50.17,1
VID_ (30),2,3,7,-77.44,-16.66,-6.12,1
VID_ (30),2,4,0,-18.03,-9.74,-18.35,1
VID_ (30),2,4,1,-76.63,0.76,-31.85,1
VID_ (30),2,4,2,-77.91,9.71,-50.17,1
VID_ (30),2,4,3,-77.44,-16.66,-6.12,1
VID_ (30),2,4,4,-81.8,-2.51,-35.82,1
VID_ (30),2,4,5,-46.43,-12.71,-22.6,1
VID_ (30),2,4,6,-75.2,-9.19,-26.39,1
VID_ (30),2,4,7,-70.48,-0.74,-33.66,1
VID_ (30),2,5,0,-81.8,-2.51,-35.82,1
VID_ (30),2,5,1,-46.43,-12.71,-22.6,1
VID_ (30),2,5,2,-75.2,-9.19,-26.39,1
VID_ (30),2,5,3,-70.48,-0.74,-33.66,1
VID_ (30),2,5,4,-70.62,-0.03,-37.6,1
VID_ (30),2,5,5,-63.51,-0.16,-37.37,1
VID_ (30),2,5,6,-26.63,-11.73,-14.58,1
VID_ (30),2,5,7,-6.79,-13.86,-12.73,1
VID_ (30),2,6,0,-70.62,-0.03,-37.6,1
VID_ (30),2,6,1,-63.51,-0.16,-37.37,1
VID_ (30),2,6,2,-26.63,-11.73,-14.58,1
VID_ (30),2,6,3,-6.79,-13.86,-12.73,1
VID_ (30),2,6,4,-14.88,-15.68,-11.98,1
VID_ (30),2,6,5,-22.12,-14.85,-4.87,1
VID_ (30),2,6,6,-7.59,-13.86,-12.22,1
VID_ (30),2,6,7,-8.67,-14.44,-13.13,1
VID_ (30),2,7,0,-14.88,-15.68,-11.98,1
VID_ (30),2,7,1,-22.12,-14.85,-4.87,1
VID_ (30),2,7,2,-7.59,-13.86,-12.22,1
VID_ (30),2,7,3,-8.67,-14.44,-13.13,1
VID_ (30),2,7,4,-9.24,-10.7,-16.38,1
VID_ (30),2,7,5,-12.52,-9.5,-15.56,1
VID_ (30),2,7,6,-15.4,-11.19,-15.14,1
VID_ (30),2,7,7,-4.92,-11.9,-14.11,1
VID_ (30),2,8,0,-9.24,-10.7,-16.38,1
VID_ (30),2,8,1,-12.52,-9.5,-15.56,1
VID_ (30),2,8,2,-15.4,-11.19,-15.14,1
VID_ (30),2,8,3,-4.92,-11.9,-14.11,1
VID_ (30),2,8,4,-12.74,-9.71,-15.45,1
VID_ (30),2,8,5,-13.81,-7.67,-15.19,1
VID_ (30),2,8,6,-13.55,-11.44,-15.44,1
VID_ (30),2,8,7,-77.43,18.78,-43.76,1
VID_ (30),2,9,0,-12.74,-9.71,-15.45,1
VID_ (30),2,9,1,-13.81,-7.67,-15.19,1
VID_ (30),2,9,2,-13.55,-11.44,-15.44,1
VID_ (30),2,9,3,-77.43,18.78,-43.76,1
VID_ (30),2,9,4,-79.12,26.3,-45.02,1
VID_ (30),2,9,5,-78.0,19.83,-42.95,1
VID_ (30),2,9,6,-67.05,3.33,-24.24,1
VID_ (30),2,9,7,-18.76,-8.17,-4.44,1
VID_ (30),2,10,0,-79.12,26.3,-45.02,1
VID_ (30),2,10,1,-78.0,19.83,-42.95,1
VID_ (30),2,10,2,-67.05,3.33,-24.24,1
VID_ (30),2,10,3,-18.76,-8.17,-4.44,1
VID_ (30),2,10,4,9.16,-9.84,-10.12,1
VID_ (30),2,10,5,-3.18,-8.65,-10.98,1
VID_ (30),2,10,6,-17.21,-12.63,-8.75,1
VID_ (30),2,10,7,-16.37,-6.61,-13.92,1
VID_ (30),2,11,0,9.16,-9.84,-10.12,1
VID_ (30),2,11,1,-3.18,-8.65,-10.98,1
VID_ (30),2,11,2,-17.21,-12.63,-8.75,1
VID_ (30),2,11,3,-16.37,-6.61,-13.92,1
VID_ (30),2,11,4,-14.06,-5.22,-14.92,1
VID_ (30),2,11,5,-19.87,-3.69,-16.23,1
VID_ (30),2,11,6,-69.19,-5.11,-5.75,1
VID_ (30),2,11,7,-5.82,-11.67,-16.49,1
VID_ (30),2,12,0,-14.06,-5.22,-14.92,1
VID_ (30),2,12,1,-19.87,-3.69,-16.23,1
VID_ (30),2,12,2,-69.19,-5.11,-5.75,1
VID_ (30),2,12,3,-5.82,-11.67,-16.49,1
VID_ (30),2,12,4,-5.34,-11.01,-16.22,1
VID_ (30),2,12,5,-26.26,0.69,-16.51,1
VID_ (30),2,12,6,-36.06,-1.6,-14.02,1
VID_ (30),2,12,7,-32.7,-1.22,-12.91,1
VID_ (30),2,13,0,-5.34,-11.01,-16.22,1
VID_ (30),2,13,1,-26.26,0.69,-16.51,1
VID_ (30),2,13,2,-36.06,-1.6,-14.02,1
VID_ (30),2,13,3,-32.7,-1.22,-12.91,1
VID_ (30),2,13,4,-40.79,0.05,-12.76,1
VID_ (30),2,13,5,-38.52,0.64,-13.53,1
VID_ (30),2,13,6,-37.57,0.5,-13.99,1
VID_ (30),2,13,7,-18.58,-7.34,-13.64,1
VID_ (30),2,14,0,-40.79,0.05,-12.76,1
VID_ (30),2,14,1,-38.52,0.64,-13.53,1
VID_ (30),2,14,2,-37.57,0.5,-13.99,1
VID_ (30),2,14,3,-18.58,-7.34,-13.64,1
VID_ (30),2,14,4,-13.29,-6.24,-15.22,1
VID_ (30),2,14,5,-18.09,-3.58,-16.78,1
VID_ (30),2,14,6,-67.09,9.98,-30.76,1
VID_ (30),2,14,7,-24.1,-5.51,-9.29,1
VID_ (30),3,0,0,86.69,6.5,7.73,1
VID_ (30),3,0,1,82.19,45.78,51.84,1
VID_ (30),3,0,2,80.37,49.79,53.44,1
VID_ (30),3,0,3,84.52,14.84,13.88,1
VID_ (30),3,0,4,84.2,40.94,43.31,1
VID_ (30),3,0,5,79.72,30.61,30.22,1
VID_ (30),3,0,6,85.46,34.75,37.95,1
VID_ (30),3,0,7,,,,0
VID_ (30),3,1,0,84.2,40.94,43.31,1
VID_ (30),3,1,1,79.72,30.61,30.22,1
VID_ (30),3,1,2,85.46,34.75,37.95,1
VID_ (30),3,1,3,,,,0
VID_ (30),3,1,4,,,,0
VID_ (30),3,1,5,,,,0
VID_ (30),3,1,6,14.67,-4.41,-8.89,1
VID_ (30),3,1,7,-14.71,0.31,-11.18,1
VID_ (30),3,2,0,,,,0
VID_ (30),3,2,1,,,,0
VID_ (30),3,2,2,14.67,-4.41,-8.89,1
VID_ (30),3,2,3,-14.71,0.31,-11.18,1
VID_ (30),3,2,4,75.13,-25.43,-27.29,1
VID_ (30),3,2,5,72.98,-16.24,-19.84,1
VID_ (30),3,2,6,,,,0
VID_ (30),3,2,7,,,,0
VID_ (30),3,3,0,75.13,-25.43,-27.29,1
VID_ (30),3,3,1,72.98,-16.24,-19.84,1
VID_ (30),3,3,2,,,,0
VID_ (30),3,3,3,,,,0
VID_ (30),3,3,4,79.54,-32.73,-31.67,1
VID_ (30),3,3,5,81.56,-23.89,-22.9,1
VID_ (30),3,3,6,84.17,-19.63,-17.49,1
VID_ (30),3,3,7,,,,0
VID_ (30),3,4,0,79.54,-32.73,-31.67,1
VID_ (30),3,4,1,81.56,-23.89,-22.9,1
VID_ (30),3,4,2,84.17,-19.63,-17.49,1
VID_ (30),3,4,3,,,,0
VID_ (30),3,4,4,67.91,-3.83,1.94,1
VID_ (30),3,4,5,65.84,3.26,10.15,1
VID_ (30),3,4,6,67.74,15.37,22.5,1
VID_ (30),3,4,7,,,,0
VID_ (30),3,5,0,67.91,-3.83,1.94,1
VID_ (30),3,5,1,65.84,3.26,10.15,1
VID_ (30),3,5,2,67.74,15.37,22.5,1
VID_ (30),3,5,3,,,,0
VID_ (30),3,5,4,81.99,5.88,8.12,1
VID_ (30),3,5,5,82.97,-20.29,-16.95,1
VID_ (30),3,5,6,79.63,-15.85,-16.57,1
VID_ (30),3,5,7,80.23,-22.04,-18.1,1
VID_ (30),3,6,0,81.99,5.88,8.12,1
VID_ (30),3,6,1,82.97,-20.29,-16.95,1
VID_ (30),3,6,2,79.63,-15.85,-16.57,1
VID_ (30),3,6,3,80.23,-22.04,-18.1,1
VID_ (30),3,6,4,81.57,-6.02,0.68,1
VID_ (30),3,6,5,,,,0
VID_ (30),3,6,6,,,,0
VID_ (30),3,6,7,,,,0
VID_ (30),3,7,0,81.57,-6.02,0.68,1
VID_ (30),3,7,1,,,,0
VID_ (30),3,7,2,,,,0
VID_ (30),3,7,3,,,,0
VID_ (30),3,7,4,,,,0
VID_ (30),3,7,5,,,,0
VID_ (30),3,7,6,81.61,12.58,17.67,1
VID_ (30),3,7,7,82.27,12.04,16.56,1
VID_ (30),3,8,0,,,,0
VID_ (30),3,8,1,,,,0
VID_ (30),3,8,2,81.61,12.58,17.67,1
VID_ (30),3,8,3,82.27,12.04,16.56,1
VID_ (30),3,8,4,,,,0
VID_ (30),3,8,5,82.22,15.14,18.87,1
VID_ (30),3,8,6,71.25,9.24,6.26,1
VID_ (30),3,8,7,67.8,3.5,15.34,1
VID_ (30),3,9,0,,,,0
VID_ (30),3,9,1,82.22,15.14,18.87,1
VID_ (30),3,9,2,71.25,9.24,6.26,1
VID_ (30),3,9,3,67.8,3.5,15.34,1
VID_ (30),3,9,4,,,,0
VID_ (30),3,9,5,,,,0
VID_ (30),3,9,6,,,,0
VID_ (30),3,9,7,72.54,29.35,34.52,1
VID_ (30),3,10,0,,,,0
VID_ (30),3,10,1,,,,0
VID_ (30),3,10,2,,,,0
VID_ (30),3,10,3,72.54,29.35,34.52,1
VID_ (30),3,10,4,76.87,33.41,38.16,1
VID_ (30),3,10,5,77.78,34.72,40.91,1
VID_ (30),3,10,6,76.78,38.44,44.69,1
VID_ (30),3,10,7,78.33,27.74,31.32,1
VID_ (30),3,11,0,76.87,33.41,38.16,1
VID_ (30),3,11,1,77.78,34.72,40.91,1
VID_ (30),3,11,2,76.78,38.44,44.69,1
VID_ (30),3,11,3,78.33,27.74,31.32,1
VID_ (30),3,11,4,80.05,-0.37,2.97,1
VID_ (30),3,11,5,79.09,15.49,23.42,1
VID_ (30),3,11,6,77.13,8.7,11.21,1
VID_ (30),3,11,7,,,,0
VID_ (30),3,12,0,80.05,-0.37,2.97,1
VID_ (30),3,12,1,79.09,15.49,23.42,1
VID_ (30),3,12,2,77.13,8.7,11.21,1
VID_ (30),3,12,3,,,,0
VID_ (30),3,12,4,75.02,2.91,1.21,1
VID_ (30),3,12,5,79.09,-0.57,-1.38,1
VID_ (30),3,12,6,,,,0
VID_ (30),3,12,7,75.87,11.31,9.83,1
VID_ (30),3,13,0,75.02,2.91,1.21,1
VID_ (30),3,13,1,79.09,-0.57,-1.38,1
VID_ (30),3,13,2,,,,0
VID_ (30),3,13,3,75.87,11.31,9.83,1
VID_ (30),3,13,4,78.5,2.81,5.01,1
VID_ (30),3,13,5,76.52,-1.44,-3.15,1
VID_ (30),3,13,6,,,,0
VID_ (30),3,13,7,,,,0
VID_ (30),3,14,0,78.5,2.81,5.01,1
VID_ (30),3,14,1,76.52,-1.44,-3.15,1
VID_ (30),3,14,2,,,,0
VID_ (30),3,14,3,,,,0
VID_ (30),3,14,4,,,,0
VID_ (30),3,14,5,,,,0
VID_ (30),3,14,6,,,,0
VID_ (30),3,14,7,80.7,46.79,53.21,1
VID_ (30),4,0,0,-83.27,16.0,-24.22,1
VID_ (30),4,0,1,-81.85,32.22,-42.6,1
VID_ (30),4,0,2,-81.57,33.69,-43.2,1
VID_ (30),4,0,3,-83.87,9.83,-19.34,1
VID_ (30),4,0,4,-85.71,56.57,-69.9,1
VID_ (30),4,0,5,-82.35,38.61,-45.73,1
VID_ (30),4,0,6,-84.11,26.83,-37.02,1
VID_ (30),4,0,7,-82.25,36.94,-52.9,1
VID_ (30),4,1,0,-85.71,56.57,-69.9,1
VID_ (30),4,1,1,-82.35,38.61,-45.73,1
VID_ (30),4,1,2,-84.11,26.83,-37.02,1
VID_ (30),4,1,3,-82.25,36.94,-52.9,1
VID_ (30),4,1,4,-81.12,10.62,-16.89,1
VID_ (30),4,1,5,-83.84,17.34,-25.5,1
VID_ (30),4,1,6,-83.87,26.47,-35.1,1
VID_ (30),4,1,7,-83.58,52.52,-69.61,1
VID_ (30),4,2,0,-81.12,10.62,-16.89,1
VID_ (30),4,2,1,-83.84,17.34,-25.5,1
VID_ (30),4,2,2,-83.87,26.47,-35.1,1
VID_ (30),4,2,3,-83.58,52.52,-69.61,1
VID_ (30),4,2,4,-82.85,-9.5,0.73,1
VID_ (30),4,2,5,-83.09,25.16,-36.65,1
VID_ (30),4,2,6,-81.36,46.47,-63.05,1
VID_ (30),4,2,7,-84.06,35.47,-47.29,1
VID_ (30),4,3,0,-82.85,-9.5,0.73,1
VID_ (30),4,3,1,-83.09,25.16,-36.65,1
VID_ (30),4,3,2,-81.36,46.47,-63.05,1
VID_ (30),4,3,3,-84.06,35.47,-47.29,1
VID_ (30),4,3,4,-85.17,20.76,-31.13,1
VID_ (30),4,3,5,-83.26,11.58,-18.4,1
VID_ (30),4,3,6,-77.92,-12.5,7.96,1
VID_ (30),4,3,7,-67.21,1.14,-4.48,1
VID_ (30),4,4,0,-85.17,20.76,-31.13,1
VID_ (30),4,4,1,-83.26,11.58,-18.4,1
VID_ (30),4,4,2,-77.92,-12.5,7.96,1
VID_ (30),4,4,3,-67.21,1.14,-4.48,1
VID_ (30),4,4,4,-75.86,11.34,-16.6,1
VID_ (30),4,4,5,-78.49,6.6,-10.85,1
VID_ (30),4,4,6,-71.08,7.34,-10.14,1
VID_ (30),4,4,7,-79.52,-20.61,15.05,1
VID_ (30),4,5,0,-75.86,11.34,-16.6,1
VID_ (30),4,5,1,-78.49,6.6,-10.85,1
VID_ (30),4,5,2,-71.08,7.34,-10.14,1
VID_ (30),4,5,3,-79.52,-20.61,15.05,1
VID_ (30),4,5,4,-74.54,-2.77,-3.85,1
VID_ (30),4,5,5,-81.08,3.39,-9.52,1
VID_ (30),4,5,6,-80.88,7.74,-14.34,1
VID_ (30),4,5,7,-82.84,-8.55,5.75,1
VID_ (30),4,6,0,-74.54,-2.77,-3.85,1
VID_ (30),4,6,1,-81.08,3.39,-9.52,1
VID_ (30),4,6,2,-80.88,7.74,-14.34,1
VID_ (30),4,6,3,-82.84,-8.55,5.75,1
VID_ (30),4,6,4,-81.57,1.15,-10.55,1
VID_ (30),4,6,5,-79.27,-19.38,13.77,1
VID_ (30),4,6,6,-75.73,-11.79,10.75,1
VID_ (30),4,6,7,-81.41,2.51,-6.71,1
VID_ (30),4,7,0,-81.57,1.15,-10.55,1
VID_ (30),4,7,1,-79.27,-19.38,13.77,1
VID_ (30),4,7,2,-75.73,-11.79,10.75,1
VID_ (30),4,7,3,-81.41,2.51,-6.71,1
VID_ (30),4,7,4,-78.84,4.75,-8.97,1
VID_ (30),4,7,5,-71.55,4.22,-10.31,1
VID_ (30),4,7,6,-78.44,-12.4,0.2,1
VID_ (30),4,7,7,-82.08,1.67,-5.46,1
VID_ (30),4,8,0,-78.84,4.75,-8.97,1
VID_ (30),4,8,1,-71.55,4.22,-10.31,1
VID_ (30),4,8,2,-78.44,-12.4,0.2,1
VID_ (30),4,8,3,-82.08,1.67,-5.46,1
VID_ (30),4,8,4,-77.36,21.01,-28.19,1
VID_ (30),4,8,5,-83.88,10.94,-16.37,1
VID_ (30),4,8,6,-79.82,41.69,-59.81,1
VID_ (30),4,8,7,-71.85,12.28,-19.5,1
VID_ (30),4,9,0,-77.36,21.01,-28.19,1
VID_ (30),4,9,1,-83.88,10.94,-16.37,1
VID_ (30),4,9,2,-79.82,41.69,-59.81,1
VID_ (30),4,9,3,-71.85,12.28,-19.5,1
VID_ (30),4,9,4,-71.96,8.46,-19.68,1
VID_ (30),4,9,5,-77.34,18.31,-22.61,1
VID_ (30),4,9,6,-78.57,14.61,-23.56,1
VID_ (30),4,9,7,-77.22,-2.87,-3.0,1
VID_ (30),4,10,0,-71.96,8.46,-19.68,1
VID_ (30),4,10,1,-77.34,18.31,-22.61,1
VID_ (30),4,10,2,-78.57,14.61,-23.56,1
VID_ (30),4,10,3,-77.22,-2.87,-3.0,1
VID_ (30),4,10,4,-81.57,-15.1,9.13,1
VID_ (30),4,10,5,-82.45,-14.79,8.11,1
VID_ (30),4,10,6,-73.27,-1.86,-3.56,1
VID_ (30),4,10,7,-75.61,0.14,-8.34,1
VID_ (30),4,11,0,-81.57,-15.1,9.13,1
VID_ (30),4,11,1,-82.45,-14.79,8.11,1
VID_ (30),4,11,2,-73.27,-1.86,-3.56,1
VID_ (30),4,11,3,-75.61,0.14,-8.34,1
VID_ (30),4,11,4,-76.17,7.05,-15.12,1
VID_ (30),4,11,5,-74.61,6.12,-16.12,1
VID_ (30),4,11,6,-77.66,12.98,-22.58,1
VID_ (30),4,11,7,-79.26,4.89,-8.37,1
VID_ (30),4,12,0,-76.17,7.05,-15.12,1
VID_ (30),4,12,1,-74.61,6.12,-16.12,1
VID_ (30),4,12,2,-77.66,12.98,-22.58,1
VID_ (30),4,12,3,-79.26,4.89,-8.37,1
VID_ (30),4,12,4,-83.62,11.13,-15.2,1
VID_ (30),4,12,5,-82.01,-2.76,-5.01,1
VID_ (30),4,12,6,-82.31,-6.4,-0.42,1
VID_ (30),4,12,7,-80.46,0.11,-6.79,1
VID_ (30),4,13,0,-83.62,11.13,-15.2,1
VID_ (30),4,13,1,-82.01,-2.76,-5.01,1
VID_ (30),4,13,2,-82.31,-6.4,-0.42,1
VID_ (30),4,13,3,-80.46,0.11,-6.79,1
VID_ (30),4,13,4,-84.34,-32.96,26.31,1
VID_ (30),4,13,5,-80.24,9.1,-17.81,1
VID_ (30),4,13,6,-79.81,11.11,-20.05,1
VID_ (30),4,13,7,-80.03,5.83,-17.26,1
VID_ (30),4,14,0,-84.34,-32.96,26.31,1
VID_ (30),4,14,1,-80.24,9.1,-17.81,1
VID_ (30),4,14,2,-79.81,11.11,-20.05,1
VID_ (30),4,14,3,-80.03,5.83,-17.26,1
VID_ (30),4,14,4,-83.25,-0.73,-6.35,1
VID_ (30),4,14,5,-81.45,9.65,-18.99,1
VID_ (30),4,14,6,-83.86,-14.96,11.71,1
VID_ (30),4,14,7,-83.98,11.25,-14.32,1
VID_ (30),5,0,0,,,,0
VID_ (30),5,0,1,,,,0
VID_ (30),5,0,2,,,,0
VID_ (30),5,0,3,,,,0
VID_ (30),5,0,4,,,,0
VID_ (30),5,0,5,,,,0
VID_ (30),5,0,6,,,,0
VID_ (30),5,0,7,,,,0
VID_ (30),6,0,0,,,,0
VID_ (30),6,0,1,,,,0
VID_ (30),6,0,2,,,,0
VID_ (30),6,0,3,,,,0
VID_ (30),6,0,4,,,,0
VID_ (30),6,0,5,,,,0
VID_ (30),6,0,6,,,,0
VID_ (30),6,0,7,,,,0
VID_ (30),7,0,0,-47.7,4.47,-25.13,1
VID_ (30),7,0,1,-82.12,37.0,-57.25,1
VID_ (30),7,0,2,-81.69,24.67,-42.13,1
VID_ (30),7,0,3,-78.28,-9.79,-8.25,1
VID_ (30),7,0,4,-41.75,-16.31,-11.77,1
VID_ (30),7,0,5,-33.17,-13.64,-16.56,1
VID_ (30),7,0,6,-82.01,14.52,-31.39,1
VID_ (30),7,0,7,-82.08,18.58,-37.75,1
VID_ (30),7,1,0,-41.75,-16.31,-11.77,1
VID_ (30),7,1,1,-33.17,-13.64,-16.56,1
VID_ (30),7,1,2,-82.01,14.52,-31.39,1
VID_ (30),7,1,3,-82.08,18.58,-37.75,1
VID_ (30),7,1,4,-79.18,31.31,-50.96,1
VID_ (30),7,1,5,-81.1,7.59,-26.99,1
VID_ (30),7,1,6,-81.61,16.19,-34.38,1
VID_ (30),7,1,7,-60.25,-8.65,-3.51,1
VID_ (30),7,2,0,-79.18,31.31,-50.96,1
VID_ (30),7,2,1,-81.1,7.59,-26.99,1
VID_ (30),7,2,2,-81.61,16.19,-34.38,1
VID_ (30),7,2,3,-60.25,-8.65,-3.51,1
VID_ (30),7,2,4,-83.11,19.9,-41.56,1
VID_ (30),7,2,5,-81.88,35.92,-52.85,1
VID_ (30),7,2,6,-82.07,38.42,-50.88,1
VID_ (30),7,2,7,-82.05,28.17,-40.78,1
VID_ (30),7,3,0,-83.11,19.9,-41.56,1
VID_ (30),7,3,1,-81.88,35.92,-52.85,1
VID_ (30),7,3,2,-82.07,38.42,-50.88,1
VID_ (30),7,3,3,-82.05,28.17,-40.78,1
VID_ (30),7,3,4,-80.58,6.08,-15.71,1
VID_ (30),7,3,5,-63.38,-3.28,-22.47,1
VID_ (30),7,3,6,-57.76,-8.73,-16.74,1
VID_ (30),7,3,7,-25.22,-6.74,-19.08,1
VID_ (30),7,4,0,-80.58,6.08,-15.71,1
VID_ (30),7,4,1,-63.38,-3.28,-22.47,1
VID_ (30),7,4,2,-57.76,-8.73,-16.74,1
VID_ (30),7,4,3,-25.22,-6.74,-19.08,1
VID_ (30),7,4,4,-14.29,-9.85,-13.94,1
VID_ (30),7,4,5,-7.31,-10.3,-11.16,1
VID_ (30),7,4,6,-14.49,-12.33,-12.9,1
VID_ (30),7,4,7,-21.54,-15.22,-4.89,1
VID_ (30),7,5,0,-14.29,-9.85,-13.94,1
VID_ (30),7,5,1,-7.31,-10.3,-11.16,1
VID_ (30),7,5,2,-14.49,-12.33,-12.9,1
VID_ (30),7,5,3,-21.54,-15.22,-4.89,1
VID_ (30),7,5,4,-8.12,-11.96,-12.67,1
VID_ (30),7,5,5,-9.17,-10.74,-13.01,1
VID_ (30),7,5,6,-6.85,-8.98,-18.22,1
VID_ (30),7,5,7,-13.16,-7.72,-17.08,1
VID_ (30),7,6,0,-8.12,-11.96,-12.67,1
VID_ (30),7,6,1,-9.17,-10.74,-13.01,1
VID_ (30),7,6,2,-6.85,-8.98,-18.22,1
VID_ (30),7,6,3,-13.16,-7.72,-17.08,1
VID_ (30),7,6,4,-14.88,-7.91,-15.77,1
VID_ (30),7,6,5,24.46,-12.52,-13.26,1
VID_ (30),7,6,6,-14.54,-9.28,-15.23,1
VID_ (30),7,6,7,-9.57,-12.39,-13.67,1
VID_ (30),7,7,0,-14.88,-7.91,-15.77,1
VID_ (30),7,7,1,24.46,-12.52,-13.26,1
VID_ (30),7,7,2,-14.54,-9.28,-15.23,1
VID_ (30),7,7,3,-9.57,-12.39,-13.67,1
VID_ (30),7,7,4,-17.94,-11.38,-13.97,1
VID_ (30),7,7,5,-77.3,19.73,-49.26,1
VID_ (30),7,7,6,-79.11,20.78,-45.19,1
VID_ (30),7,7,7,-71.64,7.53,-30.65,1
VID_ (30),7,8,0,-17.94,-11.38,-13.97,1
VID_ (30),7,8,1,-77.3,19.73,-49.26,1
VID_ (30),7,8,2,-79.11,20.78,-45.19,1
VID_ (30),7,8,3,-71.64,7.53,-30.65,1
VID_ (30),7,8,4,-42.99,-4.5,-13.91,1
VID_ (30),7,8,5,-30.18,-11.62,-9.79,1
VID_ (30),7,8,6,-26.2,-10.58,-10.27,1
VID_ (30),7,8,7,-26.25,-11.87,-10.03,1
VID_ (30),7,9,0,-42.99,-4.5,-13.91,1
VID_ (30),7,9,1,-30.18,-11.62,-9.79,1
VID_ (30),7,9,2,-26.2,-10.58,-10.27,1
VID_ (30),7,9,3,-26.25,-11.87,-10.03,1
VID_ (30),7,9,4,-21.64,-12.15,-9.15,1
VID_ (30),7,9,5,-17.63,-5.76,-14.45,1
VID_ (30),7,9,6,-9.54,-10.7,-14.57,1
VID_ (30),7,9,7,-14.27,-10.0,-14.96,1
VID_ (30),7,10,0,-21.64,-12.15,-9.15,1
VID_ (30),7,10,1,-17.63,-5.76,-14.45,1
VID_ (30),7,10,2,-9.54,-10.7,-14.57,1
VID_ (30),7,10,3,-14.27,-10.0,-14.96,1
VID_ (30),7,10,4,-19.81,-17.07,-13.07,1
VID_ (30),7,10,5,-10.66,-13.93,-16.54,1
VID_ (30),7,10,6,-13.85,-16.14,-13.96,1
VID_ (30),7,10,7,-25.56,-8.99,-12.24,1
VID_ (30),7,11,0,-19.81,-17.07,-13.07,1
VID_ (30),7,11,1,-10.66,-13.93,-16.54,1
VID_ (30),7,11,2,-13.85,-16.14,-13.96,1
VID_ (30),7,11,3,-25.56,-8.99,-12.24,1
VID_ (30),7,11,4,-23.51,-10.64,-11.45,1
VID_ (30),7,11,5,-32.14,-6.84,-10.42,1
VID_ (30),7,11,6,-32.12,-5.9,-11.14,1
VID_ (30),7,11,7,-28.64,-6.9,-11.14,1
VID_ (30),7,12,0,-23.51,-10.64,-11.45,1
VID_ (30),7,12,1,-32.14,-6.84,-10.42,1
VID_ (30),7,12,2,-32.12,-5.9,-11.14,1
VID_ (30),7,12,3,-28.64,-6.9,-11.14,1
VID_ (30),7,12,4,-23.67,-7.85,-10.59,1
VID_ (30),7,12,5,-14.43,-15.69,-11.36,1
VID_ (30),7,12,6,-11.37,-14.36,-12.71,1
VID_ (30),7,12,7,-15.43,-14.33,-12.26,1
VID_ (30),8,0,0,71.09,-33.25,-32.56,1
VID_ (30),8,0,1,68.26,-16.21,-18.54,1
VID_ (30),8,0,2,80.92,-40.18,-37.3,1
VID_ (30),8,0,3,,,,0
VID_ (30),8,0,4,80.24,-45.64,-43.09,1
VID_ (30),8,0,5,79.28,-29.78,-27.87,1
VID_ (30),8,0,6,78.25,-14.9,-12.04,1
VID_ (30),8,0,7,61.54,-4.29,0.67,1
VID_ (30),8,1,0,80.24,-45.64,-43.09,1
VID_ (30),8,1,1,79.28,-29.78,-27.87,1
VID_ (30),8,1,2,78.25,-14.9,-12.04,1
VID_ (30),8,1,3,61.54,-4.29,0.67,1
VID_ (30),8,1,4,57.97,-6.98,0.59,1
VID_ (30),8,1,5,61.01,-4.12,3.21,1
VID_ (30),8,1,6,46.94,3.83,9.83,1
VID_ (30),8,1,7,63.01,12.26,16.42,1
VID_ (30),8,2,0,57.97,-6.98,0.59,1
VID_ (30),8,2,1,61.01,-4.12,3.21,1
VID_ (30),8,2,2,46.94,3.83,9.83,1
VID_ (30),8,2,3,63.01,12.26,16.42,1
VID_ (30),8,2,4,78.02,10.49,12.69,1
VID_ (30),8,2,5,78.48,-10.04,-11.12,1
VID_ (30),8,2,6,79.54,-24.16,-25.61,1
VID_ (30),8,2,7,83.22,-32.0,-26.47,1
VID_ (30),8,3,0,78.02,10.49,12.69,1
VID_ (30),8,3,1,78.48,-10.04,-11.12,1
VID_ (30),8,3,2,79.54,-24.16,-25.61,1
VID_ (30),8,3,3,83.22,-32.0,-26.47,1
VID_ (30),8,3,4,84.36,17.23,23.93,1
VID_ (30),8,3,5,,,,0
VID_ (30),8,3,6,,,,0
VID_ (30),8,3,7,80.84,30.4,32.48,1
VID_ (30),9,0,0,-83.9,21.14,-34.1,1
VID_ (30),9,0,1,-84.71,34.01,-48.11,1
VID_ (30),9,0,2,-80.36,11.38,-21.99,1
VID_ (30),9,0,3,-73.91,-10.06,4.28,1
VID_ (30),9,0,4,-70.31,0.89,-9.76,1
VID_ (30),9,0,5,-79.14,-0.17,-13.85,1
VID_ (30),9,0,6,-56.76,-6.17,-26.63,1
VID_ (30),9,0,7,-80.72,2.65,-12.17,1
VID_ (30),9,1,0,-70.31,0.89,-9.76,1
VID_ (30),9,1,1,-79.14,-0.17,-13.85,1
VID_ (30),9,1,2,-56.76,-6.17,-26.63,1
VID_ (30),9,1,3,-80.72,2.65,-12.17,1
VID_ (30),9,1,4,-80.6,10.7,-26.99,1
VID_ (30),9,1,5,-68.99,3.04,-37.89,1
VID_ (30),9,1,6,-54.32,0.62,-31.55,1
VID_ (30),9,1,7,-37.59,-10.81,-18.91,1
VID_ (4),1,0,0,,,,0
VID_ (4),1,0,1,,,,0
VID_ (4),1,0,2,,,,0
VID_ (4),1,0,3,,,,0
VID_ (4),1,0,4,20.13,35.17,-10.2,1
VID_ (4),1,0,5,,,,0
VID_ (4),1,0,6,,,,0
VID_ (4),1,0,7,,,,0
VID_ (4),1,1,0,20.13,35.17,-10.2,1
VID_ (4),1,1,1,,,,0
VID_ (4),1,1,2,,,,0
VID_ (4),1,1,3,,,,0
VID_ (4),1,1,4,,,,0
VID_ (4),1,1,5,,,,0
VID_ (4),1,1,6,,,,0
VID_ (4),1,1,7,,,,0
VID_ (4),1,2,0,,,,0
VID_ (4),1,2,1,,,,0
VID_ (4),1,2,2,,,,0
VID_ (4),1,2,3,,,,0
VID_ (4),1,2,4,,,,0
VID_ (4),1,2,5,,,,0
VID_ (4),1,2,6,,,,0
VID_ (4),1,2,7,,,,0
VID_ (4),1,3,0,,,,0
VID_ (4),1,3,1,,,,0
VID_ (4),1,3,2,,,,0
VID_ (4),1,3,3,,,,0
VID_ (4),1,3,4,29.67,3.41,3.68,1
VID_ (4),1,3,5,34.0,7.52,7.1,1
VID_ (4),1,3,6,37.24,8.55,13.71,1
VID_ (4),1,3,7,,,,0
VID_ (4),1,4,0,29.67,3.41,3.68,1
VID_ (4),1,4,1,34.0,7.52,7.1,1
VID_ (4),1,4,2,37.24,8.55,13.71,1
VID_ (4),1,4,3,,,,0
VID_ (4),1,4,4,,,,0
VID_ (4),1,4,5,,,,0
VID_ (4),1,4,6,,,,0
VID_ (4),1,4,7,,,,0
VID_ (4),1,5,0,,,,0
VID_ (4),1,5,1,,,,0
VID_ (4),1,5,2,,,,0
VID_ (4),1,5,3,,,,0
VID_ (4),1,5,4,,,,0
VID_ (4),1,5,5,,,,0
VID_ (4),1,5,6,,,,0
VID_ (4),1,5,7,,,,0
VID_ (4),1,6,0,,,,0
VID_ (4),1,6,1,,,,0
VID_ (4),1,6,2,,,,0
VID_ (4),1,6,3,,,,0
VID_ (4),1,6,4,,,,0
VID_ (4),1,6,5,,,,0
VID_ (4),1,6,6,,,,0
VID_ (4),1,6,7,,,,0
VID_ (4),1,7,0,,,,0
VID_ (4),1,7,1,,,,0
VID_ (4),1,7,2,,,,0
VID_ (4),1,7,3,,,,0
VID_ (4),1,7,4,,,,0
VID_ (4),1,7,5,,,,0
VID_ (4),1,7,6,,,,0
VID_ (4),1,7,7,,,,0
VID_ (4),1,8,0,,,,0
VID_ (4),1,8,1,,,,0
VID_ (4),1,8,2,,,,0
VID_ (4),1,8,3,,,,0
VID_ (4),1,8,4,,,,0
VID_ (4),1,8,5,,,,0
VID_ (4),1,8,6,,,,0
VID_ (4),1,8,7,,,,0
VID_ (4),1,9,0,,,,0
VID_ (4),1,9,1,,,,0
VID_ (4),1,9,2,,,,0
VID_ (4),1,9,3,,,,0
VID_ (4),1,9,4,,,,0
VID_ (4),1,9,5,,,,0
VID_ (4),1,9,6,,,,0
VID_ (4),1,9,7,,,,0
VID_ (4),1,10,0,,,,0
VID_ (4),1,10,1,,,,0
VID_ (4),1,10,2,,,,0
VID_ (4),1,10,3,,,,0
VID_ (4),1,10,4,,,,0
VID_ (4),1,10,5,,,,0
VID_ (4),1,10,6,,,,0
VID_ (4),1,10,7,,,,0
VID_ (4),1,11,0,,,,0
VID_ (4),1,11,1,,,,0
VID_ (4),1,11,2,,,,0
VID_ (4),1,11,3,,,,0
VID_ (4),1,11,4,,,,0
VID_ (4),1,11,5,,,,0
VID_ (4),1,11,6,,,,0
VID_ (4),1,11,7,,,,0
VID_ (4),1,12,0,,,,0
VID_ (4),1,12,1,,,,0
VID_ (4),1,12,2,,,,0
VID_ (4),1,12,3,,,,0
VID_ (4),1,12,4,,,,0
VID_ (4),1,12,5,,,,0
VID_ (4),1,12,6,,,,0
VID_ (4),1,12,7,,,,0
VID_ (4),1,13,0,,,,0
VID_ (4),1,13,1,,,,0
VID_ (4),1,13,2,,,,0
VID_ (4),1,13,3,,,,0
VID_ (4),1,13,4,-36.11,16.72,3.78,1
VID_ (4),1,13,5,,,,0
VID_ (4),1,13,6,,,,0
VID_ (4),1,13,7,,,,0
VID_ (4),10,0,0,,,,0
VID_ (4),10,0,1,,,,0
VID_ (4),10,0,2,,,,0
VID_ (4),10,0,3,,,,0
VID_ (4),10,0,4,,,,0
VID_ (4),10,0,5,,,,0
VID_ (4),10,0,6,,,,0
VID_ (4),10,0,7,,,,0
VID_ (4),10,1,0,,,,0
VID_ (4),10,1,1,,,,0
VID_ (4),10,1,2,,,,0
VID_ (4),10,1,3,,,,0
VID_ (4),10,1,4,,,,0
VID_ (4),10,1,5,,,,0
VID_ (4),10,1,6,,,,0
VID_ (4),10,1,7,,,,0
VID_ (4),10,2,0,,,,0
VID_ (4),10,2,1,,,,0
VID_ (4),10,2,2,,,,0
VID_ (4),10,2,3,,,,0
VID_ (4),10,2,4,,,,0
VID_ (4),10,2,5,,,,0
VID_ (4),10,2,6,,,,0
VID_ (4),10,2,7,,,,0
VID_ (4),10,3,0,,,,0
VID_ (4),10,3,1,,,,0
VID_ (4),10,3,2,,,,0
VID_ (4),10,3,3,,,,0
VID_ (4),10,3,4,,,,0
VID_ (4),10,3,5,,,,0
VID_ (4),10,3,6,,,,0
VID_ (4),10,3,7,,,,0
VID_ (4),10,4,0,,,,0
VID_ (4),10,4,1,,,,0
VID_ (4),10,4,2,,,,0
VID_ (4),10,4,3,,,,0
VID_ (4),10,4,4,,,,0
VID_ (4),10,4,5,,,,0
VID_ (4),10,4,6,,,,0
VID_ (4),10,4,7,,,,0
VID_ (4),10,5,0,,,,0
VID_ (4),10,5,1,,,,0
VID_ (4),10,5,2,,,,0
VID_ (4),10,5,3,,,,0
VID_ (4),10,5,4,,,,0
VID_ (4),10,5,5,,,,0
VID_ (4),10,5,6,,,,0
VID_ (4),10,5,7,,,,0
VID_ (4),11,0,0,-2.94,-12.85,4.21,1
VID_ (4),11,0,1,0.1,-15.5,2.79,1
VID_ (4),11,0,2,-1.8,-10.02,3.92,1
VID_ (4),11,0,3,9.26,-12.23,5.45,1
VID_ (4),11,0,4,9.06,-12.57,2.7,1
VID_ (4),11,0,5,7.75,-12.86,1.51,1
VID_ (4),11,0,6,79.35,-5.68,0.56,1
VID_ (4),11,0,7,67.41,-10.6,-6.11,1
VID_ (4),12,0,0,,,,0
VID_ (4),12,0,1,23.32,-9.38,-10.61,1
VID_ (4),12,0,2,,,,0
VID_ (4),12,0,3,,,,0
VID_ (4),12,0,4,,,,0
VID_ (4),12,0,5,81.78,12.74,35.85,1
VID_ (4),12,0,6,77.21,19.94,43.28,1
VID_ (4),12,0,7,,,,0
VID_ (4),12,1,0,,,,0
VID_ (4),12,1,1,81.78,12.74,35.85,1
VID_ (4),12,1,2,77.21,19.94,43.28,1
VID_ (4),12,1,3,,,,0
VID_ (4),12,1,4,45.09,-20.25,4.06,1
VID_ (4),12,1,5,,,,0
VID_ (4),12,1,6,,,,0
VID_ (4),12,1,7,32.41,-17.87,2.69,1
VID_ (4),13,0,0,64.91,-7.23,-1.0,1
VID_ (4),13,0,1,82.17,-31.71,-26.38,1
VID_ (4),13,0,2,81.79,-36.0,-32.88,1
VID_ (4),13,0,3,85.38,-51.02,-49.62,1
VID_ (4),13,0,4,83.57,-41.69,-39.97,1
VID_ (4),13,0,5,83.14,-39.7,-34.8,1
VID_ (4),13,0,6,62.4,-3.37,1.99,1
VID_ (4),13,0,7,72.98,-5.06,2.84,1
VID_ (4),14,0,0,,,,0
VID_ (4),14,0,1,,,,0
VID_ (4),14,0,2,,,,0
VID_ (4),14,0,3,,,,0
VID_ (4),14,0,4,,,,0
VID_ (4),14,0,5,,,,0
VID_ (4),14,0,6,,,,0
VID_ (4),14,0,7,,,,0
VID_ (4),15,0,0,-74.84,16.71,-23.26,1
VID_ (4),15,0,1,-74.26,13.86,-21.65,1
VID_ (4),15,0,2,-72.95,11.03,-17.8,1
VID_ (4),15,0,3,-72.55,8.13,-14.73,1
VID_ (4),15,0,4,-76.66,18.43,-24.51,1
VID_ (4),15,0,5,-78.57,11.67,-15.23,1
VID_ (4),15,0,6,-77.0,7.0,-11.98,1
VID_ (4),15,0,7,-78.25,-1.61,-2.03,1
VID_ (4),15,1,0,-76.66,18.43,-24.51,1
VID_ (4),15,1,1,-78.57,11.67,-15.23,1
VID_ (4),15,1,2,-77.0,7.0,-11.98,1
VID_ (4),15,1,3,-78.25,-1.61,-2.03,1
VID_ (4),15,1,4,-61.71,-3.71,6.38,1
VID_ (4),15,1,5,-74.3,0.05,-3.62,1
VID_ (4),15,1,6,-66.27,-2.26,-1.11,1
VID_ (4),15,1,7,-70.39,0.24,-5.46,1
VID_ (4),15,2,0,-61.71,-3.71,6.38,1
VID_ (4),15,2,1,-74.3,0.05,-3.62,1
VID_ (4),15,2,2,-66.27,-2.26,-1.11,1
VID_ (4),15,2,3,-70.39,0.24,-5.46,1
VID_ (4),15,2,4,-68.89,-4.69,-0.14,1
VID_ (4),15,2,5,-70.75,-17.45,19.83,1
VID_ (4),15,2,6,-68.02,-0.42,-5.35,1
VID_ (4),15,2,7,-66.93,0.86,-6.88,1
VID_ (4),15,3,0,-68.89,-4.69,-0.14,1
VID_ (4),15,3,1,-70.75,-17.45,19.83,1
VID_ (4),15,3,2,-68.02,-0.42,-5.35,1
VID_ (4),15,3,3,-66.93,0.86,-6.88,1
VID_ (4),15,3,4,-69.08,1.55,-8.04,1
VID_ (4),15,3,5,-70.6,4.08,-9.95,1
VID_ (4),15,3,6,-71.42,-2.05,-3.96,1
VID_ (4),15,3,7,-72.18,-1.46,-3.64,1
VID_ (4),15,4,0,-69.08,1.55,-8.04,1
VID_ (4),15,4,1,-70.6,4.08,-9.95,1
VID_ (4),15,4,2,-71.42,-2.05,-3.96,1
VID_ (4),15,4,3,-72.18,-1.46,-3.64,1
VID_ (4),15,4,4,-71.41,-4.44,0.15,1
VID_ (4),15,4,5,-77.03,-25.77,18.94,1
VID_ (4),15,4,6,-65.2,-4.68,0.62,1
VID_ (4),15,4,7,-70.58,-3.66,-2.07,1
VID_ (4),15,5,0,-71.41,-4.44,0.15,1
VID_ (4),15,5,1,-77.03,-25.77,18.94,1
VID_ (4),15,5,2,-65.2,-4.68,0.62,1
VID_ (4),15,5,3,-70.58,-3.66,-2.07,1
VID_ (4),15,5,4,-71.49,0.13,-4.73,1
VID_ (4),15,5,5,-71.37,-1.06,-4.18,1
VID_ (4),15,5,6,-71.36,1.29,-5.79,1
VID_ (4),15,5,7,-70.78,-1.47,-2.28,1
VID_ (4),15,6,0,-71.49,0.13,-4.73,1
VID_ (4),15,6,1,-71.37,-1.06,-4.18,1
VID_ (4),15,6,2,-71.36,1.29,-5.79,1
VID_ (4),15,6,3,-70.78,-1.47,-2.28,1
VID_ (4),15,6,4,-70.94,0.3,-2.42,1
VID_ (4),15,6,5,-70.18,-4.15,0.44,1
VID_ (4),15,6,6,-69.65,-2.74,1.23,1
VID_ (4),15,6,7,-74.69,-7.8,5.32,1
VID_ (4),16,0,0,,,,0
VID_ (4),16,0,1,,,,0
VID_ (4),16,0,2,,,,0
VID_ (4),16,0,3,,,,0
VID_ (4),16,0,4,,,,0
VID_ (4),16,0,5,,,,0
VID_ (4),16,0,6,,,,0
VID_ (4),16,0,7,49.97,-6.51,11.24,1
VID_ (4),16,1,0,,,,0
VID_ (4),16,1,1,,,,0
VID_ (4),16,1,2,,,,0
VID_ (4),16,1,3,49.97,-6.51,11.24,1
VID_ (4),16,1,4,,,,0
VID_ (4),16,1,5,,,,0
VID_ (4),16,1,6,,,,0
VID_ (4),16,1,7,,,,0
VID_ (4),16,2,0,,,,0
VID_ (4),16,2,1,,,,0
VID_ (4),16,2,2,,,,0
VID_ (4),16,2,3,,,,0
VID_ (4),16,2,4,,,,0
VID_ (4),16,2,5,23.99,8.46,22.89,1
VID_ (4),16,2,6,,,,0
VID_ (4),16,2,7,,,,0
VID_ (4),16,3,0,,,,0
VID_ (4),16,3,1,23.99,8.46,22.89,1
VID_ (4),16,3,2,,,,0
VID_ (4),16,3,3,,,,0
VID_ (4),16,3,4,,,,0
VID_ (4),16,3,5,,,,0
VID_ (4),16,3,6,,,,0
VID_ (4),16,3,7,,,,0
VID_ (4),16,4,0,,,,0
VID_ (4),16,4,1,,,,0
VID_ (4),16,4,2,,,,0
VID_ (4),16,4,3,,,,0
VID_ (4),16,4,4,,,,0
VID_ (4),16,4,5,,,,0
VID_ (4),16,4,6,,,,0
VID_ (4),16,4,7,,,,0
VID_ (4),16,5,0,,,,0
VID_ (4),16,5,1,,,,0
VID_ (4),16,5,2,,,,0
VID_ (4),16,5,3,,,,0
VID_ (4),16,5,4,,,,0
VID_ (4),16,5,5,,,,0
VID_ (4),16,5,6,,,,0
VID_ (4),16,5,7,,,,0
VID_ (4),16,6,0,,,,0
VID_ (4),16,6,1,,,,0
VID_ (4),16,6,2,,,,0
VID_ (4),16,6,3,,,,0
VID_ (4),16,6,4,,,,0
VID_ (4),16,6,5,,,,0
VID_ (4),16,6,6,,,,0
VID_ (4),16,6,7,,,,0
VID_ (4),17,0,0,-58.31,-1.39,-3.19,1
VID_ (4),17,0,1,-59.25,-2.46,-2.86,1
VID_ (4),17,0,2,-68.39,-22.09,29.19,1
VID_ (4),17,0,3,-72.16,-37.08,42.53,1
VID_ (4),17,0,4,-64.37,-13.25,13.46,1
VID_ (4),17,0,5,-56.91,-2.92,-0.55,1
VID_ (4),17,0,6,-59.15,-4.41,-1.26,1
VID_ (4),17,0,7,-56.58,-11.68,16.31,1
VID_ (4),18,0,0,-41.69,0.52,-4.73,1
VID_ (4),18,0,1,-69.0,-2.45,-2.29,1
VID_ (4),18,0,2,-70.89,2.53,-5.81,1
VID_ (4),18,0,3,-59.22,0.8,5.78,1
VID_ (4),18,0,4,-70.94,-1.06,-4.41,1
VID_ (4),18,0,5,-65.67,0.39,-6.45,1
VID_ (4),18,0,6,-68.26,2.56,-9.01,1
VID_ (4),18,0,7,-69.81,-0.12,-6.9,1
VID_ (4),19,0,0,-12.97,-3.5,5.45,1
VID_ (4),19,0,1,-11.96,-7.23,6.87,1
VID_ (4),19,0,2,-14.46,-4.47,5.42,1
VID_ (4),19,0,3,-14.13,-5.98,6.17,1
VID_ (4),19,0,4,-15.47,-6.39,6.27,1
VID_ (4),19,0,5,-9.5,-9.23,0.43,1
VID_ (4),19,0,6,-7.67,-6.81,3.27,1
VID_ (4),19,0,7,-9.2,-5.63,2.64,1
VID_ (4),19,1,0,-15.47,-6.39,6.27,1
VID_ (4),19,1,1,-9.5,-9.23,0.43,1
VID_ (4),19,1,2,-7.67,-6.81,3.27,1
VID_ (4),19,1,3,-9.2,-5.63,2.64,1
VID_ (4),19,1,4,37.86,-1.68,0.75,1
VID_ (4),19,1,5,20.9,0.83,-11.79,1
VID_ (4),19,1,6,23.55,1.19,11.56,1
VID_ (4),19,1,7,15.8,2.46,7.0,1
VID_ (4),19,2,0,37.86,-1.68,0.75,1
VID_ (4),19,2,1,20.9,0.83,-11.79,1
VID_ (4),19,2,2,23.55,1.19,11.56,1
VID_ (4),19,2,3,15.8,2.46,7.0,1
VID_ (4),19,2,4,-9.98,-4.34,4.69,1
VID_ (4),19,2,5,-10.95,-4.93,4.2,1
VID_ (4),19,2,6,-9.15,-3.31,3.13,1
VID_ (4),19,2,7,-2.26,-4.94,2.75,1
VID_ (4),19,3,0,-9.98,-4.34,4.69,1
VID_ (4),19,3,1,-10.95,-4.93,4.2,1
VID_ (4),19,3,2,-9.15,-3.31,3.13,1
VID_ (4),19,3,3,-2.26,-4.94,2.75,1
VID_ (4),19,3,4,0.41,-8.61,4.17,1
VID_ (4),19,3,5,-0.75,-7.53,2.15,1
VID_ (4),19,3,6,48.47,-0.62,4.3,1
VID_ (4),19,3,7,55.33,-3.62,9.95,1
VID_ (4),2,0,0,-58.61,12.38,-11.14,1
VID_ (4),2,0,1,-60.57,14.87,-23.21,1
VID_ (4),2,0,2,-68.71,14.33,-19.87,1
VID_ (4),2,0,3,-62.84,21.85,-23.98,1
VID_ (4),2,0,4,-64.75,-5.74,2.85,1
VID_ (4),2,0,5,-66.98,-3.34,0.91,1
VID_ (4),2,0,6,-76.21,-9.49,8.95,1
VID_ (4),2,0,7,-77.13,-10.47,3.19,1
VID_ (4),2,1,0,-64.75,-5.74,2.85,1
VID_ (4),2,1,1,-66.98,-3.34,0.91,1
VID_ (4),2,1,2,-76.21,-9.49,8.95,1
VID_ (4),2,1,3,-77.13,-10.47,3.19,1
VID_ (4),2,1,4,16.94,-17.76,-8.18,1
VID_ (4),2,1,5,15.15,-17.15,-8.18,1
VID_ (4),2,1,6,-69.19,2.35,7.17,1
VID_ (4),2,1,7,-81.15,-22.16,27.7,1
VID_ (4),2,2,0,16.94,-17.76,-8.18,1
VID_ (4),2,2,1,15.15,-17.15,-8.18,1
VID_ (4),2,2,2,-69.19,2.35,7.17,1
VID_ (4),2,2,3,-81.15,-22.16,27.7,1
VID_ (4),2,2,4,-79.68,-31.3,30.27,1
VID_ (4),2,2,5,-76.73,-9.6,7.12,1
VID_ (4),2,2,6,-79.26,-23.05,19.26,1
VID_ (4),2,2,7,-79.31,-25.32,24.41,1
VID_ (4),2,3,0,-79.68,-31.3,30.27,1
VID_ (4),2,3,1,-76.73,-9.6,7.12,1
VID_ (4),2,3,2,-79.26,-23.05,19.26,1
VID_ (4),2,3,3,-79.31,-25.32,24.41,1
VID_ (4),2,3,4,17.32,-19.04,-7.54,1
VID_ (4),2,3,5,16.49,-17.18,-8.04,1
VID_ (4),2,3,6,-81.1,-25.8,28.31,1
VID_ (4),2,3,7,-3.77,-12.56,-5.3,1
VID_ (4),2,4,0,17.32,-19.04,-7.54,1
VID_ (4),2,4,1,16.49,-17.18,-8.04,1
VID_ (4),2,4,2,-81.1,-25.8,28.31,1
VID_ (4),2,4,3,-3.77,-12.56,-5.3,1
VID_ (4),2,4,4,-79.91,-18.71,22.99,1
VID_ (4),2,4,5,-79.34,-1.41,3.21,1
VID_ (4),2,4,6,-80.71,-6.59,5.45,1
VID_ (4),2,4,7,-80.62,-16.73,15.19,1
VID_ (4),2,5,0,-79.91,-18.71,22.99,1
VID_ (4),2,5,1,-79.34,-1.41,3.21,1
VID_ (4),2,5,2,-80.71,-6.59,5.45,1
VID_ (4),2,5,3,-80.62,-16.73,15.19,1
VID_ (4),2,5,4,-55.9,-0.57,-9.04,1
VID_ (4),2,5,5,-56.84,0.31,-8.74,1
VID_ (4),2,5,6,-61.3,3.16,-10.71,1
VID_ (4),2,5,7,-55.79,1.13,-8.35,1
VID_ (4),2,6,0,-55.9,-0.57,-9.04,1
VID_ (4),2,6,1,-56.84,0.31,-8.74,1
VID_ (4),2,6,2,-61.3,3.16,-10.71,1
VID_ (4),2,6,3,-55.79,1.13,-8.35,1
VID_ (4),2,6,4,-56.93,2.76,-9.46,1
VID_ (4),2,6,5,-81.1,-39.29,37.11,1
VID_ (4),2,6,6,-81.43,-25.99,23.94,1
VID_ (4),2,6,7,-60.26,17.52,-18.54,1
VID_ (4),2,7,0,-56.93,2.76,-9.46,1
VID_ (4),2,7,1,-81.1,-39.29,37.11,1
VID_ (4),2,7,2,-81.43,-25.99,23.94,1
VID_ (4),2,7,3,-60.26,17.52,-18.54,1
VID_ (4),2,7,4,-79.2,-21.41,20.36,1
VID_ (4),2,7,5,-62.6,-4.07,-0.33,1
VID_ (4),2,7,6,-75.34,-36.29,38.57,1
VID_ (4),2,7,7,-73.81,-0.17,0.6,1
VID_ (4),2,8,0,-79.2,-21.41,20.36,1
VID_ (4),2,8,1,-62.6,-4.07,-0.33,1
VID_ (4),2,8,2,-75.34,-36.29,38.57,1
VID_ (4),2,8,3,-73.81,-0.17,0.6,1
VID_ (4),2,8,4,-77.49,3.72,-2.53,1
VID_ (4),2,8,5,-81.06,-18.37,17.3,1
VID_ (4),2,8,6,-80.36,-27.03,23.16,1
VID_ (4),2,8,7,-79.54,-20.32,16.95,1
VID_ (4),2,9,0,-77.49,3.72,-2.53,1
VID_ (4),2,9,1,-81.06,-18.37,17.3,1
VID_ (4),2,9,2,-80.36,-27.03,23.16,1
VID_ (4),2,9,3,-79.54,-20.32,16.95,1
VID_ (4),2,9,4,-80.3,-23.04,17.45,1
VID_ (4),2,9,5,-81.35,-22.93,15.04,1
VID_ (4),2,9,6,-80.4,-23.92,19.05,1
VID_ (4),2,9,7,-80.22,-15.05,11.28,1
VID_ (4),2,10,0,-80.3,-23.04,17.45,1
VID_ (4),2,10,1,-81.35,-22.93,15.04,1
VID_ (4),2,10,2,-80.4,-23.92,19.05,1
VID_ (4),2,10,3,-80.22,-15.05,11.28,1
VID_ (4),2,10,4,-63.13,-4.75,-0.85,1
VID_ (4),2,10,5,-82.04,-19.83,7.52,1
VID_ (4),2,10,6,-80.0,-39.08,31.61,1
VID_ (4),2,10,7,-79.95,-19.45,13.71,1
VID_ (4),2,11,0,-63.13,-4.75,-0.85,1
VID_ (4),2,11,1,-82.04,-19.83,7.52,1
VID_ (4),2,11,2,-80.0,-39.08,31.61,1
VID_ (4),2,11,3,-79.95,-19.45,13.71,1
VID_ (4),2,11,4,-57.1,-4.31,-0.23,1
VID_ (4),2,11,5,-59.2,-4.98,0.88,1
VID_ (4),2,11,6,-56.9,-4.91,-1.09,1
VID_ (4),2,11,7,-77.25,-6.03,0.25,1
VID_ (4),2,12,0,-57.1,-4.31,-0.23,1
VID_ (4),2,12,1,-59.2,-4.98,0.88,1
VID_ (4),2,12,2,-56.9,-4.91,-1.09,1
VID_ (4),2,12,3,-77.25,-6.03,0.25,1
VID_ (4),2,12,4,-54.29,-1.56,-1.53,1
VID_ (4),2,12,5,-55.04,-2.6,0.26,1
VID_ (4),2,12,6,-53.97,0.5,-1.29,1
VID_ (4),2,12,7,-81.71,-35.5,28.99,1
VID_ (4),2,13,0,-54.29,-1.56,-1.53,1
VID_ (4),2,13,1,-55.04,-2.6,0.26,1
VID_ (4),2,13,2,-53.97,0.5,-1.29,1
VID_ (4),2,13,3,-81.71,-35.5,28.99,1
VID_ (4),2,13,4,-83.06,-23.63,15.88,1
VID_ (4),2,13,5,-60.86,-9.05,4.71,1
VID_ (4),2,13,6,-56.61,-9.29,5.85,1
VID_ (4),2,13,7,-79.04,-5.5,3.87,1
VID_ (4),20,0,0,,,,0
VID_ (4),20,0,1,,,,0
VID_ (4),20,0,2,33.89,0.85,-8.1,1
VID_ (4),20,0,3,36.35,-4.2,-13.18,1
VID_ (4),20,0,4,31.05,-0.6,-10.54,1
VID_ (4),20,0,5,,,,0
VID_ (4),20,0,6,19.8,17.87,-9.11,1
VID_ (4),20,0,7,,,,0
VID_ (4),21,0,0,46.84,-5.0,3.77,1
VID_ (4),21,0,1,47.19,-6.25,2.43,1
VID_ (4),21,0,2,48.96,4.64,15.8,1
VID_ (4),21,0,3,41.42,0.56,3.84,1
VID_ (4),21,0,4,25.01,5.4,4.55,1
VID_ (4),21,0,5,-1.61,8.49,7.18,1
VID_ (4),21,0,6,40.15,-6.63,4.08,1
VID_ (4),21,0,7,49.23,-11.82,-2.71,1
VID_ (4),3,0,0,,,,0
VID_ (4),3,0,1,,,,0
VID_ (4),3,0,2,,,,0
VID_ (4),3,0,3,,,,0
VID_ (4),3,0,4,,,,0
VID_ (4),3,0,5,,,,0
VID_ (4),3,0,6,,,,0
VID_ (4),3,0,7,,,,0
VID_ (4),3,1,0,,,,0
VID_ (4),3,1,1,,,,0
VID_ (4),3,1,2,,,,0
VID_ (4),3,1,3,,,,0
VID_ (4),3,1,4,37.56,-8.14,-15.47,1
VID_ (4),3,1,5,57.33,-7.93,-10.64,1
VID_ (4),3,1,6,48.5,-4.23,-21.8,1
VID_ (4),3,1,7,55.26,-3.59,-8.66,1
VID_ (4),3,2,0,37.56,-8.14,-15.47,1
VID_ (4),3,2,1,57.33,-7.93,-10.64,1
VID_ (4),3,2,2,48.5,-4.23,-21.8,1
VID_ (4),3,2,3,55.26,-3.59,-8.66,1
VID_ (4),3,2,4,59.55,-8.59,-14.57,1
VID_ (4),3,2,5,41.1,-0.9,-5.02,1
VID_ (4),3,2,6,50.92,-8.72,-20.62,1
VID_ (4),3,2,7,63.28,-9.61,-14.51,1
VID_ (4),3,3,0,59.55,-8.59,-14.57,1
VID_ (4),3,3,1,41.1,-0.9,-5.02,1
VID_ (4),3,3,2,50.92,-8.72,-20.62,1
VID_ (4),3,3,3,63.28,-9.61,-14.51,1
VID_ (4),3,3,4,77.29,-0.64,0.42,1
VID_ (4),3,3,5,71.07,1.71,2.85,1
VID_ (4),3,3,6,76.47,7.39,6.52,1
VID_ (4),3,3,7,54.19,-8.56,-16.43,1
VID_ (4),3,4,0,77.29,-0.64,0.42,1
VID_ (4),3,4,1,71.07,1.71,2.85,1
VID_ (4),3,4,2,76.47,7.39,6.52,1
VID_ (4),3,4,3,54.19,-8.56,-16.43,1
VID_ (4),3,4,4,66.68,-8.87,-9.14,1
VID_ (4),3,4,5,85.92,-8.6,-3.24,1
VID_ (4),3,4,6,63.52,0.18,-7.16,1
VID_ (4),3,4,7,58.43,-0.75,-8.98,1
VID_ (4),3,5,0,66.68,-8.87,-9.14,1
VID_ (4),3,5,1,85.92,-8.6,-3.24,1
VID_ (4),3,5,2,63.52,0.18,-7.16,1
VID_ (4),3,5,3,58.43,-0.75,-8.98,1
VID_ (4),3,5,4,42.17,0.17,-4.79,1
VID_ (4),3,5,5,51.44,-1.71,-5.5,1
VID_ (4),3,5,6,39.48,1.14,-0.64,1
VID_ (4),3,5,7,47.49,-1.06,-0.17,1
VID_ (4),3,6,0,42.17,0.17,-4.79,1
VID_ (4),3,6,1,51.44,-1.71,-5.5,1
VID_ (4),3,6,2,39.48,1.14,-0.64,1
VID_ (4),3,6,3,47.49,-1.06,-0.17,1
VID_ (4),3,6,4,48.62,-0.92,-5.63,1
VID_ (4),3,6,5,65.56,5.59,20.52,1
VID_ (4),3,6,6,45.39,-5.0,-23.52,1
VID_ (4),3,6,7,43.21,1.99,-7.33,1
VID_ (4),3,7,0,48.62,-0.92,-5.63,1
VID_ (4),3,7,1,65.56,5.59,20.52,1
VID_ (4),3,7,2,45.39,-5.0,-23.52,1
VID_ (4),3,7,3,43.21,1.99,-7.33,1
VID_ (4),3,7,4,37.01,0.87,1.31,1
VID_ (4),3,7,5,38.71,2.63,5.93,1
VID_ (4),3,7,6,,,,0
VID_ (4),3,7,7,,,,0
VID_ (4),3,8,0,37.01,0.87,1.31,1
VID_ (4),3,8,1,38.71,2.63,5.93,1
VID_ (4),3,8,2,,,,0
VID_ (4),3,8,3,,,,0
VID_ (4),3,8,4,30.6,6.3,0.36,1
VID_ (4),3,8,5,25.64,0.21,13.09,1
VID_ (4),3,8,6,16.31,-1.19,-1.58,1
VID_ (4),3,8,7,3.35,-1.27,0.61,1
VID_ (4),3,9,0,30.6,6.3,0.36,1
VID_ (4),3,9,1,25.64,0.21,13.09,1
VID_ (4),3,9,2,16.31,-1.19,-1.58,1
VID_ (4),3,9,3,3.35,-1.27,0.61,1
VID_ (4),3,9,4,,,,0
VID_ (4),3,9,5,56.35,3.04,15.77,1
VID_ (4),3,9,6,31.24,-2.57,4.17,1
VID_ (4),3,9,7,37.79,0.16,12.56,1
VID_ (4),3,10,0,,,,0
VID_ (4),3,10,1,56.35,3.04,15.77,1
VID_ (4),3,10,2,31.24,-2.57,4.17,1
VID_ (4),3,10,3,37.79,0.16,12.56,1
VID_ (4),3,10,4,29.62,-2.6,6.89,1
VID_ (4),3,10,5,53.4,-7.3,-17.35,1
VID_ (4),3,10,6,,,,0
VID_ (4),3,10,7,34.34,-5.46,-1.28,1
VID_ (4),3,11,0,29.62,-2.6,6.89,1
VID_ (4),3,11,1,53.4,-7.3,-17.35,1
VID_ (4),3,11,2,,,,0
VID_ (4),3,11,3,34.34,-5.46,-1.28,1
VID_ (4),3,11,4,,,,0
VID_ (4),3,11,5,,,,0
VID_ (4),3,11,6,43.89,0.31,9.37,1
VID_ (4),3,11,7,55.79,4.39,9.39,1
VID_ (4),3,12,0,,,,0
VID_ (4),3,12,1,,,,0
VID_ (4),3,12,2,43.89,0.31,9.37,1
VID_ (4),3,12,3,55.79,4.39,9.39,1
VID_ (4),3,12,4,36.95,2.42,4.44,1
VID_ (4),3,12,5,44.84,-2.9,-2.2,1
VID_ (4),3,12,6,70.43,10.16,21.1,1
VID_ (4),3,12,7,59.69,4.72,15.14,1
VID_ (4),3,13,0,36.95,2.42,4.44,1
VID_ (4),3,13,1,44.84,-2.9,-2.2,1
VID_ (4),3,13,2,70.43,10.16,21.1,1
VID_ (4),3,13,3,59.69,4.72,15.14,1
VID_ (4),3,13,4,22.57,-4.31,-0.1,1
VID_ (4),3,13,5,,,,0
VID_ (4),3,13,6,,,,0
VID_ (4),3,13,7,,,,0
VID_ (4),4,0,0,,,,0
VID_ (4),4,0,1,,,,0
VID_ (4),4,0,2,,,,0
VID_ (4),4,0,3,,,,0
VID_ (4),4,0,4,,,,0
VID_ (4),4,0,5,,,,0
VID_ (4),4,0,6,,,,0
VID_ (4),4,0,7,,,,0
VID_ (4),4,1,0,,,,0
VID_ (4),4,1,1,,,,0
VID_ (4),4,1,2,,,,0
VID_ (4),4,1,3,,,,0
VID_ (4),4,1,4,,,,0
VID_ (4),4,1,5,,,,0
VID_ (4),4,1,6,9.08,-11.56,2.14,1
VID_ (4),4,1,7,10.93,-13.81,2.81,1
VID_ (4),4,2,0,,,,0
VID_ (4),4,2,1,,,,0
VID_ (4),4,2,2,9.08,-11.56,2.14,1
VID_ (4),4,2,3,10.93,-13.81,2.81,1
VID_ (4),4,2,4,10.38,-9.04,1.75,1
VID_ (4),4,2,5,,,,0
VID_ (4),4,2,6,-16.17,-9.77,2.39,1
VID_ (4),4,2,7,,,,0
VID_ (4),4,3,0,10.38,-9.04,1.75,1
VID_ (4),4,3,1,,,,0
VID_ (4),4,3,2,-16.17,-9.77,2.39,1
VID_ (4),4,3,3,,,,0
VID_ (4),4,3,4,-22.37,-8.9,2.77,1
VID_ (4),4,3,5,-24.63,-9.53,5.02,1
VID_ (4),4,3,6,-10.12,-8.22,3.91,1
VID_ (4),4,3,7,-7.52,-6.58,3.41,1
VID_ (4),4,4,0,-22.37,-8.9,2.77,1
VID_ (4),4,4,1,-24.63,-9.53,5.02,1
VID_ (4),4,4,2,-10.12,-8.22,3.91,1
VID_ (4),4,4,3,-7.52,-6.58,3.41,1
VID_ (4),4,4,4,-5.21,-6.0,4.21,1
VID_ (4),4,4,5,12.56,-8.83,2.15,1
VID_ (4),4,4,6,,,,0
VID_ (4),4,4,7,0.64,-10.21,3.48,1
VID_ (4),4,5,0,-5.21,-6.0,4.21,1
VID_ (4),4,5,1,12.56,-8.83,2.15,1
VID_ (4),4,5,2,,,,0
VID_ (4),4,5,3,0.64,-10.21,3.48,1
VID_ (4),4,5,4,0.09,-8.79,1.23,1
VID_ (4),4,5,5,0.31,-9.16,1.29,1
VID_ (4),4,5,6,,,,0
VID_ (4),4,5,7,,,,0
VID_ (4),4,6,0,0.09,-8.79,1.23,1
VID_ (4),4,6,1,0.31,-9.16,1.29,1
VID_ (4),4,6,2,,,,0
VID_ (4),4,6,3,,,,0
VID_ (4),4,6,4,-32.63,-7.69,4.31,1
VID_ (4),4,6,5,-18.95,-11.7,6.68,1
VID_ (4),4,6,6,,,,0
VID_ (4),4,6,7,,,,0
VID_ (4),4,7,0,-32.63,-7.69,4.31,1
VID_ (4),4,7,1,-18.95,-11.7,6.68,1
VID_ (4),4,7,2,,,,0
VID_ (4),4,7,3,,,,0
VID_ (4),4,7,4,,,,0
VID_ (4),4,7,5,4.07,-6.33,3.88,1
VID_ (4),4,7,6,3.87,-5.54,4.49,1
VID_ (4),4,7,7,-6.34,-7.68,1.9,1
VID_ (4),4,8,0,,,,0
VID_ (4),4,8,1,4.07,-6.33,3.88,1
VID_ (4),4,8,2,3.87,-5.54,4.49,1
VID_ (4),4,8,3,-6.34,-7.68,1.9,1
VID_ (4),4,8,4,-13.92,-9.53,4.47,1
VID_ (4),4,8,5,-9.12,-7.28,2.36,1
VID_ (4),4,8,6,-15.83,-7.66,5.24,1
VID_ (4),4,8,7,-18.66,-7.62,0.22,1
VID_ (4),4,9,0,-13.92,-9.53,4.47,1
VID_ (4),4,9,1,-9.12,-7.28,2.36,1
VID_ (4),4,9,2,-15.83,-7.66,5.24,1
VID_ (4),4,9,3,-18.66,-7.62,0.22,1
VID_ (4),4,9,4,-24.85,-5.75,3.38,1
VID_ (4),4,9,5,-16.51,-7.53,4.72,1
VID_ (4),4,9,6,-19.14,-6.31,5.63,1
VID_ (4),4,9,7,-15.24,-8.83,4.14,1
VID_ (4),4,10,0,-24.85,-5.75,3.38,1
VID_ (4),4,10,1,-16.51,-7.53,4.72,1
VID_ (4),4,10,2,-19.14,-6.31,5.63,1
VID_ (4),4,10,3,-15.24,-8.83,4.14,1
VID_ (4),4,10,4,-13.69,-6.88,2.28,1
VID_ (4),4,10,5,-10.91,-8.94,-0.17,1
VID_ (4),4,10,6,-7.76,-8.79,2.71,1
VID_ (4),4,10,7,-9.74,-4.35,2.17,1
VID_ (4),4,11,0,-13.69,-6.88,2.28,1
VID_ (4),4,11,1,-10.91,-8.94,-0.17,1
VID_ (4),4,11,2,-7.76,-8.79,2.71,1
VID_ (4),4,11,3,-9.74,-4.35,2.17,1
VID_ (4),4,11,4,-6.84,-4.72,1.93,1
VID_ (4),4,11,5,-3.3,-9.45,-1.21,1
VID_ (4),4,11,6,-16.26,-7.7,1.7,1
VID_ (4),4,11,7,-1.7,-5.83,2.72,1
VID_ (4),4,12,0,-6.84,-4.72,1.93,1
VID_ (4),4,12,1,-3.3,-9.45,-1.21,1
VID_ (4),4,12,2,-16.26,-7.7,1.7,1
VID_ (4),4,12,3,-1.7,-5.83,2.72,1
VID_ (4),4,12,4,-11.84,-5.52,1.72,1
VID_ (4),4,12,5,,,,0
VID_ (4),4,12,6,-6.31,-6.02,-1.53,1
VID_ (4),4,12,7,-9.39,-5.71,0.99,1
VID_ (4),4,13,0,-11.84,-5.52,1.72,1
VID_ (4),4,13,1,,,,0
VID_ (4),4,13,2,-6.31,-6.02,-1.53,1
VID_ (4),4,13,3,-9.39,-5.71,0.99,1
VID_ (4),4,13,4,2.6,-5.8,2.88,1
VID_ (4),4,13,5,,,,0
VID_ (4),4,13,6,-11.71,-8.0,4.03,1
VID_ (4),4,13,7,-9.7,-5.82,5.17,1
VID_ (4),5,0,0,-68.59,-13.28,10.33,1
VID_ (4),5,0,1,-63.36,-14.62,10.35,1
VID_ (4),5,0,2,-59.02,-13.94,10.3,1
VID_ (4),5,0,3,-58.7,-9.34,6.97,1
VID_ (4),5,0,4,-63.73,1.42,-4.2,1
VID_ (4),5,0,5,-59.58,2.22,-5.76,1
VID_ (4),5,0,6,15.33,-16.5,-10.97,1
VID_ (4),5,0,7,22.0,-17.35,-10.34,1
VID_ (4),5,1,0,-63.73,1.42,-4.2,1
VID_ (4),5,1,1,-59.58,2.22,-5.76,1
VID_ (4),5,1,2,15.33,-16.5,-10.97,1
VID_ (4),5,1,3,22.0,-17.35,-10.34,1
VID_ (4),5,1,4,24.2,-19.91,-9.85,1
VID_ (4),5,1,5,26.96,-17.8,-10.55,1
VID_ (4),5,1,6,21.72,-18.59,-10.48,1
VID_ (4),5,1,7,20.63,-18.39,-9.63,1
VID_ (4),5,2,0,24.2,-19.91,-9.85,1
VID_ (4),5,2,1,26.96,-17.8,-10.55,1
VID_ (4),5,2,2,21.72,-18.59,-10.48,1
VID_ (4),5,2,3,20.63,-18.39,-9.63,1
VID_ (4),5,2,4,32.38,-22.59,-14.57,1
VID_ (4),5,2,5,30.81,-22.24,-12.42,1
VID_ (4),5,2,6,35.74,-22.97,-13.73,1
VID_ (4),5,2,7,25.03,-18.82,-9.1,1
VID_ (4),5,3,0,32.38,-22.59,-14.57,1
VID_ (4),5,3,1,30.81,-22.24,-12.42,1
VID_ (4),5,3,2,35.74,-22.97,-13.73,1
VID_ (4),5,3,3,25.03,-18.82,-9.1,1
VID_ (4),5,3,4,24.21,-19.1,-9.2,1
VID_ (4),5,3,5,16.84,-18.47,-8.8,1
VID_ (4),5,3,6,13.27,-19.87,-9.49,1
VID_ (4),5,3,7,-1.89,-13.53,-5.54,1
VID_ (4),5,4,0,24.21,-19.1,-9.2,1
VID_ (4),5,4,1,16.84,-18.47,-8.8,1
VID_ (4),5,4,2,13.27,-19.87,-9.49,1
VID_ (4),5,4,3,-1.89,-13.53,-5.54,1
VID_ (4),5,4,4,-39.99,-4.72,-7.53,1
VID_ (4),5,4,5,-45.91,-1.5,-8.39,1
VID_ (4),5,4,6,-50.62,2.36,-11.26,1
VID_ (4),5,4,7,-56.43,-0.24,-9.82,1
VID_ (4),5,5,0,-39.99,-4.72,-7.53,1
VID_ (4),5,5,1,-45.91,-1.5,-8.39,1
VID_ (4),5,5,2,-50.62,2.36,-11.26,1
VID_ (4),5,5,3,-56.43,-0.24,-9.82,1
VID_ (4),5,5,4,-56.06,-2.31,-8.63,1
VID_ (4),5,5,5,-62.33,1.43,-10.97,1
VID_ (4),5,5,6,-62.67,2.56,-12.04,1
VID_ (4),5,5,7,-62.91,2.76,-11.25,1
VID_ (4),5,6,0,-56.06,-2.31,-8.63,1
VID_ (4),5,6,1,-62.33,1.43,-10.97,1
VID_ (4),5,6,2,-62.67,2.56,-12.04,1
VID_ (4),5,6,3,-62.91,2.76,-11.25,1
VID_ (4),5,6,4,-62.28,1.29,-9.79,1
VID_ (4),5,6,5,-62.37,0.15,-8.13,1
VID_ (4),5,6,6,-60.57,2.02,-8.94,1
VID_ (4),5,6,7,-61.47,-1.76,-3.38,1
VID_ (4),5,7,0,-62.28,1.29,-9.79,1
VID_ (4),5,7,1,-62.37,0.15,-8.13,1
VID_ (4),5,7,2,-60.57,2.02,-8.94,1
VID_ (4),5,7,3,-61.47,-1.76,-3.38,1
VID_ (4),5,7,4,-64.73,-1.85,-4.14,1
VID_ (4),5,7,5,-62.07,-4.23,-0.14,1
VID_ (4),5,7,6,-64.07,3.14,-7.09,1
VID_ (4),5,7,7,-63.23,-3.75,-0.52,1
VID_ (4),5,8,0,-64.73,-1.85,-4.14,1
VID_ (4),5,8,1,-62.07,-4.23,-0.14,1
VID_ (4),5,8,2,-64.07,3.14,-7.09,1
VID_ (4),5,8,3,-63.23,-3.75,-0.52,1
VID_ (4),5,8,4,-59.34,-1.07,-1.97,1
VID_ (4),5,8,5,-63.84,-3.18,-2.56,1
VID_ (4),5,8,6,-64.2,-6.89,0.85,1
VID_ (4),5,8,7,-60.49,-5.29,0.2,1
VID_ (4),5,9,0,-59.34,-1.07,-1.97,1
VID_ (4),5,9,1,-63.84,-3.18,-2.56,1
VID_ (4),5,9,2,-64.2,-6.89,0.85,1
VID_ (4),5,9,3,-60.49,-5.29,0.2,1
VID_ (4),5,9,4,-58.48,-2.87,-2.85,1
VID_ (4),5,9,5,-60.33,-2.27,-4.54,1
VID_ (4),5,9,6,-59.97,-1.03,-5.95,1
VID_ (4),5,9,7,-61.49,-0.75,-5.61,1
VID_ (4),5,10,0,-58.48,-2.87,-2.85,1
VID_ (4),5,10,1,-60.33,-2.27,-4.54,1
VID_ (4),5,10,2,-59.97,-1.03,-5.95,1
VID_ (4),5,10,3,-61.49,-0.75,-5.61,1
VID_ (4),5,10,4,-62.75,-6.12,-0.31,1
VID_ (4),5,10,5,-60.87,-6.36,1.08,1
VID_ (4),5,10,6,-60.36,-8.21,3.0,1
VID_ (4),5,10,7,-62.61,-8.35,2.17,1
VID_ (4),5,11,0,-62.75,-6.12,-0.31,1
VID_ (4),5,11,1,-60.87,-6.36,1.08,1
VID_ (4),5,11,2,-60.36,-8.21,3.0,1
VID_ (4),5,11,3,-62.61,-8.35,2.17,1
VID_ (4),5,11,4,-62.73,-5.2,0.0,1
VID_ (4),5,11,5,-63.46,-6.18,0.87,1
VID_ (4),5,11,6,-59.57,-5.57,-0.32,1
VID_ (4),5,11,7,-59.08,-5.47,-0.37,1
VID_ (4),5,12,0,-62.73,-5.2,0.0,1
VID_ (4),5,12,1,-63.46,-6.18,0.87,1
VID_ (4),5,12,2,-59.57,-5.57,-0.32,1
VID_ (4),5,12,3,-59.08,-5.47,-0.37,1
VID_ (4),5,12,4,-61.45,-4.17,-1.21,1
VID_ (4),5,12,5,-60.83,-5.39,1.04,1
VID_ (4),5,12,6,-61.83,-5.41,1.88,1
VID_ (4),5,12,7,-60.64,-4.72,0.59,1
VID_ (4),5,13,0,-61.45,-4.17,-1.21,1
VID_ (4),5,13,1,-60.83,-5.39,1.04,1
VID_ (4),5,13,2,-61.83,-5.41,1.88,1
VID_ (4),5,13,3,-60.64,-4.72,0.59,1
VID_ (4),5,13,4,-56.31,-6.27,2.76,1
VID_ (4),5,13,5,-59.5,-12.3,7.66,1
VID_ (4),5,13,6,-58.26,-12.5,7.59,1
VID_ (4),5,13,7,-62.51,-12.15,8.13,1
VID_ (4),6,0,0,-67.28,-14.12,19.12,1
VID_ (4),6,0,1,-74.64,-17.26,22.08,1
VID_ (4),6,0,2,-73.98,-15.88,20.27,1
VID_ (4),6,0,3,,,,0
VID_ (4),6,0,4,,,,0
VID_ (4),6,0,5,,,,0
VID_ (4),6,0,6,36.31,-15.33,-12.74,1
VID_ (4),6,0,7,36.86,-19.33,-13.22,1
VID_ (4),7,0,0,,,,0
VID_ (4),7,0,1,,,,0
VID_ (4),7,0,2,,,,0
VID_ (4),7,0,3,,,,0
VID_ (4),7,0,4,,,,0
VID_ (4),7,0,5,,,,0
VID_ (4),7,0,6,,,,0
VID_ (4),7,0,7,,,,0
VID_ (4),8,0,0,-4.72,-5.54,0.17,1
VID_ (4),8,0,1,14.15,-12.61,-2.65,1
VID_ (4),8,0,2,-5.25,-10.66,-1.22,1
VID_ (4),8,0,3,13.07,-30.91,4.93,1
VID_ (4),8,0,4,4.53,-18.47,3.57,1
VID_ (4),8,0,5,-5.11,-10.17,4.7,1
VID_ (4),8,0,6,9.51,-11.37,3.88,1
VID_ (4),8,0,7,9.31,-13.09,2.86,1
VID_ (4),8,1,0,4.53,-18.47,3.57,1
VID_ (4),8,1,1,-5.11,-10.17,4.7,1
VID_ (4),8,1,2,9.51,-11.37,3.88,1
VID_ (4),8,1,3,9.31,-13.09,2.86,1
VID_ (4),8,1,4,46.4,-2.72,-4.26,1
VID_ (4),8,1,5,4.73,-13.02,3.14,1
VID_ (4),8,1,6,4.07,-14.65,1.06,1
VID_ (4),8,1,7,9.15,-14.46,3.16,1
VID_ (4),8,2,0,46.4,-2.72,-4.26,1
VID_ (4),8,2,1,4.73,-13.02,3.14,1
VID_ (4),8,2,2,4.07,-14.65,1.06,1
VID_ (4),8,2,3,9.15,-14.46,3.16,1
VID_ (4),8,2,4,8.86,-9.63,1.23,1
VID_ (4),8,2,5,,,,0
VID_ (4),8,2,6,81.83,14.71,37.65,1
VID_ (4),8,2,7,74.6,16.66,35.84,1
VID_ (4),8,3,0,8.86,-9.63,1.23,1
VID_ (4),8,3,1,,,,0
VID_ (4),8,3,2,81.83,14.71,37.65,1
VID_ (4),8,3,3,74.6,16.66,35.84,1
VID_ (4),8,3,4,,,,0
VID_ (4),8,3,5,,,,0
VID_ (4),8,3,6,,,,0
VID_ (4),8,3,7,,,,0
VID_ (4),8,4,0,,,,0
VID_ (4),8,4,1,,,,0
VID_ (4),8,4,2,,,,0
VID_ (4),8,4,3,,,,0
VID_ (4),8,4,4,,,,0
VID_ (4),8,4,5,,,,0
VID_ (4),8,4,6,,,,0
VID_ (4),8,4,7,,,,0
VID_ (4),8,5,0,,,,0
VID_ (4),8,5,1,,,,0
VID_ (4),8,5,2,,,,0
VID_ (4),8,5,3,,,,0
VID_ (4),8,5,4,,,,0
VID_ (4),8,5,5,,,,0
VID_ (4),8,5,6,78.71,-53.13,-35.61,1
VID_ (4),8,5,7,,,,0
VID_ (4),8,6,0,,,,0
VID_ (4),8,6,1,,,,0
VID_ (4),8,6,2,78.71,-53.13,-35.61,1
VID_ (4),8,6,3,,,,0
VID_ (4),8,6,4,,,,0
VID_ (4),8,6,5,,,,0
VID_ (4),8,6,6,,,,0
VID_ (4),8,6,7,,,,0
VID_ (4),8,7,0,,,,0
VID_ (4),8,7,1,,,,0
VID_ (4),8,7,2,,,,0
VID_ (4),8,7,3,,,,0
VID_ (4),8,7,4,,,,0
VID_ (4),8,7,5,,,,0
VID_ (4),8,7,6,,,,0
VID_ (4),8,7,7,,,,0
VID_ (4),8,8,0,,,,0
VID_ (4),8,8,1,,,,0
VID_ (4),8,8,2,,,,0
VID_ (4),8,8,3,,,,0
VID_ (4),8,8,4,,,,0
VID_ (4),8,8,5,,,,0
VID_ (4),8,8,6,,,,0
VID_ (4),8,8,7,,,,0
VID_ (4),8,9,0,,,,0
VID_ (4),8,9,1,,,,0
VID_ (4),8,9,2,,,,0
VID_ (4),8,9,3,,,,0
VID_ (4),8,9,4,,,,0
VID_ (4),8,9,5,,,,0
VID_ (4),8,9,6,,,,0
VID_ (4),8,9,7,,,,0
VID_ (4),8,10,0,,,,0
VID_ (4),8,10,1,,,,0
VID_ (4),8,10,2,,,,0
VID_ (4),8,10,3,,,,0
VID_ (4),8,10,4,,,,0
VID_ (4),8,10,5,,,,0
VID_ (4),8,10,6,,,,0
VID_ (4),8,10,7,,,,0
VID_ (4),8,11,0,,,,0
VID_ (4),8,11,1,,,,0
VID_ (4),8,11,2,,,,0
VID_ (4),8,11,3,,,,0
VID_ (4),8,11,4,,,,0
VID_ (4),8,11,5,,,,0
VID_ (4),8,11,6,,,,0
VID_ (4),8,11,7,,,,0
VID_ (4),8,12,0,,,,0
VID_ (4),8,12,1,,,,0
VID_ (4),8,12,2,,,,0
VID_ (4),8,12,3,,,,0
VID_ (4),8,12,4,17.3,-16.51,-17.25,1
VID_ (4),8,12,5,,,,0
VID_ (4),8,12,6,,,,0
VID_ (4),8,12,7,,,,0
VID_ (4),8,13,0,17.3,-16.51,-17.25,1
VID_ (4),8,13,1,,,,0
VID_ (4),8,13,2,,,,0
VID_ (4),8,13,3,,,,0
VID_ (4),8,13,4,,,,0
VID_ (4),8,13,5,,,,0
VID_ (4),8,13,6,,,,0
VID_ (4),8,13,7,,,,0
VID_ (4),9,0,0,,,,0
VID_ (4),9,0,1,,,,0
VID_ (4),9,0,2,,,,0
VID_ (4),9,0,3,,,,0
VID_ (4),9,0,4,,,,0
VID_ (4),9,0,5,,,,0
VID_ (4),9,0,6,,,,0
VID_ (4),9,0,7,,,,0
VID_ (4),9,1,0,,,,0
VID_ (4),9,1,1,,,,0
VID_ (4),9,1,2,,,,0
VID_ (4),9,1,3,,,,0
VID_ (4),9,1,4,59.29,-15.46,-9.34,1
VID_ (4),9,1,5,49.53,-9.41,-8.07,1
VID_ (4),9,1,6,45.69,-4.97,-0.43,1
VID_ (4),9,1,7,45.6,-7.3,-2.17,1
VID_ (4),9,2,0,59.29,-15.46,-9.34,1
VID_ (4),9,2,1,49.53,-9.41,-8.07,1
VID_ (4),9,2,2,45.69,-4.97,-0.43,1
VID_ (4),9,2,3,45.6,-7.3,-2.17,1
VID_ (4),9,2,4,42.53,-4.82,-0.47,1
VID_ (4),9,2,5,44.6,-3.88,2.64,1
VID_ (4),9,2,6,43.42,-6.69,-2.62,1
VID_ (4),9,2,7,82.48,5.4,7.33,1
VID_ (4),9,3,0,42.53,-4.82,-0.47,1
VID_ (4),9,3,1,44.6,-3.88,2.64,1
VID_ (4),9,3,2,43.42,-6.69,-2.62,1
VID_ (4),9,3,3,82.48,5.4,7.33,1
VID_ (4),9,3,4,,,,0
VID_ (4),9,3,5,73.15,-57.85,-42.8,1
VID_ (4),9,3,6,70.32,-27.16,-28.09,1
VID_ (4),9,3,7,66.49,-25.49,-24.53,1
VID_ (4),9,4,0,,,,0
VID_ (4),9,4,1,73.15,-57.85,-42.8,1
VID_ (4),9,4,2,70.32,-27.16,-28.09,1
VID_ (4),9,4,3,66.49,-25.49,-24.53,1
VID_ (4),9,4,4,61.94,-22.39,-18.27,1
VID_ (4),9,4,5,51.3,-9.27,-1.42,1
VID_ (4),9,4,6,24.25,4.24,-2.06,1
VID_ (4),9,4,7,53.4,-11.39,-9.65,1
VID_ (4),9,5,0,61.94,-22.39,-18.27,1
VID_ (4),9,5,1,51.3,-9.27,-1.42,1
VID_ (4),9,5,2,24.25,4.24,-2.06,1
VID_ (4),9,5,3,53.4,-11.39,-9.65,1
VID_ (4),9,5,4,56.79,-10.01,-5.96,1
VID_ (4),9,5,5,50.16,-9.23,-3.5,1
VID_ (4),9,5,6,-0.01,-0.82,3.26,1
VID_ (4),9,5,7,49.14,-6.48,-1.39,1
VID_ (4),9,6,0,56.79,-10.01,-5.96,1
VID_ (4),9,6,1,50.16,-9.23,-3.5,1
VID_ (4),9,6,2,-0.01,-0.82,3.26,1
VID_ (4),9,6,3,49.14,-6.48,-1.39,1
VID_ (4),9,6,4,55.58,-12.65,-7.37,1
VID_ (4),9,6,5,31.89,0.42,-10.09,1
VID_ (4),9,6,6,,,,0
VID_ (4),9,6,7,20.63,1.64,-6.94,1
VID_ (4),9,7,0,55.58,-12.65,-7.37,1
VID_ (4),9,7,1,31.89,0.42,-10.09,1
VID_ (4),9,7,2,,,,0
VID_ (4),9,7,3,20.63,1.64,-6.94,1
VID_ (4),9,7,4,43.73,-5.37,-1.49,1
VID_ (4),9,7,5,69.46,-13.42,-15.06,1
VID_ (4),9,7,6,39.88,5.15,1.07,1
VID_ (4),9,7,7,42.6,2.36,0.51,1
VID_ (4),9,8,0,43.73,-5.37,-1.49,1
VID_ (4),9,8,1,69.46,-13.42,-15.06,1
VID_ (4),9,8,2,39.88,5.15,1.07,1
VID_ (4),9,8,3,42.6,2.36,0.51,1
VID_ (4),9,8,4,24.99,-17.64,-15.26,1
VID_ (4),9,8,5,14.59,-4.57,-2.21,1
VID_ (4),9,8,6,,,,0
VID_ (4),9,8,7,35.65,-3.17,4.43,1
VID_ (4),9,9,0,24.99,-17.64,-15.26,1
VID_ (4),9,9,1,14.59,-4.57,-2.21,1
VID_ (4),9,9,2,,,,0
VID_ (4),9,9,3,35.65,-3.17,4.43,1
VID_ (4),9,9,4,34.05,1.98,2.89,1
VID_ (4),9,9,5,32.84,4.14,-0.1,1
VID_ (4),9,9,6,40.6,4.15,14.24,1
VID_ (4),9,9,7,-8.43,9.72,10.24,1
VID_ (5),1,0,0,-79.29,-57.91,43.82,1
VID_ (5),1,0,1,-79.04,-35.32,21.78,1
VID_ (5),1,0,2,-77.69,-48.36,35.84,1
VID_ (5),1,0,3,-77.45,-44.73,31.94,1
VID_ (5),1,0,4,-79.79,-34.77,24.88,1
VID_ (5),1,0,5,-75.72,-48.31,39.73,1
VID_ (5),1,0,6,-75.93,-64.13,54.34,1
VID_ (5),1,0,7,-76.47,-64.36,51.3,1
VID_ (5),1,1,0,-79.79,-34.77,24.88,1
VID_ (5),1,1,1,-75.72,-48.31,39.73,1
VID_ (5),1,1,2,-75.93,-64.13,54.34,1
VID_ (5),1,1,3,-76.47,-64.36,51.3,1
VID_ (5),1,1,4,-76.62,-51.92,40.64,1
VID_ (5),1,1,5,-76.71,-55.11,45.2,1
VID_ (5),1,1,6,-76.05,-46.7,38.91,1
VID_ (5),1,1,7,-74.27,-52.71,45.14,1
VID_ (5),2,0,0,-47.64,3.26,-18.93,1
VID_ (5),2,0,1,-61.29,7.89,-31.54,1
VID_ (5),2,0,2,,,,0
VID_ (5),2,0,3,-72.05,-23.79,12.21,1
VID_ (5),2,0,4,-68.78,5.28,-29.1,1
VID_ (5),2,0,5,-60.69,7.36,-27.1,1
VID_ (5),2,0,6,-61.77,13.68,-32.46,1
VID_ (5),2,0,7,-43.97,7.85,-29.08,1
VID_ (5),2,1,0,-68.78,5.28,-29.1,1
VID_ (5),2,1,1,-60.69,7.36,-27.1,1
VID_ (5),2,1,2,-61.77,13.68,-32.46,1
VID_ (5),2,1,3,-43.97,7.85,-29.08,1
VID_ (5),2,1,4,-48.84,12.03,-33.64,1
VID_ (5),2,1,5,-59.47,18.01,-38.65,1
VID_ (5),2,1,6,-60.67,17.59,-36.09,1
VID_ (5),2,1,7,-59.44,8.18,-22.62,1
VID_ (5),3,0,0,,,,0
VID_ (5),3,0,1,,,,0
VID_ (5),3,0,2,,,,0
VID_ (5),3,0,3,,,,0
VID_ (5),3,0,4,,,,0
VID_ (5),3,0,5,,,,0
VID_ (5),3,0,6,,,,0
VID_ (5),3,0,7,,,,0
VID_ (5),3,1,0,,,,0
VID_ (5),3,1,1,,,,0
VID_ (5),3,1,2,,,,0
VID_ (5),3,1,3,,,,0
VID_ (5),3,1,4,,,,0
VID_ (5),3,1,5,,,,0
VID_ (5),3,1,6,,,,0
VID_ (5),3,1,7,,,,0
VID_ (5),4,0,0,19.75,-21.61,-24.7,1
VID_ (5),4,0,1,21.63,-19.36,-26.33,1
VID_ (5),4,0,2,21.89,-16.55,-24.22,1
VID_ (5),4,0,3,25.71,-19.66,-25.19,1
VID_ (5),4,0,4,28.0,-18.07,-25.54,1
VID_ (5),4,0,5,27.6,-19.42,-27.26,1
VID_ (5),4,0,6,27.3,-17.4,-25.27,1
VID_ (5),4,0,7,27.44,-19.5,-25.15,1
VID_ (5),4,1,0,28.0,-18.07,-25.54,1
VID_ (5),4,1,1,27.6,-19.42,-27.26,1
VID_ (5),4,1,2,27.3,-17.4,-25.27,1
VID_ (5),4,1,3,27.44,-19.5,-25.15,1
VID_ (5),4,1,4,25.16,-19.87,-23.39,1
VID_ (5),4,1,5,22.9,-20.15,-25.4,1
VID_ (5),4,1,6,23.58,-22.08,-30.24,1
VID_ (5),4,1,7,24.21,-22.87,-29.53,1
VID_ (5),5,0,0,-2.8,-11.79,-6.3,1
VID_ (5),5,0,1,-5.85,-12.16,-5.29,1
VID_ (5),5,0,2,-9.01,-9.93,-5.8,1
VID_ (5),5,0,3,0.17,-12.71,-7.18,1
VID_ (5),5,0,4,-1.46,-13.25,-5.74,1
VID_ (5),5,0,5,-1.83,-12.24,-6.15,1
VID_ (5),5,0,6,-0.96,-12.14,-5.68,1
VID_ (5),5,0,7,1.32,-12.99,-6.22,1
VID_ (5),5,1,0,-1.46,-13.25,-5.74,1
VID_ (5),5,1,1,-1.83,-12.24,-6.15,1
VID_ (5),5,1,2,-0.96,-12.14,-5.68,1
VID_ (5),5,1,3,1.32,-12.99,-6.22,1
VID_ (5),5,1,4,2.64,-12.87,-5.08,1
VID_ (5),5,1,5,-0.31,-10.31,-5.02,1
VID_ (5),5,1,6,6.04,-13.22,-4.73,1
VID_ (5),5,1,7,2.86,-11.77,-4.41,1
VID_ (5),6,0,0,-23.15,-21.55,-9.27,1
VID_ (5),6,0,1,-21.62,-21.93,-8.77,1
VID_ (5),6,0,2,-24.1,-27.14,-5.72,1
VID_ (5),6,0,3,-26.97,-27.47,-8.6,1
VID_ (5),6,0,4,-28.85,-22.7,-8.61,1
VID_ (5),6,0,5,-27.31,-20.06,-10.6,1
VID_ (5),6,0,6,-30.08,-10.1,-15.54,1
VID_ (5),6,0,7,-27.79,-11.41,-16.83,1
VID_ (5),6,1,0,-28.85,-22.7,-8.61,1
VID_ (5),6,1,1,-27.31,-20.06,-10.6,1
VID_ (5),6,1,2,-30.08,-10.1,-15.54,1
VID_ (5),6,1,3,-27.79,-11.41,-16.83,1
VID_ (5),6,1,4,-30.49,-9.45,-18.9,1
VID_ (5),6,1,5,-29.04,-10.56,-16.38,1
VID_ (5),6,1,6,-25.9,-13.56,-14.32,1
VID_ (5),6,1,7,-23.71,-14.89,-13.04,1
VID_ (5),7,0,0,,,,0
VID_ (5),7,0,1,,,,0
VID_ (5),7,0,2,,,,0
VID_ (5),7,0,3,,,,0
VID_ (5),7,0,4,-39.68,8.26,-4.36,1
VID_ (5),7,0,5,-37.07,3.3,-6.58,1
VID_ (5),7,0,6,-24.95,0.46,-2.5,1
VID_ (5),7,0,7,,,,0
VID_ (5),7,1,0,-39.68,8.26,-4.36,1
VID_ (5),7,1,1,-37.07,3.3,-6.58,1
VID_ (5),7,1,2,-24.95,0.46,-2.5,1
VID_ (5),7,1,3,,,,0
VID_ (5),7,1,4,,,,0
VID_ (5),7,1,5,,,,0
VID_ (5),7,1,6,-23.48,2.64,-5.39,1
VID_ (5),7,1,7,,,,0
VID_ (5),8,0,0,,,,0
VID_ (5),8,0,1,,,,0
VID_ (5),8,0,2,,,,0
VID_ (5),8,0,3,,,,0
VID_ (5),8,0,4,,,,0
VID_ (5),8,0,5,,,,0
VID_ (5),8,0,6,,,,0
VID_ (5),8,0,7,,,,0
VID_ (5),8,1,0,,,,0
VID_ (5),8,1,1,,,,0
VID_ (5),8,1,2,,,,0
VID_ (5),8,1,3,,,,0
VID_ (5),8,1,4,,,,0
VID_ (5),8,1,5,,,,0
VID_ (5),8,1,6,,,,0
VID_ (5),8,1,7,,,,0
VID_ (5),9,0,0,,,,0
VID_ (5),9,0,1,-36.59,5.86,-4.37,1
VID_ (5),9,0,2,-4.92,-3.06,-8.58,1
VID_ (5),9,0,3,,,,0
VID_ (5),9,0,4,,,,0
VID_ (5),9,0,5,,,,0
VID_ (5),9,0,6,,,,0
VID_ (5),9,0,7,,,,0
VID_ (5),9,1,0,,,,0
VID_ (5),9,1,1,,,,0
VID_ (5),9,1,2,,,,0
VID_ (5),9,1,3,,,,0
VID_ (5),9,1,4,,,,0
VID_ (5),9,1,5,,,,0
VID_ (5),9,1,6,,,,0
VID_ (5),9,1,7,,,,0
VID_ (6),1,0,0,-2.34,-39.09,20.41,1
VID_ (6),1,0,1,-2.15,-38.85,19.62,1
VID_ (6),1,0,2,1.1,-34.91,12.89,1
VID_ (6),1,0,3,2.87,-27.4,9.27,1
VID_ (6),1,0,4,-2.44,-26.74,11.0,1
VID_ (6),1,0,5,0.66,-24.17,8.92,1
VID_ (6),1,0,6,-0.74,-27.69,11.78,1
VID_ (6),1,0,7,-2.62,-30.51,13.03,1
VID_ (6),1,1,0,-2.44,-26.74,11.0,1
VID_ (6),1,1,1,0.66,-24.17,8.92,1
VID_ (6),1,1,2,-0.74,-27.69,11.78,1
VID_ (6),1,1,3,-2.62,-30.51,13.03,1
VID_ (6),1,1,4,-1.8,-29.42,13.69,1
VID_ (6),1,1,5,-3.6,-33.12,14.32,1
VID_ (6),1,1,6,-1.29,-31.82,13.58,1
VID_ (6),1,1,7,-3.76,-32.65,13.73,1
VID_ (6),1,2,0,-1.8,-29.42,13.69,1
VID_ (6),1,2,1,-3.6,-33.12,14.32,1
VID_ (6),1,2,2,-1.29,-31.82,13.58,1
VID_ (6),1,2,3,-3.76,-32.65,13.73,1
VID_ (6),1,2,4,-4.61,-32.93,13.44,1
VID_ (6),1,2,5,-2.53,-32.97,15.34,1
VID_ (6),1,2,6,-4.8,-34.54,16.07,1
VID_ (6),1,2,7,-2.05,-34.53,15.26,1
VID_ (6),1,3,0,-4.61,-32.93,13.44,1
VID_ (6),1,3,1,-2.53,-32.97,15.34,1
VID_ (6),1,3,2,-4.8,-34.54,16.07,1
VID_ (6),1,3,3,-2.05,-34.53,15.26,1
VID_ (6),1,3,4,-5.48,-35.27,15.15,1
VID_ (6),1,3,5,-3.47,-35.43,15.69,1
VID_ (6),1,3,6,-3.53,-34.06,14.75,1
VID_ (6),1,3,7,-1.65,-31.96,13.32,1
VID_ (6),1,4,0,-5.48,-35.27,15.15,1
VID_ (6),1,4,1,-3.47,-35.43,15.69,1
VID_ (6),1,4,2,-3.53,-34.06,14.75,1
VID_ (6),1,4,3,-1.65,-31.96,13.32,1
VID_ (6),1,4,4,-1.09,-33.83,14.0,1
VID_ (6),1,4,5,-2.13,-34.39,13.98,1
VID_ (6),1,4,6,-2.35,-35.71,16.92,1
VID_ (6),1,4,7,-0.9,-36.56,17.42,1
VID_ (6),1,5,0,-1.09,-33.83,14.0,1
VID_ (6),1,5,1,-2.13,-34.39,13.98,1
VID_ (6),1,5,2,-2.35,-35.71,16.92,1
VID_ (6),1,5,3,-0.9,-36.56,17.42,1
VID_ (6),1,5,4,0.33,-37.63,17.16,1
VID_ (6),1,5,5,1.34,-38.02,18.94,1
VID_ (6),1,5,6,0.89,-37.15,19.44,1
VID_ (6),1,5,7,0.53,-38.56,18.34,1
VID_ (6),1,6,0,0.33,-37.63,17.16,1
VID_ (6),1,6,1,1.34,-38.02,18.94,1
VID_ (6),1,6,2,0.89,-37.15,19.44,1
VID_ (6),1,6,3,0.53,-38.56,18.34,1
VID_ (6),1,6,4,1.63,-37.68,18.04,1
VID_ (6),1,6,5,0.66,-37.24,18.55,1
VID_ (6),1,6,6,1.04,-38.21,18.17,1
VID_ (6),1,6,7,1.21,-36.58,19.44,1
VID_ (6),10,0,0,,,,0
VID_ (6),10,0,1,,,,0
VID_ (6),10,0,2,,,,0
VID_ (6),10,0,3,,,,0
VID_ (6),10,0,4,,,,0
VID_ (6),10,0,5,,,,0
VID_ (6),10,0,6,,,,0
VID_ (6),10,0,7,,,,0
VID_ (6),10,1,0,,,,0
VID_ (6),10,1,1,,,,0
VID_ (6),10,1,2,,,,0
VID_ (6),10,1,3,,,,0
VID_ (6),10,1,4,,,,0
VID_ (6),10,1,5,,,,0
VID_ (6),10,1,6,,,,0
VID_ (6),10,1,7,,,,0
VID_ (6),11,0,0,,,,0
VID_ (6),11,0,1,,,,0
VID_ (6),11,0,2,,,,0
VID_ (6),11,0,3,,,,0
VID_ (6),11,0,4,,,,0
VID_ (6),11,0,5,,,,0
VID_ (6),11,0,6,,,,0
VID_ (6),11,0,7,,,,0
VID_ (6),2,0,0,80.78,-64.1,-69.94,1
VID_ (6),2,0,1,81.69,-48.4,-47.06,1
VID_ (6),2,0,2,82.9,-50.95,-48.19,1
VID_ (6),2,0,3,79.02,-60.82,-64.01,1
VID_ (6),2,0,4,80.35,-84.63,-79.4,1
VID_ (6),2,0,5,81.37,-60.27,-58.19,1
VID_ (6),2,0,6,79.53,-50.9,-50.75,1
VID_ (6),2,0,7,,,,0
VID_ (6),2,1,0,80.35,-84.63,-79.4,1
VID_ (6),2,1,1,81.37,-60.27,-58.19,1
VID_ (6),2,1,2,79.53,-50.9,-50.75,1
VID_ (6),2,1,3,,,,0
VID_ (6),2,1,4,75.52,-62.82,-61.64,1
VID_ (6),2,1,5,82.66,-63.57,-62.33,1
VID_ (6),2,1,6,,,,0
VID_ (6),2,1,7,79.33,-59.46,-59.92,1
VID_ (6),2,2,0,75.52,-62.82,-61.64,1
VID_ (6),2,2,1,82.66,-63.57,-62.33,1
VID_ (6),2,2,2,,,,0
VID_ (6),2,2,3,79.33,-59.46,-59.92,1
VID_ (6),2,2,4,79.71,-75.98,-76.33,1
VID_ (6),2,2,5,81.18,-64.77,-64.47,1
VID_ (6),2,2,6,,,,0
VID_ (6),2,2,7,,,,0
VID_ (6),2,3,0,79.71,-75.98,-76.33,1
VID_ (6),2,3,1,81.18,-64.77,-64.47,1
VID_ (6),2,3,2,,,,0
VID_ (6),2,3,3,,,,0
VID_ (6),2,3,4,,,,0
VID_ (6),2,3,5,80.59,-55.99,-55.95,1
VID_ (6),2,3,6,,,,0
VID_ (6),2,3,7,79.04,-38.49,-40.33,1
VID_ (6),2,4,0,,,,0
VID_ (6),2,4,1,80.59,-55.99,-55.95,1
VID_ (6),2,4,2,,,,0
VID_ (6),2,4,3,79.04,-38.49,-40.33,1
VID_ (6),2,4,4,78.01,-30.12,-32.99,1
VID_ (6),2,4,5,,,,0
VID_ (6),2,4,6,,,,0
VID_ (6),2,4,7,81.32,-88.74,-86.4,1
VID_ (6),2,5,0,78.01,-30.12,-32.99,1
VID_ (6),2,5,1,,,,0
VID_ (6),2,5,2,,,,0
VID_ (6),2,5,3,81.32,-88.74,-86.4,1
VID_ (6),2,5,4,81.69,-67.63,-64.95,1
VID_ (6),2,5,5,,,,0
VID_ (6),2,5,6,77.34,-85.01,-90.1,1
VID_ (6),2,5,7,80.77,-80.78,-79.41,1
VID_ (6),2,6,0,81.69,-67.63,-64.95,1
VID_ (6),2,6,1,,,,0
VID_ (6),2,6,2,77.34,-85.01,-90.1,1
VID_ (6),2,6,3,80.77,-80.78,-79.41,1
VID_ (6),2,6,4,82.64,-75.7,-71.43,1
VID_ (6),2,6,5,,,,0
VID_ (6),2,6,6,78.71,-79.41,-80.62,1
VID_ (6),2,6,7,,,,0
VID_ (6),3,0,0,-8.19,-43.95,26.47,1
VID_ (6),3,0,1,-9.94,-43.59,25.29,1
VID_ (6),3,0,2,-12.46,-46.96,23.92,1
VID_ (6),3,0,3,-13.24,-45.3,23.52,1
VID_ (6),3,0,4,-13.78,-44.97,22.86,1
VID_ (6),3,0,5,-13.06,-44.88,24.33,1
VID_ (6),3,0,6,-12.45,-45.24,24.51,1
VID_ (6),3,0,7,-14.88,-44.56,24.64,1
VID_ (6),3,1,0,-13.78,-44.97,22.86,1
VID_ (6),3,1,1,-13.06,-44.88,24.33,1
VID_ (6),3,1,2,-12.45,-45.24,24.51,1
VID_ (6),3,1,3,-14.88,-44.56,24.64,1
VID_ (6),3,1,4,-16.95,-42.99,20.58,1
VID_ (6),3,1,5,-17.19,-44.06,22.58,1
VID_ (6),3,1,6,-18.82,-43.75,19.34,1
VID_ (6),3,1,7,-18.4,-44.32,22.23,1
VID_ (6),3,2,0,-16.95,-42.99,20.58,1
VID_ (6),3,2,1,-17.19,-44.06,22.58,1
VID_ (6),3,2,2,-18.82,-43.75,19.34,1
VID_ (6),3,2,3,-18.4,-44.32,22.23,1
VID_ (6),3,2,4,-17.81,-43.04,19.15,1
VID_ (6),3,2,5,-18.69,-44.0,20.85,1
VID_ (6),3,2,6,-16.94,-43.59,18.54,1
VID_ (6),3,2,7,-14.53,-43.05,19.47,1
VID_ (6),3,3,0,-17.81,-43.04,19.15,1
VID_ (6),3,3,1,-18.69,-44.0,20.85,1
VID_ (6),3,3,2,-16.94,-43.59,18.54,1
VID_ (6),3,3,3,-14.53,-43.05,19.47,1
VID_ (6),3,3,4,-15.37,-44.29,18.13,1
VID_ (6),3,3,5,-13.68,-44.1,19.75,1
VID_ (6),3,3,6,-15.28,-43.0,17.12,1
VID_ (6),3,3,7,-18.28,-41.9,16.05,1
VID_ (6),3,4,0,-15.37,-44.29,18.13,1
VID_ (6),3,4,1,-13.68,-44.1,19.75,1
VID_ (6),3,4,2,-15.28,-43.0,17.12,1
VID_ (6),3,4,3,-18.28,-41.9,16.05,1
VID_ (6),3,4,4,-15.84,-37.57,12.3,1
VID_ (6),3,4,5,-12.38,-34.03,11.58,1
VID_ (6),3,4,6,-22.86,-37.98,14.16,1
VID_ (6),3,4,7,-20.66,-44.53,22.07,1
VID_ (6),3,5,0,-15.84,-37.57,12.3,1
VID_ (6),3,5,1,-12.38,-34.03,11.58,1
VID_ (6),3,5,2,-22.86,-37.98,14.16,1
VID_ (6),3,5,3,-20.66,-44.53,22.07,1
VID_ (6),3,5,4,,,,0
VID_ (6),3,5,5,-20.33,-43.05,19.95,1
VID_ (6),3,5,6,-22.86,-42.8,19.1,1
VID_ (6),3,5,7,-22.28,-37.4,11.93,1
VID_ (6),3,6,0,,,,0
VID_ (6),3,6,1,-20.33,-43.05,19.95,1
VID_ (6),3,6,2,-22.86,-42.8,19.1,1
VID_ (6),3,6,3,-22.28,-37.4,11.93,1
VID_ (6),3,6,4,-23.47,-38.26,13.53,1
VID_ (6),3,6,5,-24.4,-43.38,18.6,1
VID_ (6),3,6,6,-27.69,-37.96,14.08,1
VID_ (6),3,6,7,-26.51,-39.29,13.84,1
VID_ (6),4,0,0,-47.75,-25.66,13.23,1
VID_ (6),4,0,1,-42.3,-40.2,29.44,1
VID_ (6),4,0,2,,,,0
VID_ (6),4,0,3,,,,0
VID_ (6),4,0,4,,,,0
VID_ (6),4,0,5,-45.55,-34.93,23.74,1
VID_ (6),4,0,6,-43.34,-42.16,33.99,1
VID_ (6),4,0,7,-38.26,-10.45,4.09,1
VID_ (6),4,1,0,,,,0
VID_ (6),4,1,1,-45.55,-34.93,23.74,1
VID_ (6),4,1,2,-43.34,-42.16,33.99,1
VID_ (6),4,1,3,-38.26,-10.45,4.09,1
VID_ (6),4,1,4,-41.43,-28.09,22.74,1
VID_ (6),4,1,5,-43.19,-34.2,25.12,1
VID_ (6),4,1,6,-34.94,-21.42,15.52,1
VID_ (6),4,1,7,-17.04,-24.7,10.72,1
VID_ (6),4,2,0,-41.43,-28.09,22.74,1
VID_ (6),4,2,1,-43.19,-34.2,25.12,1
VID_ (6),4,2,2,-34.94,-21.42,15.52,1
VID_ (6),4,2,3,-17.04,-24.7,10.72,1
VID_ (6),4,2,4,,,,0
VID_ (6),4,2,5,-33.49,-23.95,15.48,1
VID_ (6),4,2,6,-37.42,-25.33,18.47,1
VID_ (6),4,2,7,-44.07,-29.89,19.09,1
VID_ (6),4,3,0,,,,0
VID_ (6),4,3,1,-33.49,-23.95,15.48,1
VID_ (6),4,3,2,-37.42,-25.33,18.47,1
VID_ (6),4,3,3,-44.07,-29.89,19.09,1
VID_ (6),4,3,4,,,,0
VID_ (6),4,3,5,,,,0
VID_ (6),4,3,6,-48.02,-28.18,22.4,1
VID_ (6),4,3,7,,,,0
VID_ (6),4,4,0,,,,0
VID_ (6),4,4,1,,,,0
VID_ (6),4,4,2,-48.02,-28.18,22.4,1
VID_ (6),4,4,3,,,,0
VID_ (6),4,4,4,-67.81,-21.8,16.63,1
VID_ (6),4,4,5,-58.76,27.6,-37.27,1
VID_ (6),4,4,6,-21.53,16.48,-31.18,1
VID_ (6),4,4,7,-12.57,34.58,-13.99,1
VID_ (6),4,5,0,-67.81,-21.8,16.63,1
VID_ (6),4,5,1,-58.76,27.6,-37.27,1
VID_ (6),4,5,2,-21.53,16.48,-31.18,1
VID_ (6),4,5,3,-12.57,34.58,-13.99,1
VID_ (6),4,5,4,,,,0
VID_ (6),4,5,5,-27.25,25.81,-38.73,1
VID_ (6),4,5,6,,,,0
VID_ (6),4,5,7,-46.85,11.01,-31.39,1
VID_ (6),4,6,0,,,,0
VID_ (6),4,6,1,-27.25,25.81,-38.73,1
VID_ (6),4,6,2,,,,0
VID_ (6),4,6,3,-46.85,11.01,-31.39,1
VID_ (6),4,6,4,-69.98,-4.33,-8.29,1
VID_ (6),4,6,5,-65.87,-13.14,-2.87,1
VID_ (6),4,6,6,-65.81,-5.54,-11.69,1
VID_ (6),4,6,7,-21.32,-10.44,3.44,1
VID_ (6),5,0,0,,,,0
VID_ (6),5,0,1,,,,0
VID_ (6),5,0,2,,,,0
VID_ (6),5,0,3,,,,0
VID_ (6),5,0,4,,,,0
VID_ (6),5,0,5,,,,0
VID_ (6),5,0,6,64.76,-2.91,30.42,1
VID_ (6),5,0,7,73.51,-7.57,8.32,1
VID_ (6),5,1,0,,,,0
VID_ (6),5,1,1,,,,0
VID_ (6),5,1,2,64.76,-2.91,30.42,1
VID_ (6),5,1,3,73.51,-7.57,8.32,1
VID_ (6),5,1,4,81.4,-39.27,-27.68,1
VID_ (6),5,1,5,83.04,-48.56,-37.91,1
VID_ (6),5,1,6,83.28,-46.53,-34.92,1
VID_ (6),5,1,7,81.25,-36.49,-23.49,1
VID_ (6),5,2,0,81.4,-39.27,-27.68,1
VID_ (6),5,2,1,83.04,-48.56,-37.91,1
VID_ (6),5,2,2,83.28,-46.53,-34.92,1
VID_ (6),5,2,3,81.25,-36.49,-23.49,1
VID_ (6),5,2,4,83.11,-49.23,-38.45,1
VID_ (6),5,2,5,80.68,-31.95,-16.83,1
VID_ (6),5,2,6,81.64,-84.0,-74.66,1
VID_ (6),5,2,7,76.41,-61.1,-51.24,1
VID_ (6),5,3,0,83.11,-49.23,-38.45,1
VID_ (6),5,3,1,80.68,-31.95,-16.83,1
VID_ (6),5,3,2,81.64,-84.0,-74.66,1
VID_ (6),5,3,3,76.41,-61.1,-51.24,1
VID_ (6),5,3,4,78.0,-70.49,-62.55,1
VID_ (6),5,3,5,83.8,-80.01,-72.47,1
VID_ (6),5,3,6,,,,0
VID_ (6),5,3,7,79.26,-56.54,-49.63,1
VID_ (6),5,4,0,78.0,-70.49,-62.55,1
VID_ (6),5,4,1,83.8,-80.01,-72.47,1
VID_ (6),5,4,2,,,,0
VID_ (6),5,4,3,79.26,-56.54,-49.63,1
VID_ (6),5,4,4,,,,0
VID_ (6),5,4,5,,,,0
VID_ (6),5,4,6,,,,0
VID_ (6),5,4,7,,,,0
VID_ (6),5,5,0,,,,0
VID_ (6),5,5,1,,,,0
VID_ (6),5,5,2,,,,0
VID_ (6),5,5,3,,,,0
VID_ (6),5,5,4,,,,0
VID_ (6),5,5,5,,,,0
VID_ (6),5,5,6,,,,0
VID_ (6),5,5,7,,,,0
VID_ (6),5,6,0,,,,0
VID_ (6),5,6,1,,,,0
VID_ (6),5,6,2,,,,0
VID_ (6),5,6,3,,,,0
VID_ (6),5,6,4,,,,0
VID_ (6),5,6,5,,,,0
VID_ (6),5,6,6,,,,0
VID_ (6),5,6,7,,,,0
VID_ (6),6,0,0,,,,0
VID_ (6),6,0,1,,,,0
VID_ (6),6,0,2,,,,0
VID_ (6),6,0,3,,,,0
VID_ (6),6,0,4,,,,0
VID_ (6),6,0,5,,,,0
VID_ (6),6,0,6,-14.79,-18.94,8.66,1
VID_ (6),6,0,7,,,,0
VID_ (6),6,1,0,,,,0
VID_ (6),6,1,1,,,,0
VID_ (6),6,1,2,-14.79,-18.94,8.66,1
VID_ (6),6,1,3,,,,0
VID_ (6),6,1,4,-32.23,-21.22,15.56,1
VID_ (6),6,1,5,-35.29,-24.51,18.17,1
VID_ (6),6,1,6,,,,0
VID_ (6),6,1,7,,,,0
VID_ (6),6,2,0,-32.23,-21.22,15.56,1
VID_ (6),6,2,1,-35.29,-24.51,18.17,1
VID_ (6),6,2,2,,,,0
VID_ (6),6,2,3,,,,0
VID_ (6),6,2,4,,,,0
VID_ (6),6,2,5,,,,0
VID_ (6),6,2,6,,,,0
VID_ (6),6,2,7,-67.54,-23.24,18.33,1
VID_ (6),7,0,0,,,,0
VID_ (6),7,0,1,,,,0
VID_ (6),7,0,2,,,,0
VID_ (6),7,0,3,,,,0
VID_ (6),7,0,4,,,,0
VID_ (6),7,0,5,,,,0
VID_ (6),7,0,6,,,,0
VID_ (6),7,0,7,,,,0
VID_ (6),8,0,0,,,,0
VID_ (6),8,0,1,,,,0
VID_ (6),8,0,2,,,,0
VID_ (6),8,0,3,,,,0
VID_ (6),8,0,4,,,,0
VID_ (6),8,0,5,,,,0
VID_ (6),8,0,6,,,,0
VID_ (6),8,0,7,,,,0
VID_ (6),9,0,0,,,,0
VID_ (6),9,0,1,,,,0
VID_ (6),9,0,2,,,,0
VID_ (6),9,0,3,,,,0
VID_ (6),9,0,4,,,,0
VID_ (6),9,0,5,,,,0
VID_ (6),9,0,6,,,,0
VID_ (6),9,0,7,,,,0
VID_ (6),9,1,0,,,,0
VID_ (6),9,1,1,,,,0
VID_ (6),9,1,2,,,,0
VID_ (6),9,1,3,,,,0
VID_ (6),9,1,4,,,,0
VID_ (6),9,1,5,,,,0
VID_ (6),9,1,6,,,,0
VID_ (6),9,1,7,,,,0
VID_ (7),1,0,0,-43.48,-38.65,47.45,1
VID_ (7),1,0,1,-44.74,-40.97,48.35,1
VID_ (7),1,0,2,-43.35,-41.81,49.21,1
VID_ (7),1,0,3,-43.42,-43.02,49.93,1
VID_ (7),1,0,4,-43.14,-42.41,49.24,1
VID_ (7),1,0,5,-42.78,-40.87,47.8,1
VID_ (7),1,0,6,-40.71,-39.24,46.31,1
VID_ (7),1,0,7,-37.61,-35.89,43.63,1
VID_ (7),1,1,0,-43.14,-42.41,49.24,1
VID_ (7),1,1,1,-42.78,-40.87,47.8,1
VID_ (7),1,1,2,-40.71,-39.24,46.31,1
VID_ (7),1,1,3,-37.61,-35.89,43.63,1
VID_ (7),1,1,4,-34.17,-32.83,42.41,1
VID_ (7),1,1,5,-36.3,-26.35,36.26,1
VID_ (7),1,1,6,,,,0
VID_ (7),1,1,7,,,,0
VID_ (7),1,2,0,-34.17,-32.83,42.41,1
VID_ (7),1,2,1,-36.3,-26.35,36.26,1
VID_ (7),1,2,2,,,,0
VID_ (7),1,2,3,,,,0
VID_ (7),1,2,4,,,,0
VID_ (7),1,2,5,,,,0
VID_ (7),1,2,6,,,,0
VID_ (7),1,2,7,,,,0
VID_ (7),1,3,0,,,,0
VID_ (7),1,3,1,,,,0
VID_ (7),1,3,2,,,,0
VID_ (7),1,3,3,,,,0
VID_ (7),1,3,4,,,,0
VID_ (7),1,3,5,,,,0
VID_ (7),1,3,6,,,,0
VID_ (7),1,3,7,,,,0
VID_ (7),1,4,0,,,,0
VID_ (7),1,4,1,,,,0
VID_ (7),1,4,2,,,,0
VID_ (7),1,4,3,,,,0
VID_ (7),1,4,4,,,,0
VID_ (7),1,4,5,,,,0
VID_ (7),1,4,6,,,,0
VID_ (7),1,4,7,,,,0
VID_ (7),1,5,0,,,,0
VID_ (7),1,5,1,,,,0
VID_ (7),1,5,2,,,,0
VID_ (7),1,5,3,,,,0
VID_ (7),1,5,4,,,,0
VID_ (7),1,5,5,,,,0
VID_ (7),1,5,6,,,,0
VID_ (7),1,5,7,,,,0
VID_ (7),1,6,0,,,,0
VID_ (7),1,6,1,,,,0
VID_ (7),1,6,2,,,,0
VID_ (7),1,6,3,,,,0
VID_ (7),1,6,4,,,,0
VID_ (7),1,6,5,,,,0
VID_ (7),1,6,6,,,,0
VID_ (7),1,6,7,,,,0
VID_ (7),10,0,0,-11.69,-4.51,-11.59,1
VID_ (7),10,0,1,5.39,-9.03,-10.09,1
VID_ (7),10,0,2,29.0,-16.24,-2.75,1
VID_ (7),10,0,3,11.07,-6.24,-7.88,1
VID_ (7),10,0,4,12.98,-10.82,-8.1,1
VID_ (7),10,0,5,-9.2,-10.44,-6.52,1
VID_ (7),10,0,6,-15.06,-3.74,-12.53,1
VID_ (7),10,0,7,-13.64,-5.93,-11.57,1
VID_ (7),10,1,0,12.98,-10.82,-8.1,1
VID_ (7),10,1,1,-9.2,-10.44,-6.52,1
VID_ (7),10,1,2,-15.06,-3.74,-12.53,1
VID_ (7),10,1,3,-13.64,-5.93,-11.57,1
VID_ (7),10,1,4,13.95,-6.57,-10.32,1
VID_ (7),10,1,5,26.27,-9.66,-15.59,1
VID_ (7),10,1,6,-13.52,-12.55,-9.67,1
VID_ (7),10,1,7,-3.68,-16.11,-12.01,1
VID_ (7),11,0,0,74.59,-44.0,-40.45,1
VID_ (7),11,0,1,78.04,-46.78,-42.97,1
VID_ (7),11,0,2,77.41,-62.93,-57.76,1
VID_ (7),11,0,3,77.17,-59.45,-57.4,1
VID_ (7),11,0,4,79.29,-39.03,-38.68,1
VID_ (7),11,0,5,,,,0
VID_ (7),11,0,6,,,,0
VID_ (7),11,0,7,,,,0
VID_ (7),12,0,0,-11.95,-8.39,-4.05,1
VID_ (7),12,0,1,-13.83,-12.54,-4.69,1
VID_ (7),12,0,2,-14.79,-9.51,-7.5,1
VID_ (7),12,0,3,-12.62,-10.88,-6.55,1
VID_ (7),12,0,4,-11.18,-9.31,-6.19,1
VID_ (7),12,0,5,46.2,-10.99,-8.92,1
VID_ (7),12,0,6,57.0,-18.52,-12.98,1
VID_ (7),12,0,7,39.46,-19.02,-9.03,1
VID_ (7),2,0,0,84.16,-53.78,-51.0,1
VID_ (7),2,0,1,85.03,-63.02,-59.63,1
VID_ (7),2,0,2,83.22,-69.5,-65.3,1
VID_ (7),2,0,3,84.35,-63.15,-58.0,1
VID_ (7),2,0,4,84.39,-19.71,-16.92,1
VID_ (7),2,0,5,82.53,-38.94,-35.0,1
VID_ (7),2,0,6,82.99,-49.26,-43.57,1
VID_ (7),2,0,7,81.64,-50.68,-44.41,1
VID_ (7),2,1,0,84.39,-19.71,-16.92,1
VID_ (7),2,1,1,82.53,-38.94,-35.0,1
VID_ (7),2,1,2,82.99,-49.26,-43.57,1
VID_ (7),2,1,3,81.64,-50.68,-44.41,1
VID_ (7),2,1,4,82.55,-47.93,-41.75,1
VID_ (7),2,1,5,82.34,-26.18,-21.95,1
VID_ (7),2,1,6,82.13,-64.11,-58.28,1
VID_ (7),2,1,7,80.6,-55.43,-53.02,1
VID_ (7),2,2,0,82.55,-47.93,-41.75,1
VID_ (7),2,2,1,82.34,-26.18,-21.95,1
VID_ (7),2,2,2,82.13,-64.11,-58.28,1
VID_ (7),2,2,3,80.6,-55.43,-53.02,1
VID_ (7),2,2,4,75.24,-66.74,-63.86,1
VID_ (7),2,2,5,74.74,-41.29,-38.48,1
VID_ (7),2,2,6,,,,0
VID_ (7),2,2,7,,,,0
VID_ (7),2,3,0,75.24,-66.74,-63.86,1
VID_ (7),2,3,1,74.74,-41.29,-38.48,1
VID_ (7),2,3,2,,,,0
VID_ (7),2,3,3,,,,0
VID_ (7),2,3,4,71.88,-59.21,-58.76,1
VID_ (7),2,3,5,75.23,-52.89,-54.3,1
VID_ (7),2,3,6,72.06,-53.68,-54.63,1
VID_ (7),2,3,7,69.94,-64.42,-66.75,1
VID_ (7),2,4,0,71.88,-59.21,-58.76,1
VID_ (7),2,4,1,75.23,-52.89,-54.3,1
VID_ (7),2,4,2,72.06,-53.68,-54.63,1
VID_ (7),2,4,3,69.94,-64.42,-66.75,1
VID_ (7),2,4,4,74.81,-66.98,-65.08,1
VID_ (7),2,4,5,75.64,-68.68,-69.96,1
VID_ (7),2,4,6,71.8,-61.53,-63.13,1
VID_ (7),2,4,7,72.39,-70.43,-68.92,1
VID_ (7),2,5,0,74.81,-66.98,-65.08,1
VID_ (7),2,5,1,75.64,-68.68,-69.96,1
VID_ (7),2,5,2,71.8,-61.53,-63.13,1
VID_ (7),2,5,3,72.39,-70.43,-68.92,1
VID_ (7),2,5,4,69.44,-71.57,-70.61,1
VID_ (7),2,5,5,68.13,-70.2,-67.99,1
VID_ (7),2,5,6,66.52,-66.31,-62.48,1
VID_ (7),2,5,7,78.13,-74.49,-70.28,1
VID_ (7),2,6,0,69.44,-71.57,-70.61,1
VID_ (7),2,6,1,68.13,-70.2,-67.99,1
VID_ (7),2,6,2,66.52,-66.31,-62.48,1
VID_ (7),2,6,3,78.13,-74.49,-70.28,1
VID_ (7),2,6,4,77.03,-64.72,-62.5,1
VID_ (7),2,6,5,80.47,-68.63,-64.06,1
VID_ (7),2,6,6,72.64,-71.52,-68.19,1
VID_ (7),2,6,7,75.67,-70.27,-66.33,1
VID_ (7),2,7,0,77.03,-64.72,-62.5,1
VID_ (7),2,7,1,80.47,-68.63,-64.06,1
VID_ (7),2,7,2,72.64,-71.52,-68.19,1
VID_ (7),2,7,3,75.67,-70.27,-66.33,1
VID_ (7),2,7,4,80.35,-66.16,-62.53,1
VID_ (7),2,7,5,,,,0
VID_ (7),2,7,6,79.82,-75.03,-68.85,1
VID_ (7),2,7,7,,,,0
VID_ (7),2,8,0,80.35,-66.16,-62.53,1
VID_ (7),2,8,1,,,,0
VID_ (7),2,8,2,79.82,-75.03,-68.85,1
VID_ (7),2,8,3,,,,0
VID_ (7),2,8,4,,,,0
VID_ (7),2,8,5,,,,0
VID_ (7),2,8,6,,,,0
VID_ (7),2,8,7,,,,0
VID_ (7),2,9,0,,,,0
VID_ (7),2,9,1,,,,0
VID_ (7),2,9,2,,,,0
VID_ (7),2,9,3,,,,0
VID_ (7),2,9,4,,,,0
VID_ (7),2,9,5,,,,0
VID_ (7),2,9,6,,,,0
VID_ (7),2,9,7,,,,0
VID_ (7),2,10,0,,,,0
VID_ (7),2,10,1,,,,0
VID_ (7),2,10,2,,,,0
VID_ (7),2,10,3,,,,0
VID_ (7),2,10,4,,,,0
VID_ (7),2,10,5,,,,0
VID_ (7),2,10,6,,,,0
VID_ (7),2,10,7,,,,0
VID_ (7),2,11,0,,,,0
VID_ (7),2,11,1,,,,0
VID_ (7),2,11,2,,,,0
VID_ (7),2,11,3,,,,0
VID_ (7),2,11,4,,,,0
VID_ (7),2,11,5,71.39,-64.03,-47.03,1
VID_ (7),2,11,6,,,,0
VID_ (7),2,11,7,,,,0
VID_ (7),2,12,0,,,,0
VID_ (7),2,12,1,71.39,-64.03,-47.03,1
VID_ (7),2,12,2,,,,0
VID_ (7),2,12,3,,,,0
VID_ (7),2,12,4,,,,0
VID_ (7),2,12,5,,,,0
VID_ (7),2,12,6,,,,0
VID_ (7),2,12,7,,,,0
VID_ (7),2,13,0,,,,0
VID_ (7),2,13,1,,,,0
VID_ (7),2,13,2,,,,0
VID_ (7),2,13,3,,,,0
VID_ (7),2,13,4,,,,0
VID_ (7),2,13,5,,,,0
VID_ (7),2,13,6,55.12,-36.96,-27.63,1
VID_ (7),2,13,7,,,,0
VID_ (7),3,0,0,-58.57,-6.71,10.84,1
VID_ (7),3,0,1,,,,0
VID_ (7),3,0,2,,,,0
VID_ (7),3,0,3,,,,0
VID_ (7),3,0,4,,,,0
VID_ (7),3,0,5,,,,0
VID_ (7),3,0,6,,,,0
VID_ (7),3,0,7,,,,0
VID_ (7),3,1,0,,,,0
VID_ (7),3,1,1,,,,0
VID_ (7),3,1,2,,,,0
VID_ (7),3,1,3,,,,0
VID_ (7),3,1,4,,,,0
VID_ (7),3,1,5,,,,0
VID_ (7),3,1,6,,,,0
VID_ (7),3,1,7,,,,0
VID_ (7),3,2,0,,,,0
VID_ (7),3,2,1,,,,0
VID_ (7),3,2,2,,,,0
VID_ (7),3,2,3,,,,0
VID_ (7),3,2,4,,,,0
VID_ (7),3,2,5,,,,0
VID_ (7),3,2,6,,,,0
VID_ (7),3,2,7,,,,0
VID_ (7),3,3,0,,,,0
VID_ (7),3,3,1,,,,0
VID_ (7),3,3,2,,,,0
VID_ (7),3,3,3,,,,0
VID_ (7),3,3,4,,,,0
VID_ (7),3,3,5,,,,0
VID_ (7),3,3,6,,,,0
VID_ (7),3,3,7,,,,0
VID_ (7),3,4,0,,,,0
VID_ (7),3,4,1,,,,0
VID_ (7),3,4,2,,,,0
VID_ (7),3,4,3,,,,0
VID_ (7),3,4,4,-55.16,3.75,0.8,1
VID_ (7),3,4,5,,,,0
VID_ (7),3,4,6,,,,0
VID_ (7),3,4,7,,,,0
VID_ (7),3,5,0,-55.16,3.75,0.8,1
VID_ (7),3,5,1,,,,0
VID_ (7),3,5,2,,,,0
VID_ (7),3,5,3,,,,0
VID_ (7),3,5,4,-51.21,-0.98,6.39,1
VID_ (7),3,5,5,,,,0
VID_ (7),3,5,6,-49.78,-6.85,8.3,1
VID_ (7),3,5,7,,,,0
VID_ (7),3,6,0,-51.21,-0.98,6.39,1
VID_ (7),3,6,1,,,,0
VID_ (7),3,6,2,-49.78,-6.85,8.3,1
VID_ (7),3,6,3,,,,0
VID_ (7),3,6,4,,,,0
VID_ (7),3,6,5,,,,0
VID_ (7),3,6,6,,,,0
VID_ (7),3,6,7,,,,0
VID_ (7),3,7,0,,,,0
VID_ (7),3,7,1,,,,0
VID_ (7),3,7,2,,,,0
VID_ (7),3,7,3,,,,0
VID_ (7),3,7,4,,,,0
VID_ (7),3,7,5,,,,0
VID_ (7),3,7,6,,,,0
VID_ (7),3,7,7,-54.9,-1.28,6.77,1
VID_ (7),3,8,0,,,,0
VID_ (7),3,8,1,,,,0
VID_ (7),3,8,2,,,,0
VID_ (7),3,8,3,-54.9,-1.28,6.77,1
VID_ (7),3,8,4,-44.52,3.78,-0.51,1
VID_ (7),3,8,5,-46.22,3.74,-0.06,1
VID_ (7),3,8,6,-44.39,-2.33,10.16,1
VID_ (7),3,8,7,,,,0
VID_ (7),3,9,0,-44.52,3.78,-0.51,1
VID_ (7),3,9,1,-46.22,3.74,-0.06,1
VID_ (7),3,9,2,-44.39,-2.33,10.16,1
VID_ (7),3,9,3,,,,0
VID_ (7),3,9,4,,,,0
VID_ (7),3,9,5,-51.24,0.57,3.21,1
VID_ (7),3,9,6,-54.39,-6.1,10.37,1
VID_ (7),3,9,7,,,,0
VID_ (7),3,10,0,,,,0
VID_ (7),3,10,1,-51.24,0.57,3.21,1
VID_ (7),3,10,2,-54.39,-6.1,10.37,1
VID_ (7),3,10,3,,,,0
VID_ (7),3,10,4,-51.88,-4.35,9.39,1
VID_ (7),3,10,5,-41.97,-3.74,8.79,1
VID_ (7),3,10,6,,,,0
VID_ (7),3,10,7,-48.1,-0.85,12.06,1
VID_ (7),3,11,0,-51.88,-4.35,9.39,1
VID_ (7),3,11,1,-41.97,-3.74,8.79,1
VID_ (7),3,11,2,,,,0
VID_ (7),3,11,3,-48.1,-0.85,12.06,1
VID_ (7),3,11,4,,,,0
VID_ (7),3,11,5,,,,0
VID_ (7),3,11,6,,,,0
VID_ (7),3,11,7,,,,0
VID_ (7),3,12,0,,,,0
VID_ (7),3,12,1,,,,0
VID_ (7),3,12,2,,,,0
VID_ (7),3,12,3,,,,0
VID_ (7),3,12,4,,,,0
VID_ (7),3,12,5,,,,0
VID_ (7),3,12,6,,,,0
VID_ (7),3,12,7,,,,0
VID_ (7),3,13,0,,,,0
VID_ (7),3,13,1,,,,0
VID_ (7),3,13,2,,,,0
VID_ (7),3,13,3,,,,0
VID_ (7),3,13,4,,,,0
VID_ (7),3,13,5,-65.68,27.71,-24.34,1
VID_ (7),3,13,6,,,,0
VID_ (7),3,13,7,,,,0
VID_ (7),4,0,0,13.52,-11.01,2.19,1
VID_ (7),4,0,1,-11.52,-10.59,2.26,1
VID_ (7),4,0,2,-13.86,-8.22,0.18,1
VID_ (7),4,0,3,-7.1,-7.04,-0.22,1
VID_ (7),4,0,4,44.81,-17.68,-8.61,1
VID_ (7),4,0,5,57.58,-18.73,-9.47,1
VID_ (7),4,0,6,70.85,-28.83,-19.29,1
VID_ (7),4,0,7,41.23,-11.45,-16.68,1
VID_ (7),4,1,0,44.81,-17.68,-8.61,1
VID_ (7),4,1,1,57.58,-18.73,-9.47,1
VID_ (7),4,1,2,70.85,-28.83,-19.29,1
VID_ (7),4,1,3,41.23,-11.45,-16.68,1
VID_ (7),4,1,4,27.73,-4.86,-8.75,1
VID_ (7),4,1,5,20.65,-8.07,-5.98,1
VID_ (7),4,1,6,17.02,-8.65,-7.07,1
VID_ (7),4,1,7,11.56,-8.74,-5.51,1
VID_ (7),4,2,0,27.73,-4.86,-8.75,1
VID_ (7),4,2,1,20.65,-8.07,-5.98,1
VID_ (7),4,2,2,17.02,-8.65,-7.07,1
VID_ (7),4,2,3,11.56,-8.74,-5.51,1
VID_ (7),4,2,4,10.66,-9.35,-5.7,1
VID_ (7),4,2,5,-0.17,-7.55,-2.44,1
VID_ (7),4,2,6,2.48,-5.83,-21.22,1
VID_ (7),4,2,7,-14.73,-0.68,-17.07,1
VID_ (7),4,3,0,10.66,-9.35,-5.7,1
VID_ (7),4,3,1,-0.17,-7.55,-2.44,1
VID_ (7),4,3,2,2.48,-5.83,-21.22,1
VID_ (7),4,3,3,-14.73,-0.68,-17.07,1
VID_ (7),4,3,4,-12.54,-1.62,-16.8,1
VID_ (7),4,3,5,6.65,-9.76,-17.0,1
VID_ (7),4,3,6,56.75,-10.81,-3.09,1
VID_ (7),4,3,7,38.01,-5.11,3.57,1
VID_ (7),4,4,0,-12.54,-1.62,-16.8,1
VID_ (7),4,4,1,6.65,-9.76,-17.0,1
VID_ (7),4,4,2,56.75,-10.81,-3.09,1
VID_ (7),4,4,3,38.01,-5.11,3.57,1
VID_ (7),4,4,4,-8.31,-4.02,-12.18,1
VID_ (7),4,4,5,10.51,-10.93,-11.08,1
VID_ (7),4,4,6,31.88,-15.26,-3.21,1
VID_ (7),4,4,7,14.85,-7.44,-8.49,1
VID_ (7),4,5,0,-8.31,-4.02,-12.18,1
VID_ (7),4,5,1,10.51,-10.93,-11.08,1
VID_ (7),4,5,2,31.88,-15.26,-3.21,1
VID_ (7),4,5,3,14.85,-7.44,-8.49,1
VID_ (7),4,5,4,16.92,-12.34,-8.85,1
VID_ (7),4,5,5,-3.95,-8.78,-6.48,1
VID_ (7),4,5,6,-12.53,-2.58,-11.94,1
VID_ (7),4,5,7,-8.42,-2.39,-12.17,1
VID_ (7),4,6,0,16.92,-12.34,-8.85,1
VID_ (7),4,6,1,-3.95,-8.78,-6.48,1
VID_ (7),4,6,2,-12.53,-2.58,-11.94,1
VID_ (7),4,6,3,-8.42,-2.39,-12.17,1
VID_ (7),4,6,4,17.58,-10.33,-12.46,1
VID_ (7),4,6,5,33.57,-13.75,-16.46,1
VID_ (7),4,6,6,-14.36,-11.54,-9.61,1
VID_ (7),4,6,7,-3.66,-14.57,-12.31,1
VID_ (7),4,7,0,17.58,-10.33,-12.46,1
VID_ (7),4,7,1,33.57,-13.75,-16.46,1
VID_ (7),4,7,2,-14.36,-11.54,-9.61,1
VID_ (7),4,7,3,-3.66,-14.57,-12.31,1
VID_ (7),4,7,4,30.79,-22.88,-16.26,1
VID_ (7),4,7,5,61.65,-23.69,-19.68,1
VID_ (7),4,7,6,72.51,-17.14,-13.85,1
VID_ (7),4,7,7,70.56,-26.89,-24.52,1
VID_ (7),4,8,0,30.79,-22.88,-16.26,1
VID_ (7),4,8,1,61.65,-23.69,-19.68,1
VID_ (7),4,8,2,72.51,-17.14,-13.85,1
VID_ (7),4,8,3,70.56,-26.89,-24.52,1
VID_ (7),4,8,4,77.13,-46.78,-47.79,1
VID_ (7),4,8,5,74.38,-47.37,-45.89,1
VID_ (7),4,8,6,78.44,-49.94,-45.58,1
VID_ (7),4,8,7,77.84,-44.57,-40.87,1
VID_ (7),4,9,0,77.13,-46.78,-47.79,1
VID_ (7),4,9,1,74.38,-47.37,-45.89,1
VID_ (7),4,9,2,78.44,-49.94,-45.58,1
VID_ (7),4,9,3,77.84,-44.57,-40.87,1
VID_ (7),4,9,4,0.53,-9.22,-6.04,1
VID_ (7),4,9,5,-2.77,-7.55,-8.36,1
VID_ (7),4,9,6,-0.31,-9.02,-5.66,1
VID_ (7),4,9,7,-12.12,-7.72,0.61,1
VID_ (7),4,10,0,0.53,-9.22,-6.04,1
VID_ (7),4,10,1,-2.77,-7.55,-8.36,1
VID_ (7),4,10,2,-0.31,-9.02,-5.66,1
VID_ (7),4,10,3,-12.12,-7.72,0.61,1
VID_ (7),4,10,4,5.75,-4.18,-5.69,1
VID_ (7),4,10,5,-4.67,-8.07,-4.0,1
VID_ (7),4,10,6,-13.69,-12.23,-4.64,1
VID_ (7),4,10,7,-13.68,-8.09,-7.54,1
VID_ (7),4,11,0,5.75,-4.18,-5.69,1
VID_ (7),4,11,1,-4.67,-8.07,-4.0,1
VID_ (7),4,11,2,-13.69,-12.23,-4.64,1
VID_ (7),4,11,3,-13.68,-8.09,-7.54,1
VID_ (7),4,11,4,-12.65,-9.41,-6.62,1
VID_ (7),4,11,5,-11.48,-8.98,-6.52,1
VID_ (7),4,11,6,52.42,-13.25,-8.53,1
VID_ (7),4,11,7,66.52,-20.28,-14.13,1
VID_ (7),4,12,0,-12.65,-9.41,-6.62,1
VID_ (7),4,12,1,-11.48,-8.98,-6.52,1
VID_ (7),4,12,2,52.42,-13.25,-8.53,1
VID_ (7),4,12,3,66.52,-20.28,-14.13,1
VID_ (7),4,12,4,50.47,-18.22,-11.32,1
VID_ (7),4,12,5,47.08,-22.36,-15.08,1
VID_ (7),4,12,6,46.95,-21.96,-11.49,1
VID_ (7),4,12,7,21.01,-14.36,-4.48,1
VID_ (7),4,13,0,50.47,-18.22,-11.32,1
VID_ (7),4,13,1,47.08,-22.36,-15.08,1
VID_ (7),4,13,2,46.95,-21.96,-11.49,1
VID_ (7),4,13,3,21.01,-14.36,-4.48,1
VID_ (7),4,13,4,20.6,-15.24,-8.26,1
VID_ (7),4,13,5,-13.64,-4.79,-3.96,1
VID_ (7),4,13,6,-10.49,-0.84,-7.57,1
VID_ (7),4,13,7,-12.02,-1.29,-4.65,1
VID_ (7),5,0,0,-64.62,-44.56,45.67,1
VID_ (7),5,0,1,-56.47,-38.87,39.95,1
VID_ (7),5,0,2,-58.03,-39.71,40.71,1
VID_ (7),5,0,3,-60.31,-45.44,45.16,1
VID_ (7),5,0,4,-60.19,-42.55,43.59,1
VID_ (7),5,0,5,-56.45,-37.36,40.11,1
VID_ (7),5,0,6,-49.25,-29.92,35.08,1
VID_ (7),5,0,7,-54.26,-37.16,39.77,1
VID_ (7),5,1,0,-60.19,-42.55,43.59,1
VID_ (7),5,1,1,-56.45,-37.36,40.11,1
VID_ (7),5,1,2,-49.25,-29.92,35.08,1
VID_ (7),5,1,3,-54.26,-37.16,39.77,1
VID_ (7),5,1,4,-13.47,-8.48,17.1,1
VID_ (7),5,1,5,-7.72,-1.69,13.93,1
VID_ (7),5,1,6,,,,0
VID_ (7),5,1,7,-54.92,-35.78,36.1,1
VID_ (7),5,2,0,-13.47,-8.48,17.1,1
VID_ (7),5,2,1,-7.72,-1.69,13.93,1
VID_ (7),5,2,2,,,,0
VID_ (7),5,2,3,-54.92,-35.78,36.1,1
VID_ (7),5,2,4,-49.98,-31.87,35.59,1
VID_ (7),5,2,5,-52.36,-34.08,35.46,1
VID_ (7),5,2,6,-60.26,-39.13,38.44,1
VID_ (7),5,2,7,-58.48,-38.46,40.07,1
VID_ (7),5,3,0,-49.98,-31.87,35.59,1
VID_ (7),5,3,1,-52.36,-34.08,35.46,1
VID_ (7),5,3,2,-60.26,-39.13,38.44,1
VID_ (7),5,3,3,-58.48,-38.46,40.07,1
VID_ (7),5,3,4,-62.07,-37.37,32.56,1
VID_ (7),5,3,5,-58.21,-34.5,28.28,1
VID_ (7),5,3,6,-60.56,-41.61,41.45,1
VID_ (7),5,3,7,-46.37,-23.46,24.15,1
VID_ (7),5,4,0,-62.07,-37.37,32.56,1
VID_ (7),5,4,1,-58.21,-34.5,28.28,1
VID_ (7),5,4,2,-60.56,-41.61,41.45,1
VID_ (7),5,4,3,-46.37,-23.46,24.15,1
VID_ (7),5,4,4,-63.0,-40.51,39.28,1
VID_ (7),5,4,5,-64.03,-42.19,40.55,1
VID_ (7),5,4,6,-60.13,-36.78,33.81,1
VID_ (7),5,4,7,-45.46,-24.7,23.63,1
VID_ (7),5,5,0,-63.0,-40.51,39.28,1
VID_ (7),5,5,1,-64.03,-42.19,40.55,1
VID_ (7),5,5,2,-60.13,-36.78,33.81,1
VID_ (7),5,5,3,-45.46,-24.7,23.63,1
VID_ (7),5,5,4,-56.66,-35.27,33.57,1
VID_ (7),5,5,5,-56.82,-35.17,35.76,1
VID_ (7),5,5,6,,,,0
VID_ (7),5,5,7,-37.59,-20.29,24.53,1
VID_ (7),5,6,0,-56.66,-35.27,33.57,1
VID_ (7),5,6,1,-56.82,-35.17,35.76,1
VID_ (7),5,6,2,,,,0
VID_ (7),5,6,3,-37.59,-20.29,24.53,1
VID_ (7),5,6,4,-56.11,-34.1,33.06,1
VID_ (7),5,6,5,-58.73,-35.41,35.45,1
VID_ (7),5,6,6,-64.09,-38.34,36.91,1
VID_ (7),5,6,7,-60.25,-38.0,36.68,1
VID_ (7),5,7,0,-56.11,-34.1,33.06,1
VID_ (7),5,7,1,-58.73,-35.41,35.45,1
VID_ (7),5,7,2,-64.09,-38.34,36.91,1
VID_ (7),5,7,3,-60.25,-38.0,36.68,1
VID_ (7),5,7,4,-58.46,-34.69,33.58,1
VID_ (7),5,7,5,-62.01,-42.86,41.64,1
VID_ (7),5,7,6,-55.65,-34.86,31.96,1
VID_ (7),5,7,7,-51.93,-32.76,33.13,1
VID_ (7),5,8,0,-58.46,-34.69,33.58,1
VID_ (7),5,8,1,-62.01,-42.86,41.64,1
VID_ (7),5,8,2,-55.65,-34.86,31.96,1
VID_ (7),5,8,3,-51.93,-32.76,33.13,1
VID_ (7),5,8,4,-53.47,-35.64,36.59,1
VID_ (7),5,8,5,-56.09,-37.92,37.2,1
VID_ (7),5,8,6,-60.71,-42.73,43.3,1
VID_ (7),5,8,7,-59.33,-39.3,37.25,1
VID_ (7),5,9,0,-53.47,-35.64,36.59,1
VID_ (7),5,9,1,-56.09,-37.92,37.2,1
VID_ (7),5,9,2,-60.71,-42.73,43.3,1
VID_ (7),5,9,3,-59.33,-39.3,37.25,1
VID_ (7),5,9,4,-60.26,-38.82,39.04,1
VID_ (7),5,9,5,-66.98,-44.7,43.47,1
VID_ (7),5,9,6,-66.25,-39.67,37.67,1
VID_ (7),5,9,7,-61.21,-39.59,39.03,1
VID_ (7),5,10,0,-60.26,-38.82,39.04,1
VID_ (7),5,10,1,-66.98,-44.7,43.47,1
VID_ (7),5,10,2,-66.25,-39.67,37.67,1
VID_ (7),5,10,3,-61.21,-39.59,39.03,1
VID_ (7),5,10,4,-41.97,-23.27,23.58,1
VID_ (7),5,10,5,-40.39,-24.33,23.98,1
VID_ (7),5,10,6,-55.25,-31.21,30.87,1
VID_ (7),5,10,7,-62.25,-40.68,39.23,1
VID_ (7),5,11,0,-41.97,-23.27,23.58,1
VID_ (7),5,11,1,-40.39,-24.33,23.98,1
VID_ (7),5,11,2,-55.25,-31.21,30.87,1
VID_ (7),5,11,3,-62.25,-40.68,39.23,1
VID_ (7),5,11,4,-63.72,-43.77,43.29,1
VID_ (7),5,11,5,-62.91,-43.69,43.76,1
VID_ (7),5,11,6,-58.89,-40.96,38.76,1
VID_ (7),5,11,7,-56.59,-39.09,38.33,1
VID_ (7),5,12,0,-63.72,-43.77,43.29,1
VID_ (7),5,12,1,-62.91,-43.69,43.76,1
VID_ (7),5,12,2,-58.89,-40.96,38.76,1
VID_ (7),5,12,3,-56.59,-39.09,38.33,1
VID_ (7),5,12,4,-48.71,-37.04,36.62,1
VID_ (7),5,12,5,-57.87,-42.43,41.56,1
VID_ (7),5,12,6,-59.32,-42.04,40.62,1
VID_ (7),5,12,7,-54.04,-38.85,36.81,1
VID_ (7),5,13,0,-48.71,-37.04,36.62,1
VID_ (7),5,13,1,-57.87,-42.43,41.56,1
VID_ (7),5,13,2,-59.32,-42.04,40.62,1
VID_ (7),5,13,3,-54.04,-38.85,36.81,1
VID_ (7),5,13,4,-60.76,-43.29,43.14,1
VID_ (7),5,13,5,-52.65,-34.18,32.24,1
VID_ (7),5,13,6,-50.74,-42.25,40.67,1
VID_ (7),5,13,7,-51.29,-40.9,39.77,1
VID_ (7),6,0,0,78.61,-42.53,-52.93,1
VID_ (7),6,0,1,77.58,-58.92,-67.21,1
VID_ (7),6,0,2,77.49,-49.88,-59.36,1
VID_ (7),6,0,3,76.28,-67.0,-74.51,1
VID_ (7),6,0,4,78.46,-65.02,-72.39,1
VID_ (7),6,0,5,75.8,-67.72,-74.49,1
VID_ (7),6,0,6,54.92,11.11,-1.2,1
VID_ (7),6,0,7,58.72,10.44,-1.05,1
VID_ (7),6,1,0,78.46,-65.02,-72.39,1
VID_ (7),6,1,1,75.8,-67.72,-74.49,1
VID_ (7),6,1,2,54.92,11.11,-1.2,1
VID_ (7),6,1,3,58.72,10.44,-1.05,1
VID_ (7),6,1,4,76.96,-42.78,-49.87,1
VID_ (7),6,1,5,75.91,-40.04,-46.82,1
VID_ (7),6,1,6,77.66,-48.16,-52.19,1
VID_ (7),6,1,7,77.25,-53.59,-55.3,1
VID_ (7),6,2,0,76.96,-42.78,-49.87,1
VID_ (7),6,2,1,75.91,-40.04,-46.82,1
VID_ (7),6,2,2,77.66,-48.16,-52.19,1
VID_ (7),6,2,3,77.25,-53.59,-55.3,1
VID_ (7),6,2,4,73.61,-24.36,-28.93,1
VID_ (7),6,2,5,63.52,-12.06,-19.29,1
VID_ (7),6,2,6,75.44,-25.48,-32.37,1
VID_ (7),6,2,7,71.08,-24.17,-33.31,1
VID_ (7),6,3,0,73.61,-24.36,-28.93,1
VID_ (7),6,3,1,63.52,-12.06,-19.29,1
VID_ (7),6,3,2,75.44,-25.48,-32.37,1
VID_ (7),6,3,3,71.08,-24.17,-33.31,1
VID_ (7),6,3,4,68.57,-17.64,-25.71,1
VID_ (7),6,3,5,69.99,-20.16,-29.03,1
VID_ (7),6,3,6,73.01,-31.98,-37.7,1
VID_ (7),6,3,7,71.35,-28.48,-35.0,1
VID_ (7),6,4,0,68.57,-17.64,-25.71,1
VID_ (7),6,4,1,69.99,-20.16,-29.03,1
VID_ (7),6,4,2,73.01,-31.98,-37.7,1
VID_ (7),6,4,3,71.35,-28.48,-35.0,1
VID_ (7),6,4,4,74.79,-27.24,-35.08,1
VID_ (7),6,4,5,59.93,-13.4,-21.1,1
VID_ (7),6,4,6,73.22,-20.48,-28.77,1
VID_ (7),6,4,7,77.69,-33.25,-39.45,1
VID_ (7),6,5,0,74.79,-27.24,-35.08,1
VID_ (7),6,5,1,59.93,-13.4,-21.1,1
VID_ (7),6,5,2,73.22,-20.48,-28.77,1
VID_ (7),6,5,3,77.69,-33.25,-39.45,1
VID_ (7),6,5,4,75.47,-23.26,-27.53,1
VID_ (7),6,5,5,67.84,-27.36,-36.01,1
VID_ (7),6,5,6,72.97,-32.36,-37.82,1
VID_ (7),6,5,7,64.49,-16.4,-23.84,1
VID_ (7),6,6,0,75.47,-23.26,-27.53,1
VID_ (7),6,6,1,67.84,-27.36,-36.01,1
VID_ (7),6,6,2,72.97,-32.36,-37.82,1
VID_ (7),6,6,3,64.49,-16.4,-23.84,1
VID_ (7),6,6,4,72.69,-28.99,-33.91,1
VID_ (7),6,6,5,71.1,-16.09,-23.12,1
VID_ (7),6,6,6,74.22,-36.15,-41.81,1
VID_ (7),6,6,7,73.13,-30.05,-36.26,1
VID_ (7),6,7,0,72.69,-28.99,-33.91,1
VID_ (7),6,7,1,71.1,-16.09,-23.12,1
VID_ (7),6,7,2,74.22,-36.15,-41.81,1
VID_ (7),6,7,3,73.13,-30.05,-36.26,1
VID_ (7),6,7,4,68.99,-19.76,-27.66,1
VID_ (7),6,7,5,63.96,-16.09,-25.0,1
VID_ (7),6,7,6,67.03,-11.78,-18.88,1
VID_ (7),6,7,7,69.95,-15.56,-23.24,1
VID_ (7),6,8,0,68.99,-19.76,-27.66,1
VID_ (7),6,8,1,63.96,-16.09,-25.0,1
VID_ (7),6,8,2,67.03,-11.78,-18.88,1
VID_ (7),6,8,3,69.95,-15.56,-23.24,1
VID_ (7),6,8,4,71.28,-17.37,-25.63,1
VID_ (7),6,8,5,66.47,-19.84,-25.46,1
VID_ (7),6,8,6,67.35,-14.79,-21.85,1
VID_ (7),6,8,7,68.94,-15.07,-19.78,1
VID_ (7),6,9,0,71.28,-17.37,-25.63,1
VID_ (7),6,9,1,66.47,-19.84,-25.46,1
VID_ (7),6,9,2,67.35,-14.79,-21.85,1
VID_ (7),6,9,3,68.94,-15.07,-19.78,1
VID_ (7),6,9,4,76.03,-26.9,-33.76,1
VID_ (7),6,9,5,66.77,-14.54,-20.28,1
VID_ (7),6,9,6,68.07,-16.75,-24.59,1
VID_ (7),6,9,7,53.01,-12.24,-17.76,1
VID_ (7),6,10,0,76.03,-26.9,-33.76,1
VID_ (7),6,10,1,66.77,-14.54,-20.28,1
VID_ (7),6,10,2,68.07,-16.75,-24.59,1
VID_ (7),6,10,3,53.01,-12.24,-17.76,1
VID_ (7),6,10,4,63.67,-19.64,-24.31,1
VID_ (7),6,10,5,67.16,-24.3,-31.48,1
VID_ (7),6,10,6,70.6,-21.13,-29.08,1
VID_ (7),6,10,7,62.77,-9.68,-15.11,1
VID_ (7),6,11,0,63.67,-19.64,-24.31,1
VID_ (7),6,11,1,67.16,-24.3,-31.48,1
VID_ (7),6,11,2,70.6,-21.13,-29.08,1
VID_ (7),6,11,3,62.77,-9.68,-15.11,1
VID_ (7),6,11,4,66.92,-19.49,-25.79,1
VID_ (7),6,11,5,75.33,-22.52,-25.67,1
VID_ (7),6,11,6,66.44,-12.04,-17.56,1
VID_ (7),6,11,7,60.88,-13.57,-17.71,1
VID_ (7),6,12,0,66.92,-19.49,-25.79,1
VID_ (7),6,12,1,75.33,-22.52,-25.67,1
VID_ (7),6,12,2,66.44,-12.04,-17.56,1
VID_ (7),6,12,3,60.88,-13.57,-17.71,1
VID_ (7),6,12,4,58.85,-10.23,-17.22,1
VID_ (7),6,12,5,70.62,-22.32,-26.96,1
VID_ (7),6,12,6,67.08,-19.07,-23.99,1
VID_ (7),6,12,7,66.6,-13.77,-17.55,1
VID_ (7),6,13,0,58.85,-10.23,-17.22,1
VID_ (7),6,13,1,70.62,-22.32,-26.96,1
VID_ (7),6,13,2,67.08,-19.07,-23.99,1
VID_ (7),6,13,3,66.6,-13.77,-17.55,1
VID_ (7),6,13,4,72.43,-19.16,-22.44,1
VID_ (7),6,13,5,70.41,-13.44,-17.15,1
VID_ (7),6,13,6,67.26,-12.77,-16.16,1
VID_ (7),6,13,7,72.56,-31.92,-32.0,1
VID_ (7),7,0,0,,,,0
VID_ (7),7,0,1,,,,0
VID_ (7),7,0,2,,,,0
VID_ (7),7,0,3,,,,0
VID_ (7),7,0,4,,,,0
VID_ (7),7,0,5,,,,0
VID_ (7),7,0,6,,,,0
VID_ (7),7,0,7,,,,0
VID_ (7),8,0,0,78.77,-64.41,-69.45,1
VID_ (7),8,0,1,79.27,-40.94,-46.32,1
VID_ (7),8,0,2,,,,0
VID_ (7),8,0,3,,,,0
VID_ (7),8,0,4,78.6,-49.75,-52.85,1
VID_ (7),8,0,5,78.81,-50.41,-52.31,1
VID_ (7),8,0,6,,,,0
VID_ (7),8,0,7,,,,0
VID_ (7),8,1,0,78.6,-49.75,-52.85,1
VID_ (7),8,1,1,78.81,-50.41,-52.31,1
VID_ (7),8,1,2,,,,0
VID_ (7),8,1,3,,,,0
VID_ (7),8,1,4,,,,0
VID_ (7),8,1,5,77.29,-64.82,-62.19,1
VID_ (7),8,1,6,,,,0
VID_ (7),8,1,7,78.62,-61.25,-59.77,1
VID_ (7),8,2,0,,,,0
VID_ (7),8,2,1,77.29,-64.82,-62.19,1
VID_ (7),8,2,2,,,,0
VID_ (7),8,2,3,78.62,-61.25,-59.77,1
VID_ (7),8,2,4,,,,0
VID_ (7),8,2,5,,,,0
VID_ (7),8,2,6,,,,0
VID_ (7),8,2,7,,,,0
VID_ (7),8,3,0,,,,0
VID_ (7),8,3,1,,,,0
VID_ (7),8,3,2,,,,0
VID_ (7),8,3,3,,,,0
VID_ (7),8,3,4,,,,0
VID_ (7),8,3,5,,,,0
VID_ (7),8,3,6,,,,0
VID_ (7),8,3,7,71.31,-23.7,-21.43,1
VID_ (7),8,4,0,,,,0
VID_ (7),8,4,1,,,,0
VID_ (7),8,4,2,,,,0
VID_ (7),8,4,3,71.31,-23.7,-21.43,1
VID_ (7),8,4,4,70.47,-29.22,-27.39,1
VID_ (7),8,4,5,,,,0
VID_ (7),8,4,6,,,,0
VID_ (7),8,4,7,,,,0
VID_ (7),8,5,0,70.47,-29.22,-27.39,1
VID_ (7),8,5,1,,,,0
VID_ (7),8,5,2,,,,0
VID_ (7),8,5,3,,,,0
VID_ (7),8,5,4,,,,0
VID_ (7),8,5,5,,,,0
VID_ (7),8,5,6,78.11,-69.95,-66.44,1
VID_ (7),8,5,7,77.56,-54.95,-49.98,1
VID_ (7),8,6,0,,,,0
VID_ (7),8,6,1,,,,0
VID_ (7),8,6,2,78.11,-69.95,-66.44,1
VID_ (7),8,6,3,77.56,-54.95,-49.98,1
VID_ (7),8,6,4,78.69,-54.38,-50.01,1
VID_ (7),8,6,5,78.04,-70.17,-66.15,1
VID_ (7),8,6,6,78.11,-63.39,-56.6,1
VID_ (7),8,6,7,77.64,-63.12,-57.38,1
VID_ (7),8,7,0,78.69,-54.38,-50.01,1
VID_ (7),8,7,1,78.04,-70.17,-66.15,1
VID_ (7),8,7,2,78.11,-63.39,-56.6,1
VID_ (7),8,7,3,77.64,-63.12,-57.38,1
VID_ (7),8,7,4,75.09,-41.92,-34.95,1
VID_ (7),8,7,5,77.18,-73.16,-69.47,1
VID_ (7),8,7,6,,,,0
VID_ (7),8,7,7,,,,0
VID_ (7),8,8,0,75.09,-41.92,-34.95,1
VID_ (7),8,8,1,77.18,-73.16,-69.47,1
VID_ (7),8,8,2,,,,0
VID_ (7),8,8,3,,,,0
VID_ (7),8,8,4,,,,0
VID_ (7),8,8,5,,,,0
VID_ (7),8,8,6,,,,0
VID_ (7),8,8,7,,,,0
VID_ (7),8,9,0,,,,0
VID_ (7),8,9,1,,,,0
VID_ (7),8,9,2,,,,0
VID_ (7),8,9,3,,,,0
VID_ (7),8,9,4,,,,0
VID_ (7),8,9,5,,,,0
VID_ (7),8,9,6,,,,0
VID_ (7),8,9,7,,,,0
VID_ (7),8,10,0,,,,0
VID_ (7),8,10,1,,,,0
VID_ (7),8,10,2,,,,0
VID_ (7),8,10,3,,,,0
VID_ (7),8,10,4,,,,0
VID_ (7),8,10,5,,,,0
VID_ (7),8,10,6,78.98,-61.42,-57.66,1
VID_ (7),8,10,7,79.74,-69.79,-64.23,1
VID_ (7),8,11,0,,,,0
VID_ (7),8,11,1,,,,0
VID_ (7),8,11,2,78.98,-61.42,-57.66,1
VID_ (7),8,11,3,79.74,-69.79,-64.23,1
VID_ (7),8,11,4,79.8,-68.66,-63.39,1
VID_ (7),8,11,5,77.92,-78.64,-76.16,1
VID_ (7),8,11,6,78.47,-66.54,-62.99,1
VID_ (7),8,11,7,78.76,-71.99,-67.93,1
VID_ (7),9,0,0,78.75,-36.18,-41.56,1
VID_ (7),9,0,1,79.18,-47.95,-50.92,1
VID_ (7),9,0,2,75.24,-55.69,-58.49,1
VID_ (7),9,0,3,78.97,-44.23,-42.89,1
VID_ (7),9,0,4,,,,0
VID_ (7),9,0,5,76.7,-37.57,-33.42,1
VID_ (7),9,0,6,,,,0
VID_ (7),9,0,7,76.64,-71.65,-67.23,1
VID_ (7),9,1,0,,,,0
VID_ (7),9,1,1,76.7,-37.57,-33.42,1
VID_ (7),9,1,2,,,,0
VID_ (7),9,1,3,76.64,-71.65,-67.23,1
VID_ (7),9,1,4,77.75,-65.47,-62.96,1
VID_ (7),9,1,5,77.97,-70.09,-67.32,1
VID_ (7),9,1,6,76.93,-46.25,-43.29,1
VID_ (7),9,1,7,70.5,-28.51,-25.65,1
VID_ (8),1,0,0,8.89,-15.56,-23.37,1
VID_ (8),1,0,1,7.62,-15.13,-23.52,1
VID_ (8),1,0,2,6.8,-16.82,-23.37,1
VID_ (8),1,0,3,8.26,-16.73,-23.38,1
VID_ (8),1,0,4,5.92,-16.13,-23.05,1
VID_ (8),1,0,5,6.34,-15.74,-23.59,1
VID_ (8),1,0,6,5.98,-15.75,-21.59,1
VID_ (8),1,0,7,7.4,-17.1,-21.87,1
VID_ (8),1,1,0,5.92,-16.13,-23.05,1
VID_ (8),1,1,1,6.34,-15.74,-23.59,1
VID_ (8),1,1,2,5.98,-15.75,-21.59,1
VID_ (8),1,1,3,7.4,-17.1,-21.87,1
VID_ (8),1,1,4,5.14,-15.73,-21.35,1
VID_ (8),1,1,5,4.94,-15.75,-22.06,1
VID_ (8),1,1,6,5.16,-15.43,-21.72,1
VID_ (8),1,1,7,5.79,-13.65,-21.71,1
VID_ (8),1,2,0,5.14,-15.73,-21.35,1
VID_ (8),1,2,1,4.94,-15.75,-22.06,1
VID_ (8),1,2,2,5.16,-15.43,-21.72,1
VID_ (8),1,2,3,5.79,-13.65,-21.71,1
VID_ (8),1,2,4,3.47,-13.65,-20.34,1
VID_ (8),1,2,5,4.93,-14.65,-18.61,1
VID_ (8),1,2,6,6.86,-16.15,-19.69,1
VID_ (8),1,2,7,6.0,-16.7,-19.85,1
VID_ (8),1,3,0,3.47,-13.65,-20.34,1
VID_ (8),1,3,1,4.93,-14.65,-18.61,1
VID_ (8),1,3,2,6.86,-16.15,-19.69,1
VID_ (8),1,3,3,6.0,-16.7,-19.85,1
VID_ (8),1,3,4,6.07,-15.38,-19.97,1
VID_ (8),1,3,5,8.62,-17.04,-19.34,1
VID_ (8),1,3,6,8.41,-17.2,-19.57,1
VID_ (8),1,3,7,5.81,-15.09,-18.06,1
VID_ (8),1,4,0,6.07,-15.38,-19.97,1
VID_ (8),1,4,1,8.62,-17.04,-19.34,1
VID_ (8),1,4,2,8.41,-17.2,-19.57,1
VID_ (8),1,4,3,5.81,-15.09,-18.06,1
VID_ (8),1,4,4,5.19,-15.18,-17.78,1
VID_ (8),1,4,5,8.39,-15.57,-18.67,1
VID_ (8),1,4,6,7.01,-16.57,-18.06,1
VID_ (8),1,4,7,7.06,-15.26,-17.53,1
VID_ (8),1,5,0,5.19,-15.18,-17.78,1
VID_ (8),1,5,1,8.39,-15.57,-18.67,1
VID_ (8),1,5,2,7.01,-16.57,-18.06,1
VID_ (8),1,5,3,7.06,-15.26,-17.53,1
VID_ (8),1,5,4,5.72,-15.62,-16.17,1
VID_ (8),1,5,5,4.99,-15.07,-16.53,1
VID_ (8),1,5,6,3.71,-14.36,-18.02,1
VID_ (8),1,5,7,10.44,-16.72,-19.27,1
VID_ (8),1,6,0,5.72,-15.62,-16.17,1
VID_ (8),1,6,1,4.99,-15.07,-16.53,1
VID_ (8),1,6,2,3.71,-14.36,-18.02,1
VID_ (8),1,6,3,10.44,-16.72,-19.27,1
VID_ (8),1,6,4,3.83,-12.86,-18.24,1
VID_ (8),1,6,5,5.73,-13.05,-18.15,1
VID_ (8),1,6,6,6.65,-13.14,-16.64,1
VID_ (8),1,6,7,7.66,-14.89,-18.32,1
VID_ (8),1,7,0,3.83,-12.86,-18.24,1
VID_ (8),1,7,1,5.73,-13.05,-18.15,1
VID_ (8),1,7,2,6.65,-13.14,-16.64,1
VID_ (8),1,7,3,7.66,-14.89,-18.32,1
VID_ (8),1,7,4,5.27,-13.97,-17.85,1
VID_ (8),1,7,5,5.21,-13.8,-16.73,1
VID_ (8),1,7,6,7.06,-14.08,-18.84,1
VID_ (8),1,7,7,9.82,-15.38,-19.04,1
VID_ (8),1,8,0,5.27,-13.97,-17.85,1
VID_ (8),1,8,1,5.21,-13.8,-16.73,1
VID_ (8),1,8,2,7.06,-14.08,-18.84,1
VID_ (8),1,8,3,9.82,-15.38,-19.04,1
VID_ (8),1,8,4,8.27,-15.34,-19.2,1
VID_ (8),1,8,5,33.11,-19.37,-23.67,1
VID_ (8),1,8,6,38.15,-15.32,-17.76,1
VID_ (8),1,8,7,44.07,-18.44,-19.96,1
VID_ (8),1,9,0,8.27,-15.34,-19.2,1
VID_ (8),1,9,1,33.11,-19.37,-23.67,1
VID_ (8),1,9,2,38.15,-15.32,-17.76,1
VID_ (8),1,9,3,44.07,-18.44,-19.96,1
VID_ (8),1,9,4,38.29,-14.87,-17.11,1
VID_ (8),1,9,5,31.83,-13.56,-13.82,1
VID_ (8),1,9,6,13.16,-13.54,-6.81,1
VID_ (8),1,9,7,9.49,-18.36,-11.36,1
VID_ (8),1,10,0,38.29,-14.87,-17.11,1
VID_ (8),1,10,1,31.83,-13.56,-13.82,1
VID_ (8),1,10,2,13.16,-13.54,-6.81,1
VID_ (8),1,10,3,9.49,-18.36,-11.36,1
VID_ (8),1,10,4,9.39,-19.1,-13.74,1
VID_ (8),1,10,5,19.58,-12.1,-15.19,1
VID_ (8),1,10,6,18.43,-14.7,-14.64,1
VID_ (8),1,10,7,11.43,-18.8,-14.52,1
VID_ (8),1,11,0,9.39,-19.1,-13.74,1
VID_ (8),1,11,1,19.58,-12.1,-15.19,1
VID_ (8),1,11,2,18.43,-14.7,-14.64,1
VID_ (8),1,11,3,11.43,-18.8,-14.52,1
VID_ (8),1,11,4,9.15,-18.24,-15.26,1
VID_ (8),1,11,5,10.63,-20.63,-14.12,1
VID_ (8),1,11,6,4.18,-18.71,-14.11,1
VID_ (8),1,11,7,5.54,-19.4,-14.35,1
VID_ (8),1,12,0,9.15,-18.24,-15.26,1
VID_ (8),1,12,1,10.63,-20.63,-14.12,1
VID_ (8),1,12,2,4.18,-18.71,-14.11,1
VID_ (8),1,12,3,5.54,-19.4,-14.35,1
VID_ (8),1,12,4,5.06,-18.68,-14.15,1
VID_ (8),1,12,5,6.88,-18.69,-14.51,1
VID_ (8),1,12,6,7.93,-19.54,-13.71,1
VID_ (8),1,12,7,7.84,-17.36,-12.86,1
VID_ (8),1,13,0,5.06,-18.68,-14.15,1
VID_ (8),1,13,1,6.88,-18.69,-14.51,1
VID_ (8),1,13,2,7.93,-19.54,-13.71,1
VID_ (8),1,13,3,7.84,-17.36,-12.86,1
VID_ (8),1,13,4,8.79,-18.25,-15.16,1
VID_ (8),1,13,5,8.15,-19.3,-14.08,1
VID_ (8),1,13,6,6.45,-19.66,-15.8,1
VID_ (8),1,13,7,6.1,-19.05,-15.18,1
VID_ (8),2,0,0,-35.36,-4.4,-4.39,1
VID_ (8),2,0,1,-39.12,-6.3,-3.56,1
VID_ (8),2,0,2,-39.27,-6.47,-3.03,1
VID_ (8),2,0,3,-38.45,-5.86,-4.33,1
VID_ (8),2,0,4,-38.36,-7.25,-2.65,1
VID_ (8),2,0,5,-41.17,-8.02,-2.36,1
VID_ (8),2,0,6,-40.11,-8.93,-1.11,1
VID_ (8),2,0,7,-41.71,-9.68,0.35,1
VID_ (8),2,1,0,-38.36,-7.25,-2.65,1
VID_ (8),2,1,1,-41.17,-8.02,-2.36,1
VID_ (8),2,1,2,-40.11,-8.93,-1.11,1
VID_ (8),2,1,3,-41.71,-9.68,0.35,1
VID_ (8),2,1,4,-36.75,-9.05,1.16,1
VID_ (8),2,1,5,-34.62,-8.71,0.06,1
VID_ (8),2,1,6,-35.65,-9.24,0.74,1
VID_ (8),2,1,7,-33.41,-9.31,0.77,1
VID_ (8),2,2,0,-36.75,-9.05,1.16,1
VID_ (8),2,2,1,-34.62,-8.71,0.06,1
VID_ (8),2,2,2,-35.65,-9.24,0.74,1
VID_ (8),2,2,3,-33.41,-9.31,0.77,1
VID_ (8),2,2,4,-31.31,-9.29,0.97,1
VID_ (8),2,2,5,-28.38,-12.09,2.75,1
VID_ (8),2,2,6,-30.63,-11.07,1.82,1
VID_ (8),2,2,7,-31.52,-11.35,1.19,1
VID_ (8),2,3,0,-31.31,-9.29,0.97,1
VID_ (8),2,3,1,-28.38,-12.09,2.75,1
VID_ (8),2,3,2,-30.63,-11.07,1.82,1
VID_ (8),2,3,3,-31.52,-11.35,1.19,1
VID_ (8),2,3,4,-33.55,-11.36,0.31,1
VID_ (8),2,3,5,-30.66,-11.93,0.56,1
VID_ (8),2,3,6,-28.97,-13.54,2.64,1
VID_ (8),2,3,7,-30.84,-13.38,1.83,1
VID_ (8),2,4,0,-33.55,-11.36,0.31,1
VID_ (8),2,4,1,-30.66,-11.93,0.56,1
VID_ (8),2,4,2,-28.97,-13.54,2.64,1
VID_ (8),2,4,3,-30.84,-13.38,1.83,1
VID_ (8),2,4,4,-27.92,-11.45,1.19,1
VID_ (8),2,4,5,-27.89,-13.65,3.22,1
VID_ (8),2,4,6,-27.19,-12.66,2.8,1
VID_ (8),2,4,7,-29.49,-16.18,2.63,1
VID_ (8),2,5,0,-27.92,-11.45,1.19,1
VID_ (8),2,5,1,-27.89,-13.65,3.22,1
VID_ (8),2,5,2,-27.19,-12.66,2.8,1
VID_ (8),2,5,3,-29.49,-16.18,2.63,1
VID_ (8),2,5,4,-29.72,-14.72,3.27,1
VID_ (8),2,5,5,-28.88,-14.52,3.13,1
VID_ (8),2,5,6,-28.78,-16.33,3.67,1
VID_ (8),2,5,7,-26.22,-16.55,3.97,1
VID_ (8),2,6,0,-29.72,-14.72,3.27,1
VID_ (8),2,6,1,-28.88,-14.52,3.13,1
VID_ (8),2,6,2,-28.78,-16.33,3.67,1
VID_ (8),2,6,3,-26.22,-16.55,3.97,1
VID_ (8),2,6,4,-25.12,-15.02,3.85,1
VID_ (8),2,6,5,-25.82,-15.1,4.18,1
VID_ (8),2,6,6,-25.53,-14.92,4.26,1
VID_ (8),2,6,7,-30.32,-19.34,6.93,1
VID_ (8),2,7,0,-25.12,-15.02,3.85,1
VID_ (8),2,7,1,-25.82,-15.1,4.18,1
VID_ (8),2,7,2,-25.53,-14.92,4.26,1
VID_ (8),2,7,3,-30.32,-19.34,6.93,1
VID_ (8),2,7,4,-33.92,-14.75,4.35,1
VID_ (8),2,7,5,-32.63,-15.12,3.99,1
VID_ (8),2,7,6,-35.35,-15.67,4.69,1
VID_ (8),2,7,7,-37.68,-17.36,6.57,1
VID_ (8),2,8,0,-33.92,-14.75,4.35,1
VID_ (8),2,8,1,-32.63,-15.12,3.99,1
VID_ (8),2,8,2,-35.35,-15.67,4.69,1
VID_ (8),2,8,3,-37.68,-17.36,6.57,1
VID_ (8),2,8,4,-42.79,-17.17,8.05,1
VID_ (8),2,8,5,-44.39,-15.39,6.73,1
VID_ (8),2,8,6,-54.86,-21.53,11.13,1
VID_ (8),2,8,7,-74.38,-22.91,12.87,1
VID_ (8),2,9,0,-42.79,-17.17,8.05,1
VID_ (8),2,9,1,-44.39,-15.39,6.73,1
VID_ (8),2,9,2,-54.86,-21.53,11.13,1
VID_ (8),2,9,3,-74.38,-22.91,12.87,1
VID_ (8),2,9,4,-72.0,-21.68,10.53,1
VID_ (8),2,9,5,-71.92,-22.65,11.09,1
VID_ (8),2,9,6,-83.35,19.42,-33.01,1
VID_ (8),2,9,7,-82.15,35.83,-54.45,1
VID_ (8),2,10,0,-72.0,-21.68,10.53,1
VID_ (8),2,10,1,-71.92,-22.65,11.09,1
VID_ (8),2,10,2,-83.35,19.42,-33.01,1
VID_ (8),2,10,3,-82.15,35.83,-54.45,1
VID_ (8),2,10,4,-81.78,35.74,-55.15,1
VID_ (8),2,10,5,-81.27,28.79,-48.59,1
VID_ (8),2,10,6,-81.15,11.63,-31.19,1
VID_ (8),2,10,7,-82.61,12.0,-32.86,1
VID_ (8),2,11,0,-81.78,35.74,-55.15,1
VID_ (8),2,11,1,-81.27,28.79,-48.59,1
VID_ (8),2,11,2,-81.15,11.63,-31.19,1
VID_ (8),2,11,3,-82.61,12.0,-32.86,1
VID_ (8),2,11,4,-81.57,14.72,-35.31,1
VID_ (8),2,11,5,-81.43,6.3,-25.68,1
VID_ (8),2,11,6,-82.69,4.78,-24.58,1
VID_ (8),2,11,7,-82.12,10.02,-28.14,1
VID_ (8),2,12,0,-81.57,14.72,-35.31,1
VID_ (8),2,12,1,-81.43,6.3,-25.68,1
VID_ (8),2,12,2,-82.69,4.78,-24.58,1
VID_ (8),2,12,3,-82.12,10.02,-28.14,1
VID_ (8),2,12,4,-81.75,9.79,-26.36,1
VID_ (8),2,12,5,-82.6,19.0,-36.92,1
VID_ (8),2,12,6,-82.67,13.77,-31.73,1
VID_ (8),2,12,7,-81.37,12.86,-31.63,1
VID_ (8),2,13,0,-81.75,9.79,-26.36,1
VID_ (8),2,13,1,-82.6,19.0,-36.92,1
VID_ (8),2,13,2,-82.67,13.77,-31.73,1
VID_ (8),2,13,3,-81.37,12.86,-31.63,1
VID_ (8),2,13,4,-81.18,9.46,-27.46,1
VID_ (8),2,13,5,-79.88,9.96,-28.73,1
VID_ (8),2,13,6,-79.32,6.29,-24.66,1
VID_ (8),2,13,7,-80.54,22.58,-40.36,1
VID_ (8),3,0,0,-15.83,-18.77,-5.29,1
VID_ (8),3,0,1,-14.28,-24.53,-3.04,1
VID_ (8),3,0,2,-23.58,-17.72,-6.27,1
VID_ (8),3,0,3,-25.34,-17.69,-3.06,1
VID_ (8),3,0,4,-26.63,-21.81,0.4,1
VID_ (8),3,0,5,-25.44,-21.89,0.62,1
VID_ (8),3,0,6,-27.64,-19.85,-0.9,1
VID_ (8),3,0,7,-28.05,-21.6,-1.8,1
VID_ (8),3,1,0,-26.63,-21.81,0.4,1
VID_ (8),3,1,1,-25.44,-21.89,0.62,1
VID_ (8),3,1,2,-27.64,-19.85,-0.9,1
VID_ (8),3,1,3,-28.05,-21.6,-1.8,1
VID_ (8),3,1,4,-22.14,-20.34,-3.67,1
VID_ (8),3,1,5,-26.54,-19.99,-3.17,1
VID_ (8),3,1,6,-27.31,-20.38,-2.91,1
VID_ (8),3,1,7,-26.24,-20.06,-4.24,1
VID_ (8),3,2,0,-22.14,-20.34,-3.67,1
VID_ (8),3,2,1,-26.54,-19.99,-3.17,1
VID_ (8),3,2,2,-27.31,-20.38,-2.91,1
VID_ (8),3,2,3,-26.24,-20.06,-4.24,1
VID_ (8),3,2,4,-24.14,-21.03,-3.48,1
VID_ (8),3,2,5,-25.41,-21.57,-3.1,1
VID_ (8),3,2,6,-23.89,-23.4,-1.62,1
VID_ (8),3,2,7,-24.94,-22.46,-1.69,1
VID_ (8),3,3,0,-24.14,-21.03,-3.48,1
VID_ (8),3,3,1,-25.41,-21.57,-3.1,1
VID_ (8),3,3,2,-23.89,-23.4,-1.62,1
VID_ (8),3,3,3,-24.94,-22.46,-1.69,1
VID_ (8),3,3,4,-25.4,-23.03,-2.11,1
VID_ (8),3,3,5,-24.3,-23.06,-2.24,1
VID_ (8),3,3,6,-26.84,-24.19,-1.22,1
VID_ (8),3,3,7,-24.82,-21.22,-3.0,1
VID_ (8),3,4,0,-25.4,-23.03,-2.11,1
VID_ (8),3,4,1,-24.3,-23.06,-2.24,1
VID_ (8),3,4,2,-26.84,-24.19,-1.22,1
VID_ (8),3,4,3,-24.82,-21.22,-3.0,1
VID_ (8),3,4,4,-23.72,-23.42,-2.0,1
VID_ (8),3,4,5,-27.28,-19.9,-3.42,1
VID_ (8),3,4,6,-26.87,-23.1,-2.19,1
VID_ (8),3,4,7,-25.96,-22.17,-2.73,1
VID_ (8),3,5,0,-23.72,-23.42,-2.0,1
VID_ (8),3,5,1,-27.28,-19.9,-3.42,1
VID_ (8),3,5,2,-26.87,-23.1,-2.19,1
VID_ (8),3,5,3,-25.96,-22.17,-2.73,1
VID_ (8),3,5,4,-27.78,-20.49,-3.07,1
VID_ (8),3,5,5,-24.25,-23.45,-1.94,1
VID_ (8),3,5,6,-19.12,-24.97,-0.58,1
VID_ (8),3,5,7,-21.28,-28.87,2.7,1
VID_ (8),3,6,0,-27.78,-20.49,-3.07,1
VID_ (8),3,6,1,-24.25,-23.45,-1.94,1
VID_ (8),3,6,2,-19.12,-24.97,-0.58,1
VID_ (8),3,6,3,-21.28,-28.87,2.7,1
VID_ (8),3,6,4,-21.36,-28.58,2.59,1
VID_ (8),3,6,5,-21.93,-26.86,2.6,1
VID_ (8),3,6,6,-22.75,-24.74,1.88,1
VID_ (8),3,6,7,-21.34,-27.24,3.37,1
VID_ (8),3,7,0,-21.36,-28.58,2.59,1
VID_ (8),3,7,1,-21.93,-26.86,2.6,1
VID_ (8),3,7,2,-22.75,-24.74,1.88,1
VID_ (8),3,7,3,-21.34,-27.24,3.37,1
VID_ (8),3,7,4,-21.85,-24.88,2.75,1
VID_ (8),3,7,5,-23.09,-24.1,1.97,1
VID_ (8),3,7,6,-21.18,-28.74,3.24,1
VID_ (8),3,7,7,-20.95,-27.39,2.63,1
VID_ (8),3,8,0,-21.85,-24.88,2.75,1
VID_ (8),3,8,1,-23.09,-24.1,1.97,1
VID_ (8),3,8,2,-21.18,-28.74,3.24,1
VID_ (8),3,8,3,-20.95,-27.39,2.63,1
VID_ (8),3,8,4,-22.14,-26.54,3.43,1
VID_ (8),3,8,5,-19.08,-30.6,5.89,1
VID_ (8),3,8,6,-19.02,-30.4,5.94,1
VID_ (8),3,8,7,-22.71,-27.42,5.09,1
VID_ (8),3,9,0,-22.14,-26.54,3.43,1
VID_ (8),3,9,1,-19.08,-30.6,5.89,1
VID_ (8),3,9,2,-19.02,-30.4,5.94,1
VID_ (8),3,9,3,-22.71,-27.42,5.09,1
VID_ (8),3,9,4,-19.16,-26.99,2.99,1
VID_ (8),3,9,5,-20.01,-28.58,5.31,1
VID_ (8),3,9,6,-19.68,-27.38,5.57,1
VID_ (8),3,9,7,-19.53,-31.48,8.32,1
VID_ (8),3,10,0,-19.16,-26.99,2.99,1
VID_ (8),3,10,1,-20.01,-28.58,5.31,1
VID_ (8),3,10,2,-19.68,-27.38,5.57,1
VID_ (8),3,10,3,-19.53,-31.48,8.32,1
VID_ (8),3,10,4,-15.94,-30.57,7.56,1
VID_ (8),3,10,5,-14.82,-32.74,8.02,1
VID_ (8),3,10,6,-15.41,-30.44,6.24,1
VID_ (8),3,10,7,-16.49,-32.18,7.3,1
VID_ (8),3,11,0,-15.94,-30.57,7.56,1
VID_ (8),3,11,1,-14.82,-32.74,8.02,1
VID_ (8),3,11,2,-15.41,-30.44,6.24,1
VID_ (8),3,11,3,-16.49,-32.18,7.3,1
VID_ (8),3,11,4,-16.92,-31.86,6.99,1
VID_ (8),3,11,5,-16.39,-33.59,7.22,1
VID_ (8),3,11,6,-17.41,-34.71,7.58,1
VID_ (8),3,11,7,-18.07,-33.65,7.19,1
VID_ (8),3,12,0,-16.92,-31.86,6.99,1
VID_ (8),3,12,1,-16.39,-33.59,7.22,1
VID_ (8),3,12,2,-17.41,-34.71,7.58,1
VID_ (8),3,12,3,-18.07,-33.65,7.19,1
VID_ (8),3,12,4,-20.88,-27.64,7.14,1
VID_ (8),3,12,5,-23.18,-25.76,10.21,1
VID_ (8),3,12,6,-21.29,-24.95,9.74,1
VID_ (8),3,12,7,-27.03,-32.33,12.79,1
VID_ (8),3,13,0,-20.88,-27.64,7.14,1
VID_ (8),3,13,1,-23.18,-25.76,10.21,1
VID_ (8),3,13,2,-21.29,-24.95,9.74,1
VID_ (8),3,13,3,-27.03,-32.33,12.79,1
VID_ (8),3,13,4,-32.09,-34.56,11.19,1
VID_ (8),3,13,5,-31.03,-33.21,11.88,1
VID_ (8),3,13,6,-17.65,-36.11,12.1,1
VID_ (8),3,13,7,-22.71,-30.9,8.8,1
VID_ (8),4,0,0,-35.15,-19.66,10.02,1
VID_ (8),4,0,1,,,,0
VID_ (8),4,0,2,,,,0
VID_ (8),4,0,3,-31.99,-17.46,1.61,1
VID_ (8),4,0,4,-44.87,-12.1,-6.4,1
VID_ (8),4,0,5,-53.42,-24.28,10.8,1
VID_ (8),4,0,6,-26.07,-17.54,3.15,1
VID_ (8),4,0,7,3.9,-15.63,5.98,1
VID_ (8),4,1,0,-44.87,-12.1,-6.4,1
VID_ (8),4,1,1,-53.42,-24.28,10.8,1
VID_ (8),4,1,2,-26.07,-17.54,3.15,1
VID_ (8),4,1,3,3.9,-15.63,5.98,1
VID_ (8),4,1,4,-39.02,-18.95,4.87,1
VID_ (8),4,1,5,-35.5,-18.82,7.58,1
VID_ (8),4,1,6,-25.83,-20.33,9.16,1
VID_ (8),4,1,7,,,,0
VID_ (8),4,2,0,-39.02,-18.95,4.87,1
VID_ (8),4,2,1,-35.5,-18.82,7.58,1
VID_ (8),4,2,2,-25.83,-20.33,9.16,1
VID_ (8),4,2,3,,,,0
VID_ (8),4,2,4,-33.59,-17.86,5.11,1
VID_ (8),4,2,5,,,,0
VID_ (8),4,2,6,-39.83,-19.76,4.88,1
VID_ (8),4,2,7,-21.63,-18.94,5.41,1
VID_ (8),4,3,0,-33.59,-17.86,5.11,1
VID_ (8),4,3,1,,,,0
VID_ (8),4,3,2,-39.83,-19.76,4.88,1
VID_ (8),4,3,3,-21.63,-18.94,5.41,1
VID_ (8),4,3,4,-44.12,-18.4,5.3,1
VID_ (8),4,3,5,,,,0
VID_ (8),4,3,6,-41.61,-18.57,5.49,1
VID_ (8),4,3,7,-21.36,-14.65,4.21,1
VID_ (8),4,4,0,-44.12,-18.4,5.3,1
VID_ (8),4,4,1,,,,0
VID_ (8),4,4,2,-41.61,-18.57,5.49,1
VID_ (8),4,4,3,-21.36,-14.65,4.21,1
VID_ (8),4,4,4,-22.12,-10.8,3.73,1
VID_ (8),4,4,5,,,,0
VID_ (8),4,4,6,-21.49,-13.15,5.31,1
VID_ (8),4,4,7,-36.95,-20.49,9.13,1
VID_ (8),4,5,0,-22.12,-10.8,3.73,1
VID_ (8),4,5,1,,,,0
VID_ (8),4,5,2,-21.49,-13.15,5.31,1
VID_ (8),4,5,3,-36.95,-20.49,9.13,1
VID_ (8),4,5,4,-32.67,-16.0,6.14,1
VID_ (8),4,5,5,-20.21,-13.01,5.48,1
VID_ (8),4,5,6,-39.67,-14.17,7.11,1
VID_ (8),4,5,7,-43.01,-14.67,4.55,1
VID_ (8),4,6,0,-32.67,-16.0,6.14,1
VID_ (8),4,6,1,-20.21,-13.01,5.48,1
VID_ (8),4,6,2,-39.67,-14.17,7.11,1
VID_ (8),4,6,3,-43.01,-14.67,4.55,1
VID_ (8),4,6,4,,,,0
VID_ (8),4,6,5,,,,0
VID_ (8),4,6,6,-14.28,-13.09,3.95,1
VID_ (8),4,6,7,-33.4,-15.75,5.01,1
VID_ (8),4,7,0,,,,0
VID_ (8),4,7,1,,,,0
VID_ (8),4,7,2,-14.28,-13.09,3.95,1
VID_ (8),4,7,3,-33.4,-15.75,5.01,1
VID_ (8),4,7,4,,,,0
VID_ (8),4,7,5,-0.09,-7.88,0.88,1
VID_ (8),4,7,6,-5.7,-7.66,5.58,1
VID_ (8),4,7,7,9.17,-6.37,5.42,1
VID_ (8),4,8,0,,,,0
VID_ (8),4,8,1,-0.09,-7.88,0.88,1
VID_ (8),4,8,2,-5.7,-7.66,5.58,1
VID_ (8),4,8,3,9.17,-6.37,5.42,1
VID_ (8),4,8,4,9.7,-5.37,8.39,1
VID_ (8),4,8,5,4.37,-4.13,9.36,1
VID_ (8),4,8,6,10.84,-4.86,8.1,1
VID_ (8),4,8,7,-3.74,-12.1,12.74,1
VID_ (8),4,9,0,9.7,-5.37,8.39,1
VID_ (8),4,9,1,4.37,-4.13,9.36,1
VID_ (8),4,9,2,10.84,-4.86,8.1,1
VID_ (8),4,9,3,-3.74,-12.1,12.74,1
VID_ (8),4,9,4,-8.54,-13.99,7.61,1
VID_ (8),4,9,5,-17.11,-14.1,-2.97,1
VID_ (8),4,9,6,-16.93,-10.82,-5.35,1
VID_ (8),4,9,7,-20.0,-8.26,-8.06,1
VID_ (8),4,10,0,-8.54,-13.99,7.61,1
VID_ (8),4,10,1,-17.11,-14.1,-2.97,1
VID_ (8),4,10,2,-16.93,-10.82,-5.35,1
VID_ (8),4,10,3,-20.0,-8.26,-8.06,1
VID_ (8),4,10,4,-19.32,-9.32,-8.9,1
VID_ (8),4,10,5,-19.68,-13.15,-5.6,1
VID_ (8),4,10,6,-21.14,-14.58,-4.65,1
VID_ (8),4,10,7,-19.28,-14.78,-3.4,1
VID_ (8),4,11,0,-19.32,-9.32,-8.9,1
VID_ (8),4,11,1,-19.68,-13.15,-5.6,1
VID_ (8),4,11,2,-21.14,-14.58,-4.65,1
VID_ (8),4,11,3,-19.28,-14.78,-3.4,1
VID_ (8),4,11,4,-18.42,-15.49,-2.32,1
VID_ (8),4,11,5,-21.13,-13.5,-3.01,1
VID_ (8),4,11,6,-19.1,-14.14,0.45,1
VID_ (8),4,11,7,-18.88,-18.83,2.43,1
VID_ (8),4,12,0,-18.42,-15.49,-2.32,1
VID_ (8),4,12,1,-21.13,-13.5,-3.01,1
VID_ (8),4,12,2,-19.1,-14.14,0.45,1
VID_ (8),4,12,3,-18.88,-18.83,2.43,1
VID_ (8),4,12,4,-14.03,-17.23,4.72,1
VID_ (8),4,12,5,-17.2,-19.42,4.17,1
VID_ (8),4,12,6,-18.55,-17.34,2.9,1
VID_ (8),4,12,7,-17.57,-18.18,4.01,1
VID_ (8),4,13,0,-14.03,-17.23,4.72,1
VID_ (8),4,13,1,-17.2,-19.42,4.17,1
VID_ (8),4,13,2,-18.55,-17.34,2.9,1
VID_ (8),4,13,3,-17.57,-18.18,4.01,1
VID_ (8),4,13,4,-18.18,-17.54,3.54,1
VID_ (8),4,13,5,-15.41,-18.16,3.04,1
VID_ (8),4,13,6,-16.77,-18.08,2.45,1
VID_ (8),4,13,7,-18.76,-20.11,5.69,1
VID_ (8),5,0,0,,,,0
VID_ (8),5,0,1,,,,0
VID_ (8),5,0,2,,,,0
VID_ (8),5,0,3,-19.69,6.65,21.77,1
VID_ (8),5,0,4,,,,0
VID_ (8),5,0,5,,,,0
VID_ (8),5,0,6,,,,0
VID_ (8),5,0,7,,,,0
VID_ (8),5,1,0,,,,0
VID_ (8),5,1,1,,,,0
VID_ (8),5,1,2,,,,0
VID_ (8),5,1,3,,,,0
VID_ (8),5,1,4,,,,0
VID_ (8),5,1,5,,,,0
VID_ (8),5,1,6,,,,0
VID_ (8),5,1,7,,,,0
VID_ (8),5,2,0,,,,0
VID_ (8),5,2,1,,,,0
VID_ (8),5,2,2,,,,0
VID_ (8),5,2,3,,,,0
VID_ (8),5,2,4,,,,0
VID_ (8),5,2,5,,,,0
VID_ (8),5,2,6,,,,0
VID_ (8),5,2,7,,,,0
VID_ (8),5,3,0,,,,0
VID_ (8),5,3,1,,,,0
VID_ (8),5,3,2,,,,0
VID_ (8),5,3,3,,,,0
VID_ (8),5,3,4,,,,0
VID_ (8),5,3,5,,,,0
VID_ (8),5,3,6,,,,0
VID_ (8),5,3,7,,,,0
VID_ (8),5,4,0,,,,0
VID_ (8),5,4,1,,,,0
VID_ (8),5,4,2,,,,0
VID_ (8),5,4,3,,,,0
VID_ (8),5,4,4,,,,0
VID_ (8),5,4,5,,,,0
VID_ (8),5,4,6,,,,0
VID_ (8),5,4,7,,,,0
VID_ (8),5,5,0,,,,0
VID_ (8),5,5,1,,,,0
VID_ (8),5,5,2,,,,0
VID_ (8),5,5,3,,,,0
VID_ (8),5,5,4,,,,0
VID_ (8),5,5,5,,,,0
VID_ (8),5,5,6,,,,0
VID_ (8),5,5,7,,,,0
VID_ (8),5,6,0,,,,0
VID_ (8),5,6,1,,,,0
VID_ (8),5,6,2,,,,0
VID_ (8),5,6,3,,,,0
VID_ (8),5,6,4,,,,0
VID_ (8),5,6,5,,,,0
VID_ (8),5,6,6,,,,0
VID_ (8),5,6,7,,,,0
VID_ (8),5,7,0,,,,0
VID_ (8),5,7,1,,,,0
VID_ (8),5,7,2,,,,0
VID_ (8),5,7,3,,,,0
VID_ (8),5,7,4,,,,0
VID_ (8),5,7,5,,,,0
VID_ (8),5,7,6,,,,0
VID_ (8),5,7,7,,,,0
VID_ (8),5,8,0,,,,0
VID_ (8),5,8,1,,,,0
VID_ (8),5,8,2,,,,0
VID_ (8),5,8,3,,,,0
VID_ (8),5,8,4,,,,0
VID_ (8),5,8,5,,,,0
VID_ (8),5,8,6,,,,0
VID_ (8),5,8,7,,,,0
VID_ (8),5,9,0,,,,0
VID_ (8),5,9,1,,,,0
VID_ (8),5,9,2,,,,0
VID_ (8),5,9,3,,,,0
VID_ (8),5,9,4,,,,0
VID_ (8),5,9,5,,,,0
VID_ (8),5,9,6,,,,0
VID_ (8),5,9,7,,,,0
VID_ (8),5,10,0,,,,0
VID_ (8),5,10,1,,,,0
VID_ (8),5,10,2,,,,0
VID_ (8),5,10,3,,,,0
VID_ (8),5,10,4,,,,0
VID_ (8),5,10,5,,,,0
VID_ (8),5,10,6,,,,0
VID_ (8),5,10,7,,,,0
VID_ (8),5,11,0,,,,0
VID_ (8),5,11,1,,,,0
VID_ (8),5,11,2,,,,0
VID_ (8),5,11,3,,,,0
VID_ (8),5,11,4,,,,0
VID_ (8),5,11,5,,,,0
VID_ (8),5,11,6,,,,0
VID_ (8),5,11,7,,,,0
VID_ (8),5,12,0,,,,0
VID_ (8),5,12,1,,,,0
VID_ (8),5,12,2,,,,0
VID_ (8),5,12,3,,,,0
VID_ (8),5,12,4,,,,0
VID_ (8),5,12,5,,,,0
VID_ (8),5,12,6,,,,0
VID_ (8),5,12,7,,,,0
VID_ (8),5,13,0,,,,0
VID_ (8),5,13,1,,,,0
VID_ (8),5,13,2,,,,0
VID_ (8),5,13,3,,,,0
VID_ (8),5,13,4,,,,0
VID_ (8),5,13,5,,,,0
VID_ (8),5,13,6,,,,0
VID_ (8),5,13,7,,,,0
VID_ (8),6,0,0,,,,0
VID_ (8),6,0,1,,,,0
VID_ (8),6,0,2,44.45,3.58,-5.76,1
VID_ (8),6,0,3,,,,0
VID_ (8),6,0,4,,,,0
VID_ (8),6,0,5,60.7,3.24,-10.73,1
VID_ (8),6,0,6,,,,0
VID_ (8),6,0,7,,,,0
VID_ (8),6,1,0,,,,0
VID_ (8),6,1,1,60.7,3.24,-10.73,1
VID_ (8),6,1,2,,,,0
VID_ (8),6,1,3,,,,0
VID_ (8),6,1,4,,,,0
VID_ (8),6,1,5,,,,0
VID_ (8),6,1,6,,,,0
VID_ (8),6,1,7,,,,0
VID_ (8),6,2,0,,,,0
VID_ (8),6,2,1,,,,0
VID_ (8),6,2,2,,,,0
VID_ (8),6,2,3,,,,0
VID_ (8),6,2,4,,,,0
VID_ (8),6,2,5,,,,0
VID_ (8),6,2,6,,,,0
VID_ (8),6,2,7,,,,0
VID_ (8),6,3,0,,,,0
VID_ (8),6,3,1,,,,0
VID_ (8),6,3,2,,,,0
VID_ (8),6,3,3,,,,0
VID_ (8),6,3,4,81.98,-23.11,-17.38,1
VID_ (8),6,3,5,78.72,-59.87,-53.92,1
VID_ (8),6,3,6,88.18,-88.47,-71.23,1
VID_ (8),6,3,7,,,,0
VID_ (8),6,4,0,81.98,-23.11,-17.38,1
VID_ (8),6,4,1,78.72,-59.87,-53.92,1
VID_ (8),6,4,2,88.18,-88.47,-71.23,1
VID_ (8),6,4,3,,,,0
VID_ (8),6,4,4,69.8,-3.88,4.88,1
VID_ (8),6,4,5,,,,0
VID_ (8),6,4,6,,,,0
VID_ (8),6,4,7,,,,0
VID_ (8),6,5,0,69.8,-3.88,4.88,1
VID_ (8),6,5,1,,,,0
VID_ (8),6,5,2,,,,0
VID_ (8),6,5,3,,,,0
VID_ (8),6,5,4,,,,0
VID_ (8),6,5,5,,,,0
VID_ (8),6,5,6,,,,0
VID_ (8),6,5,7,,,,0
VID_ (8),6,6,0,,,,0
VID_ (8),6,6,1,,,,0
VID_ (8),6,6,2,,,,0
VID_ (8),6,6,3,,,,0
VID_ (8),6,6,4,,,,0
VID_ (8),6,6,5,,,,0
VID_ (8),6,6,6,,,,0
VID_ (8),6,6,7,,,,0
VID_ (8),6,7,0,,,,0
VID_ (8),6,7,1,,,,0
VID_ (8),6,7,2,,,,0
VID_ (8),6,7,3,,,,0
VID_ (8),6,7,4,,,,0
VID_ (8),6,7,5,,,,0
VID_ (8),6,7,6,,,,0
VID_ (8),6,7,7,,,,0
VID_ (8),6,8,0,,,,0
VID_ (8),6,8,1,,,,0
VID_ (8),6,8,2,,,,0
VID_ (8),6,8,3,,,,0
VID_ (8),6,8,4,,,,0
VID_ (8),6,8,5,,,,0
VID_ (8),6,8,6,,,,0
VID_ (8),6,8,7,,,,0
VID_ (8),6,9,0,,,,0
VID_ (8),6,9,1,,,,0
VID_ (8),6,9,2,,,,0
VID_ (8),6,9,3,,,,0
VID_ (8),6,9,4,,,,0
VID_ (8),6,9,5,,,,0
VID_ (8),6,9,6,,,,0
VID_ (8),6,9,7,,,,0
VID_ (8),6,10,0,,,,0
VID_ (8),6,10,1,,,,0
VID_ (8),6,10,2,,,,0
VID_ (8),6,10,3,,,,0
VID_ (8),6,10,4,,,,0
VID_ (8),6,10,5,,,,0
VID_ (8),6,10,6,,,,0
VID_ (8),6,10,7,,,,0
VID_ (8),6,11,0,,,,0
VID_ (8),6,11,1,,,,0
VID_ (8),6,11,2,,,,0
VID_ (8),6,11,3,,,,0
VID_ (8),6,11,4,71.97,-37.09,-41.34,1
VID_ (8),6,11,5,66.72,-34.5,-41.5,1
VID_ (8),6,11,6,67.88,-39.84,-48.05,1
VID_ (8),6,11,7,,,,0
VID_ (8),6,12,0,71.97,-37.09,-41.34,1
VID_ (8),6,12,1,66.72,-34.5,-41.5,1
VID_ (8),6,12,2,67.88,-39.84,-48.05,1
VID_ (8),6,12,3,,,,0
VID_ (8),6,12,4,,,,0
VID_ (8),6,12,5,,,,0
VID_ (8),6,12,6,,,,0
VID_ (8),6,12,7,,,,0
VID_ (8),6,13,0,,,,0
VID_ (8),6,13,1,,,,0
VID_ (8),6,13,2,,,,0
VID_ (8),6,13,3,,,,0
VID_ (8),6,13,4,,,,0
VID_ (8),6,13,5,61.74,-1.15,-15.2,1
VID_ (8),6,13,6,,,,0
VID_ (8),6,13,7,,,,0
VID_ (9),1,0,0,51.84,-13.73,-16.8,1
VID_ (9),1,0,1,56.1,-11.38,-15.49,1
VID_ (9),1,0,2,62.69,-17.84,-11.84,1
VID_ (9),1,0,3,75.68,-11.21,0.83,1
VID_ (9),1,0,4,47.56,-9.7,11.61,1
VID_ (9),1,0,5,45.26,-11.19,1.78,1
VID_ (9),1,0,6,46.67,-9.03,4.07,1
VID_ (9),1,0,7,46.84,-5.94,5.11,1
VID_ (9),1,1,0,47.56,-9.7,11.61,1
VID_ (9),1,1,1,45.26,-11.19,1.78,1
VID_ (9),1,1,2,46.67,-9.03,4.07,1
VID_ (9),1,1,3,46.84,-5.94,5.11,1
VID_ (9),1,1,4,49.37,-7.06,6.82,1
VID_ (9),1,1,5,47.4,-6.57,8.39,1
VID_ (9),1,1,6,44.42,-8.57,8.78,1
VID_ (9),1,1,7,44.74,-9.7,5.7,1
VID_ (9),1,2,0,49.37,-7.06,6.82,1
VID_ (9),1,2,1,47.4,-6.57,8.39,1
VID_ (9),1,2,2,44.42,-8.57,8.78,1
VID_ (9),1,2,3,44.74,-9.7,5.7,1
VID_ (9),1,2,4,42.86,-12.4,5.79,1
VID_ (9),1,2,5,43.38,-10.56,7.03,1
VID_ (9),1,2,6,43.12,-16.7,3.95,1
VID_ (9),1,2,7,43.77,-6.96,6.39,1
VID_ (9),2,0,0,,,,0
VID_ (9),2,0,1,,,,0
VID_ (9),2,0,2,,,,0
VID_ (9),2,0,3,,,,0
VID_ (9),2,0,4,,,,0
VID_ (9),2,0,5,3.82,22.54,-25.86,1
VID_ (9),2,0,6,,,,0
VID_ (9),2,0,7,,,,0
VID_ (9),2,1,0,,,,0
VID_ (9),2,1,1,3.82,22.54,-25.86,1
VID_ (9),2,1,2,,,,0
VID_ (9),2,1,3,,,,0
VID_ (9),2,1,4,,,,0
VID_ (9),2,1,5,,,,0
VID_ (9),2,1,6,,,,0
VID_ (9),2,1,7,,,,0
VID_ (9),2,2,0,,,,0
VID_ (9),2,2,1,,,,0
VID_ (9),2,2,2,,,,0
VID_ (9),2,2,3,,,,0
VID_ (9),2,2,4,-54.63,4.7,1.47,1
VID_ (9),2,2,5,,,,0
VID_ (9),2,2,6,-14.3,18.64,31.1,1
VID_ (9),2,2,7,15.29,11.53,35.17,1
VID_ (9),3,0,0,-37.57,-16.89,46.45,1
VID_ (9),3,0,1,-39.63,-18.58,45.3,1
VID_ (9),3,0,2,-39.35,-25.44,45.03,1
VID_ (9),3,0,3,-41.7,-31.29,47.6,1
VID_ (9),3,0,4,-39.07,-15.21,37.8,1
VID_ (9),3,0,5,-23.95,-8.7,26.46,1
VID_ (9),3,0,6,-9.29,-5.42,14.07,1
VID_ (9),3,0,7,1.85,-2.27,12.44,1
VID_ (9),3,1,0,-39.07,-15.21,37.8,1
VID_ (9),3,1,1,-23.95,-8.7,26.46,1
VID_ (9),3,1,2,-9.29,-5.42,14.07,1
VID_ (9),3,1,3,1.85,-2.27,12.44,1
VID_ (9),3,1,4,-21.24,-9.42,20.79,1
VID_ (9),3,1,5,-20.89,-5.0,25.9,1
VID_ (9),3,1,6,-29.1,-10.47,30.71,1
VID_ (9),3,1,7,-31.76,-15.5,33.02,1
VID_ (9),3,2,0,-21.24,-9.42,20.79,1
VID_ (9),3,2,1,-20.89,-5.0,25.9,1
VID_ (9),3,2,2,-29.1,-10.47,30.71,1
VID_ (9),3,2,3,-31.76,-15.5,33.02,1
VID_ (9),3,2,4,0.5,1.98,15.44,1
VID_ (9),3,2,5,26.87,6.16,10.4,1
VID_ (9),3,2,6,56.31,11.71,12.8,1
VID_ (9),3,2,7,,,,0
VID_ (9),4,0,0,,,,0
VID_ (9),4,0,1,,,,0
VID_ (9),4,0,2,,,,0
VID_ (9),4,0,3,,,,0
VID_ (9),4,0,4,,,,0
VID_ (9),4,0,5,,,,0
VID_ (9),4,0,6,,,,0
VID_ (9),4,0,7,,,,0
VID_ (9),4,1,0,,,,0
VID_ (9),4,1,1,,,,0
VID_ (9),4,1,2,,,,0
VID_ (9),4,1,3,,,,0
VID_ (9),4,1,4,,,,0
VID_ (9),4,1,5,,,,0
VID_ (9),4,1,6,,,,0
VID_ (9),4,1,7,,,,0
VID_ (9),4,2,0,,,,0
VID_ (9),4,2,1,,,,0
VID_ (9),4,2,2,,,,0
VID_ (9),4,2,3,,,,0
VID_ (9),4,2,4,,,,0
VID_ (9),4,2,5,,,,0
VID_ (9),4,2,6,69.63,-39.45,-47.26,1
VID_ (9),4,2,7,69.9,-9.94,-15.25,1
VID_ (9),5,0,0,,,,0
VID_ (9),5,0,1,,,,0
VID_ (9),5,0,2,,,,0
VID_ (9),5,0,3,,,,0
VID_ (9),5,0,4,,,,0
VID_ (9),5,0,5,-74.32,6.9,32.84,1
VID_ (9),5,0,6,-76.95,-8.05,49.15,1
VID_ (9),5,0,7,-78.1,-7.86,44.02,1
VID_ (9),5,1,0,,,,0
VID_ (9),5,1,1,-74.32,6.9,32.84,1
VID_ (9),5,1,2,-76.95,-8.05,49.15,1
VID_ (9),5,1,3,-78.1,-7.86,44.02,1
VID_ (9),5,1,4,-76.94,-6.89,39.61,1
VID_ (9),5,1,5,-78.7,-17.46,45.32,1
VID_ (9),5,1,6,-77.66,-17.88,49.14,1
VID_ (9),5,1,7,-78.34,-20.86,50.46,1
VID_ (9),5,2,0,-76.94,-6.89,39.61,1
VID_ (9),5,2,1,-78.7,-17.46,45.32,1
VID_ (9),5,2,2,-77.66,-17.88,49.14,1
VID_ (9),5,2,3,-78.34,-20.86,50.46,1
VID_ (9),5,2,4,-79.13,-20.13,47.2,1
VID_ (9),5,2,5,3.1,3.18,17.35,1
VID_ (9),5,2,6,19.58,0.93,19.41,1
VID_ (9),5,2,7,-0.15,1.32,21.15,1
VID_ (9),6,0,0,-11.95,-2.22,4.67,1
VID_ (9),6,0,1,-22.73,-0.92,0.4,1
VID_ (9),6,0,2,-21.39,-1.44,-0.35,1
VID_ (9),6,0,3,-23.59,-0.77,0.38,1
VID_ (9),6,0,4,-22.67,-2.3,2.32,1
VID_ (9),6,0,5,-20.95,-2.03,3.61,1
VID_ (9),6,0,6,-10.39,-4.24,4.66,1
VID_ (9),6,0,7,14.28,-5.33,-2.06,1
VID_ (9),6,1,0,-22.67,-2.3,2.32,1
VID_ (9),6,1,1,-20.95,-2.03,3.61,1
VID_ (9),6,1,2,-10.39,-4.24,4.66,1
VID_ (9),6,1,3,14.28,-5.33,-2.06,1
VID_ (9),6,1,4,20.61,-7.33,-4.09,1
VID_ (9),6,1,5,18.4,-6.96,-3.14,1
VID_ (9),6,1,6,39.49,-13.37,-11.35,1
VID_ (9),6,1,7,34.62,-10.19,-8.5,1
VID_ (9),6,2,0,20.61,-7.33,-4.09,1
VID_ (9),6,2,1,18.4,-6.96,-3.14,1
VID_ (9),6,2,2,39.49,-13.37,-11.35,1
VID_ (9),6,2,3,34.62,-10.19,-8.5,1
VID_ (9),6,2,4,33.31,-11.6,-7.98,1
VID_ (9),6,2,5,23.46,-9.89,-5.49,1
VID_ (9),6,2,6,23.29,-7.9,-5.71,1
VID_ (9),6,2,7,25.2,-10.18,-7.4,1
VID_ (9),7,0,0,-19.67,-3.31,4.57,1
VID_ (9),7,0,1,-22.7,-0.65,0.41,1
VID_ (9),7,0,2,-19.87,-1.41,-0.61,1
VID_ (9),7,0,3,-21.42,-0.81,0.35,1
VID_ (9),7,0,4,-16.96,-2.26,1.97,1
VID_ (9),7,0,5,-15.83,-2.42,2.99,1
VID_ (9),7,0,6,-8.12,-3.17,4.2,1
VID_ (9),7,0,7,13.37,-4.6,-2.25,1
VID_ (9),7,1,0,-16.96,-2.26,1.97,1
VID_ (9),7,1,1,-15.83,-2.42,2.99,1
VID_ (9),7,1,2,-8.12,-3.17,4.2,1
VID_ (9),7,1,3,13.37,-4.6,-2.25,1
VID_ (9),7,1,4,15.15,-6.12,-3.46,1
VID_ (9),7,1,5,11.01,-5.34,-2.53,1
VID_ (9),7,1,6,23.69,-8.67,-7.09,1
VID_ (9),7,1,7,25.26,-8.02,-7.0,1
VID_ (9),7,2,0,15.15,-6.12,-3.46,1
VID_ (9),7,2,1,11.01,-5.34,-2.53,1
VID_ (9),7,2,2,23.69,-8.67,-7.09,1
VID_ (9),7,2,3,25.26,-8.02,-7.0,1
VID_ (9),7,2,4,23.47,-9.23,-6.23,1
VID_ (9),7,2,5,25.48,-9.97,-5.66,1
VID_ (9),7,2,6,27.3,-7.51,-5.54,1
VID_ (9),7,2,7,28.21,-11.41,-8.0,1
VID_ (9),8,0,0,,,,0
VID_ (9),8,0,1,,,,0
VID_ (9),8,0,2,,,,0
VID_ (9),8,0,3,,,,0
VID_ (9),8,0,4,,,,0
VID_ (9),8,0,5,,,,0
VID_ (9),8,0,6,,,,0
VID_ (9),8,0,7,,,,0
VID_ (9),8,1,0,,,,0
VID_ (9),8,1,1,,,,0
VID_ (9),8,1,2,,,,0
VID_ (9),8,1,3,,,,0
VID_ (9),8,1,4,,,,0
VID_ (9),8,1,5,,,,0
VID_ (9),8,1,6,84.76,-70.98,-73.94,1
VID_ (9),8,1,7,,,,0
VID_ (9),8,2,0,,,,0
VID_ (9),8,2,1,,,,0
VID_ (9),8,2,2,84.76,-70.98,-73.94,1
VID_ (9),8,2,3,,,,0
VID_ (9),8,2,4,,,,0
VID_ (9),8,2,5,,,,0
VID_ (9),8,2,6,,,,0
VID_ (9),8,2,7,,,,0
VID_ (9),9,0,0,,,,0
VID_ (9),9,0,1,,,,0
VID_ (9),9,0,2,,,,0
VID_ (9),9,0,3,,,,0
VID_ (9),9,0,4,,,,0
VID_ (9),9,0,5,,,,0
VID_ (9),9,0,6,,,,0
VID_ (9),9,0,7,,,,0
Vid-20260421-Wa0016,1,0,0,-73.93,-48.52,46.26,1
Vid-20260421-Wa0016,1,0,1,-73.5,-60.4,52.77,1
Vid-20260421-Wa0016,1,0,2,-74.58,-57.34,46.14,1
Vid-20260421-Wa0016,1,0,3,-72.22,-57.21,53.32,1
Vid-20260421-Wa0016,1,0,4,-72.13,-57.57,54.85,1
Vid-20260421-Wa0016,1,0,5,-74.0,-58.7,54.41,1
Vid-20260421-Wa0016,1,0,6,-73.41,-54.72,49.73,1
Vid-20260421-Wa0016,1,0,7,-73.44,-62.68,55.62,1
Vid-20260421-Wa0016,1,1,0,-72.13,-57.57,54.85,1
Vid-20260421-Wa0016,1,1,1,-74.0,-58.7,54.41,1
Vid-20260421-Wa0016,1,1,2,-73.41,-54.72,49.73,1
Vid-20260421-Wa0016,1,1,3,-73.44,-62.68,55.62,1
Vid-20260421-Wa0016,1,1,4,-71.57,-68.98,60.44,1
Vid-20260421-Wa0016,1,1,5,-70.83,-52.39,46.89,1
Vid-20260421-Wa0016,1,1,6,-71.38,-55.72,51.19,1
Vid-20260421-Wa0016,1,1,7,-68.72,-35.68,33.41,1
Vid-20260421-Wa0016,1,2,0,-71.57,-68.98,60.44,1
Vid-20260421-Wa0016,1,2,1,-70.83,-52.39,46.89,1
Vid-20260421-Wa0016,1,2,2,-71.38,-55.72,51.19,1
Vid-20260421-Wa0016,1,2,3,-68.72,-35.68,33.41,1
Vid-20260421-Wa0016,1,2,4,-72.0,-52.71,47.72,1
Vid-20260421-Wa0016,1,2,5,-69.82,-47.16,44.53,1
Vid-20260421-Wa0016,1,2,6,-68.44,-42.8,41.77,1
Vid-20260421-Wa0016,1,2,7,-70.44,-51.02,44.73,1
Vid-20260421-Wa0016,1,3,0,-72.0,-52.71,47.72,1
Vid-20260421-Wa0016,1,3,1,-69.82,-47.16,44.53,1
Vid-20260421-Wa0016,1,3,2,-68.44,-42.8,41.77,1
Vid-20260421-Wa0016,1,3,3,-70.44,-51.02,44.73,1
Vid-20260421-Wa0016,1,3,4,-69.12,-55.12,50.83,1
Vid-20260421-Wa0016,1,3,5,-70.06,-45.03,40.8,1
Vid-20260421-Wa0016,1,3,6,-67.62,-37.89,40.1,1
Vid-20260421-Wa0016,1,3,7,-69.94,-47.63,45.58,1
Vid-20260421-Wa0016,1,4,0,-69.12,-55.12,50.83,1
Vid-20260421-Wa0016,1,4,1,-70.06,-45.03,40.8,1
Vid-20260421-Wa0016,1,4,2,-67.62,-37.89,40.1,1
Vid-20260421-Wa0016,1,4,3,-69.94,-47.63,45.58,1
Vid-20260421-Wa0016,1,4,4,-70.61,-51.72,47.99,1
Vid-20260421-Wa0016,1,4,5,-68.16,-44.43,43.57,1
Vid-20260421-Wa0016,1,4,6,-68.91,-47.2,45.8,1
Vid-20260421-Wa0016,1,4,7,-68.48,-43.5,39.7,1
Vid-20260421-Wa0016,1,5,0,-70.61,-51.72,47.99,1
Vid-20260421-Wa0016,1,5,1,-68.16,-44.43,43.57,1
Vid-20260421-Wa0016,1,5,2,-68.91,-47.2,45.8,1
Vid-20260421-Wa0016,1,5,3,-68.48,-43.5,39.7,1
Vid-20260421-Wa0016,1,5,4,-68.93,-49.43,43.19,1
Vid-20260421-Wa0016,1,5,5,-68.97,-42.93,39.32,1
Vid-20260421-Wa0016,1,5,6,-67.99,-45.56,44.05,1
Vid-20260421-Wa0016,1,5,7,-68.21,-50.54,52.03,1
Vid-20260421-Wa0016,1,6,0,-68.93,-49.43,43.19,1
Vid-20260421-Wa0016,1,6,1,-68.97,-42.93,39.32,1
Vid-20260421-Wa0016,1,6,2,-67.99,-45.56,44.05,1
Vid-20260421-Wa0016,1,6,3,-68.21,-50.54,52.03,1
Vid-20260421-Wa0016,1,6,4,-67.74,-39.25,43.14,1
Vid-20260421-Wa0016,1,6,5,-68.52,-42.99,44.56,1
Vid-20260421-Wa0016,1,6,6,-67.79,-56.89,57.34,1
Vid-20260421-Wa0016,1,6,7,-67.76,-35.23,40.97,1
Vid-20260421-Wa0016,1,7,0,-67.74,-39.25,43.14,1
Vid-20260421-Wa0016,1,7,1,-68.52,-42.99,44.56,1
Vid-20260421-Wa0016,1,7,2,-67.79,-56.89,57.34,1
Vid-20260421-Wa0016,1,7,3,-67.76,-35.23,40.97,1
Vid-20260421-Wa0016,1,7,4,-67.88,-46.33,45.93,1
Vid-20260421-Wa0016,1,7,5,-67.51,-60.88,61.45,1
Vid-20260421-Wa0016,1,7,6,-66.67,-42.6,43.51,1
Vid-20260421-Wa0016,1,7,7,-66.61,-56.44,59.13,1
Vid-20260421-Wa0016,1,8,0,-67.88,-46.33,45.93,1
Vid-20260421-Wa0016,1,8,1,-67.51,-60.88,61.45,1
Vid-20260421-Wa0016,1,8,2,-66.67,-42.6,43.51,1
Vid-20260421-Wa0016,1,8,3,-66.61,-56.44,59.13,1
Vid-20260421-Wa0016,1,8,4,-66.53,-42.9,41.07,1
Vid-20260421-Wa0016,1,8,5,-66.13,-48.74,47.85,1
Vid-20260421-Wa0016,1,8,6,-66.2,-50.7,49.01,1
Vid-20260421-Wa0016,1,8,7,-67.17,-55.5,55.83,1
Vid-20260421-Wa0016,1,9,0,-66.53,-42.9,41.07,1
Vid-20260421-Wa0016,1,9,1,-66.13,-48.74,47.85,1
Vid-20260421-Wa0016,1,9,2,-66.2,-50.7,49.01,1
Vid-20260421-Wa0016,1,9,3,-67.17,-55.5,55.83,1
Vid-20260421-Wa0016,1,9,4,-66.22,-51.86,51.72,1
Vid-20260421-Wa0016,1,9,5,-68.08,-50.74,49.48,1
Vid-20260421-Wa0016,1,9,6,-64.93,-49.1,47.72,1
Vid-20260421-Wa0016,1,9,7,-64.7,-38.17,37.39,1
Vid-20260421-Wa0016,1,10,0,-66.22,-51.86,51.72,1
Vid-20260421-Wa0016,1,10,1,-68.08,-50.74,49.48,1
Vid-20260421-Wa0016,1,10,2,-64.93,-49.1,47.72,1
Vid-20260421-Wa0016,1,10,3,-64.7,-38.17,37.39,1
Vid-20260421-Wa0016,1,10,4,-66.88,-55.76,57.92,1
Vid-20260421-Wa0016,1,10,5,-66.3,-48.34,47.38,1
Vid-20260421-Wa0016,1,10,6,-65.79,-59.6,59.38,1
Vid-20260421-Wa0016,1,10,7,-67.2,-64.87,63.85,1
Vid-20260421-Wa0016,1,11,0,-66.88,-55.76,57.92,1
Vid-20260421-Wa0016,1,11,1,-66.3,-48.34,47.38,1
Vid-20260421-Wa0016,1,11,2,-65.79,-59.6,59.38,1
Vid-20260421-Wa0016,1,11,3,-67.2,-64.87,63.85,1
Vid-20260421-Wa0016,1,11,4,-64.78,-61.57,61.61,1
Vid-20260421-Wa0016,1,11,5,-64.14,-46.91,47.74,1
Vid-20260421-Wa0016,1,11,6,-64.97,-55.46,53.66,1
Vid-20260421-Wa0016,1,11,7,-65.13,-61.84,61.12,1
Vid-20260421-Wa0016,1,12,0,-64.78,-61.57,61.61,1
Vid-20260421-Wa0016,1,12,1,-64.14,-46.91,47.74,1
Vid-20260421-Wa0016,1,12,2,-64.97,-55.46,53.66,1
Vid-20260421-Wa0016,1,12,3,-65.13,-61.84,61.12,1
Vid-20260421-Wa0016,1,12,4,-69.11,-67.15,65.21,1
Vid-20260421-Wa0016,1,12,5,-77.59,-60.98,68.17,1
Vid-20260421-Wa0016,1,12,6,-79.91,-42.76,45.91,1
Vid-20260421-Wa0016,1,12,7,-77.22,-33.96,35.48,1
Vid-20260421-Wa0016,1,13,0,-69.11,-67.15,65.21,1
Vid-20260421-Wa0016,1,13,1,-77.59,-60.98,68.17,1
Vid-20260421-Wa0016,1,13,2,-79.91,-42.76,45.91,1
Vid-20260421-Wa0016,1,13,3,-77.22,-33.96,35.48,1
Vid-20260421-Wa0016,1,13,4,-75.5,-20.28,19.65,1
Vid-20260421-Wa0016,1,13,5,-74.65,-12.62,15.36,1
Vid-20260421-Wa0016,1,13,6,-75.15,-24.82,25.87,1
Vid-20260421-Wa0016,1,13,7,-76.34,-17.18,21.76,1
Vid-20260421-Wa0016,10,0,0,6.63,-7.47,-35.0,1
Vid-20260421-Wa0016,10,0,1,16.74,-15.18,-37.81,1
Vid-20260421-Wa0016,10,0,2,,,,0
Vid-20260421-Wa0016,10,0,3,14.03,-12.92,-34.84,1
Vid-20260421-Wa0016,10,0,4,,,,0
Vid-20260421-Wa0016,10,0,5,,,,0
Vid-20260421-Wa0016,10,0,6,,,,0
Vid-20260421-Wa0016,10,0,7,,,,0
Vid-20260421-Wa0016,11,0,0,,,,0
Vid-20260421-Wa0016,11,0,1,,,,0
Vid-20260421-Wa0016,11,0,2,,,,0
Vid-20260421-Wa0016,11,0,3,,,,0
Vid-20260421-Wa0016,11,0,4,,,,0
Vid-20260421-Wa0016,11,0,5,,,,0
Vid-20260421-Wa0016,11,0,6,,,,0
Vid-20260421-Wa0016,11,0,7,,,,0
Vid-20260421-Wa0016,12,0,0,,,,0
Vid-20260421-Wa0016,12,0,1,,,,0
Vid-20260421-Wa0016,12,0,2,,,,0
Vid-20260421-Wa0016,12,0,3,,,,0
Vid-20260421-Wa0016,12,0,4,,,,0
Vid-20260421-Wa0016,12,0,5,,,,0
Vid-20260421-Wa0016,12,0,6,,,,0
Vid-20260421-Wa0016,12,0,7,,,,0
Vid-20260421-Wa0016,13,0,0,-35.64,-8.5,0.79,1
Vid-20260421-Wa0016,13,0,1,16.55,0.23,27.91,1
Vid-20260421-Wa0016,13,0,2,5.09,-19.56,31.49,1
Vid-20260421-Wa0016,13,0,3,-33.43,-9.16,1.43,1
Vid-20260421-Wa0016,13,0,4,-39.33,-10.3,-11.7,1
Vid-20260421-Wa0016,13,0,5,-29.69,-13.17,0.06,1
Vid-20260421-Wa0016,13,0,6,-28.62,-12.99,0.63,1
Vid-20260421-Wa0016,13,0,7,-36.57,-11.6,-12.03,1
Vid-20260421-Wa0016,14,0,1,,,,0
Vid-20260421-Wa0016,14,0,0,,,,0
Vid-20260421-Wa0016,14,0,11,,,,0
Vid-20260421-Wa0016,14,0,1,,,,0
Vid-20260421-Wa0016,14,0,21,,,,0
Vid-20260421-Wa0016,14,0,2,,,,0
Vid-20260421-Wa0016,14,0,31,,,,0
Vid-20260421-Wa0016,14,0,3,,,,0
Vid-20260421-Wa0016,14,0,41,,,,0
Vid-20260421-Wa0016,14,0,4,,,,0
Vid-20260421-Wa0016,14,0,51,,,,0
Vid-20260421-Wa0016,14,0,5,,,,0
Vid-20260421-Wa0016,14,0,61,,,,0
Vid-20260421-Wa0016,14,0,6,,,,0
Vid-20260421-Wa0016,14,0,71,,,,0
Vid-20260421-Wa0016,14,0,7,,,,0
Vid-20260421-Wa0016,14,1,0,,,,0
Vid-20260421-Wa0016,14,1,1,,,,0
Vid-20260421-Wa0016,14,1,2,,,,0
Vid-20260421-Wa0016,14,1,3,,,,0
Vid-20260421-Wa0016,14,1,4,,,,0
Vid-20260421-Wa0016,14,1,5,,,,0
Vid-20260421-Wa0016,14,1,6,,,,0
Vid-20260421-Wa0016,14,1,7,,,,0
Vid-20260421-Wa0016,14,2,0,,,,0
Vid-20260421-Wa0016,14,2,1,,,,0
Vid-20260421-Wa0016,14,2,2,,,,0
Vid-20260421-Wa0016,14,2,3,,,,0
Vid-20260421-Wa0016,14,2,4,,,,0
Vid-20260421-Wa0016,14,2,5,,,,0
Vid-20260421-Wa0016,14,2,6,73.59,177.84,165.48,1
Vid-20260421-Wa0016,14,2,7,,,,0
Vid-20260421-Wa0016,2,0,0,-78.09,-33.66,18.34,1
Vid-20260421-Wa0016,2,0,1,-60.31,1.66,-23.96,1
Vid-20260421-Wa0016,2,0,2,-58.81,3.08,-25.87,1
Vid-20260421-Wa0016,2,0,3,-60.52,-12.68,10.42,1
Vid-20260421-Wa0016,2,0,4,-39.77,-5.03,-3.41,1
Vid-20260421-Wa0016,2,0,5,-43.77,-3.15,-3.56,1
Vid-20260421-Wa0016,2,0,6,-70.79,5.51,-8.92,1
Vid-20260421-Wa0016,2,0,7,-48.2,2.78,-18.74,1
Vid-20260421-Wa0016,2,1,0,-39.77,-5.03,-3.41,1
Vid-20260421-Wa0016,2,1,1,-43.77,-3.15,-3.56,1
Vid-20260421-Wa0016,2,1,2,-70.79,5.51,-8.92,1
Vid-20260421-Wa0016,2,1,3,-48.2,2.78,-18.74,1
Vid-20260421-Wa0016,2,1,4,-57.11,-13.91,3.16,1
Vid-20260421-Wa0016,2,1,5,-43.05,-13.91,19.67,1
Vid-20260421-Wa0016,2,1,6,-31.67,-16.29,9.6,1
Vid-20260421-Wa0016,2,1,7,-78.25,-31.47,24.3,1
Vid-20260421-Wa0016,2,2,0,-57.11,-13.91,3.16,1
Vid-20260421-Wa0016,2,2,1,-43.05,-13.91,19.67,1
Vid-20260421-Wa0016,2,2,2,-31.67,-16.29,9.6,1
Vid-20260421-Wa0016,2,2,3,-78.25,-31.47,24.3,1
Vid-20260421-Wa0016,2,2,4,-53.97,-7.08,1.82,1
Vid-20260421-Wa0016,2,2,5,-58.73,9.07,-22.52,1
Vid-20260421-Wa0016,2,2,6,-66.62,-32.19,21.74,1
Vid-20260421-Wa0016,2,2,7,-70.04,-35.1,24.89,1
Vid-20260421-Wa0016,2,3,0,-53.97,-7.08,1.82,1
Vid-20260421-Wa0016,2,3,1,-58.73,9.07,-22.52,1
Vid-20260421-Wa0016,2,3,2,-66.62,-32.19,21.74,1
Vid-20260421-Wa0016,2,3,3,-70.04,-35.1,24.89,1
Vid-20260421-Wa0016,2,3,4,-63.9,9.4,-25.59,1
Vid-20260421-Wa0016,2,3,5,-71.9,-42.99,30.24,1
Vid-20260421-Wa0016,2,3,6,-61.22,6.35,-26.45,1
Vid-20260421-Wa0016,2,3,7,-70.9,-37.33,23.29,1
Vid-20260421-Wa0016,2,4,0,-63.9,9.4,-25.59,1
Vid-20260421-Wa0016,2,4,1,-71.9,-42.99,30.24,1
Vid-20260421-Wa0016,2,4,2,-61.22,6.35,-26.45,1
Vid-20260421-Wa0016,2,4,3,-70.9,-37.33,23.29,1
Vid-20260421-Wa0016,2,4,4,-68.37,-33.65,21.55,1
Vid-20260421-Wa0016,2,4,5,-70.14,-38.34,27.65,1
Vid-20260421-Wa0016,2,4,6,-70.17,-47.32,32.73,1
Vid-20260421-Wa0016,2,4,7,-57.91,11.24,-29.98,1
Vid-20260421-Wa0016,2,5,0,-68.37,-33.65,21.55,1
Vid-20260421-Wa0016,2,5,1,-70.14,-38.34,27.65,1
Vid-20260421-Wa0016,2,5,2,-70.17,-47.32,32.73,1
Vid-20260421-Wa0016,2,5,3,-57.91,11.24,-29.98,1
Vid-20260421-Wa0016,2,5,4,-75.02,-29.4,16.72,1
Vid-20260421-Wa0016,2,5,5,-64.04,7.58,-23.56,1
Vid-20260421-Wa0016,2,5,6,-75.87,-28.59,14.56,1
Vid-20260421-Wa0016,2,5,7,-66.82,2.86,-18.61,1
Vid-20260421-Wa0016,2,6,0,-75.02,-29.4,16.72,1
Vid-20260421-Wa0016,2,6,1,-64.04,7.58,-23.56,1
Vid-20260421-Wa0016,2,6,2,-75.87,-28.59,14.56,1
Vid-20260421-Wa0016,2,6,3,-66.82,2.86,-18.61,1
Vid-20260421-Wa0016,2,6,4,-66.6,-29.6,16.41,1
Vid-20260421-Wa0016,2,6,5,-60.17,9.95,-24.51,1
Vid-20260421-Wa0016,2,6,6,-71.63,-46.04,31.98,1
Vid-20260421-Wa0016,2,6,7,-69.02,-36.54,24.31,1
Vid-20260421-Wa0016,2,7,0,-66.6,-29.6,16.41,1
Vid-20260421-Wa0016,2,7,1,-60.17,9.95,-24.51,1
Vid-20260421-Wa0016,2,7,2,-71.63,-46.04,31.98,1
Vid-20260421-Wa0016,2,7,3,-69.02,-36.54,24.31,1
Vid-20260421-Wa0016,2,7,4,-71.49,-45.07,30.79,1
Vid-20260421-Wa0016,2,7,5,-68.27,-53.1,33.77,1
Vid-20260421-Wa0016,2,7,6,-71.34,-53.25,39.06,1
Vid-20260421-Wa0016,2,7,7,-60.88,4.34,-20.24,1
Vid-20260421-Wa0016,2,8,0,-71.49,-45.07,30.79,1
Vid-20260421-Wa0016,2,8,1,-68.27,-53.1,33.77,1
Vid-20260421-Wa0016,2,8,2,-71.34,-53.25,39.06,1
Vid-20260421-Wa0016,2,8,3,-60.88,4.34,-20.24,1
Vid-20260421-Wa0016,2,8,4,-70.96,-52.09,35.78,1
Vid-20260421-Wa0016,2,8,5,-69.92,-50.95,36.46,1
Vid-20260421-Wa0016,2,8,6,-63.53,6.15,-25.75,1
Vid-20260421-Wa0016,2,8,7,-73.03,-53.12,35.33,1
Vid-20260421-Wa0016,2,9,0,-70.96,-52.09,35.78,1
Vid-20260421-Wa0016,2,9,1,-69.92,-50.95,36.46,1
Vid-20260421-Wa0016,2,9,2,-63.53,6.15,-25.75,1
Vid-20260421-Wa0016,2,9,3,-73.03,-53.12,35.33,1
Vid-20260421-Wa0016,2,9,4,-71.4,-55.0,39.16,1
Vid-20260421-Wa0016,2,9,5,-68.58,-51.91,39.25,1
Vid-20260421-Wa0016,2,9,6,-70.17,-50.15,34.94,1
Vid-20260421-Wa0016,2,9,7,-69.07,-47.1,34.61,1
Vid-20260421-Wa0016,2,10,0,-71.4,-55.0,39.16,1
Vid-20260421-Wa0016,2,10,1,-68.58,-51.91,39.25,1
Vid-20260421-Wa0016,2,10,2,-70.17,-50.15,34.94,1
Vid-20260421-Wa0016,2,10,3,-69.07,-47.1,34.61,1
Vid-20260421-Wa0016,2,10,4,-67.68,-52.77,37.92,1
Vid-20260421-Wa0016,2,10,5,-69.74,-52.97,37.7,1
Vid-20260421-Wa0016,2,10,6,-66.43,-54.02,40.95,1
Vid-20260421-Wa0016,2,10,7,-67.68,-55.65,39.67,1
Vid-20260421-Wa0016,2,11,0,-67.68,-52.77,37.92,1
Vid-20260421-Wa0016,2,11,1,-69.74,-52.97,37.7,1
Vid-20260421-Wa0016,2,11,2,-66.43,-54.02,40.95,1
Vid-20260421-Wa0016,2,11,3,-67.68,-55.65,39.67,1
Vid-20260421-Wa0016,2,11,4,-70.44,-53.67,42.26,1
Vid-20260421-Wa0016,2,11,5,-64.05,12.07,-33.98,1
Vid-20260421-Wa0016,2,11,6,-70.53,-50.54,39.89,1
Vid-20260421-Wa0016,2,11,7,-74.02,-42.28,36.78,1
Vid-20260421-Wa0016,2,12,0,-70.44,-53.67,42.26,1
Vid-20260421-Wa0016,2,12,1,-64.05,12.07,-33.98,1
Vid-20260421-Wa0016,2,12,2,-70.53,-50.54,39.89,1
Vid-20260421-Wa0016,2,12,3,-74.02,-42.28,36.78,1
Vid-20260421-Wa0016,2,12,4,-73.4,-49.15,43.75,1
Vid-20260421-Wa0016,2,12,5,-73.93,-41.89,36.82,1
Vid-20260421-Wa0016,2,12,6,-47.57,-11.31,13.95,1
Vid-20260421-Wa0016,2,12,7,-52.18,-15.66,25.24,1
Vid-20260421-Wa0016,2,13,0,-73.4,-49.15,43.75,1
Vid-20260421-Wa0016,2,13,1,-73.93,-41.89,36.82,1
Vid-20260421-Wa0016,2,13,2,-47.57,-11.31,13.95,1
Vid-20260421-Wa0016,2,13,3,-52.18,-15.66,25.24,1
Vid-20260421-Wa0016,2,13,4,-71.11,-40.47,34.45,1
Vid-20260421-Wa0016,2,13,5,-72.0,-50.66,43.54,1
Vid-20260421-Wa0016,2,13,6,-69.44,-44.48,35.8,1
Vid-20260421-Wa0016,2,13,7,-61.68,6.04,-20.3,1
Vid-20260421-Wa0016,3,0,0,21.98,-12.34,-25.31,1
Vid-20260421-Wa0016,3,0,1,20.39,-13.2,-28.91,1
Vid-20260421-Wa0016,3,0,2,22.35,-17.5,-32.92,1
Vid-20260421-Wa0016,3,0,3,23.94,-17.79,-32.42,1
Vid-20260421-Wa0016,3,0,4,18.37,-15.8,-33.49,1
Vid-20260421-Wa0016,3,0,5,21.42,-17.34,-33.06,1
Vid-20260421-Wa0016,3,0,6,19.08,-16.02,-32.76,1
Vid-20260421-Wa0016,3,0,7,18.41,-17.28,-32.6,1
Vid-20260421-Wa0016,3,1,0,18.37,-15.8,-33.49,1
Vid-20260421-Wa0016,3,1,1,21.42,-17.34,-33.06,1
Vid-20260421-Wa0016,3,1,2,19.08,-16.02,-32.76,1
Vid-20260421-Wa0016,3,1,3,18.41,-17.28,-32.6,1
Vid-20260421-Wa0016,3,1,4,17.38,-16.83,-32.41,1
Vid-20260421-Wa0016,3,1,5,18.47,-17.8,-31.99,1
Vid-20260421-Wa0016,3,1,6,17.93,-17.98,-31.71,1
Vid-20260421-Wa0016,3,1,7,16.26,-17.36,-31.87,1
Vid-20260421-Wa0016,3,2,0,17.38,-16.83,-32.41,1
Vid-20260421-Wa0016,3,2,1,18.47,-17.8,-31.99,1
Vid-20260421-Wa0016,3,2,2,17.93,-17.98,-31.71,1
Vid-20260421-Wa0016,3,2,3,16.26,-17.36,-31.87,1
Vid-20260421-Wa0016,3,2,4,16.04,-17.71,-32.18,1
Vid-20260421-Wa0016,3,2,5,15.63,-17.18,-31.67,1
Vid-20260421-Wa0016,3,2,6,16.09,-16.68,-31.51,1
Vid-20260421-Wa0016,3,2,7,16.86,-18.5,-32.12,1
Vid-20260421-Wa0016,3,3,0,16.04,-17.71,-32.18,1
Vid-20260421-Wa0016,3,3,1,15.63,-17.18,-31.67,1
Vid-20260421-Wa0016,3,3,2,16.09,-16.68,-31.51,1
Vid-20260421-Wa0016,3,3,3,16.86,-18.5,-32.12,1
Vid-20260421-Wa0016,3,3,4,16.41,-19.33,-32.3,1
Vid-20260421-Wa0016,3,3,5,16.83,-19.07,-32.24,1
Vid-20260421-Wa0016,3,3,6,19.06,-20.15,-32.29,1
Vid-20260421-Wa0016,3,3,7,19.32,-19.78,-31.59,1
Vid-20260421-Wa0016,3,4,0,16.41,-19.33,-32.3,1
Vid-20260421-Wa0016,3,4,1,16.83,-19.07,-32.24,1
Vid-20260421-Wa0016,3,4,2,19.06,-20.15,-32.29,1
Vid-20260421-Wa0016,3,4,3,19.32,-19.78,-31.59,1
Vid-20260421-Wa0016,3,4,4,18.46,-19.51,-31.08,1
Vid-20260421-Wa0016,3,4,5,16.55,-17.98,-29.27,1
Vid-20260421-Wa0016,3,4,6,13.22,-16.18,-28.63,1
Vid-20260421-Wa0016,3,4,7,13.51,-15.27,-27.67,1
Vid-20260421-Wa0016,3,5,0,18.46,-19.51,-31.08,1
Vid-20260421-Wa0016,3,5,1,16.55,-17.98,-29.27,1
Vid-20260421-Wa0016,3,5,2,13.22,-16.18,-28.63,1
Vid-20260421-Wa0016,3,5,3,13.51,-15.27,-27.67,1
Vid-20260421-Wa0016,3,5,4,13.63,-17.82,-29.51,1
Vid-20260421-Wa0016,3,5,5,13.32,-17.51,-30.23,1
Vid-20260421-Wa0016,3,5,6,13.45,-17.51,-29.77,1
Vid-20260421-Wa0016,3,5,7,14.73,-15.84,-30.4,1
Vid-20260421-Wa0016,3,6,0,13.63,-17.82,-29.51,1
Vid-20260421-Wa0016,3,6,1,13.32,-17.51,-30.23,1
Vid-20260421-Wa0016,3,6,2,13.45,-17.51,-29.77,1
Vid-20260421-Wa0016,3,6,3,14.73,-15.84,-30.4,1
Vid-20260421-Wa0016,3,6,4,13.73,-15.1,-30.11,1
Vid-20260421-Wa0016,3,6,5,14.51,-14.88,-30.67,1
Vid-20260421-Wa0016,3,6,6,14.49,-16.45,-30.84,1
Vid-20260421-Wa0016,3,6,7,18.12,-19.92,-32.29,1
Vid-20260421-Wa0016,3,7,0,13.73,-15.1,-30.11,1
Vid-20260421-Wa0016,3,7,1,14.51,-14.88,-30.67,1
Vid-20260421-Wa0016,3,7,2,14.49,-16.45,-30.84,1
Vid-20260421-Wa0016,3,7,3,18.12,-19.92,-32.29,1
Vid-20260421-Wa0016,3,7,4,16.88,-19.06,-31.69,1
Vid-20260421-Wa0016,3,7,5,16.12,-18.25,-31.52,1
Vid-20260421-Wa0016,3,7,6,14.94,-18.7,-30.22,1
Vid-20260421-Wa0016,3,7,7,15.95,-18.45,-30.82,1
Vid-20260421-Wa0016,3,8,0,16.88,-19.06,-31.69,1
Vid-20260421-Wa0016,3,8,1,16.12,-18.25,-31.52,1
Vid-20260421-Wa0016,3,8,2,14.94,-18.7,-30.22,1
Vid-20260421-Wa0016,3,8,3,15.95,-18.45,-30.82,1
Vid-20260421-Wa0016,3,8,4,15.22,-19.05,-30.48,1
Vid-20260421-Wa0016,3,8,5,15.86,-18.82,-30.12,1
Vid-20260421-Wa0016,3,8,6,14.89,-18.46,-30.17,1
Vid-20260421-Wa0016,3,8,7,14.82,-19.12,-30.62,1
Vid-20260421-Wa0016,3,9,0,15.22,-19.05,-30.48,1
Vid-20260421-Wa0016,3,9,1,15.86,-18.82,-30.12,1
Vid-20260421-Wa0016,3,9,2,14.89,-18.46,-30.17,1
Vid-20260421-Wa0016,3,9,3,14.82,-19.12,-30.62,1
Vid-20260421-Wa0016,3,9,4,14.74,-18.12,-30.16,1
Vid-20260421-Wa0016,3,9,5,16.49,-19.16,-31.06,1
Vid-20260421-Wa0016,3,9,6,15.88,-17.75,-30.24,1
Vid-20260421-Wa0016,3,9,7,15.09,-17.36,-30.51,1
Vid-20260421-Wa0016,3,10,0,14.74,-18.12,-30.16,1
Vid-20260421-Wa0016,3,10,1,16.49,-19.16,-31.06,1
Vid-20260421-Wa0016,3,10,2,15.88,-17.75,-30.24,1
Vid-20260421-Wa0016,3,10,3,15.09,-17.36,-30.51,1
Vid-20260421-Wa0016,3,10,4,14.2,-18.01,-30.59,1
Vid-20260421-Wa0016,3,10,5,13.24,-17.68,-30.01,1
Vid-20260421-Wa0016,3,10,6,12.89,-18.63,-29.65,1
Vid-20260421-Wa0016,3,10,7,12.01,-18.74,-29.58,1
Vid-20260421-Wa0016,3,11,0,14.2,-18.01,-30.59,1
Vid-20260421-Wa0016,3,11,1,13.24,-17.68,-30.01,1
Vid-20260421-Wa0016,3,11,2,12.89,-18.63,-29.65,1
Vid-20260421-Wa0016,3,11,3,12.01,-18.74,-29.58,1
Vid-20260421-Wa0016,3,11,4,14.4,-21.48,-31.77,1
Vid-20260421-Wa0016,3,11,5,12.62,-20.29,-31.58,1
Vid-20260421-Wa0016,3,11,6,13.98,-19.32,-30.95,1
Vid-20260421-Wa0016,3,11,7,12.94,-18.25,-30.47,1
Vid-20260421-Wa0016,3,12,0,14.4,-21.48,-31.77,1
Vid-20260421-Wa0016,3,12,1,12.62,-20.29,-31.58,1
Vid-20260421-Wa0016,3,12,2,13.98,-19.32,-30.95,1
Vid-20260421-Wa0016,3,12,3,12.94,-18.25,-30.47,1
Vid-20260421-Wa0016,3,12,4,12.71,-18.93,-31.04,1
Vid-20260421-Wa0016,3,12,5,13.21,-19.63,-30.56,1
Vid-20260421-Wa0016,3,12,6,13.45,-18.79,-31.09,1
Vid-20260421-Wa0016,3,12,7,15.2,-19.16,-31.92,1
Vid-20260421-Wa0016,3,13,0,12.71,-18.93,-31.04,1
Vid-20260421-Wa0016,3,13,1,13.21,-19.63,-30.56,1
Vid-20260421-Wa0016,3,13,2,13.45,-18.79,-31.09,1
Vid-20260421-Wa0016,3,13,3,15.2,-19.16,-31.92,1
Vid-20260421-Wa0016,3,13,4,13.07,-16.86,-31.23,1
Vid-20260421-Wa0016,3,13,5,14.92,-18.6,-31.62,1
Vid-20260421-Wa0016,3,13,6,13.89,-19.05,-31.32,1
Vid-20260421-Wa0016,3,13,7,11.73,-16.18,-28.65,1
Vid-20260421-Wa0016,4,0,0,,,,0
Vid-20260421-Wa0016,4,0,1,,,,0
Vid-20260421-Wa0016,4,0,2,,,,0
Vid-20260421-Wa0016,4,0,3,-74.29,16.97,4.17,1
Vid-20260421-Wa0016,4,0,4,,,,0
Vid-20260421-Wa0016,4,0,5,-73.37,19.59,3.01,1
Vid-20260421-Wa0016,4,0,6,,,,0
Vid-20260421-Wa0016,4,0,7,,,,0
Vid-20260421-Wa0016,4,1,0,,,,0
Vid-20260421-Wa0016,4,1,1,-73.37,19.59,3.01,1
Vid-20260421-Wa0016,4,1,2,,,,0
Vid-20260421-Wa0016,4,1,3,,,,0
Vid-20260421-Wa0016,4,1,4,,,,0
Vid-20260421-Wa0016,4,1,5,-77.48,46.72,-38.78,1
Vid-20260421-Wa0016,4,1,6,,,,0
Vid-20260421-Wa0016,4,1,7,,,,0
Vid-20260421-Wa0016,4,2,0,,,,0
Vid-20260421-Wa0016,4,2,1,-77.48,46.72,-38.78,1
Vid-20260421-Wa0016,4,2,2,,,,0
Vid-20260421-Wa0016,4,2,3,,,,0
Vid-20260421-Wa0016,4,2,4,,,,0
Vid-20260421-Wa0016,4,2,5,,,,0
Vid-20260421-Wa0016,4,2,6,,,,0
Vid-20260421-Wa0016,4,2,7,,,,0
Vid-20260421-Wa0016,4,3,0,,,,0
Vid-20260421-Wa0016,4,3,1,,,,0
Vid-20260421-Wa0016,4,3,2,,,,0
Vid-20260421-Wa0016,4,3,3,,,,0
Vid-20260421-Wa0016,4,3,4,,,,0
Vid-20260421-Wa0016,4,3,5,-74.76,25.03,-17.48,1
Vid-20260421-Wa0016,4,3,6,,,,0
Vid-20260421-Wa0016,4,3,7,,,,0
Vid-20260421-Wa0016,4,4,0,,,,0
Vid-20260421-Wa0016,4,4,1,-74.76,25.03,-17.48,1
Vid-20260421-Wa0016,4,4,2,,,,0
Vid-20260421-Wa0016,4,4,3,,,,0
Vid-20260421-Wa0016,4,4,4,,,,0
Vid-20260421-Wa0016,4,4,5,,,,0
Vid-20260421-Wa0016,4,4,6,,,,0
Vid-20260421-Wa0016,4,4,7,,,,0
Vid-20260421-Wa0016,4,5,0,,,,0
Vid-20260421-Wa0016,4,5,1,,,,0
Vid-20260421-Wa0016,4,5,2,,,,0
Vid-20260421-Wa0016,4,5,3,,,,0
Vid-20260421-Wa0016,4,5,4,,,,0
Vid-20260421-Wa0016,4,5,5,,,,0
Vid-20260421-Wa0016,4,5,6,,,,0
Vid-20260421-Wa0016,4,5,7,,,,0
Vid-20260421-Wa0016,4,6,0,,,,0
Vid-20260421-Wa0016,4,6,1,,,,0
Vid-20260421-Wa0016,4,6,2,,,,0
Vid-20260421-Wa0016,4,6,3,,,,0
Vid-20260421-Wa0016,4,6,4,,,,0
Vid-20260421-Wa0016,4,6,5,,,,0
Vid-20260421-Wa0016,4,6,6,,,,0
Vid-20260421-Wa0016,4,6,7,,,,0
Vid-20260421-Wa0016,4,7,0,,,,0
Vid-20260421-Wa0016,4,7,1,,,,0
Vid-20260421-Wa0016,4,7,2,,,,0
Vid-20260421-Wa0016,4,7,3,,,,0
Vid-20260421-Wa0016,4,7,4,,,,0
Vid-20260421-Wa0016,4,7,5,,,,0
Vid-20260421-Wa0016,4,7,6,,,,0
Vid-20260421-Wa0016,4,7,7,,,,0
Vid-20260421-Wa0016,4,8,0,,,,0
Vid-20260421-Wa0016,4,8,1,,,,0
Vid-20260421-Wa0016,4,8,2,,,,0
Vid-20260421-Wa0016,4,8,3,,,,0
Vid-20260421-Wa0016,4,8,4,,,,0
Vid-20260421-Wa0016,4,8,5,,,,0
Vid-20260421-Wa0016,4,8,6,,,,0
Vid-20260421-Wa0016,4,8,7,,,,0
Vid-20260421-Wa0016,4,9,0,,,,0
Vid-20260421-Wa0016,4,9,1,,,,0
Vid-20260421-Wa0016,4,9,2,,,,0
Vid-20260421-Wa0016,4,9,3,,,,0
Vid-20260421-Wa0016,4,9,4,,,,0
Vid-20260421-Wa0016,4,9,5,,,,0
Vid-20260421-Wa0016,4,9,6,,,,0
Vid-20260421-Wa0016,4,9,7,,,,0
Vid-20260421-Wa0016,4,10,0,,,,0
Vid-20260421-Wa0016,4,10,1,,,,0
Vid-20260421-Wa0016,4,10,2,,,,0
Vid-20260421-Wa0016,4,10,3,,,,0
Vid-20260421-Wa0016,4,10,4,59.87,-0.82,-1.4,1
Vid-20260421-Wa0016,4,10,5,53.85,16.05,14.28,1
Vid-20260421-Wa0016,4,10,6,51.61,13.27,12.36,1
Vid-20260421-Wa0016,4,10,7,42.71,15.17,11.72,1
Vid-20260421-Wa0016,4,11,0,59.87,-0.82,-1.4,1
Vid-20260421-Wa0016,4,11,1,53.85,16.05,14.28,1
Vid-20260421-Wa0016,4,11,2,51.61,13.27,12.36,1
Vid-20260421-Wa0016,4,11,3,42.71,15.17,11.72,1
Vid-20260421-Wa0016,4,11,4,19.61,14.81,12.99,1
Vid-20260421-Wa0016,4,11,5,45.6,13.95,14.23,1
Vid-20260421-Wa0016,4,11,6,17.32,6.5,6.09,1
Vid-20260421-Wa0016,4,11,7,,,,0
Vid-20260421-Wa0016,4,12,0,19.61,14.81,12.99,1
Vid-20260421-Wa0016,4,12,1,45.6,13.95,14.23,1
Vid-20260421-Wa0016,4,12,2,17.32,6.5,6.09,1
Vid-20260421-Wa0016,4,12,3,,,,0
Vid-20260421-Wa0016,4,12,4,,,,0
Vid-20260421-Wa0016,4,12,5,,,,0
Vid-20260421-Wa0016,4,12,6,,,,0
Vid-20260421-Wa0016,4,12,7,,,,0
Vid-20260421-Wa0016,4,13,0,,,,0
Vid-20260421-Wa0016,4,13,1,,,,0
Vid-20260421-Wa0016,4,13,2,,,,0
Vid-20260421-Wa0016,4,13,3,,,,0
Vid-20260421-Wa0016,4,13,4,,,,0
Vid-20260421-Wa0016,4,13,5,,,,0
Vid-20260421-Wa0016,4,13,6,,,,0
Vid-20260421-Wa0016,4,13,7,,,,0
Vid-20260421-Wa0016,5,0,0,-1.33,-9.59,-2.62,1
Vid-20260421-Wa0016,5,0,1,-0.35,-10.73,-1.53,1
Vid-20260421-Wa0016,5,0,2,-4.91,-10.27,-0.42,1
Vid-20260421-Wa0016,5,0,3,0.93,-9.94,-0.12,1
Vid-20260421-Wa0016,5,0,4,-6.75,-11.01,0.58,1
Vid-20260421-Wa0016,5,0,5,-4.17,-10.31,-0.19,1
Vid-20260421-Wa0016,5,0,6,-8.33,-9.41,1.4,1
Vid-20260421-Wa0016,5,0,7,-8.49,-12.66,-0.22,1
Vid-20260421-Wa0016,5,1,0,-6.75,-11.01,0.58,1
Vid-20260421-Wa0016,5,1,1,-4.17,-10.31,-0.19,1
Vid-20260421-Wa0016,5,1,2,-8.33,-9.41,1.4,1
Vid-20260421-Wa0016,5,1,3,-8.49,-12.66,-0.22,1
Vid-20260421-Wa0016,5,1,4,-5.84,-5.91,-11.72,1
Vid-20260421-Wa0016,5,1,5,-9.49,-4.78,-12.97,1
Vid-20260421-Wa0016,5,1,6,-20.91,-6.5,-7.9,1
Vid-20260421-Wa0016,5,1,7,-29.24,-5.14,-8.59,1
Vid-20260421-Wa0016,5,2,0,-5.84,-5.91,-11.72,1
Vid-20260421-Wa0016,5,2,1,-9.49,-4.78,-12.97,1
Vid-20260421-Wa0016,5,2,2,-20.91,-6.5,-7.9,1
Vid-20260421-Wa0016,5,2,3,-29.24,-5.14,-8.59,1
Vid-20260421-Wa0016,5,2,4,-52.71,-9.75,4.86,1
Vid-20260421-Wa0016,5,2,5,-50.51,-14.71,11.52,1
Vid-20260421-Wa0016,5,2,6,-4.26,-10.26,5.33,1
Vid-20260421-Wa0016,5,2,7,0.83,-11.65,0.28,1
Vid-20260421-Wa0016,5,3,0,-52.71,-9.75,4.86,1
Vid-20260421-Wa0016,5,3,1,-50.51,-14.71,11.52,1
Vid-20260421-Wa0016,5,3,2,-4.26,-10.26,5.33,1
Vid-20260421-Wa0016,5,3,3,0.83,-11.65,0.28,1
Vid-20260421-Wa0016,5,3,4,-0.27,-14.43,-1.09,1
Vid-20260421-Wa0016,5,3,5,-5.43,-13.13,5.55,1
Vid-20260421-Wa0016,5,3,6,-6.39,-12.26,15.7,1
Vid-20260421-Wa0016,5,3,7,-5.09,-15.99,11.04,1
Vid-20260421-Wa0016,5,4,0,-0.27,-14.43,-1.09,1
Vid-20260421-Wa0016,5,4,1,-5.43,-13.13,5.55,1
Vid-20260421-Wa0016,5,4,2,-6.39,-12.26,15.7,1
Vid-20260421-Wa0016,5,4,3,-5.09,-15.99,11.04,1
Vid-20260421-Wa0016,5,4,4,-8.98,-16.48,7.55,1
Vid-20260421-Wa0016,5,4,5,-13.79,-15.2,4.8,1
Vid-20260421-Wa0016,5,4,6,-11.23,-17.91,2.98,1
Vid-20260421-Wa0016,5,4,7,-8.32,-17.28,2.39,1
Vid-20260421-Wa0016,5,5,0,-8.98,-16.48,7.55,1
Vid-20260421-Wa0016,5,5,1,-13.79,-15.2,4.8,1
Vid-20260421-Wa0016,5,5,2,-11.23,-17.91,2.98,1
Vid-20260421-Wa0016,5,5,3,-8.32,-17.28,2.39,1
Vid-20260421-Wa0016,5,5,4,-6.2,-17.79,2.41,1
Vid-20260421-Wa0016,5,5,5,-4.98,-17.07,2.28,1
Vid-20260421-Wa0016,5,5,6,-8.04,-15.95,2.88,1
Vid-20260421-Wa0016,5,5,7,-6.26,-17.09,2.66,1
Vid-20260421-Wa0016,5,6,0,-6.2,-17.79,2.41,1
Vid-20260421-Wa0016,5,6,1,-4.98,-17.07,2.28,1
Vid-20260421-Wa0016,5,6,2,-8.04,-15.95,2.88,1
Vid-20260421-Wa0016,5,6,3,-6.26,-17.09,2.66,1
Vid-20260421-Wa0016,5,6,4,-3.13,-16.49,2.91,1
Vid-20260421-Wa0016,5,6,5,-6.29,-16.82,2.25,1
Vid-20260421-Wa0016,5,6,6,-6.94,-15.66,2.75,1
Vid-20260421-Wa0016,5,6,7,-7.88,-15.05,2.11,1
Vid-20260421-Wa0016,5,7,0,-3.13,-16.49,2.91,1
Vid-20260421-Wa0016,5,7,1,-6.29,-16.82,2.25,1
Vid-20260421-Wa0016,5,7,2,-6.94,-15.66,2.75,1
Vid-20260421-Wa0016,5,7,3,-7.88,-15.05,2.11,1
Vid-20260421-Wa0016,5,7,4,-3.67,-17.87,2.31,1
Vid-20260421-Wa0016,5,7,5,-3.21,-18.25,2.56,1
Vid-20260421-Wa0016,5,7,6,-1.1,-17.19,2.45,1
Vid-20260421-Wa0016,5,7,7,-2.58,-17.75,3.53,1
Vid-20260421-Wa0016,5,8,0,-3.67,-17.87,2.31,1
Vid-20260421-Wa0016,5,8,1,-3.21,-18.25,2.56,1
Vid-20260421-Wa0016,5,8,2,-1.1,-17.19,2.45,1
Vid-20260421-Wa0016,5,8,3,-2.58,-17.75,3.53,1
Vid-20260421-Wa0016,5,8,4,-6.4,-18.15,3.11,1
Vid-20260421-Wa0016,5,8,5,-5.17,-17.8,2.88,1
Vid-20260421-Wa0016,5,8,6,-3.94,-17.16,2.82,1
Vid-20260421-Wa0016,5,8,7,-4.83,-17.34,2.56,1
Vid-20260421-Wa0016,5,9,0,-6.4,-18.15,3.11,1
Vid-20260421-Wa0016,5,9,1,-5.17,-17.8,2.88,1
Vid-20260421-Wa0016,5,9,2,-3.94,-17.16,2.82,1
Vid-20260421-Wa0016,5,9,3,-4.83,-17.34,2.56,1
Vid-20260421-Wa0016,5,9,4,-9.28,-16.65,2.38,1
Vid-20260421-Wa0016,5,9,5,-4.62,-16.54,2.97,1
Vid-20260421-Wa0016,5,9,6,-3.78,-17.59,3.71,1
Vid-20260421-Wa0016,5,9,7,-8.45,-18.12,3.21,1
Vid-20260421-Wa0016,5,10,0,-9.28,-16.65,2.38,1
Vid-20260421-Wa0016,5,10,1,-4.62,-16.54,2.97,1
Vid-20260421-Wa0016,5,10,2,-3.78,-17.59,3.71,1
Vid-20260421-Wa0016,5,10,3,-8.45,-18.12,3.21,1
Vid-20260421-Wa0016,5,10,4,-11.91,-18.52,4.43,1
Vid-20260421-Wa0016,5,10,5,-9.47,-15.08,3.7,1
Vid-20260421-Wa0016,5,10,6,-8.21,-15.9,3.57,1
Vid-20260421-Wa0016,5,10,7,-13.11,-16.63,4.16,1
Vid-20260421-Wa0016,5,11,0,-11.91,-18.52,4.43,1
Vid-20260421-Wa0016,5,11,1,-9.47,-15.08,3.7,1
Vid-20260421-Wa0016,5,11,2,-8.21,-15.9,3.57,1
Vid-20260421-Wa0016,5,11,3,-13.11,-16.63,4.16,1
Vid-20260421-Wa0016,5,11,4,-12.91,-18.21,4.87,1
Vid-20260421-Wa0016,5,11,5,-6.4,-20.83,3.55,1
Vid-20260421-Wa0016,5,11,6,-11.54,-20.47,3.02,1
Vid-20260421-Wa0016,5,11,7,-2.84,-19.42,3.1,1
Vid-20260421-Wa0016,5,12,0,-12.91,-18.21,4.87,1
Vid-20260421-Wa0016,5,12,1,-6.4,-20.83,3.55,1
Vid-20260421-Wa0016,5,12,2,-11.54,-20.47,3.02,1
Vid-20260421-Wa0016,5,12,3,-2.84,-19.42,3.1,1
Vid-20260421-Wa0016,5,12,4,-0.45,-15.72,2.84,1
Vid-20260421-Wa0016,5,12,5,0.63,-15.11,2.64,1
Vid-20260421-Wa0018,1,0,0,-75.91,1.73,-0.4,1
Vid-20260421-Wa0018,1,0,1,-71.58,-3.88,3.41,1
Vid-20260421-Wa0018,1,0,2,-74.34,-0.37,-0.18,1
Vid-20260421-Wa0018,1,0,3,-75.38,1.22,-5.59,1
Vid-20260421-Wa0018,1,0,4,-70.34,4.73,-5.32,1
Vid-20260421-Wa0018,1,0,5,-67.97,6.68,-2.42,1
Vid-20260421-Wa0018,1,0,6,-70.66,4.32,-5.91,1
Vid-20260421-Wa0018,1,0,7,-75.85,5.43,-3.69,1
Vid-20260421-Wa0018,1,1,0,-70.34,4.73,-5.32,1
Vid-20260421-Wa0018,1,1,1,-67.97,6.68,-2.42,1
Vid-20260421-Wa0018,1,1,2,-70.66,4.32,-5.91,1
Vid-20260421-Wa0018,1,1,3,-75.85,5.43,-3.69,1
Vid-20260421-Wa0018,1,1,4,-79.35,-1.89,8.47,1
Vid-20260421-Wa0018,1,1,5,-81.45,-8.55,16.35,1
Vid-20260421-Wa0018,1,1,6,-78.51,1.23,3.92,1
Vid-20260421-Wa0018,1,1,7,-81.04,-8.11,21.45,1
Vid-20260421-Wa0018,1,2,0,-79.35,-1.89,8.47,1
Vid-20260421-Wa0018,1,2,1,-81.45,-8.55,16.35,1
Vid-20260421-Wa0018,1,2,2,-78.51,1.23,3.92,1
Vid-20260421-Wa0018,1,2,3,-81.04,-8.11,21.45,1
Vid-20260421-Wa0018,1,2,4,-79.83,0.1,8.78,1
Vid-20260421-Wa0018,1,2,5,-82.62,-21.89,29.75,1
Vid-20260421-Wa0018,1,2,6,-71.5,5.9,-0.51,1
Vid-20260421-Wa0018,1,2,7,-75.21,1.47,2.82,1
Vid-20260421-Wa0018,1,3,0,-79.83,0.1,8.78,1
Vid-20260421-Wa0018,1,3,1,-82.62,-21.89,29.75,1
Vid-20260421-Wa0018,1,3,2,-71.5,5.9,-0.51,1
Vid-20260421-Wa0018,1,3,3,-75.21,1.47,2.82,1
Vid-20260421-Wa0018,1,3,4,-75.39,1.45,0.36,1
Vid-20260421-Wa0018,1,3,5,-78.22,-1.43,9.0,1
Vid-20260421-Wa0018,1,3,6,-78.46,-1.6,8.07,1
Vid-20260421-Wa0018,1,3,7,-75.72,-3.98,11.71,1
Vid-20260421-Wa0018,1,4,0,-75.39,1.45,0.36,1
Vid-20260421-Wa0018,1,4,1,-78.22,-1.43,9.0,1
Vid-20260421-Wa0018,1,4,2,-78.46,-1.6,8.07,1
Vid-20260421-Wa0018,1,4,3,-75.72,-3.98,11.71,1
Vid-20260421-Wa0018,1,4,4,-74.61,-8.01,14.44,1
Vid-20260421-Wa0018,1,4,5,-80.17,-5.3,12.02,1
Vid-20260421-Wa0018,1,4,6,-78.45,-9.59,16.02,1
Vid-20260421-Wa0018,1,4,7,-80.77,1.79,5.83,1
Vid-20260421-Wa0018,1,5,0,-74.61,-8.01,14.44,1
Vid-20260421-Wa0018,1,5,1,-80.17,-5.3,12.02,1
Vid-20260421-Wa0018,1,5,2,-78.45,-9.59,16.02,1
Vid-20260421-Wa0018,1,5,3,-80.77,1.79,5.83,1
Vid-20260421-Wa0018,1,5,4,-80.9,0.17,5.74,1
Vid-20260421-Wa0018,1,5,5,-77.4,-4.91,10.54,1
Vid-20260421-Wa0018,1,5,6,-81.37,1.03,6.35,1
Vid-20260421-Wa0018,1,5,7,-80.47,6.7,0.74,1
Vid-20260421-Wa0018,1,6,0,-80.9,0.17,5.74,1
Vid-20260421-Wa0018,1,6,1,-77.4,-4.91,10.54,1
Vid-20260421-Wa0018,1,6,2,-81.37,1.03,6.35,1
Vid-20260421-Wa0018,1,6,3,-80.47,6.7,0.74,1
Vid-20260421-Wa0018,1,6,4,-82.36,4.12,2.35,1
Vid-20260421-Wa0018,1,6,5,-82.01,-3.36,8.5,1
Vid-20260421-Wa0018,1,6,6,-79.88,0.08,7.03,1
Vid-20260421-Wa0018,1,6,7,-80.77,4.3,2.01,1
Vid-20260421-Wa0018,1,7,0,-82.36,4.12,2.35,1
Vid-20260421-Wa0018,1,7,1,-82.01,-3.36,8.5,1
Vid-20260421-Wa0018,1,7,2,-79.88,0.08,7.03,1
Vid-20260421-Wa0018,1,7,3,-80.77,4.3,2.01,1
Vid-20260421-Wa0018,1,7,4,-77.93,-8.07,12.37,1
Vid-20260421-Wa0018,1,7,5,-76.33,-6.64,12.66,1
Vid-20260421-Wa0018,1,7,6,-80.97,-11.97,17.49,1
Vid-20260421-Wa0018,1,7,7,-80.72,-15.23,20.0,1
Vid-20260421-Wa0018,1,8,0,-77.93,-8.07,12.37,1
Vid-20260421-Wa0018,1,8,1,-76.33,-6.64,12.66,1
Vid-20260421-Wa0018,1,8,2,-80.97,-11.97,17.49,1
Vid-20260421-Wa0018,1,8,3,-80.72,-15.23,20.0,1
Vid-20260421-Wa0018,1,8,4,-81.62,-12.18,19.43,1
Vid-20260421-Wa0018,1,8,5,-80.57,-18.8,24.02,1
Vid-20260421-Wa0018,1,8,6,-77.12,-1.94,6.27,1
Vid-20260421-Wa0018,1,8,7,-78.83,1.87,3.59,1
Vid-20260421-Wa0018,1,9,0,-81.62,-12.18,19.43,1
Vid-20260421-Wa0018,1,9,1,-80.57,-18.8,24.02,1
Vid-20260421-Wa0018,1,9,2,-77.12,-1.94,6.27,1
Vid-20260421-Wa0018,1,9,3,-78.83,1.87,3.59,1
Vid-20260421-Wa0018,1,9,4,-77.01,-2.24,9.27,1
Vid-20260421-Wa0018,1,9,5,-67.13,10.55,-12.0,1
Vid-20260421-Wa0018,1,9,6,-73.29,-2.91,10.71,1
Vid-20260421-Wa0018,1,9,7,-62.98,14.4,-6.78,1
Vid-20260421-Wa0018,10,0,0,,,,0
Vid-20260421-Wa0018,10,0,1,,,,0
Vid-20260421-Wa0018,10,0,2,,,,0
Vid-20260421-Wa0018,10,0,3,,,,0
Vid-20260421-Wa0018,10,0,4,,,,0
Vid-20260421-Wa0018,10,0,5,,,,0
Vid-20260421-Wa0018,10,0,6,,,,0
Vid-20260421-Wa0018,10,0,7,63.82,-3.76,-6.45,1
Vid-20260421-Wa0018,2,0,0,19.27,-20.94,-10.25,1
Vid-20260421-Wa0018,2,0,1,20.78,-20.63,-9.63,1
Vid-20260421-Wa0018,2,0,2,21.52,-20.37,-9.46,1
Vid-20260421-Wa0018,2,0,3,23.13,-20.72,-9.77,1
Vid-20260421-Wa0018,2,0,4,20.8,-20.23,-9.94,1
Vid-20260421-Wa0018,2,0,5,19.61,-16.02,-8.27,1
Vid-20260421-Wa0018,2,0,6,19.66,-20.26,-9.26,1
Vid-20260421-Wa0018,2,0,7,22.31,-16.68,-4.64,1
Vid-20260421-Wa0018,2,1,0,20.8,-20.23,-9.94,1
Vid-20260421-Wa0018,2,1,1,19.61,-16.02,-8.27,1
Vid-20260421-Wa0018,2,1,2,19.66,-20.26,-9.26,1
Vid-20260421-Wa0018,2,1,3,22.31,-16.68,-4.64,1
Vid-20260421-Wa0018,2,1,4,3.61,-14.49,5.35,1
Vid-20260421-Wa0018,2,1,5,-27.65,-21.32,10.61,1
Vid-20260421-Wa0018,2,1,6,22.02,-20.32,-9.48,1
Vid-20260421-Wa0018,2,1,7,24.69,-20.65,-8.54,1
Vid-20260421-Wa0018,2,2,0,3.61,-14.49,5.35,1
Vid-20260421-Wa0018,2,2,1,-27.65,-21.32,10.61,1
Vid-20260421-Wa0018,2,2,2,22.02,-20.32,-9.48,1
Vid-20260421-Wa0018,2,2,3,24.69,-20.65,-8.54,1
Vid-20260421-Wa0018,2,2,4,26.5,-22.44,-14.48,1
Vid-20260421-Wa0018,2,2,5,24.1,-18.76,-9.81,1
Vid-20260421-Wa0018,2,2,6,25.62,-17.44,-11.12,1
Vid-20260421-Wa0018,2,2,7,23.71,-19.65,-9.69,1
Vid-20260421-Wa0018,2,3,0,26.5,-22.44,-14.48,1
Vid-20260421-Wa0018,2,3,1,24.1,-18.76,-9.81,1
Vid-20260421-Wa0018,2,3,2,25.62,-17.44,-11.12,1
Vid-20260421-Wa0018,2,3,3,23.71,-19.65,-9.69,1
Vid-20260421-Wa0018,2,3,4,29.49,-20.92,-12.5,1
Vid-20260421-Wa0018,2,3,5,22.65,-21.22,-11.45,1
Vid-20260421-Wa0018,2,3,6,20.92,-19.05,-9.64,1
Vid-20260421-Wa0018,2,3,7,22.69,-19.98,-9.55,1
Vid-20260421-Wa0018,2,4,0,29.49,-20.92,-12.5,1
Vid-20260421-Wa0018,2,4,1,22.65,-21.22,-11.45,1
Vid-20260421-Wa0018,2,4,2,20.92,-19.05,-9.64,1
Vid-20260421-Wa0018,2,4,3,22.69,-19.98,-9.55,1
Vid-20260421-Wa0018,2,4,4,23.27,-18.71,-9.34,1
Vid-20260421-Wa0018,2,4,5,25.95,-23.85,-12.35,1
Vid-20260421-Wa0018,2,4,6,26.59,-22.86,-12.42,1
Vid-20260421-Wa0018,2,4,7,22.89,-20.87,-11.71,1
Vid-20260421-Wa0018,2,5,0,23.27,-18.71,-9.34,1
Vid-20260421-Wa0018,2,5,1,25.95,-23.85,-12.35,1
Vid-20260421-Wa0018,2,5,2,26.59,-22.86,-12.42,1
Vid-20260421-Wa0018,2,5,3,22.89,-20.87,-11.71,1
Vid-20260421-Wa0018,2,5,4,23.31,-21.79,-11.45,1
Vid-20260421-Wa0018,2,5,5,22.32,-18.14,-11.57,1
Vid-20260421-Wa0018,2,5,6,22.35,-21.9,-12.15,1
Vid-20260421-Wa0018,2,5,7,25.56,-22.47,-13.67,1
Vid-20260421-Wa0018,2,6,0,23.31,-21.79,-11.45,1
Vid-20260421-Wa0018,2,6,1,22.32,-18.14,-11.57,1
Vid-20260421-Wa0018,2,6,2,22.35,-21.9,-12.15,1
Vid-20260421-Wa0018,2,6,3,25.56,-22.47,-13.67,1
Vid-20260421-Wa0018,2,6,4,24.84,-22.7,-12.82,1
Vid-20260421-Wa0018,2,6,5,27.1,-23.16,-13.46,1
Vid-20260421-Wa0018,2,6,6,30.74,-22.51,-14.66,1
Vid-20260421-Wa0018,2,6,7,25.33,-24.13,-14.37,1
Vid-20260421-Wa0018,2,7,0,24.84,-22.7,-12.82,1
Vid-20260421-Wa0018,2,7,1,27.1,-23.16,-13.46,1
Vid-20260421-Wa0018,2,7,2,30.74,-22.51,-14.66,1
Vid-20260421-Wa0018,2,7,3,25.33,-24.13,-14.37,1
Vid-20260421-Wa0018,2,7,4,21.75,-22.02,-12.17,1
Vid-20260421-Wa0018,2,7,5,24.83,-24.33,-12.57,1
Vid-20260421-Wa0018,2,7,6,24.89,-21.37,-12.51,1
Vid-20260421-Wa0018,2,7,7,21.68,-22.95,-12.3,1
Vid-20260421-Wa0018,2,8,0,21.75,-22.02,-12.17,1
Vid-20260421-Wa0018,2,8,1,24.83,-24.33,-12.57,1
Vid-20260421-Wa0018,2,8,2,24.89,-21.37,-12.51,1
Vid-20260421-Wa0018,2,8,3,21.68,-22.95,-12.3,1
Vid-20260421-Wa0018,2,8,4,22.86,-23.57,-12.14,1
Vid-20260421-Wa0018,2,8,5,28.0,-21.77,-12.05,1
Vid-20260421-Wa0018,2,8,6,27.39,-23.02,-12.23,1
Vid-20260421-Wa0018,2,8,7,26.98,-22.31,-11.63,1
Vid-20260421-Wa0018,2,9,0,22.86,-23.57,-12.14,1
Vid-20260421-Wa0018,2,9,1,28.0,-21.77,-12.05,1
Vid-20260421-Wa0018,2,9,2,27.39,-23.02,-12.23,1
Vid-20260421-Wa0018,2,9,3,26.98,-22.31,-11.63,1
Vid-20260421-Wa0018,2,9,4,22.05,-24.07,-13.24,1
Vid-20260421-Wa0018,2,9,5,25.23,-24.33,-13.37,1
Vid-20260421-Wa0018,2,9,6,27.13,-24.8,-13.63,1
Vid-20260421-Wa0018,2,9,7,29.97,-22.57,-13.44,1
Vid-20260421-Wa0018,3,0,0,58.72,-25.03,-8.34,1
Vid-20260421-Wa0018,3,0,1,62.97,-15.79,-0.47,1
Vid-20260421-Wa0018,3,0,2,59.04,-18.99,-5.51,1
Vid-20260421-Wa0018,3,0,3,70.89,-9.35,1.35,1
Vid-20260421-Wa0018,3,0,4,63.24,-15.33,-3.42,1
Vid-20260421-Wa0018,3,0,5,68.15,-9.82,3.69,1
Vid-20260421-Wa0018,3,0,6,66.58,-12.48,2.84,1
Vid-20260421-Wa0018,3,0,7,59.96,-8.63,0.48,1
Vid-20260421-Wa0018,3,1,0,63.24,-15.33,-3.42,1
Vid-20260421-Wa0018,3,1,1,68.15,-9.82,3.69,1
Vid-20260421-Wa0018,3,1,2,66.58,-12.48,2.84,1
Vid-20260421-Wa0018,3,1,3,59.96,-8.63,0.48,1
Vid-20260421-Wa0018,3,1,4,46.86,-12.26,-8.69,1
Vid-20260421-Wa0018,3,1,5,48.99,-9.68,0.36,1
Vid-20260421-Wa0018,3,1,6,52.91,-9.71,-1.04,1
Vid-20260421-Wa0018,3,1,7,53.39,-7.91,-2.77,1
Vid-20260421-Wa0018,3,2,0,46.86,-12.26,-8.69,1
Vid-20260421-Wa0018,3,2,1,48.99,-9.68,0.36,1
Vid-20260421-Wa0018,3,2,2,52.91,-9.71,-1.04,1
Vid-20260421-Wa0018,3,2,3,53.39,-7.91,-2.77,1
Vid-20260421-Wa0018,3,2,4,56.48,-8.56,0.05,1
Vid-20260421-Wa0018,3,2,5,50.26,-7.71,2.53,1
Vid-20260421-Wa0018,3,2,6,63.56,-3.24,3.81,1
Vid-20260421-Wa0018,3,2,7,59.37,-7.95,-0.62,1
Vid-20260421-Wa0018,3,3,0,56.48,-8.56,0.05,1
Vid-20260421-Wa0018,3,3,1,50.26,-7.71,2.53,1
Vid-20260421-Wa0018,3,3,2,63.56,-3.24,3.81,1
Vid-20260421-Wa0018,3,3,3,59.37,-7.95,-0.62,1
Vid-20260421-Wa0018,3,3,4,57.06,-10.4,-1.49,1
Vid-20260421-Wa0018,3,3,5,79.3,-17.56,-10.44,1
Vid-20260421-Wa0018,3,3,6,54.66,-13.87,-6.08,1
Vid-20260421-Wa0018,3,3,7,56.45,-11.34,-1.48,1
Vid-20260421-Wa0018,3,4,0,57.06,-10.4,-1.49,1
Vid-20260421-Wa0018,3,4,1,79.3,-17.56,-10.44,1
Vid-20260421-Wa0018,3,4,2,54.66,-13.87,-6.08,1
Vid-20260421-Wa0018,3,4,3,56.45,-11.34,-1.48,1
Vid-20260421-Wa0018,3,4,4,55.63,-11.89,-1.81,1
Vid-20260421-Wa0018,3,4,5,59.72,5.01,14.5,1
Vid-20260421-Wa0018,3,4,6,67.8,3.68,17.25,1
Vid-20260421-Wa0018,3,4,7,61.42,-13.65,-4.55,1
Vid-20260421-Wa0018,3,5,0,55.63,-11.89,-1.81,1
Vid-20260421-Wa0018,3,5,1,59.72,5.01,14.5,1
Vid-20260421-Wa0018,3,5,2,67.8,3.68,17.25,1
Vid-20260421-Wa0018,3,5,3,61.42,-13.65,-4.55,1
Vid-20260421-Wa0018,3,5,4,58.8,-15.62,-6.13,1
Vid-20260421-Wa0018,3,5,5,62.81,-15.7,-5.69,1
Vid-20260421-Wa0018,3,5,6,76.83,-9.45,-1.86,1
Vid-20260421-Wa0018,3,5,7,79.6,-0.91,7.33,1
Vid-20260421-Wa0018,3,6,0,58.8,-15.62,-6.13,1
Vid-20260421-Wa0018,3,6,1,62.81,-15.7,-5.69,1
Vid-20260421-Wa0018,3,6,2,76.83,-9.45,-1.86,1
Vid-20260421-Wa0018,3,6,3,79.6,-0.91,7.33,1
Vid-20260421-Wa0018,3,6,4,80.23,8.91,17.77,1
Vid-20260421-Wa0018,3,6,5,70.82,-2.16,7.27,1
Vid-20260421-Wa0018,3,6,6,70.25,-0.06,7.08,1
Vid-20260421-Wa0018,3,6,7,63.51,-1.15,7.06,1
Vid-20260421-Wa0018,3,7,0,80.23,8.91,17.77,1
Vid-20260421-Wa0018,3,7,1,70.82,-2.16,7.27,1
Vid-20260421-Wa0018,3,7,2,70.25,-0.06,7.08,1
Vid-20260421-Wa0018,3,7,3,63.51,-1.15,7.06,1
Vid-20260421-Wa0018,3,7,4,51.69,-10.53,-3.12,1
Vid-20260421-Wa0018,3,7,5,54.41,-13.98,-10.64,1
Vid-20260421-Wa0018,3,7,6,59.28,-13.4,-8.33,1
Vid-20260421-Wa0018,3,7,7,59.89,-17.16,-10.48,1
Vid-20260421-Wa0018,3,8,0,51.69,-10.53,-3.12,1
Vid-20260421-Wa0018,3,8,1,54.41,-13.98,-10.64,1
Vid-20260421-Wa0018,3,8,2,59.28,-13.4,-8.33,1
Vid-20260421-Wa0018,3,8,3,59.89,-17.16,-10.48,1
Vid-20260421-Wa0018,3,8,4,64.76,-21.68,-13.36,1
Vid-20260421-Wa0018,3,8,5,65.01,-17.87,-8.25,1
Vid-20260421-Wa0018,3,8,6,66.71,-12.2,-2.22,1
Vid-20260421-Wa0018,3,8,7,66.83,-11.09,-0.36,1
Vid-20260421-Wa0018,3,9,0,64.76,-21.68,-13.36,1
Vid-20260421-Wa0018,3,9,1,65.01,-17.87,-8.25,1
Vid-20260421-Wa0018,3,9,2,66.71,-12.2,-2.22,1
Vid-20260421-Wa0018,3,9,3,66.83,-11.09,-0.36,1
Vid-20260421-Wa0018,3,9,4,74.88,-30.13,-19.0,1
Vid-20260421-Wa0018,3,9,5,75.8,-58.15,-46.17,1
Vid-20260421-Wa0018,3,9,6,80.09,-74.52,-61.99,1
Vid-20260421-Wa0018,3,9,7,85.44,-66.87,-52.89,1
Vid-20260421-Wa0018,4,0,0,-56.78,0.53,0.5,1
Vid-20260421-Wa0018,4,0,1,-56.03,3.78,-3.5,1
Vid-20260421-Wa0018,4,0,2,-54.54,-2.87,1.01,1
Vid-20260421-Wa0018,4,0,3,-73.75,-45.87,43.94,1
Vid-20260421-Wa0018,4,0,4,-50.9,3.24,-3.44,1
Vid-20260421-Wa0018,4,0,5,-49.04,1.92,-1.66,1
Vid-20260421-Wa0018,4,0,6,-45.18,-15.79,16.97,1
Vid-20260421-Wa0018,4,0,7,-43.97,-24.66,26.36,1
Vid-20260421-Wa0018,4,1,0,-50.9,3.24,-3.44,1
Vid-20260421-Wa0018,4,1,1,-49.04,1.92,-1.66,1
Vid-20260421-Wa0018,4,1,2,-45.18,-15.79,16.97,1
Vid-20260421-Wa0018,4,1,3,-43.97,-24.66,26.36,1
Vid-20260421-Wa0018,4,1,4,-41.61,-33.21,35.11,1
Vid-20260421-Wa0018,4,1,5,-42.26,-31.92,32.14,1
Vid-20260421-Wa0018,4,1,6,-57.89,-11.66,10.49,1
Vid-20260421-Wa0018,4,1,7,-41.85,-32.88,33.85,1
Vid-20260421-Wa0018,4,2,0,-41.61,-33.21,35.11,1
Vid-20260421-Wa0018,4,2,1,-42.26,-31.92,32.14,1
Vid-20260421-Wa0018,4,2,2,-57.89,-11.66,10.49,1
Vid-20260421-Wa0018,4,2,3,-41.85,-32.88,33.85,1
Vid-20260421-Wa0018,4,2,4,-72.64,-29.85,25.33,1
Vid-20260421-Wa0018,4,2,5,-71.74,-25.04,21.01,1
Vid-20260421-Wa0018,4,2,6,-44.12,-29.75,33.69,1
Vid-20260421-Wa0018,4,2,7,-45.7,-26.4,31.64,1
Vid-20260421-Wa0018,4,3,0,-72.64,-29.85,25.33,1
Vid-20260421-Wa0018,4,3,1,-71.74,-25.04,21.01,1
Vid-20260421-Wa0018,4,3,2,-44.12,-29.75,33.69,1
Vid-20260421-Wa0018,4,3,3,-45.7,-26.4,31.64,1
Vid-20260421-Wa0018,4,3,4,-45.98,-26.76,30.91,1
Vid-20260421-Wa0018,4,3,5,-47.19,-29.55,30.96,1
Vid-20260421-Wa0018,4,3,6,-46.33,-31.59,31.38,1
Vid-20260421-Wa0018,4,3,7,-71.01,-41.67,38.64,1
Vid-20260421-Wa0018,4,4,0,-45.98,-26.76,30.91,1
Vid-20260421-Wa0018,4,4,1,-47.19,-29.55,30.96,1
Vid-20260421-Wa0018,4,4,2,-46.33,-31.59,31.38,1
Vid-20260421-Wa0018,4,4,3,-71.01,-41.67,38.64,1
Vid-20260421-Wa0018,4,4,4,-40.96,-32.45,32.84,1
Vid-20260421-Wa0018,4,4,5,-42.18,-35.35,35.93,1
Vid-20260421-Wa0018,4,4,6,-39.9,-35.57,35.33,1
Vid-20260421-Wa0018,4,4,7,-41.9,-41.62,41.84,1
Vid-20260421-Wa0018,4,5,0,-40.96,-32.45,32.84,1
Vid-20260421-Wa0018,4,5,1,-42.18,-35.35,35.93,1
Vid-20260421-Wa0018,4,5,2,-39.9,-35.57,35.33,1
Vid-20260421-Wa0018,4,5,3,-41.9,-41.62,41.84,1
Vid-20260421-Wa0018,4,5,4,-39.41,-38.57,39.79,1
Vid-20260421-Wa0018,4,5,5,-68.51,-28.74,29.08,1
Vid-20260421-Wa0018,4,5,6,-39.95,-37.95,38.85,1
Vid-20260421-Wa0018,4,5,7,-58.24,-12.65,16.87,1
Vid-20260421-Wa0018,4,6,0,-39.41,-38.57,39.79,1
Vid-20260421-Wa0018,4,6,1,-68.51,-28.74,29.08,1
Vid-20260421-Wa0018,4,6,2,-39.95,-37.95,38.85,1
Vid-20260421-Wa0018,4,6,3,-58.24,-12.65,16.87,1
Vid-20260421-Wa0018,4,6,4,-73.88,-47.58,48.81,1
Vid-20260421-Wa0018,4,6,5,-36.14,-37.98,41.65,1
Vid-20260421-Wa0018,4,6,6,-36.27,-37.82,37.12,1
Vid-20260421-Wa0018,4,6,7,-35.03,-36.1,39.53,1
Vid-20260421-Wa0018,4,7,0,-73.88,-47.58,48.81,1
Vid-20260421-Wa0018,4,7,1,-36.14,-37.98,41.65,1
Vid-20260421-Wa0018,4,7,2,-36.27,-37.82,37.12,1
Vid-20260421-Wa0018,4,7,3,-35.03,-36.1,39.53,1
Vid-20260421-Wa0018,4,7,4,-38.11,-37.2,39.49,1
Vid-20260421-Wa0018,4,7,5,-39.25,-36.56,40.22,1
Vid-20260421-Wa0018,4,7,6,-38.86,-36.41,39.2,1
Vid-20260421-Wa0018,4,7,7,-39.82,-36.91,39.77,1
Vid-20260421-Wa0018,4,8,0,-38.11,-37.2,39.49,1
Vid-20260421-Wa0018,4,8,1,-39.25,-36.56,40.22,1
Vid-20260421-Wa0018,4,8,2,-38.86,-36.41,39.2,1
Vid-20260421-Wa0018,4,8,3,-39.82,-36.91,39.77,1
Vid-20260421-Wa0018,4,8,4,-39.38,-36.0,39.69,1
Vid-20260421-Wa0018,4,8,5,-42.03,-36.87,38.59,1
Vid-20260421-Wa0018,4,8,6,-42.97,-36.01,39.03,1
Vid-20260421-Wa0018,4,8,7,-38.31,-35.93,39.92,1
Vid-20260421-Wa0018,4,9,0,-39.38,-36.0,39.69,1
Vid-20260421-Wa0018,4,9,1,-42.03,-36.87,38.59,1
Vid-20260421-Wa0018,4,9,2,-42.97,-36.01,39.03,1
Vid-20260421-Wa0018,4,9,3,-38.31,-35.93,39.92,1
Vid-20260421-Wa0018,4,9,4,-40.77,-38.14,41.29,1
Vid-20260421-Wa0018,4,9,5,-39.64,-37.55,39.22,1
Vid-20260421-Wa0018,4,9,6,-41.27,-37.14,37.2,1
Vid-20260421-Wa0018,4,9,7,-43.52,-37.66,34.07,1
Vid-20260421-Wa0018,5,0,0,75.66,-30.61,-31.13,1
Vid-20260421-Wa0018,5,0,1,76.95,-42.36,-42.88,1
Vid-20260421-Wa0018,5,0,2,75.8,-19.49,-17.86,1
Vid-20260421-Wa0018,5,0,3,80.21,-37.37,-33.71,1
Vid-20260421-Wa0018,5,0,4,78.44,-39.03,-35.13,1
Vid-20260421-Wa0018,5,0,5,76.1,-21.87,-21.67,1
Vid-20260421-Wa0018,5,0,6,77.53,-25.5,-21.58,1
Vid-20260421-Wa0018,5,0,7,75.57,-24.8,-23.15,1
Vid-20260421-Wa0018,5,1,0,78.44,-39.03,-35.13,1
Vid-20260421-Wa0018,5,1,1,76.1,-21.87,-21.67,1
Vid-20260421-Wa0018,5,1,2,77.53,-25.5,-21.58,1
Vid-20260421-Wa0018,5,1,3,75.57,-24.8,-23.15,1
Vid-20260421-Wa0018,5,1,4,74.74,-20.77,-17.14,1
Vid-20260421-Wa0018,5,1,5,77.3,-27.23,-19.15,1
Vid-20260421-Wa0018,5,1,6,69.98,-20.12,-14.03,1
Vid-20260421-Wa0018,5,1,7,66.65,-20.48,-16.01,1
Vid-20260421-Wa0018,5,2,0,74.74,-20.77,-17.14,1
Vid-20260421-Wa0018,5,2,1,77.3,-27.23,-19.15,1
Vid-20260421-Wa0018,5,2,2,69.98,-20.12,-14.03,1
Vid-20260421-Wa0018,5,2,3,66.65,-20.48,-16.01,1
Vid-20260421-Wa0018,5,2,4,59.13,-15.9,-14.03,1
Vid-20260421-Wa0018,5,2,5,48.03,-14.39,-13.68,1
Vid-20260421-Wa0018,5,2,6,48.68,-13.67,-14.22,1
Vid-20260421-Wa0018,5,2,7,50.85,-11.54,-12.67,1
Vid-20260421-Wa0018,5,3,0,59.13,-15.9,-14.03,1
Vid-20260421-Wa0018,5,3,1,48.03,-14.39,-13.68,1
Vid-20260421-Wa0018,5,3,2,48.68,-13.67,-14.22,1
Vid-20260421-Wa0018,5,3,3,50.85,-11.54,-12.67,1
Vid-20260421-Wa0018,5,3,4,50.78,-12.64,-12.85,1
Vid-20260421-Wa0018,5,3,5,48.22,-11.22,-11.14,1
Vid-20260421-Wa0018,5,3,6,,,,0
Vid-20260421-Wa0018,5,3,7,,,,0
Vid-20260421-Wa0018,5,4,0,50.78,-12.64,-12.85,1
Vid-20260421-Wa0018,5,4,1,48.22,-11.22,-11.14,1
Vid-20260421-Wa0018,5,4,2,,,,0
Vid-20260421-Wa0018,5,4,3,,,,0
Vid-20260421-Wa0018,5,4,4,54.06,-12.09,-11.42,1
Vid-20260421-Wa0018,5,4,5,48.72,-8.93,-10.21,1
Vid-20260421-Wa0018,5,4,6,,,,0
Vid-20260421-Wa0018,5,4,7,,,,0
Vid-20260421-Wa0018,5,5,0,54.06,-12.09,-11.42,1
Vid-20260421-Wa0018,5,5,1,48.72,-8.93,-10.21,1
Vid-20260421-Wa0018,5,5,2,,,,0
Vid-20260421-Wa0018,5,5,3,,,,0
Vid-20260421-Wa0018,5,5,4,,,,0
Vid-20260421-Wa0018,5,5,5,,,,0
Vid-20260421-Wa0018,5,5,6,,,,0
Vid-20260421-Wa0018,5,5,7,,,,0
Vid-20260421-Wa0018,5,6,0,,,,0
Vid-20260421-Wa0018,5,6,1,,,,0
Vid-20260421-Wa0018,5,6,2,,,,0
Vid-20260421-Wa0018,5,6,3,,,,0
Vid-20260421-Wa0018,5,6,4,,,,0
Vid-20260421-Wa0018,5,6,5,,,,0
Vid-20260421-Wa0018,5,6,6,,,,0
Vid-20260421-Wa0018,5,6,7,,,,0
Vid-20260421-Wa0018,5,7,0,,,,0
Vid-20260421-Wa0018,5,7,1,,,,0
Vid-20260421-Wa0018,5,7,2,,,,0
Vid-20260421-Wa0018,5,7,3,,,,0
Vid-20260421-Wa0018,5,7,4,,,,0
Vid-20260421-Wa0018,5,7,5,,,,0
Vid-20260421-Wa0018,5,7,6,,,,0
Vid-20260421-Wa0018,5,7,7,,,,0
Vid-20260421-Wa0018,5,8,0,,,,0
Vid-20260421-Wa0018,5,8,1,,,,0
Vid-20260421-Wa0018,5,8,2,,,,0
Vid-20260421-Wa0018,5,8,3,,,,0
Vid-20260421-Wa0018,5,8,4,,,,0
Vid-20260421-Wa0018,5,8,5,,,,0
Vid-20260421-Wa0018,5,8,6,,,,0
Vid-20260421-Wa0018,5,8,7,,,,0
Vid-20260421-Wa0018,5,9,0,,,,0
Vid-20260421-Wa0018,5,9,1,,,,0
Vid-20260421-Wa0018,5,9,2,,,,0
Vid-20260421-Wa0018,5,9,3,,,,0
Vid-20260421-Wa0018,5,9,4,,,,0
Vid-20260421-Wa0018,5,9,5,,,,0
Vid-20260421-Wa0018,5,9,6,,,,0
Vid-20260421-Wa0018,5,9,7,48.65,-7.88,-11.52,1
Vid-20260421-Wa0018,6,0,0,-71.66,-12.78,11.88,1
Vid-20260421-Wa0018,6,0,1,-78.56,-13.74,10.53,1
Vid-20260421-Wa0018,6,0,2,-75.37,-13.54,13.63,1
Vid-20260421-Wa0018,6,0,3,-62.35,-11.39,4.04,1
Vid-20260421-Wa0018,6,0,4,-56.4,-30.8,27.56,1
Vid-20260421-Wa0018,6,0,5,-61.16,-33.62,26.76,1
Vid-20260421-Wa0018,6,0,6,-63.75,-33.14,27.01,1
Vid-20260421-Wa0018,6,0,7,-68.82,-12.57,6.24,1
Vid-20260421-Wa0018,6,1,0,-56.4,-30.8,27.56,1
Vid-20260421-Wa0018,6,1,1,-61.16,-33.62,26.76,1
Vid-20260421-Wa0018,6,1,2,-63.75,-33.14,27.01,1
Vid-20260421-Wa0018,6,1,3,-68.82,-12.57,6.24,1
Vid-20260421-Wa0018,6,1,4,-76.31,-12.03,14.88,1
Vid-20260421-Wa0018,6,1,5,-70.41,-13.03,12.88,1
Vid-20260421-Wa0018,6,1,6,-54.61,-12.63,3.27,1
Vid-20260421-Wa0018,6,1,7,-59.46,-22.21,19.95,1
Vid-20260421-Wa0018,6,2,0,-76.31,-12.03,14.88,1
Vid-20260421-Wa0018,6,2,1,-70.41,-13.03,12.88,1
Vid-20260421-Wa0018,6,2,2,-54.61,-12.63,3.27,1
Vid-20260421-Wa0018,6,2,3,-59.46,-22.21,19.95,1
Vid-20260421-Wa0018,6,2,4,-75.13,-17.95,22.87,1
Vid-20260421-Wa0018,6,2,5,-53.89,-30.12,25.72,1
Vid-20260421-Wa0018,6,2,6,-71.85,-17.37,16.17,1
Vid-20260421-Wa0018,6,2,7,-58.71,-32.37,29.02,1
Vid-20260421-Wa0018,6,3,0,-75.13,-17.95,22.87,1
Vid-20260421-Wa0018,6,3,1,-53.89,-30.12,25.72,1
Vid-20260421-Wa0018,6,3,2,-71.85,-17.37,16.17,1
Vid-20260421-Wa0018,6,3,3,-58.71,-32.37,29.02,1
Vid-20260421-Wa0018,6,3,4,-54.96,-11.93,4.48,1
Vid-20260421-Wa0018,6,3,5,-72.52,-12.89,13.21,1
Vid-20260421-Wa0018,6,3,6,-68.85,-14.38,18.09,1
Vid-20260421-Wa0018,6,3,7,-70.46,-14.72,16.86,1
Vid-20260421-Wa0018,6,4,0,-54.96,-11.93,4.48,1
Vid-20260421-Wa0018,6,4,1,-72.52,-12.89,13.21,1
Vid-20260421-Wa0018,6,4,2,-68.85,-14.38,18.09,1
Vid-20260421-Wa0018,6,4,3,-70.46,-14.72,16.86,1
Vid-20260421-Wa0018,6,4,4,-71.78,-12.35,15.12,1
Vid-20260421-Wa0018,6,4,5,-69.08,-17.99,18.84,1
Vid-20260421-Wa0018,6,4,6,-76.37,-16.4,18.38,1
Vid-20260421-Wa0018,6,4,7,-77.17,-12.38,17.8,1
Vid-20260421-Wa0018,6,5,0,-71.78,-12.35,15.12,1
Vid-20260421-Wa0018,6,5,1,-69.08,-17.99,18.84,1
Vid-20260421-Wa0018,6,5,2,-76.37,-16.4,18.38,1
Vid-20260421-Wa0018,6,5,3,-77.17,-12.38,17.8,1
Vid-20260421-Wa0018,6,5,4,-70.91,-11.91,13.19,1
Vid-20260421-Wa0018,6,5,5,-74.77,-13.69,15.4,1
Vid-20260421-Wa0018,6,5,6,-73.38,-13.75,17.25,1
Vid-20260421-Wa0018,6,5,7,-75.5,-20.5,23.2,1
Vid-20260421-Wa0018,6,6,0,-70.91,-11.91,13.19,1
Vid-20260421-Wa0018,6,6,1,-74.77,-13.69,15.4,1
Vid-20260421-Wa0018,6,6,2,-73.38,-13.75,17.25,1
Vid-20260421-Wa0018,6,6,3,-75.5,-20.5,23.2,1
Vid-20260421-Wa0018,6,6,4,-69.35,-13.13,14.08,1
Vid-20260421-Wa0018,6,6,5,-73.08,-17.88,22.82,1
Vid-20260421-Wa0018,6,6,6,-56.18,-13.5,8.15,1
Vid-20260421-Wa0018,6,6,7,-67.21,-16.8,15.1,1
Vid-20260421-Wa0018,6,7,0,-69.35,-13.13,14.08,1
Vid-20260421-Wa0018,6,7,1,-73.08,-17.88,22.82,1
Vid-20260421-Wa0018,6,7,2,-56.18,-13.5,8.15,1
Vid-20260421-Wa0018,6,7,3,-67.21,-16.8,15.1,1
Vid-20260421-Wa0018,6,7,4,-74.11,-17.88,18.19,1
Vid-20260421-Wa0018,6,7,5,-64.32,-14.8,12.65,1
Vid-20260421-Wa0018,6,7,6,-61.41,-12.78,4.15,1
Vid-20260421-Wa0018,6,7,7,-70.23,-20.53,21.37,1
Vid-20260421-Wa0018,6,8,0,-74.11,-17.88,18.19,1
Vid-20260421-Wa0018,6,8,1,-64.32,-14.8,12.65,1
Vid-20260421-Wa0018,6,8,2,-61.41,-12.78,4.15,1
Vid-20260421-Wa0018,6,8,3,-70.23,-20.53,21.37,1
Vid-20260421-Wa0018,6,8,4,-51.67,-14.06,2.7,1
Vid-20260421-Wa0018,6,8,5,-64.9,-14.52,14.65,1
Vid-20260421-Wa0018,6,8,6,-70.88,-14.34,14.63,1
Vid-20260421-Wa0018,6,8,7,-61.62,-16.09,13.01,1
Vid-20260421-Wa0018,6,9,0,-51.67,-14.06,2.7,1
Vid-20260421-Wa0018,6,9,1,-64.9,-14.52,14.65,1
Vid-20260421-Wa0018,6,9,2,-70.88,-14.34,14.63,1
Vid-20260421-Wa0018,6,9,3,-61.62,-16.09,13.01,1
Vid-20260421-Wa0018,6,9,4,-78.86,-11.88,12.05,1
Vid-20260421-Wa0018,6,9,5,-60.38,-7.53,11.96,1
Vid-20260421-Wa0018,6,9,6,-58.98,-5.48,12.25,1
Vid-20260421-Wa0018,6,9,7,-66.49,-0.35,11.63,1
Vid-20260421-Wa0018,7,0,0,,,,0
Vid-20260421-Wa0018,7,0,1,,,,0
Vid-20260421-Wa0018,7,0,2,,,,0
Vid-20260421-Wa0018,7,0,3,,,,0
Vid-20260421-Wa0018,7,0,4,,,,0
Vid-20260421-Wa0018,7,0,5,,,,0
Vid-20260421-Wa0018,7,0,6,,,,0
Vid-20260421-Wa0018,7,0,7,,,,0
Vid-20260421-Wa0018,7,1,0,,,,0
Vid-20260421-Wa0018,7,1,1,,,,0
Vid-20260421-Wa0018,7,1,2,,,,0
Vid-20260421-Wa0018,7,1,3,,,,0
Vid-20260421-Wa0018,7,1,4,,,,0
Vid-20260421-Wa0018,7,1,5,,,,0
Vid-20260421-Wa0018,7,1,6,,,,0
Vid-20260421-Wa0018,7,1,7,,,,0
Vid-20260421-Wa0018,8,0,0,,,,0
Vid-20260421-Wa0018,8,0,1,,,,0
Vid-20260421-Wa0018,8,0,2,,,,0
Vid-20260421-Wa0018,8,0,3,,,,0
Vid-20260421-Wa0018,8,0,4,,,,0
Vid-20260421-Wa0018,8,0,5,,,,0
Vid-20260421-Wa0018,8,0,6,,,,0
Vid-20260421-Wa0018,8,0,7,,,,0
Vid-20260421-Wa0018,9,0,0,,,,0
Vid-20260421-Wa0018,9,0,1,,,,0
Vid-20260421-Wa0018,9,0,2,,,,0
Vid-20260421-Wa0018,9,0,3,,,,0
Vid-20260421-Wa0018,9,0,4,,,,0
Vid-20260421-Wa0018,9,0,5,,,,0
Vid-20260421-Wa0018,9,0,6,,,,0
Vid-20260421-Wa0018,9,0,7,,,,0
Vid-20260421-Wa0018,9,1,0,,,,0
Vid-20260421-Wa0018,9,1,1,,,,0
Vid-20260421-Wa0018,9,1,2,,,,0
Vid-20260421-Wa0018,9,1,3,,,,0
Vid-20260421-Wa0018,9,1,4,,,,0
Vid-20260421-Wa0018,9,1,5,,,,0
Vid-20260421-Wa0018,9,1,6,,,,0
Vid-20260421-Wa0018,9,1,7,,,,0
Vid-20260421-Wa0018,9,2,0,,,,0
Vid-20260421-Wa0018,9,2,1,,,,0
Vid-20260421-Wa0018,9,2,2,,,,0
Vid-20260421-Wa0018,9,2,3,,,,0
Vid-20260421-Wa0018,9,2,4,,,,0
Vid-20260421-Wa0018,9,2,5,,,,0
Vid-20260421-Wa0018,9,2,6,,,,0
Vid-20260421-Wa0018,9,2,7,,,,0
Vid-20260421-Wa0018,9,3,0,,,,0
Vid-20260421-Wa0018,9,3,1,,,,0
Vid-20260421-Wa0018,9,3,2,,,,0
Vid-20260421-Wa0018,9,3,3,,,,0
Vid-20260421-Wa0018,9,3,4,,,,0
Vid-20260421-Wa0018,9,3,5,,,,0
Vid-20260421-Wa0018,9,3,6,,,,0
Vid-20260421-Wa0018,9,3,7,,,,0
Vid-20260421-Wa0019,1,0,0,,,,0
Vid-20260421-Wa0019,1,0,1,,,,0
Vid-20260421-Wa0019,1,0,2,,,,0
Vid-20260421-Wa0019,1,0,3,,,,0
Vid-20260421-Wa0019,1,0,4,,,,0
Vid-20260421-Wa0019,1,0,5,,,,0
Vid-20260421-Wa0019,1,0,6,,,,0
Vid-20260421-Wa0019,1,0,7,,,,0
Vid-20260421-Wa0019,1,1,0,,,,0
Vid-20260421-Wa0019,1,1,1,,,,0
Vid-20260421-Wa0019,1,1,2,,,,0
Vid-20260421-Wa0019,1,1,3,,,,0
Vid-20260421-Wa0019,1,1,4,,,,0
Vid-20260421-Wa0019,1,1,5,,,,0
Vid-20260421-Wa0019,1,1,6,,,,0
Vid-20260421-Wa0019,1,1,7,,,,0
Vid-20260421-Wa0019,1,2,0,,,,0
Vid-20260421-Wa0019,1,2,1,,,,0
Vid-20260421-Wa0019,1,2,2,,,,0
Vid-20260421-Wa0019,1,2,3,,,,0
Vid-20260421-Wa0019,1,2,4,-20.33,-5.64,4.38,1
Vid-20260421-Wa0019,1,2,5,,,,0
Vid-20260421-Wa0019,1,2,6,,,,0
Vid-20260421-Wa0019,1,2,7,,,,0
Vid-20260421-Wa0019,1,3,0,-20.33,-5.64,4.38,1
Vid-20260421-Wa0019,1,3,1,,,,0
Vid-20260421-Wa0019,1,3,2,,,,0
Vid-20260421-Wa0019,1,3,3,,,,0
Vid-20260421-Wa0019,1,3,4,,,,0
Vid-20260421-Wa0019,1,3,5,,,,0
Vid-20260421-Wa0019,1,3,6,,,,0
Vid-20260421-Wa0019,1,3,7,,,,0
Vid-20260421-Wa0019,1,4,0,,,,0
Vid-20260421-Wa0019,1,4,1,,,,0
Vid-20260421-Wa0019,1,4,2,,,,0
Vid-20260421-Wa0019,1,4,3,,,,0
Vid-20260421-Wa0019,1,4,4,,,,0
Vid-20260421-Wa0019,1,4,5,,,,0
Vid-20260421-Wa0019,1,4,6,,,,0
Vid-20260421-Wa0019,1,4,7,,,,0
Vid-20260421-Wa0019,1,5,0,,,,0
Vid-20260421-Wa0019,1,5,1,,,,0
Vid-20260421-Wa0019,1,5,2,,,,0
Vid-20260421-Wa0019,1,5,3,,,,0
Vid-20260421-Wa0019,1,5,4,,,,0
Vid-20260421-Wa0019,1,5,5,,,,0
Vid-20260421-Wa0019,1,5,6,,,,0
Vid-20260421-Wa0019,1,5,7,,,,0
Vid-20260421-Wa0019,1,6,0,,,,0
Vid-20260421-Wa0019,1,6,1,,,,0
Vid-20260421-Wa0019,1,6,2,,,,0
Vid-20260421-Wa0019,1,6,3,,,,0
Vid-20260421-Wa0019,1,6,4,,,,0
Vid-20260421-Wa0019,1,6,5,,,,0
Vid-20260421-Wa0019,1,6,6,,,,0
Vid-20260421-Wa0019,1,6,7,,,,0
Vid-20260421-Wa0019,1,7,0,,,,0
Vid-20260421-Wa0019,1,7,1,,,,0
Vid-20260421-Wa0019,1,7,2,,,,0
Vid-20260421-Wa0019,1,7,3,,,,0
Vid-20260421-Wa0019,1,7,4,,,,0
Vid-20260421-Wa0019,1,7,5,,,,0
Vid-20260421-Wa0019,1,7,6,,,,0
Vid-20260421-Wa0019,1,7,7,,,,0
Vid-20260421-Wa0019,1,8,0,,,,0
Vid-20260421-Wa0019,1,8,1,,,,0
Vid-20260421-Wa0019,1,8,2,,,,0
Vid-20260421-Wa0019,1,8,3,,,,0
Vid-20260421-Wa0019,1,8,4,,,,0
Vid-20260421-Wa0019,1,8,5,,,,0
Vid-20260421-Wa0019,1,8,6,,,,0
Vid-20260421-Wa0019,1,8,7,,,,0
Vid-20260421-Wa0019,1,9,0,,,,0
Vid-20260421-Wa0019,1,9,1,,,,0
Vid-20260421-Wa0019,1,9,2,,,,0
Vid-20260421-Wa0019,1,9,3,,,,0
Vid-20260421-Wa0019,1,9,4,,,,0
Vid-20260421-Wa0019,1,9,5,,,,0
Vid-20260421-Wa0019,1,9,6,,,,0
Vid-20260421-Wa0019,1,9,7,,,,0
Vid-20260421-Wa0019,1,10,0,,,,0
Vid-20260421-Wa0019,1,10,1,,,,0
Vid-20260421-Wa0019,1,10,2,,,,0
Vid-20260421-Wa0019,1,10,3,,,,0
Vid-20260421-Wa0019,1,10,4,,,,0
Vid-20260421-Wa0019,1,10,5,,,,0
Vid-20260421-Wa0019,1,10,6,,,,0
Vid-20260421-Wa0019,1,10,7,,,,0
Vid-20260421-Wa0019,1,11,0,,,,0
Vid-20260421-Wa0019,1,11,1,,,,0
Vid-20260421-Wa0019,1,11,2,,,,0
Vid-20260421-Wa0019,1,11,3,,,,0
Vid-20260421-Wa0019,1,11,4,,,,0
Vid-20260421-Wa0019,1,11,5,,,,0
Vid-20260421-Wa0019,1,11,6,,,,0
Vid-20260421-Wa0019,1,11,7,,,,0
Vid-20260421-Wa0019,1,12,0,,,,0
Vid-20260421-Wa0019,1,12,1,,,,0
Vid-20260421-Wa0019,1,12,2,,,,0
Vid-20260421-Wa0019,1,12,3,,,,0
Vid-20260421-Wa0019,1,12,4,,,,0
Vid-20260421-Wa0019,1,12,5,,,,0
Vid-20260421-Wa0019,1,12,6,,,,0
Vid-20260421-Wa0019,1,12,7,,,,0
Vid-20260421-Wa0019,1,13,0,,,,0
Vid-20260421-Wa0019,1,13,1,,,,0
Vid-20260421-Wa0019,1,13,2,,,,0
Vid-20260421-Wa0019,1,13,3,,,,0
Vid-20260421-Wa0019,1,13,4,,,,0
Vid-20260421-Wa0019,1,13,5,,,,0
Vid-20260421-Wa0019,1,13,6,,,,0
Vid-20260421-Wa0019,1,13,7,,,,0
Vid-20260421-Wa0019,2,0,0,-57.76,2.28,2.74,1
Vid-20260421-Wa0019,2,0,1,-56.43,3.16,0.35,1
Vid-20260421-Wa0019,2,0,2,-59.93,-4.72,0.03,1
Vid-20260421-Wa0019,2,0,3,-57.82,2.42,-1.4,1
Vid-20260421-Wa0019,2,0,4,-57.31,-3.14,2.8,1
Vid-20260421-Wa0019,2,0,5,-59.96,-5.08,7.51,1
Vid-20260421-Wa0019,2,0,6,,,,0
Vid-20260421-Wa0019,2,0,7,,,,0
Vid-20260421-Wa0019,2,1,0,-57.31,-3.14,2.8,1
Vid-20260421-Wa0019,2,1,1,-59.96,-5.08,7.51,1
Vid-20260421-Wa0019,2,1,2,,,,0
Vid-20260421-Wa0019,2,1,3,,,,0
Vid-20260421-Wa0019,2,1,4,,,,0
Vid-20260421-Wa0019,2,1,5,-39.63,-9.11,-2.66,1
Vid-20260421-Wa0019,2,1,6,,,,0
Vid-20260421-Wa0019,2,1,7,,,,0
Vid-20260421-Wa0019,2,2,0,,,,0
Vid-20260421-Wa0019,2,2,1,-39.63,-9.11,-2.66,1
Vid-20260421-Wa0019,2,2,2,,,,0
Vid-20260421-Wa0019,2,2,3,,,,0
Vid-20260421-Wa0019,2,2,4,,,,0
Vid-20260421-Wa0019,2,2,5,-43.2,-8.85,3.84,1
Vid-20260421-Wa0019,2,2,6,,,,0
Vid-20260421-Wa0019,2,2,7,,,,0
Vid-20260421-Wa0019,2,3,0,,,,0
Vid-20260421-Wa0019,2,3,1,-43.2,-8.85,3.84,1
Vid-20260421-Wa0019,2,3,2,,,,0
Vid-20260421-Wa0019,2,3,3,,,,0
Vid-20260421-Wa0019,2,3,4,,,,0
Vid-20260421-Wa0019,2,3,5,-42.08,1.27,3.91,1
Vid-20260421-Wa0019,2,3,6,,,,0
Vid-20260421-Wa0019,2,3,7,,,,0
Vid-20260421-Wa0019,2,4,0,,,,0
Vid-20260421-Wa0019,2,4,1,-42.08,1.27,3.91,1
Vid-20260421-Wa0019,2,4,2,,,,0
Vid-20260421-Wa0019,2,4,3,,,,0
Vid-20260421-Wa0019,2,4,4,,,,0
Vid-20260421-Wa0019,2,4,5,,,,0
Vid-20260421-Wa0019,2,4,6,,,,0
Vid-20260421-Wa0019,2,4,7,,,,0
Vid-20260421-Wa0019,2,5,0,,,,0
Vid-20260421-Wa0019,2,5,1,,,,0
Vid-20260421-Wa0019,2,5,2,,,,0
Vid-20260421-Wa0019,2,5,3,,,,0
Vid-20260421-Wa0019,2,5,4,,,,0
Vid-20260421-Wa0019,2,5,5,,,,0
Vid-20260421-Wa0019,2,5,6,,,,0
Vid-20260421-Wa0019,2,5,7,,,,0
Vid-20260421-Wa0019,2,6,0,,,,0
Vid-20260421-Wa0019,2,6,1,,,,0
Vid-20260421-Wa0019,2,6,2,,,,0
Vid-20260421-Wa0019,2,6,3,,,,0
Vid-20260421-Wa0019,2,6,4,,,,0
Vid-20260421-Wa0019,2,6,5,,,,0
Vid-20260421-Wa0019,2,6,6,,,,0
Vid-20260421-Wa0019,2,6,7,,,,0
Vid-20260421-Wa0019,2,7,0,,,,0
Vid-20260421-Wa0019,2,7,1,,,,0
Vid-20260421-Wa0019,2,7,2,,,,0
Vid-20260421-Wa0019,2,7,3,,,,0
Vid-20260421-Wa0019,2,7,4,,,,0
Vid-20260421-Wa0019,2,7,5,,,,0
Vid-20260421-Wa0019,2,7,6,,,,0
Vid-20260421-Wa0019,2,7,7,,,,0
Vid-20260421-Wa0019,2,8,0,,,,0
Vid-20260421-Wa0019,2,8,1,,,,0
Vid-20260421-Wa0019,2,8,2,,,,0
Vid-20260421-Wa0019,2,8,3,,,,0
Vid-20260421-Wa0019,2,8,4,,,,0
Vid-20260421-Wa0019,2,8,5,,,,0
Vid-20260421-Wa0019,2,8,6,,,,0
Vid-20260421-Wa0019,2,8,7,,,,0
Vid-20260421-Wa0019,2,9,0,,,,0
Vid-20260421-Wa0019,2,9,1,,,,0
Vid-20260421-Wa0019,2,9,2,,,,0
Vid-20260421-Wa0019,2,9,3,,,,0
Vid-20260421-Wa0019,2,9,4,,,,0
Vid-20260421-Wa0019,2,9,5,-67.81,-16.24,21.64,1
Vid-20260421-Wa0019,2,9,6,-62.38,-27.31,25.22,1
Vid-20260421-Wa0019,2,9,7,-58.66,-22.01,15.39,1
Vid-20260421-Wa0019,2,10,0,,,,0
Vid-20260421-Wa0019,2,10,1,-67.81,-16.24,21.64,1
Vid-20260421-Wa0019,2,10,2,-62.38,-27.31,25.22,1
Vid-20260421-Wa0019,2,10,3,-58.66,-22.01,15.39,1
Vid-20260421-Wa0019,2,10,4,-58.35,-25.97,15.4,1
Vid-20260421-Wa0019,2,10,5,-58.04,-23.79,18.5,1
Vid-20260421-Wa0019,2,10,6,-71.75,2.71,11.43,1
Vid-20260421-Wa0019,2,10,7,,,,0
Vid-20260421-Wa0019,2,11,0,-58.35,-25.97,15.4,1
Vid-20260421-Wa0019,2,11,1,-58.04,-23.79,18.5,1
Vid-20260421-Wa0019,2,11,2,-71.75,2.71,11.43,1
Vid-20260421-Wa0019,2,11,3,,,,0
Vid-20260421-Wa0019,2,11,4,,,,0
Vid-20260421-Wa0019,2,11,5,,,,0
Vid-20260421-Wa0019,2,11,6,,,,0
Vid-20260421-Wa0019,2,11,7,,,,0
Vid-20260421-Wa0019,2,12,0,,,,0
Vid-20260421-Wa0019,2,12,1,,,,0
Vid-20260421-Wa0019,2,12,2,,,,0
Vid-20260421-Wa0019,2,12,3,,,,0
Vid-20260421-Wa0019,2,12,4,,,,0
Vid-20260421-Wa0019,2,12,5,,,,0
Vid-20260421-Wa0019,2,12,6,,,,0
Vid-20260421-Wa0019,2,12,7,,,,0
Vid-20260421-Wa0019,2,13,0,,,,0
Vid-20260421-Wa0019,2,13,1,,,,0
Vid-20260421-Wa0019,2,13,2,,,,0
Vid-20260421-Wa0019,2,13,3,,,,0
Vid-20260421-Wa0019,2,13,4,,,,0
Vid-20260421-Wa0019,2,13,5,,,,0
Vid-20260421-Wa0019,2,13,6,,,,0
Vid-20260421-Wa0019,2,13,7,,,,0
Vid-20260421-Wa0019,3,0,0,21.87,-19.09,-14.94,1
Vid-20260421-Wa0019,3,0,1,23.5,-18.76,-14.09,1
Vid-20260421-Wa0019,3,0,2,25.46,-20.28,-13.96,1
Vid-20260421-Wa0019,3,0,3,27.22,-20.67,-11.87,1
Vid-20260421-Wa0019,3,0,4,20.58,-25.15,-14.27,1
Vid-20260421-Wa0019,3,0,5,20.73,-25.42,-13.07,1
Vid-20260421-Wa0019,3,0,6,21.91,-18.93,-10.0,1
Vid-20260421-Wa0019,3,0,7,24.19,-17.8,-8.25,1
Vid-20260421-Wa0019,3,1,0,20.58,-25.15,-14.27,1
Vid-20260421-Wa0019,3,1,1,20.73,-25.42,-13.07,1
Vid-20260421-Wa0019,3,1,2,21.91,-18.93,-10.0,1
Vid-20260421-Wa0019,3,1,3,24.19,-17.8,-8.25,1
Vid-20260421-Wa0019,3,1,4,23.99,-17.09,-9.12,1
Vid-20260421-Wa0019,3,1,5,26.23,-17.61,-10.37,1
Vid-20260421-Wa0019,3,1,6,26.29,-18.63,-10.18,1
Vid-20260421-Wa0019,3,1,7,29.15,-19.9,-11.04,1
Vid-20260421-Wa0019,3,2,0,23.99,-17.09,-9.12,1
Vid-20260421-Wa0019,3,2,1,26.23,-17.61,-10.37,1
Vid-20260421-Wa0019,3,2,2,26.29,-18.63,-10.18,1
Vid-20260421-Wa0019,3,2,3,29.15,-19.9,-11.04,1
Vid-20260421-Wa0019,3,2,4,29.56,-18.95,-9.14,1
Vid-20260421-Wa0019,3,2,5,29.93,-18.61,-8.63,1
Vid-20260421-Wa0019,3,2,6,23.16,-19.26,-8.3,1
Vid-20260421-Wa0019,3,2,7,26.94,-16.49,-8.6,1
Vid-20260421-Wa0019,3,3,0,29.56,-18.95,-9.14,1
Vid-20260421-Wa0019,3,3,1,29.93,-18.61,-8.63,1
Vid-20260421-Wa0019,3,3,2,23.16,-19.26,-8.3,1
Vid-20260421-Wa0019,3,3,3,26.94,-16.49,-8.6,1
Vid-20260421-Wa0019,3,3,4,26.51,-17.43,-8.61,1
Vid-20260421-Wa0019,3,3,5,30.22,-18.73,-8.24,1
Vid-20260421-Wa0019,3,3,6,32.3,-18.65,-7.42,1
Vid-20260421-Wa0019,3,3,7,36.02,-18.94,-6.01,1
Vid-20260421-Wa0019,3,4,0,26.51,-17.43,-8.61,1
Vid-20260421-Wa0019,3,4,1,30.22,-18.73,-8.24,1
Vid-20260421-Wa0019,3,4,2,32.3,-18.65,-7.42,1
Vid-20260421-Wa0019,3,4,3,36.02,-18.94,-6.01,1
Vid-20260421-Wa0019,3,4,4,34.56,-19.33,-7.67,1
Vid-20260421-Wa0019,3,4,5,37.14,-17.24,-6.03,1
Vid-20260421-Wa0019,3,4,6,38.48,-16.08,-4.88,1
Vid-20260421-Wa0019,3,4,7,42.01,-20.71,-5.52,1
Vid-20260421-Wa0019,3,5,0,34.56,-19.33,-7.67,1
Vid-20260421-Wa0019,3,5,1,37.14,-17.24,-6.03,1
Vid-20260421-Wa0019,3,5,2,38.48,-16.08,-4.88,1
Vid-20260421-Wa0019,3,5,3,42.01,-20.71,-5.52,1
Vid-20260421-Wa0019,3,5,4,40.28,-21.65,-3.48,1
Vid-20260421-Wa0019,3,5,5,33.31,-19.37,1.72,1
Vid-20260421-Wa0019,3,5,6,32.36,-12.98,9.53,1
Vid-20260421-Wa0019,3,5,7,31.08,-15.48,10.02,1
Vid-20260421-Wa0019,3,6,0,40.28,-21.65,-3.48,1
Vid-20260421-Wa0019,3,6,1,33.31,-19.37,1.72,1
Vid-20260421-Wa0019,3,6,2,32.36,-12.98,9.53,1
Vid-20260421-Wa0019,3,6,3,31.08,-15.48,10.02,1
Vid-20260421-Wa0019,3,6,4,30.07,-16.14,7.15,1
Vid-20260421-Wa0019,3,6,5,32.76,-17.63,6.13,1
Vid-20260421-Wa0019,3,6,6,35.72,-12.44,9.19,1
Vid-20260421-Wa0019,3,6,7,34.34,-15.23,6.24,1
Vid-20260421-Wa0019,3,7,0,30.07,-16.14,7.15,1
Vid-20260421-Wa0019,3,7,1,32.76,-17.63,6.13,1
Vid-20260421-Wa0019,3,7,2,35.72,-12.44,9.19,1
Vid-20260421-Wa0019,3,7,3,34.34,-15.23,6.24,1
Vid-20260421-Wa0019,3,7,4,36.74,-18.15,4.08,1
Vid-20260421-Wa0019,3,7,5,34.28,-19.72,2.18,1
Vid-20260421-Wa0019,3,7,6,38.72,-16.03,1.28,1
Vid-20260421-Wa0019,3,7,7,47.89,-23.46,-4.78,1
Vid-20260421-Wa0019,3,8,0,36.74,-18.15,4.08,1
Vid-20260421-Wa0019,3,8,1,34.28,-19.72,2.18,1
Vid-20260421-Wa0019,3,8,2,38.72,-16.03,1.28,1
Vid-20260421-Wa0019,3,8,3,47.89,-23.46,-4.78,1
Vid-20260421-Wa0019,3,8,4,47.19,-19.26,-1.12,1
Vid-20260421-Wa0019,3,8,5,44.89,-17.19,-1.82,1
Vid-20260421-Wa0019,3,8,6,39.39,-20.02,-5.15,1
Vid-20260421-Wa0019,3,8,7,29.01,-15.84,-3.36,1
Vid-20260421-Wa0019,3,9,0,47.19,-19.26,-1.12,1
Vid-20260421-Wa0019,3,9,1,44.89,-17.19,-1.82,1
Vid-20260421-Wa0019,3,9,2,39.39,-20.02,-5.15,1
Vid-20260421-Wa0019,3,9,3,29.01,-15.84,-3.36,1
Vid-20260421-Wa0019,3,9,4,26.03,-16.94,-2.59,1
Vid-20260421-Wa0019,3,9,5,31.66,-17.16,-0.9,1
Vid-20260421-Wa0019,3,9,6,31.95,-15.55,-0.54,1
Vid-20260421-Wa0019,3,9,7,30.71,-12.59,0.41,1
Vid-20260421-Wa0019,3,10,0,26.03,-16.94,-2.59,1
Vid-20260421-Wa0019,3,10,1,31.66,-17.16,-0.9,1
Vid-20260421-Wa0019,3,10,2,31.95,-15.55,-0.54,1
Vid-20260421-Wa0019,3,10,3,30.71,-12.59,0.41,1
Vid-20260421-Wa0019,3,10,4,32.07,-11.23,4.38,1
Vid-20260421-Wa0019,3,10,5,40.66,-13.19,5.03,1
Vid-20260421-Wa0019,3,10,6,35.25,-13.09,3.17,1
Vid-20260421-Wa0019,3,10,7,28.98,-8.57,5.59,1
Vid-20260421-Wa0019,3,11,0,32.07,-11.23,4.38,1
Vid-20260421-Wa0019,3,11,1,40.66,-13.19,5.03,1
Vid-20260421-Wa0019,3,11,2,35.25,-13.09,3.17,1
Vid-20260421-Wa0019,3,11,3,28.98,-8.57,5.59,1
Vid-20260421-Wa0019,3,11,4,24.57,-6.51,12.44,1
Vid-20260421-Wa0019,3,11,5,36.96,-4.5,22.06,1
Vid-20260421-Wa0019,3,11,6,37.03,-2.86,27.15,1
Vid-20260421-Wa0019,3,11,7,40.35,-3.53,23.54,1
Vid-20260421-Wa0019,3,12,0,24.57,-6.51,12.44,1
Vid-20260421-Wa0019,3,12,1,36.96,-4.5,22.06,1
Vid-20260421-Wa0019,3,12,2,37.03,-2.86,27.15,1
Vid-20260421-Wa0019,3,12,3,40.35,-3.53,23.54,1
Vid-20260421-Wa0019,3,12,4,54.93,-11.05,7.43,1
Vid-20260421-Wa0019,3,12,5,51.79,-20.97,-14.38,1
Vid-20260421-Wa0019,3,12,6,20.97,-22.77,-13.85,1
Vid-20260421-Wa0019,3,12,7,16.54,-24.39,-10.32,1
Vid-20260421-Wa0019,3,13,0,54.93,-11.05,7.43,1
Vid-20260421-Wa0019,3,13,1,51.79,-20.97,-14.38,1
Vid-20260421-Wa0019,3,13,2,20.97,-22.77,-13.85,1
Vid-20260421-Wa0019,3,13,3,16.54,-24.39,-10.32,1
Vid-20260421-Wa0019,3,13,4,27.26,-24.39,-2.04,1
Vid-20260421-Wa0019,3,13,5,33.64,-18.77,0.66,1
Vid-20260421-Wa0019,3,13,6,45.42,-16.7,1.46,1
Vid-20260421-Wa0019,3,13,7,47.82,-16.77,1.08,1
Vid-20260421-Wa0019,4,0,0,,,,0
Vid-20260421-Wa0019,4,0,1,-52.55,22.66,-5.01,1
Vid-20260421-Wa0019,4,0,2,-64.92,15.87,-5.57,1
Vid-20260421-Wa0019,4,0,3,,,,0
Vid-20260421-Wa0019,4,0,4,-57.67,15.65,-1.4,1
Vid-20260421-Wa0019,4,0,5,-56.71,12.26,-0.64,1
Vid-20260421-Wa0019,4,0,6,13.06,4.37,-12.7,1
Vid-20260421-Wa0019,4,0,7,7.94,2.99,-17.68,1
Vid-20260421-Wa0019,4,1,0,-57.67,15.65,-1.4,1
Vid-20260421-Wa0019,4,1,1,-56.71,12.26,-0.64,1
Vid-20260421-Wa0019,4,1,2,13.06,4.37,-12.7,1
Vid-20260421-Wa0019,4,1,3,7.94,2.99,-17.68,1
Vid-20260421-Wa0019,4,1,4,,,,0
Vid-20260421-Wa0019,4,1,5,,,,0
Vid-20260421-Wa0019,4,1,6,,,,0
Vid-20260421-Wa0019,4,1,7,,,,0
Vid-20260421-Wa0019,4,2,0,,,,0
Vid-20260421-Wa0019,4,2,1,,,,0
Vid-20260421-Wa0019,4,2,2,,,,0
Vid-20260421-Wa0019,4,2,3,,,,0
Vid-20260421-Wa0019,4,2,4,,,,0
Vid-20260421-Wa0019,4,2,5,,,,0
Vid-20260421-Wa0019,4,2,6,-47.72,-9.56,11.15,1
Vid-20260421-Wa0019,4,2,7,,,,0
Vid-20260421-Wa0019,4,3,0,,,,0
Vid-20260421-Wa0019,4,3,1,,,,0
Vid-20260421-Wa0019,4,3,2,-47.72,-9.56,11.15,1
Vid-20260421-Wa0019,4,3,3,,,,0
Vid-20260421-Wa0019,4,3,4,,,,0
Vid-20260421-Wa0019,4,3,5,,,,0
Vid-20260421-Wa0019,4,3,6,,,,0
Vid-20260421-Wa0019,4,3,7,,,,0
Vid-20260421-Wa0019,4,4,0,,,,0
Vid-20260421-Wa0019,4,4,1,,,,0
Vid-20260421-Wa0019,4,4,2,,,,0
Vid-20260421-Wa0019,4,4,3,,,,0
Vid-20260421-Wa0019,4,4,4,-1.18,8.77,-12.37,1
Vid-20260421-Wa0019,4,4,5,-5.21,12.01,-10.15,1
Vid-20260421-Wa0019,4,4,6,,,,0
Vid-20260421-Wa0019,4,4,7,,,,0
Vid-20260421-Wa0019,4,5,0,-1.18,8.77,-12.37,1
Vid-20260421-Wa0019,4,5,1,-5.21,12.01,-10.15,1
Vid-20260421-Wa0019,4,5,2,,,,0
Vid-20260421-Wa0019,4,5,3,,,,0
Vid-20260421-Wa0019,4,5,4,,,,0
Vid-20260421-Wa0019,4,5,5,,,,0
Vid-20260421-Wa0019,4,5,6,,,,0
Vid-20260421-Wa0019,4,5,7,,,,0
Vid-20260421-Wa0019,4,6,0,,,,0
Vid-20260421-Wa0019,4,6,1,,,,0
Vid-20260421-Wa0019,4,6,2,,,,0
Vid-20260421-Wa0019,4,6,3,,,,0
Vid-20260421-Wa0019,4,6,4,,,,0
Vid-20260421-Wa0019,4,6,5,,,,0
Vid-20260421-Wa0019,4,6,6,,,,0
Vid-20260421-Wa0019,4,6,7,,,,0
Vid-20260421-Wa0019,4,7,0,,,,0
Vid-20260421-Wa0019,4,7,1,,,,0
Vid-20260421-Wa0019,4,7,2,,,,0
Vid-20260421-Wa0019,4,7,3,,,,0
Vid-20260421-Wa0019,4,7,4,,,,0
Vid-20260421-Wa0019,4,7,5,-59.71,0.82,-1.93,1
Vid-20260421-Wa0019,4,7,6,-70.74,2.09,3.77,1
Vid-20260421-Wa0019,4,7,7,-72.37,0.59,3.77,1
Vid-20260421-Wa0019,4,8,0,,,,0
Vid-20260421-Wa0019,4,8,1,-59.71,0.82,-1.93,1
Vid-20260421-Wa0019,4,8,2,-70.74,2.09,3.77,1
Vid-20260421-Wa0019,4,8,3,-72.37,0.59,3.77,1
Vid-20260421-Wa0019,4,8,4,-68.8,-2.99,12.57,1
Vid-20260421-Wa0019,4,8,5,-57.74,-4.96,8.51,1
Vid-20260421-Wa0019,4,8,6,-61.46,-0.92,-6.77,1
Vid-20260421-Wa0019,4,8,7,-65.69,-5.34,13.13,1
Vid-20260421-Wa0019,4,9,0,-68.8,-2.99,12.57,1
Vid-20260421-Wa0019,4,9,1,-57.74,-4.96,8.51,1
Vid-20260421-Wa0019,4,9,2,-61.46,-0.92,-6.77,1
Vid-20260421-Wa0019,4,9,3,-65.69,-5.34,13.13,1
Vid-20260421-Wa0019,4,9,4,-59.34,-8.23,5.45,1
Vid-20260421-Wa0019,4,9,5,-60.47,13.8,-7.09,1
Vid-20260421-Wa0019,4,9,6,-70.01,-19.46,19.27,1
Vid-20260421-Wa0019,4,9,7,-68.44,-17.43,12.79,1
Vid-20260421-Wa0019,4,10,0,-59.34,-8.23,5.45,1
Vid-20260421-Wa0019,4,10,1,-60.47,13.8,-7.09,1
Vid-20260421-Wa0019,4,10,2,-70.01,-19.46,19.27,1
Vid-20260421-Wa0019,4,10,3,-68.44,-17.43,12.79,1
Vid-20260421-Wa0019,4,10,4,-63.59,-11.76,8.12,1
Vid-20260421-Wa0019,4,10,5,-71.34,-9.77,4.56,1
Vid-20260421-Wa0019,4,10,6,-42.84,11.97,-15.09,1
Vid-20260421-Wa0019,4,10,7,-66.83,-0.41,14.27,1
Vid-20260421-Wa0019,4,11,0,-63.59,-11.76,8.12,1
Vid-20260421-Wa0019,4,11,1,-71.34,-9.77,4.56,1
Vid-20260421-Wa0019,4,11,2,-42.84,11.97,-15.09,1
Vid-20260421-Wa0019,4,11,3,-66.83,-0.41,14.27,1
Vid-20260421-Wa0019,4,11,4,,,,0
Vid-20260421-Wa0019,4,11,5,-51.77,0.95,5.43,1
Vid-20260421-Wa0019,4,11,6,-38.12,-11.37,20.87,1
Vid-20260421-Wa0019,4,11,7,-35.09,-14.19,23.92,1
Vid-20260421-Wa0019,4,12,0,,,,0
Vid-20260421-Wa0019,4,12,1,-51.77,0.95,5.43,1
Vid-20260421-Wa0019,4,12,2,-38.12,-11.37,20.87,1
Vid-20260421-Wa0019,4,12,3,-35.09,-14.19,23.92,1
Vid-20260421-Wa0019,4,12,4,-43.88,-2.79,16.14,1
Vid-20260421-Wa0019,4,12,5,,,,0
Vid-20260421-Wa0019,4,12,6,,,,0
Vid-20260421-Wa0019,4,12,7,,,,0
Vid-20260421-Wa0019,4,13,0,-43.88,-2.79,16.14,1
Vid-20260421-Wa0019,4,13,1,,,,0
Vid-20260421-Wa0019,4,13,2,,,,0
Vid-20260421-Wa0019,4,13,3,,,,0
Vid-20260421-Wa0019,4,13,4,,,,0
Vid-20260421-Wa0019,4,13,5,,,,0
Vid-20260421-Wa0019,4,13,6,,,,0
Vid-20260421-Wa0019,4,13,7,,,,0
Vid-20260421-Wa0019,5,0,0,,,,0
Vid-20260421-Wa0019,5,0,1,,,,0
Vid-20260421-Wa0019,5,0,2,,,,0
Vid-20260421-Wa0019,5,0,3,,,,0
Vid-20260421-Wa0019,5,0,4,,,,0
Vid-20260421-Wa0019,5,0,5,,,,0
Vid-20260421-Wa0019,5,0,6,,,,0
Vid-20260421-Wa0019,5,0,7,,,,0
Vid-20260421-Wa0019,5,1,0,,,,0
Vid-20260421-Wa0019,5,1,1,,,,0
Vid-20260421-Wa0019,5,1,2,,,,0
Vid-20260421-Wa0019,5,1,3,,,,0
Vid-20260421-Wa0019,5,1,4,,,,0
Vid-20260421-Wa0019,5,1,5,,,,0
Vid-20260421-Wa0019,5,1,6,,,,0
Vid-20260421-Wa0019,5,1,7,,,,0
Vid-20260421-Wa0019,5,2,0,,,,0
Vid-20260421-Wa0019,5,2,1,,,,0
Vid-20260421-Wa0019,5,2,2,,,,0
Vid-20260421-Wa0019,5,2,3,,,,0
Vid-20260421-Wa0019,5,2,4,,,,0
Vid-20260421-Wa0019,5,2,5,,,,0
Vid-20260421-Wa0019,5,2,6,,,,0
Vid-20260421-Wa0019,5,2,7,,,,0
Vid-20260421-Wa0019,5,3,0,,,,0
Vid-20260421-Wa0019,5,3,1,,,,0
Vid-20260421-Wa0019,5,3,2,,,,0
Vid-20260421-Wa0019,5,3,3,,,,0
Vid-20260421-Wa0019,5,3,4,6.57,26.12,14.21,1
Vid-20260421-Wa0019,5,3,5,,,,0
Vid-20260421-Wa0019,5,3,6,,,,0
Vid-20260421-Wa0019,5,3,7,,,,0
Vid-20260421-Wa0019,5,4,0,6.57,26.12,14.21,1
Vid-20260421-Wa0019,5,4,1,,,,0
Vid-20260421-Wa0019,5,4,2,,,,0
Vid-20260421-Wa0019,5,4,3,,,,0
Vid-20260421-Wa0019,5,4,4,,,,0
Vid-20260421-Wa0019,5,4,5,,,,0
Vid-20260421-Wa0019,5,4,6,,,,0
Vid-20260421-Wa0019,5,4,7,,,,0
Vid-20260421-Wa0019,5,5,0,,,,0
Vid-20260421-Wa0019,5,5,1,,,,0
Vid-20260421-Wa0019,5,5,2,,,,0
Vid-20260421-Wa0019,5,5,3,,,,0
Vid-20260421-Wa0019,5,5,4,,,,0
Vid-20260421-Wa0019,5,5,5,,,,0
Vid-20260421-Wa0019,5,5,6,,,,0
Vid-20260421-Wa0019,5,5,7,,,,0
Vid-20260421-Wa0019,5,6,0,,,,0
Vid-20260421-Wa0019,5,6,1,,,,0
Vid-20260421-Wa0019,5,6,2,,,,0
Vid-20260421-Wa0019,5,6,3,,,,0
Vid-20260421-Wa0019,5,6,4,,,,0
Vid-20260421-Wa0019,5,6,5,,,,0
Vid-20260421-Wa0019,5,6,6,,,,0
Vid-20260421-Wa0019,5,6,7,,,,0
Vid-20260421-Wa0019,5,7,0,,,,0
Vid-20260421-Wa0019,5,7,1,,,,0
Vid-20260421-Wa0019,5,7,2,,,,0
Vid-20260421-Wa0019,5,7,3,,,,0
Vid-20260421-Wa0019,5,7,4,,,,0
Vid-20260421-Wa0019,5,7,5,,,,0
Vid-20260421-Wa0019,5,7,6,,,,0
Vid-20260421-Wa0019,5,7,7,,,,0
Vid-20260421-Wa0019,5,8,0,,,,0
Vid-20260421-Wa0019,5,8,1,,,,0
Vid-20260421-Wa0019,5,8,2,,,,0
Vid-20260421-Wa0019,5,8,3,,,,0
Vid-20260421-Wa0019,5,8,4,,,,0
Vid-20260421-Wa0019,5,8,5,,,,0
Vid-20260421-Wa0019,5,8,6,,,,0
Vid-20260421-Wa0019,5,8,7,,,,0
Vid-20260421-Wa0019,5,9,0,,,,0
Vid-20260421-Wa0019,5,9,1,,,,0
Vid-20260421-Wa0019,5,9,2,,,,0
Vid-20260421-Wa0019,5,9,3,,,,0
Vid-20260421-Wa0019,5,9,4,,,,0
Vid-20260421-Wa0019,5,9,5,44.05,25.14,22.96,1
Vid-20260421-Wa0019,5,9,6,,,,0
Vid-20260421-Wa0019,5,9,7,,,,0
Vid-20260421-Wa0019,5,10,0,,,,0
Vid-20260421-Wa0019,5,10,1,44.05,25.14,22.96,1
Vid-20260421-Wa0019,5,10,2,,,,0
Vid-20260421-Wa0019,5,10,3,,,,0
Vid-20260421-Wa0019,5,10,4,,,,0
Vid-20260421-Wa0019,5,10,5,,,,0
Vid-20260421-Wa0019,5,10,6,,,,0
Vid-20260421-Wa0019,5,10,7,,,,0
Vid-20260421-Wa0019,5,11,0,,,,0
Vid-20260421-Wa0019,5,11,1,,,,0
Vid-20260421-Wa0019,5,11,2,,,,0
Vid-20260421-Wa0019,5,11,3,,,,0
Vid-20260421-Wa0019,5,11,4,,,,0
Vid-20260421-Wa0019,5,11,5,52.35,25.03,32.4,1
Vid-20260421-Wa0019,5,11,6,51.88,20.76,26.9,1
Vid-20260421-Wa0019,5,11,7,56.52,20.87,20.41,1
Vid-20260421-Wa0019,5,12,0,,,,0
Vid-20260421-Wa0019,5,12,1,52.35,25.03,32.4,1
Vid-20260421-Wa0019,5,12,2,51.88,20.76,26.9,1
Vid-20260421-Wa0019,5,12,3,56.52,20.87,20.41,1
Vid-20260421-Wa0019,5,12,4,,,,0
Vid-20260421-Wa0019,5,12,5,47.18,23.09,27.95,1
Vid-20260421-Wa0019,5,12,6,54.38,26.74,35.0,1
Vid-20260421-Wa0019,5,12,7,49.36,-10.14,-11.98,1
Vid-20260421-Wa0019,5,13,0,,,,0
Vid-20260421-Wa0019,5,13,1,47.18,23.09,27.95,1
Vid-20260421-Wa0019,5,13,2,54.38,26.74,35.0,1
Vid-20260421-Wa0019,5,13,3,49.36,-10.14,-11.98,1
Vid-20260421-Wa0019,5,13,4,,,,0
Vid-20260421-Wa0019,5,13,5,,,,0
Vid-20260421-Wa0019,5,13,6,,,,0
Vid-20260421-Wa0019,5,13,7,69.45,-31.55,-26.65,1
Vid-20260421-Wa0019,6,0,0,67.84,-40.44,-35.99,1
Vid-20260421-Wa0019,6,0,1,69.69,-35.17,-29.83,1
Vid-20260421-Wa0019,6,0,2,69.42,-41.78,-36.85,1
Vid-20260421-Wa0019,6,0,3,68.05,-40.83,-35.98,1
Vid-20260421-Wa0019,6,0,4,65.4,-35.82,-31.51,1
Vid-20260421-Wa0019,6,0,5,65.24,-34.2,-29.27,1
Vid-20260421-Wa0019,6,0,6,67.42,-37.37,-32.71,1
Vid-20260421-Wa0019,6,0,7,68.03,-39.14,-34.67,1
Vid-20260421-Wa0019,6,1,0,65.4,-35.82,-31.51,1
Vid-20260421-Wa0019,6,1,1,65.24,-34.2,-29.27,1
Vid-20260421-Wa0019,6,1,2,67.42,-37.37,-32.71,1
Vid-20260421-Wa0019,6,1,3,68.03,-39.14,-34.67,1
Vid-20260421-Wa0019,6,1,4,67.77,-39.0,-34.43,1
Vid-20260421-Wa0019,6,1,5,66.96,-37.52,-32.68,1
Vid-20260421-Wa0019,6,1,6,68.09,-38.54,-33.56,1
Vid-20260421-Wa0019,6,1,7,66.14,-38.75,-32.83,1
Vid-20260421-Wa0019,6,2,0,67.77,-39.0,-34.43,1
Vid-20260421-Wa0019,6,2,1,66.96,-37.52,-32.68,1
Vid-20260421-Wa0019,6,2,2,68.09,-38.54,-33.56,1
Vid-20260421-Wa0019,6,2,3,66.14,-38.75,-32.83,1
Vid-20260421-Wa0019,6,2,4,66.82,-42.99,-37.75,1
Vid-20260421-Wa0019,6,2,5,67.51,-34.92,-29.75,1
Vid-20260421-Wa0019,6,2,6,67.95,-42.63,-36.44,1
Vid-20260421-Wa0019,6,2,7,67.16,-39.9,-33.98,1
Vid-20260421-Wa0019,6,3,0,66.82,-42.99,-37.75,1
Vid-20260421-Wa0019,6,3,1,67.51,-34.92,-29.75,1
Vid-20260421-Wa0019,6,3,2,67.95,-42.63,-36.44,1
Vid-20260421-Wa0019,6,3,3,67.16,-39.9,-33.98,1
Vid-20260421-Wa0019,6,3,4,68.37,-41.08,-35.91,1
Vid-20260421-Wa0019,6,3,5,67.12,-42.34,-36.84,1
Vid-20260421-Wa0019,6,3,6,70.27,-45.01,-40.22,1
Vid-20260421-Wa0019,6,3,7,70.39,-42.25,-37.25,1
Vid-20260421-Wa0019,6,4,0,68.37,-41.08,-35.91,1
Vid-20260421-Wa0019,6,4,1,67.12,-42.34,-36.84,1
Vid-20260421-Wa0019,6,4,2,70.27,-45.01,-40.22,1
Vid-20260421-Wa0019,6,4,3,70.39,-42.25,-37.25,1
Vid-20260421-Wa0019,6,4,4,67.93,-34.46,-28.97,1
Vid-20260421-Wa0019,6,4,5,67.56,-40.16,-35.52,1
Vid-20260421-Wa0019,6,4,6,67.42,-41.04,-36.05,1
Vid-20260421-Wa0019,6,4,7,67.66,-39.83,-35.92,1
Vid-20260421-Wa0019,6,5,0,67.93,-34.46,-28.97,1
Vid-20260421-Wa0019,6,5,1,67.56,-40.16,-35.52,1
Vid-20260421-Wa0019,6,5,2,67.42,-41.04,-36.05,1
Vid-20260421-Wa0019,6,5,3,67.66,-39.83,-35.92,1
Vid-20260421-Wa0019,6,5,4,71.74,-40.66,-36.35,1
Vid-20260421-Wa0019,6,5,5,68.85,-37.23,-32.98,1
Vid-20260421-Wa0019,6,5,6,70.03,-35.55,-31.85,1
Vid-20260421-Wa0019,6,5,7,71.57,-39.63,-35.42,1
Vid-20260421-Wa0019,6,6,0,71.74,-40.66,-36.35,1
Vid-20260421-Wa0019,6,6,1,68.85,-37.23,-32.98,1
Vid-20260421-Wa0019,6,6,2,70.03,-35.55,-31.85,1
Vid-20260421-Wa0019,6,6,3,71.57,-39.63,-35.42,1
Vid-20260421-Wa0019,6,6,4,70.5,-39.22,-34.63,1
Vid-20260421-Wa0019,6,6,5,64.77,-39.63,-34.75,1
Vid-20260421-Wa0019,6,6,6,68.7,-41.13,-36.22,1
Vid-20260421-Wa0019,6,6,7,66.18,-38.66,-34.03,1
Vid-20260421-Wa0019,6,7,0,70.5,-39.22,-34.63,1
Vid-20260421-Wa0019,6,7,1,64.77,-39.63,-34.75,1
Vid-20260421-Wa0019,6,7,2,68.7,-41.13,-36.22,1
Vid-20260421-Wa0019,6,7,3,66.18,-38.66,-34.03,1
Vid-20260421-Wa0019,6,7,4,65.14,-37.52,-33.65,1
Vid-20260421-Wa0019,6,7,5,65.66,-38.23,-34.74,1
Vid-20260421-Wa0019,6,7,6,66.49,-41.51,-37.66,1
Vid-20260421-Wa0019,6,7,7,66.01,-39.29,-34.44,1
Vid-20260421-Wa0019,6,8,0,65.14,-37.52,-33.65,1
Vid-20260421-Wa0019,6,8,1,65.66,-38.23,-34.74,1
Vid-20260421-Wa0019,6,8,2,66.49,-41.51,-37.66,1
Vid-20260421-Wa0019,6,8,3,66.01,-39.29,-34.44,1
Vid-20260421-Wa0019,6,8,4,69.13,-41.11,-36.44,1
Vid-20260421-Wa0019,6,8,5,70.33,-39.46,-35.12,1
Vid-20260421-Wa0019,6,8,6,64.52,-46.07,-41.52,1
Vid-20260421-Wa0019,6,8,7,67.68,-47.12,-42.95,1
Vid-20260421-Wa0019,6,9,0,69.13,-41.11,-36.44,1
Vid-20260421-Wa0019,6,9,1,70.33,-39.46,-35.12,1
Vid-20260421-Wa0019,6,9,2,64.52,-46.07,-41.52,1
Vid-20260421-Wa0019,6,9,3,67.68,-47.12,-42.95,1
Vid-20260421-Wa0019,6,9,4,66.67,-43.41,-38.81,1
Vid-20260421-Wa0019,6,9,5,69.19,-46.35,-40.73,1
Vid-20260421-Wa0019,6,9,6,57.89,-54.97,-56.45,1
Vid-20260421-Wa0019,6,9,7,55.85,-49.58,-51.7,1
Vid-20260421-Wa0019,6,10,0,66.67,-43.41,-38.81,1
Vid-20260421-Wa0019,6,10,1,69.19,-46.35,-40.73,1
Vid-20260421-Wa0019,6,10,2,57.89,-54.97,-56.45,1
Vid-20260421-Wa0019,6,10,3,55.85,-49.58,-51.7,1
Vid-20260421-Wa0019,6,10,4,56.82,-40.8,-39.11,1
Vid-20260421-Wa0019,6,10,5,58.74,-33.46,-29.64,1
Vid-20260421-Wa0019,6,10,6,70.8,-26.92,-23.85,1
Vid-20260421-Wa0019,6,10,7,69.87,-33.41,-30.2,1
Vid-20260421-Wa0019,6,11,0,56.82,-40.8,-39.11,1
Vid-20260421-Wa0019,6,11,1,58.74,-33.46,-29.64,1
Vid-20260421-Wa0019,6,11,2,70.8,-26.92,-23.85,1
Vid-20260421-Wa0019,6,11,3,69.87,-33.41,-30.2,1
Vid-20260421-Wa0019,6,11,4,71.35,-36.17,-33.63,1
Vid-20260421-Wa0019,6,11,5,71.54,-43.45,-40.51,1
Vid-20260421-Wa0019,6,11,6,68.05,-42.46,-39.22,1
Vid-20260421-Wa0019,6,11,7,65.54,-39.88,-37.77,1
Vid-20260421-Wa0019,6,12,0,71.35,-36.17,-33.63,1
Vid-20260421-Wa0019,6,12,1,71.54,-43.45,-40.51,1
Vid-20260421-Wa0019,6,12,2,68.05,-42.46,-39.22,1
Vid-20260421-Wa0019,6,12,3,65.54,-39.88,-37.77,1
Vid-20260421-Wa0019,6,12,4,65.0,-40.71,-38.7,1
Vid-20260421-Wa0019,6,12,5,66.13,-44.03,-41.89,1
Vid-20260421-Wa0019,6,12,6,62.31,-40.43,-37.92,1
Vid-20260421-Wa0019,6,12,7,52.96,-30.3,-29.5,1
Vid-20260421-Wa0019,6,13,0,65.0,-40.71,-38.7,1
Vid-20260421-Wa0019,6,13,1,66.13,-44.03,-41.89,1
Vid-20260421-Wa0019,6,13,2,62.31,-40.43,-37.92,1
Vid-20260421-Wa0019,6,13,3,52.96,-30.3,-29.5,1
Vid-20260421-Wa0019,6,13,4,,,,0
Vid-20260421-Wa0019,6,13,5,,,,0
Vid-20260421-Wa0019,6,13,6,50.25,-14.86,-16.0,1
Vid-20260421-Wa0019,6,13,7,48.86,-20.45,-21.12,1
Vid-20260421-Wa0019,7,0,0,-40.89,-6.67,-1.2,1
Vid-20260421-Wa0019,7,0,1,-9.81,-13.47,4.92,1
Vid-20260421-Wa0019,7,0,2,49.25,-21.09,-7.47,1
Vid-20260421-Wa0019,7,0,3,51.15,-26.5,-11.83,1
Vid-20260421-Wa0019,7,0,4,51.15,-27.05,-12.75,1
Vid-20260421-Wa0019,7,0,5,34.31,-29.61,-10.36,1
Vid-20260421-Wa0019,7,0,6,23.21,-25.47,-11.59,1
Vid-20260421-Wa0019,7,0,7,27.6,-21.53,-19.69,1
Vid-20260421-Wa0019,7,1,0,51.15,-27.05,-12.75,1
Vid-20260421-Wa0019,7,1,1,34.31,-29.61,-10.36,1
Vid-20260421-Wa0019,7,1,2,23.21,-25.47,-11.59,1
Vid-20260421-Wa0019,7,1,3,27.6,-21.53,-19.69,1
Vid-20260421-Wa0019,7,1,4,37.62,-22.17,-18.17,1
Vid-20260421-Wa0019,7,1,5,-7.85,-22.91,-8.08,1
Vid-20260421-Wa0019,7,1,6,-13.19,-24.97,-11.13,1
Vid-20260421-Wa0019,7,1,7,13.3,-22.1,-13.59,1
Vid-20260421-Wa0019,7,2,0,37.62,-22.17,-18.17,1
Vid-20260421-Wa0019,7,2,1,-7.85,-22.91,-8.08,1
Vid-20260421-Wa0019,7,2,2,-13.19,-24.97,-11.13,1
Vid-20260421-Wa0019,7,2,3,13.3,-22.1,-13.59,1
Vid-20260421-Wa0019,7,2,4,27.22,-24.81,-19.38,1
Vid-20260421-Wa0019,7,2,5,23.33,-22.9,-17.92,1
Vid-20260421-Wa0019,7,2,6,10.98,-25.84,-13.14,1
Vid-20260421-Wa0019,7,2,7,,,,0
Vid-20260421-Wa0019,7,3,0,27.22,-24.81,-19.38,1
Vid-20260421-Wa0019,7,3,1,23.33,-22.9,-17.92,1
Vid-20260421-Wa0019,7,3,2,10.98,-25.84,-13.14,1
Vid-20260421-Wa0019,7,3,3,,,,0
Vid-20260421-Wa0019,7,3,4,,,,0
Vid-20260421-Wa0019,7,3,5,16.78,-16.71,-14.61,1
Vid-20260421-Wa0019,7,3,6,,,,0
Vid-20260421-Wa0019,7,3,7,37.59,-30.7,-29.47,1
Vid-20260421-Wa0019,7,4,0,,,,0
Vid-20260421-Wa0019,7,4,1,16.78,-16.71,-14.61,1
Vid-20260421-Wa0019,7,4,2,,,,0
Vid-20260421-Wa0019,7,4,3,37.59,-30.7,-29.47,1
Vid-20260421-Wa0019,7,4,4,36.73,-30.7,-26.94,1
Vid-20260421-Wa0019,7,4,5,,,,0
Vid-20260421-Wa0019,7,4,6,37.46,-17.07,-13.43,1
Vid-20260421-Wa0019,7,4,7,37.49,-17.24,-13.2,1
Vid-20260421-Wa0019,7,5,0,36.73,-30.7,-26.94,1
Vid-20260421-Wa0019,7,5,1,,,,0
Vid-20260421-Wa0019,7,5,2,37.46,-17.07,-13.43,1
Vid-20260421-Wa0019,7,5,3,37.49,-17.24,-13.2,1
Vid-20260421-Wa0019,7,5,4,-13.55,-16.76,6.76,1
Vid-20260421-Wa0019,7,5,5,-5.06,-16.82,10.24,1
Vid-20260421-Wa0019,7,5,6,43.01,-17.49,-16.98,1
Vid-20260421-Wa0019,7,5,7,40.55,-18.9,-17.41,1
Vid-20260421-Wa0019,7,6,0,-13.55,-16.76,6.76,1
Vid-20260421-Wa0019,7,6,1,-5.06,-16.82,10.24,1
Vid-20260421-Wa0019,7,6,2,43.01,-17.49,-16.98,1
Vid-20260421-Wa0019,7,6,3,40.55,-18.9,-17.41,1
Vid-20260421-Wa0019,7,6,4,49.26,-28.92,-27.19,1
Vid-20260421-Wa0019,7,6,5,22.01,-18.79,-14.73,1
Vid-20260421-Wa0019,7,6,6,7.08,-19.57,-8.06,1
Vid-20260421-Wa0019,7,6,7,25.14,-23.06,-20.47,1
Vid-20260421-Wa0019,7,7,0,49.26,-28.92,-27.19,1
Vid-20260421-Wa0019,7,7,1,22.01,-18.79,-14.73,1
Vid-20260421-Wa0019,7,7,2,7.08,-19.57,-8.06,1
Vid-20260421-Wa0019,7,7,3,25.14,-23.06,-20.47,1
Vid-20260421-Wa0019,7,7,4,27.47,-24.27,-19.77,1
Vid-20260421-Wa0019,7,7,5,23.26,-23.69,-17.8,1
Vid-20260421-Wa0019,7,7,6,32.94,-24.45,-20.71,1
Vid-20260421-Wa0019,7,7,7,38.84,-27.25,-21.68,1
Vid-20260421-Wa0019,7,8,0,27.47,-24.27,-19.77,1
Vid-20260421-Wa0019,7,8,1,23.26,-23.69,-17.8,1
Vid-20260421-Wa0019,7,8,2,32.94,-24.45,-20.71,1
Vid-20260421-Wa0019,7,8,3,38.84,-27.25,-21.68,1
Vid-20260421-Wa0019,7,8,4,-9.17,-19.32,5.11,1
Vid-20260421-Wa0019,7,8,5,47.58,-21.41,-11.4,1
Vid-20260421-Wa0019,7,8,6,54.96,-26.55,-21.96,1
Vid-20260421-Wa0019,7,8,7,27.98,-25.71,-17.09,1
Vid-20260421-Wa0019,7,9,0,-9.17,-19.32,5.11,1
Vid-20260421-Wa0019,7,9,1,47.58,-21.41,-11.4,1
Vid-20260421-Wa0019,7,9,2,54.96,-26.55,-21.96,1
Vid-20260421-Wa0019,7,9,3,27.98,-25.71,-17.09,1
Vid-20260421-Wa0019,7,9,4,35.2,-33.56,-27.33,1
Vid-20260421-Wa0019,7,9,5,33.93,-29.13,-23.81,1
Vid-20260421-Wa0019,7,9,6,23.74,-24.94,-19.2,1
Vid-20260421-Wa0019,7,9,7,4.36,-15.62,-4.1,1
Vid-20260421-Wa0019,7,10,0,35.2,-33.56,-27.33,1
Vid-20260421-Wa0019,7,10,1,33.93,-29.13,-23.81,1
Vid-20260421-Wa0019,7,10,2,23.74,-24.94,-19.2,1
Vid-20260421-Wa0019,7,10,3,4.36,-15.62,-4.1,1
Vid-20260421-Wa0019,7,10,4,5.43,-13.49,-2.74,1
Vid-20260421-Wa0019,7,10,5,5.78,-13.96,-1.99,1
Vid-20260421-Wa0019,7,10,6,10.21,-19.53,-2.36,1
Vid-20260421-Wa0019,7,10,7,-2.78,-21.69,2.04,1
Vid-20260421-Wa0019,7,11,0,5.43,-13.49,-2.74,1
Vid-20260421-Wa0019,7,11,1,5.78,-13.96,-1.99,1
Vid-20260421-Wa0019,7,11,2,10.21,-19.53,-2.36,1
Vid-20260421-Wa0019,7,11,3,-2.78,-21.69,2.04,1
Vid-20260421-Wa0019,7,11,4,-1.3,-32.87,6.8,1
Vid-20260421-Wa0019,7,11,5,9.44,-22.56,1.58,1
Vid-20260421-Wa0019,7,11,6,3.39,-16.86,11.64,1
Vid-20260421-Wa0019,7,11,7,-4.76,-23.73,11.41,1
Vid-20260421-Wa0019,7,12,0,-1.3,-32.87,6.8,1
Vid-20260421-Wa0019,7,12,1,9.44,-22.56,1.58,1
Vid-20260421-Wa0019,7,12,2,3.39,-16.86,11.64,1
Vid-20260421-Wa0019,7,12,3,-4.76,-23.73,11.41,1
Vid-20260421-Wa0019,7,12,4,-2.48,-32.07,2.99,1
Vid-20260421-Wa0019,7,12,5,-7.42,-30.48,1.26,1
Vid-20260421-Wa0019,7,12,6,,,,0
Vid-20260421-Wa0019,7,12,7,,,,0
Vid-20260421-Wa0019,7,13,0,-2.48,-32.07,2.99,1
Vid-20260421-Wa0019,7,13,1,-7.42,-30.48,1.26,1
Vid-20260421-Wa0019,7,13,2,,,,0
Vid-20260421-Wa0019,7,13,3,,,,0
Vid-20260421-Wa0019,7,13,4,-14.18,-14.79,-5.27,1
Vid-20260421-Wa0019,7,13,5,-6.08,-22.92,-7.14,1
Vid-20260421-Wa0019,7,13,6,-9.1,-23.43,-7.98,1
Vid-20260421-Wa0019,7,13,7,,,,0
Vid-20260421-Wa0019,8,0,0,-32.96,-21.21,16.28,1
Vid-20260421-Wa0019,8,0,1,-33.93,-19.07,15.7,1
Vid-20260421-Wa0019,8,0,2,-35.6,-22.37,18.26,1
Vid-20260421-Wa0019,8,0,3,-46.35,-28.55,26.69,1
Vid-20260421-Wa0019,8,0,4,-43.8,-30.94,30.11,1
Vid-20260421-Wa0019,8,0,5,-37.91,-29.64,27.73,1
Vid-20260421-Wa0019,8,0,6,-29.94,-26.47,24.62,1
Vid-20260421-Wa0019,8,0,7,-27.08,-28.76,25.01,1
Vid-20260421-Wa0019,8,1,0,-43.8,-30.94,30.11,1
Vid-20260421-Wa0019,8,1,1,-37.91,-29.64,27.73,1
Vid-20260421-Wa0019,8,1,2,-29.94,-26.47,24.62,1
Vid-20260421-Wa0019,8,1,3,-27.08,-28.76,25.01,1
Vid-20260421-Wa0019,8,1,4,-25.85,-28.21,23.18,1
Vid-20260421-Wa0019,8,1,5,-42.45,-32.05,31.83,1
Vid-20260421-Wa0019,8,1,6,-47.14,-34.92,35.76,1
Vid-20260421-Wa0019,8,1,7,-48.7,-33.25,34.58,1
Vid-20260421-Wa0019,8,2,0,-25.85,-28.21,23.18,1
Vid-20260421-Wa0019,8,2,1,-42.45,-32.05,31.83,1
Vid-20260421-Wa0019,8,2,2,-47.14,-34.92,35.76,1
Vid-20260421-Wa0019,8,2,3,-48.7,-33.25,34.58,1
Vid-20260421-Wa0019,8,2,4,-53.74,-34.41,37.31,1
Vid-20260421-Wa0019,8,2,5,-47.05,-33.11,34.07,1
Vid-20260421-Wa0019,8,2,6,-22.29,-31.46,23.16,1
Vid-20260421-Wa0019,8,2,7,-23.05,-23.59,20.52,1
Vid-20260421-Wa0019,8,3,0,-53.74,-34.41,37.31,1
Vid-20260421-Wa0019,8,3,1,-47.05,-33.11,34.07,1
Vid-20260421-Wa0019,8,3,2,-22.29,-31.46,23.16,1
Vid-20260421-Wa0019,8,3,3,-23.05,-23.59,20.52,1
Vid-20260421-Wa0019,8,3,4,-21.76,-26.68,22.01,1
Vid-20260421-Wa0019,8,3,5,-23.63,-21.56,19.3,1
Vid-20260421-Wa0019,8,3,6,-22.99,-25.16,19.91,1
Vid-20260421-Wa0019,8,3,7,-22.79,-21.13,18.45,1
Vid-20260421-Wa0019,8,4,0,-21.76,-26.68,22.01,1
Vid-20260421-Wa0019,8,4,1,-23.63,-21.56,19.3,1
Vid-20260421-Wa0019,8,4,2,-22.99,-25.16,19.91,1
Vid-20260421-Wa0019,8,4,3,-22.79,-21.13,18.45,1
Vid-20260421-Wa0019,8,4,4,-21.92,-23.93,20.14,1
Vid-20260421-Wa0019,8,4,5,-25.39,-24.75,19.03,1
Vid-20260421-Wa0019,8,4,6,-24.69,-26.28,18.98,1
Vid-20260421-Wa0019,8,4,7,-25.16,-23.76,17.28,1
Vid-20260421-Wa0019,8,5,0,-21.92,-23.93,20.14,1
Vid-20260421-Wa0019,8,5,1,-25.39,-24.75,19.03,1
Vid-20260421-Wa0019,8,5,2,-24.69,-26.28,18.98,1
Vid-20260421-Wa0019,8,5,3,-25.16,-23.76,17.28,1
Vid-20260421-Wa0019,8,5,4,-26.24,-22.69,17.31,1
Vid-20260421-Wa0019,8,5,5,-27.86,-24.04,19.28,1
Vid-20260421-Wa0019,8,5,6,-26.3,-25.29,19.64,1
Vid-20260421-Wa0019,8,5,7,-25.68,-21.09,17.24,1
Vid-20260421-Wa0019,8,6,0,-26.24,-22.69,17.31,1
Vid-20260421-Wa0019,8,6,1,-27.86,-24.04,19.28,1
Vid-20260421-Wa0019,8,6,2,-26.3,-25.29,19.64,1
Vid-20260421-Wa0019,8,6,3,-25.68,-21.09,17.24,1
Vid-20260421-Wa0019,8,6,4,-31.04,-27.6,19.19,1
Vid-20260421-Wa0019,8,6,5,-27.32,-21.52,17.2,1
Vid-20260421-Wa0019,8,6,6,-26.11,-21.0,17.54,1
Vid-20260421-Wa0019,8,6,7,-29.42,-21.94,17.81,1
Vid-20260421-Wa0019,8,7,0,-31.04,-27.6,19.19,1
Vid-20260421-Wa0019,8,7,1,-27.32,-21.52,17.2,1
Vid-20260421-Wa0019,8,7,2,-26.11,-21.0,17.54,1
Vid-20260421-Wa0019,8,7,3,-29.42,-21.94,17.81,1
Vid-20260421-Wa0019,8,7,4,-28.99,-26.88,19.09,1
Vid-20260421-Wa0019,8,7,5,-52.34,-35.32,27.15,1
Vid-20260421-Wa0019,8,7,6,-60.75,-47.88,45.37,1
Vid-20260421-Wa0019,8,7,7,-64.21,-51.19,44.7,1
Vid-20260421-Wa0019,8,8,0,-28.99,-26.88,19.09,1
Vid-20260421-Wa0019,8,8,1,-52.34,-35.32,27.15,1
Vid-20260421-Wa0019,8,8,2,-60.75,-47.88,45.37,1
Vid-20260421-Wa0019,8,8,3,-64.21,-51.19,44.7,1
Vid-20260421-Wa0019,8,8,4,-65.86,-51.93,50.47,1
Vid-20260421-Wa0019,8,8,5,-65.98,-48.77,45.49,1
Vid-20260421-Wa0019,8,8,6,-64.26,-50.73,48.0,1
Vid-20260421-Wa0019,8,8,7,-62.17,-46.29,45.53,1
Vid-20260421-Wa0019,8,9,0,-65.86,-51.93,50.47,1
Vid-20260421-Wa0019,8,9,1,-65.98,-48.77,45.49,1
Vid-20260421-Wa0019,8,9,2,-64.26,-50.73,48.0,1
Vid-20260421-Wa0019,8,9,3,-62.17,-46.29,45.53,1
Vid-20260421-Wa0019,8,9,4,-62.6,-46.67,44.31,1
Vid-20260421-Wa0019,8,9,5,-34.83,-30.15,23.02,1
Vid-20260421-Wa0019,8,9,6,-18.97,-31.68,18.87,1
Vid-20260421-Wa0019,8,9,7,-17.14,-24.88,16.93,1
Vid-20260421-Wa0019,8,10,0,-62.6,-46.67,44.31,1
Vid-20260421-Wa0019,8,10,1,-34.83,-30.15,23.02,1
Vid-20260421-Wa0019,8,10,2,-18.97,-31.68,18.87,1
Vid-20260421-Wa0019,8,10,3,-17.14,-24.88,16.93,1
Vid-20260421-Wa0019,8,10,4,-14.9,-23.7,16.98,1
Vid-20260421-Wa0019,8,10,5,-30.18,-32.65,24.71,1
Vid-20260421-Wa0019,8,10,6,-57.22,-41.11,41.25,1
Vid-20260421-Wa0019,8,10,7,-61.17,-50.37,48.49,1
Vid-20260421-Wa0019,8,11,0,-14.9,-23.7,16.98,1
Vid-20260421-Wa0019,8,11,1,-30.18,-32.65,24.71,1
Vid-20260421-Wa0019,8,11,2,-57.22,-41.11,41.25,1
Vid-20260421-Wa0019,8,11,3,-61.17,-50.37,48.49,1
Vid-20260421-Wa0019,8,11,4,-60.42,-45.79,46.48,1
Vid-20260421-Wa0019,8,11,5,-46.47,-32.08,33.45,1
Vid-20260421-Wa0019,8,11,6,-31.21,-35.5,31.88,1
Vid-20260421-Wa0019,8,11,7,-25.41,-34.57,30.79,1
Vid-20260421-Wa0019,8,12,0,-60.42,-45.79,46.48,1
Vid-20260421-Wa0019,8,12,1,-46.47,-32.08,33.45,1
Vid-20260421-Wa0019,8,12,2,-31.21,-35.5,31.88,1
Vid-20260421-Wa0019,8,12,3,-25.41,-34.57,30.79,1
Vid-20260421-Wa0019,8,12,4,-29.5,-39.08,35.11,1
Vid-20260421-Wa0019,8,12,5,-36.67,-44.47,42.08,1
Vid-20260421-Wa0019,8,12,6,-47.75,-43.92,47.46,1
Vid-20260421-Wa0019,8,12,7,-17.7,-34.61,31.46,1
Vid-20260421-Wa0019,8,13,0,-29.5,-39.08,35.11,1
Vid-20260421-Wa0019,8,13,1,-36.67,-44.47,42.08,1
Vid-20260421-Wa0019,8,13,2,-47.75,-43.92,47.46,1
Vid-20260421-Wa0019,8,13,3,-17.7,-34.61,31.46,1
Vid-20260421-Wa0019,8,13,4,-25.28,-39.01,37.56,1
Vid-20260421-Wa0019,8,13,5,-22.63,-34.84,31.12,1
Vid-20260421-Wa0019,8,13,6,-21.25,-34.06,30.34,1
Vid-20260421-Wa0019,8,13,7,-20.14,-34.93,29.63,1
Vid-20260421-Wa0019,9,0,0,23.96,-27.25,-25.49,1
Vid-20260421-Wa0019,9,0,1,22.91,-26.51,-22.27,1
Vid-20260421-Wa0019,9,0,2,36.59,-29.68,-27.15,1
Vid-20260421-Wa0019,9,0,3,27.19,-14.37,-10.47,1
Vid-20260421-Wa0019,9,0,4,26.33,-12.92,-10.32,1
Vid-20260421-Wa0019,9,0,5,-11.37,-15.78,6.9,1
Vid-20260421-Wa0019,9,0,6,-5.11,-18.2,9.84,1
Vid-20260421-Wa0019,9,0,7,52.55,-20.31,-18.56,1
Vid-20260421-Wa0019,9,1,0,26.33,-12.92,-10.32,1
Vid-20260421-Wa0019,9,1,1,-11.37,-15.78,6.9,1
Vid-20260421-Wa0019,9,1,2,-5.11,-18.2,9.84,1
Vid-20260421-Wa0019,9,1,3,52.55,-20.31,-18.56,1
Vid-20260421-Wa0019,9,1,4,48.6,-21.47,-18.9,1
Vid-20260421-Wa0019,9,1,5,52.56,-30.44,-28.34,1
Vid-20260421-Wa0019,9,1,6,24.92,-19.15,-15.44,1
Vid-20260421-Wa0019,9,1,7,,,,0
Vid-20260421-Wa0019,9,2,0,48.6,-21.47,-18.9,1
Vid-20260421-Wa0019,9,2,1,52.56,-30.44,-28.34,1
Vid-20260421-Wa0019,9,2,2,24.92,-19.15,-15.44,1
Vid-20260421-Wa0019,9,2,3,,,,0
Vid-20260421-Wa0019,9,2,4,,,,0
Vid-20260421-Wa0019,9,2,5,35.06,-28.13,-23.21,1
Vid-20260421-Wa0019,9,2,6,34.27,-32.54,-24.68,1
Vid-20260421-Wa0019,9,2,7,37.32,-30.74,-26.99,1
Vid-20260421-Wa0019,9,3,0,,,,0
Vid-20260421-Wa0019,9,3,1,35.06,-28.13,-23.21,1
Vid-20260421-Wa0019,9,3,2,34.27,-32.54,-24.68,1
Vid-20260421-Wa0019,9,3,3,37.32,-30.74,-26.99,1
Vid-20260421-Wa0019,9,3,4,39.26,-31.81,-28.62,1
Vid-20260421-Wa0019,9,3,5,-9.27,-16.78,3.86,1
Vid-20260421-Wa0019,9,3,6,46.29,-27.13,-17.1,1
Vid-20260421-Wa0019,9,3,7,53.17,-27.23,-22.39,1
Vid-20260421-Wa0019,9,4,0,39.26,-31.81,-28.62,1
Vid-20260421-Wa0019,9,4,1,-9.27,-16.78,3.86,1
Vid-20260421-Wa0019,9,4,2,46.29,-27.13,-17.1,1
Vid-20260421-Wa0019,9,4,3,53.17,-27.23,-22.39,1
Vid-20260421-Wa0019,9,4,4,25.84,-23.65,-14.99,1
Vid-20260421-Wa0019,9,4,5,33.6,-31.3,-26.2,1
Vid-20260421-Wa0019,9,4,6,31.95,-28.35,-22.77,1
Vid-20260421-Wa0019,9,4,7,36.13,-30.42,-24.94,1
Vid-20260421-Wa0019,9,5,0,25.84,-23.65,-14.99,1
Vid-20260421-Wa0019,9,5,1,33.6,-31.3,-26.2,1
Vid-20260421-Wa0019,9,5,2,31.95,-28.35,-22.77,1
Vid-20260421-Wa0019,9,5,3,36.13,-30.42,-24.94,1
Vid-20260421-Wa0019,9,5,4,4.42,-14.17,-3.22,1
Vid-20260421-Wa0019,9,5,5,5.19,-11.93,-2.41,1
Vid-20260421-Wa0019,9,5,6,5.2,-13.59,-0.98,1
Vid-20260421-Wa0019,9,5,7,7.28,-17.58,-1.62,1
Vid-20260421-Wa0019,9,6,0,4.42,-14.17,-3.22,1
Vid-20260421-Wa0019,9,6,1,5.19,-11.93,-2.41,1
Vid-20260421-Wa0019,9,6,2,5.2,-13.59,-0.98,1
Vid-20260421-Wa0019,9,6,3,7.28,-17.58,-1.62,1
Vid-20260421-Wa0019,9,6,4,-2.21,-25.95,4.11,1
Vid-20260421-Wa0019,9,6,5,3.14,-30.45,1.16,1
Vid-20260421-Wa0019,9,6,6,,,,0
Vid-20260421-Wa0019,9,6,7,2.21,-16.86,14.04,1
Vid-20260421-Wa0021,1,0,0,,,,0
Vid-20260421-Wa0021,1,0,1,,,,0
Vid-20260421-Wa0021,1,0,2,,,,0
Vid-20260421-Wa0021,1,0,3,,,,0
Vid-20260421-Wa0021,1,0,4,,,,0
Vid-20260421-Wa0021,1,0,5,,,,0
Vid-20260421-Wa0021,1,0,6,,,,0
Vid-20260421-Wa0021,1,0,7,,,,0
Vid-20260421-Wa0021,1,1,0,,,,0
Vid-20260421-Wa0021,1,1,1,,,,0
Vid-20260421-Wa0021,1,1,2,,,,0
Vid-20260421-Wa0021,1,1,3,,,,0
Vid-20260421-Wa0021,1,1,4,,,,0
Vid-20260421-Wa0021,1,1,5,,,,0
Vid-20260421-Wa0021,1,1,6,,,,0
Vid-20260421-Wa0021,1,1,7,,,,0
Vid-20260421-Wa0021,1,2,0,,,,0
Vid-20260421-Wa0021,1,2,1,,,,0
Vid-20260421-Wa0021,1,2,2,,,,0
Vid-20260421-Wa0021,1,2,3,,,,0
Vid-20260421-Wa0021,1,2,4,,,,0
Vid-20260421-Wa0021,1,2,5,,,,0
Vid-20260421-Wa0021,1,2,6,,,,0
Vid-20260421-Wa0021,1,2,7,,,,0
Vid-20260421-Wa0021,1,3,0,,,,0
Vid-20260421-Wa0021,1,3,1,,,,0
Vid-20260421-Wa0021,1,3,2,,,,0
Vid-20260421-Wa0021,1,3,3,,,,0
Vid-20260421-Wa0021,1,3,4,,,,0
Vid-20260421-Wa0021,1,3,5,,,,0
Vid-20260421-Wa0021,1,3,6,,,,0
Vid-20260421-Wa0021,1,3,7,,,,0
Vid-20260421-Wa0021,1,4,0,,,,0
Vid-20260421-Wa0021,1,4,1,,,,0
Vid-20260421-Wa0021,1,4,2,,,,0
Vid-20260421-Wa0021,1,4,3,,,,0
Vid-20260421-Wa0021,1,4,4,-65.62,-30.64,30.47,1
Vid-20260421-Wa0021,1,4,5,-67.84,-38.25,31.64,1
Vid-20260421-Wa0021,1,4,6,-68.02,-41.52,33.91,1
Vid-20260421-Wa0021,1,4,7,-65.31,-34.66,22.83,1
Vid-20260421-Wa0021,1,5,0,-65.62,-30.64,30.47,1
Vid-20260421-Wa0021,1,5,1,-67.84,-38.25,31.64,1
Vid-20260421-Wa0021,1,5,2,-68.02,-41.52,33.91,1
Vid-20260421-Wa0021,1,5,3,-65.31,-34.66,22.83,1
Vid-20260421-Wa0021,1,5,4,-67.67,-36.86,23.74,1
Vid-20260421-Wa0021,1,5,5,-70.92,-41.06,27.6,1
Vid-20260421-Wa0021,1,5,6,-68.6,-41.38,30.13,1
Vid-20260421-Wa0021,1,5,7,-69.99,-32.6,20.44,1
Vid-20260421-Wa0021,1,6,0,-67.67,-36.86,23.74,1
Vid-20260421-Wa0021,1,6,1,-70.92,-41.06,27.6,1
Vid-20260421-Wa0021,1,6,2,-68.6,-41.38,30.13,1
Vid-20260421-Wa0021,1,6,3,-69.99,-32.6,20.44,1
Vid-20260421-Wa0021,1,6,4,,,,0
Vid-20260421-Wa0021,1,6,5,-63.98,-32.78,21.6,1
Vid-20260421-Wa0021,1,6,6,-64.1,-33.93,19.7,1
Vid-20260421-Wa0021,1,6,7,-64.55,-34.7,21.12,1
Vid-20260421-Wa0021,1,7,0,,,,0
Vid-20260421-Wa0021,1,7,1,-63.98,-32.78,21.6,1
Vid-20260421-Wa0021,1,7,2,-64.1,-33.93,19.7,1
Vid-20260421-Wa0021,1,7,3,-64.55,-34.7,21.12,1
Vid-20260421-Wa0021,1,7,4,-65.9,-42.49,34.68,1
Vid-20260421-Wa0021,1,7,5,-66.17,-45.05,35.82,1
Vid-20260421-Wa0021,1,7,6,-65.02,-38.41,23.08,1
Vid-20260421-Wa0021,1,7,7,-69.5,-35.64,22.79,1
Vid-20260421-Wa0021,1,8,0,-65.9,-42.49,34.68,1
Vid-20260421-Wa0021,1,8,1,-66.17,-45.05,35.82,1
Vid-20260421-Wa0021,1,8,2,-65.02,-38.41,23.08,1
Vid-20260421-Wa0021,1,8,3,-69.5,-35.64,22.79,1
Vid-20260421-Wa0021,1,8,4,-68.53,-33.37,21.86,1
Vid-20260421-Wa0021,1,8,5,-67.25,-30.59,17.92,1
Vid-20260421-Wa0021,1,8,6,-67.07,-30.33,17.9,1
Vid-20260421-Wa0021,1,8,7,-67.52,-29.88,13.58,1
Vid-20260421-Wa0021,1,9,0,-68.53,-33.37,21.86,1
Vid-20260421-Wa0021,1,9,1,-67.25,-30.59,17.92,1
Vid-20260421-Wa0021,1,9,2,-67.07,-30.33,17.9,1
Vid-20260421-Wa0021,1,9,3,-67.52,-29.88,13.58,1
Vid-20260421-Wa0021,1,9,4,-66.88,-31.55,19.7,1
Vid-20260421-Wa0021,1,9,5,-67.73,-31.46,17.24,1
Vid-20260421-Wa0021,1,9,6,-65.51,-27.15,13.31,1
Vid-20260421-Wa0021,1,9,7,-68.66,-26.42,12.04,1
Vid-20260421-Wa0021,1,10,0,-66.88,-31.55,19.7,1
Vid-20260421-Wa0021,1,10,1,-67.73,-31.46,17.24,1
Vid-20260421-Wa0021,1,10,2,-65.51,-27.15,13.31,1
Vid-20260421-Wa0021,1,10,3,-68.66,-26.42,12.04,1
Vid-20260421-Wa0021,1,10,4,-68.89,-29.41,15.39,1
Vid-20260421-Wa0021,1,10,5,-69.15,-32.03,18.82,1
Vid-20260421-Wa0021,1,10,6,-63.71,-35.02,26.07,1
Vid-20260421-Wa0021,1,10,7,-68.59,-45.23,29.71,1
Vid-20260421-Wa0021,1,11,0,-68.89,-29.41,15.39,1
Vid-20260421-Wa0021,1,11,1,-69.15,-32.03,18.82,1
Vid-20260421-Wa0021,1,11,2,-63.71,-35.02,26.07,1
Vid-20260421-Wa0021,1,11,3,-68.59,-45.23,29.71,1
Vid-20260421-Wa0021,1,11,4,-68.78,-33.06,15.99,1
Vid-20260421-Wa0021,1,11,5,-69.0,-46.22,30.75,1
Vid-20260421-Wa0021,1,11,6,-69.2,-39.19,24.29,1
Vid-20260421-Wa0021,1,11,7,-69.15,-48.55,35.23,1
Vid-20260421-Wa0021,1,12,0,-68.78,-33.06,15.99,1
Vid-20260421-Wa0021,1,12,1,-69.0,-46.22,30.75,1
Vid-20260421-Wa0021,1,12,2,-69.2,-39.19,24.29,1
Vid-20260421-Wa0021,1,12,3,-69.15,-48.55,35.23,1
Vid-20260421-Wa0021,1,12,4,-65.93,-45.66,34.01,1
Vid-20260421-Wa0021,1,12,5,-70.91,-42.23,24.98,1
Vid-20260421-Wa0021,1,12,6,-67.79,-40.94,27.42,1
Vid-20260421-Wa0021,1,12,7,-67.96,-41.87,27.69,1
Vid-20260421-Wa0021,1,13,0,-65.93,-45.66,34.01,1
Vid-20260421-Wa0021,1,13,1,-70.91,-42.23,24.98,1
Vid-20260421-Wa0021,1,13,2,-67.79,-40.94,27.42,1
Vid-20260421-Wa0021,1,13,3,-67.96,-41.87,27.69,1
Vid-20260421-Wa0021,1,13,4,-65.94,-31.86,18.4,1
Vid-20260421-Wa0021,1,13,5,-68.78,-34.53,20.4,1
Vid-20260421-Wa0021,1,13,6,-69.58,-29.34,17.54,1
Vid-20260421-Wa0021,1,13,7,-66.96,-31.4,18.46,1
Vid-20260421-Wa0021,10,0,0,58.83,-2.25,-2.03,1
Vid-20260421-Wa0021,10,0,1,62.85,-3.99,-2.55,1
Vid-20260421-Wa0021,10,0,2,49.3,-6.01,-3.19,1
Vid-20260421-Wa0021,10,0,3,45.23,-7.46,-4.27,1
Vid-20260421-Wa0021,10,0,4,41.63,-8.02,-4.25,1
Vid-20260421-Wa0021,10,0,5,43.95,-8.04,-4.79,1
Vid-20260421-Wa0021,10,0,6,51.88,-8.54,-8.18,1
Vid-20260421-Wa0021,10,0,7,52.53,-9.25,-8.4,1
Vid-20260421-Wa0021,10,1,0,41.63,-8.02,-4.25,1
Vid-20260421-Wa0021,10,1,1,43.95,-8.04,-4.79,1
Vid-20260421-Wa0021,10,1,2,51.88,-8.54,-8.18,1
Vid-20260421-Wa0021,10,1,3,52.53,-9.25,-8.4,1
Vid-20260421-Wa0021,10,1,4,52.31,-10.72,-9.82,1
Vid-20260421-Wa0021,10,1,5,52.31,-11.78,-10.42,1
Vid-20260421-Wa0021,10,1,6,50.45,-12.23,-11.56,1
Vid-20260421-Wa0021,10,1,7,43.64,-12.62,-10.59,1
Vid-20260421-Wa0021,11,0,0,,,,0
Vid-20260421-Wa0021,11,0,1,,,,0
Vid-20260421-Wa0021,11,0,2,,,,0
Vid-20260421-Wa0021,11,0,3,,,,0
Vid-20260421-Wa0021,11,0,4,,,,0
Vid-20260421-Wa0021,11,0,5,,,,0
Vid-20260421-Wa0021,11,0,6,,,,0
Vid-20260421-Wa0021,11,0,7,,,,0
Vid-20260421-Wa0021,11,1,0,,,,0
Vid-20260421-Wa0021,11,1,1,,,,0
Vid-20260421-Wa0021,11,1,2,,,,0
Vid-20260421-Wa0021,11,1,3,,,,0
Vid-20260421-Wa0021,11,1,4,,,,0
Vid-20260421-Wa0021,11,1,5,,,,0
Vid-20260421-Wa0021,11,1,6,,,,0
Vid-20260421-Wa0021,11,1,7,,,,0
Vid-20260421-Wa0021,11,2,0,,,,0
Vid-20260421-Wa0021,11,2,1,,,,0
Vid-20260421-Wa0021,11,2,2,,,,0
Vid-20260421-Wa0021,11,2,3,,,,0
Vid-20260421-Wa0021,11,2,4,,,,0
Vid-20260421-Wa0021,11,2,5,,,,0
Vid-20260421-Wa0021,11,2,6,,,,0
Vid-20260421-Wa0021,11,2,7,,,,0
Vid-20260421-Wa0021,11,3,0,,,,0
Vid-20260421-Wa0021,11,3,1,,,,0
Vid-20260421-Wa0021,11,3,2,,,,0
Vid-20260421-Wa0021,11,3,3,,,,0
Vid-20260421-Wa0021,11,3,4,,,,0
Vid-20260421-Wa0021,11,3,5,,,,0
Vid-20260421-Wa0021,11,3,6,,,,0
Vid-20260421-Wa0021,11,3,7,,,,0
Vid-20260421-Wa0021,11,4,0,,,,0
Vid-20260421-Wa0021,11,4,1,,,,0
Vid-20260421-Wa0021,11,4,2,,,,0
Vid-20260421-Wa0021,11,4,3,,,,0
Vid-20260421-Wa0021,11,4,4,,,,0
Vid-20260421-Wa0021,11,4,5,,,,0
Vid-20260421-Wa0021,11,4,6,,,,0
Vid-20260421-Wa0021,11,4,7,,,,0
Vid-20260421-Wa0021,11,5,0,,,,0
Vid-20260421-Wa0021,11,5,1,,,,0
Vid-20260421-Wa0021,11,5,2,,,,0
Vid-20260421-Wa0021,11,5,3,,,,0
Vid-20260421-Wa0021,11,5,4,,,,0
Vid-20260421-Wa0021,11,5,5,,,,0
Vid-20260421-Wa0021,11,5,6,,,,0
Vid-20260421-Wa0021,11,5,7,,,,0
Vid-20260421-Wa0021,11,6,0,,,,0
Vid-20260421-Wa0021,11,6,1,,,,0
Vid-20260421-Wa0021,11,6,2,,,,0
Vid-20260421-Wa0021,11,6,3,,,,0
Vid-20260421-Wa0021,11,6,4,,,,0
Vid-20260421-Wa0021,11,6,5,,,,0
Vid-20260421-Wa0021,11,6,6,,,,0
Vid-20260421-Wa0021,11,6,7,,,,0
Vid-20260421-Wa0021,11,7,0,,,,0
Vid-20260421-Wa0021,11,7,1,,,,0
Vid-20260421-Wa0021,11,7,2,,,,0
Vid-20260421-Wa0021,11,7,3,,,,0
Vid-20260421-Wa0021,11,7,4,,,,0
Vid-20260421-Wa0021,11,7,5,,,,0
Vid-20260421-Wa0021,11,7,6,,,,0
Vid-20260421-Wa0021,11,7,7,,,,0
Vid-20260421-Wa0021,11,8,0,,,,0
Vid-20260421-Wa0021,11,8,1,,,,0
Vid-20260421-Wa0021,11,8,2,,,,0
Vid-20260421-Wa0021,11,8,3,,,,0
Vid-20260421-Wa0021,11,8,4,,,,0
Vid-20260421-Wa0021,11,8,5,,,,0
Vid-20260421-Wa0021,11,8,6,,,,0
Vid-20260421-Wa0021,11,8,7,,,,0
Vid-20260421-Wa0021,12,0,0,62.85,-18.43,-18.64,1
Vid-20260421-Wa0021,12,0,1,63.88,-21.7,-21.42,1
Vid-20260421-Wa0021,12,0,2,62.99,-41.01,-38.66,1
Vid-20260421-Wa0021,12,0,3,48.22,-50.18,-49.65,1
Vid-20260421-Wa0021,12,0,4,34.61,-44.93,-51.79,1
Vid-20260421-Wa0021,12,0,5,35.03,-43.55,-49.88,1
Vid-20260421-Wa0021,12,0,6,39.22,-46.25,-51.35,1
Vid-20260421-Wa0021,12,0,7,34.42,-42.85,-50.25,1
Vid-20260421-Wa0021,13,0,0,9.26,-15.32,-8.59,1
Vid-20260421-Wa0021,13,0,1,8.36,-10.45,-9.26,1
Vid-20260421-Wa0021,13,0,2,3.32,-2.76,-7.16,1
Vid-20260421-Wa0021,13,0,3,-46.9,-1.81,-2.23,1
Vid-20260421-Wa0021,13,0,4,-38.22,-6.19,0.11,1
Vid-20260421-Wa0021,13,0,5,-22.01,-8.28,-0.53,1
Vid-20260421-Wa0021,13,0,6,22.65,-18.81,-15.08,1
Vid-20260421-Wa0021,13,0,7,19.98,-15.58,-12.87,1
Vid-20260421-Wa0021,13,1,0,-38.22,-6.19,0.11,1
Vid-20260421-Wa0021,13,1,1,-22.01,-8.28,-0.53,1
Vid-20260421-Wa0021,13,1,2,22.65,-18.81,-15.08,1
Vid-20260421-Wa0021,13,1,3,19.98,-15.58,-12.87,1
Vid-20260421-Wa0021,13,1,4,0.2,-10.97,-8.6,1
Vid-20260421-Wa0021,13,1,5,-39.32,-3.37,-2.33,1
Vid-20260421-Wa0021,13,1,6,-39.35,-2.08,-0.28,1
Vid-20260421-Wa0021,13,1,7,-37.07,-5.97,5.95,1
Vid-20260421-Wa0021,13,2,0,0.2,-10.97,-8.6,1
Vid-20260421-Wa0021,13,2,1,-39.32,-3.37,-2.33,1
Vid-20260421-Wa0021,13,2,2,-39.35,-2.08,-0.28,1
Vid-20260421-Wa0021,13,2,3,-37.07,-5.97,5.95,1
Vid-20260421-Wa0021,13,2,4,-35.29,-12.35,10.81,1
Vid-20260421-Wa0021,13,2,5,-37.39,-15.56,17.87,1
Vid-20260421-Wa0021,13,2,6,-31.8,-14.96,15.87,1
Vid-20260421-Wa0021,13,2,7,-15.02,-15.32,12.94,1
Vid-20260421-Wa0021,13,3,0,-35.29,-12.35,10.81,1
Vid-20260421-Wa0021,13,3,1,-37.39,-15.56,17.87,1
Vid-20260421-Wa0021,13,3,2,-31.8,-14.96,15.87,1
Vid-20260421-Wa0021,13,3,3,-15.02,-15.32,12.94,1
Vid-20260421-Wa0021,13,3,4,-7.9,-9.33,7.62,1
Vid-20260421-Wa0021,13,3,5,13.57,-15.29,-2.51,1
Vid-20260421-Wa0021,13,3,6,14.19,-10.14,-8.25,1
Vid-20260421-Wa0021,13,3,7,17.18,-8.37,-9.44,1
Vid-20260421-Wa0021,14,0,0,-46.3,-1.63,8.53,1
Vid-20260421-Wa0021,14,0,1,-53.51,-7.77,13.25,1
Vid-20260421-Wa0021,14,0,2,-29.37,-0.24,3.35,1
Vid-20260421-Wa0021,14,0,3,-11.08,-0.54,-2.46,1
Vid-20260421-Wa0021,14,0,4,-12.04,-1.16,-2.26,1
Vid-20260421-Wa0021,14,0,5,-13.83,-0.54,-0.56,1
Vid-20260421-Wa0021,14,0,6,-17.8,-3.19,-1.38,1
Vid-20260421-Wa0021,14,0,7,-37.6,-3.97,12.16,1
Vid-20260421-Wa0021,14,1,0,-12.04,-1.16,-2.26,1
Vid-20260421-Wa0021,14,1,1,-13.83,-0.54,-0.56,1
Vid-20260421-Wa0021,14,1,2,-17.8,-3.19,-1.38,1
Vid-20260421-Wa0021,14,1,3,-37.6,-3.97,12.16,1
Vid-20260421-Wa0021,14,1,4,-41.29,-9.19,15.09,1
Vid-20260421-Wa0021,14,1,5,-26.53,-1.02,3.41,1
Vid-20260421-Wa0021,14,1,6,-37.89,-7.01,9.84,1
Vid-20260421-Wa0021,14,1,7,-26.95,-5.94,5.37,1
Vid-20260421-Wa0021,15,0,0,26.08,-16.46,-3.06,1
Vid-20260421-Wa0021,15,0,1,24.11,-17.55,-3.82,1
Vid-20260421-Wa0021,15,0,2,26.03,-16.82,-3.03,1
Vid-20260421-Wa0021,15,0,3,25.61,-15.09,-3.85,1
Vid-20260421-Wa0021,15,0,4,23.5,-17.8,-2.48,1
Vid-20260421-Wa0021,15,0,5,23.14,-15.81,-3.25,1
Vid-20260421-Wa0021,15,0,6,24.32,-15.45,-3.43,1
Vid-20260421-Wa0021,15,0,7,22.21,-16.6,-2.67,1
Vid-20260421-Wa0021,15,1,0,23.5,-17.8,-2.48,1
Vid-20260421-Wa0021,15,1,1,23.14,-15.81,-3.25,1
Vid-20260421-Wa0021,15,1,2,24.32,-15.45,-3.43,1
Vid-20260421-Wa0021,15,1,3,22.21,-16.6,-2.67,1
Vid-20260421-Wa0021,15,1,4,23.09,-15.71,-2.99,1
Vid-20260421-Wa0021,15,1,5,24.45,-16.46,-3.04,1
Vid-20260421-Wa0021,15,1,6,23.18,-13.46,-1.81,1
Vid-20260421-Wa0021,15,1,7,23.42,-14.38,-2.41,1
Vid-20260421-Wa0021,16,0,0,28.0,-14.53,-3.65,1
Vid-20260421-Wa0021,16,0,1,29.11,-15.33,-3.04,1
Vid-20260421-Wa0021,16,0,2,26.98,-14.36,-2.83,1
Vid-20260421-Wa0021,16,0,3,28.42,-15.47,-2.59,1
Vid-20260421-Wa0021,16,0,4,26.75,-13.56,-2.63,1
Vid-20260421-Wa0021,16,0,5,27.39,-15.14,-3.64,1
Vid-20260421-Wa0021,16,0,6,28.89,-13.93,-2.91,1
Vid-20260421-Wa0021,16,0,7,25.55,-14.47,-2.34,1
Vid-20260421-Wa0021,2,0,0,,,,0
Vid-20260421-Wa0021,2,0,1,,,,0
Vid-20260421-Wa0021,2,0,2,,,,0
Vid-20260421-Wa0021,2,0,3,,,,0
Vid-20260421-Wa0021,2,0,4,,,,0
Vid-20260421-Wa0021,2,0,5,,,,0
Vid-20260421-Wa0021,2,0,6,,,,0
Vid-20260421-Wa0021,2,0,7,,,,0
Vid-20260421-Wa0021,2,1,0,,,,0
Vid-20260421-Wa0021,2,1,1,,,,0
Vid-20260421-Wa0021,2,1,2,,,,0
Vid-20260421-Wa0021,2,1,3,,,,0
Vid-20260421-Wa0021,2,1,4,,,,0
Vid-20260421-Wa0021,2,1,5,,,,0
Vid-20260421-Wa0021,2,1,6,,,,0
Vid-20260421-Wa0021,2,1,7,,,,0
Vid-20260421-Wa0021,2,2,0,,,,0
Vid-20260421-Wa0021,2,2,1,,,,0
Vid-20260421-Wa0021,2,2,2,,,,0
Vid-20260421-Wa0021,2,2,3,,,,0
Vid-20260421-Wa0021,2,2,4,,,,0
Vid-20260421-Wa0021,2,2,5,,,,0
Vid-20260421-Wa0021,2,2,6,,,,0
Vid-20260421-Wa0021,2,2,7,,,,0
Vid-20260421-Wa0021,2,3,0,,,,0
Vid-20260421-Wa0021,2,3,1,,,,0
Vid-20260421-Wa0021,2,3,2,,,,0
Vid-20260421-Wa0021,2,3,3,,,,0
Vid-20260421-Wa0021,2,3,4,,,,0
Vid-20260421-Wa0021,2,3,5,,,,0
Vid-20260421-Wa0021,2,3,6,,,,0
Vid-20260421-Wa0021,2,3,7,,,,0
Vid-20260421-Wa0021,2,4,0,,,,0
Vid-20260421-Wa0021,2,4,1,,,,0
Vid-20260421-Wa0021,2,4,2,,,,0
Vid-20260421-Wa0021,2,4,3,,,,0
Vid-20260421-Wa0021,2,4,4,-41.57,0.92,-7.07,1
Vid-20260421-Wa0021,2,4,5,,,,0
Vid-20260421-Wa0021,2,4,6,,,,0
Vid-20260421-Wa0021,2,4,7,-18.88,-2.93,-2.26,1
Vid-20260421-Wa0021,2,5,0,-41.57,0.92,-7.07,1
Vid-20260421-Wa0021,2,5,1,,,,0
Vid-20260421-Wa0021,2,5,2,,,,0
Vid-20260421-Wa0021,2,5,3,-18.88,-2.93,-2.26,1
Vid-20260421-Wa0021,2,5,4,-11.1,-5.36,3.28,1
Vid-20260421-Wa0021,2,5,5,,,,0
Vid-20260421-Wa0021,2,5,6,,,,0
Vid-20260421-Wa0021,2,5,7,,,,0
Vid-20260421-Wa0021,2,6,0,-11.1,-5.36,3.28,1
Vid-20260421-Wa0021,2,6,1,,,,0
Vid-20260421-Wa0021,2,6,2,,,,0
Vid-20260421-Wa0021,2,6,3,,,,0
Vid-20260421-Wa0021,2,6,4,,,,0
Vid-20260421-Wa0021,2,6,5,,,,0
Vid-20260421-Wa0021,2,6,6,,,,0
Vid-20260421-Wa0021,2,6,7,,,,0
Vid-20260421-Wa0021,2,7,0,,,,0
Vid-20260421-Wa0021,2,7,1,,,,0
Vid-20260421-Wa0021,2,7,2,,,,0
Vid-20260421-Wa0021,2,7,3,,,,0
Vid-20260421-Wa0021,2,7,4,,,,0
Vid-20260421-Wa0021,2,7,5,,,,0
Vid-20260421-Wa0021,2,7,6,,,,0
Vid-20260421-Wa0021,2,7,7,,,,0
Vid-20260421-Wa0021,2,8,0,,,,0
Vid-20260421-Wa0021,2,8,1,,,,0
Vid-20260421-Wa0021,2,8,2,,,,0
Vid-20260421-Wa0021,2,8,3,,,,0
Vid-20260421-Wa0021,2,8,4,40.68,13.36,17.62,1
Vid-20260421-Wa0021,2,8,5,,,,0
Vid-20260421-Wa0021,2,8,6,31.63,13.47,18.43,1
Vid-20260421-Wa0021,2,8,7,7.0,10.92,10.22,1
Vid-20260421-Wa0021,2,9,0,40.68,13.36,17.62,1
Vid-20260421-Wa0021,2,9,1,,,,0
Vid-20260421-Wa0021,2,9,2,31.63,13.47,18.43,1
Vid-20260421-Wa0021,2,9,3,7.0,10.92,10.22,1
Vid-20260421-Wa0021,2,9,4,-26.0,7.9,7.33,1
Vid-20260421-Wa0021,2,9,5,19.72,10.97,15.72,1
Vid-20260421-Wa0021,2,9,6,-34.53,4.91,6.33,1
Vid-20260421-Wa0021,2,9,7,-18.09,1.0,6.15,1
Vid-20260421-Wa0021,2,10,0,-26.0,7.9,7.33,1
Vid-20260421-Wa0021,2,10,1,19.72,10.97,15.72,1
Vid-20260421-Wa0021,2,10,2,-34.53,4.91,6.33,1
Vid-20260421-Wa0021,2,10,3,-18.09,1.0,6.15,1
Vid-20260421-Wa0021,2,10,4,35.11,10.71,17.09,1
Vid-20260421-Wa0021,2,10,5,,,,0
Vid-20260421-Wa0021,2,10,6,,,,0
Vid-20260421-Wa0021,2,10,7,29.12,13.95,14.94,1
Vid-20260421-Wa0021,2,11,0,35.11,10.71,17.09,1
Vid-20260421-Wa0021,2,11,1,,,,0
Vid-20260421-Wa0021,2,11,2,,,,0
Vid-20260421-Wa0021,2,11,3,29.12,13.95,14.94,1
Vid-20260421-Wa0021,2,11,4,52.77,16.05,30.67,1
Vid-20260421-Wa0021,2,11,5,49.69,13.73,29.59,1
Vid-20260421-Wa0021,2,11,6,,,,0
Vid-20260421-Wa0021,2,11,7,52.16,18.08,29.71,1
Vid-20260421-Wa0021,2,12,0,52.77,16.05,30.67,1
Vid-20260421-Wa0021,2,12,1,49.69,13.73,29.59,1
Vid-20260421-Wa0021,2,12,2,,,,0
Vid-20260421-Wa0021,2,12,3,52.16,18.08,29.71,1
Vid-20260421-Wa0021,2,12,4,51.74,17.14,25.48,1
Vid-20260421-Wa0021,2,12,5,48.43,14.73,23.89,1
Vid-20260421-Wa0021,2,12,6,48.51,16.01,28.52,1
Vid-20260421-Wa0021,2,12,7,44.12,15.65,30.34,1
Vid-20260421-Wa0021,2,13,0,51.74,17.14,25.48,1
Vid-20260421-Wa0021,2,13,1,48.43,14.73,23.89,1
Vid-20260421-Wa0021,2,13,2,48.51,16.01,28.52,1
Vid-20260421-Wa0021,2,13,3,44.12,15.65,30.34,1
Vid-20260421-Wa0021,2,13,4,65.56,21.91,41.8,1
Vid-20260421-Wa0021,2,13,5,64.46,20.52,42.73,1
Vid-20260421-Wa0021,2,13,6,,,,0
Vid-20260421-Wa0021,2,13,7,,,,0
Vid-20260421-Wa0021,3,0,0,-76.89,-55.29,56.41,1
Vid-20260421-Wa0021,3,0,1,-74.28,-48.64,52.49,1
Vid-20260421-Wa0021,3,0,2,-72.53,-53.16,51.53,1
Vid-20260421-Wa0021,3,0,3,-72.77,-45.87,45.39,1
Vid-20260421-Wa0021,3,0,4,-68.77,-40.47,34.93,1
Vid-20260421-Wa0021,3,0,5,-74.54,-57.67,55.22,1
Vid-20260421-Wa0021,3,0,6,-74.86,-62.95,61.35,1
Vid-20260421-Wa0021,3,0,7,-74.7,-64.13,62.7,1
Vid-20260421-Wa0021,3,1,0,-68.77,-40.47,34.93,1
Vid-20260421-Wa0021,3,1,1,-74.54,-57.67,55.22,1
Vid-20260421-Wa0021,3,1,2,-74.86,-62.95,61.35,1
Vid-20260421-Wa0021,3,1,3,-74.7,-64.13,62.7,1
Vid-20260421-Wa0021,3,1,4,-73.35,-58.85,56.34,1
Vid-20260421-Wa0021,3,1,5,-74.27,-59.69,56.91,1
Vid-20260421-Wa0021,3,1,6,-73.43,-61.24,58.83,1
Vid-20260421-Wa0021,3,1,7,-75.31,-54.65,54.1,1
Vid-20260421-Wa0021,3,2,0,-73.35,-58.85,56.34,1
Vid-20260421-Wa0021,3,2,1,-74.27,-59.69,56.91,1
Vid-20260421-Wa0021,3,2,2,-73.43,-61.24,58.83,1
Vid-20260421-Wa0021,3,2,3,-75.31,-54.65,54.1,1
Vid-20260421-Wa0021,3,2,4,-75.12,-59.11,56.82,1
Vid-20260421-Wa0021,3,2,5,-75.51,-60.93,60.14,1
Vid-20260421-Wa0021,3,2,6,-74.88,-57.84,57.51,1
Vid-20260421-Wa0021,3,2,7,-72.45,-55.19,53.25,1
Vid-20260421-Wa0021,3,3,0,-75.12,-59.11,56.82,1
Vid-20260421-Wa0021,3,3,1,-75.51,-60.93,60.14,1
Vid-20260421-Wa0021,3,3,2,-74.88,-57.84,57.51,1
Vid-20260421-Wa0021,3,3,3,-72.45,-55.19,53.25,1
Vid-20260421-Wa0021,3,3,4,-74.8,-55.65,57.25,1
Vid-20260421-Wa0021,3,3,5,-74.65,-59.39,57.23,1
Vid-20260421-Wa0021,3,3,6,-71.73,-62.39,59.22,1
Vid-20260421-Wa0021,3,3,7,-70.85,-63.23,60.98,1
Vid-20260421-Wa0021,3,4,0,-74.8,-55.65,57.25,1
Vid-20260421-Wa0021,3,4,1,-74.65,-59.39,57.23,1
Vid-20260421-Wa0021,3,4,2,-71.73,-62.39,59.22,1
Vid-20260421-Wa0021,3,4,3,-70.85,-63.23,60.98,1
Vid-20260421-Wa0021,3,4,4,-74.28,-50.46,46.82,1
Vid-20260421-Wa0021,3,4,5,-74.71,-54.68,52.36,1
Vid-20260421-Wa0021,3,4,6,-73.26,-47.24,47.98,1
Vid-20260421-Wa0021,3,4,7,-74.73,-61.86,58.11,1
Vid-20260421-Wa0021,3,5,0,-74.28,-50.46,46.82,1
Vid-20260421-Wa0021,3,5,1,-74.71,-54.68,52.36,1
Vid-20260421-Wa0021,3,5,2,-73.26,-47.24,47.98,1
Vid-20260421-Wa0021,3,5,3,-74.73,-61.86,58.11,1
Vid-20260421-Wa0021,3,5,4,-75.21,-62.37,61.3,1
Vid-20260421-Wa0021,3,5,5,-72.85,-49.71,48.03,1
Vid-20260421-Wa0021,3,5,6,-73.64,-48.25,48.44,1
Vid-20260421-Wa0021,3,5,7,-75.26,-51.28,52.13,1
Vid-20260421-Wa0021,3,6,0,-75.21,-62.37,61.3,1
Vid-20260421-Wa0021,3,6,1,-72.85,-49.71,48.03,1
Vid-20260421-Wa0021,3,6,2,-73.64,-48.25,48.44,1
Vid-20260421-Wa0021,3,6,3,-75.26,-51.28,52.13,1
Vid-20260421-Wa0021,3,6,4,-73.43,-47.8,44.15,1
Vid-20260421-Wa0021,3,6,5,-76.78,-48.69,46.17,1
Vid-20260421-Wa0021,3,6,6,-42.55,-4.17,7.04,1
Vid-20260421-Wa0021,3,6,7,-76.54,-59.61,56.59,1
Vid-20260421-Wa0021,3,7,0,-73.43,-47.8,44.15,1
Vid-20260421-Wa0021,3,7,1,-76.78,-48.69,46.17,1
Vid-20260421-Wa0021,3,7,2,-42.55,-4.17,7.04,1
Vid-20260421-Wa0021,3,7,3,-76.54,-59.61,56.59,1
Vid-20260421-Wa0021,3,7,4,-29.58,-1.0,-0.89,1
Vid-20260421-Wa0021,3,7,5,-77.01,-46.61,46.94,1
Vid-20260421-Wa0021,3,7,6,-76.07,-56.26,55.83,1
Vid-20260421-Wa0021,3,7,7,-75.62,-42.52,43.75,1
Vid-20260421-Wa0021,3,8,0,-29.58,-1.0,-0.89,1
Vid-20260421-Wa0021,3,8,1,-77.01,-46.61,46.94,1
Vid-20260421-Wa0021,3,8,2,-76.07,-56.26,55.83,1
Vid-20260421-Wa0021,3,8,3,-75.62,-42.52,43.75,1
Vid-20260421-Wa0021,3,8,4,-75.89,-59.96,60.15,1
Vid-20260421-Wa0021,3,8,5,-75.31,-56.42,54.85,1
Vid-20260421-Wa0021,3,8,6,-74.08,-57.66,54.62,1
Vid-20260421-Wa0021,3,8,7,-75.69,-55.74,53.8,1
Vid-20260421-Wa0021,3,9,0,-75.89,-59.96,60.15,1
Vid-20260421-Wa0021,3,9,1,-75.31,-56.42,54.85,1
Vid-20260421-Wa0021,3,9,2,-74.08,-57.66,54.62,1
Vid-20260421-Wa0021,3,9,3,-75.69,-55.74,53.8,1
Vid-20260421-Wa0021,3,9,4,-73.27,-48.96,47.19,1
Vid-20260421-Wa0021,3,9,5,-75.89,-47.78,47.31,1
Vid-20260421-Wa0021,3,9,6,-72.91,-57.38,55.75,1
Vid-20260421-Wa0021,3,9,7,-73.98,-57.83,54.84,1
Vid-20260421-Wa0021,3,10,0,-73.27,-48.96,47.19,1
Vid-20260421-Wa0021,3,10,1,-75.89,-47.78,47.31,1
Vid-20260421-Wa0021,3,10,2,-72.91,-57.38,55.75,1
Vid-20260421-Wa0021,3,10,3,-73.98,-57.83,54.84,1
Vid-20260421-Wa0021,3,10,4,-75.98,-56.56,54.09,1
Vid-20260421-Wa0021,3,10,5,-75.65,-59.38,56.74,1
Vid-20260421-Wa0021,3,10,6,-73.29,-62.84,58.79,1
Vid-20260421-Wa0021,3,10,7,-76.22,-63.66,60.68,1
Vid-20260421-Wa0021,3,11,0,-75.98,-56.56,54.09,1
Vid-20260421-Wa0021,3,11,1,-75.65,-59.38,56.74,1
Vid-20260421-Wa0021,3,11,2,-73.29,-62.84,58.79,1
Vid-20260421-Wa0021,3,11,3,-76.22,-63.66,60.68,1
Vid-20260421-Wa0021,3,11,4,-78.18,-50.99,51.58,1
Vid-20260421-Wa0021,3,11,5,-13.27,1.16,-3.3,1
Vid-20260421-Wa0021,3,11,6,-77.06,-50.48,50.52,1
Vid-20260421-Wa0021,3,11,7,-73.69,-58.03,57.01,1
Vid-20260421-Wa0021,3,12,0,-78.18,-50.99,51.58,1
Vid-20260421-Wa0021,3,12,1,-13.27,1.16,-3.3,1
Vid-20260421-Wa0021,3,12,2,-77.06,-50.48,50.52,1
Vid-20260421-Wa0021,3,12,3,-73.69,-58.03,57.01,1
Vid-20260421-Wa0021,3,12,4,-74.35,-58.65,57.77,1
Vid-20260421-Wa0021,3,12,5,-72.95,-54.04,54.55,1
Vid-20260421-Wa0021,3,12,6,-74.24,-53.32,54.39,1
Vid-20260421-Wa0021,3,12,7,-74.94,-61.23,60.98,1
Vid-20260421-Wa0021,3,13,0,-74.35,-58.65,57.77,1
Vid-20260421-Wa0021,3,13,1,-72.95,-54.04,54.55,1
Vid-20260421-Wa0021,3,13,2,-74.24,-53.32,54.39,1
Vid-20260421-Wa0021,3,13,3,-74.94,-61.23,60.98,1
Vid-20260421-Wa0021,3,13,4,-76.23,-55.76,57.31,1
Vid-20260421-Wa0021,3,13,5,-75.0,-55.2,55.53,1
Vid-20260421-Wa0021,3,13,6,-75.78,-51.26,53.05,1
Vid-20260421-Wa0021,3,13,7,-76.91,-55.86,55.03,1
Vid-20260421-Wa0021,4,0,0,,,,0
Vid-20260421-Wa0021,4,0,1,,,,0
Vid-20260421-Wa0021,4,0,2,-0.47,-24.65,-34.15,1
Vid-20260421-Wa0021,4,0,3,3.77,-27.85,-38.34,1
Vid-20260421-Wa0021,4,0,4,6.04,-28.92,-35.2,1
Vid-20260421-Wa0021,4,0,5,19.65,-30.83,-33.26,1
Vid-20260421-Wa0021,4,0,6,63.59,-32.92,-32.53,1
Vid-20260421-Wa0021,4,0,7,72.26,-12.03,-10.05,1
Vid-20260421-Wa0021,4,1,0,6.04,-28.92,-35.2,1
Vid-20260421-Wa0021,4,1,1,19.65,-30.83,-33.26,1
Vid-20260421-Wa0021,4,1,2,63.59,-32.92,-32.53,1
Vid-20260421-Wa0021,4,1,3,72.26,-12.03,-10.05,1
Vid-20260421-Wa0021,4,1,4,76.95,4.93,7.0,1
Vid-20260421-Wa0021,4,1,5,78.78,6.77,9.44,1
Vid-20260421-Wa0021,4,1,6,64.74,-5.04,-1.86,1
Vid-20260421-Wa0021,4,1,7,59.25,-7.37,-4.47,1
Vid-20260421-Wa0021,4,2,0,76.95,4.93,7.0,1
Vid-20260421-Wa0021,4,2,1,78.78,6.77,9.44,1
Vid-20260421-Wa0021,4,2,2,64.74,-5.04,-1.86,1
Vid-20260421-Wa0021,4,2,3,59.25,-7.37,-4.47,1
Vid-20260421-Wa0021,4,2,4,55.42,-8.9,-4.23,1
Vid-20260421-Wa0021,4,2,5,58.02,-8.72,-5.06,1
Vid-20260421-Wa0021,4,2,6,67.24,-11.59,-9.11,1
Vid-20260421-Wa0021,4,2,7,68.2,-12.21,-9.31,1
Vid-20260421-Wa0021,4,3,0,55.42,-8.9,-4.23,1
Vid-20260421-Wa0021,4,3,1,58.02,-8.72,-5.06,1
Vid-20260421-Wa0021,4,3,2,67.24,-11.59,-9.11,1
Vid-20260421-Wa0021,4,3,3,68.2,-12.21,-9.31,1
Vid-20260421-Wa0021,4,3,4,67.72,-13.65,-10.95,1
Vid-20260421-Wa0021,4,3,5,67.82,-15.21,-12.79,1
Vid-20260421-Wa0021,4,3,6,62.8,-16.98,-13.9,1
Vid-20260421-Wa0021,4,3,7,58.14,-16.65,-13.5,1
Vid-20260421-Wa0021,4,4,0,67.72,-13.65,-10.95,1
Vid-20260421-Wa0021,4,4,1,67.82,-15.21,-12.79,1
Vid-20260421-Wa0021,4,4,2,62.8,-16.98,-13.9,1
Vid-20260421-Wa0021,4,4,3,58.14,-16.65,-13.5,1
Vid-20260421-Wa0021,4,4,4,54.81,-14.62,-10.39,1
Vid-20260421-Wa0021,4,4,5,32.85,-8.39,-5.85,1
Vid-20260421-Wa0021,4,4,6,33.44,-9.64,-6.19,1
Vid-20260421-Wa0021,4,4,7,31.95,-9.48,-6.24,1
Vid-20260421-Wa0021,4,5,0,54.81,-14.62,-10.39,1
Vid-20260421-Wa0021,4,5,1,32.85,-8.39,-5.85,1
Vid-20260421-Wa0021,4,5,2,33.44,-9.64,-6.19,1
Vid-20260421-Wa0021,4,5,3,31.95,-9.48,-6.24,1
Vid-20260421-Wa0021,4,5,4,37.36,-8.97,-9.42,1
Vid-20260421-Wa0021,4,5,5,46.45,-12.75,-13.88,1
Vid-20260421-Wa0021,4,5,6,53.98,-16.62,-17.02,1
Vid-20260421-Wa0021,4,5,7,74.8,-29.51,-28.11,1
Vid-20260421-Wa0021,4,6,0,37.36,-8.97,-9.42,1
Vid-20260421-Wa0021,4,6,1,46.45,-12.75,-13.88,1
Vid-20260421-Wa0021,4,6,2,53.98,-16.62,-17.02,1
Vid-20260421-Wa0021,4,6,3,74.8,-29.51,-28.11,1
Vid-20260421-Wa0021,4,6,4,68.19,-51.89,-49.24,1
Vid-20260421-Wa0021,4,6,5,58.88,-53.1,-52.03,1
Vid-20260421-Wa0021,4,6,6,,,,0
Vid-20260421-Wa0021,4,6,7,,,,0
Vid-20260421-Wa0021,4,7,0,68.19,-51.89,-49.24,1
Vid-20260421-Wa0021,4,7,1,58.88,-53.1,-52.03,1
Vid-20260421-Wa0021,4,7,2,,,,0
Vid-20260421-Wa0021,4,7,3,,,,0
Vid-20260421-Wa0021,4,7,4,,,,0
Vid-20260421-Wa0021,4,7,5,,,,0
Vid-20260421-Wa0021,4,7,6,,,,0
Vid-20260421-Wa0021,4,7,7,,,,0
Vid-20260421-Wa0021,4,8,0,,,,0
Vid-20260421-Wa0021,4,8,1,,,,0
Vid-20260421-Wa0021,4,8,2,,,,0
Vid-20260421-Wa0021,4,8,3,,,,0
Vid-20260421-Wa0021,4,8,4,47.86,-51.14,-52.97,1
Vid-20260421-Wa0021,4,8,5,46.25,-48.67,-53.1,1
Vid-20260421-Wa0021,4,8,6,50.35,-24.34,-19.62,1
Vid-20260421-Wa0021,4,8,7,52.91,-17.83,-10.45,1
Vid-20260421-Wa0021,4,9,0,47.86,-51.14,-52.97,1
Vid-20260421-Wa0021,4,9,1,46.25,-48.67,-53.1,1
Vid-20260421-Wa0021,4,9,2,50.35,-24.34,-19.62,1
Vid-20260421-Wa0021,4,9,3,52.91,-17.83,-10.45,1
Vid-20260421-Wa0021,4,9,4,61.48,-14.62,-7.36,1
Vid-20260421-Wa0021,4,9,5,55.39,-11.05,-3.83,1
Vid-20260421-Wa0021,4,9,6,53.4,-13.02,-4.06,1
Vid-20260421-Wa0021,4,9,7,51.81,-11.53,-2.52,1
Vid-20260421-Wa0021,4,10,0,61.48,-14.62,-7.36,1
Vid-20260421-Wa0021,4,10,1,55.39,-11.05,-3.83,1
Vid-20260421-Wa0021,4,10,2,53.4,-13.02,-4.06,1
Vid-20260421-Wa0021,4,10,3,51.81,-11.53,-2.52,1
Vid-20260421-Wa0021,4,10,4,50.9,-12.68,-3.6,1
Vid-20260421-Wa0021,4,10,5,49.4,-13.1,-3.65,1
Vid-20260421-Wa0021,4,10,6,46.83,-13.38,-3.14,1
Vid-20260421-Wa0021,4,10,7,44.4,-12.9,-3.67,1
Vid-20260421-Wa0021,4,11,0,50.9,-12.68,-3.6,1
Vid-20260421-Wa0021,4,11,1,49.4,-13.1,-3.65,1
Vid-20260421-Wa0021,4,11,2,46.83,-13.38,-3.14,1
Vid-20260421-Wa0021,4,11,3,44.4,-12.9,-3.67,1
Vid-20260421-Wa0021,4,11,4,44.12,-12.84,-2.81,1
Vid-20260421-Wa0021,4,11,5,40.96,-15.66,-4.76,1
Vid-20260421-Wa0021,4,11,6,41.19,-13.95,-3.56,1
Vid-20260421-Wa0021,4,11,7,41.63,-11.57,-3.12,1
Vid-20260421-Wa0021,4,12,0,44.12,-12.84,-2.81,1
Vid-20260421-Wa0021,4,12,1,40.96,-15.66,-4.76,1
Vid-20260421-Wa0021,4,12,2,41.19,-13.95,-3.56,1
Vid-20260421-Wa0021,4,12,3,41.63,-11.57,-3.12,1
Vid-20260421-Wa0021,4,12,4,35.67,-14.64,-3.31,1
Vid-20260421-Wa0021,4,12,5,40.41,-13.97,-2.81,1
Vid-20260421-Wa0021,4,12,6,38.46,-13.55,-3.14,1
Vid-20260421-Wa0021,4,12,7,37.19,-13.25,-2.59,1
Vid-20260421-Wa0021,4,13,0,35.67,-14.64,-3.31,1
Vid-20260421-Wa0021,4,13,1,40.41,-13.97,-2.81,1
Vid-20260421-Wa0021,4,13,2,38.46,-13.55,-3.14,1
Vid-20260421-Wa0021,4,13,3,37.19,-13.25,-2.59,1
Vid-20260421-Wa0021,4,13,4,38.6,-14.67,-2.55,1
Vid-20260421-Wa0021,4,13,5,38.25,-12.92,-3.3,1
Vid-20260421-Wa0021,4,13,6,40.7,-10.95,-2.02,1
Vid-20260421-Wa0021,4,13,7,38.19,-12.07,-2.41,1
Vid-20260421-Wa0021,5,0,0,-40.74,-10.55,-0.3,1
Vid-20260421-Wa0021,5,0,1,-29.5,-6.73,9.33,1
Vid-20260421-Wa0021,5,0,2,-32.98,-10.53,8.86,1
Vid-20260421-Wa0021,5,0,3,-51.98,-18.54,21.03,1
Vid-20260421-Wa0021,5,0,4,9.33,-16.27,-1.59,1
Vid-20260421-Wa0021,5,0,5,10.38,-18.21,-2.01,1
Vid-20260421-Wa0021,5,0,6,-17.19,-10.91,-0.47,1
Vid-20260421-Wa0021,5,0,7,-46.14,-8.13,-5.73,1
Vid-20260421-Wa0021,5,1,0,9.33,-16.27,-1.59,1
Vid-20260421-Wa0021,5,1,1,10.38,-18.21,-2.01,1
Vid-20260421-Wa0021,5,1,2,-17.19,-10.91,-0.47,1
Vid-20260421-Wa0021,5,1,3,-46.14,-8.13,-5.73,1
Vid-20260421-Wa0021,5,1,4,-41.9,-9.3,-5.03,1
Vid-20260421-Wa0021,5,1,5,-37.07,-8.39,-2.22,1
Vid-20260421-Wa0021,5,1,6,-27.91,-6.93,1.88,1
Vid-20260421-Wa0021,5,1,7,14.76,-14.04,0.38,1
Vid-20260421-Wa0021,5,2,0,-41.9,-9.3,-5.03,1
Vid-20260421-Wa0021,5,2,1,-37.07,-8.39,-2.22,1
Vid-20260421-Wa0021,5,2,2,-27.91,-6.93,1.88,1
Vid-20260421-Wa0021,5,2,3,14.76,-14.04,0.38,1
Vid-20260421-Wa0021,5,2,4,21.32,-12.45,-8.92,1
Vid-20260421-Wa0021,5,2,5,21.41,-13.88,-8.6,1
Vid-20260421-Wa0021,5,2,6,25.46,-17.63,-14.31,1
Vid-20260421-Wa0021,5,2,7,19.62,-21.67,-12.0,1
Vid-20260421-Wa0021,5,3,0,21.32,-12.45,-8.92,1
Vid-20260421-Wa0021,5,3,1,21.41,-13.88,-8.6,1
Vid-20260421-Wa0021,5,3,2,25.46,-17.63,-14.31,1
Vid-20260421-Wa0021,5,3,3,19.62,-21.67,-12.0,1
Vid-20260421-Wa0021,5,3,4,31.84,-17.55,-11.62,1
Vid-20260421-Wa0021,5,3,5,56.34,-26.3,-22.04,1
Vid-20260421-Wa0021,5,3,6,47.34,-17.93,-11.84,1
Vid-20260421-Wa0021,5,3,7,25.61,-13.74,-8.37,1
Vid-20260421-Wa0021,5,4,0,31.84,-17.55,-11.62,1
Vid-20260421-Wa0021,5,4,1,56.34,-26.3,-22.04,1
Vid-20260421-Wa0021,5,4,2,47.34,-17.93,-11.84,1
Vid-20260421-Wa0021,5,4,3,25.61,-13.74,-8.37,1
Vid-20260421-Wa0021,5,4,4,17.98,-13.23,-8.76,1
Vid-20260421-Wa0021,5,4,5,-1.53,-8.28,-2.36,1
Vid-20260421-Wa0021,5,4,6,-7.42,-4.18,-0.85,1
Vid-20260421-Wa0021,5,4,7,-9.03,-4.02,0.63,1
Vid-20260421-Wa0021,5,5,0,17.98,-13.23,-8.76,1
Vid-20260421-Wa0021,5,5,1,-1.53,-8.28,-2.36,1
Vid-20260421-Wa0021,5,5,2,-7.42,-4.18,-0.85,1
Vid-20260421-Wa0021,5,5,3,-9.03,-4.02,0.63,1
Vid-20260421-Wa0021,5,5,4,-26.6,-4.61,1.35,1
Vid-20260421-Wa0021,5,5,5,-48.24,-3.75,1.53,1
Vid-20260421-Wa0021,5,5,6,-63.38,-35.16,32.91,1
Vid-20260421-Wa0021,5,5,7,-37.56,-5.38,-5.64,1
Vid-20260421-Wa0021,5,6,0,-26.6,-4.61,1.35,1
Vid-20260421-Wa0021,5,6,1,-48.24,-3.75,1.53,1
Vid-20260421-Wa0021,5,6,2,-63.38,-35.16,32.91,1
Vid-20260421-Wa0021,5,6,3,-37.56,-5.38,-5.64,1
Vid-20260421-Wa0021,5,6,4,-40.8,-5.49,-2.9,1
Vid-20260421-Wa0021,5,6,5,23.42,-11.44,-7.31,1
Vid-20260421-Wa0021,5,6,6,21.3,-10.96,-11.48,1
Vid-20260421-Wa0021,5,6,7,16.76,-10.72,-10.77,1
Vid-20260421-Wa0021,5,7,0,-40.8,-5.49,-2.9,1
Vid-20260421-Wa0021,5,7,1,23.42,-11.44,-7.31,1
Vid-20260421-Wa0021,5,7,2,21.3,-10.96,-11.48,1
Vid-20260421-Wa0021,5,7,3,16.76,-10.72,-10.77,1
Vid-20260421-Wa0021,5,7,4,-43.14,-12.12,7.71,1
Vid-20260421-Wa0021,5,7,5,-52.6,-17.19,11.06,1
Vid-20260421-Wa0021,5,7,6,-54.59,-16.85,9.84,1
Vid-20260421-Wa0021,5,7,7,-50.54,-17.32,15.44,1
Vid-20260421-Wa0021,5,8,0,-43.14,-12.12,7.71,1
Vid-20260421-Wa0021,5,8,1,-52.6,-17.19,11.06,1
Vid-20260421-Wa0021,5,8,2,-54.59,-16.85,9.84,1
Vid-20260421-Wa0021,5,8,3,-50.54,-17.32,15.44,1
Vid-20260421-Wa0021,5,8,4,1.93,-11.37,4.0,1
Vid-20260421-Wa0021,5,8,5,-1.23,-6.36,3.09,1
Vid-20260421-Wa0021,5,8,6,-64.92,-27.96,19.92,1
Vid-20260421-Wa0021,5,8,7,-63.6,-11.65,5.06,1
Vid-20260421-Wa0021,5,9,0,1.93,-11.37,4.0,1
Vid-20260421-Wa0021,5,9,1,-1.23,-6.36,3.09,1
Vid-20260421-Wa0021,5,9,2,-64.92,-27.96,19.92,1
Vid-20260421-Wa0021,5,9,3,-63.6,-11.65,5.06,1
Vid-20260421-Wa0021,5,9,4,-3.65,-12.32,0.2,1
Vid-20260421-Wa0021,5,9,5,17.1,-16.58,-9.47,1
Vid-20260421-Wa0021,5,9,6,15.55,-12.45,-10.73,1
Vid-20260421-Wa0021,5,9,7,9.7,-8.21,-8.73,1
Vid-20260421-Wa0021,5,10,0,-3.65,-12.32,0.2,1
Vid-20260421-Wa0021,5,10,1,17.1,-16.58,-9.47,1
Vid-20260421-Wa0021,5,10,2,15.55,-12.45,-10.73,1
Vid-20260421-Wa0021,5,10,3,9.7,-8.21,-8.73,1
Vid-20260421-Wa0021,5,10,4,-69.34,-1.27,-4.29,1
Vid-20260421-Wa0021,5,10,5,-52.22,-8.78,1.95,1
Vid-20260421-Wa0021,5,10,6,-28.48,-8.48,-0.77,1
Vid-20260421-Wa0021,5,10,7,35.71,-23.16,-18.83,1
Vid-20260421-Wa0021,5,11,0,-69.34,-1.27,-4.29,1
Vid-20260421-Wa0021,5,11,1,-52.22,-8.78,1.95,1
Vid-20260421-Wa0021,5,11,2,-28.48,-8.48,-0.77,1
Vid-20260421-Wa0021,5,11,3,35.71,-23.16,-18.83,1
Vid-20260421-Wa0021,5,11,4,33.15,-19.32,-16.01,1
Vid-20260421-Wa0021,5,11,5,7.17,-11.42,-8.54,1
Vid-20260421-Wa0021,5,11,6,-47.49,-3.42,-2.28,1
Vid-20260421-Wa0021,5,11,7,-52.88,-6.16,1.1,1
Vid-20260421-Wa0021,5,12,0,33.15,-19.32,-16.01,1
Vid-20260421-Wa0021,5,12,1,7.17,-11.42,-8.54,1
Vid-20260421-Wa0021,5,12,2,-47.49,-3.42,-2.28,1
Vid-20260421-Wa0021,5,12,3,-52.88,-6.16,1.1,1
Vid-20260421-Wa0021,5,12,4,-53.84,-14.81,10.61,1
Vid-20260421-Wa0021,5,12,5,-52.72,-21.1,16.0,1
Vid-20260421-Wa0021,5,12,6,-56.18,-28.88,25.45,1
Vid-20260421-Wa0021,5,12,7,-50.51,-25.55,21.19,1
Vid-20260421-Wa0021,5,13,0,-53.84,-14.81,10.61,1
Vid-20260421-Wa0021,5,13,1,-52.72,-21.1,16.0,1
Vid-20260421-Wa0021,5,13,2,-56.18,-28.88,25.45,1
Vid-20260421-Wa0021,5,13,3,-50.51,-25.55,21.19,1
Vid-20260421-Wa0021,5,13,4,-23.39,-16.9,13.35,1
Vid-20260421-Wa0021,5,13,5,-13.56,-10.56,8.93,1
Vid-20260421-Wa0021,5,13,6,18.07,-14.54,-3.83,1
Vid-20260421-Wa0021,5,13,7,21.72,-12.52,-10.02,1
Vid-20260421-Wa0021,6,0,0,3.45,-27.0,-27.03,1
Vid-20260421-Wa0021,6,0,1,3.18,-26.02,-34.57,1
Vid-20260421-Wa0021,6,0,2,1.96,-24.45,-33.9,1
Vid-20260421-Wa0021,6,0,3,,,,0
Vid-20260421-Wa0021,6,0,4,,,,0
Vid-20260421-Wa0021,6,0,5,37.93,-40.51,-42.59,1
Vid-20260421-Wa0021,6,0,6,64.22,-33.49,-33.31,1
Vid-20260421-Wa0021,6,0,7,51.33,-6.78,-9.83,1
Vid-20260421-Wa0021,6,1,0,,,,0
Vid-20260421-Wa0021,6,1,1,37.93,-40.51,-42.59,1
Vid-20260421-Wa0021,6,1,2,64.22,-33.49,-33.31,1
Vid-20260421-Wa0021,6,1,3,51.33,-6.78,-9.83,1
Vid-20260421-Wa0021,6,1,4,54.33,-0.49,-1.47,1
Vid-20260421-Wa0021,6,1,5,57.06,1.69,0.21,1
Vid-20260421-Wa0021,6,1,6,42.45,-3.9,-3.59,1
Vid-20260421-Wa0021,6,1,7,39.76,-5.14,-4.44,1
Vid-20260421-Wa0021,6,2,0,54.33,-0.49,-1.47,1
Vid-20260421-Wa0021,6,2,1,57.06,1.69,0.21,1
Vid-20260421-Wa0021,6,2,2,42.45,-3.9,-3.59,1
Vid-20260421-Wa0021,6,2,3,39.76,-5.14,-4.44,1
Vid-20260421-Wa0021,6,2,4,35.88,-6.72,-4.13,1
Vid-20260421-Wa0021,6,2,5,37.61,-6.47,-5.52,1
Vid-20260421-Wa0021,6,2,6,44.42,-4.96,-7.69,1
Vid-20260421-Wa0021,6,2,7,44.3,-4.95,-6.64,1
Vid-20260421-Wa0021,6,3,0,35.88,-6.72,-4.13,1
Vid-20260421-Wa0021,6,3,1,37.61,-6.47,-5.52,1
Vid-20260421-Wa0021,6,3,2,44.42,-4.96,-7.69,1
Vid-20260421-Wa0021,6,3,3,44.3,-4.95,-6.64,1
Vid-20260421-Wa0021,6,3,4,45.78,-6.6,-7.73,1
Vid-20260421-Wa0021,6,3,5,46.07,-6.6,-7.94,1
Vid-20260421-Wa0021,6,3,6,43.65,-6.46,-8.69,1
Vid-20260421-Wa0021,6,3,7,38.69,-9.33,-9.77,1
Vid-20260421-Wa0021,6,4,0,45.78,-6.6,-7.73,1
Vid-20260421-Wa0021,6,4,1,46.07,-6.6,-7.94,1
Vid-20260421-Wa0021,6,4,2,43.65,-6.46,-8.69,1
Vid-20260421-Wa0021,6,4,3,38.69,-9.33,-9.77,1
Vid-20260421-Wa0021,6,4,4,34.67,-8.42,-7.51,1
Vid-20260421-Wa0021,6,4,5,34.4,-8.01,-5.87,1
Vid-20260421-Wa0021,6,4,6,34.28,-9.49,-6.26,1
Vid-20260421-Wa0021,6,4,7,49.83,-12.92,-8.32,1
Vid-20260421-Wa0021,6,5,0,34.67,-8.42,-7.51,1
Vid-20260421-Wa0021,6,5,1,34.4,-8.01,-5.87,1
Vid-20260421-Wa0021,6,5,2,34.28,-9.49,-6.26,1
Vid-20260421-Wa0021,6,5,3,49.83,-12.92,-8.32,1
Vid-20260421-Wa0021,6,5,4,57.49,-15.13,-11.3,1
Vid-20260421-Wa0021,6,5,5,65.66,-18.37,-14.84,1
Vid-20260421-Wa0021,6,5,6,72.4,-23.88,-22.58,1
Vid-20260421-Wa0021,6,5,7,74.56,-29.98,-29.18,1
Vid-20260421-Wa0021,6,6,0,57.49,-15.13,-11.3,1
Vid-20260421-Wa0021,6,6,1,65.66,-18.37,-14.84,1
Vid-20260421-Wa0021,6,6,2,72.4,-23.88,-22.58,1
Vid-20260421-Wa0021,6,6,3,74.56,-29.98,-29.18,1
Vid-20260421-Wa0021,6,6,4,67.7,-50.56,-47.65,1
Vid-20260421-Wa0021,6,6,5,56.15,-49.96,-49.02,1
Vid-20260421-Wa0021,6,6,6,42.8,-42.61,-44.17,1
Vid-20260421-Wa0021,6,6,7,,,,0
Vid-20260421-Wa0021,7,0,0,-64.1,-42.12,42.21,1
Vid-20260421-Wa0021,7,0,1,-63.0,-31.07,36.53,1
Vid-20260421-Wa0021,7,0,2,-57.78,-45.46,40.43,1
Vid-20260421-Wa0021,7,0,3,-57.26,-35.62,31.92,1
Vid-20260421-Wa0021,7,0,4,-49.25,-37.09,24.07,1
Vid-20260421-Wa0021,7,0,5,-63.56,-53.93,48.94,1
Vid-20260421-Wa0021,7,0,6,-61.61,-54.39,49.62,1
Vid-20260421-Wa0021,7,0,7,-61.59,-50.56,46.83,1
Vid-20260421-Wa0021,7,1,0,-49.25,-37.09,24.07,1
Vid-20260421-Wa0021,7,1,1,-63.56,-53.93,48.94,1
Vid-20260421-Wa0021,7,1,2,-61.61,-54.39,49.62,1
Vid-20260421-Wa0021,7,1,3,-61.59,-50.56,46.83,1
Vid-20260421-Wa0021,7,1,4,-60.78,-51.64,45.49,1
Vid-20260421-Wa0021,7,1,5,-61.56,-43.47,39.34,1
Vid-20260421-Wa0021,7,1,6,-59.69,-45.99,39.93,1
Vid-20260421-Wa0021,7,1,7,-60.58,-50.67,45.1,1
Vid-20260421-Wa0021,8,0,0,,,,0
Vid-20260421-Wa0021,8,0,1,,,,0
Vid-20260421-Wa0021,8,0,2,,,,0
Vid-20260421-Wa0021,8,0,3,,,,0
Vid-20260421-Wa0021,8,0,4,12.49,46.68,-3.96,1
Vid-20260421-Wa0021,8,0,5,8.57,50.41,-10.47,1
Vid-20260421-Wa0021,8,0,6,-22.83,55.0,-0.89,1
Vid-20260421-Wa0021,8,0,7,14.89,59.2,-9.07,1
Vid-20260421-Wa0021,8,1,0,12.49,46.68,-3.96,1
Vid-20260421-Wa0021,8,1,1,8.57,50.41,-10.47,1
Vid-20260421-Wa0021,8,1,2,-22.83,55.0,-0.89,1
Vid-20260421-Wa0021,8,1,3,14.89,59.2,-9.07,1
Vid-20260421-Wa0021,8,1,4,,,,0
Vid-20260421-Wa0021,8,1,5,,,,0
Vid-20260421-Wa0021,8,1,6,-3.37,69.53,-5.69,1
Vid-20260421-Wa0021,8,1,7,37.22,49.37,-23.72,1
Vid-20260421-Wa0021,8,2,0,,,,0
Vid-20260421-Wa0021,8,2,1,,,,0
Vid-20260421-Wa0021,8,2,2,-3.37,69.53,-5.69,1
Vid-20260421-Wa0021,8,2,3,37.22,49.37,-23.72,1
Vid-20260421-Wa0021,8,2,4,,,,0
Vid-20260421-Wa0021,8,2,5,,,,0
Vid-20260421-Wa0021,8,2,6,,,,0
Vid-20260421-Wa0021,8,2,7,,,,0
Vid-20260421-Wa0021,8,3,0,,,,0
Vid-20260421-Wa0021,8,3,1,,,,0
Vid-20260421-Wa0021,8,3,2,,,,0
Vid-20260421-Wa0021,8,3,3,,,,0
Vid-20260421-Wa0021,8,3,4,,,,0
Vid-20260421-Wa0021,8,3,5,,,,0
Vid-20260421-Wa0021,8,3,6,,,,0
Vid-20260421-Wa0021,8,3,7,-11.86,69.66,-4.88,1
Vid-20260421-Wa0021,8,4,0,,,,0
Vid-20260421-Wa0021,8,4,1,,,,0
Vid-20260421-Wa0021,8,4,2,,,,0
Vid-20260421-Wa0021,8,4,3,-11.86,69.66,-4.88,1
Vid-20260421-Wa0021,8,4,4,,,,0
Vid-20260421-Wa0021,8,4,5,22.01,55.54,-16.07,1
Vid-20260421-Wa0021,8,4,6,,,,0
Vid-20260421-Wa0021,8,4,7,,,,0
Vid-20260421-Wa0021,8,5,0,,,,0
Vid-20260421-Wa0021,8,5,1,22.01,55.54,-16.07,1
Vid-20260421-Wa0021,8,5,2,,,,0
Vid-20260421-Wa0021,8,5,3,,,,0
Vid-20260421-Wa0021,8,5,4,,,,0
Vid-20260421-Wa0021,8,5,5,,,,0
Vid-20260421-Wa0021,8,5,6,,,,0
Vid-20260421-Wa0021,8,5,7,,,,0
Vid-20260421-Wa0021,8,6,0,,,,0
Vid-20260421-Wa0021,8,6,1,,,,0
Vid-20260421-Wa0021,8,6,2,,,,0
Vid-20260421-Wa0021,8,6,3,,,,0
Vid-20260421-Wa0021,8,6,4,,,,0
Vid-20260421-Wa0021,8,6,5,7.31,43.39,-10.52,1
Vid-20260421-Wa0021,8,6,6,,,,0
Vid-20260421-Wa0021,8,6,7,,,,0
Vid-20260421-Wa0021,8,7,0,,,,0
Vid-20260421-Wa0021,8,7,1,7.31,43.39,-10.52,1
Vid-20260421-Wa0021,8,7,2,,,,0
Vid-20260421-Wa0021,8,7,3,,,,0
Vid-20260421-Wa0021,8,7,4,-17.28,33.92,1.39,1
Vid-20260421-Wa0021,8,7,5,,,,0
Vid-20260421-Wa0021,8,7,6,,,,0
Vid-20260421-Wa0021,8,7,7,-6.05,48.9,-4.34,1
Vid-20260421-Wa0021,8,8,0,-17.28,33.92,1.39,1
Vid-20260421-Wa0021,8,8,1,,,,0
Vid-20260421-Wa0021,8,8,2,,,,0
Vid-20260421-Wa0021,8,8,3,-6.05,48.9,-4.34,1
Vid-20260421-Wa0021,8,8,4,36.03,45.48,-23.86,1
Vid-20260421-Wa0021,8,8,5,,,,0
Vid-20260421-Wa0021,8,8,6,,,,0
Vid-20260421-Wa0021,8,8,7,,,,0
Vid-20260421-Wa0021,8,9,0,36.03,45.48,-23.86,1
Vid-20260421-Wa0021,8,9,1,,,,0
Vid-20260421-Wa0021,8,9,2,,,,0
Vid-20260421-Wa0021,8,9,3,,,,0
Vid-20260421-Wa0021,8,9,4,14.24,46.48,-13.15,1
Vid-20260421-Wa0021,8,9,5,-12.3,42.41,-5.14,1
Vid-20260421-Wa0021,8,9,6,-18.32,42.96,-0.84,1
Vid-20260421-Wa0021,8,9,7,,,,0
Vid-20260421-Wa0021,8,10,0,14.24,46.48,-13.15,1
Vid-20260421-Wa0021,8,10,1,-12.3,42.41,-5.14,1
Vid-20260421-Wa0021,8,10,2,-18.32,42.96,-0.84,1
Vid-20260421-Wa0021,8,10,3,,,,0
Vid-20260421-Wa0021,8,10,4,,,,0
Vid-20260421-Wa0021,8,10,5,,,,0
Vid-20260421-Wa0021,8,10,6,,,,0
Vid-20260421-Wa0021,8,10,7,,,,0
Vid-20260421-Wa0021,8,11,0,,,,0
Vid-20260421-Wa0021,8,11,1,,,,0
Vid-20260421-Wa0021,8,11,2,,,,0
Vid-20260421-Wa0021,8,11,3,,,,0
Vid-20260421-Wa0021,8,11,4,,,,0
Vid-20260421-Wa0021,8,11,5,,,,0
Vid-20260421-Wa0021,8,11,6,,,,0
Vid-20260421-Wa0021,8,11,7,,,,0
Vid-20260421-Wa0021,8,12,0,,,,0
Vid-20260421-Wa0021,8,12,1,,,,0
Vid-20260421-Wa0021,8,12,2,,,,0
Vid-20260421-Wa0021,8,12,3,,,,0
Vid-20260421-Wa0021,8,12,4,,,,0
Vid-20260421-Wa0021,8,12,5,,,,0
Vid-20260421-Wa0021,8,12,6,,,,0
Vid-20260421-Wa0021,8,12,7,,,,0
Vid-20260421-Wa0021,8,13,0,,,,0
Vid-20260421-Wa0021,8,13,1,,,,0
Vid-20260421-Wa0021,8,13,2,,,,0
Vid-20260421-Wa0021,8,13,3,,,,0
Vid-20260421-Wa0021,8,13,4,,,,0
Vid-20260421-Wa0021,8,13,5,,,,0
Vid-20260421-Wa0021,8,13,6,,,,0
Vid-20260421-Wa0021,8,13,7,,,,0
Vid-20260421-Wa0021,9,0,0,-53.91,-13.8,11.51,1
Vid-20260421-Wa0021,9,0,1,-53.04,-17.15,11.92,1
Vid-20260421-Wa0021,9,0,2,-46.66,-22.47,17.43,1
Vid-20260421-Wa0021,9,0,3,13.96,-14.44,-1.46,1
Vid-20260421-Wa0021,9,0,4,14.08,-14.24,-0.9,1
Vid-20260421-Wa0021,9,0,5,-16.57,-10.09,-1.38,1
Vid-20260421-Wa0021,9,0,6,-69.63,3.53,-14.43,1
Vid-20260421-Wa0021,9,0,7,-63.95,-0.28,-11.19,1
Vid-20260421-Wa0021,9,1,0,14.08,-14.24,-0.9,1
Vid-20260421-Wa0021,9,1,1,-16.57,-10.09,-1.38,1
Vid-20260421-Wa0021,9,1,2,-69.63,3.53,-14.43,1
Vid-20260421-Wa0021,9,1,3,-63.95,-0.28,-11.19,1
Vid-20260421-Wa0021,9,1,4,-62.66,-3.94,-5.48,1
Vid-20260421-Wa0021,9,1,5,-45.68,-11.43,5.31,1
Vid-20260421-Wa0021,9,1,6,17.0,-12.04,0.05,1
Vid-20260421-Wa0021,9,1,7,30.45,-16.8,-12.06,1
Vid-20260421-Wa0021,9,2,0,-62.66,-3.94,-5.48,1
Vid-20260421-Wa0021,9,2,1,-45.68,-11.43,5.31,1
Vid-20260421-Wa0021,9,2,2,17.0,-12.04,0.05,1
Vid-20260421-Wa0021,9,2,3,30.45,-16.8,-12.06,1
Vid-20260421-Wa0021,9,2,4,35.32,-17.15,-11.91,1
Vid-20260421-Wa0021,9,2,5,36.63,-24.85,-19.43,1
Vid-20260421-Wa0021,9,2,6,32.71,-22.49,-15.71,1
Vid-20260421-Wa0021,9,2,7,41.07,-22.49,-15.12,1
Vid-20260421-Wa0021,9,3,0,35.32,-17.15,-11.91,1
Vid-20260421-Wa0021,9,3,1,36.63,-24.85,-19.43,1
Vid-20260421-Wa0021,9,3,2,32.71,-22.49,-15.71,1
Vid-20260421-Wa0021,9,3,3,41.07,-22.49,-15.12,1
Vid-20260421-Wa0021,9,3,4,73.83,-24.86,-22.22,1
Vid-20260421-Wa0021,9,3,5,61.48,-21.24,-15.5,1
Vid-20260421-Wa0021,9,3,6,41.04,-18.83,-12.4,1
Vid-20260421-Wa0021,9,3,7,26.11,-15.55,-9.58,1
Vid-20260421-Wa0021,9,4,0,73.83,-24.86,-22.22,1
Vid-20260421-Wa0021,9,4,1,61.48,-21.24,-15.5,1
Vid-20260421-Wa0021,9,4,2,41.04,-18.83,-12.4,1
Vid-20260421-Wa0021,9,4,3,26.11,-15.55,-9.58,1
Vid-20260421-Wa0021,9,4,4,-0.09,-5.96,-2.62,1
Vid-20260421-Wa0021,9,4,5,-1.8,-3.7,-0.15,1
Vid-20260421-Wa0021,9,4,6,-9.41,-4.22,1.32,1
Vid-20260421-Wa0021,9,4,7,-38.82,-4.61,1.0,1
Vid-20260421-Wa0021,9,5,0,-0.09,-5.96,-2.62,1
Vid-20260421-Wa0021,9,5,1,-1.8,-3.7,-0.15,1
Vid-20260421-Wa0021,9,5,2,-9.41,-4.22,1.32,1
Vid-20260421-Wa0021,9,5,3,-38.82,-4.61,1.0,1
Vid-20260421-Wa0021,9,5,4,-69.48,-9.9,3.87,1
Vid-20260421-Wa0021,9,5,5,-70.08,-14.49,8.78,1
Vid-20260421-Wa0021,9,5,6,-63.81,3.9,-14.11,1
Vid-20260421-Wa0021,9,5,7,-70.24,0.64,-10.07,1
Vid-20260421-Wa0021,9,6,0,-69.48,-9.9,3.87,1
Vid-20260421-Wa0021,9,6,1,-70.08,-14.49,8.78,1
Vid-20260421-Wa0021,9,6,2,-63.81,3.9,-14.11,1
Vid-20260421-Wa0021,9,6,3,-70.24,0.64,-10.07,1
Vid-20260421-Wa0021,9,6,4,38.01,-15.88,-11.4,1
Vid-20260421-Wa0021,9,6,5,35.11,-17.84,-15.69,1
Vid-20260421-Wa0021,9,6,6,30.87,-15.11,-13.96,1
Vid-20260421-Wa0021,9,6,7,-47.84,-12.97,7.93,1
Vid-20260421-Wa0021,9,7,0,38.01,-15.88,-11.4,1
Vid-20260421-Wa0021,9,7,1,35.11,-17.84,-15.69,1
Vid-20260421-Wa0021,9,7,2,30.87,-15.11,-13.96,1
Vid-20260421-Wa0021,9,7,3,-47.84,-12.97,7.93,1
Vid-20260421-Wa0021,9,7,4,-54.41,-16.62,10.02,1
Vid-20260421-Wa0021,9,7,5,-54.07,-19.61,11.88,1
Vid-20260421-Wa0021,9,7,6,-50.43,-17.68,15.32,1
Vid-20260421-Wa0021,9,7,7,5.94,-11.19,3.81,1
Vid-20260421-Wa0023,1,0,0,-54.85,-44.7,32.39,1
Vid-20260421-Wa0023,1,0,1,-50.52,-47.18,36.42,1
Vid-20260421-Wa0023,1,0,2,-40.34,-53.75,29.32,1
Vid-20260421-Wa0023,1,0,3,-40.57,-57.61,32.98,1
Vid-20260421-Wa0023,1,0,4,-49.41,-45.81,29.27,1
Vid-20260421-Wa0023,1,0,5,-40.73,-50.54,27.58,1
Vid-20260421-Wa0023,1,0,6,-42.76,-52.3,30.18,1
Vid-20260421-Wa0023,1,0,7,-43.99,-51.8,31.45,1
Vid-20260421-Wa0023,1,1,0,-49.41,-45.81,29.27,1
Vid-20260421-Wa0023,1,1,1,-40.73,-50.54,27.58,1
Vid-20260421-Wa0023,1,1,2,-42.76,-52.3,30.18,1
Vid-20260421-Wa0023,1,1,3,-43.99,-51.8,31.45,1
Vid-20260421-Wa0023,1,1,4,-48.26,-45.72,29.55,1
Vid-20260421-Wa0023,1,1,5,-50.76,-45.44,33.38,1
Vid-20260421-Wa0023,1,1,6,-48.32,-47.64,31.17,1
Vid-20260421-Wa0023,1,1,7,-42.3,-51.66,30.67,1
Vid-20260421-Wa0023,1,2,0,-48.26,-45.72,29.55,1
Vid-20260421-Wa0023,1,2,1,-50.76,-45.44,33.38,1
Vid-20260421-Wa0023,1,2,2,-48.32,-47.64,31.17,1
Vid-20260421-Wa0023,1,2,3,-42.3,-51.66,30.67,1
Vid-20260421-Wa0023,1,2,4,-45.4,-49.77,31.23,1
Vid-20260421-Wa0023,1,2,5,-50.52,-41.73,30.18,1
Vid-20260421-Wa0023,1,2,6,-49.55,-45.02,32.13,1
Vid-20260421-Wa0023,1,2,7,-44.52,-47.55,28.94,1
Vid-20260421-Wa0023,1,3,0,-45.4,-49.77,31.23,1
Vid-20260421-Wa0023,1,3,1,-50.52,-41.73,30.18,1
Vid-20260421-Wa0023,1,3,2,-49.55,-45.02,32.13,1
Vid-20260421-Wa0023,1,3,3,-44.52,-47.55,28.94,1
Vid-20260421-Wa0023,1,3,4,-44.79,-49.31,34.63,1
Vid-20260421-Wa0023,1,3,5,-51.46,-44.36,34.72,1
Vid-20260421-Wa0023,1,3,6,-44.44,-50.6,34.51,1
Vid-20260421-Wa0023,1,3,7,-38.89,-53.31,33.88,1
Vid-20260421-Wa0023,1,4,0,-44.79,-49.31,34.63,1
Vid-20260421-Wa0023,1,4,1,-51.46,-44.36,34.72,1
Vid-20260421-Wa0023,1,4,2,-44.44,-50.6,34.51,1
Vid-20260421-Wa0023,1,4,3,-38.89,-53.31,33.88,1
Vid-20260421-Wa0023,1,4,4,-47.58,-48.19,36.64,1
Vid-20260421-Wa0023,1,4,5,-47.11,-53.96,47.98,1
Vid-20260421-Wa0023,1,4,6,-40.74,-45.38,21.6,1
Vid-20260421-Wa0023,1,4,7,-47.0,-51.24,33.63,1
Vid-20260421-Wa0023,1,5,0,-47.58,-48.19,36.64,1
Vid-20260421-Wa0023,1,5,1,-47.11,-53.96,47.98,1
Vid-20260421-Wa0023,1,5,2,-40.74,-45.38,21.6,1
Vid-20260421-Wa0023,1,5,3,-47.0,-51.24,33.63,1
Vid-20260421-Wa0023,1,5,4,-47.91,-47.62,38.43,1
Vid-20260421-Wa0023,1,5,5,-45.95,-47.41,38.65,1
Vid-20260421-Wa0023,1,5,6,-33.68,-58.09,35.37,1
Vid-20260421-Wa0023,1,5,7,-47.51,-44.04,34.98,1
Vid-20260421-Wa0023,1,6,0,-47.91,-47.62,38.43,1
Vid-20260421-Wa0023,1,6,1,-45.95,-47.41,38.65,1
Vid-20260421-Wa0023,1,6,2,-33.68,-58.09,35.37,1
Vid-20260421-Wa0023,1,6,3,-47.51,-44.04,34.98,1
Vid-20260421-Wa0023,1,6,4,-47.57,-44.56,35.06,1
Vid-20260421-Wa0023,1,6,5,-45.32,-46.29,34.8,1
Vid-20260421-Wa0023,1,6,6,-50.53,-46.29,35.45,1
Vid-20260421-Wa0023,1,6,7,-54.91,-40.1,34.47,1
Vid-20260421-Wa0023,1,7,0,-47.57,-44.56,35.06,1
Vid-20260421-Wa0023,1,7,1,-45.32,-46.29,34.8,1
Vid-20260421-Wa0023,1,7,2,-50.53,-46.29,35.45,1
Vid-20260421-Wa0023,1,7,3,-54.91,-40.1,34.47,1
Vid-20260421-Wa0023,1,7,4,-50.45,-41.91,26.66,1
Vid-20260421-Wa0023,1,7,5,-55.66,-43.49,32.13,1
Vid-20260421-Wa0023,1,7,6,-56.49,-38.55,29.83,1
Vid-20260421-Wa0023,1,7,7,-53.76,-38.11,29.11,1
Vid-20260421-Wa0023,1,8,0,-50.45,-41.91,26.66,1
Vid-20260421-Wa0023,1,8,1,-55.66,-43.49,32.13,1
Vid-20260421-Wa0023,1,8,2,-56.49,-38.55,29.83,1
Vid-20260421-Wa0023,1,8,3,-53.76,-38.11,29.11,1
Vid-20260421-Wa0023,1,8,4,-42.06,-33.31,17.82,1
Vid-20260421-Wa0023,1,8,5,-32.84,-29.13,10.87,1
Vid-20260421-Wa0023,1,8,6,-30.96,-25.88,5.56,1
Vid-20260421-Wa0023,1,8,7,-32.39,-24.17,4.16,1
Vid-20260421-Wa0023,1,9,0,-42.06,-33.31,17.82,1
Vid-20260421-Wa0023,1,9,1,-32.84,-29.13,10.87,1
Vid-20260421-Wa0023,1,9,2,-30.96,-25.88,5.56,1
Vid-20260421-Wa0023,1,9,3,-32.39,-24.17,4.16,1
Vid-20260421-Wa0023,1,9,4,-31.03,-25.46,5.0,1
Vid-20260421-Wa0023,1,9,5,-31.1,-23.23,4.49,1
Vid-20260421-Wa0023,1,9,6,-26.82,-25.07,5.69,1
Vid-20260421-Wa0023,1,9,7,-33.56,-42.5,24.02,1
Vid-20260421-Wa0023,1,10,0,-31.03,-25.46,5.0,1
Vid-20260421-Wa0023,1,10,1,-31.1,-23.23,4.49,1
Vid-20260421-Wa0023,1,10,2,-26.82,-25.07,5.69,1
Vid-20260421-Wa0023,1,10,3,-33.56,-42.5,24.02,1
Vid-20260421-Wa0023,1,10,4,-36.97,-36.99,11.83,1
Vid-20260421-Wa0023,1,10,5,-31.18,-15.87,5.36,1
Vid-20260421-Wa0023,1,10,6,-7.27,-24.26,-20.21,1
Vid-20260421-Wa0023,1,10,7,-7.86,-28.29,-18.05,1
Vid-20260421-Wa0023,1,11,0,-36.97,-36.99,11.83,1
Vid-20260421-Wa0023,1,11,1,-31.18,-15.87,5.36,1
Vid-20260421-Wa0023,1,11,2,-7.27,-24.26,-20.21,1
Vid-20260421-Wa0023,1,11,3,-7.86,-28.29,-18.05,1
Vid-20260421-Wa0023,1,11,4,-9.15,-36.24,-13.87,1
Vid-20260421-Wa0023,1,11,5,-14.46,-34.48,-12.09,1
Vid-20260421-Wa0023,1,11,6,-15.82,-38.1,-9.13,1
Vid-20260421-Wa0023,1,11,7,-13.85,-35.32,-9.05,1
Vid-20260421-Wa0023,1,12,0,-9.15,-36.24,-13.87,1
Vid-20260421-Wa0023,1,12,1,-14.46,-34.48,-12.09,1
Vid-20260421-Wa0023,1,12,2,-15.82,-38.1,-9.13,1
Vid-20260421-Wa0023,1,12,3,-13.85,-35.32,-9.05,1
Vid-20260421-Wa0023,1,12,4,-12.9,-33.9,-9.3,1
Vid-20260421-Wa0023,1,12,5,-13.4,-32.01,-10.68,1
Vid-20260421-Wa0023,1,12,6,-13.22,-30.82,-11.86,1
Vid-20260421-Wa0023,1,12,7,-15.56,-36.07,-12.04,1
Vid-20260421-Wa0023,10,0,0,,,,0
Vid-20260421-Wa0023,10,0,1,,,,0
Vid-20260421-Wa0023,10,0,2,79.09,-68.08,-65.58,1
Vid-20260421-Wa0023,10,0,3,85.54,-57.87,-53.47,1
Vid-20260421-Wa0023,10,0,4,86.18,-59.63,-55.03,1
Vid-20260421-Wa0023,10,0,5,87.18,-62.19,-56.57,1
Vid-20260421-Wa0023,10,0,6,86.43,-63.24,-58.29,1
Vid-20260421-Wa0023,10,0,7,86.47,-57.73,-53.6,1
Vid-20260421-Wa0023,10,1,0,86.18,-59.63,-55.03,1
Vid-20260421-Wa0023,10,1,1,87.18,-62.19,-56.57,1
Vid-20260421-Wa0023,10,1,2,86.43,-63.24,-58.29,1
Vid-20260421-Wa0023,10,1,3,86.47,-57.73,-53.6,1
Vid-20260421-Wa0023,10,1,4,86.69,-68.3,-62.9,1
Vid-20260421-Wa0023,10,1,5,84.77,-66.48,-61.23,1
Vid-20260421-Wa0023,10,1,6,85.46,-65.59,-59.48,1
Vid-20260421-Wa0023,10,1,7,86.75,-70.72,-64.68,1
Vid-20260421-Wa0023,2,0,0,-31.04,-8.29,-29.61,1
Vid-20260421-Wa0023,2,0,1,-28.48,-12.04,-27.66,1
Vid-20260421-Wa0023,2,0,2,-26.37,-13.09,-27.11,1
Vid-20260421-Wa0023,2,0,3,-26.52,-14.0,-26.63,1
Vid-20260421-Wa0023,2,0,4,-27.63,-13.64,-26.52,1
Vid-20260421-Wa0023,2,0,5,-29.89,-12.5,-26.18,1
Vid-20260421-Wa0023,2,0,6,-29.98,-11.31,-27.41,1
Vid-20260421-Wa0023,2,0,7,-32.75,-10.75,-27.85,1
Vid-20260421-Wa0023,2,1,0,-27.63,-13.64,-26.52,1
Vid-20260421-Wa0023,2,1,1,-29.89,-12.5,-26.18,1
Vid-20260421-Wa0023,2,1,2,-29.98,-11.31,-27.41,1
Vid-20260421-Wa0023,2,1,3,-32.75,-10.75,-27.85,1
Vid-20260421-Wa0023,2,1,4,-34.28,-11.32,-27.93,1
Vid-20260421-Wa0023,2,1,5,-31.59,-11.96,-26.46,1
Vid-20260421-Wa0023,2,1,6,-33.3,-13.56,-26.23,1
Vid-20260421-Wa0023,2,1,7,-30.71,-13.88,-25.71,1
Vid-20260421-Wa0023,2,2,0,-34.28,-11.32,-27.93,1
Vid-20260421-Wa0023,2,2,1,-31.59,-11.96,-26.46,1
Vid-20260421-Wa0023,2,2,2,-33.3,-13.56,-26.23,1
Vid-20260421-Wa0023,2,2,3,-30.71,-13.88,-25.71,1
Vid-20260421-Wa0023,2,2,4,-32.31,-12.82,-26.39,1
Vid-20260421-Wa0023,2,2,5,-31.09,-11.65,-26.68,1
Vid-20260421-Wa0023,2,2,6,-32.25,-10.95,-27.96,1
Vid-20260421-Wa0023,2,2,7,-31.24,-12.56,-26.55,1
Vid-20260421-Wa0023,2,3,0,-32.31,-12.82,-26.39,1
Vid-20260421-Wa0023,2,3,1,-31.09,-11.65,-26.68,1
Vid-20260421-Wa0023,2,3,2,-32.25,-10.95,-27.96,1
Vid-20260421-Wa0023,2,3,3,-31.24,-12.56,-26.55,1
Vid-20260421-Wa0023,2,3,4,-31.05,-10.86,-28.24,1
Vid-20260421-Wa0023,2,3,5,-32.2,-14.18,-25.7,1
Vid-20260421-Wa0023,2,3,6,-31.36,-16.84,-25.19,1
Vid-20260421-Wa0023,2,3,7,-30.77,-14.4,-26.26,1
Vid-20260421-Wa0023,2,4,0,-31.05,-10.86,-28.24,1
Vid-20260421-Wa0023,2,4,1,-32.2,-14.18,-25.7,1
Vid-20260421-Wa0023,2,4,2,-31.36,-16.84,-25.19,1
Vid-20260421-Wa0023,2,4,3,-30.77,-14.4,-26.26,1
Vid-20260421-Wa0023,2,4,4,-29.49,-15.63,-25.96,1
Vid-20260421-Wa0023,2,4,5,-29.14,-16.25,-25.83,1
Vid-20260421-Wa0023,2,4,6,-30.0,-13.8,-27.08,1
Vid-20260421-Wa0023,2,4,7,-28.72,-16.6,-26.77,1
Vid-20260421-Wa0023,2,5,0,-29.49,-15.63,-25.96,1
Vid-20260421-Wa0023,2,5,1,-29.14,-16.25,-25.83,1
Vid-20260421-Wa0023,2,5,2,-30.0,-13.8,-27.08,1
Vid-20260421-Wa0023,2,5,3,-28.72,-16.6,-26.77,1
Vid-20260421-Wa0023,2,5,4,-30.14,-14.46,-27.04,1
Vid-20260421-Wa0023,2,5,5,-31.01,-15.0,-26.13,1
Vid-20260421-Wa0023,2,5,6,-29.93,-17.46,-25.06,1
Vid-20260421-Wa0023,2,5,7,-29.88,-17.25,-25.41,1
Vid-20260421-Wa0023,2,6,0,-30.14,-14.46,-27.04,1
Vid-20260421-Wa0023,2,6,1,-31.01,-15.0,-26.13,1
Vid-20260421-Wa0023,2,6,2,-29.93,-17.46,-25.06,1
Vid-20260421-Wa0023,2,6,3,-29.88,-17.25,-25.41,1
Vid-20260421-Wa0023,2,6,4,-26.85,-13.75,-28.07,1
Vid-20260421-Wa0023,2,6,5,-25.24,-14.49,-26.83,1
Vid-20260421-Wa0023,2,6,6,-27.95,-16.57,-24.87,1
Vid-20260421-Wa0023,2,6,7,-30.75,-21.18,-21.36,1
Vid-20260421-Wa0023,2,7,0,-26.85,-13.75,-28.07,1
Vid-20260421-Wa0023,2,7,1,-25.24,-14.49,-26.83,1
Vid-20260421-Wa0023,2,7,2,-27.95,-16.57,-24.87,1
Vid-20260421-Wa0023,2,7,3,-30.75,-21.18,-21.36,1
Vid-20260421-Wa0023,2,7,4,-30.54,-17.82,-22.95,1
Vid-20260421-Wa0023,2,7,5,-28.37,-19.62,-22.51,1
Vid-20260421-Wa0023,2,7,6,-25.5,-16.46,-25.45,1
Vid-20260421-Wa0023,2,7,7,-28.39,-16.71,-24.48,1
Vid-20260421-Wa0023,2,8,0,-30.54,-17.82,-22.95,1
Vid-20260421-Wa0023,2,8,1,-28.37,-19.62,-22.51,1
Vid-20260421-Wa0023,2,8,2,-25.5,-16.46,-25.45,1
Vid-20260421-Wa0023,2,8,3,-28.39,-16.71,-24.48,1
Vid-20260421-Wa0023,2,8,4,-27.72,-17.17,-24.86,1
Vid-20260421-Wa0023,2,8,5,-28.23,-17.53,-23.44,1
Vid-20260421-Wa0023,2,8,6,-29.58,-19.09,-23.22,1
Vid-20260421-Wa0023,2,8,7,-28.5,-17.94,-23.08,1
Vid-20260421-Wa0023,2,9,0,-27.72,-17.17,-24.86,1
Vid-20260421-Wa0023,2,9,1,-28.23,-17.53,-23.44,1
Vid-20260421-Wa0023,2,9,2,-29.58,-19.09,-23.22,1
Vid-20260421-Wa0023,2,9,3,-28.5,-17.94,-23.08,1
Vid-20260421-Wa0023,2,9,4,-28.22,-16.04,-25.08,1
Vid-20260421-Wa0023,2,9,5,-26.76,-15.91,-22.86,1
Vid-20260421-Wa0023,2,9,6,-25.82,-16.28,-23.94,1
Vid-20260421-Wa0023,2,9,7,-28.26,-13.79,-22.76,1
Vid-20260421-Wa0023,2,10,0,-28.22,-16.04,-25.08,1
Vid-20260421-Wa0023,2,10,1,-26.76,-15.91,-22.86,1
Vid-20260421-Wa0023,2,10,2,-25.82,-16.28,-23.94,1
Vid-20260421-Wa0023,2,10,3,-28.26,-13.79,-22.76,1
Vid-20260421-Wa0023,2,10,4,-26.64,-15.4,-21.36,1
Vid-20260421-Wa0023,2,10,5,-25.48,-13.02,-23.47,1
Vid-20260421-Wa0023,2,10,6,-31.68,-13.14,-22.38,1
Vid-20260421-Wa0023,2,10,7,-29.13,-13.27,-20.1,1
Vid-20260421-Wa0023,2,11,0,-26.64,-15.4,-21.36,1
Vid-20260421-Wa0023,2,11,1,-25.48,-13.02,-23.47,1
Vid-20260421-Wa0023,2,11,2,-31.68,-13.14,-22.38,1
Vid-20260421-Wa0023,2,11,3,-29.13,-13.27,-20.1,1
Vid-20260421-Wa0023,2,11,4,-28.56,-19.63,-16.3,1
Vid-20260421-Wa0023,2,11,5,-28.78,-19.63,-15.16,1
Vid-20260421-Wa0023,2,11,6,-29.81,-21.15,-13.43,1
Vid-20260421-Wa0023,2,11,7,-29.12,-21.34,-12.32,1
Vid-20260421-Wa0023,2,12,0,-28.56,-19.63,-16.3,1
Vid-20260421-Wa0023,2,12,1,-28.78,-19.63,-15.16,1
Vid-20260421-Wa0023,2,12,2,-29.81,-21.15,-13.43,1
Vid-20260421-Wa0023,2,12,3,-29.12,-21.34,-12.32,1
Vid-20260421-Wa0023,2,12,4,-27.4,-21.67,-13.22,1
Vid-20260421-Wa0023,2,12,5,-25.9,-22.69,-13.03,1
Vid-20260421-Wa0023,2,12,6,-29.62,-18.79,-14.88,1
Vid-20260421-Wa0023,2,12,7,-29.07,-26.02,-11.46,1
Vid-20260421-Wa0023,3,0,0,-26.62,-18.38,-9.69,1
Vid-20260421-Wa0023,3,0,1,-25.61,-19.2,-8.65,1
Vid-20260421-Wa0023,3,0,2,-30.5,-20.37,-8.37,1
Vid-20260421-Wa0023,3,0,3,-28.62,-23.71,-6.72,1
Vid-20260421-Wa0023,3,0,4,-27.55,-23.47,-6.27,1
Vid-20260421-Wa0023,3,0,5,-31.4,-27.61,-4.18,1
Vid-20260421-Wa0023,3,0,6,-28.21,-27.26,-4.95,1
Vid-20260421-Wa0023,3,0,7,-34.29,-30.31,-4.38,1
Vid-20260421-Wa0023,3,1,0,-27.55,-23.47,-6.27,1
Vid-20260421-Wa0023,3,1,1,-31.4,-27.61,-4.18,1
Vid-20260421-Wa0023,3,1,2,-28.21,-27.26,-4.95,1
Vid-20260421-Wa0023,3,1,3,-34.29,-30.31,-4.38,1
Vid-20260421-Wa0023,3,1,4,-32.38,-21.95,-10.93,1
Vid-20260421-Wa0023,3,1,5,-30.56,-23.16,-12.33,1
Vid-20260421-Wa0023,3,1,6,-32.03,-25.16,-12.03,1
Vid-20260421-Wa0023,3,1,7,-36.2,-27.42,-9.79,1
Vid-20260421-Wa0023,3,2,0,-32.38,-21.95,-10.93,1
Vid-20260421-Wa0023,3,2,1,-30.56,-23.16,-12.33,1
Vid-20260421-Wa0023,3,2,2,-32.03,-25.16,-12.03,1
Vid-20260421-Wa0023,3,2,3,-36.2,-27.42,-9.79,1
Vid-20260421-Wa0023,3,2,4,-31.32,-27.4,-9.7,1
Vid-20260421-Wa0023,3,2,5,-29.94,-28.64,-9.22,1
Vid-20260421-Wa0023,3,2,6,-35.92,-29.98,-8.62,1
Vid-20260421-Wa0023,3,2,7,-39.3,-26.63,-10.75,1
Vid-20260421-Wa0023,3,3,0,-31.32,-27.4,-9.7,1
Vid-20260421-Wa0023,3,3,1,-29.94,-28.64,-9.22,1
Vid-20260421-Wa0023,3,3,2,-35.92,-29.98,-8.62,1
Vid-20260421-Wa0023,3,3,3,-39.3,-26.63,-10.75,1
Vid-20260421-Wa0023,3,3,4,-36.4,-21.6,-12.88,1
Vid-20260421-Wa0023,3,3,5,-38.36,-23.55,-12.3,1
Vid-20260421-Wa0023,3,3,6,-36.74,-25.36,-11.37,1
Vid-20260421-Wa0023,3,3,7,-27.25,-20.0,-14.69,1
Vid-20260421-Wa0023,3,4,0,-36.4,-21.6,-12.88,1
Vid-20260421-Wa0023,3,4,1,-38.36,-23.55,-12.3,1
Vid-20260421-Wa0023,3,4,2,-36.74,-25.36,-11.37,1
Vid-20260421-Wa0023,3,4,3,-27.25,-20.0,-14.69,1
Vid-20260421-Wa0023,3,4,4,-25.85,-24.84,-11.47,1
Vid-20260421-Wa0023,3,4,5,-23.9,-18.87,-12.61,1
Vid-20260421-Wa0023,3,4,6,-18.26,-18.25,-15.5,1
Vid-20260421-Wa0023,3,4,7,-27.53,-19.22,-14.29,1
Vid-20260421-Wa0023,3,5,0,-25.85,-24.84,-11.47,1
Vid-20260421-Wa0023,3,5,1,-23.9,-18.87,-12.61,1
Vid-20260421-Wa0023,3,5,2,-18.26,-18.25,-15.5,1
Vid-20260421-Wa0023,3,5,3,-27.53,-19.22,-14.29,1
Vid-20260421-Wa0023,3,5,4,-26.22,-13.94,-19.97,1
Vid-20260421-Wa0023,3,5,5,-31.41,-15.97,-20.37,1
Vid-20260421-Wa0023,3,5,6,-25.61,-32.64,-17.94,1
Vid-20260421-Wa0023,3,5,7,-28.43,-27.51,-15.08,1
Vid-20260421-Wa0023,3,6,0,-26.22,-13.94,-19.97,1
Vid-20260421-Wa0023,3,6,1,-31.41,-15.97,-20.37,1
Vid-20260421-Wa0023,3,6,2,-25.61,-32.64,-17.94,1
Vid-20260421-Wa0023,3,6,3,-28.43,-27.51,-15.08,1
Vid-20260421-Wa0023,3,6,4,-27.14,-30.87,-17.18,1
Vid-20260421-Wa0023,3,6,5,-26.11,-28.4,-21.13,1
Vid-20260421-Wa0023,3,6,6,-27.31,-25.45,-21.39,1
Vid-20260421-Wa0023,3,6,7,-31.21,-24.37,-18.96,1
Vid-20260421-Wa0023,3,7,0,-27.14,-30.87,-17.18,1
Vid-20260421-Wa0023,3,7,1,-26.11,-28.4,-21.13,1
Vid-20260421-Wa0023,3,7,2,-27.31,-25.45,-21.39,1
Vid-20260421-Wa0023,3,7,3,-31.21,-24.37,-18.96,1
Vid-20260421-Wa0023,3,7,4,-26.15,-32.47,-17.21,1
Vid-20260421-Wa0023,3,7,5,-26.47,-23.12,-22.42,1
Vid-20260421-Wa0023,3,7,6,-34.38,-25.62,-22.53,1
Vid-20260421-Wa0023,3,7,7,-29.03,-30.47,-14.99,1
Vid-20260421-Wa0023,3,8,0,-26.15,-32.47,-17.21,1
Vid-20260421-Wa0023,3,8,1,-26.47,-23.12,-22.42,1
Vid-20260421-Wa0023,3,8,2,-34.38,-25.62,-22.53,1
Vid-20260421-Wa0023,3,8,3,-29.03,-30.47,-14.99,1
Vid-20260421-Wa0023,3,8,4,-34.59,-31.39,-18.78,1
Vid-20260421-Wa0023,3,8,5,-30.69,-29.4,-17.04,1
Vid-20260421-Wa0023,3,8,6,-18.0,-36.14,-16.51,1
Vid-20260421-Wa0023,3,8,7,-26.11,-31.74,-14.42,1
Vid-20260421-Wa0023,3,9,0,-34.59,-31.39,-18.78,1
Vid-20260421-Wa0023,3,9,1,-30.69,-29.4,-17.04,1
Vid-20260421-Wa0023,3,9,2,-18.0,-36.14,-16.51,1
Vid-20260421-Wa0023,3,9,3,-26.11,-31.74,-14.42,1
Vid-20260421-Wa0023,3,9,4,-33.74,-34.33,-15.85,1
Vid-20260421-Wa0023,3,9,5,-35.81,-29.64,-19.19,1
Vid-20260421-Wa0023,3,9,6,-28.48,-27.02,-20.67,1
Vid-20260421-Wa0023,3,9,7,-4.58,-37.27,-15.73,1
Vid-20260421-Wa0023,3,10,0,-33.74,-34.33,-15.85,1
Vid-20260421-Wa0023,3,10,1,-35.81,-29.64,-19.19,1
Vid-20260421-Wa0023,3,10,2,-28.48,-27.02,-20.67,1
Vid-20260421-Wa0023,3,10,3,-4.58,-37.27,-15.73,1
Vid-20260421-Wa0023,3,10,4,-31.26,-29.44,-14.67,1
Vid-20260421-Wa0023,3,10,5,-16.03,-27.07,-16.91,1
Vid-20260421-Wa0023,3,10,6,-19.62,-35.41,-11.78,1
Vid-20260421-Wa0023,3,10,7,-30.22,-20.55,-20.71,1
Vid-20260421-Wa0023,3,11,0,-31.26,-29.44,-14.67,1
Vid-20260421-Wa0023,3,11,1,-16.03,-27.07,-16.91,1
Vid-20260421-Wa0023,3,11,2,-19.62,-35.41,-11.78,1
Vid-20260421-Wa0023,3,11,3,-30.22,-20.55,-20.71,1
Vid-20260421-Wa0023,3,11,4,-22.04,-23.41,-15.89,1
Vid-20260421-Wa0023,3,11,5,-29.87,-24.65,-13.17,1
Vid-20260421-Wa0023,3,11,6,-32.44,-25.46,-8.9,1
Vid-20260421-Wa0023,3,11,7,-33.03,-18.85,-14.67,1
Vid-20260421-Wa0023,3,12,0,-22.04,-23.41,-15.89,1
Vid-20260421-Wa0023,3,12,1,-29.87,-24.65,-13.17,1
Vid-20260421-Wa0023,3,12,2,-32.44,-25.46,-8.9,1
Vid-20260421-Wa0023,3,12,3,-33.03,-18.85,-14.67,1
Vid-20260421-Wa0023,3,12,4,-35.12,-22.96,-9.76,1
Vid-20260421-Wa0023,3,12,5,-28.03,-21.19,-12.85,1
Vid-20260421-Wa0023,3,12,6,-32.17,-14.46,-17.35,1
Vid-20260421-Wa0023,3,12,7,-35.78,-20.74,-14.19,1
Vid-20260421-Wa0023,4,0,0,,,,0
Vid-20260421-Wa0023,4,0,1,,,,0
Vid-20260421-Wa0023,4,0,2,,,,0
Vid-20260421-Wa0023,4,0,3,,,,0
Vid-20260421-Wa0023,4,0,4,,,,0
Vid-20260421-Wa0023,4,0,5,,,,0
Vid-20260421-Wa0023,4,0,6,,,,0
Vid-20260421-Wa0023,4,0,7,,,,0
Vid-20260421-Wa0023,4,1,0,,,,0
Vid-20260421-Wa0023,4,1,1,,,,0
Vid-20260421-Wa0023,4,1,2,,,,0
Vid-20260421-Wa0023,4,1,3,,,,0
Vid-20260421-Wa0023,4,1,4,,,,0
Vid-20260421-Wa0023,4,1,5,,,,0
Vid-20260421-Wa0023,4,1,6,,,,0
Vid-20260421-Wa0023,4,1,7,,,,0
Vid-20260421-Wa0023,4,2,0,,,,0
Vid-20260421-Wa0023,4,2,1,,,,0
Vid-20260421-Wa0023,4,2,2,,,,0
Vid-20260421-Wa0023,4,2,3,,,,0
Vid-20260421-Wa0023,4,2,4,,,,0
Vid-20260421-Wa0023,4,2,5,,,,0
Vid-20260421-Wa0023,4,2,6,,,,0
Vid-20260421-Wa0023,4,2,7,,,,0
Vid-20260421-Wa0023,4,3,0,,,,0
Vid-20260421-Wa0023,4,3,1,,,,0
Vid-20260421-Wa0023,4,3,2,,,,0
Vid-20260421-Wa0023,4,3,3,,,,0
Vid-20260421-Wa0023,4,3,4,,,,0
Vid-20260421-Wa0023,4,3,5,,,,0
Vid-20260421-Wa0023,4,3,6,,,,0
Vid-20260421-Wa0023,4,3,7,,,,0
Vid-20260421-Wa0023,4,4,0,,,,0
Vid-20260421-Wa0023,4,4,1,,,,0
Vid-20260421-Wa0023,4,4,2,,,,0
Vid-20260421-Wa0023,4,4,3,,,,0
Vid-20260421-Wa0023,4,4,4,,,,0
Vid-20260421-Wa0023,4,4,5,,,,0
Vid-20260421-Wa0023,4,4,6,,,,0
Vid-20260421-Wa0023,4,4,7,,,,0
Vid-20260421-Wa0023,4,5,0,,,,0
Vid-20260421-Wa0023,4,5,1,,,,0
Vid-20260421-Wa0023,4,5,2,,,,0
Vid-20260421-Wa0023,4,5,3,,,,0
Vid-20260421-Wa0023,4,5,4,,,,0
Vid-20260421-Wa0023,4,5,5,,,,0
Vid-20260421-Wa0023,4,5,6,,,,0
Vid-20260421-Wa0023,4,5,7,,,,0
Vid-20260421-Wa0023,4,6,0,,,,0
Vid-20260421-Wa0023,4,6,1,,,,0
Vid-20260421-Wa0023,4,6,2,,,,0
Vid-20260421-Wa0023,4,6,3,,,,0
Vid-20260421-Wa0023,4,6,4,,,,0
Vid-20260421-Wa0023,4,6,5,,,,0
Vid-20260421-Wa0023,4,6,6,,,,0
Vid-20260421-Wa0023,4,6,7,,,,0
Vid-20260421-Wa0023,4,7,0,,,,0
Vid-20260421-Wa0023,4,7,1,,,,0
Vid-20260421-Wa0023,4,7,2,,,,0
Vid-20260421-Wa0023,4,7,3,,,,0
Vid-20260421-Wa0023,4,7,4,,,,0
Vid-20260421-Wa0023,4,7,5,,,,0
Vid-20260421-Wa0023,4,7,6,,,,0
Vid-20260421-Wa0023,4,7,7,,,,0
Vid-20260421-Wa0023,4,8,0,,,,0
Vid-20260421-Wa0023,4,8,1,,,,0
Vid-20260421-Wa0023,4,8,2,,,,0
Vid-20260421-Wa0023,4,8,3,,,,0
Vid-20260421-Wa0023,4,8,4,,,,0
Vid-20260421-Wa0023,4,8,5,,,,0
Vid-20260421-Wa0023,4,8,6,,,,0
Vid-20260421-Wa0023,4,8,7,,,,0
Vid-20260421-Wa0023,4,9,0,,,,0
Vid-20260421-Wa0023,4,9,1,,,,0
Vid-20260421-Wa0023,4,9,2,,,,0
Vid-20260421-Wa0023,4,9,3,,,,0
Vid-20260421-Wa0023,4,9,4,,,,0
Vid-20260421-Wa0023,4,9,5,,,,0
Vid-20260421-Wa0023,4,9,6,,,,0
Vid-20260421-Wa0023,4,9,7,,,,0
Vid-20260421-Wa0023,4,10,0,,,,0
Vid-20260421-Wa0023,4,10,1,,,,0
Vid-20260421-Wa0023,4,10,2,,,,0
Vid-20260421-Wa0023,4,10,3,,,,0
Vid-20260421-Wa0023,4,10,4,,,,0
Vid-20260421-Wa0023,4,10,5,,,,0
Vid-20260421-Wa0023,4,10,6,,,,0
Vid-20260421-Wa0023,4,10,7,,,,0
Vid-20260421-Wa0023,4,11,0,,,,0
Vid-20260421-Wa0023,4,11,1,,,,0
Vid-20260421-Wa0023,4,11,2,,,,0
Vid-20260421-Wa0023,4,11,3,,,,0
Vid-20260421-Wa0023,4,11,4,,,,0
Vid-20260421-Wa0023,4,11,5,,,,0
Vid-20260421-Wa0023,4,11,6,,,,0
Vid-20260421-Wa0023,4,11,7,,,,0
Vid-20260421-Wa0023,4,12,0,,,,0
Vid-20260421-Wa0023,4,12,1,,,,0
Vid-20260421-Wa0023,4,12,2,,,,0
Vid-20260421-Wa0023,4,12,3,,,,0
Vid-20260421-Wa0023,4,12,4,,,,0
Vid-20260421-Wa0023,4,12,5,,,,0
Vid-20260421-Wa0023,4,12,6,,,,0
Vid-20260421-Wa0023,4,12,7,,,,0
Vid-20260421-Wa0023,5,0,0,,,,0
Vid-20260421-Wa0023,5,0,1,,,,0
Vid-20260421-Wa0023,5,0,2,,,,0
Vid-20260421-Wa0023,5,0,3,,,,0
Vid-20260421-Wa0023,5,0,4,,,,0
Vid-20260421-Wa0023,5,0,5,,,,0
Vid-20260421-Wa0023,5,0,6,,,,0
Vid-20260421-Wa0023,5,0,7,,,,0
Vid-20260421-Wa0023,5,1,0,,,,0
Vid-20260421-Wa0023,5,1,1,,,,0
Vid-20260421-Wa0023,5,1,2,,,,0
Vid-20260421-Wa0023,5,1,3,,,,0
Vid-20260421-Wa0023,5,1,4,,,,0
Vid-20260421-Wa0023,5,1,5,,,,0
Vid-20260421-Wa0023,5,1,6,,,,0
Vid-20260421-Wa0023,5,1,7,,,,0
Vid-20260421-Wa0023,5,2,0,,,,0
Vid-20260421-Wa0023,5,2,1,,,,0
Vid-20260421-Wa0023,5,2,2,,,,0
Vid-20260421-Wa0023,5,2,3,,,,0
Vid-20260421-Wa0023,5,2,4,,,,0
Vid-20260421-Wa0023,5,2,5,,,,0
Vid-20260421-Wa0023,5,2,6,,,,0
Vid-20260421-Wa0023,5,2,7,,,,0
Vid-20260421-Wa0023,5,3,0,,,,0
Vid-20260421-Wa0023,5,3,1,,,,0
Vid-20260421-Wa0023,5,3,2,,,,0
Vid-20260421-Wa0023,5,3,3,,,,0
Vid-20260421-Wa0023,5,3,4,,,,0
Vid-20260421-Wa0023,5,3,5,,,,0
Vid-20260421-Wa0023,5,3,6,,,,0
Vid-20260421-Wa0023,5,3,7,,,,0
Vid-20260421-Wa0023,5,4,0,,,,0
Vid-20260421-Wa0023,5,4,1,,,,0
Vid-20260421-Wa0023,5,4,2,,,,0
Vid-20260421-Wa0023,5,4,3,,,,0
Vid-20260421-Wa0023,5,4,4,,,,0
Vid-20260421-Wa0023,5,4,5,,,,0
Vid-20260421-Wa0023,5,4,6,,,,0
Vid-20260421-Wa0023,5,4,7,,,,0
Vid-20260421-Wa0023,5,5,0,,,,0
Vid-20260421-Wa0023,5,5,1,,,,0
Vid-20260421-Wa0023,5,5,2,,,,0
Vid-20260421-Wa0023,5,5,3,,,,0
Vid-20260421-Wa0023,5,5,4,,,,0
Vid-20260421-Wa0023,5,5,5,,,,0
Vid-20260421-Wa0023,5,5,6,,,,0
Vid-20260421-Wa0023,5,5,7,,,,0
Vid-20260421-Wa0023,5,6,0,,,,0
Vid-20260421-Wa0023,5,6,1,,,,0
Vid-20260421-Wa0023,5,6,2,,,,0
Vid-20260421-Wa0023,5,6,3,,,,0
Vid-20260421-Wa0023,5,6,4,,,,0
Vid-20260421-Wa0023,5,6,5,,,,0
Vid-20260421-Wa0023,5,6,6,,,,0
Vid-20260421-Wa0023,5,6,7,,,,0
Vid-20260421-Wa0023,5,7,0,,,,0
Vid-20260421-Wa0023,5,7,1,,,,0
Vid-20260421-Wa0023,5,7,2,,,,0
Vid-20260421-Wa0023,5,7,3,,,,0
Vid-20260421-Wa0023,5,7,4,,,,0
Vid-20260421-Wa0023,5,7,5,,,,0
Vid-20260421-Wa0023,5,7,6,,,,0
Vid-20260421-Wa0023,5,7,7,,,,0
Vid-20260421-Wa0023,5,8,0,,,,0
Vid-20260421-Wa0023,5,8,1,,,,0
Vid-20260421-Wa0023,5,8,2,,,,0
Vid-20260421-Wa0023,5,8,3,,,,0
Vid-20260421-Wa0023,5,8,4,,,,0
Vid-20260421-Wa0023,5,8,5,,,,0
Vid-20260421-Wa0023,5,8,6,,,,0
Vid-20260421-Wa0023,5,8,7,,,,0
Vid-20260421-Wa0023,5,9,0,,,,0
Vid-20260421-Wa0023,5,9,1,,,,0
Vid-20260421-Wa0023,5,9,2,,,,0
Vid-20260421-Wa0023,5,9,3,,,,0
Vid-20260421-Wa0023,5,9,4,,,,0
Vid-20260421-Wa0023,5,9,5,,,,0
Vid-20260421-Wa0023,5,9,6,,,,0
Vid-20260421-Wa0023,5,9,7,,,,0
Vid-20260421-Wa0023,5,10,0,,,,0
Vid-20260421-Wa0023,5,10,1,,,,0
Vid-20260421-Wa0023,5,10,2,,,,0
Vid-20260421-Wa0023,5,10,3,,,,0
Vid-20260421-Wa0023,5,10,4,,,,0
Vid-20260421-Wa0023,5,10,5,,,,0
Vid-20260421-Wa0023,5,10,6,,,,0
Vid-20260421-Wa0023,5,10,7,,,,0
Vid-20260421-Wa0023,5,11,0,,,,0
Vid-20260421-Wa0023,5,11,1,,,,0
Vid-20260421-Wa0023,5,11,2,,,,0
Vid-20260421-Wa0023,5,11,3,,,,0
Vid-20260421-Wa0023,5,11,4,,,,0
Vid-20260421-Wa0023,5,11,5,,,,0
Vid-20260421-Wa0023,5,11,6,,,,0
Vid-20260421-Wa0023,5,11,7,,,,0
Vid-20260421-Wa0023,5,12,0,,,,0
Vid-20260421-Wa0023,5,12,1,,,,0
Vid-20260421-Wa0023,5,12,2,,,,0
Vid-20260421-Wa0023,5,12,3,,,,0
Vid-20260421-Wa0023,5,12,4,,,,0
Vid-20260421-Wa0023,5,12,5,,,,0
Vid-20260421-Wa0023,5,12,6,,,,0
Vid-20260421-Wa0023,5,12,7,,,,0
Vid-20260421-Wa0023,6,0,0,-12.41,-16.83,-25.02,1
Vid-20260421-Wa0023,6,0,1,-14.21,-18.79,-24.59,1
Vid-20260421-Wa0023,6,0,2,-15.88,-20.45,-24.74,1
Vid-20260421-Wa0023,6,0,3,-18.82,-20.62,-24.07,1
Vid-20260421-Wa0023,6,0,4,-13.81,-22.4,-27.94,1
Vid-20260421-Wa0023,6,0,5,-17.3,-19.26,-22.97,1
Vid-20260421-Wa0023,6,0,6,-18.69,-23.65,-19.33,1
Vid-20260421-Wa0023,6,0,7,-15.54,-24.17,-20.21,1
Vid-20260421-Wa0023,6,1,0,-13.81,-22.4,-27.94,1
Vid-20260421-Wa0023,6,1,1,-17.3,-19.26,-22.97,1
Vid-20260421-Wa0023,6,1,2,-18.69,-23.65,-19.33,1
Vid-20260421-Wa0023,6,1,3,-15.54,-24.17,-20.21,1
Vid-20260421-Wa0023,6,1,4,-15.35,-22.83,-20.21,1
Vid-20260421-Wa0023,6,1,5,-12.92,-23.99,-21.32,1
Vid-20260421-Wa0023,6,1,6,-13.9,-23.95,-21.8,1
Vid-20260421-Wa0023,6,1,7,-3.05,-24.89,-29.91,1
Vid-20260421-Wa0023,6,2,0,-15.35,-22.83,-20.21,1
Vid-20260421-Wa0023,6,2,1,-12.92,-23.99,-21.32,1
Vid-20260421-Wa0023,6,2,2,-13.9,-23.95,-21.8,1
Vid-20260421-Wa0023,6,2,3,-3.05,-24.89,-29.91,1
Vid-20260421-Wa0023,6,2,4,-2.51,-25.46,-29.31,1
Vid-20260421-Wa0023,6,2,5,-7.62,-24.2,-26.57,1
Vid-20260421-Wa0023,6,2,6,-8.68,-22.86,-26.26,1
Vid-20260421-Wa0023,6,2,7,-8.76,-23.15,-25.71,1
Vid-20260421-Wa0023,6,3,0,-2.51,-25.46,-29.31,1
Vid-20260421-Wa0023,6,3,1,-7.62,-24.2,-26.57,1
Vid-20260421-Wa0023,6,3,2,-8.68,-22.86,-26.26,1
Vid-20260421-Wa0023,6,3,3,-8.76,-23.15,-25.71,1
Vid-20260421-Wa0023,6,3,4,-7.28,-23.4,-25.61,1
Vid-20260421-Wa0023,6,3,5,-7.35,-24.47,-25.18,1
Vid-20260421-Wa0023,6,3,6,-7.66,-24.18,-25.33,1
Vid-20260421-Wa0023,6,3,7,-7.18,-21.74,-25.67,1
Vid-20260421-Wa0023,6,4,0,-7.28,-23.4,-25.61,1
Vid-20260421-Wa0023,6,4,1,-7.35,-24.47,-25.18,1
Vid-20260421-Wa0023,6,4,2,-7.66,-24.18,-25.33,1
Vid-20260421-Wa0023,6,4,3,-7.18,-21.74,-25.67,1
Vid-20260421-Wa0023,6,4,4,-11.23,-22.8,-24.65,1
Vid-20260421-Wa0023,6,4,5,-7.34,-21.86,-23.74,1
Vid-20260421-Wa0023,6,4,6,-6.7,-22.32,-23.46,1
Vid-20260421-Wa0023,6,4,7,-6.51,-22.73,-24.21,1
Vid-20260421-Wa0023,6,5,0,-11.23,-22.8,-24.65,1
Vid-20260421-Wa0023,6,5,1,-7.34,-21.86,-23.74,1
Vid-20260421-Wa0023,6,5,2,-6.7,-22.32,-23.46,1
Vid-20260421-Wa0023,6,5,3,-6.51,-22.73,-24.21,1
Vid-20260421-Wa0023,6,5,4,-9.34,-23.77,-23.2,1
Vid-20260421-Wa0023,6,5,5,-7.83,-23.63,-23.47,1
Vid-20260421-Wa0023,6,5,6,-4.08,-22.97,-24.66,1
Vid-20260421-Wa0023,6,5,7,-5.26,-24.44,-23.0,1
Vid-20260421-Wa0023,6,6,0,-9.34,-23.77,-23.2,1
Vid-20260421-Wa0023,6,6,1,-7.83,-23.63,-23.47,1
Vid-20260421-Wa0023,6,6,2,-4.08,-22.97,-24.66,1
Vid-20260421-Wa0023,6,6,3,-5.26,-24.44,-23.0,1
Vid-20260421-Wa0023,6,6,4,-6.42,-25.27,-23.28,1
Vid-20260421-Wa0023,6,6,5,2.3,-26.49,-30.91,1
Vid-20260421-Wa0023,6,6,6,-0.05,-25.0,-30.01,1
Vid-20260421-Wa0023,6,6,7,2.24,-25.06,-30.7,1
Vid-20260421-Wa0023,6,7,0,-6.42,-25.27,-23.28,1
Vid-20260421-Wa0023,6,7,1,2.3,-26.49,-30.91,1
Vid-20260421-Wa0023,6,7,2,-0.05,-25.0,-30.01,1
Vid-20260421-Wa0023,6,7,3,2.24,-25.06,-30.7,1
Vid-20260421-Wa0023,6,7,4,2.59,-24.88,-29.92,1
Vid-20260421-Wa0023,6,7,5,1.1,-25.63,-29.73,1
Vid-20260421-Wa0023,6,7,6,0.21,-25.61,-29.05,1
Vid-20260421-Wa0023,6,7,7,-0.52,-25.52,-27.96,1
Vid-20260421-Wa0023,6,8,0,2.59,-24.88,-29.92,1
Vid-20260421-Wa0023,6,8,1,1.1,-25.63,-29.73,1
Vid-20260421-Wa0023,6,8,2,0.21,-25.61,-29.05,1
Vid-20260421-Wa0023,6,8,3,-0.52,-25.52,-27.96,1
Vid-20260421-Wa0023,6,8,4,-3.01,-25.66,-26.03,1
Vid-20260421-Wa0023,6,8,5,-1.99,-24.43,-25.63,1
Vid-20260421-Wa0023,6,8,6,-3.78,-23.31,-25.25,1
Vid-20260421-Wa0023,6,8,7,-5.26,-23.57,-23.7,1
Vid-20260421-Wa0023,6,9,0,-3.01,-25.66,-26.03,1
Vid-20260421-Wa0023,6,9,1,-1.99,-24.43,-25.63,1
Vid-20260421-Wa0023,6,9,2,-3.78,-23.31,-25.25,1
Vid-20260421-Wa0023,6,9,3,-5.26,-23.57,-23.7,1
Vid-20260421-Wa0023,6,9,4,-5.97,-23.47,-23.85,1
Vid-20260421-Wa0023,6,9,5,-6.39,-23.21,-23.01,1
Vid-20260421-Wa0023,6,9,6,-5.58,-23.21,-22.98,1
Vid-20260421-Wa0023,6,9,7,-6.64,-23.8,-21.61,1
Vid-20260421-Wa0023,6,10,0,-5.97,-23.47,-23.85,1
Vid-20260421-Wa0023,6,10,1,-6.39,-23.21,-23.01,1
Vid-20260421-Wa0023,6,10,2,-5.58,-23.21,-22.98,1
Vid-20260421-Wa0023,6,10,3,-6.64,-23.8,-21.61,1
Vid-20260421-Wa0023,6,10,4,-7.39,-24.41,-19.93,1
Vid-20260421-Wa0023,6,10,5,-5.19,-23.74,-21.96,1
Vid-20260421-Wa0023,6,10,6,-6.03,-22.02,-20.8,1
Vid-20260421-Wa0023,6,10,7,-5.38,-23.41,-19.44,1
Vid-20260421-Wa0023,6,11,0,-7.39,-24.41,-19.93,1
Vid-20260421-Wa0023,6,11,1,-5.19,-23.74,-21.96,1
Vid-20260421-Wa0023,6,11,2,-6.03,-22.02,-20.8,1
Vid-20260421-Wa0023,6,11,3,-5.38,-23.41,-19.44,1
Vid-20260421-Wa0023,6,11,4,-7.51,-24.93,-18.56,1
Vid-20260421-Wa0023,6,11,5,-13.57,-21.01,-16.07,1
Vid-20260421-Wa0023,6,11,6,-8.5,-24.48,-14.71,1
Vid-20260421-Wa0023,6,11,7,-3.1,-22.09,-13.31,1
Vid-20260421-Wa0023,7,0,0,,,,0
Vid-20260421-Wa0023,7,0,1,,,,0
Vid-20260421-Wa0023,7,0,2,,,,0
Vid-20260421-Wa0023,7,0,3,,,,0
Vid-20260421-Wa0023,7,0,4,,,,0
Vid-20260421-Wa0023,7,0,5,,,,0
Vid-20260421-Wa0023,7,0,6,,,,0
Vid-20260421-Wa0023,7,0,7,,,,0
Vid-20260421-Wa0023,8,0,0,,,,0
Vid-20260421-Wa0023,8,0,1,,,,0
Vid-20260421-Wa0023,8,0,2,,,,0
Vid-20260421-Wa0023,8,0,3,,,,0
Vid-20260421-Wa0023,8,0,4,,,,0
Vid-20260421-Wa0023,8,0,5,,,,0
Vid-20260421-Wa0023,8,0,6,,,,0
Vid-20260421-Wa0023,8,0,7,,,,0
Vid-20260421-Wa0023,8,1,0,,,,0
Vid-20260421-Wa0023,8,1,1,,,,0
Vid-20260421-Wa0023,8,1,2,,,,0
Vid-20260421-Wa0023,8,1,3,,,,0
Vid-20260421-Wa0023,8,1,4,,,,0
Vid-20260421-Wa0023,8,1,5,,,,0
Vid-20260421-Wa0023,8,1,6,,,,0
Vid-20260421-Wa0023,8,1,7,,,,0
Vid-20260421-Wa0023,8,2,0,,,,0
Vid-20260421-Wa0023,8,2,1,,,,0
Vid-20260421-Wa0023,8,2,2,,,,0
Vid-20260421-Wa0023,8,2,3,,,,0
Vid-20260421-Wa0023,8,2,4,,,,0
Vid-20260421-Wa0023,8,2,5,,,,0
Vid-20260421-Wa0023,8,2,6,,,,0
Vid-20260421-Wa0023,8,2,7,,,,0
Vid-20260421-Wa0023,8,3,0,,,,0
Vid-20260421-Wa0023,8,3,1,,,,0
Vid-20260421-Wa0023,8,3,2,,,,0
Vid-20260421-Wa0023,8,3,3,,,,0
Vid-20260421-Wa0023,8,3,4,,,,0
Vid-20260421-Wa0023,8,3,5,,,,0
Vid-20260421-Wa0023,8,3,6,,,,0
Vid-20260421-Wa0023,8,3,7,,,,0
Vid-20260421-Wa0023,8,4,0,,,,0
Vid-20260421-Wa0023,8,4,1,,,,0
Vid-20260421-Wa0023,8,4,2,,,,0
Vid-20260421-Wa0023,8,4,3,,,,0
Vid-20260421-Wa0023,8,4,4,,,,0
Vid-20260421-Wa0023,8,4,5,,,,0
Vid-20260421-Wa0023,8,4,6,,,,0
Vid-20260421-Wa0023,8,4,7,,,,0
Vid-20260421-Wa0023,8,5,0,,,,0
Vid-20260421-Wa0023,8,5,1,,,,0
Vid-20260421-Wa0023,8,5,2,,,,0
Vid-20260421-Wa0023,8,5,3,,,,0
Vid-20260421-Wa0023,8,5,4,,,,0
Vid-20260421-Wa0023,8,5,5,,,,0
Vid-20260421-Wa0023,8,5,6,,,,0
Vid-20260421-Wa0023,8,5,7,,,,0
Vid-20260421-Wa0023,9,0,0,,,,0
Vid-20260421-Wa0023,9,0,1,,,,0
Vid-20260421-Wa0023,9,0,2,,,,0
Vid-20260421-Wa0023,9,0,3,,,,0
Vid-20260421-Wa0023,9,0,4,,,,0
Vid-20260421-Wa0023,9,0,5,,,,0
Vid-20260421-Wa0023,9,0,6,,,,0
Vid-20260421-Wa0023,9,0,7,,,,0
Vid-20260421-Wa0023,9,1,0,,,,0
Vid-20260421-Wa0023,9,1,1,,,,0
Vid-20260421-Wa0023,9,1,2,,,,0
Vid-20260421-Wa0023,9,1,3,,,,0
Vid-20260421-Wa0023,9,1,4,,,,0
Vid-20260421-Wa0023,9,1,5,,,,0
Vid-20260421-Wa0023,9,1,6,,,,0
Vid-20260421-Wa0023,9,1,7,,,,0
Vid-20260421-Wa0023,9,2,0,,,,0
Vid-20260421-Wa0023,9,2,1,,,,0
Vid-20260421-Wa0023,9,2,2,,,,0
Vid-20260421-Wa0023,9,2,3,,,,0
Vid-20260421-Wa0023,9,2,4,,,,0
Vid-20260421-Wa0023,9,2,5,,,,0
Vid-20260421-Wa0023,9,2,6,,,,0
Vid-20260421-Wa0023,9,2,7,,,,0
Vid-20260421-Wa0023,9,3,0,,,,0
Vid-20260421-Wa0023,9,3,1,,,,0
Vid-20260421-Wa0023,9,3,2,,,,0
Vid-20260421-Wa0023,9,3,3,,,,0
Vid-20260421-Wa0023,9,3,4,,,,0
Vid-20260421-Wa0023,9,3,5,,,,0
Vid-20260421-Wa0023,9,3,6,,,,0
Vid-20260421-Wa0023,9,3,7,,,,0
Vid-20260421-Wa0043,1,0,0,8.02,-20.72,-11.09,1
Vid-20260421-Wa0043,1,0,1,8.91,-20.38,-10.77,1
Vid-20260421-Wa0043,1,0,2,10.19,-17.48,-9.03,1
Vid-20260421-Wa0043,1,0,3,9.06,-17.42,-9.39,1
Vid-20260421-Wa0043,1,0,4,8.09,-16.62,-8.78,1
Vid-20260421-Wa0043,1,0,5,7.72,-16.98,-8.35,1
Vid-20260421-Wa0043,1,0,6,8.13,-15.22,-7.95,1
Vid-20260421-Wa0043,1,0,7,9.36,-15.59,-8.12,1
Vid-20260421-Wa0043,1,1,0,8.09,-16.62,-8.78,1
Vid-20260421-Wa0043,1,1,1,7.72,-16.98,-8.35,1
Vid-20260421-Wa0043,1,1,2,8.13,-15.22,-7.95,1
Vid-20260421-Wa0043,1,1,3,9.36,-15.59,-8.12,1
Vid-20260421-Wa0043,1,1,4,9.75,-16.09,-8.24,1
Vid-20260421-Wa0043,1,1,5,9.81,-15.19,-7.65,1
Vid-20260421-Wa0043,1,1,6,10.12,-15.69,-8.14,1
Vid-20260421-Wa0043,1,1,7,10.19,-15.55,-8.06,1
Vid-20260421-Wa0043,1,2,0,9.75,-16.09,-8.24,1
Vid-20260421-Wa0043,1,2,1,9.81,-15.19,-7.65,1
Vid-20260421-Wa0043,1,2,2,10.12,-15.69,-8.14,1
Vid-20260421-Wa0043,1,2,3,10.19,-15.55,-8.06,1
Vid-20260421-Wa0043,1,2,4,10.37,-16.82,-8.33,1
Vid-20260421-Wa0043,1,2,5,9.27,-16.67,-7.1,1
Vid-20260421-Wa0043,1,2,6,8.7,-15.36,-7.61,1
Vid-20260421-Wa0043,1,2,7,8.57,-15.77,-7.12,1
Vid-20260421-Wa0043,1,3,0,10.37,-16.82,-8.33,1
Vid-20260421-Wa0043,1,3,1,9.27,-16.67,-7.1,1
Vid-20260421-Wa0043,1,3,2,8.7,-15.36,-7.61,1
Vid-20260421-Wa0043,1,3,3,8.57,-15.77,-7.12,1
Vid-20260421-Wa0043,1,3,4,6.75,-14.77,-6.15,1
Vid-20260421-Wa0043,1,3,5,5.88,-16.79,-6.71,1
Vid-20260421-Wa0043,1,3,6,9.56,-16.56,-7.03,1
Vid-20260421-Wa0043,1,3,7,10.37,-17.52,-6.56,1
Vid-20260421-Wa0043,1,4,0,6.75,-14.77,-6.15,1
Vid-20260421-Wa0043,1,4,1,5.88,-16.79,-6.71,1
Vid-20260421-Wa0043,1,4,2,9.56,-16.56,-7.03,1
Vid-20260421-Wa0043,1,4,3,10.37,-17.52,-6.56,1
Vid-20260421-Wa0043,1,4,4,12.21,-16.6,-6.75,1
Vid-20260421-Wa0043,1,4,5,11.99,-18.45,-7.17,1
Vid-20260421-Wa0043,1,4,6,10.82,-17.2,-6.45,1
Vid-20260421-Wa0043,1,4,7,10.22,-17.29,-6.56,1
Vid-20260421-Wa0043,1,5,0,12.21,-16.6,-6.75,1
Vid-20260421-Wa0043,1,5,1,11.99,-18.45,-7.17,1
Vid-20260421-Wa0043,1,5,2,10.82,-17.2,-6.45,1
Vid-20260421-Wa0043,1,5,3,10.22,-17.29,-6.56,1
Vid-20260421-Wa0043,1,5,4,10.45,-17.43,-6.54,1
Vid-20260421-Wa0043,1,5,5,10.46,-17.67,-6.44,1
Vid-20260421-Wa0043,1,5,6,10.75,-17.17,-6.51,1
Vid-20260421-Wa0043,1,5,7,10.24,-16.7,-6.83,1
Vid-20260421-Wa0043,1,6,0,10.45,-17.43,-6.54,1
Vid-20260421-Wa0043,1,6,1,10.46,-17.67,-6.44,1
Vid-20260421-Wa0043,1,6,2,10.75,-17.17,-6.51,1
Vid-20260421-Wa0043,1,6,3,10.24,-16.7,-6.83,1
Vid-20260421-Wa0043,1,6,4,10.48,-18.18,-7.33,1
Vid-20260421-Wa0043,1,6,5,10.93,-17.8,-7.43,1
Vid-20260421-Wa0043,1,6,6,9.1,-17.64,-7.95,1
Vid-20260421-Wa0043,1,6,7,10.73,-17.97,-7.36,1
Vid-20260421-Wa0043,1,7,0,10.48,-18.18,-7.33,1
Vid-20260421-Wa0043,1,7,1,10.93,-17.8,-7.43,1
Vid-20260421-Wa0043,1,7,2,9.1,-17.64,-7.95,1
Vid-20260421-Wa0043,1,7,3,10.73,-17.97,-7.36,1
Vid-20260421-Wa0043,1,7,4,11.79,-16.71,-6.7,1
Vid-20260421-Wa0043,1,7,5,12.79,-15.79,-6.86,1
Vid-20260421-Wa0043,1,7,6,10.91,-17.72,-7.24,1
Vid-20260421-Wa0043,1,7,7,13.08,-17.89,-7.35,1
Vid-20260421-Wa0043,1,8,0,11.79,-16.71,-6.7,1
Vid-20260421-Wa0043,1,8,1,12.79,-15.79,-6.86,1
Vid-20260421-Wa0043,1,8,2,10.91,-17.72,-7.24,1
Vid-20260421-Wa0043,1,8,3,13.08,-17.89,-7.35,1
Vid-20260421-Wa0043,1,8,4,10.09,-17.92,-7.09,1
Vid-20260421-Wa0043,1,8,5,10.24,-17.52,-7.08,1
Vid-20260421-Wa0043,1,8,6,11.18,-17.97,-7.68,1
Vid-20260421-Wa0043,1,8,7,10.25,-17.26,-7.82,1
Vid-20260421-Wa0043,1,9,0,10.09,-17.92,-7.09,1
Vid-20260421-Wa0043,1,9,1,10.24,-17.52,-7.08,1
Vid-20260421-Wa0043,1,9,2,11.18,-17.97,-7.68,1
Vid-20260421-Wa0043,1,9,3,10.25,-17.26,-7.82,1
Vid-20260421-Wa0043,1,9,4,10.87,-16.82,-6.83,1
Vid-20260421-Wa0043,1,9,5,10.64,-17.47,-7.47,1
Vid-20260421-Wa0043,1,9,6,10.59,-17.98,-6.94,1
Vid-20260421-Wa0043,1,9,7,10.93,-17.35,-7.42,1
Vid-20260421-Wa0043,2,0,0,-5.11,-31.99,2.58,1
Vid-20260421-Wa0043,2,0,1,-6.26,-31.99,4.01,1
Vid-20260421-Wa0043,2,0,2,-8.1,-31.72,3.29,1
Vid-20260421-Wa0043,2,0,3,-8.97,-31.93,2.75,1
Vid-20260421-Wa0043,2,0,4,-9.41,-31.57,1.97,1
Vid-20260421-Wa0043,2,0,5,-9.6,-31.92,1.49,1
Vid-20260421-Wa0043,2,0,6,-10.42,-31.57,-0.08,1
Vid-20260421-Wa0043,2,0,7,-9.62,-30.61,1.55,1
Vid-20260421-Wa0043,2,1,0,-9.41,-31.57,1.97,1
Vid-20260421-Wa0043,2,1,1,-9.6,-31.92,1.49,1
Vid-20260421-Wa0043,2,1,2,-10.42,-31.57,-0.08,1
Vid-20260421-Wa0043,2,1,3,-9.62,-30.61,1.55,1
Vid-20260421-Wa0043,2,1,4,-8.28,-30.38,3.04,1
Vid-20260421-Wa0043,2,1,5,-7.26,-29.89,3.1,1
Vid-20260421-Wa0043,2,1,6,-7.04,-31.39,3.56,1
Vid-20260421-Wa0043,2,1,7,-6.15,-30.17,4.56,1
Vid-20260421-Wa0043,2,2,0,-8.28,-30.38,3.04,1
Vid-20260421-Wa0043,2,2,1,-7.26,-29.89,3.1,1
Vid-20260421-Wa0043,2,2,2,-7.04,-31.39,3.56,1
Vid-20260421-Wa0043,2,2,3,-6.15,-30.17,4.56,1
Vid-20260421-Wa0043,2,2,4,-7.19,-31.47,4.27,1
Vid-20260421-Wa0043,2,2,5,-7.1,-31.99,4.14,1
Vid-20260421-Wa0043,2,2,6,-7.37,-30.1,3.5,1
Vid-20260421-Wa0043,2,2,7,-6.51,-28.91,4.48,1
Vid-20260421-Wa0043,2,3,0,-7.19,-31.47,4.27,1
Vid-20260421-Wa0043,2,3,1,-7.1,-31.99,4.14,1
Vid-20260421-Wa0043,2,3,2,-7.37,-30.1,3.5,1
Vid-20260421-Wa0043,2,3,3,-6.51,-28.91,4.48,1
Vid-20260421-Wa0043,2,3,4,-7.41,-30.31,4.83,1
Vid-20260421-Wa0043,2,3,5,-7.05,-32.14,4.26,1
Vid-20260421-Wa0043,2,3,6,-6.59,-29.61,5.32,1
Vid-20260421-Wa0043,2,3,7,-6.98,-30.4,5.35,1
Vid-20260421-Wa0043,2,4,0,-7.41,-30.31,4.83,1
Vid-20260421-Wa0043,2,4,1,-7.05,-32.14,4.26,1
Vid-20260421-Wa0043,2,4,2,-6.59,-29.61,5.32,1
Vid-20260421-Wa0043,2,4,3,-6.98,-30.4,5.35,1
Vid-20260421-Wa0043,2,4,4,-6.71,-26.55,6.28,1
Vid-20260421-Wa0043,2,4,5,-7.19,-25.31,6.06,1
Vid-20260421-Wa0043,2,4,6,-7.62,-29.36,4.94,1
Vid-20260421-Wa0043,2,4,7,-6.93,-27.55,5.16,1
Vid-20260421-Wa0043,2,5,0,-6.71,-26.55,6.28,1
Vid-20260421-Wa0043,2,5,1,-7.19,-25.31,6.06,1
Vid-20260421-Wa0043,2,5,2,-7.62,-29.36,4.94,1
Vid-20260421-Wa0043,2,5,3,-6.93,-27.55,5.16,1
Vid-20260421-Wa0043,2,5,4,-7.26,-26.94,4.1,1
Vid-20260421-Wa0043,2,5,5,-7.04,-28.02,4.26,1
Vid-20260421-Wa0043,2,5,6,-7.95,-25.26,3.74,1
Vid-20260421-Wa0043,2,5,7,-8.03,-25.17,5.64,1
Vid-20260421-Wa0043,2,6,0,-7.26,-26.94,4.1,1
Vid-20260421-Wa0043,2,6,1,-7.04,-28.02,4.26,1
Vid-20260421-Wa0043,2,6,2,-7.95,-25.26,3.74,1
Vid-20260421-Wa0043,2,6,3,-8.03,-25.17,5.64,1
Vid-20260421-Wa0043,2,6,4,-6.7,-27.42,6.37,1
Vid-20260421-Wa0043,2,6,5,-5.88,-26.38,7.1,1
Vid-20260421-Wa0043,2,6,6,-6.08,-28.43,7.72,1
Vid-20260421-Wa0043,2,6,7,-4.78,-27.84,7.48,1
Vid-20260421-Wa0043,2,7,0,-6.7,-27.42,6.37,1
Vid-20260421-Wa0043,2,7,1,-5.88,-26.38,7.1,1
Vid-20260421-Wa0043,2,7,2,-6.08,-28.43,7.72,1
Vid-20260421-Wa0043,2,7,3,-4.78,-27.84,7.48,1
Vid-20260421-Wa0043,2,7,4,-5.55,-27.6,6.97,1
Vid-20260421-Wa0043,2,7,5,-6.73,-27.7,6.19,1
Vid-20260421-Wa0043,2,7,6,-5.78,-30.02,6.87,1
Vid-20260421-Wa0043,2,7,7,-5.42,-29.02,6.62,1
Vid-20260421-Wa0043,2,8,0,-5.55,-27.6,6.97,1
Vid-20260421-Wa0043,2,8,1,-6.73,-27.7,6.19,1
Vid-20260421-Wa0043,2,8,2,-5.78,-30.02,6.87,1
Vid-20260421-Wa0043,2,8,3,-5.42,-29.02,6.62,1
Vid-20260421-Wa0043,2,8,4,-5.86,-29.72,6.35,1
Vid-20260421-Wa0043,2,8,5,-6.14,-30.29,6.11,1
Vid-20260421-Wa0043,2,8,6,-8.64,-29.78,7.11,1
Vid-20260421-Wa0043,2,8,7,-9.29,-27.88,6.11,1
Vid-20260421-Wa0043,2,9,0,-5.86,-29.72,6.35,1
Vid-20260421-Wa0043,2,9,1,-6.14,-30.29,6.11,1
Vid-20260421-Wa0043,2,9,2,-8.64,-29.78,7.11,1
Vid-20260421-Wa0043,2,9,3,-9.29,-27.88,6.11,1
Vid-20260421-Wa0043,2,9,4,-6.21,-30.42,7.13,1
Vid-20260421-Wa0043,2,9,5,-4.79,-28.24,7.92,1
Vid-20260421-Wa0043,2,9,6,-6.23,-29.3,6.76,1
Vid-20260421-Wa0043,2,9,7,-7.24,-30.23,6.11,1
Vid-20260421-Wa0043,3,0,0,31.56,-13.26,2.46,1
Vid-20260421-Wa0043,3,0,1,30.2,-13.34,3.01,1
Vid-20260421-Wa0043,3,0,2,30.54,-13.57,3.0,1
Vid-20260421-Wa0043,3,0,3,32.16,-13.96,2.97,1
Vid-20260421-Wa0043,3,0,4,32.94,-14.59,3.85,1
Vid-20260421-Wa0043,3,0,5,32.99,-14.76,5.11,1
Vid-20260421-Wa0043,3,0,6,32.46,-14.97,4.7,1
Vid-20260421-Wa0043,3,0,7,30.72,-15.35,2.14,1
Vid-20260421-Wa0043,3,1,0,32.94,-14.59,3.85,1
Vid-20260421-Wa0043,3,1,1,32.99,-14.76,5.11,1
Vid-20260421-Wa0043,3,1,2,32.46,-14.97,4.7,1
Vid-20260421-Wa0043,3,1,3,30.72,-15.35,2.14,1
Vid-20260421-Wa0043,3,1,4,30.43,-13.68,1.82,1
Vid-20260421-Wa0043,3,1,5,33.37,-11.05,1.51,1
Vid-20260421-Wa0043,3,1,6,31.59,-9.82,1.26,1
Vid-20260421-Wa0043,3,1,7,31.87,-8.49,1.5,1
Vid-20260421-Wa0043,3,2,0,30.43,-13.68,1.82,1
Vid-20260421-Wa0043,3,2,1,33.37,-11.05,1.51,1
Vid-20260421-Wa0043,3,2,2,31.59,-9.82,1.26,1
Vid-20260421-Wa0043,3,2,3,31.87,-8.49,1.5,1
Vid-20260421-Wa0043,3,2,4,31.9,-7.85,2.17,1
Vid-20260421-Wa0043,3,2,5,31.56,-8.88,1.82,1
Vid-20260421-Wa0043,3,2,6,32.54,-8.88,2.35,1
Vid-20260421-Wa0043,3,2,7,31.5,-9.52,2.39,1
Vid-20260421-Wa0043,3,3,0,31.9,-7.85,2.17,1
Vid-20260421-Wa0043,3,3,1,31.56,-8.88,1.82,1
Vid-20260421-Wa0043,3,3,2,32.54,-8.88,2.35,1
Vid-20260421-Wa0043,3,3,3,31.5,-9.52,2.39,1
Vid-20260421-Wa0043,3,3,4,31.77,-9.59,1.01,1
Vid-20260421-Wa0043,3,3,5,32.01,-9.86,1.61,1
Vid-20260421-Wa0043,3,3,6,31.06,-11.62,0.93,1
Vid-20260421-Wa0043,3,3,7,30.68,-11.63,2.27,1
Vid-20260421-Wa0043,3,4,0,31.77,-9.59,1.01,1
Vid-20260421-Wa0043,3,4,1,32.01,-9.86,1.61,1
Vid-20260421-Wa0043,3,4,2,31.06,-11.62,0.93,1
Vid-20260421-Wa0043,3,4,3,30.68,-11.63,2.27,1
Vid-20260421-Wa0043,3,4,4,31.35,-10.24,2.65,1
Vid-20260421-Wa0043,3,4,5,32.2,-9.51,2.22,1
Vid-20260421-Wa0043,3,4,6,33.9,-10.51,2.99,1
Vid-20260421-Wa0043,3,4,7,30.44,-10.51,3.07,1
Vid-20260421-Wa0043,3,5,0,31.35,-10.24,2.65,1
Vid-20260421-Wa0043,3,5,1,32.2,-9.51,2.22,1
Vid-20260421-Wa0043,3,5,2,33.9,-10.51,2.99,1
Vid-20260421-Wa0043,3,5,3,30.44,-10.51,3.07,1
Vid-20260421-Wa0043,3,5,4,31.26,-10.18,2.91,1
Vid-20260421-Wa0043,3,5,5,30.61,-10.16,2.96,1
Vid-20260421-Wa0043,3,5,6,30.78,-9.82,3.21,1
Vid-20260421-Wa0043,3,5,7,32.91,-10.69,2.9,1
Vid-20260421-Wa0043,3,6,0,31.26,-10.18,2.91,1
Vid-20260421-Wa0043,3,6,1,30.61,-10.16,2.96,1
Vid-20260421-Wa0043,3,6,2,30.78,-9.82,3.21,1
Vid-20260421-Wa0043,3,6,3,32.91,-10.69,2.9,1
Vid-20260421-Wa0043,3,6,4,30.67,-10.69,3.16,1
Vid-20260421-Wa0043,3,6,5,32.59,-10.55,3.6,1
Vid-20260421-Wa0043,3,6,6,32.1,-10.53,3.7,1
Vid-20260421-Wa0043,3,6,7,32.21,-9.67,4.09,1
Vid-20260421-Wa0043,3,7,0,30.67,-10.69,3.16,1
Vid-20260421-Wa0043,3,7,1,32.59,-10.55,3.6,1
Vid-20260421-Wa0043,3,7,2,32.1,-10.53,3.7,1
Vid-20260421-Wa0043,3,7,3,32.21,-9.67,4.09,1
Vid-20260421-Wa0043,3,7,4,30.77,-10.12,3.75,1
Vid-20260421-Wa0043,3,7,5,30.96,-10.79,3.71,1
Vid-20260421-Wa0043,3,7,6,31.1,-10.48,3.65,1
Vid-20260421-Wa0043,3,7,7,30.56,-10.2,4.17,1
Vid-20260421-Wa0043,3,8,0,30.77,-10.12,3.75,1
Vid-20260421-Wa0043,3,8,1,30.96,-10.79,3.71,1
Vid-20260421-Wa0043,3,8,2,31.1,-10.48,3.65,1
Vid-20260421-Wa0043,3,8,3,30.56,-10.2,4.17,1
Vid-20260421-Wa0043,3,8,4,31.35,-11.27,3.34,1
Vid-20260421-Wa0043,3,8,5,31.28,-10.7,4.24,1
Vid-20260421-Wa0043,3,8,6,30.98,-10.03,4.6,1
Vid-20260421-Wa0043,3,8,7,31.66,-11.34,4.86,1
Vid-20260421-Wa0043,3,9,0,31.35,-11.27,3.34,1
Vid-20260421-Wa0043,3,9,1,31.28,-10.7,4.24,1
Vid-20260421-Wa0043,3,9,2,30.98,-10.03,4.6,1
Vid-20260421-Wa0043,3,9,3,31.66,-11.34,4.86,1
Vid-20260421-Wa0043,3,9,4,32.4,-10.89,4.66,1
Vid-20260421-Wa0043,3,9,5,31.47,-10.63,4.64,1
Vid-20260421-Wa0043,3,9,6,31.36,-10.53,4.53,1
Vid-20260421-Wa0043,3,9,7,31.28,-10.4,4.39,1
Vid-20260421-Wa0049,1,0,0,3.77,-24.55,2.97,1
Vid-20260421-Wa0049,1,0,1,5.56,-25.17,0.61,1
Vid-20260421-Wa0049,1,0,2,6.7,-26.43,-0.65,1
Vid-20260421-Wa0049,1,0,3,8.21,-26.96,-1.89,1
Vid-20260421-Wa0049,1,0,4,7.36,-29.99,-3.07,1
Vid-20260421-Wa0049,1,0,5,6.1,-30.36,-2.62,1
Vid-20260421-Wa0049,1,0,6,5.18,-34.71,-2.59,1
Vid-20260421-Wa0049,1,0,7,5.52,-32.39,-3.27,1
Vid-20260421-Wa0049,1,1,0,7.36,-29.99,-3.07,1
Vid-20260421-Wa0049,1,1,1,6.1,-30.36,-2.62,1
Vid-20260421-Wa0049,1,1,2,5.18,-34.71,-2.59,1
Vid-20260421-Wa0049,1,1,3,5.52,-32.39,-3.27,1
Vid-20260421-Wa0049,1,1,4,9.86,-28.11,-7.09,1
Vid-20260421-Wa0049,1,1,5,42.56,-12.02,-2.95,1
Vid-20260421-Wa0049,1,1,6,8.81,-28.33,-5.85,1
Vid-20260421-Wa0049,1,1,7,9.76,-33.67,-8.22,1
Vid-20260421-Wa0049,1,2,0,9.86,-28.11,-7.09,1
Vid-20260421-Wa0049,1,2,1,42.56,-12.02,-2.95,1
Vid-20260421-Wa0049,1,2,2,8.81,-28.33,-5.85,1
Vid-20260421-Wa0049,1,2,3,9.76,-33.67,-8.22,1
Vid-20260421-Wa0049,1,2,4,12.96,-31.99,-9.31,1
Vid-20260421-Wa0049,1,2,5,4.36,-34.09,-1.91,1
Vid-20260421-Wa0049,1,2,6,7.1,-39.64,-2.43,1
Vid-20260421-Wa0049,1,2,7,7.54,-33.83,-1.61,1
Vid-20260421-Wa0049,1,3,0,12.96,-31.99,-9.31,1
Vid-20260421-Wa0049,1,3,1,4.36,-34.09,-1.91,1
Vid-20260421-Wa0049,1,3,2,7.1,-39.64,-2.43,1
Vid-20260421-Wa0049,1,3,3,7.54,-33.83,-1.61,1
Vid-20260421-Wa0049,1,3,4,5.0,-33.67,-0.17,1
Vid-20260421-Wa0049,1,3,5,4.26,-32.87,0.85,1
Vid-20260421-Wa0049,1,3,6,6.04,-31.01,0.33,1
Vid-20260421-Wa0049,1,3,7,5.02,-31.54,0.87,1
Vid-20260421-Wa0049,1,4,0,5.0,-33.67,-0.17,1
Vid-20260421-Wa0049,1,4,1,4.26,-32.87,0.85,1
Vid-20260421-Wa0049,1,4,2,6.04,-31.01,0.33,1
Vid-20260421-Wa0049,1,4,3,5.02,-31.54,0.87,1
Vid-20260421-Wa0049,1,4,4,4.97,-33.83,1.13,1
Vid-20260421-Wa0049,1,4,5,7.8,-31.02,0.97,1
Vid-20260421-Wa0049,1,4,6,4.47,-31.45,2.11,1
Vid-20260421-Wa0049,1,4,7,5.88,-32.81,2.61,1
Vid-20260421-Wa0049,1,5,0,4.97,-33.83,1.13,1
Vid-20260421-Wa0049,1,5,1,7.8,-31.02,0.97,1
Vid-20260421-Wa0049,1,5,2,4.47,-31.45,2.11,1
Vid-20260421-Wa0049,1,5,3,5.88,-32.81,2.61,1
Vid-20260421-Wa0049,1,5,4,7.46,-31.9,1.03,1
Vid-20260421-Wa0049,1,5,5,5.6,-32.89,2.1,1
Vid-20260421-Wa0049,1,5,6,3.09,-31.7,3.1,1
Vid-20260421-Wa0049,1,5,7,2.96,-31.91,2.19,1
Vid-20260421-Wa0049,1,6,0,7.46,-31.9,1.03,1
Vid-20260421-Wa0049,1,6,1,5.6,-32.89,2.1,1
Vid-20260421-Wa0049,1,6,2,3.09,-31.7,3.1,1
Vid-20260421-Wa0049,1,6,3,2.96,-31.91,2.19,1
Vid-20260421-Wa0049,1,6,4,0.89,-29.08,2.6,1
Vid-20260421-Wa0049,1,6,5,3.78,-28.63,3.17,1
Vid-20260421-Wa0049,1,6,6,6.17,-26.13,2.56,1
Vid-20260421-Wa0049,1,6,7,12.54,-21.99,0.87,1
Vid-20260421-Wa0049,1,7,0,0.89,-29.08,2.6,1
Vid-20260421-Wa0049,1,7,1,3.78,-28.63,3.17,1
Vid-20260421-Wa0049,1,7,2,6.17,-26.13,2.56,1
Vid-20260421-Wa0049,1,7,3,12.54,-21.99,0.87,1
Vid-20260421-Wa0049,1,7,4,12.19,-20.4,-0.48,1
Vid-20260421-Wa0049,1,7,5,0.67,-20.74,0.55,1
Vid-20260421-Wa0049,1,7,6,-2.53,-19.0,1.28,1
Vid-20260421-Wa0049,1,7,7,-3.77,-22.01,0.58,1
Vid-20260421-Wa0049,1,8,0,12.19,-20.4,-0.48,1
Vid-20260421-Wa0049,1,8,1,0.67,-20.74,0.55,1
Vid-20260421-Wa0049,1,8,2,-2.53,-19.0,1.28,1
Vid-20260421-Wa0049,1,8,3,-3.77,-22.01,0.58,1
Vid-20260421-Wa0049,1,8,4,1.61,-20.62,-0.31,1
Vid-20260421-Wa0049,1,8,5,10.9,-18.07,-3.81,1
Vid-20260421-Wa0049,1,8,6,20.59,-17.82,-8.4,1
Vid-20260421-Wa0049,1,8,7,8.16,-16.61,-0.53,1
Vid-20260421-Wa0049,1,9,0,1.61,-20.62,-0.31,1
Vid-20260421-Wa0049,1,9,1,10.9,-18.07,-3.81,1
Vid-20260421-Wa0049,1,9,2,20.59,-17.82,-8.4,1
Vid-20260421-Wa0049,1,9,3,8.16,-16.61,-0.53,1
Vid-20260421-Wa0049,1,9,4,7.02,-17.78,2.98,1
Vid-20260421-Wa0049,1,9,5,7.85,-18.07,3.22,1
Vid-20260421-Wa0049,1,9,6,4.97,-20.86,3.12,1
Vid-20260421-Wa0049,1,9,7,6.41,-21.95,3.65,1
Vid-20260421-Wa0049,1,10,0,7.02,-17.78,2.98,1
Vid-20260421-Wa0049,1,10,1,7.85,-18.07,3.22,1
Vid-20260421-Wa0049,1,10,2,4.97,-20.86,3.12,1
Vid-20260421-Wa0049,1,10,3,6.41,-21.95,3.65,1
Vid-20260421-Wa0049,1,10,4,1.8,-26.18,3.13,1
Vid-20260421-Wa0049,1,10,5,3.12,-30.36,3.44,1
Vid-20260421-Wa0049,1,10,6,1.44,-34.44,5.37,1
Vid-20260421-Wa0049,1,10,7,0.59,-35.4,5.14,1
Vid-20260421-Wa0049,2,0,0,-25.62,-23.03,-2.34,1
Vid-20260421-Wa0049,2,0,1,-26.34,-20.92,-3.03,1
Vid-20260421-Wa0049,2,0,2,-26.11,-20.35,-3.7,1
Vid-20260421-Wa0049,2,0,3,-24.72,-20.68,-3.17,1
Vid-20260421-Wa0049,2,0,4,-27.17,-21.27,-2.76,1
Vid-20260421-Wa0049,2,0,5,-25.29,-21.58,-3.23,1
Vid-20260421-Wa0049,2,0,6,-26.66,-22.2,-2.49,1
Vid-20260421-Wa0049,2,0,7,-27.41,-22.11,-2.01,1
Vid-20260421-Wa0049,2,1,0,-27.17,-21.27,-2.76,1
Vid-20260421-Wa0049,2,1,1,-25.29,-21.58,-3.23,1
Vid-20260421-Wa0049,2,1,2,-26.66,-22.2,-2.49,1
Vid-20260421-Wa0049,2,1,3,-27.41,-22.11,-2.01,1
Vid-20260421-Wa0049,2,1,4,-27.47,-22.89,-1.28,1
Vid-20260421-Wa0049,2,1,5,-25.02,-24.63,-0.29,1
Vid-20260421-Wa0049,2,1,6,-24.01,-26.73,0.46,1
Vid-20260421-Wa0049,2,1,7,-25.62,-22.3,5.04,1
Vid-20260421-Wa0049,2,2,0,-27.47,-22.89,-1.28,1
Vid-20260421-Wa0049,2,2,1,-25.02,-24.63,-0.29,1
Vid-20260421-Wa0049,2,2,2,-24.01,-26.73,0.46,1
Vid-20260421-Wa0049,2,2,3,-25.62,-22.3,5.04,1
Vid-20260421-Wa0049,2,2,4,-19.16,-28.53,13.17,1
Vid-20260421-Wa0049,2,2,5,-9.28,-37.17,15.86,1
Vid-20260421-Wa0049,2,2,6,-15.9,-27.5,1.08,1
Vid-20260421-Wa0049,2,2,7,-18.15,-31.78,-3.09,1
Vid-20260421-Wa0049,2,3,0,-19.16,-28.53,13.17,1
Vid-20260421-Wa0049,2,3,1,-9.28,-37.17,15.86,1
Vid-20260421-Wa0049,2,3,2,-15.9,-27.5,1.08,1
Vid-20260421-Wa0049,2,3,3,-18.15,-31.78,-3.09,1
Vid-20260421-Wa0049,2,3,4,-11.6,-36.96,1.21,1
Vid-20260421-Wa0049,2,3,5,-8.04,-33.6,0.02,1
Vid-20260421-Wa0049,2,3,6,-12.15,-31.98,0.12,1
Vid-20260421-Wa0049,2,3,7,-18.32,-26.05,0.72,1
Vid-20260421-Wa0049,2,4,0,-11.6,-36.96,1.21,1
Vid-20260421-Wa0049,2,4,1,-8.04,-33.6,0.02,1
Vid-20260421-Wa0049,2,4,2,-12.15,-31.98,0.12,1
Vid-20260421-Wa0049,2,4,3,-18.32,-26.05,0.72,1
Vid-20260421-Wa0049,2,4,4,-19.86,-24.69,1.44,1
Vid-20260421-Wa0049,2,4,5,-18.11,-23.74,10.35,1
Vid-20260421-Wa0049,2,4,6,-6.9,-29.3,14.29,1
Vid-20260421-Wa0049,2,4,7,-17.14,-32.82,6.87,1
Vid-20260421-Wa0049,2,5,0,-19.86,-24.69,1.44,1
Vid-20260421-Wa0049,2,5,1,-18.11,-23.74,10.35,1
Vid-20260421-Wa0049,2,5,2,-6.9,-29.3,14.29,1
Vid-20260421-Wa0049,2,5,3,-17.14,-32.82,6.87,1
Vid-20260421-Wa0049,2,5,4,-26.82,-28.97,3.77,1
Vid-20260421-Wa0049,2,5,5,-25.77,-29.5,3.94,1
Vid-20260421-Wa0049,2,5,6,-22.91,-31.94,5.32,1
Vid-20260421-Wa0049,2,5,7,-26.36,-28.08,3.15,1
Vid-20260421-Wa0049,2,6,0,-26.82,-28.97,3.77,1
Vid-20260421-Wa0049,2,6,1,-25.77,-29.5,3.94,1
Vid-20260421-Wa0049,2,6,2,-22.91,-31.94,5.32,1
Vid-20260421-Wa0049,2,6,3,-26.36,-28.08,3.15,1
Vid-20260421-Wa0049,2,6,4,-28.8,-28.03,3.63,1
Vid-20260421-Wa0049,2,6,5,-28.32,-29.69,4.62,1
Vid-20260421-Wa0049,2,6,6,-27.79,-27.27,3.19,1
Vid-20260421-Wa0049,2,6,7,-25.32,-28.38,2.5,1
Vid-20260421-Wa0049,2,7,0,-28.8,-28.03,3.63,1
Vid-20260421-Wa0049,2,7,1,-28.32,-29.69,4.62,1
Vid-20260421-Wa0049,2,7,2,-27.79,-27.27,3.19,1
Vid-20260421-Wa0049,2,7,3,-25.32,-28.38,2.5,1
Vid-20260421-Wa0049,2,7,4,-27.68,-23.13,2.28,1
Vid-20260421-Wa0049,2,7,5,-28.01,-22.89,2.04,1
Vid-20260421-Wa0049,2,7,6,-28.55,-24.48,2.73,1
Vid-20260421-Wa0049,2,7,7,-24.29,-25.88,2.72,1
Vid-20260421-Wa0049,2,8,0,-27.68,-23.13,2.28,1
Vid-20260421-Wa0049,2,8,1,-28.01,-22.89,2.04,1
Vid-20260421-Wa0049,2,8,2,-28.55,-24.48,2.73,1
Vid-20260421-Wa0049,2,8,3,-24.29,-25.88,2.72,1
Vid-20260421-Wa0049,2,8,4,-23.75,-26.93,2.79,1
Vid-20260421-Wa0049,2,8,5,-27.1,-25.43,2.76,1
Vid-20260421-Wa0049,2,8,6,-23.8,-27.66,2.73,1
Vid-20260421-Wa0049,2,8,7,-25.89,-24.89,3.0,1
Vid-20260421-Wa0049,2,9,0,-23.75,-26.93,2.79,1
Vid-20260421-Wa0049,2,9,1,-27.1,-25.43,2.76,1
Vid-20260421-Wa0049,2,9,2,-23.8,-27.66,2.73,1
Vid-20260421-Wa0049,2,9,3,-25.89,-24.89,3.0,1
Vid-20260421-Wa0049,2,9,4,-20.12,-25.99,2.68,1
Vid-20260421-Wa0049,2,9,5,-20.18,-24.5,2.9,1
Vid-20260421-Wa0049,2,9,6,-20.81,-25.09,3.45,1
Vid-20260421-Wa0049,2,9,7,-21.42,-25.48,4.44,1
Vid-20260421-Wa0049,2,10,0,-20.12,-25.99,2.68,1
Vid-20260421-Wa0049,2,10,1,-20.18,-24.5,2.9,1
Vid-20260421-Wa0049,2,10,2,-20.81,-25.09,3.45,1
Vid-20260421-Wa0049,2,10,3,-21.42,-25.48,4.44,1
Vid-20260421-Wa0049,2,10,4,-20.45,-27.99,4.31,1
Vid-20260421-Wa0049,2,10,5,-23.61,-27.04,4.14,1
Vid-20260421-Wa0049,2,10,6,-25.91,-26.66,4.22,1
Vid-20260421-Wa0049,2,10,7,-28.51,-26.28,4.54,1
Vid-20260421-Wa0049,3,0,0,,,,0
Vid-20260421-Wa0049,3,0,1,,,,0
Vid-20260421-Wa0049,3,0,2,,,,0
Vid-20260421-Wa0049,3,0,3,,,,0
Vid-20260421-Wa0049,3,0,4,,,,0
Vid-20260421-Wa0049,3,0,5,,,,0
Vid-20260421-Wa0049,3,0,6,,,,0
Vid-20260421-Wa0049,3,0,7,,,,0
Vid-20260421-Wa0049,3,1,0,,,,0
Vid-20260421-Wa0049,3,1,1,,,,0
Vid-20260421-Wa0049,3,1,2,,,,0
Vid-20260421-Wa0049,3,1,3,,,,0
Vid-20260421-Wa0049,3,1,4,,,,0
Vid-20260421-Wa0049,3,1,5,,,,0
Vid-20260421-Wa0049,3,1,6,,,,0
Vid-20260421-Wa0049,3,1,7,,,,0
Vid-20260421-Wa0049,3,2,0,,,,0
Vid-20260421-Wa0049,3,2,1,,,,0
Vid-20260421-Wa0049,3,2,2,,,,0
Vid-20260421-Wa0049,3,2,3,,,,0
Vid-20260421-Wa0049,3,2,4,,,,0
Vid-20260421-Wa0049,3,2,5,,,,0
Vid-20260421-Wa0049,3,2,6,,,,0
Vid-20260421-Wa0049,3,2,7,,,,0
Vid-20260421-Wa0049,3,3,0,,,,0
Vid-20260421-Wa0049,3,3,1,,,,0
Vid-20260421-Wa0049,3,3,2,,,,0
Vid-20260421-Wa0049,3,3,3,,,,0
Vid-20260421-Wa0049,3,3,4,,,,0
Vid-20260421-Wa0049,3,3,5,,,,0
Vid-20260421-Wa0049,3,3,6,,,,0
Vid-20260421-Wa0049,3,3,7,,,,0
Vid-20260421-Wa0049,3,4,0,,,,0
Vid-20260421-Wa0049,3,4,1,,,,0
Vid-20260421-Wa0049,3,4,2,,,,0
Vid-20260421-Wa0049,3,4,3,,,,0
Vid-20260421-Wa0049,3,4,4,,,,0
Vid-20260421-Wa0049,3,4,5,,,,0
Vid-20260421-Wa0049,3,4,6,,,,0
Vid-20260421-Wa0049,3,4,7,,,,0
Vid-20260421-Wa0049,3,5,0,,,,0
Vid-20260421-Wa0049,3,5,1,,,,0
Vid-20260421-Wa0049,3,5,2,,,,0
Vid-20260421-Wa0049,3,5,3,,,,0
Vid-20260421-Wa0049,3,5,4,,,,0
Vid-20260421-Wa0049,3,5,5,,,,0
Vid-20260421-Wa0049,3,5,6,,,,0
Vid-20260421-Wa0049,3,5,7,,,,0
Vid-20260421-Wa0049,3,6,0,,,,0
Vid-20260421-Wa0049,3,6,1,,,,0
Vid-20260421-Wa0049,3,6,2,,,,0
Vid-20260421-Wa0049,3,6,3,,,,0
Vid-20260421-Wa0049,3,6,4,,,,0
Vid-20260421-Wa0049,3,6,5,,,,0
Vid-20260421-Wa0049,3,6,6,,,,0
Vid-20260421-Wa0049,3,6,7,,,,0
Vid-20260421-Wa0049,3,7,0,,,,0
Vid-20260421-Wa0049,3,7,1,,,,0
Vid-20260421-Wa0049,3,7,2,,,,0
Vid-20260421-Wa0049,3,7,3,,,,0
Vid-20260421-Wa0049,3,7,4,,,,0
Vid-20260421-Wa0049,3,7,5,,,,0
Vid-20260421-Wa0049,3,7,6,,,,0
Vid-20260421-Wa0049,3,7,7,,,,0
Vid-20260421-Wa0049,3,8,0,,,,0
Vid-20260421-Wa0049,3,8,1,,,,0
Vid-20260421-Wa0049,3,8,2,,,,0
Vid-20260421-Wa0049,3,8,3,,,,0
Vid-20260421-Wa0049,3,8,4,,,,0
Vid-20260421-Wa0049,3,8,5,,,,0
Vid-20260421-Wa0049,3,8,6,,,,0
Vid-20260421-Wa0049,3,8,7,,,,0
Vid-20260421-Wa0049,3,9,0,,,,0
Vid-20260421-Wa0049,3,9,1,,,,0
Vid-20260421-Wa0049,3,9,2,,,,0
Vid-20260421-Wa0049,3,9,3,,,,0
Vid-20260421-Wa0049,3,9,4,,,,0
Vid-20260421-Wa0049,3,9,5,,,,0
Vid-20260421-Wa0049,3,9,6,,,,0
Vid-20260421-Wa0049,3,9,7,,,,0
Vid-20260421-Wa0049,3,10,0,,,,0
Vid-20260421-Wa0049,3,10,1,,,,0
Vid-20260421-Wa0049,3,10,2,,,,0
Vid-20260421-Wa0049,3,10,3,,,,0
Vid-20260421-Wa0049,3,10,4,,,,0
Vid-20260421-Wa0049,3,10,5,,,,0
Vid-20260421-Wa0049,3,10,6,,,,0
Vid-20260421-Wa0049,3,10,7,,,,0
Vid-20260421-Wa0049,4,0,0,,,,0
Vid-20260421-Wa0049,4,0,1,,,,0
Vid-20260421-Wa0049,4,0,2,,,,0
Vid-20260421-Wa0049,4,0,3,,,,0
Vid-20260421-Wa0049,4,0,4,,,,0
Vid-20260421-Wa0049,4,0,5,,,,0
Vid-20260421-Wa0049,4,0,6,,,,0
Vid-20260421-Wa0049,4,0,7,,,,0
Vid-20260421-Wa0064,1,0,0,,,,0
Vid-20260421-Wa0064,1,0,1,,,,0
Vid-20260421-Wa0064,1,0,2,,,,0
Vid-20260421-Wa0064,1,0,3,,,,0
Vid-20260421-Wa0064,1,0,4,,,,0
Vid-20260421-Wa0064,1,0,5,,,,0
Vid-20260421-Wa0064,1,0,6,,,,0
Vid-20260421-Wa0064,1,0,7,,,,0
Vid-20260421-Wa0064,1,1,0,,,,0
Vid-20260421-Wa0064,1,1,1,,,,0
Vid-20260421-Wa0064,1,1,2,,,,0
Vid-20260421-Wa0064,1,1,3,,,,0
Vid-20260421-Wa0064,1,1,4,,,,0
Vid-20260421-Wa0064,1,1,5,,,,0
Vid-20260421-Wa0064,1,1,6,,,,0
Vid-20260421-Wa0064,1,1,7,,,,0
Vid-20260421-Wa0064,1,2,0,,,,0
Vid-20260421-Wa0064,1,2,1,,,,0
Vid-20260421-Wa0064,1,2,2,,,,0
Vid-20260421-Wa0064,1,2,3,,,,0
Vid-20260421-Wa0064,1,2,4,,,,0
Vid-20260421-Wa0064,1,2,5,,,,0
Vid-20260421-Wa0064,1,2,6,,,,0
Vid-20260421-Wa0064,1,2,7,,,,0
Vid-20260421-Wa0064,1,3,0,,,,0
Vid-20260421-Wa0064,1,3,1,,,,0
Vid-20260421-Wa0064,1,3,2,,,,0
Vid-20260421-Wa0064,1,3,3,,,,0
Vid-20260421-Wa0064,1,3,4,,,,0
Vid-20260421-Wa0064,1,3,5,,,,0
Vid-20260421-Wa0064,1,3,6,,,,0
Vid-20260421-Wa0064,1,3,7,,,,0
Vid-20260421-Wa0064,1,4,0,,,,0
Vid-20260421-Wa0064,1,4,1,,,,0
Vid-20260421-Wa0064,1,4,2,,,,0
Vid-20260421-Wa0064,1,4,3,,,,0
Vid-20260421-Wa0064,1,4,4,,,,0
Vid-20260421-Wa0064,1,4,5,,,,0
Vid-20260421-Wa0064,1,4,6,,,,0
Vid-20260421-Wa0064,1,4,7,,,,0
Vid-20260421-Wa0064,1,5,0,,,,0
Vid-20260421-Wa0064,1,5,1,,,,0
Vid-20260421-Wa0064,1,5,2,,,,0
Vid-20260421-Wa0064,1,5,3,,,,0
Vid-20260421-Wa0064,1,5,4,,,,0
Vid-20260421-Wa0064,1,5,5,,,,0
Vid-20260421-Wa0064,1,5,6,,,,0
Vid-20260421-Wa0064,1,5,7,,,,0
Vid-20260421-Wa0064,1,6,0,,,,0
Vid-20260421-Wa0064,1,6,1,,,,0
Vid-20260421-Wa0064,1,6,2,,,,0
Vid-20260421-Wa0064,1,6,3,,,,0
Vid-20260421-Wa0064,1,6,4,,,,0
Vid-20260421-Wa0064,1,6,5,,,,0
Vid-20260421-Wa0064,1,6,6,,,,0
Vid-20260421-Wa0064,1,6,7,,,,0
Vid-20260421-Wa0064,1,7,0,,,,0
Vid-20260421-Wa0064,1,7,1,,,,0
Vid-20260421-Wa0064,1,7,2,,,,0
Vid-20260421-Wa0064,1,7,3,,,,0
Vid-20260421-Wa0064,1,7,4,,,,0
Vid-20260421-Wa0064,1,7,5,,,,0
Vid-20260421-Wa0064,1,7,6,,,,0
Vid-20260421-Wa0064,1,7,7,,,,0
Vid-20260421-Wa0064,1,8,0,,,,0
Vid-20260421-Wa0064,1,8,1,,,,0
Vid-20260421-Wa0064,1,8,2,,,,0
Vid-20260421-Wa0064,1,8,3,,,,0
Vid-20260421-Wa0064,1,8,4,,,,0
Vid-20260421-Wa0064,1,8,5,,,,0
Vid-20260421-Wa0064,1,8,6,,,,0
Vid-20260421-Wa0064,1,8,7,,,,0
Vid-20260421-Wa0064,1,9,0,,,,0
Vid-20260421-Wa0064,1,9,1,,,,0
Vid-20260421-Wa0064,1,9,2,,,,0
Vid-20260421-Wa0064,1,9,3,,,,0
Vid-20260421-Wa0064,1,9,4,,,,0
Vid-20260421-Wa0064,1,9,5,,,,0
Vid-20260421-Wa0064,1,9,6,,,,0
Vid-20260421-Wa0064,1,9,7,,,,0
Vid-20260421-Wa0064,1,10,0,,,,0
Vid-20260421-Wa0064,1,10,1,,,,0
Vid-20260421-Wa0064,1,10,2,,,,0
Vid-20260421-Wa0064,1,10,3,,,,0
Vid-20260421-Wa0064,1,10,4,,,,0
Vid-20260421-Wa0064,1,10,5,,,,0
Vid-20260421-Wa0064,1,10,6,,,,0
Vid-20260421-Wa0064,1,10,7,,,,0
Vid-20260421-Wa0064,1,11,0,,,,0
Vid-20260421-Wa0064,1,11,1,,,,0
Vid-20260421-Wa0064,1,11,2,,,,0
Vid-20260421-Wa0064,1,11,3,,,,0
Vid-20260421-Wa0064,1,11,4,,,,0
Vid-20260421-Wa0064,1,11,5,,,,0
Vid-20260421-Wa0064,1,11,6,,,,0
Vid-20260421-Wa0064,1,11,7,,,,0
Vid-20260421-Wa0064,1,12,0,,,,0
Vid-20260421-Wa0064,1,12,1,,,,0
Vid-20260421-Wa0064,1,12,2,,,,0
Vid-20260421-Wa0064,1,12,3,,,,0
Vid-20260421-Wa0064,1,12,4,,,,0
Vid-20260421-Wa0064,1,12,5,,,,0
Vid-20260421-Wa0064,1,12,6,,,,0
Vid-20260421-Wa0064,1,12,7,,,,0
Vid-20260421-Wa0064,1,13,0,,,,0
Vid-20260421-Wa0064,1,13,1,,,,0
Vid-20260421-Wa0064,1,13,2,,,,0
Vid-20260421-Wa0064,1,13,3,,,,0
Vid-20260421-Wa0064,1,13,4,,,,0
Vid-20260421-Wa0064,1,13,5,,,,0
Vid-20260421-Wa0064,1,13,6,,,,0
Vid-20260421-Wa0064,1,13,7,,,,0
Vid-20260421-Wa0064,2,0,0,-16.07,-3.38,-0.6,1
Vid-20260421-Wa0064,2,0,1,-9.37,-5.02,-0.45,1
Vid-20260421-Wa0064,2,0,2,-7.84,-5.89,0.23,1
Vid-20260421-Wa0064,2,0,3,-8.25,-4.96,-0.05,1
Vid-20260421-Wa0064,2,0,4,-7.06,-6.7,-0.47,1
Vid-20260421-Wa0064,2,0,5,-11.06,-4.62,-0.26,1
Vid-20260421-Wa0064,2,0,6,-10.35,-5.97,0.04,1
Vid-20260421-Wa0064,2,0,7,-5.14,-6.92,-0.91,1
Vid-20260421-Wa0064,2,1,0,-7.06,-6.7,-0.47,1
Vid-20260421-Wa0064,2,1,1,-11.06,-4.62,-0.26,1
Vid-20260421-Wa0064,2,1,2,-10.35,-5.97,0.04,1
Vid-20260421-Wa0064,2,1,3,-5.14,-6.92,-0.91,1
Vid-20260421-Wa0064,2,1,4,-1.82,-9.05,-2.28,1
Vid-20260421-Wa0064,2,1,5,-2.14,-11.63,-0.91,1
Vid-20260421-Wa0064,2,1,6,-0.54,-12.09,-0.46,1
Vid-20260421-Wa0064,2,1,7,0.45,-12.08,-1.0,1
Vid-20260421-Wa0064,2,2,0,-1.82,-9.05,-2.28,1
Vid-20260421-Wa0064,2,2,1,-2.14,-11.63,-0.91,1
Vid-20260421-Wa0064,2,2,2,-0.54,-12.09,-0.46,1
Vid-20260421-Wa0064,2,2,3,0.45,-12.08,-1.0,1
Vid-20260421-Wa0064,2,2,4,0.87,-12.12,-0.89,1
Vid-20260421-Wa0064,2,2,5,1.71,-13.12,0.51,1
Vid-20260421-Wa0064,2,2,6,2.02,-11.42,0.47,1
Vid-20260421-Wa0064,2,2,7,1.15,-10.95,1.89,1
Vid-20260421-Wa0064,2,3,0,0.87,-12.12,-0.89,1
Vid-20260421-Wa0064,2,3,1,1.71,-13.12,0.51,1
Vid-20260421-Wa0064,2,3,2,2.02,-11.42,0.47,1
Vid-20260421-Wa0064,2,3,3,1.15,-10.95,1.89,1
Vid-20260421-Wa0064,2,3,4,0.92,-13.95,1.23,1
Vid-20260421-Wa0064,2,3,5,0.69,-13.23,1.95,1
Vid-20260421-Wa0064,2,3,6,1.57,-12.21,1.11,1
Vid-20260421-Wa0064,2,3,7,2.33,-12.99,1.16,1
Vid-20260421-Wa0064,2,4,0,0.92,-13.95,1.23,1
Vid-20260421-Wa0064,2,4,1,0.69,-13.23,1.95,1
Vid-20260421-Wa0064,2,4,2,1.57,-12.21,1.11,1
Vid-20260421-Wa0064,2,4,3,2.33,-12.99,1.16,1
Vid-20260421-Wa0064,2,4,4,0.98,-11.02,1.04,1
Vid-20260421-Wa0064,2,4,5,0.85,-11.0,1.07,1
Vid-20260421-Wa0064,2,4,6,0.56,-12.68,0.46,1
Vid-20260421-Wa0064,2,4,7,-2.85,-11.21,1.17,1
Vid-20260421-Wa0064,2,5,0,0.98,-11.02,1.04,1
Vid-20260421-Wa0064,2,5,1,0.85,-11.0,1.07,1
Vid-20260421-Wa0064,2,5,2,0.56,-12.68,0.46,1
Vid-20260421-Wa0064,2,5,3,-2.85,-11.21,1.17,1
Vid-20260421-Wa0064,2,5,4,-6.87,-6.54,-1.02,1
Vid-20260421-Wa0064,2,5,5,-4.02,-3.67,-1.46,1
Vid-20260421-Wa0064,2,5,6,-3.19,-3.73,2.48,1
Vid-20260421-Wa0064,2,5,7,-2.74,-4.73,2.0,1
Vid-20260421-Wa0064,2,6,0,-6.87,-6.54,-1.02,1
Vid-20260421-Wa0064,2,6,1,-4.02,-3.67,-1.46,1
Vid-20260421-Wa0064,2,6,2,-3.19,-3.73,2.48,1
Vid-20260421-Wa0064,2,6,3,-2.74,-4.73,2.0,1
Vid-20260421-Wa0064,2,6,4,-1.19,-8.23,6.3,1
Vid-20260421-Wa0064,2,6,5,3.03,-12.1,6.09,1
Vid-20260421-Wa0064,2,6,6,-0.35,-11.47,7.2,1
Vid-20260421-Wa0064,2,6,7,1.29,-12.15,7.78,1
Vid-20260421-Wa0064,2,7,0,-1.19,-8.23,6.3,1
Vid-20260421-Wa0064,2,7,1,3.03,-12.1,6.09,1
Vid-20260421-Wa0064,2,7,2,-0.35,-11.47,7.2,1
Vid-20260421-Wa0064,2,7,3,1.29,-12.15,7.78,1
Vid-20260421-Wa0064,2,7,4,2.78,-11.5,7.17,1
Vid-20260421-Wa0064,2,7,5,1.57,-13.74,5.98,1
Vid-20260421-Wa0064,2,7,6,3.4,-12.09,6.73,1
Vid-20260421-Wa0064,2,7,7,3.99,-10.67,6.07,1
Vid-20260421-Wa0064,2,8,0,2.78,-11.5,7.17,1
Vid-20260421-Wa0064,2,8,1,1.57,-13.74,5.98,1
Vid-20260421-Wa0064,2,8,2,3.4,-12.09,6.73,1
Vid-20260421-Wa0064,2,8,3,3.99,-10.67,6.07,1
Vid-20260421-Wa0064,2,8,4,47.42,-27.83,-20.24,1
Vid-20260421-Wa0064,2,8,5,48.56,-29.35,-21.76,1
Vid-20260421-Wa0064,2,8,6,46.11,-29.1,-21.61,1
Vid-20260421-Wa0064,2,8,7,32.99,-25.63,-15.92,1
Vid-20260421-Wa0064,2,9,0,47.42,-27.83,-20.24,1
Vid-20260421-Wa0064,2,9,1,48.56,-29.35,-21.76,1
Vid-20260421-Wa0064,2,9,2,46.11,-29.1,-21.61,1
Vid-20260421-Wa0064,2,9,3,32.99,-25.63,-15.92,1
Vid-20260421-Wa0064,2,9,4,21.47,-15.54,1.46,1
Vid-20260421-Wa0064,2,9,5,8.95,-14.98,10.92,1
Vid-20260421-Wa0064,2,9,6,8.07,-13.21,10.92,1
Vid-20260421-Wa0064,2,9,7,6.68,-11.77,9.72,1
Vid-20260421-Wa0064,2,10,0,21.47,-15.54,1.46,1
Vid-20260421-Wa0064,2,10,1,8.95,-14.98,10.92,1
Vid-20260421-Wa0064,2,10,2,8.07,-13.21,10.92,1
Vid-20260421-Wa0064,2,10,3,6.68,-11.77,9.72,1
Vid-20260421-Wa0064,2,10,4,4.56,-13.88,6.06,1
Vid-20260421-Wa0064,2,10,5,6.2,-8.04,3.05,1
Vid-20260421-Wa0064,2,10,6,17.89,-5.84,-0.05,1
Vid-20260421-Wa0064,2,10,7,10.34,-3.31,-0.68,1
Vid-20260421-Wa0064,2,11,0,4.56,-13.88,6.06,1
Vid-20260421-Wa0064,2,11,1,6.2,-8.04,3.05,1
Vid-20260421-Wa0064,2,11,2,17.89,-5.84,-0.05,1
Vid-20260421-Wa0064,2,11,3,10.34,-3.31,-0.68,1
Vid-20260421-Wa0064,2,11,4,-0.59,-9.36,-2.42,1
Vid-20260421-Wa0064,2,11,5,-1.9,-10.68,-2.05,1
Vid-20260421-Wa0064,2,11,6,1.51,-10.63,-2.82,1
Vid-20260421-Wa0064,2,11,7,0.84,-10.7,-3.05,1
Vid-20260421-Wa0064,2,12,0,-0.59,-9.36,-2.42,1
Vid-20260421-Wa0064,2,12,1,-1.9,-10.68,-2.05,1
Vid-20260421-Wa0064,2,12,2,1.51,-10.63,-2.82,1
Vid-20260421-Wa0064,2,12,3,0.84,-10.7,-3.05,1
Vid-20260421-Wa0064,2,12,4,0.76,-11.78,-2.38,1
Vid-20260421-Wa0064,2,12,5,1.85,-12.03,-1.79,1
Vid-20260421-Wa0064,2,12,6,-3.42,-12.6,-1.7,1
Vid-20260421-Wa0064,2,12,7,-1.33,-10.06,-1.29,1
Vid-20260421-Wa0064,2,13,0,0.76,-11.78,-2.38,1
Vid-20260421-Wa0064,2,13,1,1.85,-12.03,-1.79,1
Vid-20260421-Wa0064,2,13,2,-3.42,-12.6,-1.7,1
Vid-20260421-Wa0064,2,13,3,-1.33,-10.06,-1.29,1
Vid-20260421-Wa0064,2,13,4,-3.41,-14.08,-3.11,1
Vid-20260421-Wa0064,2,13,5,-0.81,-12.63,-3.36,1
Vid-20260421-Wa0064,2,13,6,-2.11,-12.3,-5.73,1
Vid-20260421-Wa0064,2,13,7,-0.3,-11.81,-6.7,1
Vid-20260421-Wa0064,3,0,0,12.1,-10.71,5.02,1
Vid-20260421-Wa0064,3,0,1,15.26,-11.59,5.82,1
Vid-20260421-Wa0064,3,0,2,17.7,-11.1,4.62,1
Vid-20260421-Wa0064,3,0,3,14.06,-10.71,2.36,1
Vid-20260421-Wa0064,3,0,4,14.53,-10.49,0.97,1
Vid-20260421-Wa0064,3,0,5,13.94,-9.75,-0.29,1
Vid-20260421-Wa0064,3,0,6,16.19,-12.25,-1.42,1
Vid-20260421-Wa0064,3,0,7,15.74,-12.72,-2.1,1
Vid-20260421-Wa0064,3,1,0,14.53,-10.49,0.97,1
Vid-20260421-Wa0064,3,1,1,13.94,-9.75,-0.29,1
Vid-20260421-Wa0064,3,1,2,16.19,-12.25,-1.42,1
Vid-20260421-Wa0064,3,1,3,15.74,-12.72,-2.1,1
Vid-20260421-Wa0064,3,1,4,15.43,-9.73,-1.61,1
Vid-20260421-Wa0064,3,1,5,14.93,-11.81,-2.13,1
Vid-20260421-Wa0064,3,1,6,13.75,-9.92,-2.5,1
Vid-20260421-Wa0064,3,1,7,16.68,-11.29,-2.07,1
Vid-20260421-Wa0064,3,2,0,15.43,-9.73,-1.61,1
Vid-20260421-Wa0064,3,2,1,14.93,-11.81,-2.13,1
Vid-20260421-Wa0064,3,2,2,13.75,-9.92,-2.5,1
Vid-20260421-Wa0064,3,2,3,16.68,-11.29,-2.07,1
Vid-20260421-Wa0064,3,2,4,15.17,-12.55,-2.71,1
Vid-20260421-Wa0064,3,2,5,16.65,-12.44,-2.85,1
Vid-20260421-Wa0064,3,2,6,18.32,-12.36,-1.71,1
Vid-20260421-Wa0064,3,2,7,17.31,-12.49,-1.84,1
Vid-20260421-Wa0064,3,3,0,15.17,-12.55,-2.71,1
Vid-20260421-Wa0064,3,3,1,16.65,-12.44,-2.85,1
Vid-20260421-Wa0064,3,3,2,18.32,-12.36,-1.71,1
Vid-20260421-Wa0064,3,3,3,17.31,-12.49,-1.84,1
Vid-20260421-Wa0064,3,3,4,17.49,-10.9,-1.07,1
Vid-20260421-Wa0064,3,3,5,16.46,-13.54,-1.89,1
Vid-20260421-Wa0064,3,3,6,16.24,-13.33,-2.34,1
Vid-20260421-Wa0064,3,3,7,17.9,-12.88,-1.73,1
Vid-20260421-Wa0064,3,4,0,17.49,-10.9,-1.07,1
Vid-20260421-Wa0064,3,4,1,16.46,-13.54,-1.89,1
Vid-20260421-Wa0064,3,4,2,16.24,-13.33,-2.34,1
Vid-20260421-Wa0064,3,4,3,17.9,-12.88,-1.73,1
Vid-20260421-Wa0064,3,4,4,13.56,-12.07,-2.23,1
Vid-20260421-Wa0064,3,4,5,16.92,-15.39,-3.59,1
Vid-20260421-Wa0064,3,4,6,14.41,-9.53,-0.78,1
Vid-20260421-Wa0064,3,4,7,16.04,-13.77,-2.4,1
Vid-20260421-Wa0064,3,5,0,13.56,-12.07,-2.23,1
Vid-20260421-Wa0064,3,5,1,16.92,-15.39,-3.59,1
Vid-20260421-Wa0064,3,5,2,14.41,-9.53,-0.78,1
Vid-20260421-Wa0064,3,5,3,16.04,-13.77,-2.4,1
Vid-20260421-Wa0064,3,5,4,15.82,-12.21,-2.71,1
Vid-20260421-Wa0064,3,5,5,13.4,-11.09,-1.56,1
Vid-20260421-Wa0064,3,5,6,17.09,-11.97,-2.05,1
Vid-20260421-Wa0064,3,5,7,18.59,-11.86,-2.23,1
Vid-20260421-Wa0064,3,6,0,15.82,-12.21,-2.71,1
Vid-20260421-Wa0064,3,6,1,13.4,-11.09,-1.56,1
Vid-20260421-Wa0064,3,6,2,17.09,-11.97,-2.05,1
Vid-20260421-Wa0064,3,6,3,18.59,-11.86,-2.23,1
Vid-20260421-Wa0064,3,6,4,16.36,-11.78,-2.14,1
Vid-20260421-Wa0064,3,6,5,16.67,-13.7,-2.48,1
Vid-20260421-Wa0064,3,6,6,19.27,-14.14,-3.45,1
Vid-20260421-Wa0064,3,6,7,18.2,-10.43,-1.27,1
Vid-20260421-Wa0064,3,7,0,16.36,-11.78,-2.14,1
Vid-20260421-Wa0064,3,7,1,16.67,-13.7,-2.48,1
Vid-20260421-Wa0064,3,7,2,19.27,-14.14,-3.45,1
Vid-20260421-Wa0064,3,7,3,18.2,-10.43,-1.27,1
Vid-20260421-Wa0064,3,7,4,17.69,-14.67,-2.76,1
Vid-20260421-Wa0064,3,7,5,18.22,-16.0,-2.65,1
Vid-20260421-Wa0064,3,7,6,18.87,-14.43,-1.98,1
Vid-20260421-Wa0064,3,7,7,19.99,-15.05,-2.53,1
Vid-20260421-Wa0064,3,8,0,17.69,-14.67,-2.76,1
Vid-20260421-Wa0064,3,8,1,18.22,-16.0,-2.65,1
Vid-20260421-Wa0064,3,8,2,18.87,-14.43,-1.98,1
Vid-20260421-Wa0064,3,8,3,19.99,-15.05,-2.53,1
Vid-20260421-Wa0064,3,8,4,40.93,-26.27,-20.05,1
Vid-20260421-Wa0064,3,8,5,41.52,-30.02,-24.44,1
Vid-20260421-Wa0064,3,8,6,44.37,-32.24,-27.7,1
Vid-20260421-Wa0064,3,8,7,42.35,-30.54,-25.58,1
Vid-20260421-Wa0064,3,9,0,40.93,-26.27,-20.05,1
Vid-20260421-Wa0064,3,9,1,41.52,-30.02,-24.44,1
Vid-20260421-Wa0064,3,9,2,44.37,-32.24,-27.7,1
Vid-20260421-Wa0064,3,9,3,42.35,-30.54,-25.58,1
Vid-20260421-Wa0064,3,9,4,32.14,-24.8,-19.23,1
Vid-20260421-Wa0064,3,9,5,21.33,-12.53,-1.79,1
Vid-20260421-Wa0064,3,9,6,20.6,-7.93,4.04,1
Vid-20260421-Wa0064,3,9,7,21.33,-7.72,4.55,1
Vid-20260421-Wa0064,3,10,0,32.14,-24.8,-19.23,1
Vid-20260421-Wa0064,3,10,1,21.33,-12.53,-1.79,1
Vid-20260421-Wa0064,3,10,2,20.6,-7.93,4.04,1
Vid-20260421-Wa0064,3,10,3,21.33,-7.72,4.55,1
Vid-20260421-Wa0064,3,10,4,20.98,-7.45,5.65,1
Vid-20260421-Wa0064,3,10,5,21.5,-8.2,5.0,1
Vid-20260421-Wa0064,3,10,6,22.7,-7.75,4.93,1
Vid-20260421-Wa0064,3,10,7,21.32,-9.93,4.83,1
Vid-20260421-Wa0064,3,11,0,20.98,-7.45,5.65,1
Vid-20260421-Wa0064,3,11,1,21.5,-8.2,5.0,1
Vid-20260421-Wa0064,3,11,2,22.7,-7.75,4.93,1
Vid-20260421-Wa0064,3,11,3,21.32,-9.93,4.83,1
Vid-20260421-Wa0064,3,11,4,21.49,-10.47,4.55,1
Vid-20260421-Wa0064,3,11,5,22.7,-9.68,4.13,1
Vid-20260421-Wa0064,3,11,6,23.08,-11.91,3.56,1
Vid-20260421-Wa0064,3,11,7,22.39,-11.1,3.22,1
Vid-20260421-Wa0064,3,12,0,21.49,-10.47,4.55,1
Vid-20260421-Wa0064,3,12,1,22.7,-9.68,4.13,1
Vid-20260421-Wa0064,3,12,2,23.08,-11.91,3.56,1
Vid-20260421-Wa0064,3,12,3,22.39,-11.1,3.22,1
Vid-20260421-Wa0064,3,12,4,18.27,-8.49,0.49,1
Vid-20260421-Wa0064,3,12,5,5.81,-3.03,-10.05,1
Vid-20260421-Wa0064,3,12,6,-1.35,-2.93,-21.41,1
Vid-20260421-Wa0064,3,12,7,-0.16,-5.91,-22.26,1
Vid-20260421-Wa0064,3,13,0,18.27,-8.49,0.49,1
Vid-20260421-Wa0064,3,13,1,5.81,-3.03,-10.05,1
Vid-20260421-Wa0064,3,13,2,-1.35,-2.93,-21.41,1
Vid-20260421-Wa0064,3,13,3,-0.16,-5.91,-22.26,1
Vid-20260421-Wa0064,3,13,4,0.14,-5.56,-21.07,1
Vid-20260421-Wa0064,3,13,5,3.54,-8.6,-21.5,1
Vid-20260421-Wa0064,3,13,6,4.0,-8.75,-21.03,1
Vid-20260421-Wa0064,3,13,7,1.22,-5.03,-20.15,1
Vid-20260421-Wa0064,4,0,0,5.03,-9.0,11.85,1
Vid-20260421-Wa0064,4,0,1,8.47,-7.47,15.99,1
Vid-20260421-Wa0064,4,0,2,10.1,-5.44,17.18,1
Vid-20260421-Wa0064,4,0,3,10.95,-5.58,16.58,1
Vid-20260421-Wa0064,4,0,4,11.36,-5.27,16.81,1
Vid-20260421-Wa0064,4,0,5,11.6,-7.26,16.18,1
Vid-20260421-Wa0064,4,0,6,10.58,-6.84,16.44,1
Vid-20260421-Wa0064,4,0,7,9.21,-8.91,15.65,1
Vid-20260421-Wa0064,4,1,0,11.36,-5.27,16.81,1
Vid-20260421-Wa0064,4,1,1,11.6,-7.26,16.18,1
Vid-20260421-Wa0064,4,1,2,10.58,-6.84,16.44,1
Vid-20260421-Wa0064,4,1,3,9.21,-8.91,15.65,1
Vid-20260421-Wa0064,4,1,4,-11.14,-12.68,7.84,1
Vid-20260421-Wa0064,4,1,5,-30.56,-7.45,-13.52,1
Vid-20260421-Wa0064,4,1,6,-16.26,-9.84,-2.73,1
Vid-20260421-Wa0064,4,1,7,-8.92,-15.85,11.6,1
Vid-20260421-Wa0064,4,2,0,-11.14,-12.68,7.84,1
Vid-20260421-Wa0064,4,2,1,-30.56,-7.45,-13.52,1
Vid-20260421-Wa0064,4,2,2,-16.26,-9.84,-2.73,1
Vid-20260421-Wa0064,4,2,3,-8.92,-15.85,11.6,1
Vid-20260421-Wa0064,4,2,4,-4.3,-14.11,18.61,1
Vid-20260421-Wa0064,4,2,5,-3.41,-11.48,18.19,1
Vid-20260421-Wa0064,4,2,6,-0.92,-9.88,19.51,1
Vid-20260421-Wa0064,4,2,7,-2.98,-11.29,18.67,1
Vid-20260421-Wa0064,4,3,0,-4.3,-14.11,18.61,1
Vid-20260421-Wa0064,4,3,1,-3.41,-11.48,18.19,1
Vid-20260421-Wa0064,4,3,2,-0.92,-9.88,19.51,1
Vid-20260421-Wa0064,4,3,3,-2.98,-11.29,18.67,1
Vid-20260421-Wa0064,4,3,4,-3.43,-13.83,17.46,1
Vid-20260421-Wa0064,4,3,5,-3.19,-13.98,16.33,1
Vid-20260421-Wa0064,4,3,6,-2.14,-14.42,14.96,1
Vid-20260421-Wa0064,4,3,7,-0.99,-14.14,16.06,1
Vid-20260421-Wa0064,4,4,0,-3.43,-13.83,17.46,1
Vid-20260421-Wa0064,4,4,1,-3.19,-13.98,16.33,1
Vid-20260421-Wa0064,4,4,2,-2.14,-14.42,14.96,1
Vid-20260421-Wa0064,4,4,3,-0.99,-14.14,16.06,1
Vid-20260421-Wa0064,4,4,4,-0.7,-13.04,15.99,1
Vid-20260421-Wa0064,4,4,5,-0.38,-13.17,15.85,1
Vid-20260421-Wa0064,4,4,6,-4.1,-12.62,17.15,1
Vid-20260421-Wa0064,4,4,7,9.92,-23.77,13.13,1
Vid-20260421-Wa0064,4,5,0,-0.7,-13.04,15.99,1
Vid-20260421-Wa0064,4,5,1,-0.38,-13.17,15.85,1
Vid-20260421-Wa0064,4,5,2,-4.1,-12.62,17.15,1
Vid-20260421-Wa0064,4,5,3,9.92,-23.77,13.13,1
Vid-20260421-Wa0064,4,5,4,20.55,-25.7,9.62,1
Vid-20260421-Wa0064,4,5,5,1.11,-9.19,18.05,1
Vid-20260421-Wa0064,4,5,6,1.64,-11.79,16.11,1
Vid-20260421-Wa0064,4,5,7,-0.82,-10.79,15.6,1
Vid-20260421-Wa0064,4,6,0,20.55,-25.7,9.62,1
Vid-20260421-Wa0064,4,6,1,1.11,-9.19,18.05,1
Vid-20260421-Wa0064,4,6,2,1.64,-11.79,16.11,1
Vid-20260421-Wa0064,4,6,3,-0.82,-10.79,15.6,1
Vid-20260421-Wa0064,4,6,4,1.37,-11.53,16.54,1
Vid-20260421-Wa0064,4,6,5,0.48,-11.88,16.54,1
Vid-20260421-Wa0064,4,6,6,-0.89,-11.93,16.42,1
Vid-20260421-Wa0064,4,6,7,-8.65,-14.65,13.72,1
Vid-20260421-Wa0064,4,7,0,1.37,-11.53,16.54,1
Vid-20260421-Wa0064,4,7,1,0.48,-11.88,16.54,1
Vid-20260421-Wa0064,4,7,2,-0.89,-11.93,16.42,1
Vid-20260421-Wa0064,4,7,3,-8.65,-14.65,13.72,1
Vid-20260421-Wa0064,4,7,4,-15.6,-9.48,9.75,1
Vid-20260421-Wa0064,4,7,5,-13.09,-11.16,12.79,1
Vid-20260421-Wa0064,4,7,6,-10.56,-14.45,11.78,1
Vid-20260421-Wa0064,4,7,7,-8.22,-14.39,12.15,1
Vid-20260421-Wa0064,4,8,0,-15.6,-9.48,9.75,1
Vid-20260421-Wa0064,4,8,1,-13.09,-11.16,12.79,1
Vid-20260421-Wa0064,4,8,2,-10.56,-14.45,11.78,1
Vid-20260421-Wa0064,4,8,3,-8.22,-14.39,12.15,1
Vid-20260421-Wa0064,4,8,4,-9.17,-17.45,13.8,1
Vid-20260421-Wa0064,4,8,5,-11.33,-6.28,10.05,1
Vid-20260421-Wa0064,4,8,6,-9.48,-6.82,10.94,1
Vid-20260421-Wa0064,4,8,7,-8.9,-12.64,11.47,1
Vid-20260421-Wa0064,4,9,0,-9.17,-17.45,13.8,1
Vid-20260421-Wa0064,4,9,1,-11.33,-6.28,10.05,1
Vid-20260421-Wa0064,4,9,2,-9.48,-6.82,10.94,1
Vid-20260421-Wa0064,4,9,3,-8.9,-12.64,11.47,1
Vid-20260421-Wa0064,4,9,4,-7.98,-13.81,10.56,1
Vid-20260421-Wa0064,4,9,5,-6.84,-13.18,11.88,1
Vid-20260421-Wa0064,4,9,6,-5.69,-12.2,11.84,1
Vid-20260421-Wa0064,4,9,7,-4.31,-13.97,12.39,1
Vid-20260421-Wa0064,4,10,0,-7.98,-13.81,10.56,1
Vid-20260421-Wa0064,4,10,1,-6.84,-13.18,11.88,1
Vid-20260421-Wa0064,4,10,2,-5.69,-12.2,11.84,1
Vid-20260421-Wa0064,4,10,3,-4.31,-13.97,12.39,1
Vid-20260421-Wa0064,4,10,4,14.06,-21.67,8.32,1
Vid-20260421-Wa0064,4,10,5,-3.7,-14.4,8.07,1
Vid-20260421-Wa0064,4,10,6,-10.72,-15.73,7.1,1
Vid-20260421-Wa0064,4,10,7,-9.94,-15.46,9.46,1
Vid-20260421-Wa0064,4,11,0,14.06,-21.67,8.32,1
Vid-20260421-Wa0064,4,11,1,-3.7,-14.4,8.07,1
Vid-20260421-Wa0064,4,11,2,-10.72,-15.73,7.1,1
Vid-20260421-Wa0064,4,11,3,-9.94,-15.46,9.46,1
Vid-20260421-Wa0064,4,11,4,-10.54,-18.82,16.79,1
Vid-20260421-Wa0064,4,11,5,-13.44,-19.67,16.76,1
Vid-20260421-Wa0064,4,11,6,-15.83,-14.2,11.93,1
Vid-20260421-Wa0064,4,11,7,-13.32,-12.99,11.75,1
Vid-20260421-Wa0064,4,12,0,-10.54,-18.82,16.79,1
Vid-20260421-Wa0064,4,12,1,-13.44,-19.67,16.76,1
Vid-20260421-Wa0064,4,12,2,-15.83,-14.2,11.93,1
Vid-20260421-Wa0064,4,12,3,-13.32,-12.99,11.75,1
Vid-20260421-Wa0064,4,12,4,-11.49,-13.64,11.67,1
Vid-20260421-Wa0064,4,12,5,-10.34,-13.52,11.03,1
Vid-20260421-Wa0064,4,12,6,-10.7,-13.55,10.02,1
Vid-20260421-Wa0064,4,12,7,-10.47,-13.48,9.52,1
Vid-20260421-Wa0064,4,13,0,-11.49,-13.64,11.67,1
Vid-20260421-Wa0064,4,13,1,-10.34,-13.52,11.03,1
Vid-20260421-Wa0064,4,13,2,-10.7,-13.55,10.02,1
Vid-20260421-Wa0064,4,13,3,-10.47,-13.48,9.52,1
Vid-20260421-Wa0064,4,13,4,-9.12,-12.95,10.23,1
Vid-20260421-Wa0064,4,13,5,-9.54,-12.13,11.03,1
Vid-20260421-Wa0064,4,13,6,-9.92,-11.54,11.31,1
Vid-20260421-Wa0064,4,13,7,-7.61,-11.87,11.19,1
Vid-20260421-Wa0064,5,0,0,0.43,-17.88,0.19,1
Vid-20260421-Wa0064,5,0,1,0.46,-16.1,1.38,1
Vid-20260421-Wa0064,5,0,2,0.49,-19.49,0.99,1
Vid-20260421-Wa0064,5,0,3,0.33,-21.17,1.39,1
Vid-20260421-Wa0064,5,0,4,0.5,-17.73,1.09,1
Vid-20260421-Wa0064,5,0,5,0.94,-18.61,0.49,1
Vid-20260421-Wa0064,5,0,6,-0.1,-14.83,1.13,1
Vid-20260421-Wa0064,5,0,7,0.35,-16.53,0.89,1
Vid-20260421-Wa0070,1,0,0,,,,0
Vid-20260421-Wa0070,1,0,1,,,,0
Vid-20260421-Wa0070,1,0,2,,,,0
Vid-20260421-Wa0070,1,0,3,,,,0
Vid-20260421-Wa0070,1,0,4,,,,0
Vid-20260421-Wa0070,1,0,5,,,,0
Vid-20260421-Wa0070,1,0,6,,,,0
Vid-20260421-Wa0070,1,0,7,,,,0
Vid-20260421-Wa0070,1,1,0,,,,0
Vid-20260421-Wa0070,1,1,1,,,,0
Vid-20260421-Wa0070,1,1,2,,,,0
Vid-20260421-Wa0070,1,1,3,,,,0
Vid-20260421-Wa0070,1,1,4,,,,0
Vid-20260421-Wa0070,1,1,5,,,,0
Vid-20260421-Wa0070,1,1,6,,,,0
Vid-20260421-Wa0070,1,1,7,,,,0
Vid-20260421-Wa0070,1,2,0,,,,0
Vid-20260421-Wa0070,1,2,1,,,,0
Vid-20260421-Wa0070,1,2,2,,,,0
Vid-20260421-Wa0070,1,2,3,,,,0
Vid-20260421-Wa0070,1,2,4,,,,0
Vid-20260421-Wa0070,1,2,5,,,,0
Vid-20260421-Wa0070,1,2,6,,,,0
Vid-20260421-Wa0070,1,2,7,,,,0
Vid-20260421-Wa0070,1,3,0,,,,0
Vid-20260421-Wa0070,1,3,1,,,,0
Vid-20260421-Wa0070,1,3,2,,,,0
Vid-20260421-Wa0070,1,3,3,,,,0
Vid-20260421-Wa0070,1,3,4,,,,0
Vid-20260421-Wa0070,1,3,5,,,,0
Vid-20260421-Wa0070,1,3,6,,,,0
Vid-20260421-Wa0070,1,3,7,,,,0
Vid-20260421-Wa0070,1,4,0,,,,0
Vid-20260421-Wa0070,1,4,1,,,,0
Vid-20260421-Wa0070,1,4,2,,,,0
Vid-20260421-Wa0070,1,4,3,,,,0
Vid-20260421-Wa0070,1,4,4,,,,0
Vid-20260421-Wa0070,1,4,5,,,,0
Vid-20260421-Wa0070,1,4,6,,,,0
Vid-20260421-Wa0070,1,4,7,,,,0
Vid-20260421-Wa0070,1,5,0,,,,0
Vid-20260421-Wa0070,1,5,1,,,,0
Vid-20260421-Wa0070,1,5,2,,,,0
Vid-20260421-Wa0070,1,5,3,,,,0
Vid-20260421-Wa0070,1,5,4,,,,0
Vid-20260421-Wa0070,1,5,5,,,,0
Vid-20260421-Wa0070,1,5,6,,,,0
Vid-20260421-Wa0070,1,5,7,,,,0
Vid-20260421-Wa0070,1,6,0,,,,0
Vid-20260421-Wa0070,1,6,1,,,,0
Vid-20260421-Wa0070,1,6,2,,,,0
Vid-20260421-Wa0070,1,6,3,,,,0
Vid-20260421-Wa0070,1,6,4,,,,0
Vid-20260421-Wa0070,1,6,5,,,,0
Vid-20260421-Wa0070,1,6,6,,,,0
Vid-20260421-Wa0070,1,6,7,,,,0
Vid-20260421-Wa0070,10,0,0,-24.13,0.82,-9.96,1
Vid-20260421-Wa0070,10,0,1,-71.69,-18.71,14.62,1
Vid-20260421-Wa0070,10,0,2,-42.51,2.16,1.3,1
Vid-20260421-Wa0070,10,0,3,,,,0
Vid-20260421-Wa0070,10,0,4,-76.5,-26.48,31.32,1
Vid-20260421-Wa0070,10,0,5,-38.88,-8.85,4.05,1
Vid-20260421-Wa0070,10,0,6,-38.88,-13.39,7.12,1
Vid-20260421-Wa0070,10,0,7,-35.81,-11.91,7.37,1
Vid-20260421-Wa0070,10,1,0,-76.5,-26.48,31.32,1
Vid-20260421-Wa0070,10,1,1,-38.88,-8.85,4.05,1
Vid-20260421-Wa0070,10,1,2,-38.88,-13.39,7.12,1
Vid-20260421-Wa0070,10,1,3,-35.81,-11.91,7.37,1
Vid-20260421-Wa0070,10,1,4,-72.57,-33.9,39.39,1
Vid-20260421-Wa0070,10,1,5,-77.15,-34.05,40.13,1
Vid-20260421-Wa0070,10,1,6,-73.82,-35.89,40.71,1
Vid-20260421-Wa0070,10,1,7,-71.91,-29.93,33.45,1
Vid-20260421-Wa0070,11,0,0,45.16,-49.89,-76.69,1
Vid-20260421-Wa0070,11,0,1,48.97,-48.48,-72.77,1
Vid-20260421-Wa0070,11,0,2,58.73,-11.26,-36.02,1
Vid-20260421-Wa0070,11,0,3,57.04,-8.43,-40.14,1
Vid-20260421-Wa0070,11,0,4,52.14,1.54,-27.08,1
Vid-20260421-Wa0070,11,0,5,,,,0
Vid-20260421-Wa0070,11,0,6,61.43,9.27,-25.41,1
Vid-20260421-Wa0070,11,0,7,54.26,-5.55,-36.84,1
Vid-20260421-Wa0070,12,0,0,-29.0,-6.48,7.44,1
Vid-20260421-Wa0070,12,0,1,-51.47,-15.99,21.95,1
Vid-20260421-Wa0070,12,0,2,-57.41,-7.92,13.84,1
Vid-20260421-Wa0070,12,0,3,-52.53,-7.32,11.08,1
Vid-20260421-Wa0070,12,0,4,-45.96,-7.48,7.33,1
Vid-20260421-Wa0070,12,0,5,-37.22,-4.17,4.88,1
Vid-20260421-Wa0070,12,0,6,-50.62,-12.74,14.33,1
Vid-20260421-Wa0070,12,0,7,-54.72,-16.94,19.32,1
Vid-20260421-Wa0070,2,0,0,57.08,-12.94,-4.91,1
Vid-20260421-Wa0070,2,0,1,56.68,-6.21,-0.44,1
Vid-20260421-Wa0070,2,0,2,57.93,-7.69,-1.73,1
Vid-20260421-Wa0070,2,0,3,52.6,-9.84,-2.28,1
Vid-20260421-Wa0070,2,0,4,50.85,-9.18,-2.16,1
Vid-20260421-Wa0070,2,0,5,50.46,-4.77,1.57,1
Vid-20260421-Wa0070,2,0,6,52.49,-7.72,-0.4,1
Vid-20260421-Wa0070,2,0,7,53.69,-4.37,1.68,1
Vid-20260421-Wa0070,2,1,0,50.85,-9.18,-2.16,1
Vid-20260421-Wa0070,2,1,1,50.46,-4.77,1.57,1
Vid-20260421-Wa0070,2,1,2,52.49,-7.72,-0.4,1
Vid-20260421-Wa0070,2,1,3,53.69,-4.37,1.68,1
Vid-20260421-Wa0070,2,1,4,54.06,-6.44,1.51,1
Vid-20260421-Wa0070,2,1,5,56.33,-3.86,3.17,1
Vid-20260421-Wa0070,2,1,6,58.38,-1.53,3.46,1
Vid-20260421-Wa0070,2,1,7,66.55,5.82,10.13,1
Vid-20260421-Wa0070,2,2,0,54.06,-6.44,1.51,1
Vid-20260421-Wa0070,2,2,1,56.33,-3.86,3.17,1
Vid-20260421-Wa0070,2,2,2,58.38,-1.53,3.46,1
Vid-20260421-Wa0070,2,2,3,66.55,5.82,10.13,1
Vid-20260421-Wa0070,2,2,4,70.96,11.26,18.58,1
Vid-20260421-Wa0070,2,2,5,70.87,4.02,13.2,1
Vid-20260421-Wa0070,2,2,6,70.97,14.15,25.55,1
Vid-20260421-Wa0070,2,2,7,65.86,4.94,17.77,1
Vid-20260421-Wa0070,2,3,0,70.96,11.26,18.58,1
Vid-20260421-Wa0070,2,3,1,70.87,4.02,13.2,1
Vid-20260421-Wa0070,2,3,2,70.97,14.15,25.55,1
Vid-20260421-Wa0070,2,3,3,65.86,4.94,17.77,1
Vid-20260421-Wa0070,2,3,4,63.73,4.3,15.95,1
Vid-20260421-Wa0070,2,3,5,67.71,5.85,19.4,1
Vid-20260421-Wa0070,2,3,6,66.18,11.11,24.48,1
Vid-20260421-Wa0070,2,3,7,59.64,-0.99,11.42,1
Vid-20260421-Wa0070,2,4,0,63.73,4.3,15.95,1
Vid-20260421-Wa0070,2,4,1,67.71,5.85,19.4,1
Vid-20260421-Wa0070,2,4,2,66.18,11.11,24.48,1
Vid-20260421-Wa0070,2,4,3,59.64,-0.99,11.42,1
Vid-20260421-Wa0070,2,4,4,9.8,-10.53,5.91,1
Vid-20260421-Wa0070,2,4,5,4.77,-10.17,5.83,1
Vid-20260421-Wa0070,2,4,6,-7.55,-5.79,4.22,1
Vid-20260421-Wa0070,2,4,7,-7.74,-13.88,4.29,1
Vid-20260421-Wa0070,2,5,0,9.8,-10.53,5.91,1
Vid-20260421-Wa0070,2,5,1,4.77,-10.17,5.83,1
Vid-20260421-Wa0070,2,5,2,-7.55,-5.79,4.22,1
Vid-20260421-Wa0070,2,5,3,-7.74,-13.88,4.29,1
Vid-20260421-Wa0070,2,5,4,-8.19,-14.11,5.39,1
Vid-20260421-Wa0070,2,5,5,-8.75,-15.42,6.01,1
Vid-20260421-Wa0070,2,5,6,-23.51,-16.71,5.55,1
Vid-20260421-Wa0070,2,5,7,-26.23,-17.73,3.59,1
Vid-20260421-Wa0070,2,6,0,-8.19,-14.11,5.39,1
Vid-20260421-Wa0070,2,6,1,-8.75,-15.42,6.01,1
Vid-20260421-Wa0070,2,6,2,-23.51,-16.71,5.55,1
Vid-20260421-Wa0070,2,6,3,-26.23,-17.73,3.59,1
Vid-20260421-Wa0070,2,6,4,-45.2,-14.71,0.59,1
Vid-20260421-Wa0070,2,6,5,-44.57,-11.37,-3.09,1
Vid-20260421-Wa0070,2,6,6,-46.6,-16.79,1.2,1
Vid-20260421-Wa0070,2,6,7,52.98,-15.45,-10.26,1
Vid-20260421-Wa0070,3,0,0,49.03,-17.29,-45.2,1
Vid-20260421-Wa0070,3,0,1,49.48,-20.34,-47.32,1
Vid-20260421-Wa0070,3,0,2,48.62,-20.81,-46.68,1
Vid-20260421-Wa0070,3,0,3,48.22,-16.3,-44.66,1
Vid-20260421-Wa0070,3,0,4,46.04,-5.57,-38.89,1
Vid-20260421-Wa0070,3,0,5,47.18,-15.34,-45.28,1
Vid-20260421-Wa0070,3,0,6,50.31,-22.52,-46.88,1
Vid-20260421-Wa0070,3,0,7,51.54,-29.32,-51.59,1
Vid-20260421-Wa0070,3,1,0,46.04,-5.57,-38.89,1
Vid-20260421-Wa0070,3,1,1,47.18,-15.34,-45.28,1
Vid-20260421-Wa0070,3,1,2,50.31,-22.52,-46.88,1
Vid-20260421-Wa0070,3,1,3,51.54,-29.32,-51.59,1
Vid-20260421-Wa0070,3,1,4,47.79,-24.73,-47.61,1
Vid-20260421-Wa0070,3,1,5,44.98,-24.51,-46.75,1
Vid-20260421-Wa0070,3,1,6,49.23,-23.89,-47.72,1
Vid-20260421-Wa0070,3,1,7,43.32,-28.72,-52.41,1
Vid-20260421-Wa0070,3,2,0,47.79,-24.73,-47.61,1
Vid-20260421-Wa0070,3,2,1,44.98,-24.51,-46.75,1
Vid-20260421-Wa0070,3,2,2,49.23,-23.89,-47.72,1
Vid-20260421-Wa0070,3,2,3,43.32,-28.72,-52.41,1
Vid-20260421-Wa0070,3,2,4,47.5,-42.61,-63.28,1
Vid-20260421-Wa0070,3,2,5,47.38,-46.33,-63.77,1
Vid-20260421-Wa0070,3,2,6,41.36,-27.07,-51.23,1
Vid-20260421-Wa0070,3,2,7,48.98,-39.55,-56.8,1
Vid-20260421-Wa0070,3,3,0,47.5,-42.61,-63.28,1
Vid-20260421-Wa0070,3,3,1,47.38,-46.33,-63.77,1
Vid-20260421-Wa0070,3,3,2,41.36,-27.07,-51.23,1
Vid-20260421-Wa0070,3,3,3,48.98,-39.55,-56.8,1
Vid-20260421-Wa0070,3,3,4,46.39,-33.83,-52.21,1
Vid-20260421-Wa0070,3,3,5,47.3,-36.31,-52.46,1
Vid-20260421-Wa0070,3,3,6,47.76,-36.51,-51.39,1
Vid-20260421-Wa0070,3,3,7,53.13,-34.28,-55.78,1
Vid-20260421-Wa0070,3,4,0,46.39,-33.83,-52.21,1
Vid-20260421-Wa0070,3,4,1,47.3,-36.31,-52.46,1
Vid-20260421-Wa0070,3,4,2,47.76,-36.51,-51.39,1
Vid-20260421-Wa0070,3,4,3,53.13,-34.28,-55.78,1
Vid-20260421-Wa0070,3,4,4,54.66,-21.78,-48.01,1
Vid-20260421-Wa0070,3,4,5,,,,0
Vid-20260421-Wa0070,3,4,6,53.31,-23.39,-52.02,1
Vid-20260421-Wa0070,3,4,7,52.91,-34.0,-60.79,1
Vid-20260421-Wa0070,3,5,0,54.66,-21.78,-48.01,1
Vid-20260421-Wa0070,3,5,1,,,,0
Vid-20260421-Wa0070,3,5,2,53.31,-23.39,-52.02,1
Vid-20260421-Wa0070,3,5,3,52.91,-34.0,-60.79,1
Vid-20260421-Wa0070,3,5,4,55.21,-61.34,-76.99,1
Vid-20260421-Wa0070,3,5,5,47.92,-47.65,-66.59,1
Vid-20260421-Wa0070,3,5,6,56.3,-53.28,-71.48,1
Vid-20260421-Wa0070,3,5,7,,,,0
Vid-20260421-Wa0070,3,6,0,55.21,-61.34,-76.99,1
Vid-20260421-Wa0070,3,6,1,47.92,-47.65,-66.59,1
Vid-20260421-Wa0070,3,6,2,56.3,-53.28,-71.48,1
Vid-20260421-Wa0070,3,6,3,,,,0
Vid-20260421-Wa0070,3,6,4,65.14,-44.72,-64.54,1
Vid-20260421-Wa0070,3,6,5,67.66,-31.29,-56.77,1
Vid-20260421-Wa0070,3,6,6,65.64,-46.82,-64.5,1
Vid-20260421-Wa0070,3,6,7,61.72,-46.04,-63.69,1
Vid-20260421-Wa0070,4,0,0,-64.88,11.2,-14.51,1
Vid-20260421-Wa0070,4,0,1,-78.75,11.63,-19.58,1
Vid-20260421-Wa0070,4,0,2,-53.17,28.02,-4.63,1
Vid-20260421-Wa0070,4,0,3,-69.31,24.22,-46.0,1
Vid-20260421-Wa0070,4,0,4,,,,0
Vid-20260421-Wa0070,4,0,5,,,,0
Vid-20260421-Wa0070,4,0,6,,,,0
Vid-20260421-Wa0070,4,0,7,,,,0
Vid-20260421-Wa0070,4,1,0,,,,0
Vid-20260421-Wa0070,4,1,1,,,,0
Vid-20260421-Wa0070,4,1,2,,,,0
Vid-20260421-Wa0070,4,1,3,,,,0
Vid-20260421-Wa0070,4,1,4,,,,0
Vid-20260421-Wa0070,4,1,5,,,,0
Vid-20260421-Wa0070,4,1,6,,,,0
Vid-20260421-Wa0070,4,1,7,,,,0
Vid-20260421-Wa0070,4,2,0,,,,0
Vid-20260421-Wa0070,4,2,1,,,,0
Vid-20260421-Wa0070,4,2,2,,,,0
Vid-20260421-Wa0070,4,2,3,,,,0
Vid-20260421-Wa0070,4,2,4,,,,0
Vid-20260421-Wa0070,4,2,5,,,,0
Vid-20260421-Wa0070,4,2,6,,,,0
Vid-20260421-Wa0070,4,2,7,,,,0
Vid-20260421-Wa0070,4,3,0,,,,0
Vid-20260421-Wa0070,4,3,1,,,,0
Vid-20260421-Wa0070,4,3,2,,,,0
Vid-20260421-Wa0070,4,3,3,,,,0
Vid-20260421-Wa0070,4,3,4,,,,0
Vid-20260421-Wa0070,4,3,5,,,,0
Vid-20260421-Wa0070,4,3,6,,,,0
Vid-20260421-Wa0070,4,3,7,,,,0
Vid-20260421-Wa0070,4,4,0,,,,0
Vid-20260421-Wa0070,4,4,1,,,,0
Vid-20260421-Wa0070,4,4,2,,,,0
Vid-20260421-Wa0070,4,4,3,,,,0
Vid-20260421-Wa0070,4,4,4,,,,0
Vid-20260421-Wa0070,4,4,5,,,,0
Vid-20260421-Wa0070,4,4,6,,,,0
Vid-20260421-Wa0070,4,4,7,,,,0
Vid-20260421-Wa0070,4,5,0,,,,0
Vid-20260421-Wa0070,4,5,1,,,,0
Vid-20260421-Wa0070,4,5,2,,,,0
Vid-20260421-Wa0070,4,5,3,,,,0
Vid-20260421-Wa0070,4,5,4,,,,0
Vid-20260421-Wa0070,4,5,5,,,,0
Vid-20260421-Wa0070,4,5,6,,,,0
Vid-20260421-Wa0070,4,5,7,,,,0
Vid-20260421-Wa0070,4,6,0,,,,0
Vid-20260421-Wa0070,4,6,1,,,,0
Vid-20260421-Wa0070,4,6,2,,,,0
Vid-20260421-Wa0070,4,6,3,,,,0
Vid-20260421-Wa0070,4,6,4,,,,0
Vid-20260421-Wa0070,4,6,5,,,,0
Vid-20260421-Wa0070,4,6,6,,,,0
Vid-20260421-Wa0070,4,6,7,,,,0
Vid-20260421-Wa0070,5,0,0,56.88,-51.1,-66.11,1
Vid-20260421-Wa0070,5,0,1,56.55,-47.98,-64.81,1
Vid-20260421-Wa0070,5,0,2,56.06,-49.38,-65.23,1
Vid-20260421-Wa0070,5,0,3,57.16,-50.88,-65.54,1
Vid-20260421-Wa0070,5,0,4,60.58,-48.98,-65.56,1
Vid-20260421-Wa0070,5,0,5,56.89,-53.41,-68.03,1
Vid-20260421-Wa0070,5,0,6,60.9,-47.39,-60.7,1
Vid-20260421-Wa0070,5,0,7,60.31,-57.71,-66.54,1
Vid-20260421-Wa0070,5,1,0,60.58,-48.98,-65.56,1
Vid-20260421-Wa0070,5,1,1,56.89,-53.41,-68.03,1
Vid-20260421-Wa0070,5,1,2,60.9,-47.39,-60.7,1
Vid-20260421-Wa0070,5,1,3,60.31,-57.71,-66.54,1
Vid-20260421-Wa0070,5,1,4,,,,0
Vid-20260421-Wa0070,5,1,5,55.75,-53.66,-68.03,1
Vid-20260421-Wa0070,5,1,6,55.07,-48.14,-64.72,1
Vid-20260421-Wa0070,5,1,7,56.46,-59.59,-76.37,1
Vid-20260421-Wa0070,5,2,0,,,,0
Vid-20260421-Wa0070,5,2,1,55.75,-53.66,-68.03,1
Vid-20260421-Wa0070,5,2,2,55.07,-48.14,-64.72,1
Vid-20260421-Wa0070,5,2,3,56.46,-59.59,-76.37,1
Vid-20260421-Wa0070,5,2,4,,,,0
Vid-20260421-Wa0070,5,2,5,,,,0
Vid-20260421-Wa0070,5,2,6,,,,0
Vid-20260421-Wa0070,5,2,7,,,,0
Vid-20260421-Wa0070,5,3,0,,,,0
Vid-20260421-Wa0070,5,3,1,,,,0
Vid-20260421-Wa0070,5,3,2,,,,0
Vid-20260421-Wa0070,5,3,3,,,,0
Vid-20260421-Wa0070,5,3,4,53.89,-51.84,-62.32,1
Vid-20260421-Wa0070,5,3,5,54.18,-54.95,-64.55,1
Vid-20260421-Wa0070,5,3,6,54.0,-50.77,-60.99,1
Vid-20260421-Wa0070,5,3,7,58.83,-60.54,-73.43,1
Vid-20260421-Wa0070,5,4,0,53.89,-51.84,-62.32,1
Vid-20260421-Wa0070,5,4,1,54.18,-54.95,-64.55,1
Vid-20260421-Wa0070,5,4,2,54.0,-50.77,-60.99,1
Vid-20260421-Wa0070,5,4,3,58.83,-60.54,-73.43,1
Vid-20260421-Wa0070,5,4,4,59.27,-62.28,-74.95,1
Vid-20260421-Wa0070,5,4,5,,,,0
Vid-20260421-Wa0070,5,4,6,57.88,-60.35,-75.95,1
Vid-20260421-Wa0070,5,4,7,,,,0
Vid-20260421-Wa0070,5,5,0,59.27,-62.28,-74.95,1
Vid-20260421-Wa0070,5,5,1,,,,0
Vid-20260421-Wa0070,5,5,2,57.88,-60.35,-75.95,1
Vid-20260421-Wa0070,5,5,3,,,,0
Vid-20260421-Wa0070,5,5,4,52.7,-67.26,-84.76,1
Vid-20260421-Wa0070,5,5,5,,,,0
Vid-20260421-Wa0070,5,5,6,56.9,-46.22,-65.77,1
Vid-20260421-Wa0070,5,5,7,,,,0
Vid-20260421-Wa0070,5,6,0,52.7,-67.26,-84.76,1
Vid-20260421-Wa0070,5,6,1,,,,0
Vid-20260421-Wa0070,5,6,2,56.9,-46.22,-65.77,1
Vid-20260421-Wa0070,5,6,3,,,,0
Vid-20260421-Wa0070,5,6,4,63.74,-45.38,-62.98,1
Vid-20260421-Wa0070,5,6,5,64.19,-26.61,-55.82,1
Vid-20260421-Wa0070,5,6,6,66.09,-47.45,-66.66,1
Vid-20260421-Wa0070,5,6,7,62.45,-43.42,-61.44,1
Vid-20260421-Wa0070,6,0,0,,,,0
Vid-20260421-Wa0070,6,0,1,,,,0
Vid-20260421-Wa0070,6,0,2,-42.84,-34.62,34.46,1
Vid-20260421-Wa0070,6,0,3,,,,0
Vid-20260421-Wa0070,6,0,4,-29.13,-12.2,16.31,1
Vid-20260421-Wa0070,6,0,5,-28.42,-0.72,-2.2,1
Vid-20260421-Wa0070,6,0,6,-27.17,-6.96,-5.94,1
Vid-20260421-Wa0070,6,0,7,-27.38,-5.76,-10.38,1
Vid-20260421-Wa0070,6,1,0,-29.13,-12.2,16.31,1
Vid-20260421-Wa0070,6,1,1,-28.42,-0.72,-2.2,1
Vid-20260421-Wa0070,6,1,2,-27.17,-6.96,-5.94,1
Vid-20260421-Wa0070,6,1,3,-27.38,-5.76,-10.38,1
Vid-20260421-Wa0070,6,1,4,-29.26,-5.4,-10.52,1
Vid-20260421-Wa0070,6,1,5,-25.46,-9.21,-5.97,1
Vid-20260421-Wa0070,6,1,6,-18.51,-5.24,-6.69,1
Vid-20260421-Wa0070,6,1,7,-78.78,-13.96,17.28,1
Vid-20260421-Wa0070,6,2,0,-29.26,-5.4,-10.52,1
Vid-20260421-Wa0070,6,2,1,-25.46,-9.21,-5.97,1
Vid-20260421-Wa0070,6,2,2,-18.51,-5.24,-6.69,1
Vid-20260421-Wa0070,6,2,3,-78.78,-13.96,17.28,1
Vid-20260421-Wa0070,6,2,4,-64.07,55.24,-49.05,1
Vid-20260421-Wa0070,6,2,5,-22.91,4.32,2.12,1
Vid-20260421-Wa0070,6,2,6,-39.16,13.71,2.53,1
Vid-20260421-Wa0070,6,2,7,-23.01,-2.08,2.47,1
Vid-20260421-Wa0070,6,3,0,-64.07,55.24,-49.05,1
Vid-20260421-Wa0070,6,3,1,-22.91,4.32,2.12,1
Vid-20260421-Wa0070,6,3,2,-39.16,13.71,2.53,1
Vid-20260421-Wa0070,6,3,3,-23.01,-2.08,2.47,1
Vid-20260421-Wa0070,6,3,4,-36.86,-13.01,7.44,1
Vid-20260421-Wa0070,6,3,5,-39.86,-13.81,8.3,1
Vid-20260421-Wa0070,6,3,6,-70.91,-27.65,34.6,1
Vid-20260421-Wa0070,6,3,7,-74.58,-28.5,34.35,1
Vid-20260421-Wa0070,6,4,0,-36.86,-13.01,7.44,1
Vid-20260421-Wa0070,6,4,1,-39.86,-13.81,8.3,1
Vid-20260421-Wa0070,6,4,2,-70.91,-27.65,34.6,1
Vid-20260421-Wa0070,6,4,3,-74.58,-28.5,34.35,1
Vid-20260421-Wa0070,6,4,4,-75.87,-37.69,41.78,1
Vid-20260421-Wa0070,6,4,5,-75.06,-26.07,31.57,1
Vid-20260421-Wa0070,6,4,6,-50.35,-18.33,19.76,1
Vid-20260421-Wa0070,6,4,7,8.12,-0.89,10.56,1
Vid-20260421-Wa0070,6,5,0,-75.87,-37.69,41.78,1
Vid-20260421-Wa0070,6,5,1,-75.06,-26.07,31.57,1
Vid-20260421-Wa0070,6,5,2,-50.35,-18.33,19.76,1
Vid-20260421-Wa0070,6,5,3,8.12,-0.89,10.56,1
Vid-20260421-Wa0070,6,5,4,-43.27,-10.23,11.48,1
Vid-20260421-Wa0070,6,5,5,-57.7,-14.73,12.53,1
Vid-20260421-Wa0070,6,5,6,-56.76,-18.48,24.29,1
Vid-20260421-Wa0070,6,5,7,-57.26,-7.25,13.71,1
Vid-20260421-Wa0070,6,6,0,-43.27,-10.23,11.48,1
Vid-20260421-Wa0070,6,6,1,-57.7,-14.73,12.53,1
Vid-20260421-Wa0070,6,6,2,-56.76,-18.48,24.29,1
Vid-20260421-Wa0070,6,6,3,-57.26,-7.25,13.71,1
Vid-20260421-Wa0070,6,6,4,-52.05,-8.02,11.26,1
Vid-20260421-Wa0070,6,6,5,-47.07,-5.73,6.32,1
Vid-20260421-Wa0070,6,6,6,-36.6,-3.12,4.17,1
Vid-20260421-Wa0070,6,6,7,-45.58,-11.89,13.65,1
Vid-20260421-Wa0070,7,0,0,-66.07,-31.59,34.41,1
Vid-20260421-Wa0070,7,0,1,-68.51,-29.15,30.74,1
Vid-20260421-Wa0070,7,0,2,-73.09,-43.79,45.05,1
Vid-20260421-Wa0070,7,0,3,-71.52,-33.36,41.1,1
Vid-20260421-Wa0070,7,0,4,-61.66,-28.73,28.38,1
Vid-20260421-Wa0070,7,0,5,-34.06,-0.19,-2.96,1
Vid-20260421-Wa0070,7,0,6,-39.5,-1.81,-8.72,1
Vid-20260421-Wa0070,7,0,7,-17.1,-4.14,-11.63,1
Vid-20260421-Wa0070,8,0,0,,,,0
Vid-20260421-Wa0070,8,0,1,,,,0
Vid-20260421-Wa0070,8,0,2,,,,0
Vid-20260421-Wa0070,8,0,3,,,,0
Vid-20260421-Wa0070,8,0,4,,,,0
Vid-20260421-Wa0070,8,0,5,,,,0
Vid-20260421-Wa0070,8,0,6,,,,0
Vid-20260421-Wa0070,8,0,7,,,,0
Vid-20260421-Wa0070,8,1,0,,,,0
Vid-20260421-Wa0070,8,1,1,,,,0
Vid-20260421-Wa0070,8,1,2,,,,0
Vid-20260421-Wa0070,8,1,3,,,,0
Vid-20260421-Wa0070,8,1,4,,,,0
Vid-20260421-Wa0070,8,1,5,,,,0
Vid-20260421-Wa0070,8,1,6,,,,0
Vid-20260421-Wa0070,8,1,7,,,,0
Vid-20260421-Wa0070,9,0,0,,,,0
Vid-20260421-Wa0070,9,0,1,76.25,15.06,15.62,1
Vid-20260421-Wa0070,9,0,2,77.5,28.71,36.01,1
Vid-20260421-Wa0070,9,0,3,75.96,31.74,39.24,1
Vid-20260421-Wa0070,9,0,4,74.94,22.44,25.55,1
Vid-20260421-Wa0070,9,0,5,,,,0
Vid-20260421-Wa0070,9,0,6,,,,0
Vid-20260421-Wa0070,9,0,7,,,,0
Vid-20260421-Wa0070,9,1,0,74.94,22.44,25.55,1
Vid-20260421-Wa0070,9,1,1,,,,0
Vid-20260421-Wa0070,9,1,2,,,,0
Vid-20260421-Wa0070,9,1,3,,,,0
Vid-20260421-Wa0070,9,1,4,,,,0
Vid-20260421-Wa0070,9,1,5,,,,0
Vid-20260421-Wa0070,9,1,6,,,,0
Vid-20260421-Wa0070,9,1,7,,,,0
Vid-20260421-Wa0070,9,2,0,,,,0
Vid-20260421-Wa0070,9,2,1,,,,0
Vid-20260421-Wa0070,9,2,2,,,,0
Vid-20260421-Wa0070,9,2,3,,,,0
Vid-20260421-Wa0070,9,2,4,,,,0
Vid-20260421-Wa0070,9,2,5,,,,0
Vid-20260421-Wa0070,9,2,6,,,,0
Vid-20260421-Wa0070,9,2,7,,,,0
Vid-20260421-Wa0070,9,3,0,,,,0
Vid-20260421-Wa0070,9,3,1,,,,0
Vid-20260421-Wa0070,9,3,2,,,,0
Vid-20260421-Wa0070,9,3,3,,,,0
Vid-20260421-Wa0070,9,3,4,,,,0
Vid-20260421-Wa0070,9,3,5,,,,0
Vid-20260421-Wa0070,9,3,6,,,,0
Vid-20260421-Wa0070,9,3,7,,,,0
Vid-20260421-Wa0070,9,4,0,,,,0
Vid-20260421-Wa0070,9,4,1,,,,0
Vid-20260421-Wa0070,9,4,2,,,,0
Vid-20260421-Wa0070,9,4,3,,,,0
Vid-20260421-Wa0070,9,4,4,,,,0
Vid-20260421-Wa0070,9,4,5,,,,0
Vid-20260421-Wa0070,9,4,6,,,,0
Vid-20260421-Wa0070,9,4,7,,,,0
Vid-20260421-Wa0070,9,5,0,,,,0
Vid-20260421-Wa0070,9,5,1,,,,0
Vid-20260421-Wa0070,9,5,2,,,,0
Vid-20260421-Wa0070,9,5,3,,,,0
Vid-20260421-Wa0070,9,5,4,,,,0
Vid-20260421-Wa0070,9,5,5,,,,0
Vid-20260421-Wa0070,9,5,6,,,,0
Vid-20260421-Wa0070,9,5,7,,,,0
