clip_id,video_id,video_file,track_id,person_id,clip_idx,n_frames,frame_paths,label
VID_1_001_C00,VID_1,VID_1.mp4,1,VID_1_001,0,8,custom_dataset\processed\VID_1\001\frame_0000.jpg;custom_dataset\processed\VID_1\001\frame_0001.jpg;custom_dataset\processed\VID_1\001\frame_0002.jpg;custom_dataset\processed\VID_1\001\frame_0003.jpg;custom_dataset\processed\VID_1\001\frame_0004.jpg;custom_dataset\processed\VID_1\001\frame_0005.jpg;custom_dataset\processed\VID_1\001\frame_0006.jpg;custom_dataset\processed\VID_1\001\frame_0007.jpg,
VID_1_001_C01,VID_1,VID_1.mp4,1,VID_1_001,1,8,custom_dataset\processed\VID_1\001\frame_0004.jpg;custom_dataset\processed\VID_1\001\frame_0005.jpg;custom_dataset\processed\VID_1\001\frame_0006.jpg;custom_dataset\processed\VID_1\001\frame_0007.jpg;custom_dataset\processed\VID_1\001\frame_0008.jpg;custom_dataset\processed\VID_1\001\frame_0009.jpg;custom_dataset\processed\VID_1\001\frame_0010.jpg;custom_dataset\processed\VID_1\001\frame_0011.jpg,
VID_1_001_C02,VID_1,VID_1.mp4,1,VID_1_001,2,8,custom_dataset\processed\VID_1\001\frame_0008.jpg;custom_dataset\processed\VID_1\001\frame_0009.jpg;custom_dataset\processed\VID_1\001\frame_0010.jpg;custom_dataset\processed\VID_1\001\frame_0011.jpg;custom_dataset\processed\VID_1\001\frame_0012.jpg;custom_dataset\processed\VID_1\001\frame_0013.jpg;custom_dataset\processed\VID_1\001\frame_0014.jpg;custom_dataset\processed\VID_1\001\frame_0015.jpg,
VID_1_001_C03,VID_1,VID_1.mp4,1,VID_1_001,3,8,custom_dataset\processed\VID_1\001\frame_0012.jpg;custom_dataset\processed\VID_1\001\frame_0013.jpg;custom_dataset\processed\VID_1\001\frame_0014.jpg;custom_dataset\processed\VID_1\001\frame_0015.jpg;custom_dataset\processed\VID_1\001\frame_0016.jpg;custom_dataset\processed\VID_1\001\frame_0017.jpg;custom_dataset\processed\VID_1\001\frame_0018.jpg;custom_dataset\processed\VID_1\001\frame_0019.jpg,
VID_1_001_C04,VID_1,VID_1.mp4,1,VID_1_001,4,8,custom_dataset\processed\VID_1\001\frame_0016.jpg;custom_dataset\processed\VID_1\001\frame_0017.jpg;custom_dataset\processed\VID_1\001\frame_0018.jpg;custom_dataset\processed\VID_1\001\frame_0019.jpg;custom_dataset\processed\VID_1\001\frame_0020.jpg;custom_dataset\processed\VID_1\001\frame_0021.jpg;custom_dataset\processed\VID_1\001\frame_0022.jpg;custom_dataset\processed\VID_1\001\frame_0023.jpg,
VID_1_001_C05,VID_1,VID_1.mp4,1,VID_1_001,5,8,custom_dataset\processed\VID_1\001\frame_0020.jpg;custom_dataset\processed\VID_1\001\frame_0021.jpg;custom_dataset\processed\VID_1\001\frame_0022.jpg;custom_dataset\processed\VID_1\001\frame_0023.jpg;custom_dataset\processed\VID_1\001\frame_0024.jpg;custom_dataset\processed\VID_1\001\frame_0025.jpg;custom_dataset\processed\VID_1\001\frame_0026.jpg;custom_dataset\processed\VID_1\001\frame_0027.jpg,
VID_1_002_C00,VID_1,VID_1.mp4,2,VID_1_002,0,8,custom_dataset\processed\VID_1\002\frame_0000.jpg;custom_dataset\processed\VID_1\002\frame_0001.jpg;custom_dataset\processed\VID_1\002\frame_0002.jpg;custom_dataset\processed\VID_1\002\frame_0003.jpg;custom_dataset\processed\VID_1\002\frame_0004.jpg;custom_dataset\processed\VID_1\002\frame_0005.jpg;custom_dataset\processed\VID_1\002\frame_0006.jpg;custom_dataset\processed\VID_1\002\frame_0007.jpg,
VID_1_002_C01,VID_1,VID_1.mp4,2,VID_1_002,1,8,custom_dataset\processed\VID_1\002\frame_0004.jpg;custom_dataset\processed\VID_1\002\frame_0005.jpg;custom_dataset\processed\VID_1\002\frame_0006.jpg;custom_dataset\processed\VID_1\002\frame_0007.jpg;custom_dataset\processed\VID_1\002\frame_0008.jpg;custom_dataset\processed\VID_1\002\frame_0009.jpg;custom_dataset\processed\VID_1\002\frame_0010.jpg;custom_dataset\processed\VID_1\002\frame_0011.jpg,
VID_1_002_C02,VID_1,VID_1.mp4,2,VID_1_002,2,8,custom_dataset\processed\VID_1\002\frame_0008.jpg;custom_dataset\processed\VID_1\002\frame_0009.jpg;custom_dataset\processed\VID_1\002\frame_0010.jpg;custom_dataset\processed\VID_1\002\frame_0011.jpg;custom_dataset\processed\VID_1\002\frame_0012.jpg;custom_dataset\processed\VID_1\002\frame_0013.jpg;custom_dataset\processed\VID_1\002\frame_0014.jpg;custom_dataset\processed\VID_1\002\frame_0015.jpg,
VID_1_002_C03,VID_1,VID_1.mp4,2,VID_1_002,3,8,custom_dataset\processed\VID_1\002\frame_0012.jpg;custom_dataset\processed\VID_1\002\frame_0013.jpg;custom_dataset\processed\VID_1\002\frame_0014.jpg;custom_dataset\processed\VID_1\002\frame_0015.jpg;custom_dataset\processed\VID_1\002\frame_0016.jpg;custom_dataset\processed\VID_1\002\frame_0017.jpg;custom_dataset\processed\VID_1\002\frame_0018.jpg;custom_dataset\processed\VID_1\002\frame_0019.jpg,
VID_1_002_C04,VID_1,VID_1.mp4,2,VID_1_002,4,8,custom_dataset\processed\VID_1\002\frame_0016.jpg;custom_dataset\processed\VID_1\002\frame_0017.jpg;custom_dataset\processed\VID_1\002\frame_0018.jpg;custom_dataset\processed\VID_1\002\frame_0019.jpg;custom_dataset\processed\VID_1\002\frame_0020.jpg;custom_dataset\processed\VID_1\002\frame_0022.jpg;custom_dataset\processed\VID_1\002\frame_0023.jpg;custom_dataset\processed\VID_1\002\frame_0024.jpg,
VID_1_002_C05,VID_1,VID_1.mp4,2,VID_1_002,5,8,custom_dataset\processed\VID_1\002\frame_0020.jpg;custom_dataset\processed\VID_1\002\frame_0022.jpg;custom_dataset\processed\VID_1\002\frame_0023.jpg;custom_dataset\processed\VID_1\002\frame_0024.jpg;custom_dataset\processed\VID_1\002\frame_0025.jpg;custom_dataset\processed\VID_1\002\frame_0026.jpg;custom_dataset\processed\VID_1\002\frame_0027.jpg;custom_dataset\processed\VID_1\002\frame_0028.jpg,
VID_1_003_C00,VID_1,VID_1.mp4,3,VID_1_003,0,8,custom_dataset\processed\VID_1\003\frame_0000.jpg;custom_dataset\processed\VID_1\003\frame_0001.jpg;custom_dataset\processed\VID_1\003\frame_0002.jpg;custom_dataset\processed\VID_1\003\frame_0003.jpg;custom_dataset\processed\VID_1\003\frame_0004.jpg;custom_dataset\processed\VID_1\003\frame_0005.jpg;custom_dataset\processed\VID_1\003\frame_0006.jpg;custom_dataset\processed\VID_1\003\frame_0007.jpg,
VID_1_003_C01,VID_1,VID_1.mp4,3,VID_1_003,1,8,custom_dataset\processed\VID_1\003\frame_0004.jpg;custom_dataset\processed\VID_1\003\frame_0005.jpg;custom_dataset\processed\VID_1\003\frame_0006.jpg;custom_dataset\processed\VID_1\003\frame_0007.jpg;custom_dataset\processed\VID_1\003\frame_0008.jpg;custom_dataset\processed\VID_1\003\frame_0009.jpg;custom_dataset\processed\VID_1\003\frame_0010.jpg;custom_dataset\processed\VID_1\003\frame_0011.jpg,
VID_1_003_C02,VID_1,VID_1.mp4,3,VID_1_003,2,8,custom_dataset\processed\VID_1\003\frame_0008.jpg;custom_dataset\processed\VID_1\003\frame_0009.jpg;custom_dataset\processed\VID_1\003\frame_0010.jpg;custom_dataset\processed\VID_1\003\frame_0011.jpg;custom_dataset\processed\VID_1\003\frame_0012.jpg;custom_dataset\processed\VID_1\003\frame_0013.jpg;custom_dataset\processed\VID_1\003\frame_0014.jpg;custom_dataset\processed\VID_1\003\frame_0015.jpg,
VID_1_003_C03,VID_1,VID_1.mp4,3,VID_1_003,3,8,custom_dataset\processed\VID_1\003\frame_0012.jpg;custom_dataset\processed\VID_1\003\frame_0013.jpg;custom_dataset\processed\VID_1\003\frame_0014.jpg;custom_dataset\processed\VID_1\003\frame_0015.jpg;custom_dataset\processed\VID_1\003\frame_0016.jpg;custom_dataset\processed\VID_1\003\frame_0017.jpg;custom_dataset\processed\VID_1\003\frame_0018.jpg;custom_dataset\processed\VID_1\003\frame_0019.jpg,
VID_1_003_C04,VID_1,VID_1.mp4,3,VID_1_003,4,8,custom_dataset\processed\VID_1\003\frame_0016.jpg;custom_dataset\processed\VID_1\003\frame_0017.jpg;custom_dataset\processed\VID_1\003\frame_0018.jpg;custom_dataset\processed\VID_1\003\frame_0019.jpg;custom_dataset\processed\VID_1\003\frame_0020.jpg;custom_dataset\processed\VID_1\003\frame_0021.jpg;custom_dataset\processed\VID_1\003\frame_0022.jpg;custom_dataset\processed\VID_1\003\frame_0023.jpg,
VID_1_003_C05,VID_1,VID_1.mp4,3,VID_1_003,5,8,custom_dataset\processed\VID_1\003\frame_0020.jpg;custom_dataset\processed\VID_1\003\frame_0021.jpg;custom_dataset\processed\VID_1\003\frame_0022.jpg;custom_dataset\processed\VID_1\003\frame_0023.jpg;custom_dataset\processed\VID_1\003\frame_0024.jpg;custom_dataset\processed\VID_1\003\frame_0025.jpg;custom_dataset\processed\VID_1\003\frame_0026.jpg;custom_dataset\processed\VID_1\003\frame_0027.jpg,
VID_1_004_C00,VID_1,VID_1.mp4,4,VID_1_004,0,8,custom_dataset\processed\VID_1\004\frame_0000.jpg;custom_dataset\processed\VID_1\004\frame_0001.jpg;custom_dataset\processed\VID_1\004\frame_0002.jpg;custom_dataset\processed\VID_1\004\frame_0003.jpg;custom_dataset\processed\VID_1\004\frame_0004.jpg;custom_dataset\processed\VID_1\004\frame_0005.jpg;custom_dataset\processed\VID_1\004\frame_0006.jpg;custom_dataset\processed\VID_1\004\frame_0007.jpg,
VID_1_004_C01,VID_1,VID_1.mp4,4,VID_1_004,1,8,custom_dataset\processed\VID_1\004\frame_0004.jpg;custom_dataset\processed\VID_1\004\frame_0005.jpg;custom_dataset\processed\VID_1\004\frame_0006.jpg;custom_dataset\processed\VID_1\004\frame_0007.jpg;custom_dataset\processed\VID_1\004\frame_0008.jpg;custom_dataset\processed\VID_1\004\frame_0009.jpg;custom_dataset\processed\VID_1\004\frame_0010.jpg;custom_dataset\processed\VID_1\004\frame_0011.jpg,
VID_1_004_C02,VID_1,VID_1.mp4,4,VID_1_004,2,8,custom_dataset\processed\VID_1\004\frame_0008.jpg;custom_dataset\processed\VID_1\004\frame_0009.jpg;custom_dataset\processed\VID_1\004\frame_0010.jpg;custom_dataset\processed\VID_1\004\frame_0011.jpg;custom_dataset\processed\VID_1\004\frame_0012.jpg;custom_dataset\processed\VID_1\004\frame_0013.jpg;custom_dataset\processed\VID_1\004\frame_0014.jpg;custom_dataset\processed\VID_1\004\frame_0015.jpg,
VID_1_004_C03,VID_1,VID_1.mp4,4,VID_1_004,3,8,custom_dataset\processed\VID_1\004\frame_0012.jpg;custom_dataset\processed\VID_1\004\frame_0013.jpg;custom_dataset\processed\VID_1\004\frame_0014.jpg;custom_dataset\processed\VID_1\004\frame_0015.jpg;custom_dataset\processed\VID_1\004\frame_0016.jpg;custom_dataset\processed\VID_1\004\frame_0017.jpg;custom_dataset\processed\VID_1\004\frame_0018.jpg;custom_dataset\processed\VID_1\004\frame_0019.jpg,
VID_1_004_C04,VID_1,VID_1.mp4,4,VID_1_004,4,8,custom_dataset\processed\VID_1\004\frame_0016.jpg;custom_dataset\processed\VID_1\004\frame_0017.jpg;custom_dataset\processed\VID_1\004\frame_0018.jpg;custom_dataset\processed\VID_1\004\frame_0019.jpg;custom_dataset\processed\VID_1\004\frame_0020.jpg;custom_dataset\processed\VID_1\004\frame_0021.jpg;custom_dataset\processed\VID_1\004\frame_0022.jpg;custom_dataset\processed\VID_1\004\frame_0023.jpg,
VID_1_004_C05,VID_1,VID_1.mp4,4,VID_1_004,5,8,custom_dataset\processed\VID_1\004\frame_0020.jpg;custom_dataset\processed\VID_1\004\frame_0021.jpg;custom_dataset\processed\VID_1\004\frame_0022.jpg;custom_dataset\processed\VID_1\004\frame_0023.jpg;custom_dataset\processed\VID_1\004\frame_0024.jpg;custom_dataset\processed\VID_1\004\frame_0025.jpg;custom_dataset\processed\VID_1\004\frame_0026.jpg;custom_dataset\processed\VID_1\004\frame_0027.jpg,
VID_1_005_C00,VID_1,VID_1.mp4,5,VID_1_005,0,8,custom_dataset\processed\VID_1\005\frame_0000.jpg;custom_dataset\processed\VID_1\005\frame_0001.jpg;custom_dataset\processed\VID_1\005\frame_0002.jpg;custom_dataset\processed\VID_1\005\frame_0003.jpg;custom_dataset\processed\VID_1\005\frame_0004.jpg;custom_dataset\processed\VID_1\005\frame_0005.jpg;custom_dataset\processed\VID_1\005\frame_0007.jpg;custom_dataset\processed\VID_1\005\frame_0010.jpg,
VID_1_007_C00,VID_1,VID_1.mp4,7,VID_1_007,0,8,custom_dataset\processed\VID_1\007\frame_0000.jpg;custom_dataset\processed\VID_1\007\frame_0000.jpg;custom_dataset\processed\VID_1\007\frame_0001.jpg;custom_dataset\processed\VID_1\007\frame_0003.jpg;custom_dataset\processed\VID_1\007\frame_0004.jpg;custom_dataset\processed\VID_1\007\frame_0005.jpg;custom_dataset\processed\VID_1\007\frame_0006.jpg;custom_dataset\processed\VID_1\007\frame_0007.jpg,
VID_1_007_C01,VID_1,VID_1.mp4,7,VID_1_007,1,8,custom_dataset\processed\VID_1\007\frame_0004.jpg;custom_dataset\processed\VID_1\007\frame_0005.jpg;custom_dataset\processed\VID_1\007\frame_0006.jpg;custom_dataset\processed\VID_1\007\frame_0007.jpg;custom_dataset\processed\VID_1\007\frame_0008.jpg;custom_dataset\processed\VID_1\007\frame_0009.jpg;custom_dataset\processed\VID_1\007\frame_0010.jpg;custom_dataset\processed\VID_1\007\frame_0011.jpg,
VID_1_007_C02,VID_1,VID_1.mp4,7,VID_1_007,2,8,custom_dataset\processed\VID_1\007\frame_0008.jpg;custom_dataset\processed\VID_1\007\frame_0009.jpg;custom_dataset\processed\VID_1\007\frame_0010.jpg;custom_dataset\processed\VID_1\007\frame_0011.jpg;custom_dataset\processed\VID_1\007\frame_0012.jpg;custom_dataset\processed\VID_1\007\frame_0013.jpg;custom_dataset\processed\VID_1\007\frame_0014.jpg;custom_dataset\processed\VID_1\007\frame_0015.jpg,
VID_1_007_C03,VID_1,VID_1.mp4,7,VID_1_007,3,8,custom_dataset\processed\VID_1\007\frame_0012.jpg;custom_dataset\processed\VID_1\007\frame_0013.jpg;custom_dataset\processed\VID_1\007\frame_0014.jpg;custom_dataset\processed\VID_1\007\frame_0015.jpg;custom_dataset\processed\VID_1\007\frame_0016.jpg;custom_dataset\processed\VID_1\007\frame_0017.jpg;custom_dataset\processed\VID_1\007\frame_0018.jpg;custom_dataset\processed\VID_1\007\frame_0019.jpg,
VID_1_007_C04,VID_1,VID_1.mp4,7,VID_1_007,4,8,custom_dataset\processed\VID_1\007\frame_0016.jpg;custom_dataset\processed\VID_1\007\frame_0017.jpg;custom_dataset\processed\VID_1\007\frame_0018.jpg;custom_dataset\processed\VID_1\007\frame_0019.jpg;custom_dataset\processed\VID_1\007\frame_0020.jpg;custom_dataset\processed\VID_1\007\frame_0021.jpg;custom_dataset\processed\VID_1\007\frame_0022.jpg;custom_dataset\processed\VID_1\007\frame_0023.jpg,
VID_1_007_C05,VID_1,VID_1.mp4,7,VID_1_007,5,8,custom_dataset\processed\VID_1\007\frame_0020.jpg;custom_dataset\processed\VID_1\007\frame_0021.jpg;custom_dataset\processed\VID_1\007\frame_0022.jpg;custom_dataset\processed\VID_1\007\frame_0023.jpg;custom_dataset\processed\VID_1\007\frame_0024.jpg;custom_dataset\processed\VID_1\007\frame_0025.jpg;custom_dataset\processed\VID_1\007\frame_0026.jpg;custom_dataset\processed\VID_1\007\frame_0027.jpg,
VID_1_011_C00,VID_1,VID_1.mp4,11,VID_1_011,0,8,custom_dataset\processed\VID_1\011\frame_0005.jpg;custom_dataset\processed\VID_1\011\frame_0008.jpg;custom_dataset\processed\VID_1\011\frame_0009.jpg;custom_dataset\processed\VID_1\011\frame_0010.jpg;custom_dataset\processed\VID_1\011\frame_0011.jpg;custom_dataset\processed\VID_1\011\frame_0012.jpg;custom_dataset\processed\VID_1\011\frame_0013.jpg;custom_dataset\processed\VID_1\011\frame_0014.jpg,
VID_1_016_C00,VID_1,VID_1.mp4,16,VID_1_016,0,8,custom_dataset\processed\VID_1\016\frame_0014.jpg;custom_dataset\processed\VID_1\016\frame_0015.jpg;custom_dataset\processed\VID_1\016\frame_0016.jpg;custom_dataset\processed\VID_1\016\frame_0017.jpg;custom_dataset\processed\VID_1\016\frame_0018.jpg;custom_dataset\processed\VID_1\016\frame_0019.jpg;custom_dataset\processed\VID_1\016\frame_0020.jpg;custom_dataset\processed\VID_1\016\frame_0021.jpg,
VID_1_016_C01,VID_1,VID_1.mp4,16,VID_1_016,1,8,custom_dataset\processed\VID_1\016\frame_0018.jpg;custom_dataset\processed\VID_1\016\frame_0019.jpg;custom_dataset\processed\VID_1\016\frame_0020.jpg;custom_dataset\processed\VID_1\016\frame_0021.jpg;custom_dataset\processed\VID_1\016\frame_0022.jpg;custom_dataset\processed\VID_1\016\frame_0023.jpg;custom_dataset\processed\VID_1\016\frame_0024.jpg;custom_dataset\processed\VID_1\016\frame_0025.jpg,
VID_1_017_C00,VID_1,VID_1.mp4,17,VID_1_017,0,8,custom_dataset\processed\VID_1\017\frame_0014.jpg;custom_dataset\processed\VID_1\017\frame_0015.jpg;custom_dataset\processed\VID_1\017\frame_0019.jpg;custom_dataset\processed\VID_1\017\frame_0020.jpg;custom_dataset\processed\VID_1\017\frame_0023.jpg;custom_dataset\processed\VID_1\017\frame_0025.jpg;custom_dataset\processed\VID_1\017\frame_0027.jpg;custom_dataset\processed\VID_1\017\frame_0028.jpg,
VID_1_020_C00,VID_1,VID_1.mp4,20,VID_1_020,0,8,custom_dataset\processed\VID_1\020\frame_0020.jpg;custom_dataset\processed\VID_1\020\frame_0022.jpg;custom_dataset\processed\VID_1\020\frame_0023.jpg;custom_dataset\processed\VID_1\020\frame_0024.jpg;custom_dataset\processed\VID_1\020\frame_0025.jpg;custom_dataset\processed\VID_1\020\frame_0026.jpg;custom_dataset\processed\VID_1\020\frame_0027.jpg;custom_dataset\processed\VID_1\020\frame_0028.jpg,
VID_10_001_C00,VID_10,VID_10.mp4,1,VID_10_001,0,8,custom_dataset\processed\VID_10\001\frame_0000.jpg;custom_dataset\processed\VID_10\001\frame_0001.jpg;custom_dataset\processed\VID_10\001\frame_0002.jpg;custom_dataset\processed\VID_10\001\frame_0003.jpg;custom_dataset\processed\VID_10\001\frame_0004.jpg;custom_dataset\processed\VID_10\001\frame_0005.jpg;custom_dataset\processed\VID_10\001\frame_0006.jpg;custom_dataset\processed\VID_10\001\frame_0007.jpg,
VID_10_001_C01,VID_10,VID_10.mp4,1,VID_10_001,1,8,custom_dataset\processed\VID_10\001\frame_0004.jpg;custom_dataset\processed\VID_10\001\frame_0005.jpg;custom_dataset\processed\VID_10\001\frame_0006.jpg;custom_dataset\processed\VID_10\001\frame_0007.jpg;custom_dataset\processed\VID_10\001\frame_0008.jpg;custom_dataset\processed\VID_10\001\frame_0009.jpg;custom_dataset\processed\VID_10\001\frame_0010.jpg;custom_dataset\processed\VID_10\001\frame_0011.jpg,
VID_10_001_C02,VID_10,VID_10.mp4,1,VID_10_001,2,8,custom_dataset\processed\VID_10\001\frame_0008.jpg;custom_dataset\processed\VID_10\001\frame_0009.jpg;custom_dataset\processed\VID_10\001\frame_0010.jpg;custom_dataset\processed\VID_10\001\frame_0011.jpg;custom_dataset\processed\VID_10\001\frame_0012.jpg;custom_dataset\processed\VID_10\001\frame_0013.jpg;custom_dataset\processed\VID_10\001\frame_0014.jpg;custom_dataset\processed\VID_10\001\frame_0015.jpg,
VID_10_001_C03,VID_10,VID_10.mp4,1,VID_10_001,3,8,custom_dataset\processed\VID_10\001\frame_0012.jpg;custom_dataset\processed\VID_10\001\frame_0013.jpg;custom_dataset\processed\VID_10\001\frame_0014.jpg;custom_dataset\processed\VID_10\001\frame_0015.jpg;custom_dataset\processed\VID_10\001\frame_0016.jpg;custom_dataset\processed\VID_10\001\frame_0017.jpg;custom_dataset\processed\VID_10\001\frame_0018.jpg;custom_dataset\processed\VID_10\001\frame_0019.jpg,
VID_10_001_C04,VID_10,VID_10.mp4,1,VID_10_001,4,8,custom_dataset\processed\VID_10\001\frame_0016.jpg;custom_dataset\processed\VID_10\001\frame_0017.jpg;custom_dataset\processed\VID_10\001\frame_0018.jpg;custom_dataset\processed\VID_10\001\frame_0019.jpg;custom_dataset\processed\VID_10\001\frame_0020.jpg;custom_dataset\processed\VID_10\001\frame_0021.jpg;custom_dataset\processed\VID_10\001\frame_0022.jpg;custom_dataset\processed\VID_10\001\frame_0023.jpg,
VID_10_001_C05,VID_10,VID_10.mp4,1,VID_10_001,5,8,custom_dataset\processed\VID_10\001\frame_0020.jpg;custom_dataset\processed\VID_10\001\frame_0021.jpg;custom_dataset\processed\VID_10\001\frame_0022.jpg;custom_dataset\processed\VID_10\001\frame_0023.jpg;custom_dataset\processed\VID_10\001\frame_0024.jpg;custom_dataset\processed\VID_10\001\frame_0025.jpg;custom_dataset\processed\VID_10\001\frame_0026.jpg;custom_dataset\processed\VID_10\001\frame_0027.jpg,
VID_10_001_C06,VID_10,VID_10.mp4,1,VID_10_001,6,8,custom_dataset\processed\VID_10\001\frame_0024.jpg;custom_dataset\processed\VID_10\001\frame_0025.jpg;custom_dataset\processed\VID_10\001\frame_0026.jpg;custom_dataset\processed\VID_10\001\frame_0027.jpg;custom_dataset\processed\VID_10\001\frame_0028.jpg;custom_dataset\processed\VID_10\001\frame_0029.jpg;custom_dataset\processed\VID_10\001\frame_0030.jpg;custom_dataset\processed\VID_10\001\frame_0031.jpg,
VID_10_001_C07,VID_10,VID_10.mp4,1,VID_10_001,7,8,custom_dataset\processed\VID_10\001\frame_0028.jpg;custom_dataset\processed\VID_10\001\frame_0029.jpg;custom_dataset\processed\VID_10\001\frame_0030.jpg;custom_dataset\processed\VID_10\001\frame_0031.jpg;custom_dataset\processed\VID_10\001\frame_0032.jpg;custom_dataset\processed\VID_10\001\frame_0033.jpg;custom_dataset\processed\VID_10\001\frame_0034.jpg;custom_dataset\processed\VID_10\001\frame_0035.jpg,
VID_10_001_C08,VID_10,VID_10.mp4,1,VID_10_001,8,8,custom_dataset\processed\VID_10\001\frame_0032.jpg;custom_dataset\processed\VID_10\001\frame_0033.jpg;custom_dataset\processed\VID_10\001\frame_0034.jpg;custom_dataset\processed\VID_10\001\frame_0035.jpg;custom_dataset\processed\VID_10\001\frame_0036.jpg;custom_dataset\processed\VID_10\001\frame_0037.jpg;custom_dataset\processed\VID_10\001\frame_0038.jpg;custom_dataset\processed\VID_10\001\frame_0039.jpg,
VID_10_001_C09,VID_10,VID_10.mp4,1,VID_10_001,9,8,custom_dataset\processed\VID_10\001\frame_0036.jpg;custom_dataset\processed\VID_10\001\frame_0037.jpg;custom_dataset\processed\VID_10\001\frame_0038.jpg;custom_dataset\processed\VID_10\001\frame_0039.jpg;custom_dataset\processed\VID_10\001\frame_0040.jpg;custom_dataset\processed\VID_10\001\frame_0041.jpg;custom_dataset\processed\VID_10\001\frame_0042.jpg;custom_dataset\processed\VID_10\001\frame_0043.jpg,
VID_10_002_C00,VID_10,VID_10.mp4,2,VID_10_002,0,8,custom_dataset\processed\VID_10\002\frame_0000.jpg;custom_dataset\processed\VID_10\002\frame_0001.jpg;custom_dataset\processed\VID_10\002\frame_0002.jpg;custom_dataset\processed\VID_10\002\frame_0003.jpg;custom_dataset\processed\VID_10\002\frame_0004.jpg;custom_dataset\processed\VID_10\002\frame_0005.jpg;custom_dataset\processed\VID_10\002\frame_0006.jpg;custom_dataset\processed\VID_10\002\frame_0007.jpg,
VID_10_002_C01,VID_10,VID_10.mp4,2,VID_10_002,1,8,custom_dataset\processed\VID_10\002\frame_0004.jpg;custom_dataset\processed\VID_10\002\frame_0005.jpg;custom_dataset\processed\VID_10\002\frame_0006.jpg;custom_dataset\processed\VID_10\002\frame_0007.jpg;custom_dataset\processed\VID_10\002\frame_0008.jpg;custom_dataset\processed\VID_10\002\frame_0009.jpg;custom_dataset\processed\VID_10\002\frame_0010.jpg;custom_dataset\processed\VID_10\002\frame_0011.jpg,
VID_10_002_C02,VID_10,VID_10.mp4,2,VID_10_002,2,8,custom_dataset\processed\VID_10\002\frame_0008.jpg;custom_dataset\processed\VID_10\002\frame_0009.jpg;custom_dataset\processed\VID_10\002\frame_0010.jpg;custom_dataset\processed\VID_10\002\frame_0011.jpg;custom_dataset\processed\VID_10\002\frame_0012.jpg;custom_dataset\processed\VID_10\002\frame_0013.jpg;custom_dataset\processed\VID_10\002\frame_0014.jpg;custom_dataset\processed\VID_10\002\frame_0015.jpg,
VID_10_002_C03,VID_10,VID_10.mp4,2,VID_10_002,3,8,custom_dataset\processed\VID_10\002\frame_0012.jpg;custom_dataset\processed\VID_10\002\frame_0013.jpg;custom_dataset\processed\VID_10\002\frame_0014.jpg;custom_dataset\processed\VID_10\002\frame_0015.jpg;custom_dataset\processed\VID_10\002\frame_0016.jpg;custom_dataset\processed\VID_10\002\frame_0017.jpg;custom_dataset\processed\VID_10\002\frame_0018.jpg;custom_dataset\processed\VID_10\002\frame_0019.jpg,
VID_10_002_C04,VID_10,VID_10.mp4,2,VID_10_002,4,8,custom_dataset\processed\VID_10\002\frame_0016.jpg;custom_dataset\processed\VID_10\002\frame_0017.jpg;custom_dataset\processed\VID_10\002\frame_0018.jpg;custom_dataset\processed\VID_10\002\frame_0019.jpg;custom_dataset\processed\VID_10\002\frame_0020.jpg;custom_dataset\processed\VID_10\002\frame_0021.jpg;custom_dataset\processed\VID_10\002\frame_0022.jpg;custom_dataset\processed\VID_10\002\frame_0023.jpg,
VID_10_002_C05,VID_10,VID_10.mp4,2,VID_10_002,5,8,custom_dataset\processed\VID_10\002\frame_0020.jpg;custom_dataset\processed\VID_10\002\frame_0021.jpg;custom_dataset\processed\VID_10\002\frame_0022.jpg;custom_dataset\processed\VID_10\002\frame_0023.jpg;custom_dataset\processed\VID_10\002\frame_0024.jpg;custom_dataset\processed\VID_10\002\frame_0025.jpg;custom_dataset\processed\VID_10\002\frame_0026.jpg;custom_dataset\processed\VID_10\002\frame_0027.jpg,
VID_10_002_C06,VID_10,VID_10.mp4,2,VID_10_002,6,8,custom_dataset\processed\VID_10\002\frame_0024.jpg;custom_dataset\processed\VID_10\002\frame_0025.jpg;custom_dataset\processed\VID_10\002\frame_0026.jpg;custom_dataset\processed\VID_10\002\frame_0027.jpg;custom_dataset\processed\VID_10\002\frame_0028.jpg;custom_dataset\processed\VID_10\002\frame_0029.jpg;custom_dataset\processed\VID_10\002\frame_0030.jpg;custom_dataset\processed\VID_10\002\frame_0031.jpg,
VID_10_002_C07,VID_10,VID_10.mp4,2,VID_10_002,7,8,custom_dataset\processed\VID_10\002\frame_0028.jpg;custom_dataset\processed\VID_10\002\frame_0029.jpg;custom_dataset\processed\VID_10\002\frame_0030.jpg;custom_dataset\processed\VID_10\002\frame_0031.jpg;custom_dataset\processed\VID_10\002\frame_0032.jpg;custom_dataset\processed\VID_10\002\frame_0033.jpg;custom_dataset\processed\VID_10\002\frame_0034.jpg;custom_dataset\processed\VID_10\002\frame_0035.jpg,
VID_10_002_C08,VID_10,VID_10.mp4,2,VID_10_002,8,8,custom_dataset\processed\VID_10\002\frame_0032.jpg;custom_dataset\processed\VID_10\002\frame_0033.jpg;custom_dataset\processed\VID_10\002\frame_0034.jpg;custom_dataset\processed\VID_10\002\frame_0035.jpg;custom_dataset\processed\VID_10\002\frame_0036.jpg;custom_dataset\processed\VID_10\002\frame_0037.jpg;custom_dataset\processed\VID_10\002\frame_0038.jpg;custom_dataset\processed\VID_10\002\frame_0039.jpg,
VID_10_002_C09,VID_10,VID_10.mp4,2,VID_10_002,9,8,custom_dataset\processed\VID_10\002\frame_0036.jpg;custom_dataset\processed\VID_10\002\frame_0037.jpg;custom_dataset\processed\VID_10\002\frame_0038.jpg;custom_dataset\processed\VID_10\002\frame_0039.jpg;custom_dataset\processed\VID_10\002\frame_0040.jpg;custom_dataset\processed\VID_10\002\frame_0041.jpg;custom_dataset\processed\VID_10\002\frame_0042.jpg;custom_dataset\processed\VID_10\002\frame_0043.jpg,
VID_10_003_C00,VID_10,VID_10.mp4,3,VID_10_003,0,8,custom_dataset\processed\VID_10\003\frame_0000.jpg;custom_dataset\processed\VID_10\003\frame_0001.jpg;custom_dataset\processed\VID_10\003\frame_0002.jpg;custom_dataset\processed\VID_10\003\frame_0003.jpg;custom_dataset\processed\VID_10\003\frame_0004.jpg;custom_dataset\processed\VID_10\003\frame_0005.jpg;custom_dataset\processed\VID_10\003\frame_0006.jpg;custom_dataset\processed\VID_10\003\frame_0007.jpg,
VID_10_003_C01,VID_10,VID_10.mp4,3,VID_10_003,1,8,custom_dataset\processed\VID_10\003\frame_0004.jpg;custom_dataset\processed\VID_10\003\frame_0005.jpg;custom_dataset\processed\VID_10\003\frame_0006.jpg;custom_dataset\processed\VID_10\003\frame_0007.jpg;custom_dataset\processed\VID_10\003\frame_0008.jpg;custom_dataset\processed\VID_10\003\frame_0009.jpg;custom_dataset\processed\VID_10\003\frame_0010.jpg;custom_dataset\processed\VID_10\003\frame_0011.jpg,
VID_10_003_C02,VID_10,VID_10.mp4,3,VID_10_003,2,8,custom_dataset\processed\VID_10\003\frame_0008.jpg;custom_dataset\processed\VID_10\003\frame_0009.jpg;custom_dataset\processed\VID_10\003\frame_0010.jpg;custom_dataset\processed\VID_10\003\frame_0011.jpg;custom_dataset\processed\VID_10\003\frame_0012.jpg;custom_dataset\processed\VID_10\003\frame_0013.jpg;custom_dataset\processed\VID_10\003\frame_0014.jpg;custom_dataset\processed\VID_10\003\frame_0015.jpg,
VID_10_003_C03,VID_10,VID_10.mp4,3,VID_10_003,3,8,custom_dataset\processed\VID_10\003\frame_0012.jpg;custom_dataset\processed\VID_10\003\frame_0013.jpg;custom_dataset\processed\VID_10\003\frame_0014.jpg;custom_dataset\processed\VID_10\003\frame_0015.jpg;custom_dataset\processed\VID_10\003\frame_0016.jpg;custom_dataset\processed\VID_10\003\frame_0017.jpg;custom_dataset\processed\VID_10\003\frame_0018.jpg;custom_dataset\processed\VID_10\003\frame_0019.jpg,
VID_10_003_C04,VID_10,VID_10.mp4,3,VID_10_003,4,8,custom_dataset\processed\VID_10\003\frame_0016.jpg;custom_dataset\processed\VID_10\003\frame_0017.jpg;custom_dataset\processed\VID_10\003\frame_0018.jpg;custom_dataset\processed\VID_10\003\frame_0019.jpg;custom_dataset\processed\VID_10\003\frame_0020.jpg;custom_dataset\processed\VID_10\003\frame_0021.jpg;custom_dataset\processed\VID_10\003\frame_0022.jpg;custom_dataset\processed\VID_10\003\frame_0023.jpg,
VID_10_003_C05,VID_10,VID_10.mp4,3,VID_10_003,5,8,custom_dataset\processed\VID_10\003\frame_0020.jpg;custom_dataset\processed\VID_10\003\frame_0021.jpg;custom_dataset\processed\VID_10\003\frame_0022.jpg;custom_dataset\processed\VID_10\003\frame_0023.jpg;custom_dataset\processed\VID_10\003\frame_0024.jpg;custom_dataset\processed\VID_10\003\frame_0025.jpg;custom_dataset\processed\VID_10\003\frame_0026.jpg;custom_dataset\processed\VID_10\003\frame_0027.jpg,
VID_10_003_C06,VID_10,VID_10.mp4,3,VID_10_003,6,8,custom_dataset\processed\VID_10\003\frame_0024.jpg;custom_dataset\processed\VID_10\003\frame_0025.jpg;custom_dataset\processed\VID_10\003\frame_0026.jpg;custom_dataset\processed\VID_10\003\frame_0027.jpg;custom_dataset\processed\VID_10\003\frame_0028.jpg;custom_dataset\processed\VID_10\003\frame_0029.jpg;custom_dataset\processed\VID_10\003\frame_0030.jpg;custom_dataset\processed\VID_10\003\frame_0031.jpg,
VID_10_003_C07,VID_10,VID_10.mp4,3,VID_10_003,7,8,custom_dataset\processed\VID_10\003\frame_0028.jpg;custom_dataset\processed\VID_10\003\frame_0029.jpg;custom_dataset\processed\VID_10\003\frame_0030.jpg;custom_dataset\processed\VID_10\003\frame_0031.jpg;custom_dataset\processed\VID_10\003\frame_0032.jpg;custom_dataset\processed\VID_10\003\frame_0033.jpg;custom_dataset\processed\VID_10\003\frame_0034.jpg;custom_dataset\processed\VID_10\003\frame_0035.jpg,
VID_10_003_C08,VID_10,VID_10.mp4,3,VID_10_003,8,8,custom_dataset\processed\VID_10\003\frame_0032.jpg;custom_dataset\processed\VID_10\003\frame_0033.jpg;custom_dataset\processed\VID_10\003\frame_0034.jpg;custom_dataset\processed\VID_10\003\frame_0035.jpg;custom_dataset\processed\VID_10\003\frame_0036.jpg;custom_dataset\processed\VID_10\003\frame_0037.jpg;custom_dataset\processed\VID_10\003\frame_0038.jpg;custom_dataset\processed\VID_10\003\frame_0039.jpg,
VID_10_003_C09,VID_10,VID_10.mp4,3,VID_10_003,9,8,custom_dataset\processed\VID_10\003\frame_0036.jpg;custom_dataset\processed\VID_10\003\frame_0037.jpg;custom_dataset\processed\VID_10\003\frame_0038.jpg;custom_dataset\processed\VID_10\003\frame_0039.jpg;custom_dataset\processed\VID_10\003\frame_0040.jpg;custom_dataset\processed\VID_10\003\frame_0041.jpg;custom_dataset\processed\VID_10\003\frame_0042.jpg;custom_dataset\processed\VID_10\003\frame_0043.jpg,
VID_10_004_C00,VID_10,VID_10.mp4,4,VID_10_004,0,8,custom_dataset\processed\VID_10\004\frame_0000.jpg;custom_dataset\processed\VID_10\004\frame_0001.jpg;custom_dataset\processed\VID_10\004\frame_0002.jpg;custom_dataset\processed\VID_10\004\frame_0003.jpg;custom_dataset\processed\VID_10\004\frame_0004.jpg;custom_dataset\processed\VID_10\004\frame_0005.jpg;custom_dataset\processed\VID_10\004\frame_0006.jpg;custom_dataset\processed\VID_10\004\frame_0007.jpg,
VID_10_004_C01,VID_10,VID_10.mp4,4,VID_10_004,1,8,custom_dataset\processed\VID_10\004\frame_0004.jpg;custom_dataset\processed\VID_10\004\frame_0005.jpg;custom_dataset\processed\VID_10\004\frame_0006.jpg;custom_dataset\processed\VID_10\004\frame_0007.jpg;custom_dataset\processed\VID_10\004\frame_0008.jpg;custom_dataset\processed\VID_10\004\frame_0009.jpg;custom_dataset\processed\VID_10\004\frame_0010.jpg;custom_dataset\processed\VID_10\004\frame_0011.jpg,
VID_10_004_C02,VID_10,VID_10.mp4,4,VID_10_004,2,8,custom_dataset\processed\VID_10\004\frame_0008.jpg;custom_dataset\processed\VID_10\004\frame_0009.jpg;custom_dataset\processed\VID_10\004\frame_0010.jpg;custom_dataset\processed\VID_10\004\frame_0011.jpg;custom_dataset\processed\VID_10\004\frame_0012.jpg;custom_dataset\processed\VID_10\004\frame_0013.jpg;custom_dataset\processed\VID_10\004\frame_0014.jpg;custom_dataset\processed\VID_10\004\frame_0017.jpg,
VID_10_005_C00,VID_10,VID_10.mp4,5,VID_10_005,0,8,custom_dataset\processed\VID_10\005\frame_0000.jpg;custom_dataset\processed\VID_10\005\frame_0001.jpg;custom_dataset\processed\VID_10\005\frame_0002.jpg;custom_dataset\processed\VID_10\005\frame_0003.jpg;custom_dataset\processed\VID_10\005\frame_0004.jpg;custom_dataset\processed\VID_10\005\frame_0005.jpg;custom_dataset\processed\VID_10\005\frame_0006.jpg;custom_dataset\processed\VID_10\005\frame_0007.jpg,
VID_10_005_C01,VID_10,VID_10.mp4,5,VID_10_005,1,8,custom_dataset\processed\VID_10\005\frame_0004.jpg;custom_dataset\processed\VID_10\005\frame_0005.jpg;custom_dataset\processed\VID_10\005\frame_0006.jpg;custom_dataset\processed\VID_10\005\frame_0007.jpg;custom_dataset\processed\VID_10\005\frame_0008.jpg;custom_dataset\processed\VID_10\005\frame_0009.jpg;custom_dataset\processed\VID_10\005\frame_0010.jpg;custom_dataset\processed\VID_10\005\frame_0011.jpg,
VID_10_005_C02,VID_10,VID_10.mp4,5,VID_10_005,2,8,custom_dataset\processed\VID_10\005\frame_0008.jpg;custom_dataset\processed\VID_10\005\frame_0009.jpg;custom_dataset\processed\VID_10\005\frame_0010.jpg;custom_dataset\processed\VID_10\005\frame_0011.jpg;custom_dataset\processed\VID_10\005\frame_0012.jpg;custom_dataset\processed\VID_10\005\frame_0013.jpg;custom_dataset\processed\VID_10\005\frame_0014.jpg;custom_dataset\processed\VID_10\005\frame_0015.jpg,
VID_10_005_C03,VID_10,VID_10.mp4,5,VID_10_005,3,8,custom_dataset\processed\VID_10\005\frame_0012.jpg;custom_dataset\processed\VID_10\005\frame_0013.jpg;custom_dataset\processed\VID_10\005\frame_0014.jpg;custom_dataset\processed\VID_10\005\frame_0015.jpg;custom_dataset\processed\VID_10\005\frame_0016.jpg;custom_dataset\processed\VID_10\005\frame_0017.jpg;custom_dataset\processed\VID_10\005\frame_0018.jpg;custom_dataset\processed\VID_10\005\frame_0019.jpg,
VID_10_005_C04,VID_10,VID_10.mp4,5,VID_10_005,4,8,custom_dataset\processed\VID_10\005\frame_0016.jpg;custom_dataset\processed\VID_10\005\frame_0017.jpg;custom_dataset\processed\VID_10\005\frame_0018.jpg;custom_dataset\processed\VID_10\005\frame_0019.jpg;custom_dataset\processed\VID_10\005\frame_0020.jpg;custom_dataset\processed\VID_10\005\frame_0021.jpg;custom_dataset\processed\VID_10\005\frame_0022.jpg;custom_dataset\processed\VID_10\005\frame_0023.jpg,
VID_10_005_C05,VID_10,VID_10.mp4,5,VID_10_005,5,8,custom_dataset\processed\VID_10\005\frame_0020.jpg;custom_dataset\processed\VID_10\005\frame_0021.jpg;custom_dataset\processed\VID_10\005\frame_0022.jpg;custom_dataset\processed\VID_10\005\frame_0023.jpg;custom_dataset\processed\VID_10\005\frame_0024.jpg;custom_dataset\processed\VID_10\005\frame_0025.jpg;custom_dataset\processed\VID_10\005\frame_0026.jpg;custom_dataset\processed\VID_10\005\frame_0027.jpg,
VID_10_005_C06,VID_10,VID_10.mp4,5,VID_10_005,6,8,custom_dataset\processed\VID_10\005\frame_0024.jpg;custom_dataset\processed\VID_10\005\frame_0025.jpg;custom_dataset\processed\VID_10\005\frame_0026.jpg;custom_dataset\processed\VID_10\005\frame_0027.jpg;custom_dataset\processed\VID_10\005\frame_0028.jpg;custom_dataset\processed\VID_10\005\frame_0029.jpg;custom_dataset\processed\VID_10\005\frame_0030.jpg;custom_dataset\processed\VID_10\005\frame_0031.jpg,
VID_10_005_C07,VID_10,VID_10.mp4,5,VID_10_005,7,8,custom_dataset\processed\VID_10\005\frame_0028.jpg;custom_dataset\processed\VID_10\005\frame_0029.jpg;custom_dataset\processed\VID_10\005\frame_0030.jpg;custom_dataset\processed\VID_10\005\frame_0031.jpg;custom_dataset\processed\VID_10\005\frame_0032.jpg;custom_dataset\processed\VID_10\005\frame_0033.jpg;custom_dataset\processed\VID_10\005\frame_0034.jpg;custom_dataset\processed\VID_10\005\frame_0035.jpg,
VID_10_005_C08,VID_10,VID_10.mp4,5,VID_10_005,8,8,custom_dataset\processed\VID_10\005\frame_0032.jpg;custom_dataset\processed\VID_10\005\frame_0033.jpg;custom_dataset\processed\VID_10\005\frame_0034.jpg;custom_dataset\processed\VID_10\005\frame_0035.jpg;custom_dataset\processed\VID_10\005\frame_0036.jpg;custom_dataset\processed\VID_10\005\frame_0037.jpg;custom_dataset\processed\VID_10\005\frame_0038.jpg;custom_dataset\processed\VID_10\005\frame_0039.jpg,
VID_10_005_C09,VID_10,VID_10.mp4,5,VID_10_005,9,8,custom_dataset\processed\VID_10\005\frame_0036.jpg;custom_dataset\processed\VID_10\005\frame_0037.jpg;custom_dataset\processed\VID_10\005\frame_0038.jpg;custom_dataset\processed\VID_10\005\frame_0039.jpg;custom_dataset\processed\VID_10\005\frame_0040.jpg;custom_dataset\processed\VID_10\005\frame_0041.jpg;custom_dataset\processed\VID_10\005\frame_0042.jpg;custom_dataset\processed\VID_10\005\frame_0043.jpg,
VID_10_007_C00,VID_10,VID_10.mp4,7,VID_10_007,0,8,custom_dataset\processed\VID_10\007\frame_0000.jpg;custom_dataset\processed\VID_10\007\frame_0001.jpg;custom_dataset\processed\VID_10\007\frame_0002.jpg;custom_dataset\processed\VID_10\007\frame_0003.jpg;custom_dataset\processed\VID_10\007\frame_0004.jpg;custom_dataset\processed\VID_10\007\frame_0005.jpg;custom_dataset\processed\VID_10\007\frame_0007.jpg;custom_dataset\processed\VID_10\007\frame_0008.jpg,
VID_10_007_C01,VID_10,VID_10.mp4,7,VID_10_007,1,8,custom_dataset\processed\VID_10\007\frame_0004.jpg;custom_dataset\processed\VID_10\007\frame_0005.jpg;custom_dataset\processed\VID_10\007\frame_0007.jpg;custom_dataset\processed\VID_10\007\frame_0008.jpg;custom_dataset\processed\VID_10\007\frame_0009.jpg;custom_dataset\processed\VID_10\007\frame_0011.jpg;custom_dataset\processed\VID_10\007\frame_0013.jpg;custom_dataset\processed\VID_10\007\frame_0016.jpg,
VID_10_007_C02,VID_10,VID_10.mp4,7,VID_10_007,2,8,custom_dataset\processed\VID_10\007\frame_0009.jpg;custom_dataset\processed\VID_10\007\frame_0011.jpg;custom_dataset\processed\VID_10\007\frame_0013.jpg;custom_dataset\processed\VID_10\007\frame_0016.jpg;custom_dataset\processed\VID_10\007\frame_0017.jpg;custom_dataset\processed\VID_10\007\frame_0018.jpg;custom_dataset\processed\VID_10\007\frame_0019.jpg;custom_dataset\processed\VID_10\007\frame_0021.jpg,
VID_10_007_C03,VID_10,VID_10.mp4,7,VID_10_007,3,8,custom_dataset\processed\VID_10\007\frame_0017.jpg;custom_dataset\processed\VID_10\007\frame_0018.jpg;custom_dataset\processed\VID_10\007\frame_0019.jpg;custom_dataset\processed\VID_10\007\frame_0021.jpg;custom_dataset\processed\VID_10\007\frame_0022.jpg;custom_dataset\processed\VID_10\007\frame_0023.jpg;custom_dataset\processed\VID_10\007\frame_0024.jpg;custom_dataset\processed\VID_10\007\frame_0025.jpg,
VID_10_007_C04,VID_10,VID_10.mp4,7,VID_10_007,4,8,custom_dataset\processed\VID_10\007\frame_0022.jpg;custom_dataset\processed\VID_10\007\frame_0023.jpg;custom_dataset\processed\VID_10\007\frame_0024.jpg;custom_dataset\processed\VID_10\007\frame_0025.jpg;custom_dataset\processed\VID_10\007\frame_0026.jpg;custom_dataset\processed\VID_10\007\frame_0027.jpg;custom_dataset\processed\VID_10\007\frame_0028.jpg;custom_dataset\processed\VID_10\007\frame_0029.jpg,
VID_10_007_C05,VID_10,VID_10.mp4,7,VID_10_007,5,8,custom_dataset\processed\VID_10\007\frame_0026.jpg;custom_dataset\processed\VID_10\007\frame_0027.jpg;custom_dataset\processed\VID_10\007\frame_0028.jpg;custom_dataset\processed\VID_10\007\frame_0029.jpg;custom_dataset\processed\VID_10\007\frame_0030.jpg;custom_dataset\processed\VID_10\007\frame_0031.jpg;custom_dataset\processed\VID_10\007\frame_0032.jpg;custom_dataset\processed\VID_10\007\frame_0033.jpg,
VID_10_007_C06,VID_10,VID_10.mp4,7,VID_10_007,6,8,custom_dataset\processed\VID_10\007\frame_0030.jpg;custom_dataset\processed\VID_10\007\frame_0031.jpg;custom_dataset\processed\VID_10\007\frame_0032.jpg;custom_dataset\processed\VID_10\007\frame_0033.jpg;custom_dataset\processed\VID_10\007\frame_0034.jpg;custom_dataset\processed\VID_10\007\frame_0035.jpg;custom_dataset\processed\VID_10\007\frame_0036.jpg;custom_dataset\processed\VID_10\007\frame_0037.jpg,
VID_10_007_C07,VID_10,VID_10.mp4,7,VID_10_007,7,8,custom_dataset\processed\VID_10\007\frame_0034.jpg;custom_dataset\processed\VID_10\007\frame_0035.jpg;custom_dataset\processed\VID_10\007\frame_0036.jpg;custom_dataset\processed\VID_10\007\frame_0037.jpg;custom_dataset\processed\VID_10\007\frame_0038.jpg;custom_dataset\processed\VID_10\007\frame_0039.jpg;custom_dataset\processed\VID_10\007\frame_0040.jpg;custom_dataset\processed\VID_10\007\frame_0041.jpg,
VID_10_009_C00,VID_10,VID_10.mp4,9,VID_10_009,0,8,custom_dataset\processed\VID_10\009\frame_0000.jpg;custom_dataset\processed\VID_10\009\frame_0001.jpg;custom_dataset\processed\VID_10\009\frame_0002.jpg;custom_dataset\processed\VID_10\009\frame_0003.jpg;custom_dataset\processed\VID_10\009\frame_0004.jpg;custom_dataset\processed\VID_10\009\frame_0005.jpg;custom_dataset\processed\VID_10\009\frame_0006.jpg;custom_dataset\processed\VID_10\009\frame_0008.jpg,
VID_10_009_C01,VID_10,VID_10.mp4,9,VID_10_009,1,8,custom_dataset\processed\VID_10\009\frame_0004.jpg;custom_dataset\processed\VID_10\009\frame_0005.jpg;custom_dataset\processed\VID_10\009\frame_0006.jpg;custom_dataset\processed\VID_10\009\frame_0008.jpg;custom_dataset\processed\VID_10\009\frame_0009.jpg;custom_dataset\processed\VID_10\009\frame_0010.jpg;custom_dataset\processed\VID_10\009\frame_0011.jpg;custom_dataset\processed\VID_10\009\frame_0012.jpg,
VID_10_010_C00,VID_10,VID_10.mp4,10,VID_10_010,0,8,custom_dataset\processed\VID_10\010\frame_0000.jpg;custom_dataset\processed\VID_10\010\frame_0001.jpg;custom_dataset\processed\VID_10\010\frame_0002.jpg;custom_dataset\processed\VID_10\010\frame_0003.jpg;custom_dataset\processed\VID_10\010\frame_0004.jpg;custom_dataset\processed\VID_10\010\frame_0005.jpg;custom_dataset\processed\VID_10\010\frame_0006.jpg;custom_dataset\processed\VID_10\010\frame_0007.jpg,
VID_10_011_C00,VID_10,VID_10.mp4,11,VID_10_011,0,8,custom_dataset\processed\VID_10\011\frame_0004.jpg;custom_dataset\processed\VID_10\011\frame_0005.jpg;custom_dataset\processed\VID_10\011\frame_0007.jpg;custom_dataset\processed\VID_10\011\frame_0008.jpg;custom_dataset\processed\VID_10\011\frame_0010.jpg;custom_dataset\processed\VID_10\011\frame_0011.jpg;custom_dataset\processed\VID_10\011\frame_0012.jpg;custom_dataset\processed\VID_10\011\frame_0013.jpg,
VID_10_015_C00,VID_10,VID_10.mp4,15,VID_10_015,0,8,custom_dataset\processed\VID_10\015\frame_0008.jpg;custom_dataset\processed\VID_10\015\frame_0009.jpg;custom_dataset\processed\VID_10\015\frame_0010.jpg;custom_dataset\processed\VID_10\015\frame_0011.jpg;custom_dataset\processed\VID_10\015\frame_0012.jpg;custom_dataset\processed\VID_10\015\frame_0013.jpg;custom_dataset\processed\VID_10\015\frame_0014.jpg;custom_dataset\processed\VID_10\015\frame_0015.jpg,
VID_10_015_C01,VID_10,VID_10.mp4,15,VID_10_015,1,8,custom_dataset\processed\VID_10\015\frame_0012.jpg;custom_dataset\processed\VID_10\015\frame_0013.jpg;custom_dataset\processed\VID_10\015\frame_0014.jpg;custom_dataset\processed\VID_10\015\frame_0015.jpg;custom_dataset\processed\VID_10\015\frame_0016.jpg;custom_dataset\processed\VID_10\015\frame_0017.jpg;custom_dataset\processed\VID_10\015\frame_0018.jpg;custom_dataset\processed\VID_10\015\frame_0019.jpg,
VID_10_015_C02,VID_10,VID_10.mp4,15,VID_10_015,2,8,custom_dataset\processed\VID_10\015\frame_0016.jpg;custom_dataset\processed\VID_10\015\frame_0017.jpg;custom_dataset\processed\VID_10\015\frame_0018.jpg;custom_dataset\processed\VID_10\015\frame_0019.jpg;custom_dataset\processed\VID_10\015\frame_0020.jpg;custom_dataset\processed\VID_10\015\frame_0021.jpg;custom_dataset\processed\VID_10\015\frame_0022.jpg;custom_dataset\processed\VID_10\015\frame_0023.jpg,
VID_10_015_C03,VID_10,VID_10.mp4,15,VID_10_015,3,8,custom_dataset\processed\VID_10\015\frame_0020.jpg;custom_dataset\processed\VID_10\015\frame_0021.jpg;custom_dataset\processed\VID_10\015\frame_0022.jpg;custom_dataset\processed\VID_10\015\frame_0023.jpg;custom_dataset\processed\VID_10\015\frame_0024.jpg;custom_dataset\processed\VID_10\015\frame_0025.jpg;custom_dataset\processed\VID_10\015\frame_0026.jpg;custom_dataset\processed\VID_10\015\frame_0027.jpg,
VID_10_015_C04,VID_10,VID_10.mp4,15,VID_10_015,4,8,custom_dataset\processed\VID_10\015\frame_0024.jpg;custom_dataset\processed\VID_10\015\frame_0025.jpg;custom_dataset\processed\VID_10\015\frame_0026.jpg;custom_dataset\processed\VID_10\015\frame_0027.jpg;custom_dataset\processed\VID_10\015\frame_0028.jpg;custom_dataset\processed\VID_10\015\frame_0029.jpg;custom_dataset\processed\VID_10\015\frame_0030.jpg;custom_dataset\processed\VID_10\015\frame_0031.jpg,
VID_10_015_C05,VID_10,VID_10.mp4,15,VID_10_015,5,8,custom_dataset\processed\VID_10\015\frame_0028.jpg;custom_dataset\processed\VID_10\015\frame_0029.jpg;custom_dataset\processed\VID_10\015\frame_0030.jpg;custom_dataset\processed\VID_10\015\frame_0031.jpg;custom_dataset\processed\VID_10\015\frame_0032.jpg;custom_dataset\processed\VID_10\015\frame_0033.jpg;custom_dataset\processed\VID_10\015\frame_0034.jpg;custom_dataset\processed\VID_10\015\frame_0036.jpg,
VID_10_017_C00,VID_10,VID_10.mp4,17,VID_10_017,0,8,custom_dataset\processed\VID_10\017\frame_0011.jpg;custom_dataset\processed\VID_10\017\frame_0012.jpg;custom_dataset\processed\VID_10\017\frame_0015.jpg;custom_dataset\processed\VID_10\017\frame_0016.jpg;custom_dataset\processed\VID_10\017\frame_0020.jpg;custom_dataset\processed\VID_10\017\frame_0021.jpg;custom_dataset\processed\VID_10\017\frame_0022.jpg;custom_dataset\processed\VID_10\017\frame_0023.jpg,
VID_10_017_C01,VID_10,VID_10.mp4,17,VID_10_017,1,8,custom_dataset\processed\VID_10\017\frame_0020.jpg;custom_dataset\processed\VID_10\017\frame_0021.jpg;custom_dataset\processed\VID_10\017\frame_0022.jpg;custom_dataset\processed\VID_10\017\frame_0023.jpg;custom_dataset\processed\VID_10\017\frame_0024.jpg;custom_dataset\processed\VID_10\017\frame_0025.jpg;custom_dataset\processed\VID_10\017\frame_0027.jpg;custom_dataset\processed\VID_10\017\frame_0028.jpg,
VID_10_017_C02,VID_10,VID_10.mp4,17,VID_10_017,2,8,custom_dataset\processed\VID_10\017\frame_0024.jpg;custom_dataset\processed\VID_10\017\frame_0025.jpg;custom_dataset\processed\VID_10\017\frame_0027.jpg;custom_dataset\processed\VID_10\017\frame_0028.jpg;custom_dataset\processed\VID_10\017\frame_0029.jpg;custom_dataset\processed\VID_10\017\frame_0032.jpg;custom_dataset\processed\VID_10\017\frame_0033.jpg;custom_dataset\processed\VID_10\017\frame_0034.jpg,
VID_10_017_C03,VID_10,VID_10.mp4,17,VID_10_017,3,8,custom_dataset\processed\VID_10\017\frame_0029.jpg;custom_dataset\processed\VID_10\017\frame_0032.jpg;custom_dataset\processed\VID_10\017\frame_0033.jpg;custom_dataset\processed\VID_10\017\frame_0034.jpg;custom_dataset\processed\VID_10\017\frame_0035.jpg;custom_dataset\processed\VID_10\017\frame_0039.jpg;custom_dataset\processed\VID_10\017\frame_0041.jpg;custom_dataset\processed\VID_10\017\frame_0043.jpg,
VID_10_018_C00,VID_10,VID_10.mp4,18,VID_10_018,0,8,custom_dataset\processed\VID_10\018\frame_0012.jpg;custom_dataset\processed\VID_10\018\frame_0015.jpg;custom_dataset\processed\VID_10\018\frame_0016.jpg;custom_dataset\processed\VID_10\018\frame_0017.jpg;custom_dataset\processed\VID_10\018\frame_0018.jpg;custom_dataset\processed\VID_10\018\frame_0019.jpg;custom_dataset\processed\VID_10\018\frame_0020.jpg;custom_dataset\processed\VID_10\018\frame_0021.jpg,
VID_10_018_C01,VID_10,VID_10.mp4,18,VID_10_018,1,8,custom_dataset\processed\VID_10\018\frame_0018.jpg;custom_dataset\processed\VID_10\018\frame_0019.jpg;custom_dataset\processed\VID_10\018\frame_0020.jpg;custom_dataset\processed\VID_10\018\frame_0021.jpg;custom_dataset\processed\VID_10\018\frame_0022.jpg;custom_dataset\processed\VID_10\018\frame_0023.jpg;custom_dataset\processed\VID_10\018\frame_0027.jpg;custom_dataset\processed\VID_10\018\frame_0028.jpg,
VID_10_020_C00,VID_10,VID_10.mp4,20,VID_10_020,0,8,custom_dataset\processed\VID_10\020\frame_0020.jpg;custom_dataset\processed\VID_10\020\frame_0023.jpg;custom_dataset\processed\VID_10\020\frame_0024.jpg;custom_dataset\processed\VID_10\020\frame_0025.jpg;custom_dataset\processed\VID_10\020\frame_0026.jpg;custom_dataset\processed\VID_10\020\frame_0027.jpg;custom_dataset\processed\VID_10\020\frame_0028.jpg;custom_dataset\processed\VID_10\020\frame_0029.jpg,
VID_10_021_C00,VID_10,VID_10.mp4,21,VID_10_021,0,8,custom_dataset\processed\VID_10\021\frame_0020.jpg;custom_dataset\processed\VID_10\021\frame_0023.jpg;custom_dataset\processed\VID_10\021\frame_0024.jpg;custom_dataset\processed\VID_10\021\frame_0025.jpg;custom_dataset\processed\VID_10\021\frame_0027.jpg;custom_dataset\processed\VID_10\021\frame_0028.jpg;custom_dataset\processed\VID_10\021\frame_0029.jpg;custom_dataset\processed\VID_10\021\frame_0030.jpg,
VID_10_021_C01,VID_10,VID_10.mp4,21,VID_10_021,1,8,custom_dataset\processed\VID_10\021\frame_0027.jpg;custom_dataset\processed\VID_10\021\frame_0028.jpg;custom_dataset\processed\VID_10\021\frame_0029.jpg;custom_dataset\processed\VID_10\021\frame_0030.jpg;custom_dataset\processed\VID_10\021\frame_0031.jpg;custom_dataset\processed\VID_10\021\frame_0032.jpg;custom_dataset\processed\VID_10\021\frame_0033.jpg;custom_dataset\processed\VID_10\021\frame_0034.jpg,
VID_10_021_C02,VID_10,VID_10.mp4,21,VID_10_021,2,8,custom_dataset\processed\VID_10\021\frame_0031.jpg;custom_dataset\processed\VID_10\021\frame_0032.jpg;custom_dataset\processed\VID_10\021\frame_0033.jpg;custom_dataset\processed\VID_10\021\frame_0034.jpg;custom_dataset\processed\VID_10\021\frame_0035.jpg;custom_dataset\processed\VID_10\021\frame_0036.jpg;custom_dataset\processed\VID_10\021\frame_0037.jpg;custom_dataset\processed\VID_10\021\frame_0038.jpg,
VID_10_021_C03,VID_10,VID_10.mp4,21,VID_10_021,3,8,custom_dataset\processed\VID_10\021\frame_0035.jpg;custom_dataset\processed\VID_10\021\frame_0036.jpg;custom_dataset\processed\VID_10\021\frame_0037.jpg;custom_dataset\processed\VID_10\021\frame_0038.jpg;custom_dataset\processed\VID_10\021\frame_0039.jpg;custom_dataset\processed\VID_10\021\frame_0040.jpg;custom_dataset\processed\VID_10\021\frame_0042.jpg;custom_dataset\processed\VID_10\021\frame_0043.jpg,
VID_11_001_C00,VID_11,VID_11.mp4,1,VID_11_001,0,8,custom_dataset\processed\VID_11\001\frame_0000.jpg;custom_dataset\processed\VID_11\001\frame_0000.jpg;custom_dataset\processed\VID_11\001\frame_0001.jpg;custom_dataset\processed\VID_11\001\frame_0002.jpg;custom_dataset\processed\VID_11\001\frame_0003.jpg;custom_dataset\processed\VID_11\001\frame_0004.jpg;custom_dataset\processed\VID_11\001\frame_0005.jpg;custom_dataset\processed\VID_11\001\frame_0006.jpg,
VID_11_001_C01,VID_11,VID_11.mp4,1,VID_11_001,1,8,custom_dataset\processed\VID_11\001\frame_0003.jpg;custom_dataset\processed\VID_11\001\frame_0004.jpg;custom_dataset\processed\VID_11\001\frame_0005.jpg;custom_dataset\processed\VID_11\001\frame_0006.jpg;custom_dataset\processed\VID_11\001\frame_0007.jpg;custom_dataset\processed\VID_11\001\frame_0008.jpg;custom_dataset\processed\VID_11\001\frame_0009.jpg;custom_dataset\processed\VID_11\001\frame_0010.jpg,
VID_11_001_C02,VID_11,VID_11.mp4,1,VID_11_001,2,8,custom_dataset\processed\VID_11\001\frame_0007.jpg;custom_dataset\processed\VID_11\001\frame_0008.jpg;custom_dataset\processed\VID_11\001\frame_0009.jpg;custom_dataset\processed\VID_11\001\frame_0010.jpg;custom_dataset\processed\VID_11\001\frame_0011.jpg;custom_dataset\processed\VID_11\001\frame_0012.jpg;custom_dataset\processed\VID_11\001\frame_0013.jpg;custom_dataset\processed\VID_11\001\frame_0014.jpg,
VID_11_001_C03,VID_11,VID_11.mp4,1,VID_11_001,3,8,custom_dataset\processed\VID_11\001\frame_0011.jpg;custom_dataset\processed\VID_11\001\frame_0012.jpg;custom_dataset\processed\VID_11\001\frame_0013.jpg;custom_dataset\processed\VID_11\001\frame_0014.jpg;custom_dataset\processed\VID_11\001\frame_0015.jpg;custom_dataset\processed\VID_11\001\frame_0016.jpg;custom_dataset\processed\VID_11\001\frame_0017.jpg;custom_dataset\processed\VID_11\001\frame_0018.jpg,
VID_11_001_C04,VID_11,VID_11.mp4,1,VID_11_001,4,8,custom_dataset\processed\VID_11\001\frame_0015.jpg;custom_dataset\processed\VID_11\001\frame_0016.jpg;custom_dataset\processed\VID_11\001\frame_0017.jpg;custom_dataset\processed\VID_11\001\frame_0018.jpg;custom_dataset\processed\VID_11\001\frame_0019.jpg;custom_dataset\processed\VID_11\001\frame_0020.jpg;custom_dataset\processed\VID_11\001\frame_0021.jpg;custom_dataset\processed\VID_11\001\frame_0022.jpg,
VID_11_001_C05,VID_11,VID_11.mp4,1,VID_11_001,5,8,custom_dataset\processed\VID_11\001\frame_0019.jpg;custom_dataset\processed\VID_11\001\frame_0020.jpg;custom_dataset\processed\VID_11\001\frame_0021.jpg;custom_dataset\processed\VID_11\001\frame_0022.jpg;custom_dataset\processed\VID_11\001\frame_0023.jpg;custom_dataset\processed\VID_11\001\frame_0024.jpg;custom_dataset\processed\VID_11\001\frame_0025.jpg;custom_dataset\processed\VID_11\001\frame_0026.jpg,
VID_11_001_C06,VID_11,VID_11.mp4,1,VID_11_001,6,8,custom_dataset\processed\VID_11\001\frame_0023.jpg;custom_dataset\processed\VID_11\001\frame_0024.jpg;custom_dataset\processed\VID_11\001\frame_0025.jpg;custom_dataset\processed\VID_11\001\frame_0026.jpg;custom_dataset\processed\VID_11\001\frame_0027.jpg;custom_dataset\processed\VID_11\001\frame_0028.jpg;custom_dataset\processed\VID_11\001\frame_0029.jpg;custom_dataset\processed\VID_11\001\frame_0030.jpg,
VID_11_001_C07,VID_11,VID_11.mp4,1,VID_11_001,7,8,custom_dataset\processed\VID_11\001\frame_0027.jpg;custom_dataset\processed\VID_11\001\frame_0028.jpg;custom_dataset\processed\VID_11\001\frame_0029.jpg;custom_dataset\processed\VID_11\001\frame_0030.jpg;custom_dataset\processed\VID_11\001\frame_0031.jpg;custom_dataset\processed\VID_11\001\frame_0032.jpg;custom_dataset\processed\VID_11\001\frame_0033.jpg;custom_dataset\processed\VID_11\001\frame_0034.jpg,
VID_11_001_C08,VID_11,VID_11.mp4,1,VID_11_001,8,8,custom_dataset\processed\VID_11\001\frame_0031.jpg;custom_dataset\processed\VID_11\001\frame_0032.jpg;custom_dataset\processed\VID_11\001\frame_0033.jpg;custom_dataset\processed\VID_11\001\frame_0034.jpg;custom_dataset\processed\VID_11\001\frame_0035.jpg;custom_dataset\processed\VID_11\001\frame_0036.jpg;custom_dataset\processed\VID_11\001\frame_0037.jpg;custom_dataset\processed\VID_11\001\frame_0038.jpg,
VID_11_002_C00,VID_11,VID_11.mp4,2,VID_11_002,0,8,custom_dataset\processed\VID_11\002\frame_0000.jpg;custom_dataset\processed\VID_11\002\frame_0001.jpg;custom_dataset\processed\VID_11\002\frame_0002.jpg;custom_dataset\processed\VID_11\002\frame_0003.jpg;custom_dataset\processed\VID_11\002\frame_0004.jpg;custom_dataset\processed\VID_11\002\frame_0005.jpg;custom_dataset\processed\VID_11\002\frame_0006.jpg;custom_dataset\processed\VID_11\002\frame_0007.jpg,
VID_11_002_C01,VID_11,VID_11.mp4,2,VID_11_002,1,8,custom_dataset\processed\VID_11\002\frame_0004.jpg;custom_dataset\processed\VID_11\002\frame_0005.jpg;custom_dataset\processed\VID_11\002\frame_0006.jpg;custom_dataset\processed\VID_11\002\frame_0007.jpg;custom_dataset\processed\VID_11\002\frame_0008.jpg;custom_dataset\processed\VID_11\002\frame_0009.jpg;custom_dataset\processed\VID_11\002\frame_0010.jpg;custom_dataset\processed\VID_11\002\frame_0011.jpg,
VID_11_002_C02,VID_11,VID_11.mp4,2,VID_11_002,2,8,custom_dataset\processed\VID_11\002\frame_0008.jpg;custom_dataset\processed\VID_11\002\frame_0009.jpg;custom_dataset\processed\VID_11\002\frame_0010.jpg;custom_dataset\processed\VID_11\002\frame_0011.jpg;custom_dataset\processed\VID_11\002\frame_0013.jpg;custom_dataset\processed\VID_11\002\frame_0014.jpg;custom_dataset\processed\VID_11\002\frame_0015.jpg;custom_dataset\processed\VID_11\002\frame_0016.jpg,
VID_11_002_C03,VID_11,VID_11.mp4,2,VID_11_002,3,8,custom_dataset\processed\VID_11\002\frame_0013.jpg;custom_dataset\processed\VID_11\002\frame_0014.jpg;custom_dataset\processed\VID_11\002\frame_0015.jpg;custom_dataset\processed\VID_11\002\frame_0016.jpg;custom_dataset\processed\VID_11\002\frame_0017.jpg;custom_dataset\processed\VID_11\002\frame_0021.jpg;custom_dataset\processed\VID_11\002\frame_0022.jpg;custom_dataset\processed\VID_11\002\frame_0023.jpg,
VID_11_002_C04,VID_11,VID_11.mp4,2,VID_11_002,4,8,custom_dataset\processed\VID_11\002\frame_0017.jpg;custom_dataset\processed\VID_11\002\frame_0021.jpg;custom_dataset\processed\VID_11\002\frame_0022.jpg;custom_dataset\processed\VID_11\002\frame_0023.jpg;custom_dataset\processed\VID_11\002\frame_0024.jpg;custom_dataset\processed\VID_11\002\frame_0027.jpg;custom_dataset\processed\VID_11\002\frame_0028.jpg;custom_dataset\processed\VID_11\002\frame_0029.jpg,
VID_11_002_C05,VID_11,VID_11.mp4,2,VID_11_002,5,8,custom_dataset\processed\VID_11\002\frame_0024.jpg;custom_dataset\processed\VID_11\002\frame_0027.jpg;custom_dataset\processed\VID_11\002\frame_0028.jpg;custom_dataset\processed\VID_11\002\frame_0029.jpg;custom_dataset\processed\VID_11\002\frame_0030.jpg;custom_dataset\processed\VID_11\002\frame_0031.jpg;custom_dataset\processed\VID_11\002\frame_0032.jpg;custom_dataset\processed\VID_11\002\frame_0033.jpg,
VID_11_002_C06,VID_11,VID_11.mp4,2,VID_11_002,6,8,custom_dataset\processed\VID_11\002\frame_0030.jpg;custom_dataset\processed\VID_11\002\frame_0031.jpg;custom_dataset\processed\VID_11\002\frame_0032.jpg;custom_dataset\processed\VID_11\002\frame_0033.jpg;custom_dataset\processed\VID_11\002\frame_0034.jpg;custom_dataset\processed\VID_11\002\frame_0035.jpg;custom_dataset\processed\VID_11\002\frame_0038.jpg;custom_dataset\processed\VID_11\002\frame_0039.jpg,
VID_11_003_C00,VID_11,VID_11.mp4,3,VID_11_003,0,8,custom_dataset\processed\VID_11\003\frame_0000.jpg;custom_dataset\processed\VID_11\003\frame_0001.jpg;custom_dataset\processed\VID_11\003\frame_0002.jpg;custom_dataset\processed\VID_11\003\frame_0003.jpg;custom_dataset\processed\VID_11\003\frame_0004.jpg;custom_dataset\processed\VID_11\003\frame_0005.jpg;custom_dataset\processed\VID_11\003\frame_0006.jpg;custom_dataset\processed\VID_11\003\frame_0007.jpg,
VID_11_003_C01,VID_11,VID_11.mp4,3,VID_11_003,1,8,custom_dataset\processed\VID_11\003\frame_0004.jpg;custom_dataset\processed\VID_11\003\frame_0005.jpg;custom_dataset\processed\VID_11\003\frame_0006.jpg;custom_dataset\processed\VID_11\003\frame_0007.jpg;custom_dataset\processed\VID_11\003\frame_0008.jpg;custom_dataset\processed\VID_11\003\frame_0009.jpg;custom_dataset\processed\VID_11\003\frame_0010.jpg;custom_dataset\processed\VID_11\003\frame_0011.jpg,
VID_11_003_C02,VID_11,VID_11.mp4,3,VID_11_003,2,8,custom_dataset\processed\VID_11\003\frame_0008.jpg;custom_dataset\processed\VID_11\003\frame_0009.jpg;custom_dataset\processed\VID_11\003\frame_0010.jpg;custom_dataset\processed\VID_11\003\frame_0011.jpg;custom_dataset\processed\VID_11\003\frame_0012.jpg;custom_dataset\processed\VID_11\003\frame_0013.jpg;custom_dataset\processed\VID_11\003\frame_0014.jpg;custom_dataset\processed\VID_11\003\frame_0015.jpg,
VID_11_003_C03,VID_11,VID_11.mp4,3,VID_11_003,3,8,custom_dataset\processed\VID_11\003\frame_0012.jpg;custom_dataset\processed\VID_11\003\frame_0013.jpg;custom_dataset\processed\VID_11\003\frame_0014.jpg;custom_dataset\processed\VID_11\003\frame_0015.jpg;custom_dataset\processed\VID_11\003\frame_0016.jpg;custom_dataset\processed\VID_11\003\frame_0017.jpg;custom_dataset\processed\VID_11\003\frame_0018.jpg;custom_dataset\processed\VID_11\003\frame_0019.jpg,
VID_11_003_C04,VID_11,VID_11.mp4,3,VID_11_003,4,8,custom_dataset\processed\VID_11\003\frame_0016.jpg;custom_dataset\processed\VID_11\003\frame_0017.jpg;custom_dataset\processed\VID_11\003\frame_0018.jpg;custom_dataset\processed\VID_11\003\frame_0019.jpg;custom_dataset\processed\VID_11\003\frame_0020.jpg;custom_dataset\processed\VID_11\003\frame_0021.jpg;custom_dataset\processed\VID_11\003\frame_0022.jpg;custom_dataset\processed\VID_11\003\frame_0023.jpg,
VID_11_003_C05,VID_11,VID_11.mp4,3,VID_11_003,5,8,custom_dataset\processed\VID_11\003\frame_0020.jpg;custom_dataset\processed\VID_11\003\frame_0021.jpg;custom_dataset\processed\VID_11\003\frame_0022.jpg;custom_dataset\processed\VID_11\003\frame_0023.jpg;custom_dataset\processed\VID_11\003\frame_0024.jpg;custom_dataset\processed\VID_11\003\frame_0025.jpg;custom_dataset\processed\VID_11\003\frame_0026.jpg;custom_dataset\processed\VID_11\003\frame_0027.jpg,
VID_11_003_C06,VID_11,VID_11.mp4,3,VID_11_003,6,8,custom_dataset\processed\VID_11\003\frame_0024.jpg;custom_dataset\processed\VID_11\003\frame_0025.jpg;custom_dataset\processed\VID_11\003\frame_0026.jpg;custom_dataset\processed\VID_11\003\frame_0027.jpg;custom_dataset\processed\VID_11\003\frame_0028.jpg;custom_dataset\processed\VID_11\003\frame_0029.jpg;custom_dataset\processed\VID_11\003\frame_0030.jpg;custom_dataset\processed\VID_11\003\frame_0031.jpg,
VID_11_003_C07,VID_11,VID_11.mp4,3,VID_11_003,7,8,custom_dataset\processed\VID_11\003\frame_0028.jpg;custom_dataset\processed\VID_11\003\frame_0029.jpg;custom_dataset\processed\VID_11\003\frame_0030.jpg;custom_dataset\processed\VID_11\003\frame_0031.jpg;custom_dataset\processed\VID_11\003\frame_0032.jpg;custom_dataset\processed\VID_11\003\frame_0033.jpg;custom_dataset\processed\VID_11\003\frame_0034.jpg;custom_dataset\processed\VID_11\003\frame_0035.jpg,
VID_11_003_C08,VID_11,VID_11.mp4,3,VID_11_003,8,8,custom_dataset\processed\VID_11\003\frame_0032.jpg;custom_dataset\processed\VID_11\003\frame_0033.jpg;custom_dataset\processed\VID_11\003\frame_0034.jpg;custom_dataset\processed\VID_11\003\frame_0035.jpg;custom_dataset\processed\VID_11\003\frame_0036.jpg;custom_dataset\processed\VID_11\003\frame_0037.jpg;custom_dataset\processed\VID_11\003\frame_0038.jpg;custom_dataset\processed\VID_11\003\frame_0039.jpg,
VID_11_004_C00,VID_11,VID_11.mp4,4,VID_11_004,0,8,custom_dataset\processed\VID_11\004\frame_0000.jpg;custom_dataset\processed\VID_11\004\frame_0001.jpg;custom_dataset\processed\VID_11\004\frame_0002.jpg;custom_dataset\processed\VID_11\004\frame_0003.jpg;custom_dataset\processed\VID_11\004\frame_0004.jpg;custom_dataset\processed\VID_11\004\frame_0005.jpg;custom_dataset\processed\VID_11\004\frame_0006.jpg;custom_dataset\processed\VID_11\004\frame_0007.jpg,
VID_11_004_C01,VID_11,VID_11.mp4,4,VID_11_004,1,8,custom_dataset\processed\VID_11\004\frame_0004.jpg;custom_dataset\processed\VID_11\004\frame_0005.jpg;custom_dataset\processed\VID_11\004\frame_0006.jpg;custom_dataset\processed\VID_11\004\frame_0007.jpg;custom_dataset\processed\VID_11\004\frame_0008.jpg;custom_dataset\processed\VID_11\004\frame_0009.jpg;custom_dataset\processed\VID_11\004\frame_0010.jpg;custom_dataset\processed\VID_11\004\frame_0011.jpg,
VID_11_004_C02,VID_11,VID_11.mp4,4,VID_11_004,2,8,custom_dataset\processed\VID_11\004\frame_0008.jpg;custom_dataset\processed\VID_11\004\frame_0009.jpg;custom_dataset\processed\VID_11\004\frame_0010.jpg;custom_dataset\processed\VID_11\004\frame_0011.jpg;custom_dataset\processed\VID_11\004\frame_0012.jpg;custom_dataset\processed\VID_11\004\frame_0013.jpg;custom_dataset\processed\VID_11\004\frame_0014.jpg;custom_dataset\processed\VID_11\004\frame_0015.jpg,
VID_11_004_C03,VID_11,VID_11.mp4,4,VID_11_004,3,8,custom_dataset\processed\VID_11\004\frame_0012.jpg;custom_dataset\processed\VID_11\004\frame_0013.jpg;custom_dataset\processed\VID_11\004\frame_0014.jpg;custom_dataset\processed\VID_11\004\frame_0015.jpg;custom_dataset\processed\VID_11\004\frame_0016.jpg;custom_dataset\processed\VID_11\004\frame_0017.jpg;custom_dataset\processed\VID_11\004\frame_0018.jpg;custom_dataset\processed\VID_11\004\frame_0019.jpg,
VID_11_004_C04,VID_11,VID_11.mp4,4,VID_11_004,4,8,custom_dataset\processed\VID_11\004\frame_0016.jpg;custom_dataset\processed\VID_11\004\frame_0017.jpg;custom_dataset\processed\VID_11\004\frame_0018.jpg;custom_dataset\processed\VID_11\004\frame_0019.jpg;custom_dataset\processed\VID_11\004\frame_0020.jpg;custom_dataset\processed\VID_11\004\frame_0021.jpg;custom_dataset\processed\VID_11\004\frame_0022.jpg;custom_dataset\processed\VID_11\004\frame_0023.jpg,
VID_11_004_C05,VID_11,VID_11.mp4,4,VID_11_004,5,8,custom_dataset\processed\VID_11\004\frame_0020.jpg;custom_dataset\processed\VID_11\004\frame_0021.jpg;custom_dataset\processed\VID_11\004\frame_0022.jpg;custom_dataset\processed\VID_11\004\frame_0023.jpg;custom_dataset\processed\VID_11\004\frame_0024.jpg;custom_dataset\processed\VID_11\004\frame_0025.jpg;custom_dataset\processed\VID_11\004\frame_0026.jpg;custom_dataset\processed\VID_11\004\frame_0027.jpg,
VID_11_004_C06,VID_11,VID_11.mp4,4,VID_11_004,6,8,custom_dataset\processed\VID_11\004\frame_0024.jpg;custom_dataset\processed\VID_11\004\frame_0025.jpg;custom_dataset\processed\VID_11\004\frame_0026.jpg;custom_dataset\processed\VID_11\004\frame_0027.jpg;custom_dataset\processed\VID_11\004\frame_0028.jpg;custom_dataset\processed\VID_11\004\frame_0029.jpg;custom_dataset\processed\VID_11\004\frame_0030.jpg;custom_dataset\processed\VID_11\004\frame_0031.jpg,
VID_11_004_C07,VID_11,VID_11.mp4,4,VID_11_004,7,8,custom_dataset\processed\VID_11\004\frame_0028.jpg;custom_dataset\processed\VID_11\004\frame_0029.jpg;custom_dataset\processed\VID_11\004\frame_0030.jpg;custom_dataset\processed\VID_11\004\frame_0031.jpg;custom_dataset\processed\VID_11\004\frame_0032.jpg;custom_dataset\processed\VID_11\004\frame_0033.jpg;custom_dataset\processed\VID_11\004\frame_0034.jpg;custom_dataset\processed\VID_11\004\frame_0035.jpg,
VID_11_004_C08,VID_11,VID_11.mp4,4,VID_11_004,8,8,custom_dataset\processed\VID_11\004\frame_0032.jpg;custom_dataset\processed\VID_11\004\frame_0033.jpg;custom_dataset\processed\VID_11\004\frame_0034.jpg;custom_dataset\processed\VID_11\004\frame_0035.jpg;custom_dataset\processed\VID_11\004\frame_0036.jpg;custom_dataset\processed\VID_11\004\frame_0037.jpg;custom_dataset\processed\VID_11\004\frame_0038.jpg;custom_dataset\processed\VID_11\004\frame_0039.jpg,
VID_11_005_C00,VID_11,VID_11.mp4,5,VID_11_005,0,8,custom_dataset\processed\VID_11\005\frame_0000.jpg;custom_dataset\processed\VID_11\005\frame_0001.jpg;custom_dataset\processed\VID_11\005\frame_0002.jpg;custom_dataset\processed\VID_11\005\frame_0003.jpg;custom_dataset\processed\VID_11\005\frame_0004.jpg;custom_dataset\processed\VID_11\005\frame_0005.jpg;custom_dataset\processed\VID_11\005\frame_0006.jpg;custom_dataset\processed\VID_11\005\frame_0007.jpg,
VID_11_005_C01,VID_11,VID_11.mp4,5,VID_11_005,1,8,custom_dataset\processed\VID_11\005\frame_0004.jpg;custom_dataset\processed\VID_11\005\frame_0005.jpg;custom_dataset\processed\VID_11\005\frame_0006.jpg;custom_dataset\processed\VID_11\005\frame_0007.jpg;custom_dataset\processed\VID_11\005\frame_0008.jpg;custom_dataset\processed\VID_11\005\frame_0009.jpg;custom_dataset\processed\VID_11\005\frame_0010.jpg;custom_dataset\processed\VID_11\005\frame_0011.jpg,
VID_11_005_C02,VID_11,VID_11.mp4,5,VID_11_005,2,8,custom_dataset\processed\VID_11\005\frame_0008.jpg;custom_dataset\processed\VID_11\005\frame_0009.jpg;custom_dataset\processed\VID_11\005\frame_0010.jpg;custom_dataset\processed\VID_11\005\frame_0011.jpg;custom_dataset\processed\VID_11\005\frame_0012.jpg;custom_dataset\processed\VID_11\005\frame_0013.jpg;custom_dataset\processed\VID_11\005\frame_0014.jpg;custom_dataset\processed\VID_11\005\frame_0015.jpg,
VID_11_005_C03,VID_11,VID_11.mp4,5,VID_11_005,3,8,custom_dataset\processed\VID_11\005\frame_0012.jpg;custom_dataset\processed\VID_11\005\frame_0013.jpg;custom_dataset\processed\VID_11\005\frame_0014.jpg;custom_dataset\processed\VID_11\005\frame_0015.jpg;custom_dataset\processed\VID_11\005\frame_0016.jpg;custom_dataset\processed\VID_11\005\frame_0018.jpg;custom_dataset\processed\VID_11\005\frame_0019.jpg;custom_dataset\processed\VID_11\005\frame_0020.jpg,
VID_11_005_C04,VID_11,VID_11.mp4,5,VID_11_005,4,8,custom_dataset\processed\VID_11\005\frame_0016.jpg;custom_dataset\processed\VID_11\005\frame_0018.jpg;custom_dataset\processed\VID_11\005\frame_0019.jpg;custom_dataset\processed\VID_11\005\frame_0020.jpg;custom_dataset\processed\VID_11\005\frame_0021.jpg;custom_dataset\processed\VID_11\005\frame_0023.jpg;custom_dataset\processed\VID_11\005\frame_0024.jpg;custom_dataset\processed\VID_11\005\frame_0025.jpg,
VID_11_005_C05,VID_11,VID_11.mp4,5,VID_11_005,5,8,custom_dataset\processed\VID_11\005\frame_0021.jpg;custom_dataset\processed\VID_11\005\frame_0023.jpg;custom_dataset\processed\VID_11\005\frame_0024.jpg;custom_dataset\processed\VID_11\005\frame_0025.jpg;custom_dataset\processed\VID_11\005\frame_0026.jpg;custom_dataset\processed\VID_11\005\frame_0027.jpg;custom_dataset\processed\VID_11\005\frame_0030.jpg;custom_dataset\processed\VID_11\005\frame_0034.jpg,
VID_11_005_C06,VID_11,VID_11.mp4,5,VID_11_005,6,8,custom_dataset\processed\VID_11\005\frame_0026.jpg;custom_dataset\processed\VID_11\005\frame_0027.jpg;custom_dataset\processed\VID_11\005\frame_0030.jpg;custom_dataset\processed\VID_11\005\frame_0034.jpg;custom_dataset\processed\VID_11\005\frame_0036.jpg;custom_dataset\processed\VID_11\005\frame_0037.jpg;custom_dataset\processed\VID_11\005\frame_0038.jpg;custom_dataset\processed\VID_11\005\frame_0039.jpg,
VID_11_007_C00,VID_11,VID_11.mp4,7,VID_11_007,0,8,custom_dataset\processed\VID_11\007\frame_0000.jpg;custom_dataset\processed\VID_11\007\frame_0001.jpg;custom_dataset\processed\VID_11\007\frame_0002.jpg;custom_dataset\processed\VID_11\007\frame_0003.jpg;custom_dataset\processed\VID_11\007\frame_0004.jpg;custom_dataset\processed\VID_11\007\frame_0005.jpg;custom_dataset\processed\VID_11\007\frame_0006.jpg;custom_dataset\processed\VID_11\007\frame_0007.jpg,
VID_11_007_C01,VID_11,VID_11.mp4,7,VID_11_007,1,8,custom_dataset\processed\VID_11\007\frame_0004.jpg;custom_dataset\processed\VID_11\007\frame_0005.jpg;custom_dataset\processed\VID_11\007\frame_0006.jpg;custom_dataset\processed\VID_11\007\frame_0007.jpg;custom_dataset\processed\VID_11\007\frame_0008.jpg;custom_dataset\processed\VID_11\007\frame_0009.jpg;custom_dataset\processed\VID_11\007\frame_0010.jpg;custom_dataset\processed\VID_11\007\frame_0011.jpg,
VID_11_007_C02,VID_11,VID_11.mp4,7,VID_11_007,2,8,custom_dataset\processed\VID_11\007\frame_0008.jpg;custom_dataset\processed\VID_11\007\frame_0009.jpg;custom_dataset\processed\VID_11\007\frame_0010.jpg;custom_dataset\processed\VID_11\007\frame_0011.jpg;custom_dataset\processed\VID_11\007\frame_0012.jpg;custom_dataset\processed\VID_11\007\frame_0013.jpg;custom_dataset\processed\VID_11\007\frame_0014.jpg;custom_dataset\processed\VID_11\007\frame_0015.jpg,
VID_11_007_C03,VID_11,VID_11.mp4,7,VID_11_007,3,8,custom_dataset\processed\VID_11\007\frame_0012.jpg;custom_dataset\processed\VID_11\007\frame_0013.jpg;custom_dataset\processed\VID_11\007\frame_0014.jpg;custom_dataset\processed\VID_11\007\frame_0015.jpg;custom_dataset\processed\VID_11\007\frame_0016.jpg;custom_dataset\processed\VID_11\007\frame_0017.jpg;custom_dataset\processed\VID_11\007\frame_0018.jpg;custom_dataset\processed\VID_11\007\frame_0019.jpg,
VID_11_007_C04,VID_11,VID_11.mp4,7,VID_11_007,4,8,custom_dataset\processed\VID_11\007\frame_0016.jpg;custom_dataset\processed\VID_11\007\frame_0017.jpg;custom_dataset\processed\VID_11\007\frame_0018.jpg;custom_dataset\processed\VID_11\007\frame_0019.jpg;custom_dataset\processed\VID_11\007\frame_0020.jpg;custom_dataset\processed\VID_11\007\frame_0021.jpg;custom_dataset\processed\VID_11\007\frame_0022.jpg;custom_dataset\processed\VID_11\007\frame_0023.jpg,
VID_11_007_C05,VID_11,VID_11.mp4,7,VID_11_007,5,8,custom_dataset\processed\VID_11\007\frame_0020.jpg;custom_dataset\processed\VID_11\007\frame_0021.jpg;custom_dataset\processed\VID_11\007\frame_0022.jpg;custom_dataset\processed\VID_11\007\frame_0023.jpg;custom_dataset\processed\VID_11\007\frame_0024.jpg;custom_dataset\processed\VID_11\007\frame_0025.jpg;custom_dataset\processed\VID_11\007\frame_0026.jpg;custom_dataset\processed\VID_11\007\frame_0027.jpg,
VID_11_007_C06,VID_11,VID_11.mp4,7,VID_11_007,6,8,custom_dataset\processed\VID_11\007\frame_0024.jpg;custom_dataset\processed\VID_11\007\frame_0025.jpg;custom_dataset\processed\VID_11\007\frame_0026.jpg;custom_dataset\processed\VID_11\007\frame_0027.jpg;custom_dataset\processed\VID_11\007\frame_0028.jpg;custom_dataset\processed\VID_11\007\frame_0029.jpg;custom_dataset\processed\VID_11\007\frame_0030.jpg;custom_dataset\processed\VID_11\007\frame_0031.jpg,
VID_11_007_C07,VID_11,VID_11.mp4,7,VID_11_007,7,8,custom_dataset\processed\VID_11\007\frame_0028.jpg;custom_dataset\processed\VID_11\007\frame_0029.jpg;custom_dataset\processed\VID_11\007\frame_0030.jpg;custom_dataset\processed\VID_11\007\frame_0031.jpg;custom_dataset\processed\VID_11\007\frame_0032.jpg;custom_dataset\processed\VID_11\007\frame_0033.jpg;custom_dataset\processed\VID_11\007\frame_0034.jpg;custom_dataset\processed\VID_11\007\frame_0035.jpg,
VID_11_007_C08,VID_11,VID_11.mp4,7,VID_11_007,8,8,custom_dataset\processed\VID_11\007\frame_0032.jpg;custom_dataset\processed\VID_11\007\frame_0033.jpg;custom_dataset\processed\VID_11\007\frame_0034.jpg;custom_dataset\processed\VID_11\007\frame_0035.jpg;custom_dataset\processed\VID_11\007\frame_0036.jpg;custom_dataset\processed\VID_11\007\frame_0037.jpg;custom_dataset\processed\VID_11\007\frame_0038.jpg;custom_dataset\processed\VID_11\007\frame_0039.jpg,
VID_11_008_C00,VID_11,VID_11.mp4,8,VID_11_008,0,8,custom_dataset\processed\VID_11\008\frame_0001.jpg;custom_dataset\processed\VID_11\008\frame_0002.jpg;custom_dataset\processed\VID_11\008\frame_0003.jpg;custom_dataset\processed\VID_11\008\frame_0004.jpg;custom_dataset\processed\VID_11\008\frame_0005.jpg;custom_dataset\processed\VID_11\008\frame_0006.jpg;custom_dataset\processed\VID_11\008\frame_0007.jpg;custom_dataset\processed\VID_11\008\frame_0008.jpg,
VID_11_008_C01,VID_11,VID_11.mp4,8,VID_11_008,1,8,custom_dataset\processed\VID_11\008\frame_0005.jpg;custom_dataset\processed\VID_11\008\frame_0006.jpg;custom_dataset\processed\VID_11\008\frame_0007.jpg;custom_dataset\processed\VID_11\008\frame_0008.jpg;custom_dataset\processed\VID_11\008\frame_0009.jpg;custom_dataset\processed\VID_11\008\frame_0010.jpg;custom_dataset\processed\VID_11\008\frame_0011.jpg;custom_dataset\processed\VID_11\008\frame_0012.jpg,
VID_11_008_C02,VID_11,VID_11.mp4,8,VID_11_008,2,8,custom_dataset\processed\VID_11\008\frame_0009.jpg;custom_dataset\processed\VID_11\008\frame_0010.jpg;custom_dataset\processed\VID_11\008\frame_0011.jpg;custom_dataset\processed\VID_11\008\frame_0012.jpg;custom_dataset\processed\VID_11\008\frame_0013.jpg;custom_dataset\processed\VID_11\008\frame_0014.jpg;custom_dataset\processed\VID_11\008\frame_0015.jpg;custom_dataset\processed\VID_11\008\frame_0016.jpg,
VID_11_008_C03,VID_11,VID_11.mp4,8,VID_11_008,3,8,custom_dataset\processed\VID_11\008\frame_0013.jpg;custom_dataset\processed\VID_11\008\frame_0014.jpg;custom_dataset\processed\VID_11\008\frame_0015.jpg;custom_dataset\processed\VID_11\008\frame_0016.jpg;custom_dataset\processed\VID_11\008\frame_0017.jpg;custom_dataset\processed\VID_11\008\frame_0018.jpg;custom_dataset\processed\VID_11\008\frame_0019.jpg;custom_dataset\processed\VID_11\008\frame_0020.jpg,
VID_11_008_C04,VID_11,VID_11.mp4,8,VID_11_008,4,8,custom_dataset\processed\VID_11\008\frame_0017.jpg;custom_dataset\processed\VID_11\008\frame_0018.jpg;custom_dataset\processed\VID_11\008\frame_0019.jpg;custom_dataset\processed\VID_11\008\frame_0020.jpg;custom_dataset\processed\VID_11\008\frame_0021.jpg;custom_dataset\processed\VID_11\008\frame_0022.jpg;custom_dataset\processed\VID_11\008\frame_0023.jpg;custom_dataset\processed\VID_11\008\frame_0024.jpg,
VID_11_008_C05,VID_11,VID_11.mp4,8,VID_11_008,5,8,custom_dataset\processed\VID_11\008\frame_0021.jpg;custom_dataset\processed\VID_11\008\frame_0022.jpg;custom_dataset\processed\VID_11\008\frame_0023.jpg;custom_dataset\processed\VID_11\008\frame_0024.jpg;custom_dataset\processed\VID_11\008\frame_0025.jpg;custom_dataset\processed\VID_11\008\frame_0026.jpg;custom_dataset\processed\VID_11\008\frame_0027.jpg;custom_dataset\processed\VID_11\008\frame_0028.jpg,
VID_11_008_C06,VID_11,VID_11.mp4,8,VID_11_008,6,8,custom_dataset\processed\VID_11\008\frame_0025.jpg;custom_dataset\processed\VID_11\008\frame_0026.jpg;custom_dataset\processed\VID_11\008\frame_0027.jpg;custom_dataset\processed\VID_11\008\frame_0028.jpg;custom_dataset\processed\VID_11\008\frame_0029.jpg;custom_dataset\processed\VID_11\008\frame_0030.jpg;custom_dataset\processed\VID_11\008\frame_0031.jpg;custom_dataset\processed\VID_11\008\frame_0032.jpg,
VID_11_008_C07,VID_11,VID_11.mp4,8,VID_11_008,7,8,custom_dataset\processed\VID_11\008\frame_0029.jpg;custom_dataset\processed\VID_11\008\frame_0030.jpg;custom_dataset\processed\VID_11\008\frame_0031.jpg;custom_dataset\processed\VID_11\008\frame_0032.jpg;custom_dataset\processed\VID_11\008\frame_0035.jpg;custom_dataset\processed\VID_11\008\frame_0036.jpg;custom_dataset\processed\VID_11\008\frame_0037.jpg;custom_dataset\processed\VID_11\008\frame_0038.jpg,
VID_12_001_C00,VID_12,VID_12.mp4,1,VID_12_001,0,8,custom_dataset\processed\VID_12\001\frame_0000.jpg;custom_dataset\processed\VID_12\001\frame_0001.jpg;custom_dataset\processed\VID_12\001\frame_0002.jpg;custom_dataset\processed\VID_12\001\frame_0003.jpg;custom_dataset\processed\VID_12\001\frame_0004.jpg;custom_dataset\processed\VID_12\001\frame_0005.jpg;custom_dataset\processed\VID_12\001\frame_0006.jpg;custom_dataset\processed\VID_12\001\frame_0007.jpg,
VID_12_001_C01,VID_12,VID_12.mp4,1,VID_12_001,1,8,custom_dataset\processed\VID_12\001\frame_0004.jpg;custom_dataset\processed\VID_12\001\frame_0005.jpg;custom_dataset\processed\VID_12\001\frame_0006.jpg;custom_dataset\processed\VID_12\001\frame_0007.jpg;custom_dataset\processed\VID_12\001\frame_0008.jpg;custom_dataset\processed\VID_12\001\frame_0009.jpg;custom_dataset\processed\VID_12\001\frame_0010.jpg;custom_dataset\processed\VID_12\001\frame_0011.jpg,
VID_12_001_C02,VID_12,VID_12.mp4,1,VID_12_001,2,8,custom_dataset\processed\VID_12\001\frame_0008.jpg;custom_dataset\processed\VID_12\001\frame_0009.jpg;custom_dataset\processed\VID_12\001\frame_0010.jpg;custom_dataset\processed\VID_12\001\frame_0011.jpg;custom_dataset\processed\VID_12\001\frame_0012.jpg;custom_dataset\processed\VID_12\001\frame_0013.jpg;custom_dataset\processed\VID_12\001\frame_0014.jpg;custom_dataset\processed\VID_12\001\frame_0015.jpg,
VID_12_001_C03,VID_12,VID_12.mp4,1,VID_12_001,3,8,custom_dataset\processed\VID_12\001\frame_0012.jpg;custom_dataset\processed\VID_12\001\frame_0013.jpg;custom_dataset\processed\VID_12\001\frame_0014.jpg;custom_dataset\processed\VID_12\001\frame_0015.jpg;custom_dataset\processed\VID_12\001\frame_0016.jpg;custom_dataset\processed\VID_12\001\frame_0017.jpg;custom_dataset\processed\VID_12\001\frame_0018.jpg;custom_dataset\processed\VID_12\001\frame_0019.jpg,
VID_12_001_C04,VID_12,VID_12.mp4,1,VID_12_001,4,8,custom_dataset\processed\VID_12\001\frame_0016.jpg;custom_dataset\processed\VID_12\001\frame_0017.jpg;custom_dataset\processed\VID_12\001\frame_0018.jpg;custom_dataset\processed\VID_12\001\frame_0019.jpg;custom_dataset\processed\VID_12\001\frame_0020.jpg;custom_dataset\processed\VID_12\001\frame_0021.jpg;custom_dataset\processed\VID_12\001\frame_0022.jpg;custom_dataset\processed\VID_12\001\frame_0023.jpg,
VID_12_001_C05,VID_12,VID_12.mp4,1,VID_12_001,5,8,custom_dataset\processed\VID_12\001\frame_0020.jpg;custom_dataset\processed\VID_12\001\frame_0021.jpg;custom_dataset\processed\VID_12\001\frame_0022.jpg;custom_dataset\processed\VID_12\001\frame_0023.jpg;custom_dataset\processed\VID_12\001\frame_0024.jpg;custom_dataset\processed\VID_12\001\frame_0025.jpg;custom_dataset\processed\VID_12\001\frame_0026.jpg;custom_dataset\processed\VID_12\001\frame_0027.jpg,
VID_12_001_C06,VID_12,VID_12.mp4,1,VID_12_001,6,8,custom_dataset\processed\VID_12\001\frame_0024.jpg;custom_dataset\processed\VID_12\001\frame_0025.jpg;custom_dataset\processed\VID_12\001\frame_0026.jpg;custom_dataset\processed\VID_12\001\frame_0027.jpg;custom_dataset\processed\VID_12\001\frame_0028.jpg;custom_dataset\processed\VID_12\001\frame_0029.jpg;custom_dataset\processed\VID_12\001\frame_0030.jpg;custom_dataset\processed\VID_12\001\frame_0031.jpg,
VID_12_001_C07,VID_12,VID_12.mp4,1,VID_12_001,7,8,custom_dataset\processed\VID_12\001\frame_0028.jpg;custom_dataset\processed\VID_12\001\frame_0029.jpg;custom_dataset\processed\VID_12\001\frame_0030.jpg;custom_dataset\processed\VID_12\001\frame_0031.jpg;custom_dataset\processed\VID_12\001\frame_0032.jpg;custom_dataset\processed\VID_12\001\frame_0033.jpg;custom_dataset\processed\VID_12\001\frame_0034.jpg;custom_dataset\processed\VID_12\001\frame_0035.jpg,
VID_12_001_C08,VID_12,VID_12.mp4,1,VID_12_001,8,8,custom_dataset\processed\VID_12\001\frame_0032.jpg;custom_dataset\processed\VID_12\001\frame_0033.jpg;custom_dataset\processed\VID_12\001\frame_0034.jpg;custom_dataset\processed\VID_12\001\frame_0035.jpg;custom_dataset\processed\VID_12\001\frame_0036.jpg;custom_dataset\processed\VID_12\001\frame_0037.jpg;custom_dataset\processed\VID_12\001\frame_0038.jpg;custom_dataset\processed\VID_12\001\frame_0039.jpg,
VID_12_002_C00,VID_12,VID_12.mp4,2,VID_12_002,0,8,custom_dataset\processed\VID_12\002\frame_0000.jpg;custom_dataset\processed\VID_12\002\frame_0001.jpg;custom_dataset\processed\VID_12\002\frame_0002.jpg;custom_dataset\processed\VID_12\002\frame_0003.jpg;custom_dataset\processed\VID_12\002\frame_0004.jpg;custom_dataset\processed\VID_12\002\frame_0005.jpg;custom_dataset\processed\VID_12\002\frame_0006.jpg;custom_dataset\processed\VID_12\002\frame_0007.jpg,
VID_12_002_C01,VID_12,VID_12.mp4,2,VID_12_002,1,8,custom_dataset\processed\VID_12\002\frame_0004.jpg;custom_dataset\processed\VID_12\002\frame_0005.jpg;custom_dataset\processed\VID_12\002\frame_0006.jpg;custom_dataset\processed\VID_12\002\frame_0007.jpg;custom_dataset\processed\VID_12\002\frame_0008.jpg;custom_dataset\processed\VID_12\002\frame_0009.jpg;custom_dataset\processed\VID_12\002\frame_0010.jpg;custom_dataset\processed\VID_12\002\frame_0011.jpg,
VID_12_002_C02,VID_12,VID_12.mp4,2,VID_12_002,2,8,custom_dataset\processed\VID_12\002\frame_0008.jpg;custom_dataset\processed\VID_12\002\frame_0009.jpg;custom_dataset\processed\VID_12\002\frame_0010.jpg;custom_dataset\processed\VID_12\002\frame_0011.jpg;custom_dataset\processed\VID_12\002\frame_0012.jpg;custom_dataset\processed\VID_12\002\frame_0013.jpg;custom_dataset\processed\VID_12\002\frame_0014.jpg;custom_dataset\processed\VID_12\002\frame_0015.jpg,
VID_12_002_C03,VID_12,VID_12.mp4,2,VID_12_002,3,8,custom_dataset\processed\VID_12\002\frame_0012.jpg;custom_dataset\processed\VID_12\002\frame_0013.jpg;custom_dataset\processed\VID_12\002\frame_0014.jpg;custom_dataset\processed\VID_12\002\frame_0015.jpg;custom_dataset\processed\VID_12\002\frame_0016.jpg;custom_dataset\processed\VID_12\002\frame_0017.jpg;custom_dataset\processed\VID_12\002\frame_0018.jpg;custom_dataset\processed\VID_12\002\frame_0019.jpg,
VID_12_002_C04,VID_12,VID_12.mp4,2,VID_12_002,4,8,custom_dataset\processed\VID_12\002\frame_0016.jpg;custom_dataset\processed\VID_12\002\frame_0017.jpg;custom_dataset\processed\VID_12\002\frame_0018.jpg;custom_dataset\processed\VID_12\002\frame_0019.jpg;custom_dataset\processed\VID_12\002\frame_0020.jpg;custom_dataset\processed\VID_12\002\frame_0021.jpg;custom_dataset\processed\VID_12\002\frame_0022.jpg;custom_dataset\processed\VID_12\002\frame_0023.jpg,
VID_12_002_C05,VID_12,VID_12.mp4,2,VID_12_002,5,8,custom_dataset\processed\VID_12\002\frame_0020.jpg;custom_dataset\processed\VID_12\002\frame_0021.jpg;custom_dataset\processed\VID_12\002\frame_0022.jpg;custom_dataset\processed\VID_12\002\frame_0023.jpg;custom_dataset\processed\VID_12\002\frame_0024.jpg;custom_dataset\processed\VID_12\002\frame_0025.jpg;custom_dataset\processed\VID_12\002\frame_0026.jpg;custom_dataset\processed\VID_12\002\frame_0027.jpg,
VID_12_002_C06,VID_12,VID_12.mp4,2,VID_12_002,6,8,custom_dataset\processed\VID_12\002\frame_0024.jpg;custom_dataset\processed\VID_12\002\frame_0025.jpg;custom_dataset\processed\VID_12\002\frame_0026.jpg;custom_dataset\processed\VID_12\002\frame_0027.jpg;custom_dataset\processed\VID_12\002\frame_0028.jpg;custom_dataset\processed\VID_12\002\frame_0029.jpg;custom_dataset\processed\VID_12\002\frame_0030.jpg;custom_dataset\processed\VID_12\002\frame_0031.jpg,
VID_12_002_C07,VID_12,VID_12.mp4,2,VID_12_002,7,8,custom_dataset\processed\VID_12\002\frame_0028.jpg;custom_dataset\processed\VID_12\002\frame_0029.jpg;custom_dataset\processed\VID_12\002\frame_0030.jpg;custom_dataset\processed\VID_12\002\frame_0031.jpg;custom_dataset\processed\VID_12\002\frame_0032.jpg;custom_dataset\processed\VID_12\002\frame_0033.jpg;custom_dataset\processed\VID_12\002\frame_0034.jpg;custom_dataset\processed\VID_12\002\frame_0035.jpg,
VID_12_002_C08,VID_12,VID_12.mp4,2,VID_12_002,8,8,custom_dataset\processed\VID_12\002\frame_0032.jpg;custom_dataset\processed\VID_12\002\frame_0033.jpg;custom_dataset\processed\VID_12\002\frame_0034.jpg;custom_dataset\processed\VID_12\002\frame_0035.jpg;custom_dataset\processed\VID_12\002\frame_0036.jpg;custom_dataset\processed\VID_12\002\frame_0037.jpg;custom_dataset\processed\VID_12\002\frame_0038.jpg;custom_dataset\processed\VID_12\002\frame_0039.jpg,
VID_12_003_C00,VID_12,VID_12.mp4,3,VID_12_003,0,8,custom_dataset\processed\VID_12\003\frame_0000.jpg;custom_dataset\processed\VID_12\003\frame_0001.jpg;custom_dataset\processed\VID_12\003\frame_0002.jpg;custom_dataset\processed\VID_12\003\frame_0003.jpg;custom_dataset\processed\VID_12\003\frame_0004.jpg;custom_dataset\processed\VID_12\003\frame_0005.jpg;custom_dataset\processed\VID_12\003\frame_0006.jpg;custom_dataset\processed\VID_12\003\frame_0007.jpg,
VID_12_003_C01,VID_12,VID_12.mp4,3,VID_12_003,1,8,custom_dataset\processed\VID_12\003\frame_0004.jpg;custom_dataset\processed\VID_12\003\frame_0005.jpg;custom_dataset\processed\VID_12\003\frame_0006.jpg;custom_dataset\processed\VID_12\003\frame_0007.jpg;custom_dataset\processed\VID_12\003\frame_0008.jpg;custom_dataset\processed\VID_12\003\frame_0009.jpg;custom_dataset\processed\VID_12\003\frame_0010.jpg;custom_dataset\processed\VID_12\003\frame_0011.jpg,
VID_12_003_C02,VID_12,VID_12.mp4,3,VID_12_003,2,8,custom_dataset\processed\VID_12\003\frame_0008.jpg;custom_dataset\processed\VID_12\003\frame_0009.jpg;custom_dataset\processed\VID_12\003\frame_0010.jpg;custom_dataset\processed\VID_12\003\frame_0011.jpg;custom_dataset\processed\VID_12\003\frame_0012.jpg;custom_dataset\processed\VID_12\003\frame_0013.jpg;custom_dataset\processed\VID_12\003\frame_0014.jpg;custom_dataset\processed\VID_12\003\frame_0015.jpg,
VID_12_003_C03,VID_12,VID_12.mp4,3,VID_12_003,3,8,custom_dataset\processed\VID_12\003\frame_0012.jpg;custom_dataset\processed\VID_12\003\frame_0013.jpg;custom_dataset\processed\VID_12\003\frame_0014.jpg;custom_dataset\processed\VID_12\003\frame_0015.jpg;custom_dataset\processed\VID_12\003\frame_0016.jpg;custom_dataset\processed\VID_12\003\frame_0017.jpg;custom_dataset\processed\VID_12\003\frame_0018.jpg;custom_dataset\processed\VID_12\003\frame_0019.jpg,
VID_12_003_C04,VID_12,VID_12.mp4,3,VID_12_003,4,8,custom_dataset\processed\VID_12\003\frame_0016.jpg;custom_dataset\processed\VID_12\003\frame_0017.jpg;custom_dataset\processed\VID_12\003\frame_0018.jpg;custom_dataset\processed\VID_12\003\frame_0019.jpg;custom_dataset\processed\VID_12\003\frame_0020.jpg;custom_dataset\processed\VID_12\003\frame_0021.jpg;custom_dataset\processed\VID_12\003\frame_0022.jpg;custom_dataset\processed\VID_12\003\frame_0023.jpg,
VID_12_003_C05,VID_12,VID_12.mp4,3,VID_12_003,5,8,custom_dataset\processed\VID_12\003\frame_0020.jpg;custom_dataset\processed\VID_12\003\frame_0021.jpg;custom_dataset\processed\VID_12\003\frame_0022.jpg;custom_dataset\processed\VID_12\003\frame_0023.jpg;custom_dataset\processed\VID_12\003\frame_0024.jpg;custom_dataset\processed\VID_12\003\frame_0025.jpg;custom_dataset\processed\VID_12\003\frame_0026.jpg;custom_dataset\processed\VID_12\003\frame_0027.jpg,
VID_12_003_C06,VID_12,VID_12.mp4,3,VID_12_003,6,8,custom_dataset\processed\VID_12\003\frame_0024.jpg;custom_dataset\processed\VID_12\003\frame_0025.jpg;custom_dataset\processed\VID_12\003\frame_0026.jpg;custom_dataset\processed\VID_12\003\frame_0027.jpg;custom_dataset\processed\VID_12\003\frame_0028.jpg;custom_dataset\processed\VID_12\003\frame_0029.jpg;custom_dataset\processed\VID_12\003\frame_0030.jpg;custom_dataset\processed\VID_12\003\frame_0031.jpg,
VID_12_003_C07,VID_12,VID_12.mp4,3,VID_12_003,7,8,custom_dataset\processed\VID_12\003\frame_0028.jpg;custom_dataset\processed\VID_12\003\frame_0029.jpg;custom_dataset\processed\VID_12\003\frame_0030.jpg;custom_dataset\processed\VID_12\003\frame_0031.jpg;custom_dataset\processed\VID_12\003\frame_0032.jpg;custom_dataset\processed\VID_12\003\frame_0033.jpg;custom_dataset\processed\VID_12\003\frame_0034.jpg;custom_dataset\processed\VID_12\003\frame_0035.jpg,
VID_12_003_C08,VID_12,VID_12.mp4,3,VID_12_003,8,8,custom_dataset\processed\VID_12\003\frame_0032.jpg;custom_dataset\processed\VID_12\003\frame_0033.jpg;custom_dataset\processed\VID_12\003\frame_0034.jpg;custom_dataset\processed\VID_12\003\frame_0035.jpg;custom_dataset\processed\VID_12\003\frame_0036.jpg;custom_dataset\processed\VID_12\003\frame_0037.jpg;custom_dataset\processed\VID_12\003\frame_0038.jpg;custom_dataset\processed\VID_12\003\frame_0039.jpg,
VID_12_006_C00,VID_12,VID_12.mp4,6,VID_12_006,0,8,custom_dataset\processed\VID_12\006\frame_0001.jpg;custom_dataset\processed\VID_12\006\frame_0002.jpg;custom_dataset\processed\VID_12\006\frame_0003.jpg;custom_dataset\processed\VID_12\006\frame_0007.jpg;custom_dataset\processed\VID_12\006\frame_0008.jpg;custom_dataset\processed\VID_12\006\frame_0009.jpg;custom_dataset\processed\VID_12\006\frame_0010.jpg;custom_dataset\processed\VID_12\006\frame_0011.jpg,
VID_12_006_C01,VID_12,VID_12.mp4,6,VID_12_006,1,8,custom_dataset\processed\VID_12\006\frame_0008.jpg;custom_dataset\processed\VID_12\006\frame_0009.jpg;custom_dataset\processed\VID_12\006\frame_0010.jpg;custom_dataset\processed\VID_12\006\frame_0011.jpg;custom_dataset\processed\VID_12\006\frame_0013.jpg;custom_dataset\processed\VID_12\006\frame_0014.jpg;custom_dataset\processed\VID_12\006\frame_0016.jpg;custom_dataset\processed\VID_12\006\frame_0017.jpg,
VID_12_006_C02,VID_12,VID_12.mp4,6,VID_12_006,2,8,custom_dataset\processed\VID_12\006\frame_0013.jpg;custom_dataset\processed\VID_12\006\frame_0014.jpg;custom_dataset\processed\VID_12\006\frame_0016.jpg;custom_dataset\processed\VID_12\006\frame_0017.jpg;custom_dataset\processed\VID_12\006\frame_0018.jpg;custom_dataset\processed\VID_12\006\frame_0019.jpg;custom_dataset\processed\VID_12\006\frame_0020.jpg;custom_dataset\processed\VID_12\006\frame_0021.jpg,
VID_12_006_C03,VID_12,VID_12.mp4,6,VID_12_006,3,8,custom_dataset\processed\VID_12\006\frame_0018.jpg;custom_dataset\processed\VID_12\006\frame_0019.jpg;custom_dataset\processed\VID_12\006\frame_0020.jpg;custom_dataset\processed\VID_12\006\frame_0021.jpg;custom_dataset\processed\VID_12\006\frame_0022.jpg;custom_dataset\processed\VID_12\006\frame_0023.jpg;custom_dataset\processed\VID_12\006\frame_0024.jpg;custom_dataset\processed\VID_12\006\frame_0025.jpg,
VID_12_006_C04,VID_12,VID_12.mp4,6,VID_12_006,4,8,custom_dataset\processed\VID_12\006\frame_0022.jpg;custom_dataset\processed\VID_12\006\frame_0023.jpg;custom_dataset\processed\VID_12\006\frame_0024.jpg;custom_dataset\processed\VID_12\006\frame_0025.jpg;custom_dataset\processed\VID_12\006\frame_0026.jpg;custom_dataset\processed\VID_12\006\frame_0027.jpg;custom_dataset\processed\VID_12\006\frame_0028.jpg;custom_dataset\processed\VID_12\006\frame_0029.jpg,
VID_12_006_C05,VID_12,VID_12.mp4,6,VID_12_006,5,8,custom_dataset\processed\VID_12\006\frame_0026.jpg;custom_dataset\processed\VID_12\006\frame_0027.jpg;custom_dataset\processed\VID_12\006\frame_0028.jpg;custom_dataset\processed\VID_12\006\frame_0029.jpg;custom_dataset\processed\VID_12\006\frame_0030.jpg;custom_dataset\processed\VID_12\006\frame_0031.jpg;custom_dataset\processed\VID_12\006\frame_0032.jpg;custom_dataset\processed\VID_12\006\frame_0033.jpg,
VID_12_006_C06,VID_12,VID_12.mp4,6,VID_12_006,6,8,custom_dataset\processed\VID_12\006\frame_0030.jpg;custom_dataset\processed\VID_12\006\frame_0031.jpg;custom_dataset\processed\VID_12\006\frame_0032.jpg;custom_dataset\processed\VID_12\006\frame_0033.jpg;custom_dataset\processed\VID_12\006\frame_0034.jpg;custom_dataset\processed\VID_12\006\frame_0035.jpg;custom_dataset\processed\VID_12\006\frame_0036.jpg;custom_dataset\processed\VID_12\006\frame_0037.jpg,
VID_12_006_C07,VID_12,VID_12.mp4,6,VID_12_006,7,8,custom_dataset\processed\VID_12\006\frame_0034.jpg;custom_dataset\processed\VID_12\006\frame_0035.jpg;custom_dataset\processed\VID_12\006\frame_0036.jpg;custom_dataset\processed\VID_12\006\frame_0037.jpg;custom_dataset\processed\VID_12\006\frame_0038.jpg;custom_dataset\processed\VID_12\006\frame_0039.jpg;custom_dataset\processed\VID_12\006\frame_0040.jpg;custom_dataset\processed\VID_12\006\frame_0041.jpg,
VID_12_009_C00,VID_12,VID_12.mp4,9,VID_12_009,0,8,custom_dataset\processed\VID_12\009\frame_0004.jpg;custom_dataset\processed\VID_12\009\frame_0005.jpg;custom_dataset\processed\VID_12\009\frame_0006.jpg;custom_dataset\processed\VID_12\009\frame_0007.jpg;custom_dataset\processed\VID_12\009\frame_0008.jpg;custom_dataset\processed\VID_12\009\frame_0010.jpg;custom_dataset\processed\VID_12\009\frame_0011.jpg;custom_dataset\processed\VID_12\009\frame_0012.jpg,
VID_12_009_C01,VID_12,VID_12.mp4,9,VID_12_009,1,8,custom_dataset\processed\VID_12\009\frame_0008.jpg;custom_dataset\processed\VID_12\009\frame_0010.jpg;custom_dataset\processed\VID_12\009\frame_0011.jpg;custom_dataset\processed\VID_12\009\frame_0012.jpg;custom_dataset\processed\VID_12\009\frame_0013.jpg;custom_dataset\processed\VID_12\009\frame_0014.jpg;custom_dataset\processed\VID_12\009\frame_0015.jpg;custom_dataset\processed\VID_12\009\frame_0016.jpg,
VID_12_009_C02,VID_12,VID_12.mp4,9,VID_12_009,2,8,custom_dataset\processed\VID_12\009\frame_0013.jpg;custom_dataset\processed\VID_12\009\frame_0014.jpg;custom_dataset\processed\VID_12\009\frame_0015.jpg;custom_dataset\processed\VID_12\009\frame_0016.jpg;custom_dataset\processed\VID_12\009\frame_0017.jpg;custom_dataset\processed\VID_12\009\frame_0018.jpg;custom_dataset\processed\VID_12\009\frame_0019.jpg;custom_dataset\processed\VID_12\009\frame_0020.jpg,
VID_12_009_C03,VID_12,VID_12.mp4,9,VID_12_009,3,8,custom_dataset\processed\VID_12\009\frame_0017.jpg;custom_dataset\processed\VID_12\009\frame_0018.jpg;custom_dataset\processed\VID_12\009\frame_0019.jpg;custom_dataset\processed\VID_12\009\frame_0020.jpg;custom_dataset\processed\VID_12\009\frame_0021.jpg;custom_dataset\processed\VID_12\009\frame_0022.jpg;custom_dataset\processed\VID_12\009\frame_0023.jpg;custom_dataset\processed\VID_12\009\frame_0024.jpg,
VID_12_009_C04,VID_12,VID_12.mp4,9,VID_12_009,4,8,custom_dataset\processed\VID_12\009\frame_0021.jpg;custom_dataset\processed\VID_12\009\frame_0022.jpg;custom_dataset\processed\VID_12\009\frame_0023.jpg;custom_dataset\processed\VID_12\009\frame_0024.jpg;custom_dataset\processed\VID_12\009\frame_0025.jpg;custom_dataset\processed\VID_12\009\frame_0026.jpg;custom_dataset\processed\VID_12\009\frame_0027.jpg;custom_dataset\processed\VID_12\009\frame_0029.jpg,
VID_12_010_C00,VID_12,VID_12.mp4,10,VID_12_010,0,8,custom_dataset\processed\VID_12\010\frame_0004.jpg;custom_dataset\processed\VID_12\010\frame_0006.jpg;custom_dataset\processed\VID_12\010\frame_0008.jpg;custom_dataset\processed\VID_12\010\frame_0010.jpg;custom_dataset\processed\VID_12\010\frame_0011.jpg;custom_dataset\processed\VID_12\010\frame_0013.jpg;custom_dataset\processed\VID_12\010\frame_0015.jpg;custom_dataset\processed\VID_12\010\frame_0016.jpg,
VID_12_011_C00,VID_12,VID_12.mp4,11,VID_12_011,0,8,custom_dataset\processed\VID_12\011\frame_0007.jpg;custom_dataset\processed\VID_12\011\frame_0008.jpg;custom_dataset\processed\VID_12\011\frame_0009.jpg;custom_dataset\processed\VID_12\011\frame_0010.jpg;custom_dataset\processed\VID_12\011\frame_0011.jpg;custom_dataset\processed\VID_12\011\frame_0012.jpg;custom_dataset\processed\VID_12\011\frame_0013.jpg;custom_dataset\processed\VID_12\011\frame_0014.jpg,
VID_12_011_C01,VID_12,VID_12.mp4,11,VID_12_011,1,8,custom_dataset\processed\VID_12\011\frame_0011.jpg;custom_dataset\processed\VID_12\011\frame_0012.jpg;custom_dataset\processed\VID_12\011\frame_0013.jpg;custom_dataset\processed\VID_12\011\frame_0014.jpg;custom_dataset\processed\VID_12\011\frame_0015.jpg;custom_dataset\processed\VID_12\011\frame_0016.jpg;custom_dataset\processed\VID_12\011\frame_0017.jpg;custom_dataset\processed\VID_12\011\frame_0018.jpg,
VID_12_011_C02,VID_12,VID_12.mp4,11,VID_12_011,2,8,custom_dataset\processed\VID_12\011\frame_0015.jpg;custom_dataset\processed\VID_12\011\frame_0016.jpg;custom_dataset\processed\VID_12\011\frame_0017.jpg;custom_dataset\processed\VID_12\011\frame_0018.jpg;custom_dataset\processed\VID_12\011\frame_0019.jpg;custom_dataset\processed\VID_12\011\frame_0020.jpg;custom_dataset\processed\VID_12\011\frame_0021.jpg;custom_dataset\processed\VID_12\011\frame_0022.jpg,
VID_12_011_C03,VID_12,VID_12.mp4,11,VID_12_011,3,8,custom_dataset\processed\VID_12\011\frame_0019.jpg;custom_dataset\processed\VID_12\011\frame_0020.jpg;custom_dataset\processed\VID_12\011\frame_0021.jpg;custom_dataset\processed\VID_12\011\frame_0022.jpg;custom_dataset\processed\VID_12\011\frame_0023.jpg;custom_dataset\processed\VID_12\011\frame_0024.jpg;custom_dataset\processed\VID_12\011\frame_0025.jpg;custom_dataset\processed\VID_12\011\frame_0026.jpg,
VID_12_011_C04,VID_12,VID_12.mp4,11,VID_12_011,4,8,custom_dataset\processed\VID_12\011\frame_0023.jpg;custom_dataset\processed\VID_12\011\frame_0024.jpg;custom_dataset\processed\VID_12\011\frame_0025.jpg;custom_dataset\processed\VID_12\011\frame_0026.jpg;custom_dataset\processed\VID_12\011\frame_0027.jpg;custom_dataset\processed\VID_12\011\frame_0028.jpg;custom_dataset\processed\VID_12\011\frame_0029.jpg;custom_dataset\processed\VID_12\011\frame_0030.jpg,
VID_12_011_C05,VID_12,VID_12.mp4,11,VID_12_011,5,8,custom_dataset\processed\VID_12\011\frame_0027.jpg;custom_dataset\processed\VID_12\011\frame_0028.jpg;custom_dataset\processed\VID_12\011\frame_0029.jpg;custom_dataset\processed\VID_12\011\frame_0030.jpg;custom_dataset\processed\VID_12\011\frame_0031.jpg;custom_dataset\processed\VID_12\011\frame_0032.jpg;custom_dataset\processed\VID_12\011\frame_0033.jpg;custom_dataset\processed\VID_12\011\frame_0034.jpg,
VID_12_012_C00,VID_12,VID_12.mp4,12,VID_12_012,0,8,custom_dataset\processed\VID_12\012\frame_0008.jpg;custom_dataset\processed\VID_12\012\frame_0010.jpg;custom_dataset\processed\VID_12\012\frame_0013.jpg;custom_dataset\processed\VID_12\012\frame_0015.jpg;custom_dataset\processed\VID_12\012\frame_0016.jpg;custom_dataset\processed\VID_12\012\frame_0020.jpg;custom_dataset\processed\VID_12\012\frame_0022.jpg;custom_dataset\processed\VID_12\012\frame_0025.jpg,
VID_12_012_C01,VID_12,VID_12.mp4,12,VID_12_012,1,8,custom_dataset\processed\VID_12\012\frame_0016.jpg;custom_dataset\processed\VID_12\012\frame_0020.jpg;custom_dataset\processed\VID_12\012\frame_0022.jpg;custom_dataset\processed\VID_12\012\frame_0025.jpg;custom_dataset\processed\VID_12\012\frame_0026.jpg;custom_dataset\processed\VID_12\012\frame_0027.jpg;custom_dataset\processed\VID_12\012\frame_0028.jpg;custom_dataset\processed\VID_12\012\frame_0031.jpg,
VID_12_012_C02,VID_12,VID_12.mp4,12,VID_12_012,2,8,custom_dataset\processed\VID_12\012\frame_0026.jpg;custom_dataset\processed\VID_12\012\frame_0027.jpg;custom_dataset\processed\VID_12\012\frame_0028.jpg;custom_dataset\processed\VID_12\012\frame_0031.jpg;custom_dataset\processed\VID_12\012\frame_0032.jpg;custom_dataset\processed\VID_12\012\frame_0035.jpg;custom_dataset\processed\VID_12\012\frame_0036.jpg;custom_dataset\processed\VID_12\012\frame_0039.jpg,
VID_12_017_C00,VID_12,VID_12.mp4,17,VID_12_017,0,8,custom_dataset\processed\VID_12\017\frame_0027.jpg;custom_dataset\processed\VID_12\017\frame_0028.jpg;custom_dataset\processed\VID_12\017\frame_0029.jpg;custom_dataset\processed\VID_12\017\frame_0030.jpg;custom_dataset\processed\VID_12\017\frame_0031.jpg;custom_dataset\processed\VID_12\017\frame_0032.jpg;custom_dataset\processed\VID_12\017\frame_0033.jpg;custom_dataset\processed\VID_12\017\frame_0034.jpg,
VID_12_017_C01,VID_12,VID_12.mp4,17,VID_12_017,1,8,custom_dataset\processed\VID_12\017\frame_0031.jpg;custom_dataset\processed\VID_12\017\frame_0032.jpg;custom_dataset\processed\VID_12\017\frame_0033.jpg;custom_dataset\processed\VID_12\017\frame_0034.jpg;custom_dataset\processed\VID_12\017\frame_0035.jpg;custom_dataset\processed\VID_12\017\frame_0036.jpg;custom_dataset\processed\VID_12\017\frame_0037.jpg;custom_dataset\processed\VID_12\017\frame_0038.jpg,
VID_12_017_C02,VID_12,VID_12.mp4,17,VID_12_017,2,8,custom_dataset\processed\VID_12\017\frame_0035.jpg;custom_dataset\processed\VID_12\017\frame_0036.jpg;custom_dataset\processed\VID_12\017\frame_0037.jpg;custom_dataset\processed\VID_12\017\frame_0038.jpg;custom_dataset\processed\VID_12\017\frame_0039.jpg;custom_dataset\processed\VID_12\017\frame_0040.jpg;custom_dataset\processed\VID_12\017\frame_0041.jpg;custom_dataset\processed\VID_12\017\frame_0042.jpg,
VID_12_018_C00,VID_12,VID_12.mp4,18,VID_12_018,0,8,custom_dataset\processed\VID_12\018\frame_0030.jpg;custom_dataset\processed\VID_12\018\frame_0032.jpg;custom_dataset\processed\VID_12\018\frame_0033.jpg;custom_dataset\processed\VID_12\018\frame_0034.jpg;custom_dataset\processed\VID_12\018\frame_0035.jpg;custom_dataset\processed\VID_12\018\frame_0036.jpg;custom_dataset\processed\VID_12\018\frame_0038.jpg;custom_dataset\processed\VID_12\018\frame_0039.jpg,
VID_13_001_C00,VID_13,VID_13.mp4,1,VID_13_001,0,8,custom_dataset\processed\VID_13\001\frame_0000.jpg;custom_dataset\processed\VID_13\001\frame_0001.jpg;custom_dataset\processed\VID_13\001\frame_0002.jpg;custom_dataset\processed\VID_13\001\frame_0003.jpg;custom_dataset\processed\VID_13\001\frame_0004.jpg;custom_dataset\processed\VID_13\001\frame_0006.jpg;custom_dataset\processed\VID_13\001\frame_0007.jpg;custom_dataset\processed\VID_13\001\frame_0008.jpg,
VID_13_001_C01,VID_13,VID_13.mp4,1,VID_13_001,1,8,custom_dataset\processed\VID_13\001\frame_0004.jpg;custom_dataset\processed\VID_13\001\frame_0006.jpg;custom_dataset\processed\VID_13\001\frame_0007.jpg;custom_dataset\processed\VID_13\001\frame_0008.jpg;custom_dataset\processed\VID_13\001\frame_0011.jpg;custom_dataset\processed\VID_13\001\frame_0012.jpg;custom_dataset\processed\VID_13\001\frame_0013.jpg;custom_dataset\processed\VID_13\001\frame_0014.jpg,
VID_13_001_C02,VID_13,VID_13.mp4,1,VID_13_001,2,8,custom_dataset\processed\VID_13\001\frame_0011.jpg;custom_dataset\processed\VID_13\001\frame_0012.jpg;custom_dataset\processed\VID_13\001\frame_0013.jpg;custom_dataset\processed\VID_13\001\frame_0014.jpg;custom_dataset\processed\VID_13\001\frame_0015.jpg;custom_dataset\processed\VID_13\001\frame_0016.jpg;custom_dataset\processed\VID_13\001\frame_0017.jpg;custom_dataset\processed\VID_13\001\frame_0018.jpg,
VID_13_001_C03,VID_13,VID_13.mp4,1,VID_13_001,3,8,custom_dataset\processed\VID_13\001\frame_0015.jpg;custom_dataset\processed\VID_13\001\frame_0016.jpg;custom_dataset\processed\VID_13\001\frame_0017.jpg;custom_dataset\processed\VID_13\001\frame_0018.jpg;custom_dataset\processed\VID_13\001\frame_0019.jpg;custom_dataset\processed\VID_13\001\frame_0020.jpg;custom_dataset\processed\VID_13\001\frame_0021.jpg;custom_dataset\processed\VID_13\001\frame_0022.jpg,
VID_13_001_C04,VID_13,VID_13.mp4,1,VID_13_001,4,8,custom_dataset\processed\VID_13\001\frame_0019.jpg;custom_dataset\processed\VID_13\001\frame_0020.jpg;custom_dataset\processed\VID_13\001\frame_0021.jpg;custom_dataset\processed\VID_13\001\frame_0022.jpg;custom_dataset\processed\VID_13\001\frame_0023.jpg;custom_dataset\processed\VID_13\001\frame_0024.jpg;custom_dataset\processed\VID_13\001\frame_0025.jpg;custom_dataset\processed\VID_13\001\frame_0026.jpg,
VID_13_002_C00,VID_13,VID_13.mp4,2,VID_13_002,0,8,custom_dataset\processed\VID_13\002\frame_0000.jpg;custom_dataset\processed\VID_13\002\frame_0001.jpg;custom_dataset\processed\VID_13\002\frame_0002.jpg;custom_dataset\processed\VID_13\002\frame_0003.jpg;custom_dataset\processed\VID_13\002\frame_0004.jpg;custom_dataset\processed\VID_13\002\frame_0005.jpg;custom_dataset\processed\VID_13\002\frame_0006.jpg;custom_dataset\processed\VID_13\002\frame_0007.jpg,
VID_13_002_C01,VID_13,VID_13.mp4,2,VID_13_002,1,8,custom_dataset\processed\VID_13\002\frame_0004.jpg;custom_dataset\processed\VID_13\002\frame_0005.jpg;custom_dataset\processed\VID_13\002\frame_0006.jpg;custom_dataset\processed\VID_13\002\frame_0007.jpg;custom_dataset\processed\VID_13\002\frame_0008.jpg;custom_dataset\processed\VID_13\002\frame_0009.jpg;custom_dataset\processed\VID_13\002\frame_0010.jpg;custom_dataset\processed\VID_13\002\frame_0011.jpg,
VID_13_002_C02,VID_13,VID_13.mp4,2,VID_13_002,2,8,custom_dataset\processed\VID_13\002\frame_0008.jpg;custom_dataset\processed\VID_13\002\frame_0009.jpg;custom_dataset\processed\VID_13\002\frame_0010.jpg;custom_dataset\processed\VID_13\002\frame_0011.jpg;custom_dataset\processed\VID_13\002\frame_0012.jpg;custom_dataset\processed\VID_13\002\frame_0013.jpg;custom_dataset\processed\VID_13\002\frame_0014.jpg;custom_dataset\processed\VID_13\002\frame_0016.jpg,
VID_13_003_C00,VID_13,VID_13.mp4,3,VID_13_003,0,8,custom_dataset\processed\VID_13\003\frame_0000.jpg;custom_dataset\processed\VID_13\003\frame_0002.jpg;custom_dataset\processed\VID_13\003\frame_0003.jpg;custom_dataset\processed\VID_13\003\frame_0004.jpg;custom_dataset\processed\VID_13\003\frame_0005.jpg;custom_dataset\processed\VID_13\003\frame_0006.jpg;custom_dataset\processed\VID_13\003\frame_0007.jpg;custom_dataset\processed\VID_13\003\frame_0008.jpg,
VID_13_003_C01,VID_13,VID_13.mp4,3,VID_13_003,1,8,custom_dataset\processed\VID_13\003\frame_0005.jpg;custom_dataset\processed\VID_13\003\frame_0006.jpg;custom_dataset\processed\VID_13\003\frame_0007.jpg;custom_dataset\processed\VID_13\003\frame_0008.jpg;custom_dataset\processed\VID_13\003\frame_0009.jpg;custom_dataset\processed\VID_13\003\frame_0010.jpg;custom_dataset\processed\VID_13\003\frame_0011.jpg;custom_dataset\processed\VID_13\003\frame_0012.jpg,
VID_13_003_C02,VID_13,VID_13.mp4,3,VID_13_003,2,8,custom_dataset\processed\VID_13\003\frame_0009.jpg;custom_dataset\processed\VID_13\003\frame_0010.jpg;custom_dataset\processed\VID_13\003\frame_0011.jpg;custom_dataset\processed\VID_13\003\frame_0012.jpg;custom_dataset\processed\VID_13\003\frame_0013.jpg;custom_dataset\processed\VID_13\003\frame_0014.jpg;custom_dataset\processed\VID_13\003\frame_0015.jpg;custom_dataset\processed\VID_13\003\frame_0016.jpg,
VID_13_003_C03,VID_13,VID_13.mp4,3,VID_13_003,3,8,custom_dataset\processed\VID_13\003\frame_0013.jpg;custom_dataset\processed\VID_13\003\frame_0014.jpg;custom_dataset\processed\VID_13\003\frame_0015.jpg;custom_dataset\processed\VID_13\003\frame_0016.jpg;custom_dataset\processed\VID_13\003\frame_0017.jpg;custom_dataset\processed\VID_13\003\frame_0018.jpg;custom_dataset\processed\VID_13\003\frame_0019.jpg;custom_dataset\processed\VID_13\003\frame_0020.jpg,
VID_13_003_C04,VID_13,VID_13.mp4,3,VID_13_003,4,8,custom_dataset\processed\VID_13\003\frame_0017.jpg;custom_dataset\processed\VID_13\003\frame_0018.jpg;custom_dataset\processed\VID_13\003\frame_0019.jpg;custom_dataset\processed\VID_13\003\frame_0020.jpg;custom_dataset\processed\VID_13\003\frame_0021.jpg;custom_dataset\processed\VID_13\003\frame_0022.jpg;custom_dataset\processed\VID_13\003\frame_0023.jpg;custom_dataset\processed\VID_13\003\frame_0024.jpg,
VID_13_003_C05,VID_13,VID_13.mp4,3,VID_13_003,5,8,custom_dataset\processed\VID_13\003\frame_0021.jpg;custom_dataset\processed\VID_13\003\frame_0022.jpg;custom_dataset\processed\VID_13\003\frame_0023.jpg;custom_dataset\processed\VID_13\003\frame_0024.jpg;custom_dataset\processed\VID_13\003\frame_0025.jpg;custom_dataset\processed\VID_13\003\frame_0026.jpg;custom_dataset\processed\VID_13\003\frame_0027.jpg;custom_dataset\processed\VID_13\003\frame_0028.jpg,
VID_13_003_C06,VID_13,VID_13.mp4,3,VID_13_003,6,8,custom_dataset\processed\VID_13\003\frame_0025.jpg;custom_dataset\processed\VID_13\003\frame_0026.jpg;custom_dataset\processed\VID_13\003\frame_0027.jpg;custom_dataset\processed\VID_13\003\frame_0028.jpg;custom_dataset\processed\VID_13\003\frame_0029.jpg;custom_dataset\processed\VID_13\003\frame_0030.jpg;custom_dataset\processed\VID_13\003\frame_0031.jpg;custom_dataset\processed\VID_13\003\frame_0032.jpg,
VID_13_003_C07,VID_13,VID_13.mp4,3,VID_13_003,7,8,custom_dataset\processed\VID_13\003\frame_0029.jpg;custom_dataset\processed\VID_13\003\frame_0030.jpg;custom_dataset\processed\VID_13\003\frame_0031.jpg;custom_dataset\processed\VID_13\003\frame_0032.jpg;custom_dataset\processed\VID_13\003\frame_0033.jpg;custom_dataset\processed\VID_13\003\frame_0034.jpg;custom_dataset\processed\VID_13\003\frame_0035.jpg;custom_dataset\processed\VID_13\003\frame_0036.jpg,
VID_13_003_C08,VID_13,VID_13.mp4,3,VID_13_003,8,8,custom_dataset\processed\VID_13\003\frame_0033.jpg;custom_dataset\processed\VID_13\003\frame_0034.jpg;custom_dataset\processed\VID_13\003\frame_0035.jpg;custom_dataset\processed\VID_13\003\frame_0036.jpg;custom_dataset\processed\VID_13\003\frame_0037.jpg;custom_dataset\processed\VID_13\003\frame_0038.jpg;custom_dataset\processed\VID_13\003\frame_0039.jpg;custom_dataset\processed\VID_13\003\frame_0040.jpg,
VID_13_004_C00,VID_13,VID_13.mp4,4,VID_13_004,0,8,custom_dataset\processed\VID_13\004\frame_0000.jpg;custom_dataset\processed\VID_13\004\frame_0001.jpg;custom_dataset\processed\VID_13\004\frame_0002.jpg;custom_dataset\processed\VID_13\004\frame_0004.jpg;custom_dataset\processed\VID_13\004\frame_0005.jpg;custom_dataset\processed\VID_13\004\frame_0006.jpg;custom_dataset\processed\VID_13\004\frame_0007.jpg;custom_dataset\processed\VID_13\004\frame_0008.jpg,
VID_13_004_C01,VID_13,VID_13.mp4,4,VID_13_004,1,8,custom_dataset\processed\VID_13\004\frame_0005.jpg;custom_dataset\processed\VID_13\004\frame_0006.jpg;custom_dataset\processed\VID_13\004\frame_0007.jpg;custom_dataset\processed\VID_13\004\frame_0008.jpg;custom_dataset\processed\VID_13\004\frame_0009.jpg;custom_dataset\processed\VID_13\004\frame_0010.jpg;custom_dataset\processed\VID_13\004\frame_0011.jpg;custom_dataset\processed\VID_13\004\frame_0012.jpg,
VID_13_004_C02,VID_13,VID_13.mp4,4,VID_13_004,2,8,custom_dataset\processed\VID_13\004\frame_0009.jpg;custom_dataset\processed\VID_13\004\frame_0010.jpg;custom_dataset\processed\VID_13\004\frame_0011.jpg;custom_dataset\processed\VID_13\004\frame_0012.jpg;custom_dataset\processed\VID_13\004\frame_0013.jpg;custom_dataset\processed\VID_13\004\frame_0014.jpg;custom_dataset\processed\VID_13\004\frame_0015.jpg;custom_dataset\processed\VID_13\004\frame_0016.jpg,
VID_13_004_C03,VID_13,VID_13.mp4,4,VID_13_004,3,8,custom_dataset\processed\VID_13\004\frame_0013.jpg;custom_dataset\processed\VID_13\004\frame_0014.jpg;custom_dataset\processed\VID_13\004\frame_0015.jpg;custom_dataset\processed\VID_13\004\frame_0016.jpg;custom_dataset\processed\VID_13\004\frame_0017.jpg;custom_dataset\processed\VID_13\004\frame_0018.jpg;custom_dataset\processed\VID_13\004\frame_0019.jpg;custom_dataset\processed\VID_13\004\frame_0022.jpg,
VID_13_004_C04,VID_13,VID_13.mp4,4,VID_13_004,4,8,custom_dataset\processed\VID_13\004\frame_0017.jpg;custom_dataset\processed\VID_13\004\frame_0018.jpg;custom_dataset\processed\VID_13\004\frame_0019.jpg;custom_dataset\processed\VID_13\004\frame_0022.jpg;custom_dataset\processed\VID_13\004\frame_0024.jpg;custom_dataset\processed\VID_13\004\frame_0025.jpg;custom_dataset\processed\VID_13\004\frame_0026.jpg;custom_dataset\processed\VID_13\004\frame_0027.jpg,
VID_13_004_C05,VID_13,VID_13.mp4,4,VID_13_004,5,8,custom_dataset\processed\VID_13\004\frame_0024.jpg;custom_dataset\processed\VID_13\004\frame_0025.jpg;custom_dataset\processed\VID_13\004\frame_0026.jpg;custom_dataset\processed\VID_13\004\frame_0027.jpg;custom_dataset\processed\VID_13\004\frame_0028.jpg;custom_dataset\processed\VID_13\004\frame_0029.jpg;custom_dataset\processed\VID_13\004\frame_0030.jpg;custom_dataset\processed\VID_13\004\frame_0031.jpg,
VID_13_004_C06,VID_13,VID_13.mp4,4,VID_13_004,6,8,custom_dataset\processed\VID_13\004\frame_0028.jpg;custom_dataset\processed\VID_13\004\frame_0029.jpg;custom_dataset\processed\VID_13\004\frame_0030.jpg;custom_dataset\processed\VID_13\004\frame_0031.jpg;custom_dataset\processed\VID_13\004\frame_0032.jpg;custom_dataset\processed\VID_13\004\frame_0033.jpg;custom_dataset\processed\VID_13\004\frame_0034.jpg;custom_dataset\processed\VID_13\004\frame_0035.jpg,
VID_13_004_C07,VID_13,VID_13.mp4,4,VID_13_004,7,8,custom_dataset\processed\VID_13\004\frame_0032.jpg;custom_dataset\processed\VID_13\004\frame_0033.jpg;custom_dataset\processed\VID_13\004\frame_0034.jpg;custom_dataset\processed\VID_13\004\frame_0035.jpg;custom_dataset\processed\VID_13\004\frame_0036.jpg;custom_dataset\processed\VID_13\004\frame_0037.jpg;custom_dataset\processed\VID_13\004\frame_0038.jpg;custom_dataset\processed\VID_13\004\frame_0039.jpg,
VID_13_005_C00,VID_13,VID_13.mp4,5,VID_13_005,0,8,custom_dataset\processed\VID_13\005\frame_0000.jpg;custom_dataset\processed\VID_13\005\frame_0000.jpg;custom_dataset\processed\VID_13\005\frame_0001.jpg;custom_dataset\processed\VID_13\005\frame_0002.jpg;custom_dataset\processed\VID_13\005\frame_0003.jpg;custom_dataset\processed\VID_13\005\frame_0004.jpg;custom_dataset\processed\VID_13\005\frame_0005.jpg;custom_dataset\processed\VID_13\005\frame_0006.jpg,
VID_13_005_C01,VID_13,VID_13.mp4,5,VID_13_005,1,8,custom_dataset\processed\VID_13\005\frame_0003.jpg;custom_dataset\processed\VID_13\005\frame_0004.jpg;custom_dataset\processed\VID_13\005\frame_0005.jpg;custom_dataset\processed\VID_13\005\frame_0006.jpg;custom_dataset\processed\VID_13\005\frame_0007.jpg;custom_dataset\processed\VID_13\005\frame_0008.jpg;custom_dataset\processed\VID_13\005\frame_0009.jpg;custom_dataset\processed\VID_13\005\frame_0010.jpg,
VID_13_005_C02,VID_13,VID_13.mp4,5,VID_13_005,2,8,custom_dataset\processed\VID_13\005\frame_0007.jpg;custom_dataset\processed\VID_13\005\frame_0008.jpg;custom_dataset\processed\VID_13\005\frame_0009.jpg;custom_dataset\processed\VID_13\005\frame_0010.jpg;custom_dataset\processed\VID_13\005\frame_0011.jpg;custom_dataset\processed\VID_13\005\frame_0013.jpg;custom_dataset\processed\VID_13\005\frame_0014.jpg;custom_dataset\processed\VID_13\005\frame_0016.jpg,
VID_13_005_C03,VID_13,VID_13.mp4,5,VID_13_005,3,8,custom_dataset\processed\VID_13\005\frame_0011.jpg;custom_dataset\processed\VID_13\005\frame_0013.jpg;custom_dataset\processed\VID_13\005\frame_0014.jpg;custom_dataset\processed\VID_13\005\frame_0016.jpg;custom_dataset\processed\VID_13\005\frame_0017.jpg;custom_dataset\processed\VID_13\005\frame_0019.jpg;custom_dataset\processed\VID_13\005\frame_0020.jpg;custom_dataset\processed\VID_13\005\frame_0021.jpg,
VID_13_005_C04,VID_13,VID_13.mp4,5,VID_13_005,4,8,custom_dataset\processed\VID_13\005\frame_0017.jpg;custom_dataset\processed\VID_13\005\frame_0019.jpg;custom_dataset\processed\VID_13\005\frame_0020.jpg;custom_dataset\processed\VID_13\005\frame_0021.jpg;custom_dataset\processed\VID_13\005\frame_0022.jpg;custom_dataset\processed\VID_13\005\frame_0023.jpg;custom_dataset\processed\VID_13\005\frame_0024.jpg;custom_dataset\processed\VID_13\005\frame_0025.jpg,
VID_13_005_C05,VID_13,VID_13.mp4,5,VID_13_005,5,8,custom_dataset\processed\VID_13\005\frame_0022.jpg;custom_dataset\processed\VID_13\005\frame_0023.jpg;custom_dataset\processed\VID_13\005\frame_0024.jpg;custom_dataset\processed\VID_13\005\frame_0025.jpg;custom_dataset\processed\VID_13\005\frame_0026.jpg;custom_dataset\processed\VID_13\005\frame_0028.jpg;custom_dataset\processed\VID_13\005\frame_0029.jpg;custom_dataset\processed\VID_13\005\frame_0030.jpg,
VID_13_005_C06,VID_13,VID_13.mp4,5,VID_13_005,6,8,custom_dataset\processed\VID_13\005\frame_0026.jpg;custom_dataset\processed\VID_13\005\frame_0028.jpg;custom_dataset\processed\VID_13\005\frame_0029.jpg;custom_dataset\processed\VID_13\005\frame_0030.jpg;custom_dataset\processed\VID_13\005\frame_0031.jpg;custom_dataset\processed\VID_13\005\frame_0032.jpg;custom_dataset\processed\VID_13\005\frame_0033.jpg;custom_dataset\processed\VID_13\005\frame_0034.jpg,
VID_13_006_C00,VID_13,VID_13.mp4,6,VID_13_006,0,8,custom_dataset\processed\VID_13\006\frame_0000.jpg;custom_dataset\processed\VID_13\006\frame_0001.jpg;custom_dataset\processed\VID_13\006\frame_0002.jpg;custom_dataset\processed\VID_13\006\frame_0003.jpg;custom_dataset\processed\VID_13\006\frame_0004.jpg;custom_dataset\processed\VID_13\006\frame_0006.jpg;custom_dataset\processed\VID_13\006\frame_0007.jpg;custom_dataset\processed\VID_13\006\frame_0009.jpg,
VID_13_006_C01,VID_13,VID_13.mp4,6,VID_13_006,1,8,custom_dataset\processed\VID_13\006\frame_0004.jpg;custom_dataset\processed\VID_13\006\frame_0006.jpg;custom_dataset\processed\VID_13\006\frame_0007.jpg;custom_dataset\processed\VID_13\006\frame_0009.jpg;custom_dataset\processed\VID_13\006\frame_0010.jpg;custom_dataset\processed\VID_13\006\frame_0011.jpg;custom_dataset\processed\VID_13\006\frame_0012.jpg;custom_dataset\processed\VID_13\006\frame_0015.jpg,
VID_13_006_C02,VID_13,VID_13.mp4,6,VID_13_006,2,8,custom_dataset\processed\VID_13\006\frame_0010.jpg;custom_dataset\processed\VID_13\006\frame_0011.jpg;custom_dataset\processed\VID_13\006\frame_0012.jpg;custom_dataset\processed\VID_13\006\frame_0015.jpg;custom_dataset\processed\VID_13\006\frame_0017.jpg;custom_dataset\processed\VID_13\006\frame_0020.jpg;custom_dataset\processed\VID_13\006\frame_0021.jpg;custom_dataset\processed\VID_13\006\frame_0022.jpg,
VID_13_006_C03,VID_13,VID_13.mp4,6,VID_13_006,3,8,custom_dataset\processed\VID_13\006\frame_0017.jpg;custom_dataset\processed\VID_13\006\frame_0020.jpg;custom_dataset\processed\VID_13\006\frame_0021.jpg;custom_dataset\processed\VID_13\006\frame_0022.jpg;custom_dataset\processed\VID_13\006\frame_0023.jpg;custom_dataset\processed\VID_13\006\frame_0024.jpg;custom_dataset\processed\VID_13\006\frame_0025.jpg;custom_dataset\processed\VID_13\006\frame_0026.jpg,
VID_13_006_C04,VID_13,VID_13.mp4,6,VID_13_006,4,8,custom_dataset\processed\VID_13\006\frame_0023.jpg;custom_dataset\processed\VID_13\006\frame_0024.jpg;custom_dataset\processed\VID_13\006\frame_0025.jpg;custom_dataset\processed\VID_13\006\frame_0026.jpg;custom_dataset\processed\VID_13\006\frame_0027.jpg;custom_dataset\processed\VID_13\006\frame_0028.jpg;custom_dataset\processed\VID_13\006\frame_0029.jpg;custom_dataset\processed\VID_13\006\frame_0030.jpg,
VID_13_006_C05,VID_13,VID_13.mp4,6,VID_13_006,5,8,custom_dataset\processed\VID_13\006\frame_0027.jpg;custom_dataset\processed\VID_13\006\frame_0028.jpg;custom_dataset\processed\VID_13\006\frame_0029.jpg;custom_dataset\processed\VID_13\006\frame_0030.jpg;custom_dataset\processed\VID_13\006\frame_0031.jpg;custom_dataset\processed\VID_13\006\frame_0032.jpg;custom_dataset\processed\VID_13\006\frame_0033.jpg;custom_dataset\processed\VID_13\006\frame_0035.jpg,
VID_13_006_C06,VID_13,VID_13.mp4,6,VID_13_006,6,8,custom_dataset\processed\VID_13\006\frame_0031.jpg;custom_dataset\processed\VID_13\006\frame_0032.jpg;custom_dataset\processed\VID_13\006\frame_0033.jpg;custom_dataset\processed\VID_13\006\frame_0035.jpg;custom_dataset\processed\VID_13\006\frame_0036.jpg;custom_dataset\processed\VID_13\006\frame_0037.jpg;custom_dataset\processed\VID_13\006\frame_0038.jpg;custom_dataset\processed\VID_13\006\frame_0039.jpg,
VID_13_007_C00,VID_13,VID_13.mp4,7,VID_13_007,0,8,custom_dataset\processed\VID_13\007\frame_0001.jpg;custom_dataset\processed\VID_13\007\frame_0002.jpg;custom_dataset\processed\VID_13\007\frame_0003.jpg;custom_dataset\processed\VID_13\007\frame_0004.jpg;custom_dataset\processed\VID_13\007\frame_0005.jpg;custom_dataset\processed\VID_13\007\frame_0006.jpg;custom_dataset\processed\VID_13\007\frame_0007.jpg;custom_dataset\processed\VID_13\007\frame_0008.jpg,
VID_13_007_C01,VID_13,VID_13.mp4,7,VID_13_007,1,8,custom_dataset\processed\VID_13\007\frame_0005.jpg;custom_dataset\processed\VID_13\007\frame_0006.jpg;custom_dataset\processed\VID_13\007\frame_0007.jpg;custom_dataset\processed\VID_13\007\frame_0008.jpg;custom_dataset\processed\VID_13\007\frame_0009.jpg;custom_dataset\processed\VID_13\007\frame_0010.jpg;custom_dataset\processed\VID_13\007\frame_0011.jpg;custom_dataset\processed\VID_13\007\frame_0012.jpg,
VID_13_007_C02,VID_13,VID_13.mp4,7,VID_13_007,2,8,custom_dataset\processed\VID_13\007\frame_0009.jpg;custom_dataset\processed\VID_13\007\frame_0010.jpg;custom_dataset\processed\VID_13\007\frame_0011.jpg;custom_dataset\processed\VID_13\007\frame_0012.jpg;custom_dataset\processed\VID_13\007\frame_0013.jpg;custom_dataset\processed\VID_13\007\frame_0014.jpg;custom_dataset\processed\VID_13\007\frame_0015.jpg;custom_dataset\processed\VID_13\007\frame_0016.jpg,
VID_13_007_C03,VID_13,VID_13.mp4,7,VID_13_007,3,8,custom_dataset\processed\VID_13\007\frame_0013.jpg;custom_dataset\processed\VID_13\007\frame_0014.jpg;custom_dataset\processed\VID_13\007\frame_0015.jpg;custom_dataset\processed\VID_13\007\frame_0016.jpg;custom_dataset\processed\VID_13\007\frame_0017.jpg;custom_dataset\processed\VID_13\007\frame_0018.jpg;custom_dataset\processed\VID_13\007\frame_0019.jpg;custom_dataset\processed\VID_13\007\frame_0020.jpg,
VID_13_007_C04,VID_13,VID_13.mp4,7,VID_13_007,4,8,custom_dataset\processed\VID_13\007\frame_0017.jpg;custom_dataset\processed\VID_13\007\frame_0018.jpg;custom_dataset\processed\VID_13\007\frame_0019.jpg;custom_dataset\processed\VID_13\007\frame_0020.jpg;custom_dataset\processed\VID_13\007\frame_0021.jpg;custom_dataset\processed\VID_13\007\frame_0022.jpg;custom_dataset\processed\VID_13\007\frame_0023.jpg;custom_dataset\processed\VID_13\007\frame_0024.jpg,
VID_13_007_C05,VID_13,VID_13.mp4,7,VID_13_007,5,8,custom_dataset\processed\VID_13\007\frame_0021.jpg;custom_dataset\processed\VID_13\007\frame_0022.jpg;custom_dataset\processed\VID_13\007\frame_0023.jpg;custom_dataset\processed\VID_13\007\frame_0024.jpg;custom_dataset\processed\VID_13\007\frame_0025.jpg;custom_dataset\processed\VID_13\007\frame_0026.jpg;custom_dataset\processed\VID_13\007\frame_0027.jpg;custom_dataset\processed\VID_13\007\frame_0028.jpg,
VID_13_007_C06,VID_13,VID_13.mp4,7,VID_13_007,6,8,custom_dataset\processed\VID_13\007\frame_0025.jpg;custom_dataset\processed\VID_13\007\frame_0026.jpg;custom_dataset\processed\VID_13\007\frame_0027.jpg;custom_dataset\processed\VID_13\007\frame_0028.jpg;custom_dataset\processed\VID_13\007\frame_0029.jpg;custom_dataset\processed\VID_13\007\frame_0030.jpg;custom_dataset\processed\VID_13\007\frame_0031.jpg;custom_dataset\processed\VID_13\007\frame_0032.jpg,
VID_13_007_C07,VID_13,VID_13.mp4,7,VID_13_007,7,8,custom_dataset\processed\VID_13\007\frame_0029.jpg;custom_dataset\processed\VID_13\007\frame_0030.jpg;custom_dataset\processed\VID_13\007\frame_0031.jpg;custom_dataset\processed\VID_13\007\frame_0032.jpg;custom_dataset\processed\VID_13\007\frame_0033.jpg;custom_dataset\processed\VID_13\007\frame_0034.jpg;custom_dataset\processed\VID_13\007\frame_0035.jpg;custom_dataset\processed\VID_13\007\frame_0036.jpg,
VID_13_007_C08,VID_13,VID_13.mp4,7,VID_13_007,8,8,custom_dataset\processed\VID_13\007\frame_0033.jpg;custom_dataset\processed\VID_13\007\frame_0034.jpg;custom_dataset\processed\VID_13\007\frame_0035.jpg;custom_dataset\processed\VID_13\007\frame_0036.jpg;custom_dataset\processed\VID_13\007\frame_0037.jpg;custom_dataset\processed\VID_13\007\frame_0038.jpg;custom_dataset\processed\VID_13\007\frame_0039.jpg;custom_dataset\processed\VID_13\007\frame_0040.jpg,
VID_13_008_C00,VID_13,VID_13.mp4,8,VID_13_008,0,8,custom_dataset\processed\VID_13\008\frame_0001.jpg;custom_dataset\processed\VID_13\008\frame_0002.jpg;custom_dataset\processed\VID_13\008\frame_0003.jpg;custom_dataset\processed\VID_13\008\frame_0004.jpg;custom_dataset\processed\VID_13\008\frame_0005.jpg;custom_dataset\processed\VID_13\008\frame_0006.jpg;custom_dataset\processed\VID_13\008\frame_0007.jpg;custom_dataset\processed\VID_13\008\frame_0008.jpg,
VID_13_008_C01,VID_13,VID_13.mp4,8,VID_13_008,1,8,custom_dataset\processed\VID_13\008\frame_0005.jpg;custom_dataset\processed\VID_13\008\frame_0006.jpg;custom_dataset\processed\VID_13\008\frame_0007.jpg;custom_dataset\processed\VID_13\008\frame_0008.jpg;custom_dataset\processed\VID_13\008\frame_0009.jpg;custom_dataset\processed\VID_13\008\frame_0010.jpg;custom_dataset\processed\VID_13\008\frame_0011.jpg;custom_dataset\processed\VID_13\008\frame_0012.jpg,
VID_13_008_C02,VID_13,VID_13.mp4,8,VID_13_008,2,8,custom_dataset\processed\VID_13\008\frame_0009.jpg;custom_dataset\processed\VID_13\008\frame_0010.jpg;custom_dataset\processed\VID_13\008\frame_0011.jpg;custom_dataset\processed\VID_13\008\frame_0012.jpg;custom_dataset\processed\VID_13\008\frame_0013.jpg;custom_dataset\processed\VID_13\008\frame_0014.jpg;custom_dataset\processed\VID_13\008\frame_0015.jpg;custom_dataset\processed\VID_13\008\frame_0016.jpg,
VID_13_008_C03,VID_13,VID_13.mp4,8,VID_13_008,3,8,custom_dataset\processed\VID_13\008\frame_0013.jpg;custom_dataset\processed\VID_13\008\frame_0014.jpg;custom_dataset\processed\VID_13\008\frame_0015.jpg;custom_dataset\processed\VID_13\008\frame_0016.jpg;custom_dataset\processed\VID_13\008\frame_0017.jpg;custom_dataset\processed\VID_13\008\frame_0018.jpg;custom_dataset\processed\VID_13\008\frame_0019.jpg;custom_dataset\processed\VID_13\008\frame_0020.jpg,
VID_13_008_C04,VID_13,VID_13.mp4,8,VID_13_008,4,8,custom_dataset\processed\VID_13\008\frame_0017.jpg;custom_dataset\processed\VID_13\008\frame_0018.jpg;custom_dataset\processed\VID_13\008\frame_0019.jpg;custom_dataset\processed\VID_13\008\frame_0020.jpg;custom_dataset\processed\VID_13\008\frame_0021.jpg;custom_dataset\processed\VID_13\008\frame_0022.jpg;custom_dataset\processed\VID_13\008\frame_0023.jpg;custom_dataset\processed\VID_13\008\frame_0024.jpg,
VID_13_008_C05,VID_13,VID_13.mp4,8,VID_13_008,5,8,custom_dataset\processed\VID_13\008\frame_0021.jpg;custom_dataset\processed\VID_13\008\frame_0022.jpg;custom_dataset\processed\VID_13\008\frame_0023.jpg;custom_dataset\processed\VID_13\008\frame_0024.jpg;custom_dataset\processed\VID_13\008\frame_0025.jpg;custom_dataset\processed\VID_13\008\frame_0026.jpg;custom_dataset\processed\VID_13\008\frame_0027.jpg;custom_dataset\processed\VID_13\008\frame_0028.jpg,
VID_13_008_C06,VID_13,VID_13.mp4,8,VID_13_008,6,8,custom_dataset\processed\VID_13\008\frame_0025.jpg;custom_dataset\processed\VID_13\008\frame_0026.jpg;custom_dataset\processed\VID_13\008\frame_0027.jpg;custom_dataset\processed\VID_13\008\frame_0028.jpg;custom_dataset\processed\VID_13\008\frame_0029.jpg;custom_dataset\processed\VID_13\008\frame_0030.jpg;custom_dataset\processed\VID_13\008\frame_0031.jpg;custom_dataset\processed\VID_13\008\frame_0032.jpg,
VID_13_008_C07,VID_13,VID_13.mp4,8,VID_13_008,7,8,custom_dataset\processed\VID_13\008\frame_0029.jpg;custom_dataset\processed\VID_13\008\frame_0030.jpg;custom_dataset\processed\VID_13\008\frame_0031.jpg;custom_dataset\processed\VID_13\008\frame_0032.jpg;custom_dataset\processed\VID_13\008\frame_0033.jpg;custom_dataset\processed\VID_13\008\frame_0034.jpg;custom_dataset\processed\VID_13\008\frame_0035.jpg;custom_dataset\processed\VID_13\008\frame_0036.jpg,
VID_13_008_C08,VID_13,VID_13.mp4,8,VID_13_008,8,8,custom_dataset\processed\VID_13\008\frame_0033.jpg;custom_dataset\processed\VID_13\008\frame_0034.jpg;custom_dataset\processed\VID_13\008\frame_0035.jpg;custom_dataset\processed\VID_13\008\frame_0036.jpg;custom_dataset\processed\VID_13\008\frame_0037.jpg;custom_dataset\processed\VID_13\008\frame_0038.jpg;custom_dataset\processed\VID_13\008\frame_0039.jpg;custom_dataset\processed\VID_13\008\frame_0040.jpg,
VID_13_012_C00,VID_13,VID_13.mp4,12,VID_13_012,0,8,custom_dataset\processed\VID_13\012\frame_0003.jpg;custom_dataset\processed\VID_13\012\frame_0005.jpg;custom_dataset\processed\VID_13\012\frame_0007.jpg;custom_dataset\processed\VID_13\012\frame_0008.jpg;custom_dataset\processed\VID_13\012\frame_0009.jpg;custom_dataset\processed\VID_13\012\frame_0010.jpg;custom_dataset\processed\VID_13\012\frame_0012.jpg;custom_dataset\processed\VID_13\012\frame_0014.jpg,
VID_13_012_C01,VID_13,VID_13.mp4,12,VID_13_012,1,8,custom_dataset\processed\VID_13\012\frame_0009.jpg;custom_dataset\processed\VID_13\012\frame_0010.jpg;custom_dataset\processed\VID_13\012\frame_0012.jpg;custom_dataset\processed\VID_13\012\frame_0014.jpg;custom_dataset\processed\VID_13\012\frame_0015.jpg;custom_dataset\processed\VID_13\012\frame_0017.jpg;custom_dataset\processed\VID_13\012\frame_0021.jpg;custom_dataset\processed\VID_13\012\frame_0022.jpg,
VID_13_012_C02,VID_13,VID_13.mp4,12,VID_13_012,2,8,custom_dataset\processed\VID_13\012\frame_0015.jpg;custom_dataset\processed\VID_13\012\frame_0017.jpg;custom_dataset\processed\VID_13\012\frame_0021.jpg;custom_dataset\processed\VID_13\012\frame_0022.jpg;custom_dataset\processed\VID_13\012\frame_0023.jpg;custom_dataset\processed\VID_13\012\frame_0024.jpg;custom_dataset\processed\VID_13\012\frame_0025.jpg;custom_dataset\processed\VID_13\012\frame_0026.jpg,
VID_13_012_C03,VID_13,VID_13.mp4,12,VID_13_012,3,8,custom_dataset\processed\VID_13\012\frame_0023.jpg;custom_dataset\processed\VID_13\012\frame_0024.jpg;custom_dataset\processed\VID_13\012\frame_0025.jpg;custom_dataset\processed\VID_13\012\frame_0026.jpg;custom_dataset\processed\VID_13\012\frame_0027.jpg;custom_dataset\processed\VID_13\012\frame_0031.jpg;custom_dataset\processed\VID_13\012\frame_0033.jpg;custom_dataset\processed\VID_13\012\frame_0036.jpg,
VID_13_016_C00,VID_13,VID_13.mp4,16,VID_13_016,0,8,custom_dataset\processed\VID_13\016\frame_0008.jpg;custom_dataset\processed\VID_13\016\frame_0009.jpg;custom_dataset\processed\VID_13\016\frame_0010.jpg;custom_dataset\processed\VID_13\016\frame_0011.jpg;custom_dataset\processed\VID_13\016\frame_0012.jpg;custom_dataset\processed\VID_13\016\frame_0013.jpg;custom_dataset\processed\VID_13\016\frame_0014.jpg;custom_dataset\processed\VID_13\016\frame_0015.jpg,
VID_13_022_C00,VID_13,VID_13.mp4,22,VID_13_022,0,8,custom_dataset\processed\VID_13\022\frame_0023.jpg;custom_dataset\processed\VID_13\022\frame_0024.jpg;custom_dataset\processed\VID_13\022\frame_0026.jpg;custom_dataset\processed\VID_13\022\frame_0027.jpg;custom_dataset\processed\VID_13\022\frame_0028.jpg;custom_dataset\processed\VID_13\022\frame_0029.jpg;custom_dataset\processed\VID_13\022\frame_0030.jpg;custom_dataset\processed\VID_13\022\frame_0031.jpg,
VID_13_022_C01,VID_13,VID_13.mp4,22,VID_13_022,1,8,custom_dataset\processed\VID_13\022\frame_0028.jpg;custom_dataset\processed\VID_13\022\frame_0029.jpg;custom_dataset\processed\VID_13\022\frame_0030.jpg;custom_dataset\processed\VID_13\022\frame_0031.jpg;custom_dataset\processed\VID_13\022\frame_0032.jpg;custom_dataset\processed\VID_13\022\frame_0033.jpg;custom_dataset\processed\VID_13\022\frame_0034.jpg;custom_dataset\processed\VID_13\022\frame_0035.jpg,
VID_13_022_C02,VID_13,VID_13.mp4,22,VID_13_022,2,8,custom_dataset\processed\VID_13\022\frame_0032.jpg;custom_dataset\processed\VID_13\022\frame_0033.jpg;custom_dataset\processed\VID_13\022\frame_0034.jpg;custom_dataset\processed\VID_13\022\frame_0035.jpg;custom_dataset\processed\VID_13\022\frame_0036.jpg;custom_dataset\processed\VID_13\022\frame_0037.jpg;custom_dataset\processed\VID_13\022\frame_0038.jpg;custom_dataset\processed\VID_13\022\frame_0039.jpg,
VID_13_024_C00,VID_13,VID_13.mp4,24,VID_13_024,0,8,custom_dataset\processed\VID_13\024\frame_0024.jpg;custom_dataset\processed\VID_13\024\frame_0025.jpg;custom_dataset\processed\VID_13\024\frame_0026.jpg;custom_dataset\processed\VID_13\024\frame_0027.jpg;custom_dataset\processed\VID_13\024\frame_0028.jpg;custom_dataset\processed\VID_13\024\frame_0029.jpg;custom_dataset\processed\VID_13\024\frame_0030.jpg;custom_dataset\processed\VID_13\024\frame_0031.jpg,
VID_13_024_C01,VID_13,VID_13.mp4,24,VID_13_024,1,8,custom_dataset\processed\VID_13\024\frame_0028.jpg;custom_dataset\processed\VID_13\024\frame_0029.jpg;custom_dataset\processed\VID_13\024\frame_0030.jpg;custom_dataset\processed\VID_13\024\frame_0031.jpg;custom_dataset\processed\VID_13\024\frame_0032.jpg;custom_dataset\processed\VID_13\024\frame_0033.jpg;custom_dataset\processed\VID_13\024\frame_0036.jpg;custom_dataset\processed\VID_13\024\frame_0037.jpg,
VID_13_025_C00,VID_13,VID_13.mp4,25,VID_13_025,0,8,custom_dataset\processed\VID_13\025\frame_0031.jpg;custom_dataset\processed\VID_13\025\frame_0032.jpg;custom_dataset\processed\VID_13\025\frame_0033.jpg;custom_dataset\processed\VID_13\025\frame_0034.jpg;custom_dataset\processed\VID_13\025\frame_0035.jpg;custom_dataset\processed\VID_13\025\frame_0036.jpg;custom_dataset\processed\VID_13\025\frame_0037.jpg;custom_dataset\processed\VID_13\025\frame_0039.jpg,
VID_14_001_C00,VID_14,VID_14.mp4,1,VID_14_001,0,8,custom_dataset\processed\VID_14\001\frame_0000.jpg;custom_dataset\processed\VID_14\001\frame_0001.jpg;custom_dataset\processed\VID_14\001\frame_0002.jpg;custom_dataset\processed\VID_14\001\frame_0003.jpg;custom_dataset\processed\VID_14\001\frame_0004.jpg;custom_dataset\processed\VID_14\001\frame_0005.jpg;custom_dataset\processed\VID_14\001\frame_0006.jpg;custom_dataset\processed\VID_14\001\frame_0007.jpg,
VID_14_001_C01,VID_14,VID_14.mp4,1,VID_14_001,1,8,custom_dataset\processed\VID_14\001\frame_0004.jpg;custom_dataset\processed\VID_14\001\frame_0005.jpg;custom_dataset\processed\VID_14\001\frame_0006.jpg;custom_dataset\processed\VID_14\001\frame_0007.jpg;custom_dataset\processed\VID_14\001\frame_0008.jpg;custom_dataset\processed\VID_14\001\frame_0009.jpg;custom_dataset\processed\VID_14\001\frame_0010.jpg;custom_dataset\processed\VID_14\001\frame_0011.jpg,
VID_14_001_C02,VID_14,VID_14.mp4,1,VID_14_001,2,8,custom_dataset\processed\VID_14\001\frame_0008.jpg;custom_dataset\processed\VID_14\001\frame_0009.jpg;custom_dataset\processed\VID_14\001\frame_0010.jpg;custom_dataset\processed\VID_14\001\frame_0011.jpg;custom_dataset\processed\VID_14\001\frame_0012.jpg;custom_dataset\processed\VID_14\001\frame_0013.jpg;custom_dataset\processed\VID_14\001\frame_0014.jpg;custom_dataset\processed\VID_14\001\frame_0015.jpg,
VID_14_001_C03,VID_14,VID_14.mp4,1,VID_14_001,3,8,custom_dataset\processed\VID_14\001\frame_0012.jpg;custom_dataset\processed\VID_14\001\frame_0013.jpg;custom_dataset\processed\VID_14\001\frame_0014.jpg;custom_dataset\processed\VID_14\001\frame_0015.jpg;custom_dataset\processed\VID_14\001\frame_0016.jpg;custom_dataset\processed\VID_14\001\frame_0017.jpg;custom_dataset\processed\VID_14\001\frame_0018.jpg;custom_dataset\processed\VID_14\001\frame_0019.jpg,
VID_14_001_C04,VID_14,VID_14.mp4,1,VID_14_001,4,8,custom_dataset\processed\VID_14\001\frame_0016.jpg;custom_dataset\processed\VID_14\001\frame_0017.jpg;custom_dataset\processed\VID_14\001\frame_0018.jpg;custom_dataset\processed\VID_14\001\frame_0019.jpg;custom_dataset\processed\VID_14\001\frame_0020.jpg;custom_dataset\processed\VID_14\001\frame_0021.jpg;custom_dataset\processed\VID_14\001\frame_0022.jpg;custom_dataset\processed\VID_14\001\frame_0023.jpg,
VID_14_001_C05,VID_14,VID_14.mp4,1,VID_14_001,5,8,custom_dataset\processed\VID_14\001\frame_0020.jpg;custom_dataset\processed\VID_14\001\frame_0021.jpg;custom_dataset\processed\VID_14\001\frame_0022.jpg;custom_dataset\processed\VID_14\001\frame_0023.jpg;custom_dataset\processed\VID_14\001\frame_0024.jpg;custom_dataset\processed\VID_14\001\frame_0025.jpg;custom_dataset\processed\VID_14\001\frame_0026.jpg;custom_dataset\processed\VID_14\001\frame_0027.jpg,
VID_14_002_C00,VID_14,VID_14.mp4,2,VID_14_002,0,8,custom_dataset\processed\VID_14\002\frame_0000.jpg;custom_dataset\processed\VID_14\002\frame_0001.jpg;custom_dataset\processed\VID_14\002\frame_0002.jpg;custom_dataset\processed\VID_14\002\frame_0003.jpg;custom_dataset\processed\VID_14\002\frame_0004.jpg;custom_dataset\processed\VID_14\002\frame_0005.jpg;custom_dataset\processed\VID_14\002\frame_0006.jpg;custom_dataset\processed\VID_14\002\frame_0007.jpg,
VID_14_002_C01,VID_14,VID_14.mp4,2,VID_14_002,1,8,custom_dataset\processed\VID_14\002\frame_0004.jpg;custom_dataset\processed\VID_14\002\frame_0005.jpg;custom_dataset\processed\VID_14\002\frame_0006.jpg;custom_dataset\processed\VID_14\002\frame_0007.jpg;custom_dataset\processed\VID_14\002\frame_0008.jpg;custom_dataset\processed\VID_14\002\frame_0009.jpg;custom_dataset\processed\VID_14\002\frame_0010.jpg;custom_dataset\processed\VID_14\002\frame_0011.jpg,
VID_14_002_C02,VID_14,VID_14.mp4,2,VID_14_002,2,8,custom_dataset\processed\VID_14\002\frame_0008.jpg;custom_dataset\processed\VID_14\002\frame_0009.jpg;custom_dataset\processed\VID_14\002\frame_0010.jpg;custom_dataset\processed\VID_14\002\frame_0011.jpg;custom_dataset\processed\VID_14\002\frame_0012.jpg;custom_dataset\processed\VID_14\002\frame_0013.jpg;custom_dataset\processed\VID_14\002\frame_0014.jpg;custom_dataset\processed\VID_14\002\frame_0015.jpg,
VID_14_002_C03,VID_14,VID_14.mp4,2,VID_14_002,3,8,custom_dataset\processed\VID_14\002\frame_0012.jpg;custom_dataset\processed\VID_14\002\frame_0013.jpg;custom_dataset\processed\VID_14\002\frame_0014.jpg;custom_dataset\processed\VID_14\002\frame_0015.jpg;custom_dataset\processed\VID_14\002\frame_0016.jpg;custom_dataset\processed\VID_14\002\frame_0017.jpg;custom_dataset\processed\VID_14\002\frame_0018.jpg;custom_dataset\processed\VID_14\002\frame_0019.jpg,
VID_14_002_C04,VID_14,VID_14.mp4,2,VID_14_002,4,8,custom_dataset\processed\VID_14\002\frame_0016.jpg;custom_dataset\processed\VID_14\002\frame_0017.jpg;custom_dataset\processed\VID_14\002\frame_0018.jpg;custom_dataset\processed\VID_14\002\frame_0019.jpg;custom_dataset\processed\VID_14\002\frame_0020.jpg;custom_dataset\processed\VID_14\002\frame_0021.jpg;custom_dataset\processed\VID_14\002\frame_0022.jpg;custom_dataset\processed\VID_14\002\frame_0023.jpg,
VID_14_002_C05,VID_14,VID_14.mp4,2,VID_14_002,5,8,custom_dataset\processed\VID_14\002\frame_0020.jpg;custom_dataset\processed\VID_14\002\frame_0021.jpg;custom_dataset\processed\VID_14\002\frame_0022.jpg;custom_dataset\processed\VID_14\002\frame_0023.jpg;custom_dataset\processed\VID_14\002\frame_0026.jpg;custom_dataset\processed\VID_14\002\frame_0027.jpg;custom_dataset\processed\VID_14\002\frame_0028.jpg;custom_dataset\processed\VID_14\002\frame_0029.jpg,
VID_14_002_C06,VID_14,VID_14.mp4,2,VID_14_002,6,8,custom_dataset\processed\VID_14\002\frame_0026.jpg;custom_dataset\processed\VID_14\002\frame_0027.jpg;custom_dataset\processed\VID_14\002\frame_0028.jpg;custom_dataset\processed\VID_14\002\frame_0029.jpg;custom_dataset\processed\VID_14\002\frame_0031.jpg;custom_dataset\processed\VID_14\002\frame_0032.jpg;custom_dataset\processed\VID_14\002\frame_0033.jpg;custom_dataset\processed\VID_14\002\frame_0035.jpg,
VID_14_002_C07,VID_14,VID_14.mp4,2,VID_14_002,7,8,custom_dataset\processed\VID_14\002\frame_0031.jpg;custom_dataset\processed\VID_14\002\frame_0032.jpg;custom_dataset\processed\VID_14\002\frame_0033.jpg;custom_dataset\processed\VID_14\002\frame_0035.jpg;custom_dataset\processed\VID_14\002\frame_0036.jpg;custom_dataset\processed\VID_14\002\frame_0037.jpg;custom_dataset\processed\VID_14\002\frame_0038.jpg;custom_dataset\processed\VID_14\002\frame_0039.jpg,
VID_14_003_C00,VID_14,VID_14.mp4,3,VID_14_003,0,8,custom_dataset\processed\VID_14\003\frame_0000.jpg;custom_dataset\processed\VID_14\003\frame_0001.jpg;custom_dataset\processed\VID_14\003\frame_0002.jpg;custom_dataset\processed\VID_14\003\frame_0003.jpg;custom_dataset\processed\VID_14\003\frame_0004.jpg;custom_dataset\processed\VID_14\003\frame_0005.jpg;custom_dataset\processed\VID_14\003\frame_0006.jpg;custom_dataset\processed\VID_14\003\frame_0007.jpg,
VID_14_004_C00,VID_14,VID_14.mp4,4,VID_14_004,0,8,custom_dataset\processed\VID_14\004\frame_0000.jpg;custom_dataset\processed\VID_14\004\frame_0001.jpg;custom_dataset\processed\VID_14\004\frame_0002.jpg;custom_dataset\processed\VID_14\004\frame_0003.jpg;custom_dataset\processed\VID_14\004\frame_0004.jpg;custom_dataset\processed\VID_14\004\frame_0005.jpg;custom_dataset\processed\VID_14\004\frame_0006.jpg;custom_dataset\processed\VID_14\004\frame_0007.jpg,
VID_14_004_C01,VID_14,VID_14.mp4,4,VID_14_004,1,8,custom_dataset\processed\VID_14\004\frame_0004.jpg;custom_dataset\processed\VID_14\004\frame_0005.jpg;custom_dataset\processed\VID_14\004\frame_0006.jpg;custom_dataset\processed\VID_14\004\frame_0007.jpg;custom_dataset\processed\VID_14\004\frame_0008.jpg;custom_dataset\processed\VID_14\004\frame_0009.jpg;custom_dataset\processed\VID_14\004\frame_0010.jpg;custom_dataset\processed\VID_14\004\frame_0011.jpg,
VID_14_004_C02,VID_14,VID_14.mp4,4,VID_14_004,2,8,custom_dataset\processed\VID_14\004\frame_0008.jpg;custom_dataset\processed\VID_14\004\frame_0009.jpg;custom_dataset\processed\VID_14\004\frame_0010.jpg;custom_dataset\processed\VID_14\004\frame_0011.jpg;custom_dataset\processed\VID_14\004\frame_0012.jpg;custom_dataset\processed\VID_14\004\frame_0013.jpg;custom_dataset\processed\VID_14\004\frame_0014.jpg;custom_dataset\processed\VID_14\004\frame_0015.jpg,
VID_14_004_C03,VID_14,VID_14.mp4,4,VID_14_004,3,8,custom_dataset\processed\VID_14\004\frame_0012.jpg;custom_dataset\processed\VID_14\004\frame_0013.jpg;custom_dataset\processed\VID_14\004\frame_0014.jpg;custom_dataset\processed\VID_14\004\frame_0015.jpg;custom_dataset\processed\VID_14\004\frame_0016.jpg;custom_dataset\processed\VID_14\004\frame_0017.jpg;custom_dataset\processed\VID_14\004\frame_0018.jpg;custom_dataset\processed\VID_14\004\frame_0019.jpg,
VID_14_004_C04,VID_14,VID_14.mp4,4,VID_14_004,4,8,custom_dataset\processed\VID_14\004\frame_0016.jpg;custom_dataset\processed\VID_14\004\frame_0017.jpg;custom_dataset\processed\VID_14\004\frame_0018.jpg;custom_dataset\processed\VID_14\004\frame_0019.jpg;custom_dataset\processed\VID_14\004\frame_0020.jpg;custom_dataset\processed\VID_14\004\frame_0021.jpg;custom_dataset\processed\VID_14\004\frame_0022.jpg;custom_dataset\processed\VID_14\004\frame_0023.jpg,
VID_14_004_C05,VID_14,VID_14.mp4,4,VID_14_004,5,8,custom_dataset\processed\VID_14\004\frame_0020.jpg;custom_dataset\processed\VID_14\004\frame_0021.jpg;custom_dataset\processed\VID_14\004\frame_0022.jpg;custom_dataset\processed\VID_14\004\frame_0023.jpg;custom_dataset\processed\VID_14\004\frame_0024.jpg;custom_dataset\processed\VID_14\004\frame_0025.jpg;custom_dataset\processed\VID_14\004\frame_0027.jpg;custom_dataset\processed\VID_14\004\frame_0028.jpg,
VID_14_004_C06,VID_14,VID_14.mp4,4,VID_14_004,6,8,custom_dataset\processed\VID_14\004\frame_0024.jpg;custom_dataset\processed\VID_14\004\frame_0025.jpg;custom_dataset\processed\VID_14\004\frame_0027.jpg;custom_dataset\processed\VID_14\004\frame_0028.jpg;custom_dataset\processed\VID_14\004\frame_0029.jpg;custom_dataset\processed\VID_14\004\frame_0031.jpg;custom_dataset\processed\VID_14\004\frame_0033.jpg;custom_dataset\processed\VID_14\004\frame_0037.jpg,
VID_14_005_C00,VID_14,VID_14.mp4,5,VID_14_005,0,8,custom_dataset\processed\VID_14\005\frame_0000.jpg;custom_dataset\processed\VID_14\005\frame_0001.jpg;custom_dataset\processed\VID_14\005\frame_0002.jpg;custom_dataset\processed\VID_14\005\frame_0003.jpg;custom_dataset\processed\VID_14\005\frame_0004.jpg;custom_dataset\processed\VID_14\005\frame_0005.jpg;custom_dataset\processed\VID_14\005\frame_0006.jpg;custom_dataset\processed\VID_14\005\frame_0007.jpg,
VID_14_006_C00,VID_14,VID_14.mp4,6,VID_14_006,0,8,custom_dataset\processed\VID_14\006\frame_0000.jpg;custom_dataset\processed\VID_14\006\frame_0001.jpg;custom_dataset\processed\VID_14\006\frame_0002.jpg;custom_dataset\processed\VID_14\006\frame_0003.jpg;custom_dataset\processed\VID_14\006\frame_0004.jpg;custom_dataset\processed\VID_14\006\frame_0005.jpg;custom_dataset\processed\VID_14\006\frame_0006.jpg;custom_dataset\processed\VID_14\006\frame_0007.jpg,
VID_14_007_C00,VID_14,VID_14.mp4,7,VID_14_007,0,8,custom_dataset\processed\VID_14\007\frame_0000.jpg;custom_dataset\processed\VID_14\007\frame_0001.jpg;custom_dataset\processed\VID_14\007\frame_0002.jpg;custom_dataset\processed\VID_14\007\frame_0003.jpg;custom_dataset\processed\VID_14\007\frame_0004.jpg;custom_dataset\processed\VID_14\007\frame_0005.jpg;custom_dataset\processed\VID_14\007\frame_0006.jpg;custom_dataset\processed\VID_14\007\frame_0007.jpg,
VID_14_007_C01,VID_14,VID_14.mp4,7,VID_14_007,1,8,custom_dataset\processed\VID_14\007\frame_0004.jpg;custom_dataset\processed\VID_14\007\frame_0005.jpg;custom_dataset\processed\VID_14\007\frame_0006.jpg;custom_dataset\processed\VID_14\007\frame_0007.jpg;custom_dataset\processed\VID_14\007\frame_0008.jpg;custom_dataset\processed\VID_14\007\frame_0009.jpg;custom_dataset\processed\VID_14\007\frame_0010.jpg;custom_dataset\processed\VID_14\007\frame_0011.jpg,
VID_14_010_C00,VID_14,VID_14.mp4,10,VID_14_010,0,8,custom_dataset\processed\VID_14\010\frame_0000.jpg;custom_dataset\processed\VID_14\010\frame_0002.jpg;custom_dataset\processed\VID_14\010\frame_0003.jpg;custom_dataset\processed\VID_14\010\frame_0004.jpg;custom_dataset\processed\VID_14\010\frame_0005.jpg;custom_dataset\processed\VID_14\010\frame_0006.jpg;custom_dataset\processed\VID_14\010\frame_0008.jpg;custom_dataset\processed\VID_14\010\frame_0009.jpg,
VID_14_014_C00,VID_14,VID_14.mp4,14,VID_14_014,0,8,custom_dataset\processed\VID_14\014\frame_0005.jpg;custom_dataset\processed\VID_14\014\frame_0007.jpg;custom_dataset\processed\VID_14\014\frame_0008.jpg;custom_dataset\processed\VID_14\014\frame_0011.jpg;custom_dataset\processed\VID_14\014\frame_0012.jpg;custom_dataset\processed\VID_14\014\frame_0013.jpg;custom_dataset\processed\VID_14\014\frame_0014.jpg;custom_dataset\processed\VID_14\014\frame_0015.jpg,
VID_14_014_C01,VID_14,VID_14.mp4,14,VID_14_014,1,8,custom_dataset\processed\VID_14\014\frame_0012.jpg;custom_dataset\processed\VID_14\014\frame_0013.jpg;custom_dataset\processed\VID_14\014\frame_0014.jpg;custom_dataset\processed\VID_14\014\frame_0015.jpg;custom_dataset\processed\VID_14\014\frame_0016.jpg;custom_dataset\processed\VID_14\014\frame_0017.jpg;custom_dataset\processed\VID_14\014\frame_0018.jpg;custom_dataset\processed\VID_14\014\frame_0019.jpg,
VID_14_014_C02,VID_14,VID_14.mp4,14,VID_14_014,2,8,custom_dataset\processed\VID_14\014\frame_0016.jpg;custom_dataset\processed\VID_14\014\frame_0017.jpg;custom_dataset\processed\VID_14\014\frame_0018.jpg;custom_dataset\processed\VID_14\014\frame_0019.jpg;custom_dataset\processed\VID_14\014\frame_0021.jpg;custom_dataset\processed\VID_14\014\frame_0022.jpg;custom_dataset\processed\VID_14\014\frame_0023.jpg;custom_dataset\processed\VID_14\014\frame_0024.jpg,
VID_14_014_C03,VID_14,VID_14.mp4,14,VID_14_014,3,8,custom_dataset\processed\VID_14\014\frame_0021.jpg;custom_dataset\processed\VID_14\014\frame_0022.jpg;custom_dataset\processed\VID_14\014\frame_0023.jpg;custom_dataset\processed\VID_14\014\frame_0024.jpg;custom_dataset\processed\VID_14\014\frame_0026.jpg;custom_dataset\processed\VID_14\014\frame_0028.jpg;custom_dataset\processed\VID_14\014\frame_0031.jpg;custom_dataset\processed\VID_14\014\frame_0032.jpg,
VID_14_014_C04,VID_14,VID_14.mp4,14,VID_14_014,4,8,custom_dataset\processed\VID_14\014\frame_0026.jpg;custom_dataset\processed\VID_14\014\frame_0028.jpg;custom_dataset\processed\VID_14\014\frame_0031.jpg;custom_dataset\processed\VID_14\014\frame_0032.jpg;custom_dataset\processed\VID_14\014\frame_0033.jpg;custom_dataset\processed\VID_14\014\frame_0034.jpg;custom_dataset\processed\VID_14\014\frame_0035.jpg;custom_dataset\processed\VID_14\014\frame_0036.jpg,
VID_14_014_C05,VID_14,VID_14.mp4,14,VID_14_014,5,8,custom_dataset\processed\VID_14\014\frame_0033.jpg;custom_dataset\processed\VID_14\014\frame_0034.jpg;custom_dataset\processed\VID_14\014\frame_0035.jpg;custom_dataset\processed\VID_14\014\frame_0036.jpg;custom_dataset\processed\VID_14\014\frame_0037.jpg;custom_dataset\processed\VID_14\014\frame_0038.jpg;custom_dataset\processed\VID_14\014\frame_0039.jpg;custom_dataset\processed\VID_14\014\frame_0040.jpg,
VID_14_015_C00,VID_14,VID_14.mp4,15,VID_14_015,0,8,custom_dataset\processed\VID_14\015\frame_0008.jpg;custom_dataset\processed\VID_14\015\frame_0010.jpg;custom_dataset\processed\VID_14\015\frame_0011.jpg;custom_dataset\processed\VID_14\015\frame_0012.jpg;custom_dataset\processed\VID_14\015\frame_0013.jpg;custom_dataset\processed\VID_14\015\frame_0014.jpg;custom_dataset\processed\VID_14\015\frame_0015.jpg;custom_dataset\processed\VID_14\015\frame_0016.jpg,
VID_14_015_C01,VID_14,VID_14.mp4,15,VID_14_015,1,8,custom_dataset\processed\VID_14\015\frame_0013.jpg;custom_dataset\processed\VID_14\015\frame_0014.jpg;custom_dataset\processed\VID_14\015\frame_0015.jpg;custom_dataset\processed\VID_14\015\frame_0016.jpg;custom_dataset\processed\VID_14\015\frame_0017.jpg;custom_dataset\processed\VID_14\015\frame_0018.jpg;custom_dataset\processed\VID_14\015\frame_0019.jpg;custom_dataset\processed\VID_14\015\frame_0020.jpg,
VID_14_017_C00,VID_14,VID_14.mp4,17,VID_14_017,0,8,custom_dataset\processed\VID_14\017\frame_0009.jpg;custom_dataset\processed\VID_14\017\frame_0010.jpg;custom_dataset\processed\VID_14\017\frame_0011.jpg;custom_dataset\processed\VID_14\017\frame_0012.jpg;custom_dataset\processed\VID_14\017\frame_0013.jpg;custom_dataset\processed\VID_14\017\frame_0014.jpg;custom_dataset\processed\VID_14\017\frame_0015.jpg;custom_dataset\processed\VID_14\017\frame_0016.jpg,
VID_14_017_C01,VID_14,VID_14.mp4,17,VID_14_017,1,8,custom_dataset\processed\VID_14\017\frame_0013.jpg;custom_dataset\processed\VID_14\017\frame_0014.jpg;custom_dataset\processed\VID_14\017\frame_0015.jpg;custom_dataset\processed\VID_14\017\frame_0016.jpg;custom_dataset\processed\VID_14\017\frame_0017.jpg;custom_dataset\processed\VID_14\017\frame_0018.jpg;custom_dataset\processed\VID_14\017\frame_0019.jpg;custom_dataset\processed\VID_14\017\frame_0020.jpg,
VID_14_017_C02,VID_14,VID_14.mp4,17,VID_14_017,2,8,custom_dataset\processed\VID_14\017\frame_0017.jpg;custom_dataset\processed\VID_14\017\frame_0018.jpg;custom_dataset\processed\VID_14\017\frame_0019.jpg;custom_dataset\processed\VID_14\017\frame_0020.jpg;custom_dataset\processed\VID_14\017\frame_0021.jpg;custom_dataset\processed\VID_14\017\frame_0022.jpg;custom_dataset\processed\VID_14\017\frame_0023.jpg;custom_dataset\processed\VID_14\017\frame_0024.jpg,
VID_14_017_C03,VID_14,VID_14.mp4,17,VID_14_017,3,8,custom_dataset\processed\VID_14\017\frame_0021.jpg;custom_dataset\processed\VID_14\017\frame_0022.jpg;custom_dataset\processed\VID_14\017\frame_0023.jpg;custom_dataset\processed\VID_14\017\frame_0024.jpg;custom_dataset\processed\VID_14\017\frame_0025.jpg;custom_dataset\processed\VID_14\017\frame_0026.jpg;custom_dataset\processed\VID_14\017\frame_0027.jpg;custom_dataset\processed\VID_14\017\frame_0028.jpg,
VID_14_017_C04,VID_14,VID_14.mp4,17,VID_14_017,4,8,custom_dataset\processed\VID_14\017\frame_0025.jpg;custom_dataset\processed\VID_14\017\frame_0026.jpg;custom_dataset\processed\VID_14\017\frame_0027.jpg;custom_dataset\processed\VID_14\017\frame_0028.jpg;custom_dataset\processed\VID_14\017\frame_0029.jpg;custom_dataset\processed\VID_14\017\frame_0030.jpg;custom_dataset\processed\VID_14\017\frame_0031.jpg;custom_dataset\processed\VID_14\017\frame_0032.jpg,
VID_14_017_C05,VID_14,VID_14.mp4,17,VID_14_017,5,8,custom_dataset\processed\VID_14\017\frame_0029.jpg;custom_dataset\processed\VID_14\017\frame_0030.jpg;custom_dataset\processed\VID_14\017\frame_0031.jpg;custom_dataset\processed\VID_14\017\frame_0032.jpg;custom_dataset\processed\VID_14\017\frame_0033.jpg;custom_dataset\processed\VID_14\017\frame_0034.jpg;custom_dataset\processed\VID_14\017\frame_0035.jpg;custom_dataset\processed\VID_14\017\frame_0036.jpg,
VID_14_017_C06,VID_14,VID_14.mp4,17,VID_14_017,6,8,custom_dataset\processed\VID_14\017\frame_0033.jpg;custom_dataset\processed\VID_14\017\frame_0034.jpg;custom_dataset\processed\VID_14\017\frame_0035.jpg;custom_dataset\processed\VID_14\017\frame_0036.jpg;custom_dataset\processed\VID_14\017\frame_0037.jpg;custom_dataset\processed\VID_14\017\frame_0038.jpg;custom_dataset\processed\VID_14\017\frame_0039.jpg;custom_dataset\processed\VID_14\017\frame_0040.jpg,
VID_14_019_C00,VID_14,VID_14.mp4,19,VID_14_019,0,8,custom_dataset\processed\VID_14\019\frame_0013.jpg;custom_dataset\processed\VID_14\019\frame_0016.jpg;custom_dataset\processed\VID_14\019\frame_0018.jpg;custom_dataset\processed\VID_14\019\frame_0019.jpg;custom_dataset\processed\VID_14\019\frame_0020.jpg;custom_dataset\processed\VID_14\019\frame_0022.jpg;custom_dataset\processed\VID_14\019\frame_0023.jpg;custom_dataset\processed\VID_14\019\frame_0025.jpg,
VID_14_019_C01,VID_14,VID_14.mp4,19,VID_14_019,1,8,custom_dataset\processed\VID_14\019\frame_0020.jpg;custom_dataset\processed\VID_14\019\frame_0022.jpg;custom_dataset\processed\VID_14\019\frame_0023.jpg;custom_dataset\processed\VID_14\019\frame_0025.jpg;custom_dataset\processed\VID_14\019\frame_0026.jpg;custom_dataset\processed\VID_14\019\frame_0027.jpg;custom_dataset\processed\VID_14\019\frame_0030.jpg;custom_dataset\processed\VID_14\019\frame_0031.jpg,
VID_14_019_C02,VID_14,VID_14.mp4,19,VID_14_019,2,8,custom_dataset\processed\VID_14\019\frame_0026.jpg;custom_dataset\processed\VID_14\019\frame_0027.jpg;custom_dataset\processed\VID_14\019\frame_0030.jpg;custom_dataset\processed\VID_14\019\frame_0031.jpg;custom_dataset\processed\VID_14\019\frame_0032.jpg;custom_dataset\processed\VID_14\019\frame_0033.jpg;custom_dataset\processed\VID_14\019\frame_0034.jpg;custom_dataset\processed\VID_14\019\frame_0035.jpg,
VID_14_019_C03,VID_14,VID_14.mp4,19,VID_14_019,3,8,custom_dataset\processed\VID_14\019\frame_0032.jpg;custom_dataset\processed\VID_14\019\frame_0033.jpg;custom_dataset\processed\VID_14\019\frame_0034.jpg;custom_dataset\processed\VID_14\019\frame_0035.jpg;custom_dataset\processed\VID_14\019\frame_0036.jpg;custom_dataset\processed\VID_14\019\frame_0037.jpg;custom_dataset\processed\VID_14\019\frame_0040.jpg;custom_dataset\processed\VID_14\019\frame_0041.jpg,
VID_14_020_C00,VID_14,VID_14.mp4,20,VID_14_020,0,8,custom_dataset\processed\VID_14\020\frame_0014.jpg;custom_dataset\processed\VID_14\020\frame_0015.jpg;custom_dataset\processed\VID_14\020\frame_0018.jpg;custom_dataset\processed\VID_14\020\frame_0019.jpg;custom_dataset\processed\VID_14\020\frame_0020.jpg;custom_dataset\processed\VID_14\020\frame_0021.jpg;custom_dataset\processed\VID_14\020\frame_0022.jpg;custom_dataset\processed\VID_14\020\frame_0023.jpg,
VID_14_020_C01,VID_14,VID_14.mp4,20,VID_14_020,1,8,custom_dataset\processed\VID_14\020\frame_0020.jpg;custom_dataset\processed\VID_14\020\frame_0021.jpg;custom_dataset\processed\VID_14\020\frame_0022.jpg;custom_dataset\processed\VID_14\020\frame_0023.jpg;custom_dataset\processed\VID_14\020\frame_0024.jpg;custom_dataset\processed\VID_14\020\frame_0025.jpg;custom_dataset\processed\VID_14\020\frame_0026.jpg;custom_dataset\processed\VID_14\020\frame_0027.jpg,
VID_14_020_C02,VID_14,VID_14.mp4,20,VID_14_020,2,8,custom_dataset\processed\VID_14\020\frame_0024.jpg;custom_dataset\processed\VID_14\020\frame_0025.jpg;custom_dataset\processed\VID_14\020\frame_0026.jpg;custom_dataset\processed\VID_14\020\frame_0027.jpg;custom_dataset\processed\VID_14\020\frame_0028.jpg;custom_dataset\processed\VID_14\020\frame_0029.jpg;custom_dataset\processed\VID_14\020\frame_0030.jpg;custom_dataset\processed\VID_14\020\frame_0033.jpg,
VID_14_020_C03,VID_14,VID_14.mp4,20,VID_14_020,3,8,custom_dataset\processed\VID_14\020\frame_0028.jpg;custom_dataset\processed\VID_14\020\frame_0029.jpg;custom_dataset\processed\VID_14\020\frame_0030.jpg;custom_dataset\processed\VID_14\020\frame_0033.jpg;custom_dataset\processed\VID_14\020\frame_0034.jpg;custom_dataset\processed\VID_14\020\frame_0035.jpg;custom_dataset\processed\VID_14\020\frame_0036.jpg;custom_dataset\processed\VID_14\020\frame_0040.jpg,
VID_14_025_C00,VID_14,VID_14.mp4,25,VID_14_025,0,8,custom_dataset\processed\VID_14\025\frame_0017.jpg;custom_dataset\processed\VID_14\025\frame_0019.jpg;custom_dataset\processed\VID_14\025\frame_0020.jpg;custom_dataset\processed\VID_14\025\frame_0021.jpg;custom_dataset\processed\VID_14\025\frame_0022.jpg;custom_dataset\processed\VID_14\025\frame_0023.jpg;custom_dataset\processed\VID_14\025\frame_0024.jpg;custom_dataset\processed\VID_14\025\frame_0025.jpg,
VID_14_029_C00,VID_14,VID_14.mp4,29,VID_14_029,0,8,custom_dataset\processed\VID_14\029\frame_0029.jpg;custom_dataset\processed\VID_14\029\frame_0031.jpg;custom_dataset\processed\VID_14\029\frame_0032.jpg;custom_dataset\processed\VID_14\029\frame_0033.jpg;custom_dataset\processed\VID_14\029\frame_0034.jpg;custom_dataset\processed\VID_14\029\frame_0035.jpg;custom_dataset\processed\VID_14\029\frame_0036.jpg;custom_dataset\processed\VID_14\029\frame_0037.jpg,
VID_14_029_C01,VID_14,VID_14.mp4,29,VID_14_029,1,8,custom_dataset\processed\VID_14\029\frame_0034.jpg;custom_dataset\processed\VID_14\029\frame_0035.jpg;custom_dataset\processed\VID_14\029\frame_0036.jpg;custom_dataset\processed\VID_14\029\frame_0037.jpg;custom_dataset\processed\VID_14\029\frame_0038.jpg;custom_dataset\processed\VID_14\029\frame_0039.jpg;custom_dataset\processed\VID_14\029\frame_0040.jpg;custom_dataset\processed\VID_14\029\frame_0041.jpg,
VID_14_032_C00,VID_14,VID_14.mp4,32,VID_14_032,0,8,custom_dataset\processed\VID_14\032\frame_0032.jpg;custom_dataset\processed\VID_14\032\frame_0033.jpg;custom_dataset\processed\VID_14\032\frame_0034.jpg;custom_dataset\processed\VID_14\032\frame_0035.jpg;custom_dataset\processed\VID_14\032\frame_0036.jpg;custom_dataset\processed\VID_14\032\frame_0037.jpg;custom_dataset\processed\VID_14\032\frame_0038.jpg;custom_dataset\processed\VID_14\032\frame_0039.jpg,
VID_14_032_C01,VID_14,VID_14.mp4,32,VID_14_032,1,8,custom_dataset\processed\VID_14\032\frame_0036.jpg;custom_dataset\processed\VID_14\032\frame_0037.jpg;custom_dataset\processed\VID_14\032\frame_0038.jpg;custom_dataset\processed\VID_14\032\frame_0039.jpg;custom_dataset\processed\VID_14\032\frame_0040.jpg;custom_dataset\processed\VID_14\032\frame_0041.jpg;custom_dataset\processed\VID_14\032\frame_0042.jpg;custom_dataset\processed\VID_14\032\frame_0043.jpg,
VID_14_033_C00,VID_14,VID_14.mp4,33,VID_14_033,0,8,custom_dataset\processed\VID_14\033\frame_0033.jpg;custom_dataset\processed\VID_14\033\frame_0034.jpg;custom_dataset\processed\VID_14\033\frame_0036.jpg;custom_dataset\processed\VID_14\033\frame_0037.jpg;custom_dataset\processed\VID_14\033\frame_0038.jpg;custom_dataset\processed\VID_14\033\frame_0039.jpg;custom_dataset\processed\VID_14\033\frame_0040.jpg;custom_dataset\processed\VID_14\033\frame_0041.jpg,
VID_15_001_C00,VID_15,VID_15.mp4,1,VID_15_001,0,8,custom_dataset\processed\VID_15\001\frame_0000.jpg;custom_dataset\processed\VID_15\001\frame_0001.jpg;custom_dataset\processed\VID_15\001\frame_0002.jpg;custom_dataset\processed\VID_15\001\frame_0003.jpg;custom_dataset\processed\VID_15\001\frame_0004.jpg;custom_dataset\processed\VID_15\001\frame_0005.jpg;custom_dataset\processed\VID_15\001\frame_0009.jpg;custom_dataset\processed\VID_15\001\frame_0010.jpg,
VID_15_001_C01,VID_15,VID_15.mp4,1,VID_15_001,1,8,custom_dataset\processed\VID_15\001\frame_0004.jpg;custom_dataset\processed\VID_15\001\frame_0005.jpg;custom_dataset\processed\VID_15\001\frame_0009.jpg;custom_dataset\processed\VID_15\001\frame_0010.jpg;custom_dataset\processed\VID_15\001\frame_0011.jpg;custom_dataset\processed\VID_15\001\frame_0012.jpg;custom_dataset\processed\VID_15\001\frame_0013.jpg;custom_dataset\processed\VID_15\001\frame_0014.jpg,
VID_15_001_C02,VID_15,VID_15.mp4,1,VID_15_001,2,8,custom_dataset\processed\VID_15\001\frame_0011.jpg;custom_dataset\processed\VID_15\001\frame_0012.jpg;custom_dataset\processed\VID_15\001\frame_0013.jpg;custom_dataset\processed\VID_15\001\frame_0014.jpg;custom_dataset\processed\VID_15\001\frame_0015.jpg;custom_dataset\processed\VID_15\001\frame_0016.jpg;custom_dataset\processed\VID_15\001\frame_0017.jpg;custom_dataset\processed\VID_15\001\frame_0018.jpg,
VID_15_001_C03,VID_15,VID_15.mp4,1,VID_15_001,3,8,custom_dataset\processed\VID_15\001\frame_0015.jpg;custom_dataset\processed\VID_15\001\frame_0016.jpg;custom_dataset\processed\VID_15\001\frame_0017.jpg;custom_dataset\processed\VID_15\001\frame_0018.jpg;custom_dataset\processed\VID_15\001\frame_0019.jpg;custom_dataset\processed\VID_15\001\frame_0020.jpg;custom_dataset\processed\VID_15\001\frame_0021.jpg;custom_dataset\processed\VID_15\001\frame_0022.jpg,
VID_15_001_C04,VID_15,VID_15.mp4,1,VID_15_001,4,8,custom_dataset\processed\VID_15\001\frame_0019.jpg;custom_dataset\processed\VID_15\001\frame_0020.jpg;custom_dataset\processed\VID_15\001\frame_0021.jpg;custom_dataset\processed\VID_15\001\frame_0022.jpg;custom_dataset\processed\VID_15\001\frame_0023.jpg;custom_dataset\processed\VID_15\001\frame_0024.jpg;custom_dataset\processed\VID_15\001\frame_0025.jpg;custom_dataset\processed\VID_15\001\frame_0026.jpg,
VID_15_001_C05,VID_15,VID_15.mp4,1,VID_15_001,5,8,custom_dataset\processed\VID_15\001\frame_0023.jpg;custom_dataset\processed\VID_15\001\frame_0024.jpg;custom_dataset\processed\VID_15\001\frame_0025.jpg;custom_dataset\processed\VID_15\001\frame_0026.jpg;custom_dataset\processed\VID_15\001\frame_0027.jpg;custom_dataset\processed\VID_15\001\frame_0028.jpg;custom_dataset\processed\VID_15\001\frame_0029.jpg;custom_dataset\processed\VID_15\001\frame_0030.jpg,
VID_15_001_C06,VID_15,VID_15.mp4,1,VID_15_001,6,8,custom_dataset\processed\VID_15\001\frame_0027.jpg;custom_dataset\processed\VID_15\001\frame_0028.jpg;custom_dataset\processed\VID_15\001\frame_0029.jpg;custom_dataset\processed\VID_15\001\frame_0030.jpg;custom_dataset\processed\VID_15\001\frame_0031.jpg;custom_dataset\processed\VID_15\001\frame_0032.jpg;custom_dataset\processed\VID_15\001\frame_0033.jpg;custom_dataset\processed\VID_15\001\frame_0034.jpg,
VID_15_001_C07,VID_15,VID_15.mp4,1,VID_15_001,7,8,custom_dataset\processed\VID_15\001\frame_0031.jpg;custom_dataset\processed\VID_15\001\frame_0032.jpg;custom_dataset\processed\VID_15\001\frame_0033.jpg;custom_dataset\processed\VID_15\001\frame_0034.jpg;custom_dataset\processed\VID_15\001\frame_0035.jpg;custom_dataset\processed\VID_15\001\frame_0036.jpg;custom_dataset\processed\VID_15\001\frame_0037.jpg;custom_dataset\processed\VID_15\001\frame_0038.jpg,
VID_15_002_C00,VID_15,VID_15.mp4,2,VID_15_002,0,8,custom_dataset\processed\VID_15\002\frame_0000.jpg;custom_dataset\processed\VID_15\002\frame_0001.jpg;custom_dataset\processed\VID_15\002\frame_0002.jpg;custom_dataset\processed\VID_15\002\frame_0003.jpg;custom_dataset\processed\VID_15\002\frame_0004.jpg;custom_dataset\processed\VID_15\002\frame_0005.jpg;custom_dataset\processed\VID_15\002\frame_0006.jpg;custom_dataset\processed\VID_15\002\frame_0007.jpg,
VID_15_002_C01,VID_15,VID_15.mp4,2,VID_15_002,1,8,custom_dataset\processed\VID_15\002\frame_0004.jpg;custom_dataset\processed\VID_15\002\frame_0005.jpg;custom_dataset\processed\VID_15\002\frame_0006.jpg;custom_dataset\processed\VID_15\002\frame_0007.jpg;custom_dataset\processed\VID_15\002\frame_0008.jpg;custom_dataset\processed\VID_15\002\frame_0009.jpg;custom_dataset\processed\VID_15\002\frame_0010.jpg;custom_dataset\processed\VID_15\002\frame_0011.jpg,
VID_15_003_C00,VID_15,VID_15.mp4,3,VID_15_003,0,8,custom_dataset\processed\VID_15\003\frame_0000.jpg;custom_dataset\processed\VID_15\003\frame_0001.jpg;custom_dataset\processed\VID_15\003\frame_0002.jpg;custom_dataset\processed\VID_15\003\frame_0003.jpg;custom_dataset\processed\VID_15\003\frame_0004.jpg;custom_dataset\processed\VID_15\003\frame_0005.jpg;custom_dataset\processed\VID_15\003\frame_0006.jpg;custom_dataset\processed\VID_15\003\frame_0007.jpg,
VID_15_003_C01,VID_15,VID_15.mp4,3,VID_15_003,1,8,custom_dataset\processed\VID_15\003\frame_0004.jpg;custom_dataset\processed\VID_15\003\frame_0005.jpg;custom_dataset\processed\VID_15\003\frame_0006.jpg;custom_dataset\processed\VID_15\003\frame_0007.jpg;custom_dataset\processed\VID_15\003\frame_0008.jpg;custom_dataset\processed\VID_15\003\frame_0009.jpg;custom_dataset\processed\VID_15\003\frame_0010.jpg;custom_dataset\processed\VID_15\003\frame_0011.jpg,
VID_15_003_C02,VID_15,VID_15.mp4,3,VID_15_003,2,8,custom_dataset\processed\VID_15\003\frame_0008.jpg;custom_dataset\processed\VID_15\003\frame_0009.jpg;custom_dataset\processed\VID_15\003\frame_0010.jpg;custom_dataset\processed\VID_15\003\frame_0011.jpg;custom_dataset\processed\VID_15\003\frame_0012.jpg;custom_dataset\processed\VID_15\003\frame_0013.jpg;custom_dataset\processed\VID_15\003\frame_0014.jpg;custom_dataset\processed\VID_15\003\frame_0015.jpg,
VID_15_003_C03,VID_15,VID_15.mp4,3,VID_15_003,3,8,custom_dataset\processed\VID_15\003\frame_0012.jpg;custom_dataset\processed\VID_15\003\frame_0013.jpg;custom_dataset\processed\VID_15\003\frame_0014.jpg;custom_dataset\processed\VID_15\003\frame_0015.jpg;custom_dataset\processed\VID_15\003\frame_0016.jpg;custom_dataset\processed\VID_15\003\frame_0017.jpg;custom_dataset\processed\VID_15\003\frame_0018.jpg;custom_dataset\processed\VID_15\003\frame_0019.jpg,
VID_15_003_C04,VID_15,VID_15.mp4,3,VID_15_003,4,8,custom_dataset\processed\VID_15\003\frame_0016.jpg;custom_dataset\processed\VID_15\003\frame_0017.jpg;custom_dataset\processed\VID_15\003\frame_0018.jpg;custom_dataset\processed\VID_15\003\frame_0019.jpg;custom_dataset\processed\VID_15\003\frame_0020.jpg;custom_dataset\processed\VID_15\003\frame_0021.jpg;custom_dataset\processed\VID_15\003\frame_0022.jpg;custom_dataset\processed\VID_15\003\frame_0023.jpg,
VID_15_003_C05,VID_15,VID_15.mp4,3,VID_15_003,5,8,custom_dataset\processed\VID_15\003\frame_0020.jpg;custom_dataset\processed\VID_15\003\frame_0021.jpg;custom_dataset\processed\VID_15\003\frame_0022.jpg;custom_dataset\processed\VID_15\003\frame_0023.jpg;custom_dataset\processed\VID_15\003\frame_0024.jpg;custom_dataset\processed\VID_15\003\frame_0025.jpg;custom_dataset\processed\VID_15\003\frame_0026.jpg;custom_dataset\processed\VID_15\003\frame_0027.jpg,
VID_15_003_C06,VID_15,VID_15.mp4,3,VID_15_003,6,8,custom_dataset\processed\VID_15\003\frame_0024.jpg;custom_dataset\processed\VID_15\003\frame_0025.jpg;custom_dataset\processed\VID_15\003\frame_0026.jpg;custom_dataset\processed\VID_15\003\frame_0027.jpg;custom_dataset\processed\VID_15\003\frame_0028.jpg;custom_dataset\processed\VID_15\003\frame_0029.jpg;custom_dataset\processed\VID_15\003\frame_0030.jpg;custom_dataset\processed\VID_15\003\frame_0031.jpg,
VID_15_003_C07,VID_15,VID_15.mp4,3,VID_15_003,7,8,custom_dataset\processed\VID_15\003\frame_0028.jpg;custom_dataset\processed\VID_15\003\frame_0029.jpg;custom_dataset\processed\VID_15\003\frame_0030.jpg;custom_dataset\processed\VID_15\003\frame_0031.jpg;custom_dataset\processed\VID_15\003\frame_0032.jpg;custom_dataset\processed\VID_15\003\frame_0033.jpg;custom_dataset\processed\VID_15\003\frame_0034.jpg;custom_dataset\processed\VID_15\003\frame_0036.jpg,
VID_15_004_C00,VID_15,VID_15.mp4,4,VID_15_004,0,8,custom_dataset\processed\VID_15\004\frame_0000.jpg;custom_dataset\processed\VID_15\004\frame_0001.jpg;custom_dataset\processed\VID_15\004\frame_0002.jpg;custom_dataset\processed\VID_15\004\frame_0003.jpg;custom_dataset\processed\VID_15\004\frame_0004.jpg;custom_dataset\processed\VID_15\004\frame_0008.jpg;custom_dataset\processed\VID_15\004\frame_0009.jpg;custom_dataset\processed\VID_15\004\frame_0010.jpg,
VID_15_004_C01,VID_15,VID_15.mp4,4,VID_15_004,1,8,custom_dataset\processed\VID_15\004\frame_0004.jpg;custom_dataset\processed\VID_15\004\frame_0008.jpg;custom_dataset\processed\VID_15\004\frame_0009.jpg;custom_dataset\processed\VID_15\004\frame_0010.jpg;custom_dataset\processed\VID_15\004\frame_0013.jpg;custom_dataset\processed\VID_15\004\frame_0014.jpg;custom_dataset\processed\VID_15\004\frame_0015.jpg;custom_dataset\processed\VID_15\004\frame_0016.jpg,
VID_15_004_C02,VID_15,VID_15.mp4,4,VID_15_004,2,8,custom_dataset\processed\VID_15\004\frame_0013.jpg;custom_dataset\processed\VID_15\004\frame_0014.jpg;custom_dataset\processed\VID_15\004\frame_0015.jpg;custom_dataset\processed\VID_15\004\frame_0016.jpg;custom_dataset\processed\VID_15\004\frame_0017.jpg;custom_dataset\processed\VID_15\004\frame_0018.jpg;custom_dataset\processed\VID_15\004\frame_0019.jpg;custom_dataset\processed\VID_15\004\frame_0020.jpg,
VID_15_004_C03,VID_15,VID_15.mp4,4,VID_15_004,3,8,custom_dataset\processed\VID_15\004\frame_0017.jpg;custom_dataset\processed\VID_15\004\frame_0018.jpg;custom_dataset\processed\VID_15\004\frame_0019.jpg;custom_dataset\processed\VID_15\004\frame_0020.jpg;custom_dataset\processed\VID_15\004\frame_0021.jpg;custom_dataset\processed\VID_15\004\frame_0022.jpg;custom_dataset\processed\VID_15\004\frame_0023.jpg;custom_dataset\processed\VID_15\004\frame_0024.jpg,
VID_15_004_C04,VID_15,VID_15.mp4,4,VID_15_004,4,8,custom_dataset\processed\VID_15\004\frame_0021.jpg;custom_dataset\processed\VID_15\004\frame_0022.jpg;custom_dataset\processed\VID_15\004\frame_0023.jpg;custom_dataset\processed\VID_15\004\frame_0024.jpg;custom_dataset\processed\VID_15\004\frame_0025.jpg;custom_dataset\processed\VID_15\004\frame_0026.jpg;custom_dataset\processed\VID_15\004\frame_0027.jpg;custom_dataset\processed\VID_15\004\frame_0028.jpg,
VID_15_004_C05,VID_15,VID_15.mp4,4,VID_15_004,5,8,custom_dataset\processed\VID_15\004\frame_0025.jpg;custom_dataset\processed\VID_15\004\frame_0026.jpg;custom_dataset\processed\VID_15\004\frame_0027.jpg;custom_dataset\processed\VID_15\004\frame_0028.jpg;custom_dataset\processed\VID_15\004\frame_0029.jpg;custom_dataset\processed\VID_15\004\frame_0030.jpg;custom_dataset\processed\VID_15\004\frame_0031.jpg;custom_dataset\processed\VID_15\004\frame_0032.jpg,
VID_15_004_C06,VID_15,VID_15.mp4,4,VID_15_004,6,8,custom_dataset\processed\VID_15\004\frame_0029.jpg;custom_dataset\processed\VID_15\004\frame_0030.jpg;custom_dataset\processed\VID_15\004\frame_0031.jpg;custom_dataset\processed\VID_15\004\frame_0032.jpg;custom_dataset\processed\VID_15\004\frame_0033.jpg;custom_dataset\processed\VID_15\004\frame_0034.jpg;custom_dataset\processed\VID_15\004\frame_0035.jpg;custom_dataset\processed\VID_15\004\frame_0036.jpg,
VID_15_004_C07,VID_15,VID_15.mp4,4,VID_15_004,7,8,custom_dataset\processed\VID_15\004\frame_0033.jpg;custom_dataset\processed\VID_15\004\frame_0034.jpg;custom_dataset\processed\VID_15\004\frame_0035.jpg;custom_dataset\processed\VID_15\004\frame_0036.jpg;custom_dataset\processed\VID_15\004\frame_0037.jpg;custom_dataset\processed\VID_15\004\frame_0038.jpg;custom_dataset\processed\VID_15\004\frame_0039.jpg;custom_dataset\processed\VID_15\004\frame_0040.jpg,
VID_15_005_C00,VID_15,VID_15.mp4,5,VID_15_005,0,8,custom_dataset\processed\VID_15\005\frame_0000.jpg;custom_dataset\processed\VID_15\005\frame_0001.jpg;custom_dataset\processed\VID_15\005\frame_0002.jpg;custom_dataset\processed\VID_15\005\frame_0003.jpg;custom_dataset\processed\VID_15\005\frame_0004.jpg;custom_dataset\processed\VID_15\005\frame_0005.jpg;custom_dataset\processed\VID_15\005\frame_0006.jpg;custom_dataset\processed\VID_15\005\frame_0007.jpg,
VID_15_005_C01,VID_15,VID_15.mp4,5,VID_15_005,1,8,custom_dataset\processed\VID_15\005\frame_0004.jpg;custom_dataset\processed\VID_15\005\frame_0005.jpg;custom_dataset\processed\VID_15\005\frame_0006.jpg;custom_dataset\processed\VID_15\005\frame_0007.jpg;custom_dataset\processed\VID_15\005\frame_0008.jpg;custom_dataset\processed\VID_15\005\frame_0009.jpg;custom_dataset\processed\VID_15\005\frame_0010.jpg;custom_dataset\processed\VID_15\005\frame_0011.jpg,
VID_15_005_C02,VID_15,VID_15.mp4,5,VID_15_005,2,8,custom_dataset\processed\VID_15\005\frame_0008.jpg;custom_dataset\processed\VID_15\005\frame_0009.jpg;custom_dataset\processed\VID_15\005\frame_0010.jpg;custom_dataset\processed\VID_15\005\frame_0011.jpg;custom_dataset\processed\VID_15\005\frame_0012.jpg;custom_dataset\processed\VID_15\005\frame_0013.jpg;custom_dataset\processed\VID_15\005\frame_0014.jpg;custom_dataset\processed\VID_15\005\frame_0015.jpg,
VID_15_005_C03,VID_15,VID_15.mp4,5,VID_15_005,3,8,custom_dataset\processed\VID_15\005\frame_0012.jpg;custom_dataset\processed\VID_15\005\frame_0013.jpg;custom_dataset\processed\VID_15\005\frame_0014.jpg;custom_dataset\processed\VID_15\005\frame_0015.jpg;custom_dataset\processed\VID_15\005\frame_0016.jpg;custom_dataset\processed\VID_15\005\frame_0017.jpg;custom_dataset\processed\VID_15\005\frame_0018.jpg;custom_dataset\processed\VID_15\005\frame_0019.jpg,
VID_15_005_C04,VID_15,VID_15.mp4,5,VID_15_005,4,8,custom_dataset\processed\VID_15\005\frame_0016.jpg;custom_dataset\processed\VID_15\005\frame_0017.jpg;custom_dataset\processed\VID_15\005\frame_0018.jpg;custom_dataset\processed\VID_15\005\frame_0019.jpg;custom_dataset\processed\VID_15\005\frame_0020.jpg;custom_dataset\processed\VID_15\005\frame_0021.jpg;custom_dataset\processed\VID_15\005\frame_0022.jpg;custom_dataset\processed\VID_15\005\frame_0023.jpg,
VID_15_005_C05,VID_15,VID_15.mp4,5,VID_15_005,5,8,custom_dataset\processed\VID_15\005\frame_0020.jpg;custom_dataset\processed\VID_15\005\frame_0021.jpg;custom_dataset\processed\VID_15\005\frame_0022.jpg;custom_dataset\processed\VID_15\005\frame_0023.jpg;custom_dataset\processed\VID_15\005\frame_0024.jpg;custom_dataset\processed\VID_15\005\frame_0028.jpg;custom_dataset\processed\VID_15\005\frame_0029.jpg;custom_dataset\processed\VID_15\005\frame_0030.jpg,
VID_15_005_C06,VID_15,VID_15.mp4,5,VID_15_005,6,8,custom_dataset\processed\VID_15\005\frame_0024.jpg;custom_dataset\processed\VID_15\005\frame_0028.jpg;custom_dataset\processed\VID_15\005\frame_0029.jpg;custom_dataset\processed\VID_15\005\frame_0030.jpg;custom_dataset\processed\VID_15\005\frame_0031.jpg;custom_dataset\processed\VID_15\005\frame_0032.jpg;custom_dataset\processed\VID_15\005\frame_0033.jpg;custom_dataset\processed\VID_15\005\frame_0034.jpg,
VID_15_005_C07,VID_15,VID_15.mp4,5,VID_15_005,7,8,custom_dataset\processed\VID_15\005\frame_0031.jpg;custom_dataset\processed\VID_15\005\frame_0032.jpg;custom_dataset\processed\VID_15\005\frame_0033.jpg;custom_dataset\processed\VID_15\005\frame_0034.jpg;custom_dataset\processed\VID_15\005\frame_0035.jpg;custom_dataset\processed\VID_15\005\frame_0036.jpg;custom_dataset\processed\VID_15\005\frame_0037.jpg;custom_dataset\processed\VID_15\005\frame_0038.jpg,
VID_15_006_C00,VID_15,VID_15.mp4,6,VID_15_006,0,8,custom_dataset\processed\VID_15\006\frame_0000.jpg;custom_dataset\processed\VID_15\006\frame_0001.jpg;custom_dataset\processed\VID_15\006\frame_0002.jpg;custom_dataset\processed\VID_15\006\frame_0003.jpg;custom_dataset\processed\VID_15\006\frame_0004.jpg;custom_dataset\processed\VID_15\006\frame_0005.jpg;custom_dataset\processed\VID_15\006\frame_0006.jpg;custom_dataset\processed\VID_15\006\frame_0007.jpg,
VID_15_007_C00,VID_15,VID_15.mp4,7,VID_15_007,0,8,custom_dataset\processed\VID_15\007\frame_0000.jpg;custom_dataset\processed\VID_15\007\frame_0003.jpg;custom_dataset\processed\VID_15\007\frame_0004.jpg;custom_dataset\processed\VID_15\007\frame_0005.jpg;custom_dataset\processed\VID_15\007\frame_0006.jpg;custom_dataset\processed\VID_15\007\frame_0009.jpg;custom_dataset\processed\VID_15\007\frame_0013.jpg;custom_dataset\processed\VID_15\007\frame_0014.jpg,
VID_15_010_C00,VID_15,VID_15.mp4,10,VID_15_010,0,8,custom_dataset\processed\VID_15\010\frame_0002.jpg;custom_dataset\processed\VID_15\010\frame_0003.jpg;custom_dataset\processed\VID_15\010\frame_0004.jpg;custom_dataset\processed\VID_15\010\frame_0005.jpg;custom_dataset\processed\VID_15\010\frame_0006.jpg;custom_dataset\processed\VID_15\010\frame_0007.jpg;custom_dataset\processed\VID_15\010\frame_0008.jpg;custom_dataset\processed\VID_15\010\frame_0009.jpg,
VID_15_010_C01,VID_15,VID_15.mp4,10,VID_15_010,1,8,custom_dataset\processed\VID_15\010\frame_0006.jpg;custom_dataset\processed\VID_15\010\frame_0007.jpg;custom_dataset\processed\VID_15\010\frame_0008.jpg;custom_dataset\processed\VID_15\010\frame_0009.jpg;custom_dataset\processed\VID_15\010\frame_0010.jpg;custom_dataset\processed\VID_15\010\frame_0011.jpg;custom_dataset\processed\VID_15\010\frame_0012.jpg;custom_dataset\processed\VID_15\010\frame_0013.jpg,
VID_15_010_C02,VID_15,VID_15.mp4,10,VID_15_010,2,8,custom_dataset\processed\VID_15\010\frame_0010.jpg;custom_dataset\processed\VID_15\010\frame_0011.jpg;custom_dataset\processed\VID_15\010\frame_0012.jpg;custom_dataset\processed\VID_15\010\frame_0013.jpg;custom_dataset\processed\VID_15\010\frame_0014.jpg;custom_dataset\processed\VID_15\010\frame_0015.jpg;custom_dataset\processed\VID_15\010\frame_0016.jpg;custom_dataset\processed\VID_15\010\frame_0017.jpg,
VID_15_010_C03,VID_15,VID_15.mp4,10,VID_15_010,3,8,custom_dataset\processed\VID_15\010\frame_0014.jpg;custom_dataset\processed\VID_15\010\frame_0015.jpg;custom_dataset\processed\VID_15\010\frame_0016.jpg;custom_dataset\processed\VID_15\010\frame_0017.jpg;custom_dataset\processed\VID_15\010\frame_0018.jpg;custom_dataset\processed\VID_15\010\frame_0019.jpg;custom_dataset\processed\VID_15\010\frame_0020.jpg;custom_dataset\processed\VID_15\010\frame_0021.jpg,
VID_15_010_C04,VID_15,VID_15.mp4,10,VID_15_010,4,8,custom_dataset\processed\VID_15\010\frame_0018.jpg;custom_dataset\processed\VID_15\010\frame_0019.jpg;custom_dataset\processed\VID_15\010\frame_0020.jpg;custom_dataset\processed\VID_15\010\frame_0021.jpg;custom_dataset\processed\VID_15\010\frame_0022.jpg;custom_dataset\processed\VID_15\010\frame_0023.jpg;custom_dataset\processed\VID_15\010\frame_0024.jpg;custom_dataset\processed\VID_15\010\frame_0025.jpg,
VID_15_010_C05,VID_15,VID_15.mp4,10,VID_15_010,5,8,custom_dataset\processed\VID_15\010\frame_0022.jpg;custom_dataset\processed\VID_15\010\frame_0023.jpg;custom_dataset\processed\VID_15\010\frame_0024.jpg;custom_dataset\processed\VID_15\010\frame_0025.jpg;custom_dataset\processed\VID_15\010\frame_0026.jpg;custom_dataset\processed\VID_15\010\frame_0027.jpg;custom_dataset\processed\VID_15\010\frame_0028.jpg;custom_dataset\processed\VID_15\010\frame_0029.jpg,
VID_15_010_C06,VID_15,VID_15.mp4,10,VID_15_010,6,8,custom_dataset\processed\VID_15\010\frame_0026.jpg;custom_dataset\processed\VID_15\010\frame_0027.jpg;custom_dataset\processed\VID_15\010\frame_0028.jpg;custom_dataset\processed\VID_15\010\frame_0029.jpg;custom_dataset\processed\VID_15\010\frame_0030.jpg;custom_dataset\processed\VID_15\010\frame_0031.jpg;custom_dataset\processed\VID_15\010\frame_0032.jpg;custom_dataset\processed\VID_15\010\frame_0033.jpg,
VID_15_010_C07,VID_15,VID_15.mp4,10,VID_15_010,7,8,custom_dataset\processed\VID_15\010\frame_0030.jpg;custom_dataset\processed\VID_15\010\frame_0031.jpg;custom_dataset\processed\VID_15\010\frame_0032.jpg;custom_dataset\processed\VID_15\010\frame_0033.jpg;custom_dataset\processed\VID_15\010\frame_0034.jpg;custom_dataset\processed\VID_15\010\frame_0035.jpg;custom_dataset\processed\VID_15\010\frame_0036.jpg;custom_dataset\processed\VID_15\010\frame_0037.jpg,
VID_15_012_C00,VID_15,VID_15.mp4,12,VID_15_012,0,8,custom_dataset\processed\VID_15\012\frame_0003.jpg;custom_dataset\processed\VID_15\012\frame_0004.jpg;custom_dataset\processed\VID_15\012\frame_0005.jpg;custom_dataset\processed\VID_15\012\frame_0006.jpg;custom_dataset\processed\VID_15\012\frame_0007.jpg;custom_dataset\processed\VID_15\012\frame_0008.jpg;custom_dataset\processed\VID_15\012\frame_0009.jpg;custom_dataset\processed\VID_15\012\frame_0010.jpg,
VID_15_012_C01,VID_15,VID_15.mp4,12,VID_15_012,1,8,custom_dataset\processed\VID_15\012\frame_0007.jpg;custom_dataset\processed\VID_15\012\frame_0008.jpg;custom_dataset\processed\VID_15\012\frame_0009.jpg;custom_dataset\processed\VID_15\012\frame_0010.jpg;custom_dataset\processed\VID_15\012\frame_0011.jpg;custom_dataset\processed\VID_15\012\frame_0012.jpg;custom_dataset\processed\VID_15\012\frame_0013.jpg;custom_dataset\processed\VID_15\012\frame_0014.jpg,
VID_15_012_C02,VID_15,VID_15.mp4,12,VID_15_012,2,8,custom_dataset\processed\VID_15\012\frame_0011.jpg;custom_dataset\processed\VID_15\012\frame_0012.jpg;custom_dataset\processed\VID_15\012\frame_0013.jpg;custom_dataset\processed\VID_15\012\frame_0014.jpg;custom_dataset\processed\VID_15\012\frame_0015.jpg;custom_dataset\processed\VID_15\012\frame_0016.jpg;custom_dataset\processed\VID_15\012\frame_0017.jpg;custom_dataset\processed\VID_15\012\frame_0018.jpg,
VID_15_012_C03,VID_15,VID_15.mp4,12,VID_15_012,3,8,custom_dataset\processed\VID_15\012\frame_0015.jpg;custom_dataset\processed\VID_15\012\frame_0016.jpg;custom_dataset\processed\VID_15\012\frame_0017.jpg;custom_dataset\processed\VID_15\012\frame_0018.jpg;custom_dataset\processed\VID_15\012\frame_0019.jpg;custom_dataset\processed\VID_15\012\frame_0020.jpg;custom_dataset\processed\VID_15\012\frame_0021.jpg;custom_dataset\processed\VID_15\012\frame_0022.jpg,
VID_15_012_C04,VID_15,VID_15.mp4,12,VID_15_012,4,8,custom_dataset\processed\VID_15\012\frame_0019.jpg;custom_dataset\processed\VID_15\012\frame_0020.jpg;custom_dataset\processed\VID_15\012\frame_0021.jpg;custom_dataset\processed\VID_15\012\frame_0022.jpg;custom_dataset\processed\VID_15\012\frame_0023.jpg;custom_dataset\processed\VID_15\012\frame_0024.jpg;custom_dataset\processed\VID_15\012\frame_0025.jpg;custom_dataset\processed\VID_15\012\frame_0026.jpg,
VID_15_013_C00,VID_15,VID_15.mp4,13,VID_15_013,0,8,custom_dataset\processed\VID_15\013\frame_0004.jpg;custom_dataset\processed\VID_15\013\frame_0005.jpg;custom_dataset\processed\VID_15\013\frame_0006.jpg;custom_dataset\processed\VID_15\013\frame_0007.jpg;custom_dataset\processed\VID_15\013\frame_0008.jpg;custom_dataset\processed\VID_15\013\frame_0009.jpg;custom_dataset\processed\VID_15\013\frame_0010.jpg;custom_dataset\processed\VID_15\013\frame_0011.jpg,
VID_15_019_C00,VID_15,VID_15.mp4,19,VID_15_019,0,8,custom_dataset\processed\VID_15\019\frame_0017.jpg;custom_dataset\processed\VID_15\019\frame_0018.jpg;custom_dataset\processed\VID_15\019\frame_0020.jpg;custom_dataset\processed\VID_15\019\frame_0021.jpg;custom_dataset\processed\VID_15\019\frame_0022.jpg;custom_dataset\processed\VID_15\019\frame_0023.jpg;custom_dataset\processed\VID_15\019\frame_0024.jpg;custom_dataset\processed\VID_15\019\frame_0025.jpg,
VID_15_019_C01,VID_15,VID_15.mp4,19,VID_15_019,1,8,custom_dataset\processed\VID_15\019\frame_0022.jpg;custom_dataset\processed\VID_15\019\frame_0023.jpg;custom_dataset\processed\VID_15\019\frame_0024.jpg;custom_dataset\processed\VID_15\019\frame_0025.jpg;custom_dataset\processed\VID_15\019\frame_0026.jpg;custom_dataset\processed\VID_15\019\frame_0027.jpg;custom_dataset\processed\VID_15\019\frame_0028.jpg;custom_dataset\processed\VID_15\019\frame_0029.jpg,
VID_15_019_C02,VID_15,VID_15.mp4,19,VID_15_019,2,8,custom_dataset\processed\VID_15\019\frame_0026.jpg;custom_dataset\processed\VID_15\019\frame_0027.jpg;custom_dataset\processed\VID_15\019\frame_0028.jpg;custom_dataset\processed\VID_15\019\frame_0029.jpg;custom_dataset\processed\VID_15\019\frame_0030.jpg;custom_dataset\processed\VID_15\019\frame_0031.jpg;custom_dataset\processed\VID_15\019\frame_0032.jpg;custom_dataset\processed\VID_15\019\frame_0033.jpg,
VID_15_019_C03,VID_15,VID_15.mp4,19,VID_15_019,3,8,custom_dataset\processed\VID_15\019\frame_0030.jpg;custom_dataset\processed\VID_15\019\frame_0031.jpg;custom_dataset\processed\VID_15\019\frame_0032.jpg;custom_dataset\processed\VID_15\019\frame_0033.jpg;custom_dataset\processed\VID_15\019\frame_0034.jpg;custom_dataset\processed\VID_15\019\frame_0035.jpg;custom_dataset\processed\VID_15\019\frame_0036.jpg;custom_dataset\processed\VID_15\019\frame_0037.jpg,
VID_15_021_C00,VID_15,VID_15.mp4,21,VID_15_021,0,8,custom_dataset\processed\VID_15\021\frame_0023.jpg;custom_dataset\processed\VID_15\021\frame_0025.jpg;custom_dataset\processed\VID_15\021\frame_0026.jpg;custom_dataset\processed\VID_15\021\frame_0027.jpg;custom_dataset\processed\VID_15\021\frame_0028.jpg;custom_dataset\processed\VID_15\021\frame_0029.jpg;custom_dataset\processed\VID_15\021\frame_0030.jpg;custom_dataset\processed\VID_15\021\frame_0031.jpg,
VID_15_021_C01,VID_15,VID_15.mp4,21,VID_15_021,1,8,custom_dataset\processed\VID_15\021\frame_0028.jpg;custom_dataset\processed\VID_15\021\frame_0029.jpg;custom_dataset\processed\VID_15\021\frame_0030.jpg;custom_dataset\processed\VID_15\021\frame_0031.jpg;custom_dataset\processed\VID_15\021\frame_0032.jpg;custom_dataset\processed\VID_15\021\frame_0033.jpg;custom_dataset\processed\VID_15\021\frame_0034.jpg;custom_dataset\processed\VID_15\021\frame_0035.jpg,
VID_15_021_C02,VID_15,VID_15.mp4,21,VID_15_021,2,8,custom_dataset\processed\VID_15\021\frame_0032.jpg;custom_dataset\processed\VID_15\021\frame_0033.jpg;custom_dataset\processed\VID_15\021\frame_0034.jpg;custom_dataset\processed\VID_15\021\frame_0035.jpg;custom_dataset\processed\VID_15\021\frame_0036.jpg;custom_dataset\processed\VID_15\021\frame_0037.jpg;custom_dataset\processed\VID_15\021\frame_0038.jpg;custom_dataset\processed\VID_15\021\frame_0039.jpg,
VID_15_022_C00,VID_15,VID_15.mp4,22,VID_15_022,0,8,custom_dataset\processed\VID_15\022\frame_0023.jpg;custom_dataset\processed\VID_15\022\frame_0026.jpg;custom_dataset\processed\VID_15\022\frame_0029.jpg;custom_dataset\processed\VID_15\022\frame_0030.jpg;custom_dataset\processed\VID_15\022\frame_0031.jpg;custom_dataset\processed\VID_15\022\frame_0035.jpg;custom_dataset\processed\VID_15\022\frame_0036.jpg;custom_dataset\processed\VID_15\022\frame_0038.jpg,
VID_15_023_C00,VID_15,VID_15.mp4,23,VID_15_023,0,8,custom_dataset\processed\VID_15\023\frame_0024.jpg;custom_dataset\processed\VID_15\023\frame_0025.jpg;custom_dataset\processed\VID_15\023\frame_0027.jpg;custom_dataset\processed\VID_15\023\frame_0028.jpg;custom_dataset\processed\VID_15\023\frame_0029.jpg;custom_dataset\processed\VID_15\023\frame_0030.jpg;custom_dataset\processed\VID_15\023\frame_0031.jpg;custom_dataset\processed\VID_15\023\frame_0032.jpg,
VID_15_028_C00,VID_15,VID_15.mp4,28,VID_15_028,0,8,custom_dataset\processed\VID_15\028\frame_0032.jpg;custom_dataset\processed\VID_15\028\frame_0033.jpg;custom_dataset\processed\VID_15\028\frame_0034.jpg;custom_dataset\processed\VID_15\028\frame_0035.jpg;custom_dataset\processed\VID_15\028\frame_0036.jpg;custom_dataset\processed\VID_15\028\frame_0037.jpg;custom_dataset\processed\VID_15\028\frame_0038.jpg;custom_dataset\processed\VID_15\028\frame_0039.jpg,
VID_16_001_C00,VID_16,VID_16.mp4,1,VID_16_001,0,8,custom_dataset\processed\VID_16\001\frame_0000.jpg;custom_dataset\processed\VID_16\001\frame_0001.jpg;custom_dataset\processed\VID_16\001\frame_0002.jpg;custom_dataset\processed\VID_16\001\frame_0003.jpg;custom_dataset\processed\VID_16\001\frame_0004.jpg;custom_dataset\processed\VID_16\001\frame_0005.jpg;custom_dataset\processed\VID_16\001\frame_0006.jpg;custom_dataset\processed\VID_16\001\frame_0007.jpg,
VID_16_001_C01,VID_16,VID_16.mp4,1,VID_16_001,1,8,custom_dataset\processed\VID_16\001\frame_0004.jpg;custom_dataset\processed\VID_16\001\frame_0005.jpg;custom_dataset\processed\VID_16\001\frame_0006.jpg;custom_dataset\processed\VID_16\001\frame_0007.jpg;custom_dataset\processed\VID_16\001\frame_0008.jpg;custom_dataset\processed\VID_16\001\frame_0009.jpg;custom_dataset\processed\VID_16\001\frame_0010.jpg;custom_dataset\processed\VID_16\001\frame_0011.jpg,
VID_16_001_C02,VID_16,VID_16.mp4,1,VID_16_001,2,8,custom_dataset\processed\VID_16\001\frame_0008.jpg;custom_dataset\processed\VID_16\001\frame_0009.jpg;custom_dataset\processed\VID_16\001\frame_0010.jpg;custom_dataset\processed\VID_16\001\frame_0011.jpg;custom_dataset\processed\VID_16\001\frame_0012.jpg;custom_dataset\processed\VID_16\001\frame_0013.jpg;custom_dataset\processed\VID_16\001\frame_0014.jpg;custom_dataset\processed\VID_16\001\frame_0015.jpg,
VID_16_001_C03,VID_16,VID_16.mp4,1,VID_16_001,3,8,custom_dataset\processed\VID_16\001\frame_0012.jpg;custom_dataset\processed\VID_16\001\frame_0013.jpg;custom_dataset\processed\VID_16\001\frame_0014.jpg;custom_dataset\processed\VID_16\001\frame_0015.jpg;custom_dataset\processed\VID_16\001\frame_0016.jpg;custom_dataset\processed\VID_16\001\frame_0017.jpg;custom_dataset\processed\VID_16\001\frame_0018.jpg;custom_dataset\processed\VID_16\001\frame_0019.jpg,
VID_16_001_C04,VID_16,VID_16.mp4,1,VID_16_001,4,8,custom_dataset\processed\VID_16\001\frame_0016.jpg;custom_dataset\processed\VID_16\001\frame_0017.jpg;custom_dataset\processed\VID_16\001\frame_0018.jpg;custom_dataset\processed\VID_16\001\frame_0019.jpg;custom_dataset\processed\VID_16\001\frame_0020.jpg;custom_dataset\processed\VID_16\001\frame_0021.jpg;custom_dataset\processed\VID_16\001\frame_0022.jpg;custom_dataset\processed\VID_16\001\frame_0023.jpg,
VID_16_001_C05,VID_16,VID_16.mp4,1,VID_16_001,5,8,custom_dataset\processed\VID_16\001\frame_0020.jpg;custom_dataset\processed\VID_16\001\frame_0021.jpg;custom_dataset\processed\VID_16\001\frame_0022.jpg;custom_dataset\processed\VID_16\001\frame_0023.jpg;custom_dataset\processed\VID_16\001\frame_0024.jpg;custom_dataset\processed\VID_16\001\frame_0025.jpg;custom_dataset\processed\VID_16\001\frame_0026.jpg;custom_dataset\processed\VID_16\001\frame_0027.jpg,
VID_16_001_C06,VID_16,VID_16.mp4,1,VID_16_001,6,8,custom_dataset\processed\VID_16\001\frame_0024.jpg;custom_dataset\processed\VID_16\001\frame_0025.jpg;custom_dataset\processed\VID_16\001\frame_0026.jpg;custom_dataset\processed\VID_16\001\frame_0027.jpg;custom_dataset\processed\VID_16\001\frame_0028.jpg;custom_dataset\processed\VID_16\001\frame_0029.jpg;custom_dataset\processed\VID_16\001\frame_0030.jpg;custom_dataset\processed\VID_16\001\frame_0031.jpg,
VID_16_001_C07,VID_16,VID_16.mp4,1,VID_16_001,7,8,custom_dataset\processed\VID_16\001\frame_0028.jpg;custom_dataset\processed\VID_16\001\frame_0029.jpg;custom_dataset\processed\VID_16\001\frame_0030.jpg;custom_dataset\processed\VID_16\001\frame_0031.jpg;custom_dataset\processed\VID_16\001\frame_0032.jpg;custom_dataset\processed\VID_16\001\frame_0033.jpg;custom_dataset\processed\VID_16\001\frame_0034.jpg;custom_dataset\processed\VID_16\001\frame_0035.jpg,
VID_16_001_C08,VID_16,VID_16.mp4,1,VID_16_001,8,8,custom_dataset\processed\VID_16\001\frame_0032.jpg;custom_dataset\processed\VID_16\001\frame_0033.jpg;custom_dataset\processed\VID_16\001\frame_0034.jpg;custom_dataset\processed\VID_16\001\frame_0035.jpg;custom_dataset\processed\VID_16\001\frame_0036.jpg;custom_dataset\processed\VID_16\001\frame_0037.jpg;custom_dataset\processed\VID_16\001\frame_0038.jpg;custom_dataset\processed\VID_16\001\frame_0039.jpg,
VID_16_002_C00,VID_16,VID_16.mp4,2,VID_16_002,0,8,custom_dataset\processed\VID_16\002\frame_0000.jpg;custom_dataset\processed\VID_16\002\frame_0001.jpg;custom_dataset\processed\VID_16\002\frame_0002.jpg;custom_dataset\processed\VID_16\002\frame_0003.jpg;custom_dataset\processed\VID_16\002\frame_0004.jpg;custom_dataset\processed\VID_16\002\frame_0005.jpg;custom_dataset\processed\VID_16\002\frame_0006.jpg;custom_dataset\processed\VID_16\002\frame_0007.jpg,
VID_16_002_C01,VID_16,VID_16.mp4,2,VID_16_002,1,8,custom_dataset\processed\VID_16\002\frame_0004.jpg;custom_dataset\processed\VID_16\002\frame_0005.jpg;custom_dataset\processed\VID_16\002\frame_0006.jpg;custom_dataset\processed\VID_16\002\frame_0007.jpg;custom_dataset\processed\VID_16\002\frame_0008.jpg;custom_dataset\processed\VID_16\002\frame_0009.jpg;custom_dataset\processed\VID_16\002\frame_0010.jpg;custom_dataset\processed\VID_16\002\frame_0011.jpg,
VID_16_002_C02,VID_16,VID_16.mp4,2,VID_16_002,2,8,custom_dataset\processed\VID_16\002\frame_0008.jpg;custom_dataset\processed\VID_16\002\frame_0009.jpg;custom_dataset\processed\VID_16\002\frame_0010.jpg;custom_dataset\processed\VID_16\002\frame_0011.jpg;custom_dataset\processed\VID_16\002\frame_0012.jpg;custom_dataset\processed\VID_16\002\frame_0013.jpg;custom_dataset\processed\VID_16\002\frame_0014.jpg;custom_dataset\processed\VID_16\002\frame_0015.jpg,
VID_16_002_C03,VID_16,VID_16.mp4,2,VID_16_002,3,8,custom_dataset\processed\VID_16\002\frame_0012.jpg;custom_dataset\processed\VID_16\002\frame_0013.jpg;custom_dataset\processed\VID_16\002\frame_0014.jpg;custom_dataset\processed\VID_16\002\frame_0015.jpg;custom_dataset\processed\VID_16\002\frame_0016.jpg;custom_dataset\processed\VID_16\002\frame_0017.jpg;custom_dataset\processed\VID_16\002\frame_0018.jpg;custom_dataset\processed\VID_16\002\frame_0019.jpg,
VID_16_002_C04,VID_16,VID_16.mp4,2,VID_16_002,4,8,custom_dataset\processed\VID_16\002\frame_0016.jpg;custom_dataset\processed\VID_16\002\frame_0017.jpg;custom_dataset\processed\VID_16\002\frame_0018.jpg;custom_dataset\processed\VID_16\002\frame_0019.jpg;custom_dataset\processed\VID_16\002\frame_0020.jpg;custom_dataset\processed\VID_16\002\frame_0021.jpg;custom_dataset\processed\VID_16\002\frame_0022.jpg;custom_dataset\processed\VID_16\002\frame_0023.jpg,
VID_16_002_C05,VID_16,VID_16.mp4,2,VID_16_002,5,8,custom_dataset\processed\VID_16\002\frame_0020.jpg;custom_dataset\processed\VID_16\002\frame_0021.jpg;custom_dataset\processed\VID_16\002\frame_0022.jpg;custom_dataset\processed\VID_16\002\frame_0023.jpg;custom_dataset\processed\VID_16\002\frame_0024.jpg;custom_dataset\processed\VID_16\002\frame_0025.jpg;custom_dataset\processed\VID_16\002\frame_0026.jpg;custom_dataset\processed\VID_16\002\frame_0027.jpg,
VID_16_002_C06,VID_16,VID_16.mp4,2,VID_16_002,6,8,custom_dataset\processed\VID_16\002\frame_0024.jpg;custom_dataset\processed\VID_16\002\frame_0025.jpg;custom_dataset\processed\VID_16\002\frame_0026.jpg;custom_dataset\processed\VID_16\002\frame_0027.jpg;custom_dataset\processed\VID_16\002\frame_0028.jpg;custom_dataset\processed\VID_16\002\frame_0029.jpg;custom_dataset\processed\VID_16\002\frame_0030.jpg;custom_dataset\processed\VID_16\002\frame_0031.jpg,
VID_16_002_C07,VID_16,VID_16.mp4,2,VID_16_002,7,8,custom_dataset\processed\VID_16\002\frame_0028.jpg;custom_dataset\processed\VID_16\002\frame_0029.jpg;custom_dataset\processed\VID_16\002\frame_0030.jpg;custom_dataset\processed\VID_16\002\frame_0031.jpg;custom_dataset\processed\VID_16\002\frame_0032.jpg;custom_dataset\processed\VID_16\002\frame_0033.jpg;custom_dataset\processed\VID_16\002\frame_0034.jpg;custom_dataset\processed\VID_16\002\frame_0035.jpg,
VID_16_002_C08,VID_16,VID_16.mp4,2,VID_16_002,8,8,custom_dataset\processed\VID_16\002\frame_0032.jpg;custom_dataset\processed\VID_16\002\frame_0033.jpg;custom_dataset\processed\VID_16\002\frame_0034.jpg;custom_dataset\processed\VID_16\002\frame_0035.jpg;custom_dataset\processed\VID_16\002\frame_0036.jpg;custom_dataset\processed\VID_16\002\frame_0037.jpg;custom_dataset\processed\VID_16\002\frame_0038.jpg;custom_dataset\processed\VID_16\002\frame_0039.jpg,
VID_16_003_C00,VID_16,VID_16.mp4,3,VID_16_003,0,8,custom_dataset\processed\VID_16\003\frame_0000.jpg;custom_dataset\processed\VID_16\003\frame_0002.jpg;custom_dataset\processed\VID_16\003\frame_0003.jpg;custom_dataset\processed\VID_16\003\frame_0004.jpg;custom_dataset\processed\VID_16\003\frame_0006.jpg;custom_dataset\processed\VID_16\003\frame_0007.jpg;custom_dataset\processed\VID_16\003\frame_0008.jpg;custom_dataset\processed\VID_16\003\frame_0009.jpg,
VID_16_003_C01,VID_16,VID_16.mp4,3,VID_16_003,1,8,custom_dataset\processed\VID_16\003\frame_0006.jpg;custom_dataset\processed\VID_16\003\frame_0007.jpg;custom_dataset\processed\VID_16\003\frame_0008.jpg;custom_dataset\processed\VID_16\003\frame_0009.jpg;custom_dataset\processed\VID_16\003\frame_0010.jpg;custom_dataset\processed\VID_16\003\frame_0011.jpg;custom_dataset\processed\VID_16\003\frame_0013.jpg;custom_dataset\processed\VID_16\003\frame_0015.jpg,
VID_16_003_C02,VID_16,VID_16.mp4,3,VID_16_003,2,8,custom_dataset\processed\VID_16\003\frame_0010.jpg;custom_dataset\processed\VID_16\003\frame_0011.jpg;custom_dataset\processed\VID_16\003\frame_0013.jpg;custom_dataset\processed\VID_16\003\frame_0015.jpg;custom_dataset\processed\VID_16\003\frame_0017.jpg;custom_dataset\processed\VID_16\003\frame_0018.jpg;custom_dataset\processed\VID_16\003\frame_0019.jpg;custom_dataset\processed\VID_16\003\frame_0020.jpg,
VID_16_003_C03,VID_16,VID_16.mp4,3,VID_16_003,3,8,custom_dataset\processed\VID_16\003\frame_0017.jpg;custom_dataset\processed\VID_16\003\frame_0018.jpg;custom_dataset\processed\VID_16\003\frame_0019.jpg;custom_dataset\processed\VID_16\003\frame_0020.jpg;custom_dataset\processed\VID_16\003\frame_0021.jpg;custom_dataset\processed\VID_16\003\frame_0022.jpg;custom_dataset\processed\VID_16\003\frame_0023.jpg;custom_dataset\processed\VID_16\003\frame_0024.jpg,
VID_16_003_C04,VID_16,VID_16.mp4,3,VID_16_003,4,8,custom_dataset\processed\VID_16\003\frame_0021.jpg;custom_dataset\processed\VID_16\003\frame_0022.jpg;custom_dataset\processed\VID_16\003\frame_0023.jpg;custom_dataset\processed\VID_16\003\frame_0024.jpg;custom_dataset\processed\VID_16\003\frame_0025.jpg;custom_dataset\processed\VID_16\003\frame_0026.jpg;custom_dataset\processed\VID_16\003\frame_0027.jpg;custom_dataset\processed\VID_16\003\frame_0028.jpg,
VID_16_003_C05,VID_16,VID_16.mp4,3,VID_16_003,5,8,custom_dataset\processed\VID_16\003\frame_0025.jpg;custom_dataset\processed\VID_16\003\frame_0026.jpg;custom_dataset\processed\VID_16\003\frame_0027.jpg;custom_dataset\processed\VID_16\003\frame_0028.jpg;custom_dataset\processed\VID_16\003\frame_0029.jpg;custom_dataset\processed\VID_16\003\frame_0030.jpg;custom_dataset\processed\VID_16\003\frame_0031.jpg;custom_dataset\processed\VID_16\003\frame_0032.jpg,
VID_16_003_C06,VID_16,VID_16.mp4,3,VID_16_003,6,8,custom_dataset\processed\VID_16\003\frame_0029.jpg;custom_dataset\processed\VID_16\003\frame_0030.jpg;custom_dataset\processed\VID_16\003\frame_0031.jpg;custom_dataset\processed\VID_16\003\frame_0032.jpg;custom_dataset\processed\VID_16\003\frame_0033.jpg;custom_dataset\processed\VID_16\003\frame_0034.jpg;custom_dataset\processed\VID_16\003\frame_0035.jpg;custom_dataset\processed\VID_16\003\frame_0036.jpg,
VID_16_003_C07,VID_16,VID_16.mp4,3,VID_16_003,7,8,custom_dataset\processed\VID_16\003\frame_0033.jpg;custom_dataset\processed\VID_16\003\frame_0034.jpg;custom_dataset\processed\VID_16\003\frame_0035.jpg;custom_dataset\processed\VID_16\003\frame_0036.jpg;custom_dataset\processed\VID_16\003\frame_0037.jpg;custom_dataset\processed\VID_16\003\frame_0038.jpg;custom_dataset\processed\VID_16\003\frame_0039.jpg;custom_dataset\processed\VID_16\003\frame_0040.jpg,
VID_16_004_C00,VID_16,VID_16.mp4,4,VID_16_004,0,8,custom_dataset\processed\VID_16\004\frame_0000.jpg;custom_dataset\processed\VID_16\004\frame_0001.jpg;custom_dataset\processed\VID_16\004\frame_0002.jpg;custom_dataset\processed\VID_16\004\frame_0003.jpg;custom_dataset\processed\VID_16\004\frame_0004.jpg;custom_dataset\processed\VID_16\004\frame_0005.jpg;custom_dataset\processed\VID_16\004\frame_0006.jpg;custom_dataset\processed\VID_16\004\frame_0007.jpg,
VID_16_004_C01,VID_16,VID_16.mp4,4,VID_16_004,1,8,custom_dataset\processed\VID_16\004\frame_0004.jpg;custom_dataset\processed\VID_16\004\frame_0005.jpg;custom_dataset\processed\VID_16\004\frame_0006.jpg;custom_dataset\processed\VID_16\004\frame_0007.jpg;custom_dataset\processed\VID_16\004\frame_0008.jpg;custom_dataset\processed\VID_16\004\frame_0009.jpg;custom_dataset\processed\VID_16\004\frame_0010.jpg;custom_dataset\processed\VID_16\004\frame_0011.jpg,
VID_16_004_C02,VID_16,VID_16.mp4,4,VID_16_004,2,8,custom_dataset\processed\VID_16\004\frame_0008.jpg;custom_dataset\processed\VID_16\004\frame_0009.jpg;custom_dataset\processed\VID_16\004\frame_0010.jpg;custom_dataset\processed\VID_16\004\frame_0011.jpg;custom_dataset\processed\VID_16\004\frame_0012.jpg;custom_dataset\processed\VID_16\004\frame_0013.jpg;custom_dataset\processed\VID_16\004\frame_0014.jpg;custom_dataset\processed\VID_16\004\frame_0015.jpg,
VID_16_004_C03,VID_16,VID_16.mp4,4,VID_16_004,3,8,custom_dataset\processed\VID_16\004\frame_0012.jpg;custom_dataset\processed\VID_16\004\frame_0013.jpg;custom_dataset\processed\VID_16\004\frame_0014.jpg;custom_dataset\processed\VID_16\004\frame_0015.jpg;custom_dataset\processed\VID_16\004\frame_0016.jpg;custom_dataset\processed\VID_16\004\frame_0017.jpg;custom_dataset\processed\VID_16\004\frame_0018.jpg;custom_dataset\processed\VID_16\004\frame_0019.jpg,
VID_16_004_C04,VID_16,VID_16.mp4,4,VID_16_004,4,8,custom_dataset\processed\VID_16\004\frame_0016.jpg;custom_dataset\processed\VID_16\004\frame_0017.jpg;custom_dataset\processed\VID_16\004\frame_0018.jpg;custom_dataset\processed\VID_16\004\frame_0019.jpg;custom_dataset\processed\VID_16\004\frame_0020.jpg;custom_dataset\processed\VID_16\004\frame_0021.jpg;custom_dataset\processed\VID_16\004\frame_0022.jpg;custom_dataset\processed\VID_16\004\frame_0023.jpg,
VID_16_004_C05,VID_16,VID_16.mp4,4,VID_16_004,5,8,custom_dataset\processed\VID_16\004\frame_0020.jpg;custom_dataset\processed\VID_16\004\frame_0021.jpg;custom_dataset\processed\VID_16\004\frame_0022.jpg;custom_dataset\processed\VID_16\004\frame_0023.jpg;custom_dataset\processed\VID_16\004\frame_0024.jpg;custom_dataset\processed\VID_16\004\frame_0025.jpg;custom_dataset\processed\VID_16\004\frame_0026.jpg;custom_dataset\processed\VID_16\004\frame_0027.jpg,
VID_16_004_C06,VID_16,VID_16.mp4,4,VID_16_004,6,8,custom_dataset\processed\VID_16\004\frame_0024.jpg;custom_dataset\processed\VID_16\004\frame_0025.jpg;custom_dataset\processed\VID_16\004\frame_0026.jpg;custom_dataset\processed\VID_16\004\frame_0027.jpg;custom_dataset\processed\VID_16\004\frame_0028.jpg;custom_dataset\processed\VID_16\004\frame_0029.jpg;custom_dataset\processed\VID_16\004\frame_0030.jpg;custom_dataset\processed\VID_16\004\frame_0031.jpg,
VID_16_004_C07,VID_16,VID_16.mp4,4,VID_16_004,7,8,custom_dataset\processed\VID_16\004\frame_0028.jpg;custom_dataset\processed\VID_16\004\frame_0029.jpg;custom_dataset\processed\VID_16\004\frame_0030.jpg;custom_dataset\processed\VID_16\004\frame_0031.jpg;custom_dataset\processed\VID_16\004\frame_0032.jpg;custom_dataset\processed\VID_16\004\frame_0033.jpg;custom_dataset\processed\VID_16\004\frame_0034.jpg;custom_dataset\processed\VID_16\004\frame_0035.jpg,
VID_16_004_C08,VID_16,VID_16.mp4,4,VID_16_004,8,8,custom_dataset\processed\VID_16\004\frame_0032.jpg;custom_dataset\processed\VID_16\004\frame_0033.jpg;custom_dataset\processed\VID_16\004\frame_0034.jpg;custom_dataset\processed\VID_16\004\frame_0035.jpg;custom_dataset\processed\VID_16\004\frame_0036.jpg;custom_dataset\processed\VID_16\004\frame_0037.jpg;custom_dataset\processed\VID_16\004\frame_0038.jpg;custom_dataset\processed\VID_16\004\frame_0039.jpg,
VID_16_005_C00,VID_16,VID_16.mp4,5,VID_16_005,0,8,custom_dataset\processed\VID_16\005\frame_0000.jpg;custom_dataset\processed\VID_16\005\frame_0001.jpg;custom_dataset\processed\VID_16\005\frame_0002.jpg;custom_dataset\processed\VID_16\005\frame_0003.jpg;custom_dataset\processed\VID_16\005\frame_0004.jpg;custom_dataset\processed\VID_16\005\frame_0005.jpg;custom_dataset\processed\VID_16\005\frame_0006.jpg;custom_dataset\processed\VID_16\005\frame_0007.jpg,
VID_16_005_C01,VID_16,VID_16.mp4,5,VID_16_005,1,8,custom_dataset\processed\VID_16\005\frame_0004.jpg;custom_dataset\processed\VID_16\005\frame_0005.jpg;custom_dataset\processed\VID_16\005\frame_0006.jpg;custom_dataset\processed\VID_16\005\frame_0007.jpg;custom_dataset\processed\VID_16\005\frame_0008.jpg;custom_dataset\processed\VID_16\005\frame_0009.jpg;custom_dataset\processed\VID_16\005\frame_0010.jpg;custom_dataset\processed\VID_16\005\frame_0011.jpg,
VID_16_005_C02,VID_16,VID_16.mp4,5,VID_16_005,2,8,custom_dataset\processed\VID_16\005\frame_0008.jpg;custom_dataset\processed\VID_16\005\frame_0009.jpg;custom_dataset\processed\VID_16\005\frame_0010.jpg;custom_dataset\processed\VID_16\005\frame_0011.jpg;custom_dataset\processed\VID_16\005\frame_0012.jpg;custom_dataset\processed\VID_16\005\frame_0013.jpg;custom_dataset\processed\VID_16\005\frame_0014.jpg;custom_dataset\processed\VID_16\005\frame_0015.jpg,
VID_16_005_C03,VID_16,VID_16.mp4,5,VID_16_005,3,8,custom_dataset\processed\VID_16\005\frame_0012.jpg;custom_dataset\processed\VID_16\005\frame_0013.jpg;custom_dataset\processed\VID_16\005\frame_0014.jpg;custom_dataset\processed\VID_16\005\frame_0015.jpg;custom_dataset\processed\VID_16\005\frame_0016.jpg;custom_dataset\processed\VID_16\005\frame_0017.jpg;custom_dataset\processed\VID_16\005\frame_0018.jpg;custom_dataset\processed\VID_16\005\frame_0019.jpg,
VID_16_005_C04,VID_16,VID_16.mp4,5,VID_16_005,4,8,custom_dataset\processed\VID_16\005\frame_0016.jpg;custom_dataset\processed\VID_16\005\frame_0017.jpg;custom_dataset\processed\VID_16\005\frame_0018.jpg;custom_dataset\processed\VID_16\005\frame_0019.jpg;custom_dataset\processed\VID_16\005\frame_0020.jpg;custom_dataset\processed\VID_16\005\frame_0021.jpg;custom_dataset\processed\VID_16\005\frame_0022.jpg;custom_dataset\processed\VID_16\005\frame_0023.jpg,
VID_16_005_C05,VID_16,VID_16.mp4,5,VID_16_005,5,8,custom_dataset\processed\VID_16\005\frame_0020.jpg;custom_dataset\processed\VID_16\005\frame_0021.jpg;custom_dataset\processed\VID_16\005\frame_0022.jpg;custom_dataset\processed\VID_16\005\frame_0023.jpg;custom_dataset\processed\VID_16\005\frame_0024.jpg;custom_dataset\processed\VID_16\005\frame_0025.jpg;custom_dataset\processed\VID_16\005\frame_0026.jpg;custom_dataset\processed\VID_16\005\frame_0027.jpg,
VID_16_005_C06,VID_16,VID_16.mp4,5,VID_16_005,6,8,custom_dataset\processed\VID_16\005\frame_0024.jpg;custom_dataset\processed\VID_16\005\frame_0025.jpg;custom_dataset\processed\VID_16\005\frame_0026.jpg;custom_dataset\processed\VID_16\005\frame_0027.jpg;custom_dataset\processed\VID_16\005\frame_0028.jpg;custom_dataset\processed\VID_16\005\frame_0029.jpg;custom_dataset\processed\VID_16\005\frame_0030.jpg;custom_dataset\processed\VID_16\005\frame_0031.jpg,
VID_16_005_C07,VID_16,VID_16.mp4,5,VID_16_005,7,8,custom_dataset\processed\VID_16\005\frame_0028.jpg;custom_dataset\processed\VID_16\005\frame_0029.jpg;custom_dataset\processed\VID_16\005\frame_0030.jpg;custom_dataset\processed\VID_16\005\frame_0031.jpg;custom_dataset\processed\VID_16\005\frame_0032.jpg;custom_dataset\processed\VID_16\005\frame_0033.jpg;custom_dataset\processed\VID_16\005\frame_0034.jpg;custom_dataset\processed\VID_16\005\frame_0035.jpg,
VID_16_005_C08,VID_16,VID_16.mp4,5,VID_16_005,8,8,custom_dataset\processed\VID_16\005\frame_0032.jpg;custom_dataset\processed\VID_16\005\frame_0033.jpg;custom_dataset\processed\VID_16\005\frame_0034.jpg;custom_dataset\processed\VID_16\005\frame_0035.jpg;custom_dataset\processed\VID_16\005\frame_0036.jpg;custom_dataset\processed\VID_16\005\frame_0037.jpg;custom_dataset\processed\VID_16\005\frame_0038.jpg;custom_dataset\processed\VID_16\005\frame_0039.jpg,
VID_16_006_C00,VID_16,VID_16.mp4,6,VID_16_006,0,8,custom_dataset\processed\VID_16\006\frame_0000.jpg;custom_dataset\processed\VID_16\006\frame_0001.jpg;custom_dataset\processed\VID_16\006\frame_0002.jpg;custom_dataset\processed\VID_16\006\frame_0003.jpg;custom_dataset\processed\VID_16\006\frame_0004.jpg;custom_dataset\processed\VID_16\006\frame_0005.jpg;custom_dataset\processed\VID_16\006\frame_0006.jpg;custom_dataset\processed\VID_16\006\frame_0007.jpg,
VID_16_006_C01,VID_16,VID_16.mp4,6,VID_16_006,1,8,custom_dataset\processed\VID_16\006\frame_0004.jpg;custom_dataset\processed\VID_16\006\frame_0005.jpg;custom_dataset\processed\VID_16\006\frame_0006.jpg;custom_dataset\processed\VID_16\006\frame_0007.jpg;custom_dataset\processed\VID_16\006\frame_0008.jpg;custom_dataset\processed\VID_16\006\frame_0009.jpg;custom_dataset\processed\VID_16\006\frame_0010.jpg;custom_dataset\processed\VID_16\006\frame_0011.jpg,
VID_16_006_C02,VID_16,VID_16.mp4,6,VID_16_006,2,8,custom_dataset\processed\VID_16\006\frame_0008.jpg;custom_dataset\processed\VID_16\006\frame_0009.jpg;custom_dataset\processed\VID_16\006\frame_0010.jpg;custom_dataset\processed\VID_16\006\frame_0011.jpg;custom_dataset\processed\VID_16\006\frame_0012.jpg;custom_dataset\processed\VID_16\006\frame_0013.jpg;custom_dataset\processed\VID_16\006\frame_0014.jpg;custom_dataset\processed\VID_16\006\frame_0015.jpg,
VID_16_006_C03,VID_16,VID_16.mp4,6,VID_16_006,3,8,custom_dataset\processed\VID_16\006\frame_0012.jpg;custom_dataset\processed\VID_16\006\frame_0013.jpg;custom_dataset\processed\VID_16\006\frame_0014.jpg;custom_dataset\processed\VID_16\006\frame_0015.jpg;custom_dataset\processed\VID_16\006\frame_0016.jpg;custom_dataset\processed\VID_16\006\frame_0017.jpg;custom_dataset\processed\VID_16\006\frame_0018.jpg;custom_dataset\processed\VID_16\006\frame_0019.jpg,
VID_16_006_C04,VID_16,VID_16.mp4,6,VID_16_006,4,8,custom_dataset\processed\VID_16\006\frame_0016.jpg;custom_dataset\processed\VID_16\006\frame_0017.jpg;custom_dataset\processed\VID_16\006\frame_0018.jpg;custom_dataset\processed\VID_16\006\frame_0019.jpg;custom_dataset\processed\VID_16\006\frame_0020.jpg;custom_dataset\processed\VID_16\006\frame_0021.jpg;custom_dataset\processed\VID_16\006\frame_0022.jpg;custom_dataset\processed\VID_16\006\frame_0023.jpg,
VID_16_006_C05,VID_16,VID_16.mp4,6,VID_16_006,5,8,custom_dataset\processed\VID_16\006\frame_0020.jpg;custom_dataset\processed\VID_16\006\frame_0021.jpg;custom_dataset\processed\VID_16\006\frame_0022.jpg;custom_dataset\processed\VID_16\006\frame_0023.jpg;custom_dataset\processed\VID_16\006\frame_0024.jpg;custom_dataset\processed\VID_16\006\frame_0025.jpg;custom_dataset\processed\VID_16\006\frame_0026.jpg;custom_dataset\processed\VID_16\006\frame_0027.jpg,
VID_16_006_C06,VID_16,VID_16.mp4,6,VID_16_006,6,8,custom_dataset\processed\VID_16\006\frame_0024.jpg;custom_dataset\processed\VID_16\006\frame_0025.jpg;custom_dataset\processed\VID_16\006\frame_0026.jpg;custom_dataset\processed\VID_16\006\frame_0027.jpg;custom_dataset\processed\VID_16\006\frame_0028.jpg;custom_dataset\processed\VID_16\006\frame_0029.jpg;custom_dataset\processed\VID_16\006\frame_0030.jpg;custom_dataset\processed\VID_16\006\frame_0031.jpg,
VID_16_006_C07,VID_16,VID_16.mp4,6,VID_16_006,7,8,custom_dataset\processed\VID_16\006\frame_0028.jpg;custom_dataset\processed\VID_16\006\frame_0029.jpg;custom_dataset\processed\VID_16\006\frame_0030.jpg;custom_dataset\processed\VID_16\006\frame_0031.jpg;custom_dataset\processed\VID_16\006\frame_0032.jpg;custom_dataset\processed\VID_16\006\frame_0033.jpg;custom_dataset\processed\VID_16\006\frame_0034.jpg;custom_dataset\processed\VID_16\006\frame_0035.jpg,
VID_16_006_C08,VID_16,VID_16.mp4,6,VID_16_006,8,8,custom_dataset\processed\VID_16\006\frame_0032.jpg;custom_dataset\processed\VID_16\006\frame_0033.jpg;custom_dataset\processed\VID_16\006\frame_0034.jpg;custom_dataset\processed\VID_16\006\frame_0035.jpg;custom_dataset\processed\VID_16\006\frame_0036.jpg;custom_dataset\processed\VID_16\006\frame_0037.jpg;custom_dataset\processed\VID_16\006\frame_0038.jpg;custom_dataset\processed\VID_16\006\frame_0039.jpg,
VID_16_007_C00,VID_16,VID_16.mp4,7,VID_16_007,0,8,custom_dataset\processed\VID_16\007\frame_0000.jpg;custom_dataset\processed\VID_16\007\frame_0001.jpg;custom_dataset\processed\VID_16\007\frame_0002.jpg;custom_dataset\processed\VID_16\007\frame_0003.jpg;custom_dataset\processed\VID_16\007\frame_0004.jpg;custom_dataset\processed\VID_16\007\frame_0005.jpg;custom_dataset\processed\VID_16\007\frame_0006.jpg;custom_dataset\processed\VID_16\007\frame_0007.jpg,
VID_16_007_C01,VID_16,VID_16.mp4,7,VID_16_007,1,8,custom_dataset\processed\VID_16\007\frame_0004.jpg;custom_dataset\processed\VID_16\007\frame_0005.jpg;custom_dataset\processed\VID_16\007\frame_0006.jpg;custom_dataset\processed\VID_16\007\frame_0007.jpg;custom_dataset\processed\VID_16\007\frame_0008.jpg;custom_dataset\processed\VID_16\007\frame_0009.jpg;custom_dataset\processed\VID_16\007\frame_0010.jpg;custom_dataset\processed\VID_16\007\frame_0011.jpg,
VID_16_007_C02,VID_16,VID_16.mp4,7,VID_16_007,2,8,custom_dataset\processed\VID_16\007\frame_0008.jpg;custom_dataset\processed\VID_16\007\frame_0009.jpg;custom_dataset\processed\VID_16\007\frame_0010.jpg;custom_dataset\processed\VID_16\007\frame_0011.jpg;custom_dataset\processed\VID_16\007\frame_0012.jpg;custom_dataset\processed\VID_16\007\frame_0013.jpg;custom_dataset\processed\VID_16\007\frame_0014.jpg;custom_dataset\processed\VID_16\007\frame_0015.jpg,
VID_16_007_C03,VID_16,VID_16.mp4,7,VID_16_007,3,8,custom_dataset\processed\VID_16\007\frame_0012.jpg;custom_dataset\processed\VID_16\007\frame_0013.jpg;custom_dataset\processed\VID_16\007\frame_0014.jpg;custom_dataset\processed\VID_16\007\frame_0015.jpg;custom_dataset\processed\VID_16\007\frame_0016.jpg;custom_dataset\processed\VID_16\007\frame_0017.jpg;custom_dataset\processed\VID_16\007\frame_0018.jpg;custom_dataset\processed\VID_16\007\frame_0019.jpg,
VID_16_007_C04,VID_16,VID_16.mp4,7,VID_16_007,4,8,custom_dataset\processed\VID_16\007\frame_0016.jpg;custom_dataset\processed\VID_16\007\frame_0017.jpg;custom_dataset\processed\VID_16\007\frame_0018.jpg;custom_dataset\processed\VID_16\007\frame_0019.jpg;custom_dataset\processed\VID_16\007\frame_0020.jpg;custom_dataset\processed\VID_16\007\frame_0021.jpg;custom_dataset\processed\VID_16\007\frame_0022.jpg;custom_dataset\processed\VID_16\007\frame_0023.jpg,
VID_16_007_C05,VID_16,VID_16.mp4,7,VID_16_007,5,8,custom_dataset\processed\VID_16\007\frame_0020.jpg;custom_dataset\processed\VID_16\007\frame_0021.jpg;custom_dataset\processed\VID_16\007\frame_0022.jpg;custom_dataset\processed\VID_16\007\frame_0023.jpg;custom_dataset\processed\VID_16\007\frame_0024.jpg;custom_dataset\processed\VID_16\007\frame_0025.jpg;custom_dataset\processed\VID_16\007\frame_0026.jpg;custom_dataset\processed\VID_16\007\frame_0027.jpg,
VID_16_007_C06,VID_16,VID_16.mp4,7,VID_16_007,6,8,custom_dataset\processed\VID_16\007\frame_0024.jpg;custom_dataset\processed\VID_16\007\frame_0025.jpg;custom_dataset\processed\VID_16\007\frame_0026.jpg;custom_dataset\processed\VID_16\007\frame_0027.jpg;custom_dataset\processed\VID_16\007\frame_0028.jpg;custom_dataset\processed\VID_16\007\frame_0029.jpg;custom_dataset\processed\VID_16\007\frame_0030.jpg;custom_dataset\processed\VID_16\007\frame_0031.jpg,
VID_16_007_C07,VID_16,VID_16.mp4,7,VID_16_007,7,8,custom_dataset\processed\VID_16\007\frame_0028.jpg;custom_dataset\processed\VID_16\007\frame_0029.jpg;custom_dataset\processed\VID_16\007\frame_0030.jpg;custom_dataset\processed\VID_16\007\frame_0031.jpg;custom_dataset\processed\VID_16\007\frame_0032.jpg;custom_dataset\processed\VID_16\007\frame_0033.jpg;custom_dataset\processed\VID_16\007\frame_0034.jpg;custom_dataset\processed\VID_16\007\frame_0035.jpg,
VID_16_007_C08,VID_16,VID_16.mp4,7,VID_16_007,8,8,custom_dataset\processed\VID_16\007\frame_0032.jpg;custom_dataset\processed\VID_16\007\frame_0033.jpg;custom_dataset\processed\VID_16\007\frame_0034.jpg;custom_dataset\processed\VID_16\007\frame_0035.jpg;custom_dataset\processed\VID_16\007\frame_0036.jpg;custom_dataset\processed\VID_16\007\frame_0037.jpg;custom_dataset\processed\VID_16\007\frame_0038.jpg;custom_dataset\processed\VID_16\007\frame_0039.jpg,
VID_16_008_C00,VID_16,VID_16.mp4,8,VID_16_008,0,8,custom_dataset\processed\VID_16\008\frame_0000.jpg;custom_dataset\processed\VID_16\008\frame_0001.jpg;custom_dataset\processed\VID_16\008\frame_0002.jpg;custom_dataset\processed\VID_16\008\frame_0003.jpg;custom_dataset\processed\VID_16\008\frame_0004.jpg;custom_dataset\processed\VID_16\008\frame_0005.jpg;custom_dataset\processed\VID_16\008\frame_0006.jpg;custom_dataset\processed\VID_16\008\frame_0007.jpg,
VID_16_008_C01,VID_16,VID_16.mp4,8,VID_16_008,1,8,custom_dataset\processed\VID_16\008\frame_0004.jpg;custom_dataset\processed\VID_16\008\frame_0005.jpg;custom_dataset\processed\VID_16\008\frame_0006.jpg;custom_dataset\processed\VID_16\008\frame_0007.jpg;custom_dataset\processed\VID_16\008\frame_0008.jpg;custom_dataset\processed\VID_16\008\frame_0009.jpg;custom_dataset\processed\VID_16\008\frame_0010.jpg;custom_dataset\processed\VID_16\008\frame_0011.jpg,
VID_16_008_C02,VID_16,VID_16.mp4,8,VID_16_008,2,8,custom_dataset\processed\VID_16\008\frame_0008.jpg;custom_dataset\processed\VID_16\008\frame_0009.jpg;custom_dataset\processed\VID_16\008\frame_0010.jpg;custom_dataset\processed\VID_16\008\frame_0011.jpg;custom_dataset\processed\VID_16\008\frame_0012.jpg;custom_dataset\processed\VID_16\008\frame_0013.jpg;custom_dataset\processed\VID_16\008\frame_0014.jpg;custom_dataset\processed\VID_16\008\frame_0015.jpg,
VID_16_008_C03,VID_16,VID_16.mp4,8,VID_16_008,3,8,custom_dataset\processed\VID_16\008\frame_0012.jpg;custom_dataset\processed\VID_16\008\frame_0013.jpg;custom_dataset\processed\VID_16\008\frame_0014.jpg;custom_dataset\processed\VID_16\008\frame_0015.jpg;custom_dataset\processed\VID_16\008\frame_0016.jpg;custom_dataset\processed\VID_16\008\frame_0017.jpg;custom_dataset\processed\VID_16\008\frame_0018.jpg;custom_dataset\processed\VID_16\008\frame_0019.jpg,
VID_16_009_C00,VID_16,VID_16.mp4,9,VID_16_009,0,8,custom_dataset\processed\VID_16\009\frame_0000.jpg;custom_dataset\processed\VID_16\009\frame_0001.jpg;custom_dataset\processed\VID_16\009\frame_0002.jpg;custom_dataset\processed\VID_16\009\frame_0003.jpg;custom_dataset\processed\VID_16\009\frame_0004.jpg;custom_dataset\processed\VID_16\009\frame_0005.jpg;custom_dataset\processed\VID_16\009\frame_0006.jpg;custom_dataset\processed\VID_16\009\frame_0007.jpg,
VID_16_009_C01,VID_16,VID_16.mp4,9,VID_16_009,1,8,custom_dataset\processed\VID_16\009\frame_0004.jpg;custom_dataset\processed\VID_16\009\frame_0005.jpg;custom_dataset\processed\VID_16\009\frame_0006.jpg;custom_dataset\processed\VID_16\009\frame_0007.jpg;custom_dataset\processed\VID_16\009\frame_0008.jpg;custom_dataset\processed\VID_16\009\frame_0009.jpg;custom_dataset\processed\VID_16\009\frame_0010.jpg;custom_dataset\processed\VID_16\009\frame_0011.jpg,
VID_16_009_C02,VID_16,VID_16.mp4,9,VID_16_009,2,8,custom_dataset\processed\VID_16\009\frame_0008.jpg;custom_dataset\processed\VID_16\009\frame_0009.jpg;custom_dataset\processed\VID_16\009\frame_0010.jpg;custom_dataset\processed\VID_16\009\frame_0011.jpg;custom_dataset\processed\VID_16\009\frame_0012.jpg;custom_dataset\processed\VID_16\009\frame_0013.jpg;custom_dataset\processed\VID_16\009\frame_0014.jpg;custom_dataset\processed\VID_16\009\frame_0015.jpg,
VID_16_009_C03,VID_16,VID_16.mp4,9,VID_16_009,3,8,custom_dataset\processed\VID_16\009\frame_0012.jpg;custom_dataset\processed\VID_16\009\frame_0013.jpg;custom_dataset\processed\VID_16\009\frame_0014.jpg;custom_dataset\processed\VID_16\009\frame_0015.jpg;custom_dataset\processed\VID_16\009\frame_0016.jpg;custom_dataset\processed\VID_16\009\frame_0017.jpg;custom_dataset\processed\VID_16\009\frame_0018.jpg;custom_dataset\processed\VID_16\009\frame_0019.jpg,
VID_16_009_C04,VID_16,VID_16.mp4,9,VID_16_009,4,8,custom_dataset\processed\VID_16\009\frame_0016.jpg;custom_dataset\processed\VID_16\009\frame_0017.jpg;custom_dataset\processed\VID_16\009\frame_0018.jpg;custom_dataset\processed\VID_16\009\frame_0019.jpg;custom_dataset\processed\VID_16\009\frame_0020.jpg;custom_dataset\processed\VID_16\009\frame_0021.jpg;custom_dataset\processed\VID_16\009\frame_0022.jpg;custom_dataset\processed\VID_16\009\frame_0023.jpg,
VID_16_009_C05,VID_16,VID_16.mp4,9,VID_16_009,5,8,custom_dataset\processed\VID_16\009\frame_0020.jpg;custom_dataset\processed\VID_16\009\frame_0021.jpg;custom_dataset\processed\VID_16\009\frame_0022.jpg;custom_dataset\processed\VID_16\009\frame_0023.jpg;custom_dataset\processed\VID_16\009\frame_0024.jpg;custom_dataset\processed\VID_16\009\frame_0025.jpg;custom_dataset\processed\VID_16\009\frame_0026.jpg;custom_dataset\processed\VID_16\009\frame_0027.jpg,
VID_16_009_C06,VID_16,VID_16.mp4,9,VID_16_009,6,8,custom_dataset\processed\VID_16\009\frame_0024.jpg;custom_dataset\processed\VID_16\009\frame_0025.jpg;custom_dataset\processed\VID_16\009\frame_0026.jpg;custom_dataset\processed\VID_16\009\frame_0027.jpg;custom_dataset\processed\VID_16\009\frame_0028.jpg;custom_dataset\processed\VID_16\009\frame_0029.jpg;custom_dataset\processed\VID_16\009\frame_0030.jpg;custom_dataset\processed\VID_16\009\frame_0031.jpg,
VID_16_009_C07,VID_16,VID_16.mp4,9,VID_16_009,7,8,custom_dataset\processed\VID_16\009\frame_0028.jpg;custom_dataset\processed\VID_16\009\frame_0029.jpg;custom_dataset\processed\VID_16\009\frame_0030.jpg;custom_dataset\processed\VID_16\009\frame_0031.jpg;custom_dataset\processed\VID_16\009\frame_0032.jpg;custom_dataset\processed\VID_16\009\frame_0033.jpg;custom_dataset\processed\VID_16\009\frame_0034.jpg;custom_dataset\processed\VID_16\009\frame_0035.jpg,
VID_16_009_C08,VID_16,VID_16.mp4,9,VID_16_009,8,8,custom_dataset\processed\VID_16\009\frame_0032.jpg;custom_dataset\processed\VID_16\009\frame_0033.jpg;custom_dataset\processed\VID_16\009\frame_0034.jpg;custom_dataset\processed\VID_16\009\frame_0035.jpg;custom_dataset\processed\VID_16\009\frame_0036.jpg;custom_dataset\processed\VID_16\009\frame_0037.jpg;custom_dataset\processed\VID_16\009\frame_0038.jpg;custom_dataset\processed\VID_16\009\frame_0039.jpg,
VID_16_011_C00,VID_16,VID_16.mp4,11,VID_16_011,0,8,custom_dataset\processed\VID_16\011\frame_0000.jpg;custom_dataset\processed\VID_16\011\frame_0000.jpg;custom_dataset\processed\VID_16\011\frame_0001.jpg;custom_dataset\processed\VID_16\011\frame_0002.jpg;custom_dataset\processed\VID_16\011\frame_0003.jpg;custom_dataset\processed\VID_16\011\frame_0004.jpg;custom_dataset\processed\VID_16\011\frame_0005.jpg;custom_dataset\processed\VID_16\011\frame_0006.jpg,
VID_16_011_C01,VID_16,VID_16.mp4,11,VID_16_011,1,8,custom_dataset\processed\VID_16\011\frame_0003.jpg;custom_dataset\processed\VID_16\011\frame_0004.jpg;custom_dataset\processed\VID_16\011\frame_0005.jpg;custom_dataset\processed\VID_16\011\frame_0006.jpg;custom_dataset\processed\VID_16\011\frame_0007.jpg;custom_dataset\processed\VID_16\011\frame_0009.jpg;custom_dataset\processed\VID_16\011\frame_0010.jpg;custom_dataset\processed\VID_16\011\frame_0011.jpg,
VID_16_013_C00,VID_16,VID_16.mp4,13,VID_16_013,0,8,custom_dataset\processed\VID_16\013\frame_0002.jpg;custom_dataset\processed\VID_16\013\frame_0004.jpg;custom_dataset\processed\VID_16\013\frame_0005.jpg;custom_dataset\processed\VID_16\013\frame_0006.jpg;custom_dataset\processed\VID_16\013\frame_0007.jpg;custom_dataset\processed\VID_16\013\frame_0008.jpg;custom_dataset\processed\VID_16\013\frame_0009.jpg;custom_dataset\processed\VID_16\013\frame_0010.jpg,
VID_16_013_C01,VID_16,VID_16.mp4,13,VID_16_013,1,8,custom_dataset\processed\VID_16\013\frame_0007.jpg;custom_dataset\processed\VID_16\013\frame_0008.jpg;custom_dataset\processed\VID_16\013\frame_0009.jpg;custom_dataset\processed\VID_16\013\frame_0010.jpg;custom_dataset\processed\VID_16\013\frame_0011.jpg;custom_dataset\processed\VID_16\013\frame_0012.jpg;custom_dataset\processed\VID_16\013\frame_0013.jpg;custom_dataset\processed\VID_16\013\frame_0014.jpg,
VID_16_013_C02,VID_16,VID_16.mp4,13,VID_16_013,2,8,custom_dataset\processed\VID_16\013\frame_0011.jpg;custom_dataset\processed\VID_16\013\frame_0012.jpg;custom_dataset\processed\VID_16\013\frame_0013.jpg;custom_dataset\processed\VID_16\013\frame_0014.jpg;custom_dataset\processed\VID_16\013\frame_0015.jpg;custom_dataset\processed\VID_16\013\frame_0016.jpg;custom_dataset\processed\VID_16\013\frame_0017.jpg;custom_dataset\processed\VID_16\013\frame_0018.jpg,
VID_16_013_C03,VID_16,VID_16.mp4,13,VID_16_013,3,8,custom_dataset\processed\VID_16\013\frame_0015.jpg;custom_dataset\processed\VID_16\013\frame_0016.jpg;custom_dataset\processed\VID_16\013\frame_0017.jpg;custom_dataset\processed\VID_16\013\frame_0018.jpg;custom_dataset\processed\VID_16\013\frame_0019.jpg;custom_dataset\processed\VID_16\013\frame_0020.jpg;custom_dataset\processed\VID_16\013\frame_0022.jpg;custom_dataset\processed\VID_16\013\frame_0023.jpg,
VID_16_013_C04,VID_16,VID_16.mp4,13,VID_16_013,4,8,custom_dataset\processed\VID_16\013\frame_0019.jpg;custom_dataset\processed\VID_16\013\frame_0020.jpg;custom_dataset\processed\VID_16\013\frame_0022.jpg;custom_dataset\processed\VID_16\013\frame_0023.jpg;custom_dataset\processed\VID_16\013\frame_0024.jpg;custom_dataset\processed\VID_16\013\frame_0025.jpg;custom_dataset\processed\VID_16\013\frame_0026.jpg;custom_dataset\processed\VID_16\013\frame_0027.jpg,
VID_16_013_C05,VID_16,VID_16.mp4,13,VID_16_013,5,8,custom_dataset\processed\VID_16\013\frame_0024.jpg;custom_dataset\processed\VID_16\013\frame_0025.jpg;custom_dataset\processed\VID_16\013\frame_0026.jpg;custom_dataset\processed\VID_16\013\frame_0027.jpg;custom_dataset\processed\VID_16\013\frame_0028.jpg;custom_dataset\processed\VID_16\013\frame_0029.jpg;custom_dataset\processed\VID_16\013\frame_0030.jpg;custom_dataset\processed\VID_16\013\frame_0031.jpg,
VID_16_013_C06,VID_16,VID_16.mp4,13,VID_16_013,6,8,custom_dataset\processed\VID_16\013\frame_0028.jpg;custom_dataset\processed\VID_16\013\frame_0029.jpg;custom_dataset\processed\VID_16\013\frame_0030.jpg;custom_dataset\processed\VID_16\013\frame_0031.jpg;custom_dataset\processed\VID_16\013\frame_0032.jpg;custom_dataset\processed\VID_16\013\frame_0033.jpg;custom_dataset\processed\VID_16\013\frame_0034.jpg;custom_dataset\processed\VID_16\013\frame_0037.jpg,
VID_16_014_C00,VID_16,VID_16.mp4,14,VID_16_014,0,8,custom_dataset\processed\VID_16\014\frame_0002.jpg;custom_dataset\processed\VID_16\014\frame_0005.jpg;custom_dataset\processed\VID_16\014\frame_0006.jpg;custom_dataset\processed\VID_16\014\frame_0007.jpg;custom_dataset\processed\VID_16\014\frame_0008.jpg;custom_dataset\processed\VID_16\014\frame_0009.jpg;custom_dataset\processed\VID_16\014\frame_0010.jpg;custom_dataset\processed\VID_16\014\frame_0011.jpg,
VID_16_014_C01,VID_16,VID_16.mp4,14,VID_16_014,1,8,custom_dataset\processed\VID_16\014\frame_0008.jpg;custom_dataset\processed\VID_16\014\frame_0009.jpg;custom_dataset\processed\VID_16\014\frame_0010.jpg;custom_dataset\processed\VID_16\014\frame_0011.jpg;custom_dataset\processed\VID_16\014\frame_0012.jpg;custom_dataset\processed\VID_16\014\frame_0013.jpg;custom_dataset\processed\VID_16\014\frame_0014.jpg;custom_dataset\processed\VID_16\014\frame_0016.jpg,
VID_16_014_C02,VID_16,VID_16.mp4,14,VID_16_014,2,8,custom_dataset\processed\VID_16\014\frame_0012.jpg;custom_dataset\processed\VID_16\014\frame_0013.jpg;custom_dataset\processed\VID_16\014\frame_0014.jpg;custom_dataset\processed\VID_16\014\frame_0016.jpg;custom_dataset\processed\VID_16\014\frame_0017.jpg;custom_dataset\processed\VID_16\014\frame_0018.jpg;custom_dataset\processed\VID_16\014\frame_0019.jpg;custom_dataset\processed\VID_16\014\frame_0020.jpg,
VID_16_014_C03,VID_16,VID_16.mp4,14,VID_16_014,3,8,custom_dataset\processed\VID_16\014\frame_0017.jpg;custom_dataset\processed\VID_16\014\frame_0018.jpg;custom_dataset\processed\VID_16\014\frame_0019.jpg;custom_dataset\processed\VID_16\014\frame_0020.jpg;custom_dataset\processed\VID_16\014\frame_0021.jpg;custom_dataset\processed\VID_16\014\frame_0022.jpg;custom_dataset\processed\VID_16\014\frame_0023.jpg;custom_dataset\processed\VID_16\014\frame_0027.jpg,
VID_16_016_C00,VID_16,VID_16.mp4,16,VID_16_016,0,8,custom_dataset\processed\VID_16\016\frame_0002.jpg;custom_dataset\processed\VID_16\016\frame_0003.jpg;custom_dataset\processed\VID_16\016\frame_0004.jpg;custom_dataset\processed\VID_16\016\frame_0005.jpg;custom_dataset\processed\VID_16\016\frame_0006.jpg;custom_dataset\processed\VID_16\016\frame_0007.jpg;custom_dataset\processed\VID_16\016\frame_0008.jpg;custom_dataset\processed\VID_16\016\frame_0009.jpg,
VID_16_016_C01,VID_16,VID_16.mp4,16,VID_16_016,1,8,custom_dataset\processed\VID_16\016\frame_0006.jpg;custom_dataset\processed\VID_16\016\frame_0007.jpg;custom_dataset\processed\VID_16\016\frame_0008.jpg;custom_dataset\processed\VID_16\016\frame_0009.jpg;custom_dataset\processed\VID_16\016\frame_0010.jpg;custom_dataset\processed\VID_16\016\frame_0012.jpg;custom_dataset\processed\VID_16\016\frame_0013.jpg;custom_dataset\processed\VID_16\016\frame_0014.jpg,
VID_16_022_C00,VID_16,VID_16.mp4,22,VID_16_022,0,8,custom_dataset\processed\VID_16\022\frame_0014.jpg;custom_dataset\processed\VID_16\022\frame_0015.jpg;custom_dataset\processed\VID_16\022\frame_0016.jpg;custom_dataset\processed\VID_16\022\frame_0017.jpg;custom_dataset\processed\VID_16\022\frame_0018.jpg;custom_dataset\processed\VID_16\022\frame_0019.jpg;custom_dataset\processed\VID_16\022\frame_0020.jpg;custom_dataset\processed\VID_16\022\frame_0021.jpg,
VID_16_027_C00,VID_16,VID_16.mp4,27,VID_16_027,0,8,custom_dataset\processed\VID_16\027\frame_0020.jpg;custom_dataset\processed\VID_16\027\frame_0023.jpg;custom_dataset\processed\VID_16\027\frame_0024.jpg;custom_dataset\processed\VID_16\027\frame_0025.jpg;custom_dataset\processed\VID_16\027\frame_0026.jpg;custom_dataset\processed\VID_16\027\frame_0027.jpg;custom_dataset\processed\VID_16\027\frame_0028.jpg;custom_dataset\processed\VID_16\027\frame_0029.jpg,
VID_16_027_C01,VID_16,VID_16.mp4,27,VID_16_027,1,8,custom_dataset\processed\VID_16\027\frame_0026.jpg;custom_dataset\processed\VID_16\027\frame_0027.jpg;custom_dataset\processed\VID_16\027\frame_0028.jpg;custom_dataset\processed\VID_16\027\frame_0029.jpg;custom_dataset\processed\VID_16\027\frame_0030.jpg;custom_dataset\processed\VID_16\027\frame_0031.jpg;custom_dataset\processed\VID_16\027\frame_0032.jpg;custom_dataset\processed\VID_16\027\frame_0034.jpg,
VID_16_031_C00,VID_16,VID_16.mp4,31,VID_16_031,0,8,custom_dataset\processed\VID_16\031\frame_0030.jpg;custom_dataset\processed\VID_16\031\frame_0031.jpg;custom_dataset\processed\VID_16\031\frame_0033.jpg;custom_dataset\processed\VID_16\031\frame_0034.jpg;custom_dataset\processed\VID_16\031\frame_0035.jpg;custom_dataset\processed\VID_16\031\frame_0036.jpg;custom_dataset\processed\VID_16\031\frame_0038.jpg;custom_dataset\processed\VID_16\031\frame_0039.jpg,
VID_17_001_C00,VID_17,VID_17.mp4,1,VID_17_001,0,8,custom_dataset\processed\VID_17\001\frame_0000.jpg;custom_dataset\processed\VID_17\001\frame_0001.jpg;custom_dataset\processed\VID_17\001\frame_0002.jpg;custom_dataset\processed\VID_17\001\frame_0003.jpg;custom_dataset\processed\VID_17\001\frame_0004.jpg;custom_dataset\processed\VID_17\001\frame_0005.jpg;custom_dataset\processed\VID_17\001\frame_0006.jpg;custom_dataset\processed\VID_17\001\frame_0007.jpg,
VID_17_001_C01,VID_17,VID_17.mp4,1,VID_17_001,1,8,custom_dataset\processed\VID_17\001\frame_0004.jpg;custom_dataset\processed\VID_17\001\frame_0005.jpg;custom_dataset\processed\VID_17\001\frame_0006.jpg;custom_dataset\processed\VID_17\001\frame_0007.jpg;custom_dataset\processed\VID_17\001\frame_0008.jpg;custom_dataset\processed\VID_17\001\frame_0009.jpg;custom_dataset\processed\VID_17\001\frame_0010.jpg;custom_dataset\processed\VID_17\001\frame_0011.jpg,
VID_17_001_C02,VID_17,VID_17.mp4,1,VID_17_001,2,8,custom_dataset\processed\VID_17\001\frame_0008.jpg;custom_dataset\processed\VID_17\001\frame_0009.jpg;custom_dataset\processed\VID_17\001\frame_0010.jpg;custom_dataset\processed\VID_17\001\frame_0011.jpg;custom_dataset\processed\VID_17\001\frame_0012.jpg;custom_dataset\processed\VID_17\001\frame_0013.jpg;custom_dataset\processed\VID_17\001\frame_0014.jpg;custom_dataset\processed\VID_17\001\frame_0015.jpg,
VID_17_001_C03,VID_17,VID_17.mp4,1,VID_17_001,3,8,custom_dataset\processed\VID_17\001\frame_0012.jpg;custom_dataset\processed\VID_17\001\frame_0013.jpg;custom_dataset\processed\VID_17\001\frame_0014.jpg;custom_dataset\processed\VID_17\001\frame_0015.jpg;custom_dataset\processed\VID_17\001\frame_0016.jpg;custom_dataset\processed\VID_17\001\frame_0017.jpg;custom_dataset\processed\VID_17\001\frame_0018.jpg;custom_dataset\processed\VID_17\001\frame_0019.jpg,
VID_17_001_C04,VID_17,VID_17.mp4,1,VID_17_001,4,8,custom_dataset\processed\VID_17\001\frame_0016.jpg;custom_dataset\processed\VID_17\001\frame_0017.jpg;custom_dataset\processed\VID_17\001\frame_0018.jpg;custom_dataset\processed\VID_17\001\frame_0019.jpg;custom_dataset\processed\VID_17\001\frame_0020.jpg;custom_dataset\processed\VID_17\001\frame_0021.jpg;custom_dataset\processed\VID_17\001\frame_0022.jpg;custom_dataset\processed\VID_17\001\frame_0023.jpg,
VID_17_001_C05,VID_17,VID_17.mp4,1,VID_17_001,5,8,custom_dataset\processed\VID_17\001\frame_0020.jpg;custom_dataset\processed\VID_17\001\frame_0021.jpg;custom_dataset\processed\VID_17\001\frame_0022.jpg;custom_dataset\processed\VID_17\001\frame_0023.jpg;custom_dataset\processed\VID_17\001\frame_0024.jpg;custom_dataset\processed\VID_17\001\frame_0025.jpg;custom_dataset\processed\VID_17\001\frame_0026.jpg;custom_dataset\processed\VID_17\001\frame_0027.jpg,
VID_17_001_C06,VID_17,VID_17.mp4,1,VID_17_001,6,8,custom_dataset\processed\VID_17\001\frame_0024.jpg;custom_dataset\processed\VID_17\001\frame_0025.jpg;custom_dataset\processed\VID_17\001\frame_0026.jpg;custom_dataset\processed\VID_17\001\frame_0027.jpg;custom_dataset\processed\VID_17\001\frame_0028.jpg;custom_dataset\processed\VID_17\001\frame_0029.jpg;custom_dataset\processed\VID_17\001\frame_0030.jpg;custom_dataset\processed\VID_17\001\frame_0031.jpg,
VID_17_001_C07,VID_17,VID_17.mp4,1,VID_17_001,7,8,custom_dataset\processed\VID_17\001\frame_0028.jpg;custom_dataset\processed\VID_17\001\frame_0029.jpg;custom_dataset\processed\VID_17\001\frame_0030.jpg;custom_dataset\processed\VID_17\001\frame_0031.jpg;custom_dataset\processed\VID_17\001\frame_0032.jpg;custom_dataset\processed\VID_17\001\frame_0033.jpg;custom_dataset\processed\VID_17\001\frame_0034.jpg;custom_dataset\processed\VID_17\001\frame_0035.jpg,
VID_17_001_C08,VID_17,VID_17.mp4,1,VID_17_001,8,8,custom_dataset\processed\VID_17\001\frame_0032.jpg;custom_dataset\processed\VID_17\001\frame_0033.jpg;custom_dataset\processed\VID_17\001\frame_0034.jpg;custom_dataset\processed\VID_17\001\frame_0035.jpg;custom_dataset\processed\VID_17\001\frame_0036.jpg;custom_dataset\processed\VID_17\001\frame_0037.jpg;custom_dataset\processed\VID_17\001\frame_0038.jpg;custom_dataset\processed\VID_17\001\frame_0039.jpg,
VID_17_002_C00,VID_17,VID_17.mp4,2,VID_17_002,0,8,custom_dataset\processed\VID_17\002\frame_0000.jpg;custom_dataset\processed\VID_17\002\frame_0001.jpg;custom_dataset\processed\VID_17\002\frame_0002.jpg;custom_dataset\processed\VID_17\002\frame_0003.jpg;custom_dataset\processed\VID_17\002\frame_0004.jpg;custom_dataset\processed\VID_17\002\frame_0005.jpg;custom_dataset\processed\VID_17\002\frame_0006.jpg;custom_dataset\processed\VID_17\002\frame_0007.jpg,
VID_17_002_C01,VID_17,VID_17.mp4,2,VID_17_002,1,8,custom_dataset\processed\VID_17\002\frame_0004.jpg;custom_dataset\processed\VID_17\002\frame_0005.jpg;custom_dataset\processed\VID_17\002\frame_0006.jpg;custom_dataset\processed\VID_17\002\frame_0007.jpg;custom_dataset\processed\VID_17\002\frame_0008.jpg;custom_dataset\processed\VID_17\002\frame_0009.jpg;custom_dataset\processed\VID_17\002\frame_0010.jpg;custom_dataset\processed\VID_17\002\frame_0011.jpg,
VID_17_002_C02,VID_17,VID_17.mp4,2,VID_17_002,2,8,custom_dataset\processed\VID_17\002\frame_0008.jpg;custom_dataset\processed\VID_17\002\frame_0009.jpg;custom_dataset\processed\VID_17\002\frame_0010.jpg;custom_dataset\processed\VID_17\002\frame_0011.jpg;custom_dataset\processed\VID_17\002\frame_0012.jpg;custom_dataset\processed\VID_17\002\frame_0013.jpg;custom_dataset\processed\VID_17\002\frame_0014.jpg;custom_dataset\processed\VID_17\002\frame_0015.jpg,
VID_17_002_C03,VID_17,VID_17.mp4,2,VID_17_002,3,8,custom_dataset\processed\VID_17\002\frame_0012.jpg;custom_dataset\processed\VID_17\002\frame_0013.jpg;custom_dataset\processed\VID_17\002\frame_0014.jpg;custom_dataset\processed\VID_17\002\frame_0015.jpg;custom_dataset\processed\VID_17\002\frame_0016.jpg;custom_dataset\processed\VID_17\002\frame_0017.jpg;custom_dataset\processed\VID_17\002\frame_0018.jpg;custom_dataset\processed\VID_17\002\frame_0019.jpg,
VID_17_002_C04,VID_17,VID_17.mp4,2,VID_17_002,4,8,custom_dataset\processed\VID_17\002\frame_0016.jpg;custom_dataset\processed\VID_17\002\frame_0017.jpg;custom_dataset\processed\VID_17\002\frame_0018.jpg;custom_dataset\processed\VID_17\002\frame_0019.jpg;custom_dataset\processed\VID_17\002\frame_0020.jpg;custom_dataset\processed\VID_17\002\frame_0021.jpg;custom_dataset\processed\VID_17\002\frame_0022.jpg;custom_dataset\processed\VID_17\002\frame_0023.jpg,
VID_17_002_C05,VID_17,VID_17.mp4,2,VID_17_002,5,8,custom_dataset\processed\VID_17\002\frame_0020.jpg;custom_dataset\processed\VID_17\002\frame_0021.jpg;custom_dataset\processed\VID_17\002\frame_0022.jpg;custom_dataset\processed\VID_17\002\frame_0023.jpg;custom_dataset\processed\VID_17\002\frame_0024.jpg;custom_dataset\processed\VID_17\002\frame_0025.jpg;custom_dataset\processed\VID_17\002\frame_0026.jpg;custom_dataset\processed\VID_17\002\frame_0027.jpg,
VID_17_002_C06,VID_17,VID_17.mp4,2,VID_17_002,6,8,custom_dataset\processed\VID_17\002\frame_0024.jpg;custom_dataset\processed\VID_17\002\frame_0025.jpg;custom_dataset\processed\VID_17\002\frame_0026.jpg;custom_dataset\processed\VID_17\002\frame_0027.jpg;custom_dataset\processed\VID_17\002\frame_0028.jpg;custom_dataset\processed\VID_17\002\frame_0029.jpg;custom_dataset\processed\VID_17\002\frame_0030.jpg;custom_dataset\processed\VID_17\002\frame_0031.jpg,
VID_17_002_C07,VID_17,VID_17.mp4,2,VID_17_002,7,8,custom_dataset\processed\VID_17\002\frame_0028.jpg;custom_dataset\processed\VID_17\002\frame_0029.jpg;custom_dataset\processed\VID_17\002\frame_0030.jpg;custom_dataset\processed\VID_17\002\frame_0031.jpg;custom_dataset\processed\VID_17\002\frame_0032.jpg;custom_dataset\processed\VID_17\002\frame_0033.jpg;custom_dataset\processed\VID_17\002\frame_0034.jpg;custom_dataset\processed\VID_17\002\frame_0035.jpg,
VID_17_002_C08,VID_17,VID_17.mp4,2,VID_17_002,8,8,custom_dataset\processed\VID_17\002\frame_0032.jpg;custom_dataset\processed\VID_17\002\frame_0033.jpg;custom_dataset\processed\VID_17\002\frame_0034.jpg;custom_dataset\processed\VID_17\002\frame_0035.jpg;custom_dataset\processed\VID_17\002\frame_0036.jpg;custom_dataset\processed\VID_17\002\frame_0037.jpg;custom_dataset\processed\VID_17\002\frame_0038.jpg;custom_dataset\processed\VID_17\002\frame_0039.jpg,
VID_17_003_C00,VID_17,VID_17.mp4,3,VID_17_003,0,8,custom_dataset\processed\VID_17\003\frame_0000.jpg;custom_dataset\processed\VID_17\003\frame_0001.jpg;custom_dataset\processed\VID_17\003\frame_0002.jpg;custom_dataset\processed\VID_17\003\frame_0003.jpg;custom_dataset\processed\VID_17\003\frame_0004.jpg;custom_dataset\processed\VID_17\003\frame_0005.jpg;custom_dataset\processed\VID_17\003\frame_0006.jpg;custom_dataset\processed\VID_17\003\frame_0007.jpg,
VID_17_003_C01,VID_17,VID_17.mp4,3,VID_17_003,1,8,custom_dataset\processed\VID_17\003\frame_0004.jpg;custom_dataset\processed\VID_17\003\frame_0005.jpg;custom_dataset\processed\VID_17\003\frame_0006.jpg;custom_dataset\processed\VID_17\003\frame_0007.jpg;custom_dataset\processed\VID_17\003\frame_0008.jpg;custom_dataset\processed\VID_17\003\frame_0009.jpg;custom_dataset\processed\VID_17\003\frame_0010.jpg;custom_dataset\processed\VID_17\003\frame_0011.jpg,
VID_17_003_C02,VID_17,VID_17.mp4,3,VID_17_003,2,8,custom_dataset\processed\VID_17\003\frame_0008.jpg;custom_dataset\processed\VID_17\003\frame_0009.jpg;custom_dataset\processed\VID_17\003\frame_0010.jpg;custom_dataset\processed\VID_17\003\frame_0011.jpg;custom_dataset\processed\VID_17\003\frame_0012.jpg;custom_dataset\processed\VID_17\003\frame_0013.jpg;custom_dataset\processed\VID_17\003\frame_0014.jpg;custom_dataset\processed\VID_17\003\frame_0015.jpg,
VID_17_003_C03,VID_17,VID_17.mp4,3,VID_17_003,3,8,custom_dataset\processed\VID_17\003\frame_0012.jpg;custom_dataset\processed\VID_17\003\frame_0013.jpg;custom_dataset\processed\VID_17\003\frame_0014.jpg;custom_dataset\processed\VID_17\003\frame_0015.jpg;custom_dataset\processed\VID_17\003\frame_0016.jpg;custom_dataset\processed\VID_17\003\frame_0017.jpg;custom_dataset\processed\VID_17\003\frame_0018.jpg;custom_dataset\processed\VID_17\003\frame_0019.jpg,
VID_17_003_C04,VID_17,VID_17.mp4,3,VID_17_003,4,8,custom_dataset\processed\VID_17\003\frame_0016.jpg;custom_dataset\processed\VID_17\003\frame_0017.jpg;custom_dataset\processed\VID_17\003\frame_0018.jpg;custom_dataset\processed\VID_17\003\frame_0019.jpg;custom_dataset\processed\VID_17\003\frame_0020.jpg;custom_dataset\processed\VID_17\003\frame_0021.jpg;custom_dataset\processed\VID_17\003\frame_0022.jpg;custom_dataset\processed\VID_17\003\frame_0023.jpg,
VID_17_003_C05,VID_17,VID_17.mp4,3,VID_17_003,5,8,custom_dataset\processed\VID_17\003\frame_0020.jpg;custom_dataset\processed\VID_17\003\frame_0021.jpg;custom_dataset\processed\VID_17\003\frame_0022.jpg;custom_dataset\processed\VID_17\003\frame_0023.jpg;custom_dataset\processed\VID_17\003\frame_0024.jpg;custom_dataset\processed\VID_17\003\frame_0025.jpg;custom_dataset\processed\VID_17\003\frame_0026.jpg;custom_dataset\processed\VID_17\003\frame_0027.jpg,
VID_17_003_C06,VID_17,VID_17.mp4,3,VID_17_003,6,8,custom_dataset\processed\VID_17\003\frame_0024.jpg;custom_dataset\processed\VID_17\003\frame_0025.jpg;custom_dataset\processed\VID_17\003\frame_0026.jpg;custom_dataset\processed\VID_17\003\frame_0027.jpg;custom_dataset\processed\VID_17\003\frame_0028.jpg;custom_dataset\processed\VID_17\003\frame_0029.jpg;custom_dataset\processed\VID_17\003\frame_0030.jpg;custom_dataset\processed\VID_17\003\frame_0031.jpg,
VID_17_003_C07,VID_17,VID_17.mp4,3,VID_17_003,7,8,custom_dataset\processed\VID_17\003\frame_0028.jpg;custom_dataset\processed\VID_17\003\frame_0029.jpg;custom_dataset\processed\VID_17\003\frame_0030.jpg;custom_dataset\processed\VID_17\003\frame_0031.jpg;custom_dataset\processed\VID_17\003\frame_0032.jpg;custom_dataset\processed\VID_17\003\frame_0033.jpg;custom_dataset\processed\VID_17\003\frame_0034.jpg;custom_dataset\processed\VID_17\003\frame_0035.jpg,
VID_17_003_C08,VID_17,VID_17.mp4,3,VID_17_003,8,8,custom_dataset\processed\VID_17\003\frame_0032.jpg;custom_dataset\processed\VID_17\003\frame_0033.jpg;custom_dataset\processed\VID_17\003\frame_0034.jpg;custom_dataset\processed\VID_17\003\frame_0035.jpg;custom_dataset\processed\VID_17\003\frame_0036.jpg;custom_dataset\processed\VID_17\003\frame_0037.jpg;custom_dataset\processed\VID_17\003\frame_0038.jpg;custom_dataset\processed\VID_17\003\frame_0039.jpg,
VID_17_004_C00,VID_17,VID_17.mp4,4,VID_17_004,0,8,custom_dataset\processed\VID_17\004\frame_0000.jpg;custom_dataset\processed\VID_17\004\frame_0001.jpg;custom_dataset\processed\VID_17\004\frame_0002.jpg;custom_dataset\processed\VID_17\004\frame_0003.jpg;custom_dataset\processed\VID_17\004\frame_0004.jpg;custom_dataset\processed\VID_17\004\frame_0005.jpg;custom_dataset\processed\VID_17\004\frame_0006.jpg;custom_dataset\processed\VID_17\004\frame_0007.jpg,
VID_17_004_C01,VID_17,VID_17.mp4,4,VID_17_004,1,8,custom_dataset\processed\VID_17\004\frame_0004.jpg;custom_dataset\processed\VID_17\004\frame_0005.jpg;custom_dataset\processed\VID_17\004\frame_0006.jpg;custom_dataset\processed\VID_17\004\frame_0007.jpg;custom_dataset\processed\VID_17\004\frame_0008.jpg;custom_dataset\processed\VID_17\004\frame_0009.jpg;custom_dataset\processed\VID_17\004\frame_0010.jpg;custom_dataset\processed\VID_17\004\frame_0014.jpg,
VID_17_004_C02,VID_17,VID_17.mp4,4,VID_17_004,2,8,custom_dataset\processed\VID_17\004\frame_0008.jpg;custom_dataset\processed\VID_17\004\frame_0009.jpg;custom_dataset\processed\VID_17\004\frame_0010.jpg;custom_dataset\processed\VID_17\004\frame_0014.jpg;custom_dataset\processed\VID_17\004\frame_0015.jpg;custom_dataset\processed\VID_17\004\frame_0016.jpg;custom_dataset\processed\VID_17\004\frame_0017.jpg;custom_dataset\processed\VID_17\004\frame_0018.jpg,
VID_17_004_C03,VID_17,VID_17.mp4,4,VID_17_004,3,8,custom_dataset\processed\VID_17\004\frame_0015.jpg;custom_dataset\processed\VID_17\004\frame_0016.jpg;custom_dataset\processed\VID_17\004\frame_0017.jpg;custom_dataset\processed\VID_17\004\frame_0018.jpg;custom_dataset\processed\VID_17\004\frame_0019.jpg;custom_dataset\processed\VID_17\004\frame_0020.jpg;custom_dataset\processed\VID_17\004\frame_0021.jpg;custom_dataset\processed\VID_17\004\frame_0022.jpg,
VID_17_004_C04,VID_17,VID_17.mp4,4,VID_17_004,4,8,custom_dataset\processed\VID_17\004\frame_0019.jpg;custom_dataset\processed\VID_17\004\frame_0020.jpg;custom_dataset\processed\VID_17\004\frame_0021.jpg;custom_dataset\processed\VID_17\004\frame_0022.jpg;custom_dataset\processed\VID_17\004\frame_0023.jpg;custom_dataset\processed\VID_17\004\frame_0024.jpg;custom_dataset\processed\VID_17\004\frame_0025.jpg;custom_dataset\processed\VID_17\004\frame_0026.jpg,
VID_17_004_C05,VID_17,VID_17.mp4,4,VID_17_004,5,8,custom_dataset\processed\VID_17\004\frame_0023.jpg;custom_dataset\processed\VID_17\004\frame_0024.jpg;custom_dataset\processed\VID_17\004\frame_0025.jpg;custom_dataset\processed\VID_17\004\frame_0026.jpg;custom_dataset\processed\VID_17\004\frame_0027.jpg;custom_dataset\processed\VID_17\004\frame_0028.jpg;custom_dataset\processed\VID_17\004\frame_0029.jpg;custom_dataset\processed\VID_17\004\frame_0030.jpg,
VID_17_004_C06,VID_17,VID_17.mp4,4,VID_17_004,6,8,custom_dataset\processed\VID_17\004\frame_0027.jpg;custom_dataset\processed\VID_17\004\frame_0028.jpg;custom_dataset\processed\VID_17\004\frame_0029.jpg;custom_dataset\processed\VID_17\004\frame_0030.jpg;custom_dataset\processed\VID_17\004\frame_0031.jpg;custom_dataset\processed\VID_17\004\frame_0032.jpg;custom_dataset\processed\VID_17\004\frame_0033.jpg;custom_dataset\processed\VID_17\004\frame_0034.jpg,
VID_17_004_C07,VID_17,VID_17.mp4,4,VID_17_004,7,8,custom_dataset\processed\VID_17\004\frame_0031.jpg;custom_dataset\processed\VID_17\004\frame_0032.jpg;custom_dataset\processed\VID_17\004\frame_0033.jpg;custom_dataset\processed\VID_17\004\frame_0034.jpg;custom_dataset\processed\VID_17\004\frame_0035.jpg;custom_dataset\processed\VID_17\004\frame_0036.jpg;custom_dataset\processed\VID_17\004\frame_0037.jpg;custom_dataset\processed\VID_17\004\frame_0038.jpg,
VID_17_005_C00,VID_17,VID_17.mp4,5,VID_17_005,0,8,custom_dataset\processed\VID_17\005\frame_0000.jpg;custom_dataset\processed\VID_17\005\frame_0001.jpg;custom_dataset\processed\VID_17\005\frame_0002.jpg;custom_dataset\processed\VID_17\005\frame_0003.jpg;custom_dataset\processed\VID_17\005\frame_0004.jpg;custom_dataset\processed\VID_17\005\frame_0005.jpg;custom_dataset\processed\VID_17\005\frame_0006.jpg;custom_dataset\processed\VID_17\005\frame_0007.jpg,
VID_17_005_C01,VID_17,VID_17.mp4,5,VID_17_005,1,8,custom_dataset\processed\VID_17\005\frame_0004.jpg;custom_dataset\processed\VID_17\005\frame_0005.jpg;custom_dataset\processed\VID_17\005\frame_0006.jpg;custom_dataset\processed\VID_17\005\frame_0007.jpg;custom_dataset\processed\VID_17\005\frame_0008.jpg;custom_dataset\processed\VID_17\005\frame_0009.jpg;custom_dataset\processed\VID_17\005\frame_0010.jpg;custom_dataset\processed\VID_17\005\frame_0011.jpg,
VID_17_005_C02,VID_17,VID_17.mp4,5,VID_17_005,2,8,custom_dataset\processed\VID_17\005\frame_0008.jpg;custom_dataset\processed\VID_17\005\frame_0009.jpg;custom_dataset\processed\VID_17\005\frame_0010.jpg;custom_dataset\processed\VID_17\005\frame_0011.jpg;custom_dataset\processed\VID_17\005\frame_0012.jpg;custom_dataset\processed\VID_17\005\frame_0013.jpg;custom_dataset\processed\VID_17\005\frame_0014.jpg;custom_dataset\processed\VID_17\005\frame_0015.jpg,
VID_17_005_C03,VID_17,VID_17.mp4,5,VID_17_005,3,8,custom_dataset\processed\VID_17\005\frame_0012.jpg;custom_dataset\processed\VID_17\005\frame_0013.jpg;custom_dataset\processed\VID_17\005\frame_0014.jpg;custom_dataset\processed\VID_17\005\frame_0015.jpg;custom_dataset\processed\VID_17\005\frame_0016.jpg;custom_dataset\processed\VID_17\005\frame_0017.jpg;custom_dataset\processed\VID_17\005\frame_0018.jpg;custom_dataset\processed\VID_17\005\frame_0019.jpg,
VID_17_005_C04,VID_17,VID_17.mp4,5,VID_17_005,4,8,custom_dataset\processed\VID_17\005\frame_0016.jpg;custom_dataset\processed\VID_17\005\frame_0017.jpg;custom_dataset\processed\VID_17\005\frame_0018.jpg;custom_dataset\processed\VID_17\005\frame_0019.jpg;custom_dataset\processed\VID_17\005\frame_0020.jpg;custom_dataset\processed\VID_17\005\frame_0021.jpg;custom_dataset\processed\VID_17\005\frame_0022.jpg;custom_dataset\processed\VID_17\005\frame_0023.jpg,
VID_17_005_C05,VID_17,VID_17.mp4,5,VID_17_005,5,8,custom_dataset\processed\VID_17\005\frame_0020.jpg;custom_dataset\processed\VID_17\005\frame_0021.jpg;custom_dataset\processed\VID_17\005\frame_0022.jpg;custom_dataset\processed\VID_17\005\frame_0023.jpg;custom_dataset\processed\VID_17\005\frame_0024.jpg;custom_dataset\processed\VID_17\005\frame_0025.jpg;custom_dataset\processed\VID_17\005\frame_0026.jpg;custom_dataset\processed\VID_17\005\frame_0027.jpg,
VID_17_005_C06,VID_17,VID_17.mp4,5,VID_17_005,6,8,custom_dataset\processed\VID_17\005\frame_0024.jpg;custom_dataset\processed\VID_17\005\frame_0025.jpg;custom_dataset\processed\VID_17\005\frame_0026.jpg;custom_dataset\processed\VID_17\005\frame_0027.jpg;custom_dataset\processed\VID_17\005\frame_0028.jpg;custom_dataset\processed\VID_17\005\frame_0029.jpg;custom_dataset\processed\VID_17\005\frame_0030.jpg;custom_dataset\processed\VID_17\005\frame_0031.jpg,
VID_17_005_C07,VID_17,VID_17.mp4,5,VID_17_005,7,8,custom_dataset\processed\VID_17\005\frame_0028.jpg;custom_dataset\processed\VID_17\005\frame_0029.jpg;custom_dataset\processed\VID_17\005\frame_0030.jpg;custom_dataset\processed\VID_17\005\frame_0031.jpg;custom_dataset\processed\VID_17\005\frame_0032.jpg;custom_dataset\processed\VID_17\005\frame_0033.jpg;custom_dataset\processed\VID_17\005\frame_0034.jpg;custom_dataset\processed\VID_17\005\frame_0035.jpg,
VID_17_005_C08,VID_17,VID_17.mp4,5,VID_17_005,8,8,custom_dataset\processed\VID_17\005\frame_0032.jpg;custom_dataset\processed\VID_17\005\frame_0033.jpg;custom_dataset\processed\VID_17\005\frame_0034.jpg;custom_dataset\processed\VID_17\005\frame_0035.jpg;custom_dataset\processed\VID_17\005\frame_0036.jpg;custom_dataset\processed\VID_17\005\frame_0037.jpg;custom_dataset\processed\VID_17\005\frame_0038.jpg;custom_dataset\processed\VID_17\005\frame_0039.jpg,
VID_17_006_C00,VID_17,VID_17.mp4,6,VID_17_006,0,8,custom_dataset\processed\VID_17\006\frame_0000.jpg;custom_dataset\processed\VID_17\006\frame_0001.jpg;custom_dataset\processed\VID_17\006\frame_0002.jpg;custom_dataset\processed\VID_17\006\frame_0003.jpg;custom_dataset\processed\VID_17\006\frame_0004.jpg;custom_dataset\processed\VID_17\006\frame_0005.jpg;custom_dataset\processed\VID_17\006\frame_0006.jpg;custom_dataset\processed\VID_17\006\frame_0007.jpg,
VID_17_006_C01,VID_17,VID_17.mp4,6,VID_17_006,1,8,custom_dataset\processed\VID_17\006\frame_0004.jpg;custom_dataset\processed\VID_17\006\frame_0005.jpg;custom_dataset\processed\VID_17\006\frame_0006.jpg;custom_dataset\processed\VID_17\006\frame_0007.jpg;custom_dataset\processed\VID_17\006\frame_0008.jpg;custom_dataset\processed\VID_17\006\frame_0011.jpg;custom_dataset\processed\VID_17\006\frame_0012.jpg;custom_dataset\processed\VID_17\006\frame_0013.jpg,
VID_17_007_C00,VID_17,VID_17.mp4,7,VID_17_007,0,8,custom_dataset\processed\VID_17\007\frame_0000.jpg;custom_dataset\processed\VID_17\007\frame_0001.jpg;custom_dataset\processed\VID_17\007\frame_0002.jpg;custom_dataset\processed\VID_17\007\frame_0003.jpg;custom_dataset\processed\VID_17\007\frame_0004.jpg;custom_dataset\processed\VID_17\007\frame_0005.jpg;custom_dataset\processed\VID_17\007\frame_0006.jpg;custom_dataset\processed\VID_17\007\frame_0007.jpg,
VID_17_007_C01,VID_17,VID_17.mp4,7,VID_17_007,1,8,custom_dataset\processed\VID_17\007\frame_0004.jpg;custom_dataset\processed\VID_17\007\frame_0005.jpg;custom_dataset\processed\VID_17\007\frame_0006.jpg;custom_dataset\processed\VID_17\007\frame_0007.jpg;custom_dataset\processed\VID_17\007\frame_0008.jpg;custom_dataset\processed\VID_17\007\frame_0009.jpg;custom_dataset\processed\VID_17\007\frame_0010.jpg;custom_dataset\processed\VID_17\007\frame_0011.jpg,
VID_17_007_C02,VID_17,VID_17.mp4,7,VID_17_007,2,8,custom_dataset\processed\VID_17\007\frame_0008.jpg;custom_dataset\processed\VID_17\007\frame_0009.jpg;custom_dataset\processed\VID_17\007\frame_0010.jpg;custom_dataset\processed\VID_17\007\frame_0011.jpg;custom_dataset\processed\VID_17\007\frame_0012.jpg;custom_dataset\processed\VID_17\007\frame_0013.jpg;custom_dataset\processed\VID_17\007\frame_0014.jpg;custom_dataset\processed\VID_17\007\frame_0015.jpg,
VID_17_007_C03,VID_17,VID_17.mp4,7,VID_17_007,3,8,custom_dataset\processed\VID_17\007\frame_0012.jpg;custom_dataset\processed\VID_17\007\frame_0013.jpg;custom_dataset\processed\VID_17\007\frame_0014.jpg;custom_dataset\processed\VID_17\007\frame_0015.jpg;custom_dataset\processed\VID_17\007\frame_0016.jpg;custom_dataset\processed\VID_17\007\frame_0017.jpg;custom_dataset\processed\VID_17\007\frame_0018.jpg;custom_dataset\processed\VID_17\007\frame_0019.jpg,
VID_17_007_C04,VID_17,VID_17.mp4,7,VID_17_007,4,8,custom_dataset\processed\VID_17\007\frame_0016.jpg;custom_dataset\processed\VID_17\007\frame_0017.jpg;custom_dataset\processed\VID_17\007\frame_0018.jpg;custom_dataset\processed\VID_17\007\frame_0019.jpg;custom_dataset\processed\VID_17\007\frame_0020.jpg;custom_dataset\processed\VID_17\007\frame_0021.jpg;custom_dataset\processed\VID_17\007\frame_0022.jpg;custom_dataset\processed\VID_17\007\frame_0023.jpg,
VID_17_007_C05,VID_17,VID_17.mp4,7,VID_17_007,5,8,custom_dataset\processed\VID_17\007\frame_0020.jpg;custom_dataset\processed\VID_17\007\frame_0021.jpg;custom_dataset\processed\VID_17\007\frame_0022.jpg;custom_dataset\processed\VID_17\007\frame_0023.jpg;custom_dataset\processed\VID_17\007\frame_0024.jpg;custom_dataset\processed\VID_17\007\frame_0025.jpg;custom_dataset\processed\VID_17\007\frame_0026.jpg;custom_dataset\processed\VID_17\007\frame_0027.jpg,
VID_17_007_C06,VID_17,VID_17.mp4,7,VID_17_007,6,8,custom_dataset\processed\VID_17\007\frame_0024.jpg;custom_dataset\processed\VID_17\007\frame_0025.jpg;custom_dataset\processed\VID_17\007\frame_0026.jpg;custom_dataset\processed\VID_17\007\frame_0027.jpg;custom_dataset\processed\VID_17\007\frame_0028.jpg;custom_dataset\processed\VID_17\007\frame_0029.jpg;custom_dataset\processed\VID_17\007\frame_0030.jpg;custom_dataset\processed\VID_17\007\frame_0031.jpg,
VID_17_007_C07,VID_17,VID_17.mp4,7,VID_17_007,7,8,custom_dataset\processed\VID_17\007\frame_0028.jpg;custom_dataset\processed\VID_17\007\frame_0029.jpg;custom_dataset\processed\VID_17\007\frame_0030.jpg;custom_dataset\processed\VID_17\007\frame_0031.jpg;custom_dataset\processed\VID_17\007\frame_0032.jpg;custom_dataset\processed\VID_17\007\frame_0033.jpg;custom_dataset\processed\VID_17\007\frame_0034.jpg;custom_dataset\processed\VID_17\007\frame_0035.jpg,
VID_17_007_C08,VID_17,VID_17.mp4,7,VID_17_007,8,8,custom_dataset\processed\VID_17\007\frame_0032.jpg;custom_dataset\processed\VID_17\007\frame_0033.jpg;custom_dataset\processed\VID_17\007\frame_0034.jpg;custom_dataset\processed\VID_17\007\frame_0035.jpg;custom_dataset\processed\VID_17\007\frame_0036.jpg;custom_dataset\processed\VID_17\007\frame_0037.jpg;custom_dataset\processed\VID_17\007\frame_0038.jpg;custom_dataset\processed\VID_17\007\frame_0039.jpg,
VID_17_008_C00,VID_17,VID_17.mp4,8,VID_17_008,0,8,custom_dataset\processed\VID_17\008\frame_0000.jpg;custom_dataset\processed\VID_17\008\frame_0001.jpg;custom_dataset\processed\VID_17\008\frame_0002.jpg;custom_dataset\processed\VID_17\008\frame_0005.jpg;custom_dataset\processed\VID_17\008\frame_0006.jpg;custom_dataset\processed\VID_17\008\frame_0007.jpg;custom_dataset\processed\VID_17\008\frame_0008.jpg;custom_dataset\processed\VID_17\008\frame_0009.jpg,
VID_17_008_C01,VID_17,VID_17.mp4,8,VID_17_008,1,8,custom_dataset\processed\VID_17\008\frame_0006.jpg;custom_dataset\processed\VID_17\008\frame_0007.jpg;custom_dataset\processed\VID_17\008\frame_0008.jpg;custom_dataset\processed\VID_17\008\frame_0009.jpg;custom_dataset\processed\VID_17\008\frame_0010.jpg;custom_dataset\processed\VID_17\008\frame_0011.jpg;custom_dataset\processed\VID_17\008\frame_0012.jpg;custom_dataset\processed\VID_17\008\frame_0013.jpg,
VID_17_008_C02,VID_17,VID_17.mp4,8,VID_17_008,2,8,custom_dataset\processed\VID_17\008\frame_0010.jpg;custom_dataset\processed\VID_17\008\frame_0011.jpg;custom_dataset\processed\VID_17\008\frame_0012.jpg;custom_dataset\processed\VID_17\008\frame_0013.jpg;custom_dataset\processed\VID_17\008\frame_0014.jpg;custom_dataset\processed\VID_17\008\frame_0015.jpg;custom_dataset\processed\VID_17\008\frame_0016.jpg;custom_dataset\processed\VID_17\008\frame_0017.jpg,
VID_17_008_C03,VID_17,VID_17.mp4,8,VID_17_008,3,8,custom_dataset\processed\VID_17\008\frame_0014.jpg;custom_dataset\processed\VID_17\008\frame_0015.jpg;custom_dataset\processed\VID_17\008\frame_0016.jpg;custom_dataset\processed\VID_17\008\frame_0017.jpg;custom_dataset\processed\VID_17\008\frame_0018.jpg;custom_dataset\processed\VID_17\008\frame_0019.jpg;custom_dataset\processed\VID_17\008\frame_0023.jpg;custom_dataset\processed\VID_17\008\frame_0026.jpg,
VID_17_008_C04,VID_17,VID_17.mp4,8,VID_17_008,4,8,custom_dataset\processed\VID_17\008\frame_0018.jpg;custom_dataset\processed\VID_17\008\frame_0019.jpg;custom_dataset\processed\VID_17\008\frame_0023.jpg;custom_dataset\processed\VID_17\008\frame_0026.jpg;custom_dataset\processed\VID_17\008\frame_0027.jpg;custom_dataset\processed\VID_17\008\frame_0028.jpg;custom_dataset\processed\VID_17\008\frame_0029.jpg;custom_dataset\processed\VID_17\008\frame_0030.jpg,
VID_17_008_C05,VID_17,VID_17.mp4,8,VID_17_008,5,8,custom_dataset\processed\VID_17\008\frame_0027.jpg;custom_dataset\processed\VID_17\008\frame_0028.jpg;custom_dataset\processed\VID_17\008\frame_0029.jpg;custom_dataset\processed\VID_17\008\frame_0030.jpg;custom_dataset\processed\VID_17\008\frame_0031.jpg;custom_dataset\processed\VID_17\008\frame_0032.jpg;custom_dataset\processed\VID_17\008\frame_0033.jpg;custom_dataset\processed\VID_17\008\frame_0034.jpg,
VID_17_008_C06,VID_17,VID_17.mp4,8,VID_17_008,6,8,custom_dataset\processed\VID_17\008\frame_0031.jpg;custom_dataset\processed\VID_17\008\frame_0032.jpg;custom_dataset\processed\VID_17\008\frame_0033.jpg;custom_dataset\processed\VID_17\008\frame_0034.jpg;custom_dataset\processed\VID_17\008\frame_0035.jpg;custom_dataset\processed\VID_17\008\frame_0036.jpg;custom_dataset\processed\VID_17\008\frame_0037.jpg;custom_dataset\processed\VID_17\008\frame_0038.jpg,
VID_17_009_C00,VID_17,VID_17.mp4,9,VID_17_009,0,8,custom_dataset\processed\VID_17\009\frame_0000.jpg;custom_dataset\processed\VID_17\009\frame_0000.jpg;custom_dataset\processed\VID_17\009\frame_0001.jpg;custom_dataset\processed\VID_17\009\frame_0002.jpg;custom_dataset\processed\VID_17\009\frame_0003.jpg;custom_dataset\processed\VID_17\009\frame_0004.jpg;custom_dataset\processed\VID_17\009\frame_0005.jpg;custom_dataset\processed\VID_17\009\frame_0006.jpg,
VID_17_009_C01,VID_17,VID_17.mp4,9,VID_17_009,1,8,custom_dataset\processed\VID_17\009\frame_0003.jpg;custom_dataset\processed\VID_17\009\frame_0004.jpg;custom_dataset\processed\VID_17\009\frame_0005.jpg;custom_dataset\processed\VID_17\009\frame_0006.jpg;custom_dataset\processed\VID_17\009\frame_0007.jpg;custom_dataset\processed\VID_17\009\frame_0008.jpg;custom_dataset\processed\VID_17\009\frame_0010.jpg;custom_dataset\processed\VID_17\009\frame_0013.jpg,
VID_17_009_C02,VID_17,VID_17.mp4,9,VID_17_009,2,8,custom_dataset\processed\VID_17\009\frame_0007.jpg;custom_dataset\processed\VID_17\009\frame_0008.jpg;custom_dataset\processed\VID_17\009\frame_0010.jpg;custom_dataset\processed\VID_17\009\frame_0013.jpg;custom_dataset\processed\VID_17\009\frame_0016.jpg;custom_dataset\processed\VID_17\009\frame_0017.jpg;custom_dataset\processed\VID_17\009\frame_0018.jpg;custom_dataset\processed\VID_17\009\frame_0019.jpg,
VID_17_009_C03,VID_17,VID_17.mp4,9,VID_17_009,3,8,custom_dataset\processed\VID_17\009\frame_0016.jpg;custom_dataset\processed\VID_17\009\frame_0017.jpg;custom_dataset\processed\VID_17\009\frame_0018.jpg;custom_dataset\processed\VID_17\009\frame_0019.jpg;custom_dataset\processed\VID_17\009\frame_0020.jpg;custom_dataset\processed\VID_17\009\frame_0021.jpg;custom_dataset\processed\VID_17\009\frame_0022.jpg;custom_dataset\processed\VID_17\009\frame_0023.jpg,
VID_17_009_C04,VID_17,VID_17.mp4,9,VID_17_009,4,8,custom_dataset\processed\VID_17\009\frame_0020.jpg;custom_dataset\processed\VID_17\009\frame_0021.jpg;custom_dataset\processed\VID_17\009\frame_0022.jpg;custom_dataset\processed\VID_17\009\frame_0023.jpg;custom_dataset\processed\VID_17\009\frame_0024.jpg;custom_dataset\processed\VID_17\009\frame_0025.jpg;custom_dataset\processed\VID_17\009\frame_0026.jpg;custom_dataset\processed\VID_17\009\frame_0027.jpg,
VID_17_009_C05,VID_17,VID_17.mp4,9,VID_17_009,5,8,custom_dataset\processed\VID_17\009\frame_0024.jpg;custom_dataset\processed\VID_17\009\frame_0025.jpg;custom_dataset\processed\VID_17\009\frame_0026.jpg;custom_dataset\processed\VID_17\009\frame_0027.jpg;custom_dataset\processed\VID_17\009\frame_0030.jpg;custom_dataset\processed\VID_17\009\frame_0031.jpg;custom_dataset\processed\VID_17\009\frame_0032.jpg;custom_dataset\processed\VID_17\009\frame_0035.jpg,
VID_17_012_C00,VID_17,VID_17.mp4,12,VID_17_012,0,8,custom_dataset\processed\VID_17\012\frame_0003.jpg;custom_dataset\processed\VID_17\012\frame_0004.jpg;custom_dataset\processed\VID_17\012\frame_0005.jpg;custom_dataset\processed\VID_17\012\frame_0006.jpg;custom_dataset\processed\VID_17\012\frame_0007.jpg;custom_dataset\processed\VID_17\012\frame_0008.jpg;custom_dataset\processed\VID_17\012\frame_0010.jpg;custom_dataset\processed\VID_17\012\frame_0012.jpg,
VID_17_012_C01,VID_17,VID_17.mp4,12,VID_17_012,1,8,custom_dataset\processed\VID_17\012\frame_0007.jpg;custom_dataset\processed\VID_17\012\frame_0008.jpg;custom_dataset\processed\VID_17\012\frame_0010.jpg;custom_dataset\processed\VID_17\012\frame_0012.jpg;custom_dataset\processed\VID_17\012\frame_0015.jpg;custom_dataset\processed\VID_17\012\frame_0016.jpg;custom_dataset\processed\VID_17\012\frame_0017.jpg;custom_dataset\processed\VID_17\012\frame_0018.jpg,
VID_17_012_C02,VID_17,VID_17.mp4,12,VID_17_012,2,8,custom_dataset\processed\VID_17\012\frame_0015.jpg;custom_dataset\processed\VID_17\012\frame_0016.jpg;custom_dataset\processed\VID_17\012\frame_0017.jpg;custom_dataset\processed\VID_17\012\frame_0018.jpg;custom_dataset\processed\VID_17\012\frame_0020.jpg;custom_dataset\processed\VID_17\012\frame_0021.jpg;custom_dataset\processed\VID_17\012\frame_0022.jpg;custom_dataset\processed\VID_17\012\frame_0023.jpg,
VID_17_012_C03,VID_17,VID_17.mp4,12,VID_17_012,3,8,custom_dataset\processed\VID_17\012\frame_0020.jpg;custom_dataset\processed\VID_17\012\frame_0021.jpg;custom_dataset\processed\VID_17\012\frame_0022.jpg;custom_dataset\processed\VID_17\012\frame_0023.jpg;custom_dataset\processed\VID_17\012\frame_0024.jpg;custom_dataset\processed\VID_17\012\frame_0025.jpg;custom_dataset\processed\VID_17\012\frame_0026.jpg;custom_dataset\processed\VID_17\012\frame_0027.jpg,
VID_17_012_C04,VID_17,VID_17.mp4,12,VID_17_012,4,8,custom_dataset\processed\VID_17\012\frame_0024.jpg;custom_dataset\processed\VID_17\012\frame_0025.jpg;custom_dataset\processed\VID_17\012\frame_0026.jpg;custom_dataset\processed\VID_17\012\frame_0027.jpg;custom_dataset\processed\VID_17\012\frame_0028.jpg;custom_dataset\processed\VID_17\012\frame_0029.jpg;custom_dataset\processed\VID_17\012\frame_0030.jpg;custom_dataset\processed\VID_17\012\frame_0031.jpg,
VID_17_012_C05,VID_17,VID_17.mp4,12,VID_17_012,5,8,custom_dataset\processed\VID_17\012\frame_0028.jpg;custom_dataset\processed\VID_17\012\frame_0029.jpg;custom_dataset\processed\VID_17\012\frame_0030.jpg;custom_dataset\processed\VID_17\012\frame_0031.jpg;custom_dataset\processed\VID_17\012\frame_0032.jpg;custom_dataset\processed\VID_17\012\frame_0033.jpg;custom_dataset\processed\VID_17\012\frame_0034.jpg;custom_dataset\processed\VID_17\012\frame_0035.jpg,
VID_17_012_C06,VID_17,VID_17.mp4,12,VID_17_012,6,8,custom_dataset\processed\VID_17\012\frame_0032.jpg;custom_dataset\processed\VID_17\012\frame_0033.jpg;custom_dataset\processed\VID_17\012\frame_0034.jpg;custom_dataset\processed\VID_17\012\frame_0035.jpg;custom_dataset\processed\VID_17\012\frame_0036.jpg;custom_dataset\processed\VID_17\012\frame_0037.jpg;custom_dataset\processed\VID_17\012\frame_0038.jpg;custom_dataset\processed\VID_17\012\frame_0039.jpg,
VID_17_015_C00,VID_17,VID_17.mp4,15,VID_17_015,0,8,custom_dataset\processed\VID_17\015\frame_0008.jpg;custom_dataset\processed\VID_17\015\frame_0009.jpg;custom_dataset\processed\VID_17\015\frame_0010.jpg;custom_dataset\processed\VID_17\015\frame_0011.jpg;custom_dataset\processed\VID_17\015\frame_0012.jpg;custom_dataset\processed\VID_17\015\frame_0013.jpg;custom_dataset\processed\VID_17\015\frame_0014.jpg;custom_dataset\processed\VID_17\015\frame_0015.jpg,
VID_17_020_C00,VID_17,VID_17.mp4,20,VID_17_020,0,8,custom_dataset\processed\VID_17\020\frame_0020.jpg;custom_dataset\processed\VID_17\020\frame_0022.jpg;custom_dataset\processed\VID_17\020\frame_0023.jpg;custom_dataset\processed\VID_17\020\frame_0024.jpg;custom_dataset\processed\VID_17\020\frame_0025.jpg;custom_dataset\processed\VID_17\020\frame_0026.jpg;custom_dataset\processed\VID_17\020\frame_0029.jpg;custom_dataset\processed\VID_17\020\frame_0030.jpg,
VID_17_022_C00,VID_17,VID_17.mp4,22,VID_17_022,0,8,custom_dataset\processed\VID_17\022\frame_0021.jpg;custom_dataset\processed\VID_17\022\frame_0023.jpg;custom_dataset\processed\VID_17\022\frame_0025.jpg;custom_dataset\processed\VID_17\022\frame_0026.jpg;custom_dataset\processed\VID_17\022\frame_0027.jpg;custom_dataset\processed\VID_17\022\frame_0028.jpg;custom_dataset\processed\VID_17\022\frame_0029.jpg;custom_dataset\processed\VID_17\022\frame_0030.jpg,
VID_17_022_C01,VID_17,VID_17.mp4,22,VID_17_022,1,8,custom_dataset\processed\VID_17\022\frame_0027.jpg;custom_dataset\processed\VID_17\022\frame_0028.jpg;custom_dataset\processed\VID_17\022\frame_0029.jpg;custom_dataset\processed\VID_17\022\frame_0030.jpg;custom_dataset\processed\VID_17\022\frame_0031.jpg;custom_dataset\processed\VID_17\022\frame_0032.jpg;custom_dataset\processed\VID_17\022\frame_0033.jpg;custom_dataset\processed\VID_17\022\frame_0034.jpg,
VID_17_022_C02,VID_17,VID_17.mp4,22,VID_17_022,2,8,custom_dataset\processed\VID_17\022\frame_0031.jpg;custom_dataset\processed\VID_17\022\frame_0032.jpg;custom_dataset\processed\VID_17\022\frame_0033.jpg;custom_dataset\processed\VID_17\022\frame_0034.jpg;custom_dataset\processed\VID_17\022\frame_0035.jpg;custom_dataset\processed\VID_17\022\frame_0036.jpg;custom_dataset\processed\VID_17\022\frame_0037.jpg;custom_dataset\processed\VID_17\022\frame_0038.jpg,
VID_18_001_C00,VID_18,VID_18.mp4,1,VID_18_001,0,8,custom_dataset\processed\VID_18\001\frame_0000.jpg;custom_dataset\processed\VID_18\001\frame_0001.jpg;custom_dataset\processed\VID_18\001\frame_0002.jpg;custom_dataset\processed\VID_18\001\frame_0003.jpg;custom_dataset\processed\VID_18\001\frame_0004.jpg;custom_dataset\processed\VID_18\001\frame_0005.jpg;custom_dataset\processed\VID_18\001\frame_0006.jpg;custom_dataset\processed\VID_18\001\frame_0007.jpg,
VID_18_001_C01,VID_18,VID_18.mp4,1,VID_18_001,1,8,custom_dataset\processed\VID_18\001\frame_0004.jpg;custom_dataset\processed\VID_18\001\frame_0005.jpg;custom_dataset\processed\VID_18\001\frame_0006.jpg;custom_dataset\processed\VID_18\001\frame_0007.jpg;custom_dataset\processed\VID_18\001\frame_0008.jpg;custom_dataset\processed\VID_18\001\frame_0009.jpg;custom_dataset\processed\VID_18\001\frame_0010.jpg;custom_dataset\processed\VID_18\001\frame_0011.jpg,
VID_18_001_C02,VID_18,VID_18.mp4,1,VID_18_001,2,8,custom_dataset\processed\VID_18\001\frame_0008.jpg;custom_dataset\processed\VID_18\001\frame_0009.jpg;custom_dataset\processed\VID_18\001\frame_0010.jpg;custom_dataset\processed\VID_18\001\frame_0011.jpg;custom_dataset\processed\VID_18\001\frame_0012.jpg;custom_dataset\processed\VID_18\001\frame_0013.jpg;custom_dataset\processed\VID_18\001\frame_0014.jpg;custom_dataset\processed\VID_18\001\frame_0015.jpg,
VID_18_001_C03,VID_18,VID_18.mp4,1,VID_18_001,3,8,custom_dataset\processed\VID_18\001\frame_0012.jpg;custom_dataset\processed\VID_18\001\frame_0013.jpg;custom_dataset\processed\VID_18\001\frame_0014.jpg;custom_dataset\processed\VID_18\001\frame_0015.jpg;custom_dataset\processed\VID_18\001\frame_0016.jpg;custom_dataset\processed\VID_18\001\frame_0017.jpg;custom_dataset\processed\VID_18\001\frame_0018.jpg;custom_dataset\processed\VID_18\001\frame_0019.jpg,
VID_18_001_C04,VID_18,VID_18.mp4,1,VID_18_001,4,8,custom_dataset\processed\VID_18\001\frame_0016.jpg;custom_dataset\processed\VID_18\001\frame_0017.jpg;custom_dataset\processed\VID_18\001\frame_0018.jpg;custom_dataset\processed\VID_18\001\frame_0019.jpg;custom_dataset\processed\VID_18\001\frame_0020.jpg;custom_dataset\processed\VID_18\001\frame_0021.jpg;custom_dataset\processed\VID_18\001\frame_0022.jpg;custom_dataset\processed\VID_18\001\frame_0023.jpg,
VID_18_001_C05,VID_18,VID_18.mp4,1,VID_18_001,5,8,custom_dataset\processed\VID_18\001\frame_0020.jpg;custom_dataset\processed\VID_18\001\frame_0021.jpg;custom_dataset\processed\VID_18\001\frame_0022.jpg;custom_dataset\processed\VID_18\001\frame_0023.jpg;custom_dataset\processed\VID_18\001\frame_0024.jpg;custom_dataset\processed\VID_18\001\frame_0025.jpg;custom_dataset\processed\VID_18\001\frame_0026.jpg;custom_dataset\processed\VID_18\001\frame_0027.jpg,
VID_18_001_C06,VID_18,VID_18.mp4,1,VID_18_001,6,8,custom_dataset\processed\VID_18\001\frame_0024.jpg;custom_dataset\processed\VID_18\001\frame_0025.jpg;custom_dataset\processed\VID_18\001\frame_0026.jpg;custom_dataset\processed\VID_18\001\frame_0027.jpg;custom_dataset\processed\VID_18\001\frame_0028.jpg;custom_dataset\processed\VID_18\001\frame_0029.jpg;custom_dataset\processed\VID_18\001\frame_0030.jpg;custom_dataset\processed\VID_18\001\frame_0031.jpg,
VID_18_001_C07,VID_18,VID_18.mp4,1,VID_18_001,7,8,custom_dataset\processed\VID_18\001\frame_0028.jpg;custom_dataset\processed\VID_18\001\frame_0029.jpg;custom_dataset\processed\VID_18\001\frame_0030.jpg;custom_dataset\processed\VID_18\001\frame_0031.jpg;custom_dataset\processed\VID_18\001\frame_0032.jpg;custom_dataset\processed\VID_18\001\frame_0033.jpg;custom_dataset\processed\VID_18\001\frame_0034.jpg;custom_dataset\processed\VID_18\001\frame_0035.jpg,
VID_18_001_C08,VID_18,VID_18.mp4,1,VID_18_001,8,8,custom_dataset\processed\VID_18\001\frame_0032.jpg;custom_dataset\processed\VID_18\001\frame_0033.jpg;custom_dataset\processed\VID_18\001\frame_0034.jpg;custom_dataset\processed\VID_18\001\frame_0035.jpg;custom_dataset\processed\VID_18\001\frame_0036.jpg;custom_dataset\processed\VID_18\001\frame_0037.jpg;custom_dataset\processed\VID_18\001\frame_0038.jpg;custom_dataset\processed\VID_18\001\frame_0039.jpg,
VID_18_002_C00,VID_18,VID_18.mp4,2,VID_18_002,0,8,custom_dataset\processed\VID_18\002\frame_0000.jpg;custom_dataset\processed\VID_18\002\frame_0001.jpg;custom_dataset\processed\VID_18\002\frame_0002.jpg;custom_dataset\processed\VID_18\002\frame_0003.jpg;custom_dataset\processed\VID_18\002\frame_0004.jpg;custom_dataset\processed\VID_18\002\frame_0005.jpg;custom_dataset\processed\VID_18\002\frame_0006.jpg;custom_dataset\processed\VID_18\002\frame_0007.jpg,
VID_18_002_C01,VID_18,VID_18.mp4,2,VID_18_002,1,8,custom_dataset\processed\VID_18\002\frame_0004.jpg;custom_dataset\processed\VID_18\002\frame_0005.jpg;custom_dataset\processed\VID_18\002\frame_0006.jpg;custom_dataset\processed\VID_18\002\frame_0007.jpg;custom_dataset\processed\VID_18\002\frame_0008.jpg;custom_dataset\processed\VID_18\002\frame_0009.jpg;custom_dataset\processed\VID_18\002\frame_0010.jpg;custom_dataset\processed\VID_18\002\frame_0011.jpg,
VID_18_002_C02,VID_18,VID_18.mp4,2,VID_18_002,2,8,custom_dataset\processed\VID_18\002\frame_0008.jpg;custom_dataset\processed\VID_18\002\frame_0009.jpg;custom_dataset\processed\VID_18\002\frame_0010.jpg;custom_dataset\processed\VID_18\002\frame_0011.jpg;custom_dataset\processed\VID_18\002\frame_0012.jpg;custom_dataset\processed\VID_18\002\frame_0013.jpg;custom_dataset\processed\VID_18\002\frame_0014.jpg;custom_dataset\processed\VID_18\002\frame_0015.jpg,
VID_18_002_C03,VID_18,VID_18.mp4,2,VID_18_002,3,8,custom_dataset\processed\VID_18\002\frame_0012.jpg;custom_dataset\processed\VID_18\002\frame_0013.jpg;custom_dataset\processed\VID_18\002\frame_0014.jpg;custom_dataset\processed\VID_18\002\frame_0015.jpg;custom_dataset\processed\VID_18\002\frame_0016.jpg;custom_dataset\processed\VID_18\002\frame_0017.jpg;custom_dataset\processed\VID_18\002\frame_0018.jpg;custom_dataset\processed\VID_18\002\frame_0019.jpg,
VID_18_002_C04,VID_18,VID_18.mp4,2,VID_18_002,4,8,custom_dataset\processed\VID_18\002\frame_0016.jpg;custom_dataset\processed\VID_18\002\frame_0017.jpg;custom_dataset\processed\VID_18\002\frame_0018.jpg;custom_dataset\processed\VID_18\002\frame_0019.jpg;custom_dataset\processed\VID_18\002\frame_0020.jpg;custom_dataset\processed\VID_18\002\frame_0021.jpg;custom_dataset\processed\VID_18\002\frame_0022.jpg;custom_dataset\processed\VID_18\002\frame_0023.jpg,
VID_18_002_C05,VID_18,VID_18.mp4,2,VID_18_002,5,8,custom_dataset\processed\VID_18\002\frame_0020.jpg;custom_dataset\processed\VID_18\002\frame_0021.jpg;custom_dataset\processed\VID_18\002\frame_0022.jpg;custom_dataset\processed\VID_18\002\frame_0023.jpg;custom_dataset\processed\VID_18\002\frame_0024.jpg;custom_dataset\processed\VID_18\002\frame_0025.jpg;custom_dataset\processed\VID_18\002\frame_0026.jpg;custom_dataset\processed\VID_18\002\frame_0027.jpg,
VID_18_002_C06,VID_18,VID_18.mp4,2,VID_18_002,6,8,custom_dataset\processed\VID_18\002\frame_0024.jpg;custom_dataset\processed\VID_18\002\frame_0025.jpg;custom_dataset\processed\VID_18\002\frame_0026.jpg;custom_dataset\processed\VID_18\002\frame_0027.jpg;custom_dataset\processed\VID_18\002\frame_0028.jpg;custom_dataset\processed\VID_18\002\frame_0029.jpg;custom_dataset\processed\VID_18\002\frame_0030.jpg;custom_dataset\processed\VID_18\002\frame_0031.jpg,
VID_18_002_C07,VID_18,VID_18.mp4,2,VID_18_002,7,8,custom_dataset\processed\VID_18\002\frame_0028.jpg;custom_dataset\processed\VID_18\002\frame_0029.jpg;custom_dataset\processed\VID_18\002\frame_0030.jpg;custom_dataset\processed\VID_18\002\frame_0031.jpg;custom_dataset\processed\VID_18\002\frame_0032.jpg;custom_dataset\processed\VID_18\002\frame_0033.jpg;custom_dataset\processed\VID_18\002\frame_0034.jpg;custom_dataset\processed\VID_18\002\frame_0035.jpg,
VID_18_002_C08,VID_18,VID_18.mp4,2,VID_18_002,8,8,custom_dataset\processed\VID_18\002\frame_0032.jpg;custom_dataset\processed\VID_18\002\frame_0033.jpg;custom_dataset\processed\VID_18\002\frame_0034.jpg;custom_dataset\processed\VID_18\002\frame_0035.jpg;custom_dataset\processed\VID_18\002\frame_0036.jpg;custom_dataset\processed\VID_18\002\frame_0037.jpg;custom_dataset\processed\VID_18\002\frame_0038.jpg;custom_dataset\processed\VID_18\002\frame_0039.jpg,
VID_18_003_C00,VID_18,VID_18.mp4,3,VID_18_003,0,8,custom_dataset\processed\VID_18\003\frame_0000.jpg;custom_dataset\processed\VID_18\003\frame_0001.jpg;custom_dataset\processed\VID_18\003\frame_0002.jpg;custom_dataset\processed\VID_18\003\frame_0003.jpg;custom_dataset\processed\VID_18\003\frame_0004.jpg;custom_dataset\processed\VID_18\003\frame_0005.jpg;custom_dataset\processed\VID_18\003\frame_0006.jpg;custom_dataset\processed\VID_18\003\frame_0007.jpg,
VID_18_003_C01,VID_18,VID_18.mp4,3,VID_18_003,1,8,custom_dataset\processed\VID_18\003\frame_0004.jpg;custom_dataset\processed\VID_18\003\frame_0005.jpg;custom_dataset\processed\VID_18\003\frame_0006.jpg;custom_dataset\processed\VID_18\003\frame_0007.jpg;custom_dataset\processed\VID_18\003\frame_0008.jpg;custom_dataset\processed\VID_18\003\frame_0009.jpg;custom_dataset\processed\VID_18\003\frame_0010.jpg;custom_dataset\processed\VID_18\003\frame_0011.jpg,
VID_18_003_C02,VID_18,VID_18.mp4,3,VID_18_003,2,8,custom_dataset\processed\VID_18\003\frame_0008.jpg;custom_dataset\processed\VID_18\003\frame_0009.jpg;custom_dataset\processed\VID_18\003\frame_0010.jpg;custom_dataset\processed\VID_18\003\frame_0011.jpg;custom_dataset\processed\VID_18\003\frame_0012.jpg;custom_dataset\processed\VID_18\003\frame_0013.jpg;custom_dataset\processed\VID_18\003\frame_0014.jpg;custom_dataset\processed\VID_18\003\frame_0015.jpg,
VID_18_003_C03,VID_18,VID_18.mp4,3,VID_18_003,3,8,custom_dataset\processed\VID_18\003\frame_0012.jpg;custom_dataset\processed\VID_18\003\frame_0013.jpg;custom_dataset\processed\VID_18\003\frame_0014.jpg;custom_dataset\processed\VID_18\003\frame_0015.jpg;custom_dataset\processed\VID_18\003\frame_0016.jpg;custom_dataset\processed\VID_18\003\frame_0017.jpg;custom_dataset\processed\VID_18\003\frame_0018.jpg;custom_dataset\processed\VID_18\003\frame_0019.jpg,
VID_18_003_C04,VID_18,VID_18.mp4,3,VID_18_003,4,8,custom_dataset\processed\VID_18\003\frame_0016.jpg;custom_dataset\processed\VID_18\003\frame_0017.jpg;custom_dataset\processed\VID_18\003\frame_0018.jpg;custom_dataset\processed\VID_18\003\frame_0019.jpg;custom_dataset\processed\VID_18\003\frame_0020.jpg;custom_dataset\processed\VID_18\003\frame_0021.jpg;custom_dataset\processed\VID_18\003\frame_0022.jpg;custom_dataset\processed\VID_18\003\frame_0023.jpg,
VID_18_003_C05,VID_18,VID_18.mp4,3,VID_18_003,5,8,custom_dataset\processed\VID_18\003\frame_0020.jpg;custom_dataset\processed\VID_18\003\frame_0021.jpg;custom_dataset\processed\VID_18\003\frame_0022.jpg;custom_dataset\processed\VID_18\003\frame_0023.jpg;custom_dataset\processed\VID_18\003\frame_0024.jpg;custom_dataset\processed\VID_18\003\frame_0025.jpg;custom_dataset\processed\VID_18\003\frame_0026.jpg;custom_dataset\processed\VID_18\003\frame_0027.jpg,
VID_18_003_C06,VID_18,VID_18.mp4,3,VID_18_003,6,8,custom_dataset\processed\VID_18\003\frame_0024.jpg;custom_dataset\processed\VID_18\003\frame_0025.jpg;custom_dataset\processed\VID_18\003\frame_0026.jpg;custom_dataset\processed\VID_18\003\frame_0027.jpg;custom_dataset\processed\VID_18\003\frame_0028.jpg;custom_dataset\processed\VID_18\003\frame_0029.jpg;custom_dataset\processed\VID_18\003\frame_0030.jpg;custom_dataset\processed\VID_18\003\frame_0031.jpg,
VID_18_003_C07,VID_18,VID_18.mp4,3,VID_18_003,7,8,custom_dataset\processed\VID_18\003\frame_0028.jpg;custom_dataset\processed\VID_18\003\frame_0029.jpg;custom_dataset\processed\VID_18\003\frame_0030.jpg;custom_dataset\processed\VID_18\003\frame_0031.jpg;custom_dataset\processed\VID_18\003\frame_0032.jpg;custom_dataset\processed\VID_18\003\frame_0033.jpg;custom_dataset\processed\VID_18\003\frame_0034.jpg;custom_dataset\processed\VID_18\003\frame_0035.jpg,
VID_18_003_C08,VID_18,VID_18.mp4,3,VID_18_003,8,8,custom_dataset\processed\VID_18\003\frame_0032.jpg;custom_dataset\processed\VID_18\003\frame_0033.jpg;custom_dataset\processed\VID_18\003\frame_0034.jpg;custom_dataset\processed\VID_18\003\frame_0035.jpg;custom_dataset\processed\VID_18\003\frame_0036.jpg;custom_dataset\processed\VID_18\003\frame_0037.jpg;custom_dataset\processed\VID_18\003\frame_0038.jpg;custom_dataset\processed\VID_18\003\frame_0039.jpg,
VID_18_004_C00,VID_18,VID_18.mp4,4,VID_18_004,0,8,custom_dataset\processed\VID_18\004\frame_0000.jpg;custom_dataset\processed\VID_18\004\frame_0001.jpg;custom_dataset\processed\VID_18\004\frame_0002.jpg;custom_dataset\processed\VID_18\004\frame_0003.jpg;custom_dataset\processed\VID_18\004\frame_0004.jpg;custom_dataset\processed\VID_18\004\frame_0005.jpg;custom_dataset\processed\VID_18\004\frame_0006.jpg;custom_dataset\processed\VID_18\004\frame_0007.jpg,
VID_18_004_C01,VID_18,VID_18.mp4,4,VID_18_004,1,8,custom_dataset\processed\VID_18\004\frame_0004.jpg;custom_dataset\processed\VID_18\004\frame_0005.jpg;custom_dataset\processed\VID_18\004\frame_0006.jpg;custom_dataset\processed\VID_18\004\frame_0007.jpg;custom_dataset\processed\VID_18\004\frame_0008.jpg;custom_dataset\processed\VID_18\004\frame_0009.jpg;custom_dataset\processed\VID_18\004\frame_0010.jpg;custom_dataset\processed\VID_18\004\frame_0011.jpg,
VID_18_004_C02,VID_18,VID_18.mp4,4,VID_18_004,2,8,custom_dataset\processed\VID_18\004\frame_0008.jpg;custom_dataset\processed\VID_18\004\frame_0009.jpg;custom_dataset\processed\VID_18\004\frame_0010.jpg;custom_dataset\processed\VID_18\004\frame_0011.jpg;custom_dataset\processed\VID_18\004\frame_0012.jpg;custom_dataset\processed\VID_18\004\frame_0013.jpg;custom_dataset\processed\VID_18\004\frame_0014.jpg;custom_dataset\processed\VID_18\004\frame_0015.jpg,
VID_18_004_C03,VID_18,VID_18.mp4,4,VID_18_004,3,8,custom_dataset\processed\VID_18\004\frame_0012.jpg;custom_dataset\processed\VID_18\004\frame_0013.jpg;custom_dataset\processed\VID_18\004\frame_0014.jpg;custom_dataset\processed\VID_18\004\frame_0015.jpg;custom_dataset\processed\VID_18\004\frame_0016.jpg;custom_dataset\processed\VID_18\004\frame_0017.jpg;custom_dataset\processed\VID_18\004\frame_0018.jpg;custom_dataset\processed\VID_18\004\frame_0019.jpg,
VID_18_004_C04,VID_18,VID_18.mp4,4,VID_18_004,4,8,custom_dataset\processed\VID_18\004\frame_0016.jpg;custom_dataset\processed\VID_18\004\frame_0017.jpg;custom_dataset\processed\VID_18\004\frame_0018.jpg;custom_dataset\processed\VID_18\004\frame_0019.jpg;custom_dataset\processed\VID_18\004\frame_0020.jpg;custom_dataset\processed\VID_18\004\frame_0021.jpg;custom_dataset\processed\VID_18\004\frame_0022.jpg;custom_dataset\processed\VID_18\004\frame_0023.jpg,
VID_18_004_C05,VID_18,VID_18.mp4,4,VID_18_004,5,8,custom_dataset\processed\VID_18\004\frame_0020.jpg;custom_dataset\processed\VID_18\004\frame_0021.jpg;custom_dataset\processed\VID_18\004\frame_0022.jpg;custom_dataset\processed\VID_18\004\frame_0023.jpg;custom_dataset\processed\VID_18\004\frame_0024.jpg;custom_dataset\processed\VID_18\004\frame_0025.jpg;custom_dataset\processed\VID_18\004\frame_0026.jpg;custom_dataset\processed\VID_18\004\frame_0027.jpg,
VID_18_004_C06,VID_18,VID_18.mp4,4,VID_18_004,6,8,custom_dataset\processed\VID_18\004\frame_0024.jpg;custom_dataset\processed\VID_18\004\frame_0025.jpg;custom_dataset\processed\VID_18\004\frame_0026.jpg;custom_dataset\processed\VID_18\004\frame_0027.jpg;custom_dataset\processed\VID_18\004\frame_0028.jpg;custom_dataset\processed\VID_18\004\frame_0029.jpg;custom_dataset\processed\VID_18\004\frame_0030.jpg;custom_dataset\processed\VID_18\004\frame_0031.jpg,
VID_18_004_C07,VID_18,VID_18.mp4,4,VID_18_004,7,8,custom_dataset\processed\VID_18\004\frame_0028.jpg;custom_dataset\processed\VID_18\004\frame_0029.jpg;custom_dataset\processed\VID_18\004\frame_0030.jpg;custom_dataset\processed\VID_18\004\frame_0031.jpg;custom_dataset\processed\VID_18\004\frame_0032.jpg;custom_dataset\processed\VID_18\004\frame_0033.jpg;custom_dataset\processed\VID_18\004\frame_0034.jpg;custom_dataset\processed\VID_18\004\frame_0035.jpg,
VID_18_004_C08,VID_18,VID_18.mp4,4,VID_18_004,8,8,custom_dataset\processed\VID_18\004\frame_0032.jpg;custom_dataset\processed\VID_18\004\frame_0033.jpg;custom_dataset\processed\VID_18\004\frame_0034.jpg;custom_dataset\processed\VID_18\004\frame_0035.jpg;custom_dataset\processed\VID_18\004\frame_0036.jpg;custom_dataset\processed\VID_18\004\frame_0037.jpg;custom_dataset\processed\VID_18\004\frame_0038.jpg;custom_dataset\processed\VID_18\004\frame_0039.jpg,
VID_18_005_C00,VID_18,VID_18.mp4,5,VID_18_005,0,8,custom_dataset\processed\VID_18\005\frame_0000.jpg;custom_dataset\processed\VID_18\005\frame_0001.jpg;custom_dataset\processed\VID_18\005\frame_0002.jpg;custom_dataset\processed\VID_18\005\frame_0003.jpg;custom_dataset\processed\VID_18\005\frame_0004.jpg;custom_dataset\processed\VID_18\005\frame_0005.jpg;custom_dataset\processed\VID_18\005\frame_0006.jpg;custom_dataset\processed\VID_18\005\frame_0007.jpg,
VID_18_005_C01,VID_18,VID_18.mp4,5,VID_18_005,1,8,custom_dataset\processed\VID_18\005\frame_0004.jpg;custom_dataset\processed\VID_18\005\frame_0005.jpg;custom_dataset\processed\VID_18\005\frame_0006.jpg;custom_dataset\processed\VID_18\005\frame_0007.jpg;custom_dataset\processed\VID_18\005\frame_0008.jpg;custom_dataset\processed\VID_18\005\frame_0009.jpg;custom_dataset\processed\VID_18\005\frame_0010.jpg;custom_dataset\processed\VID_18\005\frame_0011.jpg,
VID_18_005_C02,VID_18,VID_18.mp4,5,VID_18_005,2,8,custom_dataset\processed\VID_18\005\frame_0008.jpg;custom_dataset\processed\VID_18\005\frame_0009.jpg;custom_dataset\processed\VID_18\005\frame_0010.jpg;custom_dataset\processed\VID_18\005\frame_0011.jpg;custom_dataset\processed\VID_18\005\frame_0012.jpg;custom_dataset\processed\VID_18\005\frame_0013.jpg;custom_dataset\processed\VID_18\005\frame_0014.jpg;custom_dataset\processed\VID_18\005\frame_0015.jpg,
VID_18_005_C03,VID_18,VID_18.mp4,5,VID_18_005,3,8,custom_dataset\processed\VID_18\005\frame_0012.jpg;custom_dataset\processed\VID_18\005\frame_0013.jpg;custom_dataset\processed\VID_18\005\frame_0014.jpg;custom_dataset\processed\VID_18\005\frame_0015.jpg;custom_dataset\processed\VID_18\005\frame_0016.jpg;custom_dataset\processed\VID_18\005\frame_0017.jpg;custom_dataset\processed\VID_18\005\frame_0018.jpg;custom_dataset\processed\VID_18\005\frame_0019.jpg,
VID_18_005_C04,VID_18,VID_18.mp4,5,VID_18_005,4,8,custom_dataset\processed\VID_18\005\frame_0016.jpg;custom_dataset\processed\VID_18\005\frame_0017.jpg;custom_dataset\processed\VID_18\005\frame_0018.jpg;custom_dataset\processed\VID_18\005\frame_0019.jpg;custom_dataset\processed\VID_18\005\frame_0020.jpg;custom_dataset\processed\VID_18\005\frame_0021.jpg;custom_dataset\processed\VID_18\005\frame_0022.jpg;custom_dataset\processed\VID_18\005\frame_0023.jpg,
VID_18_005_C05,VID_18,VID_18.mp4,5,VID_18_005,5,8,custom_dataset\processed\VID_18\005\frame_0020.jpg;custom_dataset\processed\VID_18\005\frame_0021.jpg;custom_dataset\processed\VID_18\005\frame_0022.jpg;custom_dataset\processed\VID_18\005\frame_0023.jpg;custom_dataset\processed\VID_18\005\frame_0024.jpg;custom_dataset\processed\VID_18\005\frame_0025.jpg;custom_dataset\processed\VID_18\005\frame_0026.jpg;custom_dataset\processed\VID_18\005\frame_0027.jpg,
VID_18_005_C06,VID_18,VID_18.mp4,5,VID_18_005,6,8,custom_dataset\processed\VID_18\005\frame_0024.jpg;custom_dataset\processed\VID_18\005\frame_0025.jpg;custom_dataset\processed\VID_18\005\frame_0026.jpg;custom_dataset\processed\VID_18\005\frame_0027.jpg;custom_dataset\processed\VID_18\005\frame_0028.jpg;custom_dataset\processed\VID_18\005\frame_0029.jpg;custom_dataset\processed\VID_18\005\frame_0030.jpg;custom_dataset\processed\VID_18\005\frame_0031.jpg,
VID_18_005_C07,VID_18,VID_18.mp4,5,VID_18_005,7,8,custom_dataset\processed\VID_18\005\frame_0028.jpg;custom_dataset\processed\VID_18\005\frame_0029.jpg;custom_dataset\processed\VID_18\005\frame_0030.jpg;custom_dataset\processed\VID_18\005\frame_0031.jpg;custom_dataset\processed\VID_18\005\frame_0032.jpg;custom_dataset\processed\VID_18\005\frame_0033.jpg;custom_dataset\processed\VID_18\005\frame_0034.jpg;custom_dataset\processed\VID_18\005\frame_0035.jpg,
VID_18_005_C08,VID_18,VID_18.mp4,5,VID_18_005,8,8,custom_dataset\processed\VID_18\005\frame_0032.jpg;custom_dataset\processed\VID_18\005\frame_0033.jpg;custom_dataset\processed\VID_18\005\frame_0034.jpg;custom_dataset\processed\VID_18\005\frame_0035.jpg;custom_dataset\processed\VID_18\005\frame_0036.jpg;custom_dataset\processed\VID_18\005\frame_0037.jpg;custom_dataset\processed\VID_18\005\frame_0038.jpg;custom_dataset\processed\VID_18\005\frame_0039.jpg,
VID_18_006_C00,VID_18,VID_18.mp4,6,VID_18_006,0,8,custom_dataset\processed\VID_18\006\frame_0000.jpg;custom_dataset\processed\VID_18\006\frame_0001.jpg;custom_dataset\processed\VID_18\006\frame_0002.jpg;custom_dataset\processed\VID_18\006\frame_0003.jpg;custom_dataset\processed\VID_18\006\frame_0004.jpg;custom_dataset\processed\VID_18\006\frame_0005.jpg;custom_dataset\processed\VID_18\006\frame_0006.jpg;custom_dataset\processed\VID_18\006\frame_0007.jpg,
VID_18_006_C01,VID_18,VID_18.mp4,6,VID_18_006,1,8,custom_dataset\processed\VID_18\006\frame_0004.jpg;custom_dataset\processed\VID_18\006\frame_0005.jpg;custom_dataset\processed\VID_18\006\frame_0006.jpg;custom_dataset\processed\VID_18\006\frame_0007.jpg;custom_dataset\processed\VID_18\006\frame_0008.jpg;custom_dataset\processed\VID_18\006\frame_0009.jpg;custom_dataset\processed\VID_18\006\frame_0010.jpg;custom_dataset\processed\VID_18\006\frame_0011.jpg,
VID_18_006_C02,VID_18,VID_18.mp4,6,VID_18_006,2,8,custom_dataset\processed\VID_18\006\frame_0008.jpg;custom_dataset\processed\VID_18\006\frame_0009.jpg;custom_dataset\processed\VID_18\006\frame_0010.jpg;custom_dataset\processed\VID_18\006\frame_0011.jpg;custom_dataset\processed\VID_18\006\frame_0012.jpg;custom_dataset\processed\VID_18\006\frame_0013.jpg;custom_dataset\processed\VID_18\006\frame_0014.jpg;custom_dataset\processed\VID_18\006\frame_0015.jpg,
VID_18_006_C03,VID_18,VID_18.mp4,6,VID_18_006,3,8,custom_dataset\processed\VID_18\006\frame_0012.jpg;custom_dataset\processed\VID_18\006\frame_0013.jpg;custom_dataset\processed\VID_18\006\frame_0014.jpg;custom_dataset\processed\VID_18\006\frame_0015.jpg;custom_dataset\processed\VID_18\006\frame_0016.jpg;custom_dataset\processed\VID_18\006\frame_0017.jpg;custom_dataset\processed\VID_18\006\frame_0018.jpg;custom_dataset\processed\VID_18\006\frame_0019.jpg,
VID_18_006_C04,VID_18,VID_18.mp4,6,VID_18_006,4,8,custom_dataset\processed\VID_18\006\frame_0016.jpg;custom_dataset\processed\VID_18\006\frame_0017.jpg;custom_dataset\processed\VID_18\006\frame_0018.jpg;custom_dataset\processed\VID_18\006\frame_0019.jpg;custom_dataset\processed\VID_18\006\frame_0020.jpg;custom_dataset\processed\VID_18\006\frame_0021.jpg;custom_dataset\processed\VID_18\006\frame_0022.jpg;custom_dataset\processed\VID_18\006\frame_0023.jpg,
VID_18_006_C05,VID_18,VID_18.mp4,6,VID_18_006,5,8,custom_dataset\processed\VID_18\006\frame_0020.jpg;custom_dataset\processed\VID_18\006\frame_0021.jpg;custom_dataset\processed\VID_18\006\frame_0022.jpg;custom_dataset\processed\VID_18\006\frame_0023.jpg;custom_dataset\processed\VID_18\006\frame_0024.jpg;custom_dataset\processed\VID_18\006\frame_0025.jpg;custom_dataset\processed\VID_18\006\frame_0026.jpg;custom_dataset\processed\VID_18\006\frame_0027.jpg,
VID_18_006_C06,VID_18,VID_18.mp4,6,VID_18_006,6,8,custom_dataset\processed\VID_18\006\frame_0024.jpg;custom_dataset\processed\VID_18\006\frame_0025.jpg;custom_dataset\processed\VID_18\006\frame_0026.jpg;custom_dataset\processed\VID_18\006\frame_0027.jpg;custom_dataset\processed\VID_18\006\frame_0028.jpg;custom_dataset\processed\VID_18\006\frame_0029.jpg;custom_dataset\processed\VID_18\006\frame_0030.jpg;custom_dataset\processed\VID_18\006\frame_0031.jpg,
VID_18_006_C07,VID_18,VID_18.mp4,6,VID_18_006,7,8,custom_dataset\processed\VID_18\006\frame_0028.jpg;custom_dataset\processed\VID_18\006\frame_0029.jpg;custom_dataset\processed\VID_18\006\frame_0030.jpg;custom_dataset\processed\VID_18\006\frame_0031.jpg;custom_dataset\processed\VID_18\006\frame_0032.jpg;custom_dataset\processed\VID_18\006\frame_0033.jpg;custom_dataset\processed\VID_18\006\frame_0034.jpg;custom_dataset\processed\VID_18\006\frame_0035.jpg,
VID_18_006_C08,VID_18,VID_18.mp4,6,VID_18_006,8,8,custom_dataset\processed\VID_18\006\frame_0032.jpg;custom_dataset\processed\VID_18\006\frame_0033.jpg;custom_dataset\processed\VID_18\006\frame_0034.jpg;custom_dataset\processed\VID_18\006\frame_0035.jpg;custom_dataset\processed\VID_18\006\frame_0036.jpg;custom_dataset\processed\VID_18\006\frame_0037.jpg;custom_dataset\processed\VID_18\006\frame_0038.jpg;custom_dataset\processed\VID_18\006\frame_0039.jpg,
VID_18_008_C00,VID_18,VID_18.mp4,8,VID_18_008,0,8,custom_dataset\processed\VID_18\008\frame_0000.jpg;custom_dataset\processed\VID_18\008\frame_0001.jpg;custom_dataset\processed\VID_18\008\frame_0002.jpg;custom_dataset\processed\VID_18\008\frame_0003.jpg;custom_dataset\processed\VID_18\008\frame_0004.jpg;custom_dataset\processed\VID_18\008\frame_0005.jpg;custom_dataset\processed\VID_18\008\frame_0008.jpg;custom_dataset\processed\VID_18\008\frame_0009.jpg,
VID_18_008_C01,VID_18,VID_18.mp4,8,VID_18_008,1,8,custom_dataset\processed\VID_18\008\frame_0004.jpg;custom_dataset\processed\VID_18\008\frame_0005.jpg;custom_dataset\processed\VID_18\008\frame_0008.jpg;custom_dataset\processed\VID_18\008\frame_0009.jpg;custom_dataset\processed\VID_18\008\frame_0010.jpg;custom_dataset\processed\VID_18\008\frame_0011.jpg;custom_dataset\processed\VID_18\008\frame_0012.jpg;custom_dataset\processed\VID_18\008\frame_0013.jpg,
VID_18_008_C02,VID_18,VID_18.mp4,8,VID_18_008,2,8,custom_dataset\processed\VID_18\008\frame_0010.jpg;custom_dataset\processed\VID_18\008\frame_0011.jpg;custom_dataset\processed\VID_18\008\frame_0012.jpg;custom_dataset\processed\VID_18\008\frame_0013.jpg;custom_dataset\processed\VID_18\008\frame_0014.jpg;custom_dataset\processed\VID_18\008\frame_0015.jpg;custom_dataset\processed\VID_18\008\frame_0016.jpg;custom_dataset\processed\VID_18\008\frame_0017.jpg,
VID_18_008_C03,VID_18,VID_18.mp4,8,VID_18_008,3,8,custom_dataset\processed\VID_18\008\frame_0014.jpg;custom_dataset\processed\VID_18\008\frame_0015.jpg;custom_dataset\processed\VID_18\008\frame_0016.jpg;custom_dataset\processed\VID_18\008\frame_0017.jpg;custom_dataset\processed\VID_18\008\frame_0019.jpg;custom_dataset\processed\VID_18\008\frame_0020.jpg;custom_dataset\processed\VID_18\008\frame_0021.jpg;custom_dataset\processed\VID_18\008\frame_0022.jpg,
VID_18_008_C04,VID_18,VID_18.mp4,8,VID_18_008,4,8,custom_dataset\processed\VID_18\008\frame_0019.jpg;custom_dataset\processed\VID_18\008\frame_0020.jpg;custom_dataset\processed\VID_18\008\frame_0021.jpg;custom_dataset\processed\VID_18\008\frame_0022.jpg;custom_dataset\processed\VID_18\008\frame_0023.jpg;custom_dataset\processed\VID_18\008\frame_0024.jpg;custom_dataset\processed\VID_18\008\frame_0026.jpg;custom_dataset\processed\VID_18\008\frame_0028.jpg,
VID_18_008_C05,VID_18,VID_18.mp4,8,VID_18_008,5,8,custom_dataset\processed\VID_18\008\frame_0023.jpg;custom_dataset\processed\VID_18\008\frame_0024.jpg;custom_dataset\processed\VID_18\008\frame_0026.jpg;custom_dataset\processed\VID_18\008\frame_0028.jpg;custom_dataset\processed\VID_18\008\frame_0029.jpg;custom_dataset\processed\VID_18\008\frame_0030.jpg;custom_dataset\processed\VID_18\008\frame_0031.jpg;custom_dataset\processed\VID_18\008\frame_0032.jpg,
VID_18_008_C06,VID_18,VID_18.mp4,8,VID_18_008,6,8,custom_dataset\processed\VID_18\008\frame_0029.jpg;custom_dataset\processed\VID_18\008\frame_0030.jpg;custom_dataset\processed\VID_18\008\frame_0031.jpg;custom_dataset\processed\VID_18\008\frame_0032.jpg;custom_dataset\processed\VID_18\008\frame_0033.jpg;custom_dataset\processed\VID_18\008\frame_0034.jpg;custom_dataset\processed\VID_18\008\frame_0035.jpg;custom_dataset\processed\VID_18\008\frame_0036.jpg,
VID_18_008_C07,VID_18,VID_18.mp4,8,VID_18_008,7,8,custom_dataset\processed\VID_18\008\frame_0033.jpg;custom_dataset\processed\VID_18\008\frame_0034.jpg;custom_dataset\processed\VID_18\008\frame_0035.jpg;custom_dataset\processed\VID_18\008\frame_0036.jpg;custom_dataset\processed\VID_18\008\frame_0037.jpg;custom_dataset\processed\VID_18\008\frame_0038.jpg;custom_dataset\processed\VID_18\008\frame_0039.jpg;custom_dataset\processed\VID_18\008\frame_0040.jpg,
VID_18_009_C00,VID_18,VID_18.mp4,9,VID_18_009,0,8,custom_dataset\processed\VID_18\009\frame_0000.jpg;custom_dataset\processed\VID_18\009\frame_0001.jpg;custom_dataset\processed\VID_18\009\frame_0002.jpg;custom_dataset\processed\VID_18\009\frame_0003.jpg;custom_dataset\processed\VID_18\009\frame_0004.jpg;custom_dataset\processed\VID_18\009\frame_0005.jpg;custom_dataset\processed\VID_18\009\frame_0006.jpg;custom_dataset\processed\VID_18\009\frame_0007.jpg,
VID_18_009_C01,VID_18,VID_18.mp4,9,VID_18_009,1,8,custom_dataset\processed\VID_18\009\frame_0004.jpg;custom_dataset\processed\VID_18\009\frame_0005.jpg;custom_dataset\processed\VID_18\009\frame_0006.jpg;custom_dataset\processed\VID_18\009\frame_0007.jpg;custom_dataset\processed\VID_18\009\frame_0008.jpg;custom_dataset\processed\VID_18\009\frame_0009.jpg;custom_dataset\processed\VID_18\009\frame_0010.jpg;custom_dataset\processed\VID_18\009\frame_0011.jpg,
VID_18_009_C02,VID_18,VID_18.mp4,9,VID_18_009,2,8,custom_dataset\processed\VID_18\009\frame_0008.jpg;custom_dataset\processed\VID_18\009\frame_0009.jpg;custom_dataset\processed\VID_18\009\frame_0010.jpg;custom_dataset\processed\VID_18\009\frame_0011.jpg;custom_dataset\processed\VID_18\009\frame_0012.jpg;custom_dataset\processed\VID_18\009\frame_0015.jpg;custom_dataset\processed\VID_18\009\frame_0016.jpg;custom_dataset\processed\VID_18\009\frame_0017.jpg,
VID_18_009_C03,VID_18,VID_18.mp4,9,VID_18_009,3,8,custom_dataset\processed\VID_18\009\frame_0012.jpg;custom_dataset\processed\VID_18\009\frame_0015.jpg;custom_dataset\processed\VID_18\009\frame_0016.jpg;custom_dataset\processed\VID_18\009\frame_0017.jpg;custom_dataset\processed\VID_18\009\frame_0018.jpg;custom_dataset\processed\VID_18\009\frame_0019.jpg;custom_dataset\processed\VID_18\009\frame_0020.jpg;custom_dataset\processed\VID_18\009\frame_0021.jpg,
VID_18_009_C04,VID_18,VID_18.mp4,9,VID_18_009,4,8,custom_dataset\processed\VID_18\009\frame_0018.jpg;custom_dataset\processed\VID_18\009\frame_0019.jpg;custom_dataset\processed\VID_18\009\frame_0020.jpg;custom_dataset\processed\VID_18\009\frame_0021.jpg;custom_dataset\processed\VID_18\009\frame_0022.jpg;custom_dataset\processed\VID_18\009\frame_0023.jpg;custom_dataset\processed\VID_18\009\frame_0024.jpg;custom_dataset\processed\VID_18\009\frame_0025.jpg,
VID_18_009_C05,VID_18,VID_18.mp4,9,VID_18_009,5,8,custom_dataset\processed\VID_18\009\frame_0022.jpg;custom_dataset\processed\VID_18\009\frame_0023.jpg;custom_dataset\processed\VID_18\009\frame_0024.jpg;custom_dataset\processed\VID_18\009\frame_0025.jpg;custom_dataset\processed\VID_18\009\frame_0027.jpg;custom_dataset\processed\VID_18\009\frame_0028.jpg;custom_dataset\processed\VID_18\009\frame_0029.jpg;custom_dataset\processed\VID_18\009\frame_0031.jpg,
VID_18_009_C06,VID_18,VID_18.mp4,9,VID_18_009,6,8,custom_dataset\processed\VID_18\009\frame_0027.jpg;custom_dataset\processed\VID_18\009\frame_0028.jpg;custom_dataset\processed\VID_18\009\frame_0029.jpg;custom_dataset\processed\VID_18\009\frame_0031.jpg;custom_dataset\processed\VID_18\009\frame_0032.jpg;custom_dataset\processed\VID_18\009\frame_0033.jpg;custom_dataset\processed\VID_18\009\frame_0034.jpg;custom_dataset\processed\VID_18\009\frame_0035.jpg,
VID_18_009_C07,VID_18,VID_18.mp4,9,VID_18_009,7,8,custom_dataset\processed\VID_18\009\frame_0032.jpg;custom_dataset\processed\VID_18\009\frame_0033.jpg;custom_dataset\processed\VID_18\009\frame_0034.jpg;custom_dataset\processed\VID_18\009\frame_0035.jpg;custom_dataset\processed\VID_18\009\frame_0036.jpg;custom_dataset\processed\VID_18\009\frame_0037.jpg;custom_dataset\processed\VID_18\009\frame_0038.jpg;custom_dataset\processed\VID_18\009\frame_0039.jpg,
VID_18_011_C00,VID_18,VID_18.mp4,11,VID_18_011,0,8,custom_dataset\processed\VID_18\011\frame_0000.jpg;custom_dataset\processed\VID_18\011\frame_0001.jpg;custom_dataset\processed\VID_18\011\frame_0002.jpg;custom_dataset\processed\VID_18\011\frame_0003.jpg;custom_dataset\processed\VID_18\011\frame_0004.jpg;custom_dataset\processed\VID_18\011\frame_0005.jpg;custom_dataset\processed\VID_18\011\frame_0006.jpg;custom_dataset\processed\VID_18\011\frame_0007.jpg,
VID_18_011_C01,VID_18,VID_18.mp4,11,VID_18_011,1,8,custom_dataset\processed\VID_18\011\frame_0004.jpg;custom_dataset\processed\VID_18\011\frame_0005.jpg;custom_dataset\processed\VID_18\011\frame_0006.jpg;custom_dataset\processed\VID_18\011\frame_0007.jpg;custom_dataset\processed\VID_18\011\frame_0008.jpg;custom_dataset\processed\VID_18\011\frame_0009.jpg;custom_dataset\processed\VID_18\011\frame_0010.jpg;custom_dataset\processed\VID_18\011\frame_0011.jpg,
VID_18_011_C02,VID_18,VID_18.mp4,11,VID_18_011,2,8,custom_dataset\processed\VID_18\011\frame_0008.jpg;custom_dataset\processed\VID_18\011\frame_0009.jpg;custom_dataset\processed\VID_18\011\frame_0010.jpg;custom_dataset\processed\VID_18\011\frame_0011.jpg;custom_dataset\processed\VID_18\011\frame_0012.jpg;custom_dataset\processed\VID_18\011\frame_0013.jpg;custom_dataset\processed\VID_18\011\frame_0015.jpg;custom_dataset\processed\VID_18\011\frame_0016.jpg,
VID_18_011_C03,VID_18,VID_18.mp4,11,VID_18_011,3,8,custom_dataset\processed\VID_18\011\frame_0012.jpg;custom_dataset\processed\VID_18\011\frame_0013.jpg;custom_dataset\processed\VID_18\011\frame_0015.jpg;custom_dataset\processed\VID_18\011\frame_0016.jpg;custom_dataset\processed\VID_18\011\frame_0017.jpg;custom_dataset\processed\VID_18\011\frame_0019.jpg;custom_dataset\processed\VID_18\011\frame_0020.jpg;custom_dataset\processed\VID_18\011\frame_0021.jpg,
VID_18_011_C04,VID_18,VID_18.mp4,11,VID_18_011,4,8,custom_dataset\processed\VID_18\011\frame_0017.jpg;custom_dataset\processed\VID_18\011\frame_0019.jpg;custom_dataset\processed\VID_18\011\frame_0020.jpg;custom_dataset\processed\VID_18\011\frame_0021.jpg;custom_dataset\processed\VID_18\011\frame_0022.jpg;custom_dataset\processed\VID_18\011\frame_0023.jpg;custom_dataset\processed\VID_18\011\frame_0024.jpg;custom_dataset\processed\VID_18\011\frame_0025.jpg,
VID_18_011_C05,VID_18,VID_18.mp4,11,VID_18_011,5,8,custom_dataset\processed\VID_18\011\frame_0022.jpg;custom_dataset\processed\VID_18\011\frame_0023.jpg;custom_dataset\processed\VID_18\011\frame_0024.jpg;custom_dataset\processed\VID_18\011\frame_0025.jpg;custom_dataset\processed\VID_18\011\frame_0026.jpg;custom_dataset\processed\VID_18\011\frame_0027.jpg;custom_dataset\processed\VID_18\011\frame_0028.jpg;custom_dataset\processed\VID_18\011\frame_0029.jpg,
VID_18_011_C06,VID_18,VID_18.mp4,11,VID_18_011,6,8,custom_dataset\processed\VID_18\011\frame_0026.jpg;custom_dataset\processed\VID_18\011\frame_0027.jpg;custom_dataset\processed\VID_18\011\frame_0028.jpg;custom_dataset\processed\VID_18\011\frame_0029.jpg;custom_dataset\processed\VID_18\011\frame_0030.jpg;custom_dataset\processed\VID_18\011\frame_0031.jpg;custom_dataset\processed\VID_18\011\frame_0032.jpg;custom_dataset\processed\VID_18\011\frame_0033.jpg,
VID_18_011_C07,VID_18,VID_18.mp4,11,VID_18_011,7,8,custom_dataset\processed\VID_18\011\frame_0030.jpg;custom_dataset\processed\VID_18\011\frame_0031.jpg;custom_dataset\processed\VID_18\011\frame_0032.jpg;custom_dataset\processed\VID_18\011\frame_0033.jpg;custom_dataset\processed\VID_18\011\frame_0034.jpg;custom_dataset\processed\VID_18\011\frame_0035.jpg;custom_dataset\processed\VID_18\011\frame_0036.jpg;custom_dataset\processed\VID_18\011\frame_0037.jpg,
VID_18_011_C08,VID_18,VID_18.mp4,11,VID_18_011,8,8,custom_dataset\processed\VID_18\011\frame_0034.jpg;custom_dataset\processed\VID_18\011\frame_0035.jpg;custom_dataset\processed\VID_18\011\frame_0036.jpg;custom_dataset\processed\VID_18\011\frame_0037.jpg;custom_dataset\processed\VID_18\011\frame_0038.jpg;custom_dataset\processed\VID_18\011\frame_0039.jpg;custom_dataset\processed\VID_18\011\frame_0040.jpg;custom_dataset\processed\VID_18\011\frame_0041.jpg,
VID_18_013_C00,VID_18,VID_18.mp4,13,VID_18_013,0,8,custom_dataset\processed\VID_18\013\frame_0004.jpg;custom_dataset\processed\VID_18\013\frame_0005.jpg;custom_dataset\processed\VID_18\013\frame_0006.jpg;custom_dataset\processed\VID_18\013\frame_0007.jpg;custom_dataset\processed\VID_18\013\frame_0008.jpg;custom_dataset\processed\VID_18\013\frame_0009.jpg;custom_dataset\processed\VID_18\013\frame_0010.jpg;custom_dataset\processed\VID_18\013\frame_0011.jpg,
VID_18_013_C01,VID_18,VID_18.mp4,13,VID_18_013,1,8,custom_dataset\processed\VID_18\013\frame_0008.jpg;custom_dataset\processed\VID_18\013\frame_0009.jpg;custom_dataset\processed\VID_18\013\frame_0010.jpg;custom_dataset\processed\VID_18\013\frame_0011.jpg;custom_dataset\processed\VID_18\013\frame_0012.jpg;custom_dataset\processed\VID_18\013\frame_0013.jpg;custom_dataset\processed\VID_18\013\frame_0014.jpg;custom_dataset\processed\VID_18\013\frame_0015.jpg,
VID_18_017_C00,VID_18,VID_18.mp4,17,VID_18_017,0,8,custom_dataset\processed\VID_18\017\frame_0012.jpg;custom_dataset\processed\VID_18\017\frame_0013.jpg;custom_dataset\processed\VID_18\017\frame_0014.jpg;custom_dataset\processed\VID_18\017\frame_0015.jpg;custom_dataset\processed\VID_18\017\frame_0016.jpg;custom_dataset\processed\VID_18\017\frame_0019.jpg;custom_dataset\processed\VID_18\017\frame_0020.jpg;custom_dataset\processed\VID_18\017\frame_0021.jpg,
VID_18_017_C01,VID_18,VID_18.mp4,17,VID_18_017,1,8,custom_dataset\processed\VID_18\017\frame_0016.jpg;custom_dataset\processed\VID_18\017\frame_0019.jpg;custom_dataset\processed\VID_18\017\frame_0020.jpg;custom_dataset\processed\VID_18\017\frame_0021.jpg;custom_dataset\processed\VID_18\017\frame_0022.jpg;custom_dataset\processed\VID_18\017\frame_0023.jpg;custom_dataset\processed\VID_18\017\frame_0024.jpg;custom_dataset\processed\VID_18\017\frame_0025.jpg,
VID_18_017_C02,VID_18,VID_18.mp4,17,VID_18_017,2,8,custom_dataset\processed\VID_18\017\frame_0022.jpg;custom_dataset\processed\VID_18\017\frame_0023.jpg;custom_dataset\processed\VID_18\017\frame_0024.jpg;custom_dataset\processed\VID_18\017\frame_0025.jpg;custom_dataset\processed\VID_18\017\frame_0026.jpg;custom_dataset\processed\VID_18\017\frame_0027.jpg;custom_dataset\processed\VID_18\017\frame_0031.jpg;custom_dataset\processed\VID_18\017\frame_0032.jpg,
VID_18_017_C03,VID_18,VID_18.mp4,17,VID_18_017,3,8,custom_dataset\processed\VID_18\017\frame_0026.jpg;custom_dataset\processed\VID_18\017\frame_0027.jpg;custom_dataset\processed\VID_18\017\frame_0031.jpg;custom_dataset\processed\VID_18\017\frame_0032.jpg;custom_dataset\processed\VID_18\017\frame_0033.jpg;custom_dataset\processed\VID_18\017\frame_0034.jpg;custom_dataset\processed\VID_18\017\frame_0035.jpg;custom_dataset\processed\VID_18\017\frame_0036.jpg,
VID_18_017_C04,VID_18,VID_18.mp4,17,VID_18_017,4,8,custom_dataset\processed\VID_18\017\frame_0033.jpg;custom_dataset\processed\VID_18\017\frame_0034.jpg;custom_dataset\processed\VID_18\017\frame_0035.jpg;custom_dataset\processed\VID_18\017\frame_0036.jpg;custom_dataset\processed\VID_18\017\frame_0037.jpg;custom_dataset\processed\VID_18\017\frame_0038.jpg;custom_dataset\processed\VID_18\017\frame_0039.jpg;custom_dataset\processed\VID_18\017\frame_0040.jpg,
VID_19_001_C00,VID_19,VID_19.mp4,1,VID_19_001,0,8,custom_dataset\processed\VID_19\001\frame_0000.jpg;custom_dataset\processed\VID_19\001\frame_0001.jpg;custom_dataset\processed\VID_19\001\frame_0002.jpg;custom_dataset\processed\VID_19\001\frame_0003.jpg;custom_dataset\processed\VID_19\001\frame_0004.jpg;custom_dataset\processed\VID_19\001\frame_0005.jpg;custom_dataset\processed\VID_19\001\frame_0006.jpg;custom_dataset\processed\VID_19\001\frame_0007.jpg,
VID_19_001_C01,VID_19,VID_19.mp4,1,VID_19_001,1,8,custom_dataset\processed\VID_19\001\frame_0004.jpg;custom_dataset\processed\VID_19\001\frame_0005.jpg;custom_dataset\processed\VID_19\001\frame_0006.jpg;custom_dataset\processed\VID_19\001\frame_0007.jpg;custom_dataset\processed\VID_19\001\frame_0008.jpg;custom_dataset\processed\VID_19\001\frame_0009.jpg;custom_dataset\processed\VID_19\001\frame_0010.jpg;custom_dataset\processed\VID_19\001\frame_0011.jpg,
VID_19_001_C02,VID_19,VID_19.mp4,1,VID_19_001,2,8,custom_dataset\processed\VID_19\001\frame_0008.jpg;custom_dataset\processed\VID_19\001\frame_0009.jpg;custom_dataset\processed\VID_19\001\frame_0010.jpg;custom_dataset\processed\VID_19\001\frame_0011.jpg;custom_dataset\processed\VID_19\001\frame_0012.jpg;custom_dataset\processed\VID_19\001\frame_0013.jpg;custom_dataset\processed\VID_19\001\frame_0014.jpg;custom_dataset\processed\VID_19\001\frame_0015.jpg,
VID_19_001_C03,VID_19,VID_19.mp4,1,VID_19_001,3,8,custom_dataset\processed\VID_19\001\frame_0012.jpg;custom_dataset\processed\VID_19\001\frame_0013.jpg;custom_dataset\processed\VID_19\001\frame_0014.jpg;custom_dataset\processed\VID_19\001\frame_0015.jpg;custom_dataset\processed\VID_19\001\frame_0016.jpg;custom_dataset\processed\VID_19\001\frame_0017.jpg;custom_dataset\processed\VID_19\001\frame_0018.jpg;custom_dataset\processed\VID_19\001\frame_0019.jpg,
VID_19_001_C04,VID_19,VID_19.mp4,1,VID_19_001,4,8,custom_dataset\processed\VID_19\001\frame_0016.jpg;custom_dataset\processed\VID_19\001\frame_0017.jpg;custom_dataset\processed\VID_19\001\frame_0018.jpg;custom_dataset\processed\VID_19\001\frame_0019.jpg;custom_dataset\processed\VID_19\001\frame_0020.jpg;custom_dataset\processed\VID_19\001\frame_0021.jpg;custom_dataset\processed\VID_19\001\frame_0022.jpg;custom_dataset\processed\VID_19\001\frame_0023.jpg,
VID_19_001_C05,VID_19,VID_19.mp4,1,VID_19_001,5,8,custom_dataset\processed\VID_19\001\frame_0020.jpg;custom_dataset\processed\VID_19\001\frame_0021.jpg;custom_dataset\processed\VID_19\001\frame_0022.jpg;custom_dataset\processed\VID_19\001\frame_0023.jpg;custom_dataset\processed\VID_19\001\frame_0024.jpg;custom_dataset\processed\VID_19\001\frame_0025.jpg;custom_dataset\processed\VID_19\001\frame_0026.jpg;custom_dataset\processed\VID_19\001\frame_0027.jpg,
VID_19_001_C06,VID_19,VID_19.mp4,1,VID_19_001,6,8,custom_dataset\processed\VID_19\001\frame_0024.jpg;custom_dataset\processed\VID_19\001\frame_0025.jpg;custom_dataset\processed\VID_19\001\frame_0026.jpg;custom_dataset\processed\VID_19\001\frame_0027.jpg;custom_dataset\processed\VID_19\001\frame_0028.jpg;custom_dataset\processed\VID_19\001\frame_0029.jpg;custom_dataset\processed\VID_19\001\frame_0030.jpg;custom_dataset\processed\VID_19\001\frame_0031.jpg,
VID_19_001_C07,VID_19,VID_19.mp4,1,VID_19_001,7,8,custom_dataset\processed\VID_19\001\frame_0028.jpg;custom_dataset\processed\VID_19\001\frame_0029.jpg;custom_dataset\processed\VID_19\001\frame_0030.jpg;custom_dataset\processed\VID_19\001\frame_0031.jpg;custom_dataset\processed\VID_19\001\frame_0032.jpg;custom_dataset\processed\VID_19\001\frame_0033.jpg;custom_dataset\processed\VID_19\001\frame_0034.jpg;custom_dataset\processed\VID_19\001\frame_0035.jpg,
VID_19_001_C08,VID_19,VID_19.mp4,1,VID_19_001,8,8,custom_dataset\processed\VID_19\001\frame_0032.jpg;custom_dataset\processed\VID_19\001\frame_0033.jpg;custom_dataset\processed\VID_19\001\frame_0034.jpg;custom_dataset\processed\VID_19\001\frame_0035.jpg;custom_dataset\processed\VID_19\001\frame_0036.jpg;custom_dataset\processed\VID_19\001\frame_0037.jpg;custom_dataset\processed\VID_19\001\frame_0038.jpg;custom_dataset\processed\VID_19\001\frame_0039.jpg,
VID_19_002_C00,VID_19,VID_19.mp4,2,VID_19_002,0,8,custom_dataset\processed\VID_19\002\frame_0000.jpg;custom_dataset\processed\VID_19\002\frame_0001.jpg;custom_dataset\processed\VID_19\002\frame_0002.jpg;custom_dataset\processed\VID_19\002\frame_0003.jpg;custom_dataset\processed\VID_19\002\frame_0004.jpg;custom_dataset\processed\VID_19\002\frame_0005.jpg;custom_dataset\processed\VID_19\002\frame_0006.jpg;custom_dataset\processed\VID_19\002\frame_0007.jpg,
VID_19_002_C01,VID_19,VID_19.mp4,2,VID_19_002,1,8,custom_dataset\processed\VID_19\002\frame_0004.jpg;custom_dataset\processed\VID_19\002\frame_0005.jpg;custom_dataset\processed\VID_19\002\frame_0006.jpg;custom_dataset\processed\VID_19\002\frame_0007.jpg;custom_dataset\processed\VID_19\002\frame_0008.jpg;custom_dataset\processed\VID_19\002\frame_0009.jpg;custom_dataset\processed\VID_19\002\frame_0010.jpg;custom_dataset\processed\VID_19\002\frame_0011.jpg,
VID_19_002_C02,VID_19,VID_19.mp4,2,VID_19_002,2,8,custom_dataset\processed\VID_19\002\frame_0008.jpg;custom_dataset\processed\VID_19\002\frame_0009.jpg;custom_dataset\processed\VID_19\002\frame_0010.jpg;custom_dataset\processed\VID_19\002\frame_0011.jpg;custom_dataset\processed\VID_19\002\frame_0012.jpg;custom_dataset\processed\VID_19\002\frame_0013.jpg;custom_dataset\processed\VID_19\002\frame_0014.jpg;custom_dataset\processed\VID_19\002\frame_0015.jpg,
VID_19_002_C03,VID_19,VID_19.mp4,2,VID_19_002,3,8,custom_dataset\processed\VID_19\002\frame_0012.jpg;custom_dataset\processed\VID_19\002\frame_0013.jpg;custom_dataset\processed\VID_19\002\frame_0014.jpg;custom_dataset\processed\VID_19\002\frame_0015.jpg;custom_dataset\processed\VID_19\002\frame_0016.jpg;custom_dataset\processed\VID_19\002\frame_0017.jpg;custom_dataset\processed\VID_19\002\frame_0018.jpg;custom_dataset\processed\VID_19\002\frame_0019.jpg,
VID_19_002_C04,VID_19,VID_19.mp4,2,VID_19_002,4,8,custom_dataset\processed\VID_19\002\frame_0016.jpg;custom_dataset\processed\VID_19\002\frame_0017.jpg;custom_dataset\processed\VID_19\002\frame_0018.jpg;custom_dataset\processed\VID_19\002\frame_0019.jpg;custom_dataset\processed\VID_19\002\frame_0020.jpg;custom_dataset\processed\VID_19\002\frame_0021.jpg;custom_dataset\processed\VID_19\002\frame_0022.jpg;custom_dataset\processed\VID_19\002\frame_0023.jpg,
VID_19_002_C05,VID_19,VID_19.mp4,2,VID_19_002,5,8,custom_dataset\processed\VID_19\002\frame_0020.jpg;custom_dataset\processed\VID_19\002\frame_0021.jpg;custom_dataset\processed\VID_19\002\frame_0022.jpg;custom_dataset\processed\VID_19\002\frame_0023.jpg;custom_dataset\processed\VID_19\002\frame_0024.jpg;custom_dataset\processed\VID_19\002\frame_0025.jpg;custom_dataset\processed\VID_19\002\frame_0026.jpg;custom_dataset\processed\VID_19\002\frame_0027.jpg,
VID_19_002_C06,VID_19,VID_19.mp4,2,VID_19_002,6,8,custom_dataset\processed\VID_19\002\frame_0024.jpg;custom_dataset\processed\VID_19\002\frame_0025.jpg;custom_dataset\processed\VID_19\002\frame_0026.jpg;custom_dataset\processed\VID_19\002\frame_0027.jpg;custom_dataset\processed\VID_19\002\frame_0028.jpg;custom_dataset\processed\VID_19\002\frame_0029.jpg;custom_dataset\processed\VID_19\002\frame_0030.jpg;custom_dataset\processed\VID_19\002\frame_0031.jpg,
VID_19_002_C07,VID_19,VID_19.mp4,2,VID_19_002,7,8,custom_dataset\processed\VID_19\002\frame_0028.jpg;custom_dataset\processed\VID_19\002\frame_0029.jpg;custom_dataset\processed\VID_19\002\frame_0030.jpg;custom_dataset\processed\VID_19\002\frame_0031.jpg;custom_dataset\processed\VID_19\002\frame_0032.jpg;custom_dataset\processed\VID_19\002\frame_0033.jpg;custom_dataset\processed\VID_19\002\frame_0034.jpg;custom_dataset\processed\VID_19\002\frame_0035.jpg,
VID_19_002_C08,VID_19,VID_19.mp4,2,VID_19_002,8,8,custom_dataset\processed\VID_19\002\frame_0032.jpg;custom_dataset\processed\VID_19\002\frame_0033.jpg;custom_dataset\processed\VID_19\002\frame_0034.jpg;custom_dataset\processed\VID_19\002\frame_0035.jpg;custom_dataset\processed\VID_19\002\frame_0036.jpg;custom_dataset\processed\VID_19\002\frame_0037.jpg;custom_dataset\processed\VID_19\002\frame_0038.jpg;custom_dataset\processed\VID_19\002\frame_0039.jpg,
VID_19_003_C00,VID_19,VID_19.mp4,3,VID_19_003,0,8,custom_dataset\processed\VID_19\003\frame_0000.jpg;custom_dataset\processed\VID_19\003\frame_0001.jpg;custom_dataset\processed\VID_19\003\frame_0002.jpg;custom_dataset\processed\VID_19\003\frame_0003.jpg;custom_dataset\processed\VID_19\003\frame_0004.jpg;custom_dataset\processed\VID_19\003\frame_0005.jpg;custom_dataset\processed\VID_19\003\frame_0006.jpg;custom_dataset\processed\VID_19\003\frame_0007.jpg,
VID_19_003_C01,VID_19,VID_19.mp4,3,VID_19_003,1,8,custom_dataset\processed\VID_19\003\frame_0004.jpg;custom_dataset\processed\VID_19\003\frame_0005.jpg;custom_dataset\processed\VID_19\003\frame_0006.jpg;custom_dataset\processed\VID_19\003\frame_0007.jpg;custom_dataset\processed\VID_19\003\frame_0008.jpg;custom_dataset\processed\VID_19\003\frame_0009.jpg;custom_dataset\processed\VID_19\003\frame_0010.jpg;custom_dataset\processed\VID_19\003\frame_0011.jpg,
VID_19_003_C02,VID_19,VID_19.mp4,3,VID_19_003,2,8,custom_dataset\processed\VID_19\003\frame_0008.jpg;custom_dataset\processed\VID_19\003\frame_0009.jpg;custom_dataset\processed\VID_19\003\frame_0010.jpg;custom_dataset\processed\VID_19\003\frame_0011.jpg;custom_dataset\processed\VID_19\003\frame_0012.jpg;custom_dataset\processed\VID_19\003\frame_0013.jpg;custom_dataset\processed\VID_19\003\frame_0014.jpg;custom_dataset\processed\VID_19\003\frame_0015.jpg,
VID_19_003_C03,VID_19,VID_19.mp4,3,VID_19_003,3,8,custom_dataset\processed\VID_19\003\frame_0012.jpg;custom_dataset\processed\VID_19\003\frame_0013.jpg;custom_dataset\processed\VID_19\003\frame_0014.jpg;custom_dataset\processed\VID_19\003\frame_0015.jpg;custom_dataset\processed\VID_19\003\frame_0016.jpg;custom_dataset\processed\VID_19\003\frame_0017.jpg;custom_dataset\processed\VID_19\003\frame_0018.jpg;custom_dataset\processed\VID_19\003\frame_0019.jpg,
VID_19_003_C04,VID_19,VID_19.mp4,3,VID_19_003,4,8,custom_dataset\processed\VID_19\003\frame_0016.jpg;custom_dataset\processed\VID_19\003\frame_0017.jpg;custom_dataset\processed\VID_19\003\frame_0018.jpg;custom_dataset\processed\VID_19\003\frame_0019.jpg;custom_dataset\processed\VID_19\003\frame_0020.jpg;custom_dataset\processed\VID_19\003\frame_0021.jpg;custom_dataset\processed\VID_19\003\frame_0022.jpg;custom_dataset\processed\VID_19\003\frame_0023.jpg,
VID_19_003_C05,VID_19,VID_19.mp4,3,VID_19_003,5,8,custom_dataset\processed\VID_19\003\frame_0020.jpg;custom_dataset\processed\VID_19\003\frame_0021.jpg;custom_dataset\processed\VID_19\003\frame_0022.jpg;custom_dataset\processed\VID_19\003\frame_0023.jpg;custom_dataset\processed\VID_19\003\frame_0024.jpg;custom_dataset\processed\VID_19\003\frame_0025.jpg;custom_dataset\processed\VID_19\003\frame_0026.jpg;custom_dataset\processed\VID_19\003\frame_0027.jpg,
VID_19_003_C06,VID_19,VID_19.mp4,3,VID_19_003,6,8,custom_dataset\processed\VID_19\003\frame_0024.jpg;custom_dataset\processed\VID_19\003\frame_0025.jpg;custom_dataset\processed\VID_19\003\frame_0026.jpg;custom_dataset\processed\VID_19\003\frame_0027.jpg;custom_dataset\processed\VID_19\003\frame_0028.jpg;custom_dataset\processed\VID_19\003\frame_0029.jpg;custom_dataset\processed\VID_19\003\frame_0030.jpg;custom_dataset\processed\VID_19\003\frame_0031.jpg,
VID_19_003_C07,VID_19,VID_19.mp4,3,VID_19_003,7,8,custom_dataset\processed\VID_19\003\frame_0028.jpg;custom_dataset\processed\VID_19\003\frame_0029.jpg;custom_dataset\processed\VID_19\003\frame_0030.jpg;custom_dataset\processed\VID_19\003\frame_0031.jpg;custom_dataset\processed\VID_19\003\frame_0032.jpg;custom_dataset\processed\VID_19\003\frame_0033.jpg;custom_dataset\processed\VID_19\003\frame_0034.jpg;custom_dataset\processed\VID_19\003\frame_0035.jpg,
VID_19_003_C08,VID_19,VID_19.mp4,3,VID_19_003,8,8,custom_dataset\processed\VID_19\003\frame_0032.jpg;custom_dataset\processed\VID_19\003\frame_0033.jpg;custom_dataset\processed\VID_19\003\frame_0034.jpg;custom_dataset\processed\VID_19\003\frame_0035.jpg;custom_dataset\processed\VID_19\003\frame_0036.jpg;custom_dataset\processed\VID_19\003\frame_0037.jpg;custom_dataset\processed\VID_19\003\frame_0038.jpg;custom_dataset\processed\VID_19\003\frame_0039.jpg,
VID_19_004_C00,VID_19,VID_19.mp4,4,VID_19_004,0,8,custom_dataset\processed\VID_19\004\frame_0000.jpg;custom_dataset\processed\VID_19\004\frame_0001.jpg;custom_dataset\processed\VID_19\004\frame_0002.jpg;custom_dataset\processed\VID_19\004\frame_0003.jpg;custom_dataset\processed\VID_19\004\frame_0004.jpg;custom_dataset\processed\VID_19\004\frame_0005.jpg;custom_dataset\processed\VID_19\004\frame_0006.jpg;custom_dataset\processed\VID_19\004\frame_0007.jpg,
VID_19_004_C01,VID_19,VID_19.mp4,4,VID_19_004,1,8,custom_dataset\processed\VID_19\004\frame_0004.jpg;custom_dataset\processed\VID_19\004\frame_0005.jpg;custom_dataset\processed\VID_19\004\frame_0006.jpg;custom_dataset\processed\VID_19\004\frame_0007.jpg;custom_dataset\processed\VID_19\004\frame_0008.jpg;custom_dataset\processed\VID_19\004\frame_0009.jpg;custom_dataset\processed\VID_19\004\frame_0010.jpg;custom_dataset\processed\VID_19\004\frame_0011.jpg,
VID_19_004_C02,VID_19,VID_19.mp4,4,VID_19_004,2,8,custom_dataset\processed\VID_19\004\frame_0008.jpg;custom_dataset\processed\VID_19\004\frame_0009.jpg;custom_dataset\processed\VID_19\004\frame_0010.jpg;custom_dataset\processed\VID_19\004\frame_0011.jpg;custom_dataset\processed\VID_19\004\frame_0012.jpg;custom_dataset\processed\VID_19\004\frame_0013.jpg;custom_dataset\processed\VID_19\004\frame_0014.jpg;custom_dataset\processed\VID_19\004\frame_0015.jpg,
VID_19_004_C03,VID_19,VID_19.mp4,4,VID_19_004,3,8,custom_dataset\processed\VID_19\004\frame_0012.jpg;custom_dataset\processed\VID_19\004\frame_0013.jpg;custom_dataset\processed\VID_19\004\frame_0014.jpg;custom_dataset\processed\VID_19\004\frame_0015.jpg;custom_dataset\processed\VID_19\004\frame_0016.jpg;custom_dataset\processed\VID_19\004\frame_0017.jpg;custom_dataset\processed\VID_19\004\frame_0018.jpg;custom_dataset\processed\VID_19\004\frame_0019.jpg,
VID_19_004_C04,VID_19,VID_19.mp4,4,VID_19_004,4,8,custom_dataset\processed\VID_19\004\frame_0016.jpg;custom_dataset\processed\VID_19\004\frame_0017.jpg;custom_dataset\processed\VID_19\004\frame_0018.jpg;custom_dataset\processed\VID_19\004\frame_0019.jpg;custom_dataset\processed\VID_19\004\frame_0020.jpg;custom_dataset\processed\VID_19\004\frame_0021.jpg;custom_dataset\processed\VID_19\004\frame_0022.jpg;custom_dataset\processed\VID_19\004\frame_0023.jpg,
VID_19_004_C05,VID_19,VID_19.mp4,4,VID_19_004,5,8,custom_dataset\processed\VID_19\004\frame_0020.jpg;custom_dataset\processed\VID_19\004\frame_0021.jpg;custom_dataset\processed\VID_19\004\frame_0022.jpg;custom_dataset\processed\VID_19\004\frame_0023.jpg;custom_dataset\processed\VID_19\004\frame_0024.jpg;custom_dataset\processed\VID_19\004\frame_0025.jpg;custom_dataset\processed\VID_19\004\frame_0026.jpg;custom_dataset\processed\VID_19\004\frame_0027.jpg,
VID_19_004_C06,VID_19,VID_19.mp4,4,VID_19_004,6,8,custom_dataset\processed\VID_19\004\frame_0024.jpg;custom_dataset\processed\VID_19\004\frame_0025.jpg;custom_dataset\processed\VID_19\004\frame_0026.jpg;custom_dataset\processed\VID_19\004\frame_0027.jpg;custom_dataset\processed\VID_19\004\frame_0028.jpg;custom_dataset\processed\VID_19\004\frame_0029.jpg;custom_dataset\processed\VID_19\004\frame_0030.jpg;custom_dataset\processed\VID_19\004\frame_0031.jpg,
VID_19_004_C07,VID_19,VID_19.mp4,4,VID_19_004,7,8,custom_dataset\processed\VID_19\004\frame_0028.jpg;custom_dataset\processed\VID_19\004\frame_0029.jpg;custom_dataset\processed\VID_19\004\frame_0030.jpg;custom_dataset\processed\VID_19\004\frame_0031.jpg;custom_dataset\processed\VID_19\004\frame_0032.jpg;custom_dataset\processed\VID_19\004\frame_0033.jpg;custom_dataset\processed\VID_19\004\frame_0034.jpg;custom_dataset\processed\VID_19\004\frame_0035.jpg,
VID_19_004_C08,VID_19,VID_19.mp4,4,VID_19_004,8,8,custom_dataset\processed\VID_19\004\frame_0032.jpg;custom_dataset\processed\VID_19\004\frame_0033.jpg;custom_dataset\processed\VID_19\004\frame_0034.jpg;custom_dataset\processed\VID_19\004\frame_0035.jpg;custom_dataset\processed\VID_19\004\frame_0036.jpg;custom_dataset\processed\VID_19\004\frame_0037.jpg;custom_dataset\processed\VID_19\004\frame_0038.jpg;custom_dataset\processed\VID_19\004\frame_0039.jpg,
VID_19_005_C00,VID_19,VID_19.mp4,5,VID_19_005,0,8,custom_dataset\processed\VID_19\005\frame_0000.jpg;custom_dataset\processed\VID_19\005\frame_0001.jpg;custom_dataset\processed\VID_19\005\frame_0002.jpg;custom_dataset\processed\VID_19\005\frame_0003.jpg;custom_dataset\processed\VID_19\005\frame_0004.jpg;custom_dataset\processed\VID_19\005\frame_0006.jpg;custom_dataset\processed\VID_19\005\frame_0007.jpg;custom_dataset\processed\VID_19\005\frame_0008.jpg,
VID_19_005_C01,VID_19,VID_19.mp4,5,VID_19_005,1,8,custom_dataset\processed\VID_19\005\frame_0004.jpg;custom_dataset\processed\VID_19\005\frame_0006.jpg;custom_dataset\processed\VID_19\005\frame_0007.jpg;custom_dataset\processed\VID_19\005\frame_0008.jpg;custom_dataset\processed\VID_19\005\frame_0009.jpg;custom_dataset\processed\VID_19\005\frame_0010.jpg;custom_dataset\processed\VID_19\005\frame_0011.jpg;custom_dataset\processed\VID_19\005\frame_0012.jpg,
VID_19_005_C02,VID_19,VID_19.mp4,5,VID_19_005,2,8,custom_dataset\processed\VID_19\005\frame_0009.jpg;custom_dataset\processed\VID_19\005\frame_0010.jpg;custom_dataset\processed\VID_19\005\frame_0011.jpg;custom_dataset\processed\VID_19\005\frame_0012.jpg;custom_dataset\processed\VID_19\005\frame_0014.jpg;custom_dataset\processed\VID_19\005\frame_0015.jpg;custom_dataset\processed\VID_19\005\frame_0016.jpg;custom_dataset\processed\VID_19\005\frame_0017.jpg,
VID_19_005_C03,VID_19,VID_19.mp4,5,VID_19_005,3,8,custom_dataset\processed\VID_19\005\frame_0014.jpg;custom_dataset\processed\VID_19\005\frame_0015.jpg;custom_dataset\processed\VID_19\005\frame_0016.jpg;custom_dataset\processed\VID_19\005\frame_0017.jpg;custom_dataset\processed\VID_19\005\frame_0018.jpg;custom_dataset\processed\VID_19\005\frame_0019.jpg;custom_dataset\processed\VID_19\005\frame_0020.jpg;custom_dataset\processed\VID_19\005\frame_0021.jpg,
VID_19_005_C04,VID_19,VID_19.mp4,5,VID_19_005,4,8,custom_dataset\processed\VID_19\005\frame_0018.jpg;custom_dataset\processed\VID_19\005\frame_0019.jpg;custom_dataset\processed\VID_19\005\frame_0020.jpg;custom_dataset\processed\VID_19\005\frame_0021.jpg;custom_dataset\processed\VID_19\005\frame_0022.jpg;custom_dataset\processed\VID_19\005\frame_0023.jpg;custom_dataset\processed\VID_19\005\frame_0024.jpg;custom_dataset\processed\VID_19\005\frame_0025.jpg,
VID_19_005_C05,VID_19,VID_19.mp4,5,VID_19_005,5,8,custom_dataset\processed\VID_19\005\frame_0022.jpg;custom_dataset\processed\VID_19\005\frame_0023.jpg;custom_dataset\processed\VID_19\005\frame_0024.jpg;custom_dataset\processed\VID_19\005\frame_0025.jpg;custom_dataset\processed\VID_19\005\frame_0026.jpg;custom_dataset\processed\VID_19\005\frame_0027.jpg;custom_dataset\processed\VID_19\005\frame_0028.jpg;custom_dataset\processed\VID_19\005\frame_0029.jpg,
VID_19_005_C06,VID_19,VID_19.mp4,5,VID_19_005,6,8,custom_dataset\processed\VID_19\005\frame_0026.jpg;custom_dataset\processed\VID_19\005\frame_0027.jpg;custom_dataset\processed\VID_19\005\frame_0028.jpg;custom_dataset\processed\VID_19\005\frame_0029.jpg;custom_dataset\processed\VID_19\005\frame_0030.jpg;custom_dataset\processed\VID_19\005\frame_0031.jpg;custom_dataset\processed\VID_19\005\frame_0032.jpg;custom_dataset\processed\VID_19\005\frame_0033.jpg,
VID_19_005_C07,VID_19,VID_19.mp4,5,VID_19_005,7,8,custom_dataset\processed\VID_19\005\frame_0030.jpg;custom_dataset\processed\VID_19\005\frame_0031.jpg;custom_dataset\processed\VID_19\005\frame_0032.jpg;custom_dataset\processed\VID_19\005\frame_0033.jpg;custom_dataset\processed\VID_19\005\frame_0034.jpg;custom_dataset\processed\VID_19\005\frame_0035.jpg;custom_dataset\processed\VID_19\005\frame_0036.jpg;custom_dataset\processed\VID_19\005\frame_0037.jpg,
VID_19_006_C00,VID_19,VID_19.mp4,6,VID_19_006,0,8,custom_dataset\processed\VID_19\006\frame_0000.jpg;custom_dataset\processed\VID_19\006\frame_0001.jpg;custom_dataset\processed\VID_19\006\frame_0002.jpg;custom_dataset\processed\VID_19\006\frame_0003.jpg;custom_dataset\processed\VID_19\006\frame_0004.jpg;custom_dataset\processed\VID_19\006\frame_0005.jpg;custom_dataset\processed\VID_19\006\frame_0006.jpg;custom_dataset\processed\VID_19\006\frame_0007.jpg,
VID_19_006_C01,VID_19,VID_19.mp4,6,VID_19_006,1,8,custom_dataset\processed\VID_19\006\frame_0004.jpg;custom_dataset\processed\VID_19\006\frame_0005.jpg;custom_dataset\processed\VID_19\006\frame_0006.jpg;custom_dataset\processed\VID_19\006\frame_0007.jpg;custom_dataset\processed\VID_19\006\frame_0008.jpg;custom_dataset\processed\VID_19\006\frame_0009.jpg;custom_dataset\processed\VID_19\006\frame_0010.jpg;custom_dataset\processed\VID_19\006\frame_0011.jpg,
VID_19_006_C02,VID_19,VID_19.mp4,6,VID_19_006,2,8,custom_dataset\processed\VID_19\006\frame_0008.jpg;custom_dataset\processed\VID_19\006\frame_0009.jpg;custom_dataset\processed\VID_19\006\frame_0010.jpg;custom_dataset\processed\VID_19\006\frame_0011.jpg;custom_dataset\processed\VID_19\006\frame_0012.jpg;custom_dataset\processed\VID_19\006\frame_0013.jpg;custom_dataset\processed\VID_19\006\frame_0014.jpg;custom_dataset\processed\VID_19\006\frame_0015.jpg,
VID_19_006_C03,VID_19,VID_19.mp4,6,VID_19_006,3,8,custom_dataset\processed\VID_19\006\frame_0012.jpg;custom_dataset\processed\VID_19\006\frame_0013.jpg;custom_dataset\processed\VID_19\006\frame_0014.jpg;custom_dataset\processed\VID_19\006\frame_0015.jpg;custom_dataset\processed\VID_19\006\frame_0016.jpg;custom_dataset\processed\VID_19\006\frame_0017.jpg;custom_dataset\processed\VID_19\006\frame_0018.jpg;custom_dataset\processed\VID_19\006\frame_0019.jpg,
VID_19_006_C04,VID_19,VID_19.mp4,6,VID_19_006,4,8,custom_dataset\processed\VID_19\006\frame_0016.jpg;custom_dataset\processed\VID_19\006\frame_0017.jpg;custom_dataset\processed\VID_19\006\frame_0018.jpg;custom_dataset\processed\VID_19\006\frame_0019.jpg;custom_dataset\processed\VID_19\006\frame_0020.jpg;custom_dataset\processed\VID_19\006\frame_0021.jpg;custom_dataset\processed\VID_19\006\frame_0022.jpg;custom_dataset\processed\VID_19\006\frame_0023.jpg,
VID_19_006_C05,VID_19,VID_19.mp4,6,VID_19_006,5,8,custom_dataset\processed\VID_19\006\frame_0020.jpg;custom_dataset\processed\VID_19\006\frame_0021.jpg;custom_dataset\processed\VID_19\006\frame_0022.jpg;custom_dataset\processed\VID_19\006\frame_0023.jpg;custom_dataset\processed\VID_19\006\frame_0024.jpg;custom_dataset\processed\VID_19\006\frame_0025.jpg;custom_dataset\processed\VID_19\006\frame_0026.jpg;custom_dataset\processed\VID_19\006\frame_0027.jpg,
VID_19_006_C06,VID_19,VID_19.mp4,6,VID_19_006,6,8,custom_dataset\processed\VID_19\006\frame_0024.jpg;custom_dataset\processed\VID_19\006\frame_0025.jpg;custom_dataset\processed\VID_19\006\frame_0026.jpg;custom_dataset\processed\VID_19\006\frame_0027.jpg;custom_dataset\processed\VID_19\006\frame_0028.jpg;custom_dataset\processed\VID_19\006\frame_0029.jpg;custom_dataset\processed\VID_19\006\frame_0030.jpg;custom_dataset\processed\VID_19\006\frame_0031.jpg,
VID_19_006_C07,VID_19,VID_19.mp4,6,VID_19_006,7,8,custom_dataset\processed\VID_19\006\frame_0028.jpg;custom_dataset\processed\VID_19\006\frame_0029.jpg;custom_dataset\processed\VID_19\006\frame_0030.jpg;custom_dataset\processed\VID_19\006\frame_0031.jpg;custom_dataset\processed\VID_19\006\frame_0032.jpg;custom_dataset\processed\VID_19\006\frame_0033.jpg;custom_dataset\processed\VID_19\006\frame_0034.jpg;custom_dataset\processed\VID_19\006\frame_0035.jpg,
VID_19_006_C08,VID_19,VID_19.mp4,6,VID_19_006,8,8,custom_dataset\processed\VID_19\006\frame_0032.jpg;custom_dataset\processed\VID_19\006\frame_0033.jpg;custom_dataset\processed\VID_19\006\frame_0034.jpg;custom_dataset\processed\VID_19\006\frame_0035.jpg;custom_dataset\processed\VID_19\006\frame_0036.jpg;custom_dataset\processed\VID_19\006\frame_0038.jpg;custom_dataset\processed\VID_19\006\frame_0039.jpg;custom_dataset\processed\VID_19\006\frame_0040.jpg,
VID_19_007_C00,VID_19,VID_19.mp4,7,VID_19_007,0,8,custom_dataset\processed\VID_19\007\frame_0000.jpg;custom_dataset\processed\VID_19\007\frame_0000.jpg;custom_dataset\processed\VID_19\007\frame_0001.jpg;custom_dataset\processed\VID_19\007\frame_0002.jpg;custom_dataset\processed\VID_19\007\frame_0003.jpg;custom_dataset\processed\VID_19\007\frame_0004.jpg;custom_dataset\processed\VID_19\007\frame_0005.jpg;custom_dataset\processed\VID_19\007\frame_0006.jpg,
VID_19_007_C01,VID_19,VID_19.mp4,7,VID_19_007,1,8,custom_dataset\processed\VID_19\007\frame_0003.jpg;custom_dataset\processed\VID_19\007\frame_0004.jpg;custom_dataset\processed\VID_19\007\frame_0005.jpg;custom_dataset\processed\VID_19\007\frame_0006.jpg;custom_dataset\processed\VID_19\007\frame_0007.jpg;custom_dataset\processed\VID_19\007\frame_0008.jpg;custom_dataset\processed\VID_19\007\frame_0009.jpg;custom_dataset\processed\VID_19\007\frame_0011.jpg,
VID_19_007_C02,VID_19,VID_19.mp4,7,VID_19_007,2,8,custom_dataset\processed\VID_19\007\frame_0007.jpg;custom_dataset\processed\VID_19\007\frame_0008.jpg;custom_dataset\processed\VID_19\007\frame_0009.jpg;custom_dataset\processed\VID_19\007\frame_0011.jpg;custom_dataset\processed\VID_19\007\frame_0012.jpg;custom_dataset\processed\VID_19\007\frame_0013.jpg;custom_dataset\processed\VID_19\007\frame_0014.jpg;custom_dataset\processed\VID_19\007\frame_0015.jpg,
VID_19_007_C03,VID_19,VID_19.mp4,7,VID_19_007,3,8,custom_dataset\processed\VID_19\007\frame_0012.jpg;custom_dataset\processed\VID_19\007\frame_0013.jpg;custom_dataset\processed\VID_19\007\frame_0014.jpg;custom_dataset\processed\VID_19\007\frame_0015.jpg;custom_dataset\processed\VID_19\007\frame_0016.jpg;custom_dataset\processed\VID_19\007\frame_0017.jpg;custom_dataset\processed\VID_19\007\frame_0018.jpg;custom_dataset\processed\VID_19\007\frame_0020.jpg,
VID_19_008_C00,VID_19,VID_19.mp4,8,VID_19_008,0,8,custom_dataset\processed\VID_19\008\frame_0000.jpg;custom_dataset\processed\VID_19\008\frame_0001.jpg;custom_dataset\processed\VID_19\008\frame_0002.jpg;custom_dataset\processed\VID_19\008\frame_0003.jpg;custom_dataset\processed\VID_19\008\frame_0004.jpg;custom_dataset\processed\VID_19\008\frame_0006.jpg;custom_dataset\processed\VID_19\008\frame_0007.jpg;custom_dataset\processed\VID_19\008\frame_0008.jpg,
VID_19_008_C01,VID_19,VID_19.mp4,8,VID_19_008,1,8,custom_dataset\processed\VID_19\008\frame_0004.jpg;custom_dataset\processed\VID_19\008\frame_0006.jpg;custom_dataset\processed\VID_19\008\frame_0007.jpg;custom_dataset\processed\VID_19\008\frame_0008.jpg;custom_dataset\processed\VID_19\008\frame_0010.jpg;custom_dataset\processed\VID_19\008\frame_0011.jpg;custom_dataset\processed\VID_19\008\frame_0012.jpg;custom_dataset\processed\VID_19\008\frame_0013.jpg,
VID_19_008_C02,VID_19,VID_19.mp4,8,VID_19_008,2,8,custom_dataset\processed\VID_19\008\frame_0010.jpg;custom_dataset\processed\VID_19\008\frame_0011.jpg;custom_dataset\processed\VID_19\008\frame_0012.jpg;custom_dataset\processed\VID_19\008\frame_0013.jpg;custom_dataset\processed\VID_19\008\frame_0014.jpg;custom_dataset\processed\VID_19\008\frame_0015.jpg;custom_dataset\processed\VID_19\008\frame_0017.jpg;custom_dataset\processed\VID_19\008\frame_0018.jpg,
VID_19_009_C00,VID_19,VID_19.mp4,9,VID_19_009,0,8,custom_dataset\processed\VID_19\009\frame_0000.jpg;custom_dataset\processed\VID_19\009\frame_0001.jpg;custom_dataset\processed\VID_19\009\frame_0002.jpg;custom_dataset\processed\VID_19\009\frame_0003.jpg;custom_dataset\processed\VID_19\009\frame_0004.jpg;custom_dataset\processed\VID_19\009\frame_0005.jpg;custom_dataset\processed\VID_19\009\frame_0006.jpg;custom_dataset\processed\VID_19\009\frame_0007.jpg,
VID_19_009_C01,VID_19,VID_19.mp4,9,VID_19_009,1,8,custom_dataset\processed\VID_19\009\frame_0004.jpg;custom_dataset\processed\VID_19\009\frame_0005.jpg;custom_dataset\processed\VID_19\009\frame_0006.jpg;custom_dataset\processed\VID_19\009\frame_0007.jpg;custom_dataset\processed\VID_19\009\frame_0008.jpg;custom_dataset\processed\VID_19\009\frame_0011.jpg;custom_dataset\processed\VID_19\009\frame_0012.jpg;custom_dataset\processed\VID_19\009\frame_0016.jpg,
VID_19_009_C02,VID_19,VID_19.mp4,9,VID_19_009,2,8,custom_dataset\processed\VID_19\009\frame_0008.jpg;custom_dataset\processed\VID_19\009\frame_0011.jpg;custom_dataset\processed\VID_19\009\frame_0012.jpg;custom_dataset\processed\VID_19\009\frame_0016.jpg;custom_dataset\processed\VID_19\009\frame_0017.jpg;custom_dataset\processed\VID_19\009\frame_0018.jpg;custom_dataset\processed\VID_19\009\frame_0019.jpg;custom_dataset\processed\VID_19\009\frame_0020.jpg,
VID_19_009_C03,VID_19,VID_19.mp4,9,VID_19_009,3,8,custom_dataset\processed\VID_19\009\frame_0017.jpg;custom_dataset\processed\VID_19\009\frame_0018.jpg;custom_dataset\processed\VID_19\009\frame_0019.jpg;custom_dataset\processed\VID_19\009\frame_0020.jpg;custom_dataset\processed\VID_19\009\frame_0021.jpg;custom_dataset\processed\VID_19\009\frame_0022.jpg;custom_dataset\processed\VID_19\009\frame_0024.jpg;custom_dataset\processed\VID_19\009\frame_0025.jpg,
VID_19_009_C04,VID_19,VID_19.mp4,9,VID_19_009,4,8,custom_dataset\processed\VID_19\009\frame_0021.jpg;custom_dataset\processed\VID_19\009\frame_0022.jpg;custom_dataset\processed\VID_19\009\frame_0024.jpg;custom_dataset\processed\VID_19\009\frame_0025.jpg;custom_dataset\processed\VID_19\009\frame_0026.jpg;custom_dataset\processed\VID_19\009\frame_0027.jpg;custom_dataset\processed\VID_19\009\frame_0028.jpg;custom_dataset\processed\VID_19\009\frame_0029.jpg,
VID_19_009_C05,VID_19,VID_19.mp4,9,VID_19_009,5,8,custom_dataset\processed\VID_19\009\frame_0026.jpg;custom_dataset\processed\VID_19\009\frame_0027.jpg;custom_dataset\processed\VID_19\009\frame_0028.jpg;custom_dataset\processed\VID_19\009\frame_0029.jpg;custom_dataset\processed\VID_19\009\frame_0030.jpg;custom_dataset\processed\VID_19\009\frame_0031.jpg;custom_dataset\processed\VID_19\009\frame_0032.jpg;custom_dataset\processed\VID_19\009\frame_0033.jpg,
VID_19_011_C00,VID_19,VID_19.mp4,11,VID_19_011,0,8,custom_dataset\processed\VID_19\011\frame_0000.jpg;custom_dataset\processed\VID_19\011\frame_0002.jpg;custom_dataset\processed\VID_19\011\frame_0003.jpg;custom_dataset\processed\VID_19\011\frame_0004.jpg;custom_dataset\processed\VID_19\011\frame_0005.jpg;custom_dataset\processed\VID_19\011\frame_0006.jpg;custom_dataset\processed\VID_19\011\frame_0007.jpg;custom_dataset\processed\VID_19\011\frame_0008.jpg,
VID_19_011_C01,VID_19,VID_19.mp4,11,VID_19_011,1,8,custom_dataset\processed\VID_19\011\frame_0005.jpg;custom_dataset\processed\VID_19\011\frame_0006.jpg;custom_dataset\processed\VID_19\011\frame_0007.jpg;custom_dataset\processed\VID_19\011\frame_0008.jpg;custom_dataset\processed\VID_19\011\frame_0009.jpg;custom_dataset\processed\VID_19\011\frame_0010.jpg;custom_dataset\processed\VID_19\011\frame_0012.jpg;custom_dataset\processed\VID_19\011\frame_0014.jpg,
VID_19_011_C02,VID_19,VID_19.mp4,11,VID_19_011,2,8,custom_dataset\processed\VID_19\011\frame_0009.jpg;custom_dataset\processed\VID_19\011\frame_0010.jpg;custom_dataset\processed\VID_19\011\frame_0012.jpg;custom_dataset\processed\VID_19\011\frame_0014.jpg;custom_dataset\processed\VID_19\011\frame_0015.jpg;custom_dataset\processed\VID_19\011\frame_0016.jpg;custom_dataset\processed\VID_19\011\frame_0017.jpg;custom_dataset\processed\VID_19\011\frame_0018.jpg,
VID_19_011_C03,VID_19,VID_19.mp4,11,VID_19_011,3,8,custom_dataset\processed\VID_19\011\frame_0015.jpg;custom_dataset\processed\VID_19\011\frame_0016.jpg;custom_dataset\processed\VID_19\011\frame_0017.jpg;custom_dataset\processed\VID_19\011\frame_0018.jpg;custom_dataset\processed\VID_19\011\frame_0019.jpg;custom_dataset\processed\VID_19\011\frame_0020.jpg;custom_dataset\processed\VID_19\011\frame_0021.jpg;custom_dataset\processed\VID_19\011\frame_0022.jpg,
VID_19_017_C00,VID_19,VID_19.mp4,17,VID_19_017,0,8,custom_dataset\processed\VID_19\017\frame_0006.jpg;custom_dataset\processed\VID_19\017\frame_0007.jpg;custom_dataset\processed\VID_19\017\frame_0008.jpg;custom_dataset\processed\VID_19\017\frame_0009.jpg;custom_dataset\processed\VID_19\017\frame_0010.jpg;custom_dataset\processed\VID_19\017\frame_0011.jpg;custom_dataset\processed\VID_19\017\frame_0012.jpg;custom_dataset\processed\VID_19\017\frame_0013.jpg,
VID_19_017_C01,VID_19,VID_19.mp4,17,VID_19_017,1,8,custom_dataset\processed\VID_19\017\frame_0010.jpg;custom_dataset\processed\VID_19\017\frame_0011.jpg;custom_dataset\processed\VID_19\017\frame_0012.jpg;custom_dataset\processed\VID_19\017\frame_0013.jpg;custom_dataset\processed\VID_19\017\frame_0014.jpg;custom_dataset\processed\VID_19\017\frame_0015.jpg;custom_dataset\processed\VID_19\017\frame_0016.jpg;custom_dataset\processed\VID_19\017\frame_0017.jpg,
VID_19_017_C02,VID_19,VID_19.mp4,17,VID_19_017,2,8,custom_dataset\processed\VID_19\017\frame_0014.jpg;custom_dataset\processed\VID_19\017\frame_0015.jpg;custom_dataset\processed\VID_19\017\frame_0016.jpg;custom_dataset\processed\VID_19\017\frame_0017.jpg;custom_dataset\processed\VID_19\017\frame_0018.jpg;custom_dataset\processed\VID_19\017\frame_0019.jpg;custom_dataset\processed\VID_19\017\frame_0020.jpg;custom_dataset\processed\VID_19\017\frame_0021.jpg,
VID_19_019_C00,VID_19,VID_19.mp4,19,VID_19_019,0,8,custom_dataset\processed\VID_19\019\frame_0008.jpg;custom_dataset\processed\VID_19\019\frame_0009.jpg;custom_dataset\processed\VID_19\019\frame_0010.jpg;custom_dataset\processed\VID_19\019\frame_0011.jpg;custom_dataset\processed\VID_19\019\frame_0013.jpg;custom_dataset\processed\VID_19\019\frame_0014.jpg;custom_dataset\processed\VID_19\019\frame_0015.jpg;custom_dataset\processed\VID_19\019\frame_0016.jpg,
VID_19_019_C01,VID_19,VID_19.mp4,19,VID_19_019,1,8,custom_dataset\processed\VID_19\019\frame_0013.jpg;custom_dataset\processed\VID_19\019\frame_0014.jpg;custom_dataset\processed\VID_19\019\frame_0015.jpg;custom_dataset\processed\VID_19\019\frame_0016.jpg;custom_dataset\processed\VID_19\019\frame_0017.jpg;custom_dataset\processed\VID_19\019\frame_0018.jpg;custom_dataset\processed\VID_19\019\frame_0019.jpg;custom_dataset\processed\VID_19\019\frame_0021.jpg,
VID_19_019_C02,VID_19,VID_19.mp4,19,VID_19_019,2,8,custom_dataset\processed\VID_19\019\frame_0017.jpg;custom_dataset\processed\VID_19\019\frame_0018.jpg;custom_dataset\processed\VID_19\019\frame_0019.jpg;custom_dataset\processed\VID_19\019\frame_0021.jpg;custom_dataset\processed\VID_19\019\frame_0022.jpg;custom_dataset\processed\VID_19\019\frame_0024.jpg;custom_dataset\processed\VID_19\019\frame_0026.jpg;custom_dataset\processed\VID_19\019\frame_0027.jpg,
VID_19_019_C03,VID_19,VID_19.mp4,19,VID_19_019,3,8,custom_dataset\processed\VID_19\019\frame_0022.jpg;custom_dataset\processed\VID_19\019\frame_0024.jpg;custom_dataset\processed\VID_19\019\frame_0026.jpg;custom_dataset\processed\VID_19\019\frame_0027.jpg;custom_dataset\processed\VID_19\019\frame_0028.jpg;custom_dataset\processed\VID_19\019\frame_0029.jpg;custom_dataset\processed\VID_19\019\frame_0030.jpg;custom_dataset\processed\VID_19\019\frame_0031.jpg,
VID_19_019_C04,VID_19,VID_19.mp4,19,VID_19_019,4,8,custom_dataset\processed\VID_19\019\frame_0028.jpg;custom_dataset\processed\VID_19\019\frame_0029.jpg;custom_dataset\processed\VID_19\019\frame_0030.jpg;custom_dataset\processed\VID_19\019\frame_0031.jpg;custom_dataset\processed\VID_19\019\frame_0032.jpg;custom_dataset\processed\VID_19\019\frame_0033.jpg;custom_dataset\processed\VID_19\019\frame_0034.jpg;custom_dataset\processed\VID_19\019\frame_0035.jpg,
VID_19_019_C05,VID_19,VID_19.mp4,19,VID_19_019,5,8,custom_dataset\processed\VID_19\019\frame_0032.jpg;custom_dataset\processed\VID_19\019\frame_0033.jpg;custom_dataset\processed\VID_19\019\frame_0034.jpg;custom_dataset\processed\VID_19\019\frame_0035.jpg;custom_dataset\processed\VID_19\019\frame_0036.jpg;custom_dataset\processed\VID_19\019\frame_0038.jpg;custom_dataset\processed\VID_19\019\frame_0039.jpg;custom_dataset\processed\VID_19\019\frame_0040.jpg,
VID_2_001_C00,VID_2,VID_2.mp4,1,VID_2_001,0,8,custom_dataset\processed\VID_2\001\frame_0000.jpg;custom_dataset\processed\VID_2\001\frame_0001.jpg;custom_dataset\processed\VID_2\001\frame_0002.jpg;custom_dataset\processed\VID_2\001\frame_0003.jpg;custom_dataset\processed\VID_2\001\frame_0004.jpg;custom_dataset\processed\VID_2\001\frame_0005.jpg;custom_dataset\processed\VID_2\001\frame_0006.jpg;custom_dataset\processed\VID_2\001\frame_0007.jpg,
VID_2_001_C01,VID_2,VID_2.mp4,1,VID_2_001,1,8,custom_dataset\processed\VID_2\001\frame_0004.jpg;custom_dataset\processed\VID_2\001\frame_0005.jpg;custom_dataset\processed\VID_2\001\frame_0006.jpg;custom_dataset\processed\VID_2\001\frame_0007.jpg;custom_dataset\processed\VID_2\001\frame_0008.jpg;custom_dataset\processed\VID_2\001\frame_0009.jpg;custom_dataset\processed\VID_2\001\frame_0010.jpg;custom_dataset\processed\VID_2\001\frame_0011.jpg,
VID_2_001_C02,VID_2,VID_2.mp4,1,VID_2_001,2,8,custom_dataset\processed\VID_2\001\frame_0008.jpg;custom_dataset\processed\VID_2\001\frame_0009.jpg;custom_dataset\processed\VID_2\001\frame_0010.jpg;custom_dataset\processed\VID_2\001\frame_0011.jpg;custom_dataset\processed\VID_2\001\frame_0012.jpg;custom_dataset\processed\VID_2\001\frame_0013.jpg;custom_dataset\processed\VID_2\001\frame_0014.jpg;custom_dataset\processed\VID_2\001\frame_0015.jpg,
VID_2_001_C03,VID_2,VID_2.mp4,1,VID_2_001,3,8,custom_dataset\processed\VID_2\001\frame_0012.jpg;custom_dataset\processed\VID_2\001\frame_0013.jpg;custom_dataset\processed\VID_2\001\frame_0014.jpg;custom_dataset\processed\VID_2\001\frame_0015.jpg;custom_dataset\processed\VID_2\001\frame_0016.jpg;custom_dataset\processed\VID_2\001\frame_0017.jpg;custom_dataset\processed\VID_2\001\frame_0018.jpg;custom_dataset\processed\VID_2\001\frame_0019.jpg,
VID_2_001_C04,VID_2,VID_2.mp4,1,VID_2_001,4,8,custom_dataset\processed\VID_2\001\frame_0016.jpg;custom_dataset\processed\VID_2\001\frame_0017.jpg;custom_dataset\processed\VID_2\001\frame_0018.jpg;custom_dataset\processed\VID_2\001\frame_0019.jpg;custom_dataset\processed\VID_2\001\frame_0020.jpg;custom_dataset\processed\VID_2\001\frame_0021.jpg;custom_dataset\processed\VID_2\001\frame_0022.jpg;custom_dataset\processed\VID_2\001\frame_0023.jpg,
VID_2_001_C05,VID_2,VID_2.mp4,1,VID_2_001,5,8,custom_dataset\processed\VID_2\001\frame_0020.jpg;custom_dataset\processed\VID_2\001\frame_0021.jpg;custom_dataset\processed\VID_2\001\frame_0022.jpg;custom_dataset\processed\VID_2\001\frame_0023.jpg;custom_dataset\processed\VID_2\001\frame_0024.jpg;custom_dataset\processed\VID_2\001\frame_0025.jpg;custom_dataset\processed\VID_2\001\frame_0026.jpg;custom_dataset\processed\VID_2\001\frame_0027.jpg,
VID_2_001_C06,VID_2,VID_2.mp4,1,VID_2_001,6,8,custom_dataset\processed\VID_2\001\frame_0024.jpg;custom_dataset\processed\VID_2\001\frame_0025.jpg;custom_dataset\processed\VID_2\001\frame_0026.jpg;custom_dataset\processed\VID_2\001\frame_0027.jpg;custom_dataset\processed\VID_2\001\frame_0028.jpg;custom_dataset\processed\VID_2\001\frame_0029.jpg;custom_dataset\processed\VID_2\001\frame_0030.jpg;custom_dataset\processed\VID_2\001\frame_0031.jpg,
VID_2_002_C00,VID_2,VID_2.mp4,2,VID_2_002,0,8,custom_dataset\processed\VID_2\002\frame_0000.jpg;custom_dataset\processed\VID_2\002\frame_0001.jpg;custom_dataset\processed\VID_2\002\frame_0002.jpg;custom_dataset\processed\VID_2\002\frame_0003.jpg;custom_dataset\processed\VID_2\002\frame_0004.jpg;custom_dataset\processed\VID_2\002\frame_0005.jpg;custom_dataset\processed\VID_2\002\frame_0006.jpg;custom_dataset\processed\VID_2\002\frame_0007.jpg,
VID_2_002_C01,VID_2,VID_2.mp4,2,VID_2_002,1,8,custom_dataset\processed\VID_2\002\frame_0004.jpg;custom_dataset\processed\VID_2\002\frame_0005.jpg;custom_dataset\processed\VID_2\002\frame_0006.jpg;custom_dataset\processed\VID_2\002\frame_0007.jpg;custom_dataset\processed\VID_2\002\frame_0008.jpg;custom_dataset\processed\VID_2\002\frame_0009.jpg;custom_dataset\processed\VID_2\002\frame_0010.jpg;custom_dataset\processed\VID_2\002\frame_0011.jpg,
VID_2_002_C02,VID_2,VID_2.mp4,2,VID_2_002,2,8,custom_dataset\processed\VID_2\002\frame_0008.jpg;custom_dataset\processed\VID_2\002\frame_0009.jpg;custom_dataset\processed\VID_2\002\frame_0010.jpg;custom_dataset\processed\VID_2\002\frame_0011.jpg;custom_dataset\processed\VID_2\002\frame_0012.jpg;custom_dataset\processed\VID_2\002\frame_0013.jpg;custom_dataset\processed\VID_2\002\frame_0014.jpg;custom_dataset\processed\VID_2\002\frame_0015.jpg,
VID_2_002_C03,VID_2,VID_2.mp4,2,VID_2_002,3,8,custom_dataset\processed\VID_2\002\frame_0012.jpg;custom_dataset\processed\VID_2\002\frame_0013.jpg;custom_dataset\processed\VID_2\002\frame_0014.jpg;custom_dataset\processed\VID_2\002\frame_0015.jpg;custom_dataset\processed\VID_2\002\frame_0016.jpg;custom_dataset\processed\VID_2\002\frame_0017.jpg;custom_dataset\processed\VID_2\002\frame_0018.jpg;custom_dataset\processed\VID_2\002\frame_0019.jpg,
VID_2_002_C04,VID_2,VID_2.mp4,2,VID_2_002,4,8,custom_dataset\processed\VID_2\002\frame_0016.jpg;custom_dataset\processed\VID_2\002\frame_0017.jpg;custom_dataset\processed\VID_2\002\frame_0018.jpg;custom_dataset\processed\VID_2\002\frame_0019.jpg;custom_dataset\processed\VID_2\002\frame_0020.jpg;custom_dataset\processed\VID_2\002\frame_0021.jpg;custom_dataset\processed\VID_2\002\frame_0022.jpg;custom_dataset\processed\VID_2\002\frame_0023.jpg,
VID_2_002_C05,VID_2,VID_2.mp4,2,VID_2_002,5,8,custom_dataset\processed\VID_2\002\frame_0020.jpg;custom_dataset\processed\VID_2\002\frame_0021.jpg;custom_dataset\processed\VID_2\002\frame_0022.jpg;custom_dataset\processed\VID_2\002\frame_0023.jpg;custom_dataset\processed\VID_2\002\frame_0024.jpg;custom_dataset\processed\VID_2\002\frame_0025.jpg;custom_dataset\processed\VID_2\002\frame_0026.jpg;custom_dataset\processed\VID_2\002\frame_0027.jpg,
VID_2_002_C06,VID_2,VID_2.mp4,2,VID_2_002,6,8,custom_dataset\processed\VID_2\002\frame_0024.jpg;custom_dataset\processed\VID_2\002\frame_0025.jpg;custom_dataset\processed\VID_2\002\frame_0026.jpg;custom_dataset\processed\VID_2\002\frame_0027.jpg;custom_dataset\processed\VID_2\002\frame_0028.jpg;custom_dataset\processed\VID_2\002\frame_0029.jpg;custom_dataset\processed\VID_2\002\frame_0030.jpg;custom_dataset\processed\VID_2\002\frame_0031.jpg,
VID_2_003_C00,VID_2,VID_2.mp4,3,VID_2_003,0,8,custom_dataset\processed\VID_2\003\frame_0000.jpg;custom_dataset\processed\VID_2\003\frame_0001.jpg;custom_dataset\processed\VID_2\003\frame_0002.jpg;custom_dataset\processed\VID_2\003\frame_0003.jpg;custom_dataset\processed\VID_2\003\frame_0004.jpg;custom_dataset\processed\VID_2\003\frame_0005.jpg;custom_dataset\processed\VID_2\003\frame_0006.jpg;custom_dataset\processed\VID_2\003\frame_0007.jpg,
VID_2_003_C01,VID_2,VID_2.mp4,3,VID_2_003,1,8,custom_dataset\processed\VID_2\003\frame_0004.jpg;custom_dataset\processed\VID_2\003\frame_0005.jpg;custom_dataset\processed\VID_2\003\frame_0006.jpg;custom_dataset\processed\VID_2\003\frame_0007.jpg;custom_dataset\processed\VID_2\003\frame_0008.jpg;custom_dataset\processed\VID_2\003\frame_0009.jpg;custom_dataset\processed\VID_2\003\frame_0010.jpg;custom_dataset\processed\VID_2\003\frame_0011.jpg,
VID_2_003_C02,VID_2,VID_2.mp4,3,VID_2_003,2,8,custom_dataset\processed\VID_2\003\frame_0008.jpg;custom_dataset\processed\VID_2\003\frame_0009.jpg;custom_dataset\processed\VID_2\003\frame_0010.jpg;custom_dataset\processed\VID_2\003\frame_0011.jpg;custom_dataset\processed\VID_2\003\frame_0012.jpg;custom_dataset\processed\VID_2\003\frame_0013.jpg;custom_dataset\processed\VID_2\003\frame_0014.jpg;custom_dataset\processed\VID_2\003\frame_0015.jpg,
VID_2_003_C03,VID_2,VID_2.mp4,3,VID_2_003,3,8,custom_dataset\processed\VID_2\003\frame_0012.jpg;custom_dataset\processed\VID_2\003\frame_0013.jpg;custom_dataset\processed\VID_2\003\frame_0014.jpg;custom_dataset\processed\VID_2\003\frame_0015.jpg;custom_dataset\processed\VID_2\003\frame_0016.jpg;custom_dataset\processed\VID_2\003\frame_0017.jpg;custom_dataset\processed\VID_2\003\frame_0018.jpg;custom_dataset\processed\VID_2\003\frame_0019.jpg,
VID_2_003_C04,VID_2,VID_2.mp4,3,VID_2_003,4,8,custom_dataset\processed\VID_2\003\frame_0016.jpg;custom_dataset\processed\VID_2\003\frame_0017.jpg;custom_dataset\processed\VID_2\003\frame_0018.jpg;custom_dataset\processed\VID_2\003\frame_0019.jpg;custom_dataset\processed\VID_2\003\frame_0020.jpg;custom_dataset\processed\VID_2\003\frame_0021.jpg;custom_dataset\processed\VID_2\003\frame_0022.jpg;custom_dataset\processed\VID_2\003\frame_0023.jpg,
VID_2_003_C05,VID_2,VID_2.mp4,3,VID_2_003,5,8,custom_dataset\processed\VID_2\003\frame_0020.jpg;custom_dataset\processed\VID_2\003\frame_0021.jpg;custom_dataset\processed\VID_2\003\frame_0022.jpg;custom_dataset\processed\VID_2\003\frame_0023.jpg;custom_dataset\processed\VID_2\003\frame_0024.jpg;custom_dataset\processed\VID_2\003\frame_0025.jpg;custom_dataset\processed\VID_2\003\frame_0026.jpg;custom_dataset\processed\VID_2\003\frame_0027.jpg,
VID_2_003_C06,VID_2,VID_2.mp4,3,VID_2_003,6,8,custom_dataset\processed\VID_2\003\frame_0024.jpg;custom_dataset\processed\VID_2\003\frame_0025.jpg;custom_dataset\processed\VID_2\003\frame_0026.jpg;custom_dataset\processed\VID_2\003\frame_0027.jpg;custom_dataset\processed\VID_2\003\frame_0028.jpg;custom_dataset\processed\VID_2\003\frame_0029.jpg;custom_dataset\processed\VID_2\003\frame_0030.jpg;custom_dataset\processed\VID_2\003\frame_0031.jpg,
VID_2_004_C00,VID_2,VID_2.mp4,4,VID_2_004,0,8,custom_dataset\processed\VID_2\004\frame_0000.jpg;custom_dataset\processed\VID_2\004\frame_0001.jpg;custom_dataset\processed\VID_2\004\frame_0002.jpg;custom_dataset\processed\VID_2\004\frame_0003.jpg;custom_dataset\processed\VID_2\004\frame_0004.jpg;custom_dataset\processed\VID_2\004\frame_0005.jpg;custom_dataset\processed\VID_2\004\frame_0006.jpg;custom_dataset\processed\VID_2\004\frame_0007.jpg,
VID_2_004_C01,VID_2,VID_2.mp4,4,VID_2_004,1,8,custom_dataset\processed\VID_2\004\frame_0004.jpg;custom_dataset\processed\VID_2\004\frame_0005.jpg;custom_dataset\processed\VID_2\004\frame_0006.jpg;custom_dataset\processed\VID_2\004\frame_0007.jpg;custom_dataset\processed\VID_2\004\frame_0008.jpg;custom_dataset\processed\VID_2\004\frame_0009.jpg;custom_dataset\processed\VID_2\004\frame_0010.jpg;custom_dataset\processed\VID_2\004\frame_0011.jpg,
VID_2_004_C02,VID_2,VID_2.mp4,4,VID_2_004,2,8,custom_dataset\processed\VID_2\004\frame_0008.jpg;custom_dataset\processed\VID_2\004\frame_0009.jpg;custom_dataset\processed\VID_2\004\frame_0010.jpg;custom_dataset\processed\VID_2\004\frame_0011.jpg;custom_dataset\processed\VID_2\004\frame_0012.jpg;custom_dataset\processed\VID_2\004\frame_0013.jpg;custom_dataset\processed\VID_2\004\frame_0014.jpg;custom_dataset\processed\VID_2\004\frame_0015.jpg,
VID_2_004_C03,VID_2,VID_2.mp4,4,VID_2_004,3,8,custom_dataset\processed\VID_2\004\frame_0012.jpg;custom_dataset\processed\VID_2\004\frame_0013.jpg;custom_dataset\processed\VID_2\004\frame_0014.jpg;custom_dataset\processed\VID_2\004\frame_0015.jpg;custom_dataset\processed\VID_2\004\frame_0016.jpg;custom_dataset\processed\VID_2\004\frame_0017.jpg;custom_dataset\processed\VID_2\004\frame_0018.jpg;custom_dataset\processed\VID_2\004\frame_0019.jpg,
VID_2_004_C04,VID_2,VID_2.mp4,4,VID_2_004,4,8,custom_dataset\processed\VID_2\004\frame_0016.jpg;custom_dataset\processed\VID_2\004\frame_0017.jpg;custom_dataset\processed\VID_2\004\frame_0018.jpg;custom_dataset\processed\VID_2\004\frame_0019.jpg;custom_dataset\processed\VID_2\004\frame_0020.jpg;custom_dataset\processed\VID_2\004\frame_0021.jpg;custom_dataset\processed\VID_2\004\frame_0022.jpg;custom_dataset\processed\VID_2\004\frame_0023.jpg,
VID_2_004_C05,VID_2,VID_2.mp4,4,VID_2_004,5,8,custom_dataset\processed\VID_2\004\frame_0020.jpg;custom_dataset\processed\VID_2\004\frame_0021.jpg;custom_dataset\processed\VID_2\004\frame_0022.jpg;custom_dataset\processed\VID_2\004\frame_0023.jpg;custom_dataset\processed\VID_2\004\frame_0024.jpg;custom_dataset\processed\VID_2\004\frame_0025.jpg;custom_dataset\processed\VID_2\004\frame_0026.jpg;custom_dataset\processed\VID_2\004\frame_0027.jpg,
VID_2_004_C06,VID_2,VID_2.mp4,4,VID_2_004,6,8,custom_dataset\processed\VID_2\004\frame_0024.jpg;custom_dataset\processed\VID_2\004\frame_0025.jpg;custom_dataset\processed\VID_2\004\frame_0026.jpg;custom_dataset\processed\VID_2\004\frame_0027.jpg;custom_dataset\processed\VID_2\004\frame_0028.jpg;custom_dataset\processed\VID_2\004\frame_0029.jpg;custom_dataset\processed\VID_2\004\frame_0030.jpg;custom_dataset\processed\VID_2\004\frame_0031.jpg,
VID_2_005_C00,VID_2,VID_2.mp4,5,VID_2_005,0,8,custom_dataset\processed\VID_2\005\frame_0000.jpg;custom_dataset\processed\VID_2\005\frame_0001.jpg;custom_dataset\processed\VID_2\005\frame_0002.jpg;custom_dataset\processed\VID_2\005\frame_0003.jpg;custom_dataset\processed\VID_2\005\frame_0004.jpg;custom_dataset\processed\VID_2\005\frame_0005.jpg;custom_dataset\processed\VID_2\005\frame_0006.jpg;custom_dataset\processed\VID_2\005\frame_0007.jpg,
VID_2_005_C01,VID_2,VID_2.mp4,5,VID_2_005,1,8,custom_dataset\processed\VID_2\005\frame_0004.jpg;custom_dataset\processed\VID_2\005\frame_0005.jpg;custom_dataset\processed\VID_2\005\frame_0006.jpg;custom_dataset\processed\VID_2\005\frame_0007.jpg;custom_dataset\processed\VID_2\005\frame_0008.jpg;custom_dataset\processed\VID_2\005\frame_0009.jpg;custom_dataset\processed\VID_2\005\frame_0010.jpg;custom_dataset\processed\VID_2\005\frame_0011.jpg,
VID_2_005_C02,VID_2,VID_2.mp4,5,VID_2_005,2,8,custom_dataset\processed\VID_2\005\frame_0008.jpg;custom_dataset\processed\VID_2\005\frame_0009.jpg;custom_dataset\processed\VID_2\005\frame_0010.jpg;custom_dataset\processed\VID_2\005\frame_0011.jpg;custom_dataset\processed\VID_2\005\frame_0012.jpg;custom_dataset\processed\VID_2\005\frame_0013.jpg;custom_dataset\processed\VID_2\005\frame_0014.jpg;custom_dataset\processed\VID_2\005\frame_0015.jpg,
VID_2_005_C03,VID_2,VID_2.mp4,5,VID_2_005,3,8,custom_dataset\processed\VID_2\005\frame_0012.jpg;custom_dataset\processed\VID_2\005\frame_0013.jpg;custom_dataset\processed\VID_2\005\frame_0014.jpg;custom_dataset\processed\VID_2\005\frame_0015.jpg;custom_dataset\processed\VID_2\005\frame_0016.jpg;custom_dataset\processed\VID_2\005\frame_0017.jpg;custom_dataset\processed\VID_2\005\frame_0018.jpg;custom_dataset\processed\VID_2\005\frame_0019.jpg,
VID_2_005_C04,VID_2,VID_2.mp4,5,VID_2_005,4,8,custom_dataset\processed\VID_2\005\frame_0016.jpg;custom_dataset\processed\VID_2\005\frame_0017.jpg;custom_dataset\processed\VID_2\005\frame_0018.jpg;custom_dataset\processed\VID_2\005\frame_0019.jpg;custom_dataset\processed\VID_2\005\frame_0020.jpg;custom_dataset\processed\VID_2\005\frame_0021.jpg;custom_dataset\processed\VID_2\005\frame_0022.jpg;custom_dataset\processed\VID_2\005\frame_0023.jpg,
VID_2_005_C05,VID_2,VID_2.mp4,5,VID_2_005,5,8,custom_dataset\processed\VID_2\005\frame_0020.jpg;custom_dataset\processed\VID_2\005\frame_0021.jpg;custom_dataset\processed\VID_2\005\frame_0022.jpg;custom_dataset\processed\VID_2\005\frame_0023.jpg;custom_dataset\processed\VID_2\005\frame_0024.jpg;custom_dataset\processed\VID_2\005\frame_0025.jpg;custom_dataset\processed\VID_2\005\frame_0026.jpg;custom_dataset\processed\VID_2\005\frame_0027.jpg,
VID_2_005_C06,VID_2,VID_2.mp4,5,VID_2_005,6,8,custom_dataset\processed\VID_2\005\frame_0024.jpg;custom_dataset\processed\VID_2\005\frame_0025.jpg;custom_dataset\processed\VID_2\005\frame_0026.jpg;custom_dataset\processed\VID_2\005\frame_0027.jpg;custom_dataset\processed\VID_2\005\frame_0028.jpg;custom_dataset\processed\VID_2\005\frame_0029.jpg;custom_dataset\processed\VID_2\005\frame_0030.jpg;custom_dataset\processed\VID_2\005\frame_0031.jpg,
VID_2_007_C00,VID_2,VID_2.mp4,7,VID_2_007,0,8,custom_dataset\processed\VID_2\007\frame_0000.jpg;custom_dataset\processed\VID_2\007\frame_0000.jpg;custom_dataset\processed\VID_2\007\frame_0001.jpg;custom_dataset\processed\VID_2\007\frame_0002.jpg;custom_dataset\processed\VID_2\007\frame_0003.jpg;custom_dataset\processed\VID_2\007\frame_0004.jpg;custom_dataset\processed\VID_2\007\frame_0005.jpg;custom_dataset\processed\VID_2\007\frame_0006.jpg,
VID_2_007_C01,VID_2,VID_2.mp4,7,VID_2_007,1,8,custom_dataset\processed\VID_2\007\frame_0003.jpg;custom_dataset\processed\VID_2\007\frame_0004.jpg;custom_dataset\processed\VID_2\007\frame_0005.jpg;custom_dataset\processed\VID_2\007\frame_0006.jpg;custom_dataset\processed\VID_2\007\frame_0007.jpg;custom_dataset\processed\VID_2\007\frame_0008.jpg;custom_dataset\processed\VID_2\007\frame_0009.jpg;custom_dataset\processed\VID_2\007\frame_0010.jpg,
VID_2_007_C02,VID_2,VID_2.mp4,7,VID_2_007,2,8,custom_dataset\processed\VID_2\007\frame_0007.jpg;custom_dataset\processed\VID_2\007\frame_0008.jpg;custom_dataset\processed\VID_2\007\frame_0009.jpg;custom_dataset\processed\VID_2\007\frame_0010.jpg;custom_dataset\processed\VID_2\007\frame_0011.jpg;custom_dataset\processed\VID_2\007\frame_0012.jpg;custom_dataset\processed\VID_2\007\frame_0013.jpg;custom_dataset\processed\VID_2\007\frame_0014.jpg,
VID_2_007_C03,VID_2,VID_2.mp4,7,VID_2_007,3,8,custom_dataset\processed\VID_2\007\frame_0011.jpg;custom_dataset\processed\VID_2\007\frame_0012.jpg;custom_dataset\processed\VID_2\007\frame_0013.jpg;custom_dataset\processed\VID_2\007\frame_0014.jpg;custom_dataset\processed\VID_2\007\frame_0015.jpg;custom_dataset\processed\VID_2\007\frame_0016.jpg;custom_dataset\processed\VID_2\007\frame_0020.jpg;custom_dataset\processed\VID_2\007\frame_0022.jpg,
VID_2_008_C00,VID_2,VID_2.mp4,8,VID_2_008,0,8,custom_dataset\processed\VID_2\008\frame_0000.jpg;custom_dataset\processed\VID_2\008\frame_0001.jpg;custom_dataset\processed\VID_2\008\frame_0002.jpg;custom_dataset\processed\VID_2\008\frame_0003.jpg;custom_dataset\processed\VID_2\008\frame_0004.jpg;custom_dataset\processed\VID_2\008\frame_0005.jpg;custom_dataset\processed\VID_2\008\frame_0009.jpg;custom_dataset\processed\VID_2\008\frame_0010.jpg,
VID_2_008_C01,VID_2,VID_2.mp4,8,VID_2_008,1,8,custom_dataset\processed\VID_2\008\frame_0004.jpg;custom_dataset\processed\VID_2\008\frame_0005.jpg;custom_dataset\processed\VID_2\008\frame_0009.jpg;custom_dataset\processed\VID_2\008\frame_0010.jpg;custom_dataset\processed\VID_2\008\frame_0011.jpg;custom_dataset\processed\VID_2\008\frame_0012.jpg;custom_dataset\processed\VID_2\008\frame_0013.jpg;custom_dataset\processed\VID_2\008\frame_0014.jpg,
VID_2_008_C02,VID_2,VID_2.mp4,8,VID_2_008,2,8,custom_dataset\processed\VID_2\008\frame_0011.jpg;custom_dataset\processed\VID_2\008\frame_0012.jpg;custom_dataset\processed\VID_2\008\frame_0013.jpg;custom_dataset\processed\VID_2\008\frame_0014.jpg;custom_dataset\processed\VID_2\008\frame_0015.jpg;custom_dataset\processed\VID_2\008\frame_0017.jpg;custom_dataset\processed\VID_2\008\frame_0018.jpg;custom_dataset\processed\VID_2\008\frame_0019.jpg,
VID_2_008_C03,VID_2,VID_2.mp4,8,VID_2_008,3,8,custom_dataset\processed\VID_2\008\frame_0015.jpg;custom_dataset\processed\VID_2\008\frame_0017.jpg;custom_dataset\processed\VID_2\008\frame_0018.jpg;custom_dataset\processed\VID_2\008\frame_0019.jpg;custom_dataset\processed\VID_2\008\frame_0020.jpg;custom_dataset\processed\VID_2\008\frame_0021.jpg;custom_dataset\processed\VID_2\008\frame_0022.jpg;custom_dataset\processed\VID_2\008\frame_0023.jpg,
VID_2_008_C04,VID_2,VID_2.mp4,8,VID_2_008,4,8,custom_dataset\processed\VID_2\008\frame_0020.jpg;custom_dataset\processed\VID_2\008\frame_0021.jpg;custom_dataset\processed\VID_2\008\frame_0022.jpg;custom_dataset\processed\VID_2\008\frame_0023.jpg;custom_dataset\processed\VID_2\008\frame_0024.jpg;custom_dataset\processed\VID_2\008\frame_0025.jpg;custom_dataset\processed\VID_2\008\frame_0026.jpg;custom_dataset\processed\VID_2\008\frame_0027.jpg,
VID_2_009_C00,VID_2,VID_2.mp4,9,VID_2_009,0,8,custom_dataset\processed\VID_2\009\frame_0000.jpg;custom_dataset\processed\VID_2\009\frame_0001.jpg;custom_dataset\processed\VID_2\009\frame_0002.jpg;custom_dataset\processed\VID_2\009\frame_0003.jpg;custom_dataset\processed\VID_2\009\frame_0004.jpg;custom_dataset\processed\VID_2\009\frame_0005.jpg;custom_dataset\processed\VID_2\009\frame_0006.jpg;custom_dataset\processed\VID_2\009\frame_0007.jpg,
VID_2_014_C00,VID_2,VID_2.mp4,14,VID_2_014,0,8,custom_dataset\processed\VID_2\014\frame_0002.jpg;custom_dataset\processed\VID_2\014\frame_0003.jpg;custom_dataset\processed\VID_2\014\frame_0004.jpg;custom_dataset\processed\VID_2\014\frame_0005.jpg;custom_dataset\processed\VID_2\014\frame_0006.jpg;custom_dataset\processed\VID_2\014\frame_0007.jpg;custom_dataset\processed\VID_2\014\frame_0008.jpg;custom_dataset\processed\VID_2\014\frame_0009.jpg,
VID_2_014_C01,VID_2,VID_2.mp4,14,VID_2_014,1,8,custom_dataset\processed\VID_2\014\frame_0006.jpg;custom_dataset\processed\VID_2\014\frame_0007.jpg;custom_dataset\processed\VID_2\014\frame_0008.jpg;custom_dataset\processed\VID_2\014\frame_0009.jpg;custom_dataset\processed\VID_2\014\frame_0010.jpg;custom_dataset\processed\VID_2\014\frame_0011.jpg;custom_dataset\processed\VID_2\014\frame_0012.jpg;custom_dataset\processed\VID_2\014\frame_0013.jpg,
VID_2_014_C02,VID_2,VID_2.mp4,14,VID_2_014,2,8,custom_dataset\processed\VID_2\014\frame_0010.jpg;custom_dataset\processed\VID_2\014\frame_0011.jpg;custom_dataset\processed\VID_2\014\frame_0012.jpg;custom_dataset\processed\VID_2\014\frame_0013.jpg;custom_dataset\processed\VID_2\014\frame_0014.jpg;custom_dataset\processed\VID_2\014\frame_0015.jpg;custom_dataset\processed\VID_2\014\frame_0016.jpg;custom_dataset\processed\VID_2\014\frame_0017.jpg,
VID_2_014_C03,VID_2,VID_2.mp4,14,VID_2_014,3,8,custom_dataset\processed\VID_2\014\frame_0014.jpg;custom_dataset\processed\VID_2\014\frame_0015.jpg;custom_dataset\processed\VID_2\014\frame_0016.jpg;custom_dataset\processed\VID_2\014\frame_0017.jpg;custom_dataset\processed\VID_2\014\frame_0018.jpg;custom_dataset\processed\VID_2\014\frame_0019.jpg;custom_dataset\processed\VID_2\014\frame_0020.jpg;custom_dataset\processed\VID_2\014\frame_0021.jpg,
VID_2_014_C04,VID_2,VID_2.mp4,14,VID_2_014,4,8,custom_dataset\processed\VID_2\014\frame_0018.jpg;custom_dataset\processed\VID_2\014\frame_0019.jpg;custom_dataset\processed\VID_2\014\frame_0020.jpg;custom_dataset\processed\VID_2\014\frame_0021.jpg;custom_dataset\processed\VID_2\014\frame_0022.jpg;custom_dataset\processed\VID_2\014\frame_0025.jpg;custom_dataset\processed\VID_2\014\frame_0026.jpg;custom_dataset\processed\VID_2\014\frame_0027.jpg,
VID_2_014_C05,VID_2,VID_2.mp4,14,VID_2_014,5,8,custom_dataset\processed\VID_2\014\frame_0022.jpg;custom_dataset\processed\VID_2\014\frame_0025.jpg;custom_dataset\processed\VID_2\014\frame_0026.jpg;custom_dataset\processed\VID_2\014\frame_0027.jpg;custom_dataset\processed\VID_2\014\frame_0028.jpg;custom_dataset\processed\VID_2\014\frame_0029.jpg;custom_dataset\processed\VID_2\014\frame_0030.jpg;custom_dataset\processed\VID_2\014\frame_0031.jpg,
VID_2_015_C00,VID_2,VID_2.mp4,15,VID_2_015,0,8,custom_dataset\processed\VID_2\015\frame_0008.jpg;custom_dataset\processed\VID_2\015\frame_0010.jpg;custom_dataset\processed\VID_2\015\frame_0011.jpg;custom_dataset\processed\VID_2\015\frame_0012.jpg;custom_dataset\processed\VID_2\015\frame_0015.jpg;custom_dataset\processed\VID_2\015\frame_0016.jpg;custom_dataset\processed\VID_2\015\frame_0017.jpg;custom_dataset\processed\VID_2\015\frame_0018.jpg,
VID_2_015_C01,VID_2,VID_2.mp4,15,VID_2_015,1,8,custom_dataset\processed\VID_2\015\frame_0015.jpg;custom_dataset\processed\VID_2\015\frame_0016.jpg;custom_dataset\processed\VID_2\015\frame_0017.jpg;custom_dataset\processed\VID_2\015\frame_0018.jpg;custom_dataset\processed\VID_2\015\frame_0020.jpg;custom_dataset\processed\VID_2\015\frame_0021.jpg;custom_dataset\processed\VID_2\015\frame_0022.jpg;custom_dataset\processed\VID_2\015\frame_0023.jpg,
VID_2_015_C02,VID_2,VID_2.mp4,15,VID_2_015,2,8,custom_dataset\processed\VID_2\015\frame_0020.jpg;custom_dataset\processed\VID_2\015\frame_0021.jpg;custom_dataset\processed\VID_2\015\frame_0022.jpg;custom_dataset\processed\VID_2\015\frame_0023.jpg;custom_dataset\processed\VID_2\015\frame_0024.jpg;custom_dataset\processed\VID_2\015\frame_0025.jpg;custom_dataset\processed\VID_2\015\frame_0026.jpg;custom_dataset\processed\VID_2\015\frame_0027.jpg,
VID_2_015_C03,VID_2,VID_2.mp4,15,VID_2_015,3,8,custom_dataset\processed\VID_2\015\frame_0024.jpg;custom_dataset\processed\VID_2\015\frame_0025.jpg;custom_dataset\processed\VID_2\015\frame_0026.jpg;custom_dataset\processed\VID_2\015\frame_0027.jpg;custom_dataset\processed\VID_2\015\frame_0028.jpg;custom_dataset\processed\VID_2\015\frame_0029.jpg;custom_dataset\processed\VID_2\015\frame_0030.jpg;custom_dataset\processed\VID_2\015\frame_0032.jpg,
VID_2_018_C00,VID_2,VID_2.mp4,18,VID_2_018,0,8,custom_dataset\processed\VID_2\018\frame_0015.jpg;custom_dataset\processed\VID_2\018\frame_0016.jpg;custom_dataset\processed\VID_2\018\frame_0017.jpg;custom_dataset\processed\VID_2\018\frame_0018.jpg;custom_dataset\processed\VID_2\018\frame_0020.jpg;custom_dataset\processed\VID_2\018\frame_0024.jpg;custom_dataset\processed\VID_2\018\frame_0025.jpg;custom_dataset\processed\VID_2\018\frame_0026.jpg,
VID_2_018_C01,VID_2,VID_2.mp4,18,VID_2_018,1,8,custom_dataset\processed\VID_2\018\frame_0020.jpg;custom_dataset\processed\VID_2\018\frame_0024.jpg;custom_dataset\processed\VID_2\018\frame_0025.jpg;custom_dataset\processed\VID_2\018\frame_0026.jpg;custom_dataset\processed\VID_2\018\frame_0027.jpg;custom_dataset\processed\VID_2\018\frame_0028.jpg;custom_dataset\processed\VID_2\018\frame_0029.jpg;custom_dataset\processed\VID_2\018\frame_0030.jpg,
VID_2_019_C00,VID_2,VID_2.mp4,19,VID_2_019,0,8,custom_dataset\processed\VID_2\019\frame_0016.jpg;custom_dataset\processed\VID_2\019\frame_0017.jpg;custom_dataset\processed\VID_2\019\frame_0018.jpg;custom_dataset\processed\VID_2\019\frame_0019.jpg;custom_dataset\processed\VID_2\019\frame_0021.jpg;custom_dataset\processed\VID_2\019\frame_0023.jpg;custom_dataset\processed\VID_2\019\frame_0024.jpg;custom_dataset\processed\VID_2\019\frame_0027.jpg,
VID_2_019_C01,VID_2,VID_2.mp4,19,VID_2_019,1,8,custom_dataset\processed\VID_2\019\frame_0021.jpg;custom_dataset\processed\VID_2\019\frame_0023.jpg;custom_dataset\processed\VID_2\019\frame_0024.jpg;custom_dataset\processed\VID_2\019\frame_0027.jpg;custom_dataset\processed\VID_2\019\frame_0028.jpg;custom_dataset\processed\VID_2\019\frame_0029.jpg;custom_dataset\processed\VID_2\019\frame_0030.jpg;custom_dataset\processed\VID_2\019\frame_0031.jpg,
VID_2_023_C00,VID_2,VID_2.mp4,23,VID_2_023,0,8,custom_dataset\processed\VID_2\023\frame_0022.jpg;custom_dataset\processed\VID_2\023\frame_0023.jpg;custom_dataset\processed\VID_2\023\frame_0025.jpg;custom_dataset\processed\VID_2\023\frame_0027.jpg;custom_dataset\processed\VID_2\023\frame_0028.jpg;custom_dataset\processed\VID_2\023\frame_0029.jpg;custom_dataset\processed\VID_2\023\frame_0030.jpg;custom_dataset\processed\VID_2\023\frame_0031.jpg,
VID_20_001_C00,VID_20,VID_20.mp4,1,VID_20_001,0,8,custom_dataset\processed\VID_20\001\frame_0000.jpg;custom_dataset\processed\VID_20\001\frame_0001.jpg;custom_dataset\processed\VID_20\001\frame_0002.jpg;custom_dataset\processed\VID_20\001\frame_0003.jpg;custom_dataset\processed\VID_20\001\frame_0004.jpg;custom_dataset\processed\VID_20\001\frame_0005.jpg;custom_dataset\processed\VID_20\001\frame_0006.jpg;custom_dataset\processed\VID_20\001\frame_0007.jpg,
VID_20_001_C01,VID_20,VID_20.mp4,1,VID_20_001,1,8,custom_dataset\processed\VID_20\001\frame_0004.jpg;custom_dataset\processed\VID_20\001\frame_0005.jpg;custom_dataset\processed\VID_20\001\frame_0006.jpg;custom_dataset\processed\VID_20\001\frame_0007.jpg;custom_dataset\processed\VID_20\001\frame_0008.jpg;custom_dataset\processed\VID_20\001\frame_0009.jpg;custom_dataset\processed\VID_20\001\frame_0010.jpg;custom_dataset\processed\VID_20\001\frame_0011.jpg,
VID_20_001_C02,VID_20,VID_20.mp4,1,VID_20_001,2,8,custom_dataset\processed\VID_20\001\frame_0008.jpg;custom_dataset\processed\VID_20\001\frame_0009.jpg;custom_dataset\processed\VID_20\001\frame_0010.jpg;custom_dataset\processed\VID_20\001\frame_0011.jpg;custom_dataset\processed\VID_20\001\frame_0012.jpg;custom_dataset\processed\VID_20\001\frame_0013.jpg;custom_dataset\processed\VID_20\001\frame_0014.jpg;custom_dataset\processed\VID_20\001\frame_0015.jpg,
VID_20_001_C03,VID_20,VID_20.mp4,1,VID_20_001,3,8,custom_dataset\processed\VID_20\001\frame_0012.jpg;custom_dataset\processed\VID_20\001\frame_0013.jpg;custom_dataset\processed\VID_20\001\frame_0014.jpg;custom_dataset\processed\VID_20\001\frame_0015.jpg;custom_dataset\processed\VID_20\001\frame_0016.jpg;custom_dataset\processed\VID_20\001\frame_0017.jpg;custom_dataset\processed\VID_20\001\frame_0018.jpg;custom_dataset\processed\VID_20\001\frame_0019.jpg,
VID_20_001_C04,VID_20,VID_20.mp4,1,VID_20_001,4,8,custom_dataset\processed\VID_20\001\frame_0016.jpg;custom_dataset\processed\VID_20\001\frame_0017.jpg;custom_dataset\processed\VID_20\001\frame_0018.jpg;custom_dataset\processed\VID_20\001\frame_0019.jpg;custom_dataset\processed\VID_20\001\frame_0020.jpg;custom_dataset\processed\VID_20\001\frame_0021.jpg;custom_dataset\processed\VID_20\001\frame_0022.jpg;custom_dataset\processed\VID_20\001\frame_0023.jpg,
VID_20_001_C05,VID_20,VID_20.mp4,1,VID_20_001,5,8,custom_dataset\processed\VID_20\001\frame_0020.jpg;custom_dataset\processed\VID_20\001\frame_0021.jpg;custom_dataset\processed\VID_20\001\frame_0022.jpg;custom_dataset\processed\VID_20\001\frame_0023.jpg;custom_dataset\processed\VID_20\001\frame_0024.jpg;custom_dataset\processed\VID_20\001\frame_0025.jpg;custom_dataset\processed\VID_20\001\frame_0026.jpg;custom_dataset\processed\VID_20\001\frame_0027.jpg,
VID_20_001_C06,VID_20,VID_20.mp4,1,VID_20_001,6,8,custom_dataset\processed\VID_20\001\frame_0024.jpg;custom_dataset\processed\VID_20\001\frame_0025.jpg;custom_dataset\processed\VID_20\001\frame_0026.jpg;custom_dataset\processed\VID_20\001\frame_0027.jpg;custom_dataset\processed\VID_20\001\frame_0028.jpg;custom_dataset\processed\VID_20\001\frame_0029.jpg;custom_dataset\processed\VID_20\001\frame_0030.jpg;custom_dataset\processed\VID_20\001\frame_0031.jpg,
VID_20_001_C07,VID_20,VID_20.mp4,1,VID_20_001,7,8,custom_dataset\processed\VID_20\001\frame_0028.jpg;custom_dataset\processed\VID_20\001\frame_0029.jpg;custom_dataset\processed\VID_20\001\frame_0030.jpg;custom_dataset\processed\VID_20\001\frame_0031.jpg;custom_dataset\processed\VID_20\001\frame_0032.jpg;custom_dataset\processed\VID_20\001\frame_0033.jpg;custom_dataset\processed\VID_20\001\frame_0034.jpg;custom_dataset\processed\VID_20\001\frame_0035.jpg,
VID_20_001_C08,VID_20,VID_20.mp4,1,VID_20_001,8,8,custom_dataset\processed\VID_20\001\frame_0032.jpg;custom_dataset\processed\VID_20\001\frame_0033.jpg;custom_dataset\processed\VID_20\001\frame_0034.jpg;custom_dataset\processed\VID_20\001\frame_0035.jpg;custom_dataset\processed\VID_20\001\frame_0036.jpg;custom_dataset\processed\VID_20\001\frame_0037.jpg;custom_dataset\processed\VID_20\001\frame_0038.jpg;custom_dataset\processed\VID_20\001\frame_0039.jpg,
VID_20_002_C00,VID_20,VID_20.mp4,2,VID_20_002,0,8,custom_dataset\processed\VID_20\002\frame_0000.jpg;custom_dataset\processed\VID_20\002\frame_0000.jpg;custom_dataset\processed\VID_20\002\frame_0001.jpg;custom_dataset\processed\VID_20\002\frame_0002.jpg;custom_dataset\processed\VID_20\002\frame_0003.jpg;custom_dataset\processed\VID_20\002\frame_0004.jpg;custom_dataset\processed\VID_20\002\frame_0005.jpg;custom_dataset\processed\VID_20\002\frame_0006.jpg,
VID_20_002_C01,VID_20,VID_20.mp4,2,VID_20_002,1,8,custom_dataset\processed\VID_20\002\frame_0003.jpg;custom_dataset\processed\VID_20\002\frame_0004.jpg;custom_dataset\processed\VID_20\002\frame_0005.jpg;custom_dataset\processed\VID_20\002\frame_0006.jpg;custom_dataset\processed\VID_20\002\frame_0007.jpg;custom_dataset\processed\VID_20\002\frame_0008.jpg;custom_dataset\processed\VID_20\002\frame_0009.jpg;custom_dataset\processed\VID_20\002\frame_0010.jpg,
VID_20_002_C02,VID_20,VID_20.mp4,2,VID_20_002,2,8,custom_dataset\processed\VID_20\002\frame_0007.jpg;custom_dataset\processed\VID_20\002\frame_0008.jpg;custom_dataset\processed\VID_20\002\frame_0009.jpg;custom_dataset\processed\VID_20\002\frame_0010.jpg;custom_dataset\processed\VID_20\002\frame_0011.jpg;custom_dataset\processed\VID_20\002\frame_0012.jpg;custom_dataset\processed\VID_20\002\frame_0013.jpg;custom_dataset\processed\VID_20\002\frame_0014.jpg,
VID_20_002_C03,VID_20,VID_20.mp4,2,VID_20_002,3,8,custom_dataset\processed\VID_20\002\frame_0011.jpg;custom_dataset\processed\VID_20\002\frame_0012.jpg;custom_dataset\processed\VID_20\002\frame_0013.jpg;custom_dataset\processed\VID_20\002\frame_0014.jpg;custom_dataset\processed\VID_20\002\frame_0015.jpg;custom_dataset\processed\VID_20\002\frame_0016.jpg;custom_dataset\processed\VID_20\002\frame_0017.jpg;custom_dataset\processed\VID_20\002\frame_0018.jpg,
VID_20_002_C04,VID_20,VID_20.mp4,2,VID_20_002,4,8,custom_dataset\processed\VID_20\002\frame_0015.jpg;custom_dataset\processed\VID_20\002\frame_0016.jpg;custom_dataset\processed\VID_20\002\frame_0017.jpg;custom_dataset\processed\VID_20\002\frame_0018.jpg;custom_dataset\processed\VID_20\002\frame_0019.jpg;custom_dataset\processed\VID_20\002\frame_0020.jpg;custom_dataset\processed\VID_20\002\frame_0021.jpg;custom_dataset\processed\VID_20\002\frame_0022.jpg,
VID_20_002_C05,VID_20,VID_20.mp4,2,VID_20_002,5,8,custom_dataset\processed\VID_20\002\frame_0019.jpg;custom_dataset\processed\VID_20\002\frame_0020.jpg;custom_dataset\processed\VID_20\002\frame_0021.jpg;custom_dataset\processed\VID_20\002\frame_0022.jpg;custom_dataset\processed\VID_20\002\frame_0023.jpg;custom_dataset\processed\VID_20\002\frame_0024.jpg;custom_dataset\processed\VID_20\002\frame_0025.jpg;custom_dataset\processed\VID_20\002\frame_0026.jpg,
VID_20_002_C06,VID_20,VID_20.mp4,2,VID_20_002,6,8,custom_dataset\processed\VID_20\002\frame_0023.jpg;custom_dataset\processed\VID_20\002\frame_0024.jpg;custom_dataset\processed\VID_20\002\frame_0025.jpg;custom_dataset\processed\VID_20\002\frame_0026.jpg;custom_dataset\processed\VID_20\002\frame_0027.jpg;custom_dataset\processed\VID_20\002\frame_0028.jpg;custom_dataset\processed\VID_20\002\frame_0029.jpg;custom_dataset\processed\VID_20\002\frame_0030.jpg,
VID_20_002_C07,VID_20,VID_20.mp4,2,VID_20_002,7,8,custom_dataset\processed\VID_20\002\frame_0027.jpg;custom_dataset\processed\VID_20\002\frame_0028.jpg;custom_dataset\processed\VID_20\002\frame_0029.jpg;custom_dataset\processed\VID_20\002\frame_0030.jpg;custom_dataset\processed\VID_20\002\frame_0031.jpg;custom_dataset\processed\VID_20\002\frame_0032.jpg;custom_dataset\processed\VID_20\002\frame_0033.jpg;custom_dataset\processed\VID_20\002\frame_0034.jpg,
VID_20_002_C08,VID_20,VID_20.mp4,2,VID_20_002,8,8,custom_dataset\processed\VID_20\002\frame_0031.jpg;custom_dataset\processed\VID_20\002\frame_0032.jpg;custom_dataset\processed\VID_20\002\frame_0033.jpg;custom_dataset\processed\VID_20\002\frame_0034.jpg;custom_dataset\processed\VID_20\002\frame_0035.jpg;custom_dataset\processed\VID_20\002\frame_0036.jpg;custom_dataset\processed\VID_20\002\frame_0037.jpg;custom_dataset\processed\VID_20\002\frame_0038.jpg,
VID_20_003_C00,VID_20,VID_20.mp4,3,VID_20_003,0,8,custom_dataset\processed\VID_20\003\frame_0000.jpg;custom_dataset\processed\VID_20\003\frame_0001.jpg;custom_dataset\processed\VID_20\003\frame_0002.jpg;custom_dataset\processed\VID_20\003\frame_0003.jpg;custom_dataset\processed\VID_20\003\frame_0004.jpg;custom_dataset\processed\VID_20\003\frame_0005.jpg;custom_dataset\processed\VID_20\003\frame_0006.jpg;custom_dataset\processed\VID_20\003\frame_0007.jpg,
VID_20_003_C01,VID_20,VID_20.mp4,3,VID_20_003,1,8,custom_dataset\processed\VID_20\003\frame_0004.jpg;custom_dataset\processed\VID_20\003\frame_0005.jpg;custom_dataset\processed\VID_20\003\frame_0006.jpg;custom_dataset\processed\VID_20\003\frame_0007.jpg;custom_dataset\processed\VID_20\003\frame_0008.jpg;custom_dataset\processed\VID_20\003\frame_0009.jpg;custom_dataset\processed\VID_20\003\frame_0010.jpg;custom_dataset\processed\VID_20\003\frame_0011.jpg,
VID_20_003_C02,VID_20,VID_20.mp4,3,VID_20_003,2,8,custom_dataset\processed\VID_20\003\frame_0008.jpg;custom_dataset\processed\VID_20\003\frame_0009.jpg;custom_dataset\processed\VID_20\003\frame_0010.jpg;custom_dataset\processed\VID_20\003\frame_0011.jpg;custom_dataset\processed\VID_20\003\frame_0012.jpg;custom_dataset\processed\VID_20\003\frame_0013.jpg;custom_dataset\processed\VID_20\003\frame_0014.jpg;custom_dataset\processed\VID_20\003\frame_0015.jpg,
VID_20_003_C03,VID_20,VID_20.mp4,3,VID_20_003,3,8,custom_dataset\processed\VID_20\003\frame_0012.jpg;custom_dataset\processed\VID_20\003\frame_0013.jpg;custom_dataset\processed\VID_20\003\frame_0014.jpg;custom_dataset\processed\VID_20\003\frame_0015.jpg;custom_dataset\processed\VID_20\003\frame_0016.jpg;custom_dataset\processed\VID_20\003\frame_0017.jpg;custom_dataset\processed\VID_20\003\frame_0018.jpg;custom_dataset\processed\VID_20\003\frame_0019.jpg,
VID_20_003_C04,VID_20,VID_20.mp4,3,VID_20_003,4,8,custom_dataset\processed\VID_20\003\frame_0016.jpg;custom_dataset\processed\VID_20\003\frame_0017.jpg;custom_dataset\processed\VID_20\003\frame_0018.jpg;custom_dataset\processed\VID_20\003\frame_0019.jpg;custom_dataset\processed\VID_20\003\frame_0020.jpg;custom_dataset\processed\VID_20\003\frame_0021.jpg;custom_dataset\processed\VID_20\003\frame_0022.jpg;custom_dataset\processed\VID_20\003\frame_0023.jpg,
VID_20_003_C05,VID_20,VID_20.mp4,3,VID_20_003,5,8,custom_dataset\processed\VID_20\003\frame_0020.jpg;custom_dataset\processed\VID_20\003\frame_0021.jpg;custom_dataset\processed\VID_20\003\frame_0022.jpg;custom_dataset\processed\VID_20\003\frame_0023.jpg;custom_dataset\processed\VID_20\003\frame_0024.jpg;custom_dataset\processed\VID_20\003\frame_0025.jpg;custom_dataset\processed\VID_20\003\frame_0026.jpg;custom_dataset\processed\VID_20\003\frame_0027.jpg,
VID_20_003_C06,VID_20,VID_20.mp4,3,VID_20_003,6,8,custom_dataset\processed\VID_20\003\frame_0024.jpg;custom_dataset\processed\VID_20\003\frame_0025.jpg;custom_dataset\processed\VID_20\003\frame_0026.jpg;custom_dataset\processed\VID_20\003\frame_0027.jpg;custom_dataset\processed\VID_20\003\frame_0028.jpg;custom_dataset\processed\VID_20\003\frame_0029.jpg;custom_dataset\processed\VID_20\003\frame_0030.jpg;custom_dataset\processed\VID_20\003\frame_0031.jpg,
VID_20_003_C07,VID_20,VID_20.mp4,3,VID_20_003,7,8,custom_dataset\processed\VID_20\003\frame_0028.jpg;custom_dataset\processed\VID_20\003\frame_0029.jpg;custom_dataset\processed\VID_20\003\frame_0030.jpg;custom_dataset\processed\VID_20\003\frame_0031.jpg;custom_dataset\processed\VID_20\003\frame_0032.jpg;custom_dataset\processed\VID_20\003\frame_0033.jpg;custom_dataset\processed\VID_20\003\frame_0034.jpg;custom_dataset\processed\VID_20\003\frame_0035.jpg,
VID_20_003_C08,VID_20,VID_20.mp4,3,VID_20_003,8,8,custom_dataset\processed\VID_20\003\frame_0032.jpg;custom_dataset\processed\VID_20\003\frame_0033.jpg;custom_dataset\processed\VID_20\003\frame_0034.jpg;custom_dataset\processed\VID_20\003\frame_0035.jpg;custom_dataset\processed\VID_20\003\frame_0036.jpg;custom_dataset\processed\VID_20\003\frame_0037.jpg;custom_dataset\processed\VID_20\003\frame_0038.jpg;custom_dataset\processed\VID_20\003\frame_0039.jpg,
VID_20_005_C00,VID_20,VID_20.mp4,5,VID_20_005,0,8,custom_dataset\processed\VID_20\005\frame_0000.jpg;custom_dataset\processed\VID_20\005\frame_0001.jpg;custom_dataset\processed\VID_20\005\frame_0002.jpg;custom_dataset\processed\VID_20\005\frame_0003.jpg;custom_dataset\processed\VID_20\005\frame_0004.jpg;custom_dataset\processed\VID_20\005\frame_0005.jpg;custom_dataset\processed\VID_20\005\frame_0006.jpg;custom_dataset\processed\VID_20\005\frame_0007.jpg,
VID_20_005_C01,VID_20,VID_20.mp4,5,VID_20_005,1,8,custom_dataset\processed\VID_20\005\frame_0004.jpg;custom_dataset\processed\VID_20\005\frame_0005.jpg;custom_dataset\processed\VID_20\005\frame_0006.jpg;custom_dataset\processed\VID_20\005\frame_0007.jpg;custom_dataset\processed\VID_20\005\frame_0008.jpg;custom_dataset\processed\VID_20\005\frame_0009.jpg;custom_dataset\processed\VID_20\005\frame_0010.jpg;custom_dataset\processed\VID_20\005\frame_0011.jpg,
VID_20_005_C02,VID_20,VID_20.mp4,5,VID_20_005,2,8,custom_dataset\processed\VID_20\005\frame_0008.jpg;custom_dataset\processed\VID_20\005\frame_0009.jpg;custom_dataset\processed\VID_20\005\frame_0010.jpg;custom_dataset\processed\VID_20\005\frame_0011.jpg;custom_dataset\processed\VID_20\005\frame_0012.jpg;custom_dataset\processed\VID_20\005\frame_0013.jpg;custom_dataset\processed\VID_20\005\frame_0014.jpg;custom_dataset\processed\VID_20\005\frame_0015.jpg,
VID_20_005_C03,VID_20,VID_20.mp4,5,VID_20_005,3,8,custom_dataset\processed\VID_20\005\frame_0012.jpg;custom_dataset\processed\VID_20\005\frame_0013.jpg;custom_dataset\processed\VID_20\005\frame_0014.jpg;custom_dataset\processed\VID_20\005\frame_0015.jpg;custom_dataset\processed\VID_20\005\frame_0016.jpg;custom_dataset\processed\VID_20\005\frame_0017.jpg;custom_dataset\processed\VID_20\005\frame_0018.jpg;custom_dataset\processed\VID_20\005\frame_0019.jpg,
VID_20_005_C04,VID_20,VID_20.mp4,5,VID_20_005,4,8,custom_dataset\processed\VID_20\005\frame_0016.jpg;custom_dataset\processed\VID_20\005\frame_0017.jpg;custom_dataset\processed\VID_20\005\frame_0018.jpg;custom_dataset\processed\VID_20\005\frame_0019.jpg;custom_dataset\processed\VID_20\005\frame_0020.jpg;custom_dataset\processed\VID_20\005\frame_0021.jpg;custom_dataset\processed\VID_20\005\frame_0022.jpg;custom_dataset\processed\VID_20\005\frame_0023.jpg,
VID_20_005_C05,VID_20,VID_20.mp4,5,VID_20_005,5,8,custom_dataset\processed\VID_20\005\frame_0020.jpg;custom_dataset\processed\VID_20\005\frame_0021.jpg;custom_dataset\processed\VID_20\005\frame_0022.jpg;custom_dataset\processed\VID_20\005\frame_0023.jpg;custom_dataset\processed\VID_20\005\frame_0024.jpg;custom_dataset\processed\VID_20\005\frame_0025.jpg;custom_dataset\processed\VID_20\005\frame_0026.jpg;custom_dataset\processed\VID_20\005\frame_0027.jpg,
VID_20_005_C06,VID_20,VID_20.mp4,5,VID_20_005,6,8,custom_dataset\processed\VID_20\005\frame_0024.jpg;custom_dataset\processed\VID_20\005\frame_0025.jpg;custom_dataset\processed\VID_20\005\frame_0026.jpg;custom_dataset\processed\VID_20\005\frame_0027.jpg;custom_dataset\processed\VID_20\005\frame_0028.jpg;custom_dataset\processed\VID_20\005\frame_0029.jpg;custom_dataset\processed\VID_20\005\frame_0030.jpg;custom_dataset\processed\VID_20\005\frame_0031.jpg,
VID_20_005_C07,VID_20,VID_20.mp4,5,VID_20_005,7,8,custom_dataset\processed\VID_20\005\frame_0028.jpg;custom_dataset\processed\VID_20\005\frame_0029.jpg;custom_dataset\processed\VID_20\005\frame_0030.jpg;custom_dataset\processed\VID_20\005\frame_0031.jpg;custom_dataset\processed\VID_20\005\frame_0032.jpg;custom_dataset\processed\VID_20\005\frame_0033.jpg;custom_dataset\processed\VID_20\005\frame_0034.jpg;custom_dataset\processed\VID_20\005\frame_0035.jpg,
VID_20_005_C08,VID_20,VID_20.mp4,5,VID_20_005,8,8,custom_dataset\processed\VID_20\005\frame_0032.jpg;custom_dataset\processed\VID_20\005\frame_0033.jpg;custom_dataset\processed\VID_20\005\frame_0034.jpg;custom_dataset\processed\VID_20\005\frame_0035.jpg;custom_dataset\processed\VID_20\005\frame_0036.jpg;custom_dataset\processed\VID_20\005\frame_0037.jpg;custom_dataset\processed\VID_20\005\frame_0038.jpg;custom_dataset\processed\VID_20\005\frame_0039.jpg,
VID_20_008_C00,VID_20,VID_20.mp4,8,VID_20_008,0,8,custom_dataset\processed\VID_20\008\frame_0002.jpg;custom_dataset\processed\VID_20\008\frame_0003.jpg;custom_dataset\processed\VID_20\008\frame_0005.jpg;custom_dataset\processed\VID_20\008\frame_0006.jpg;custom_dataset\processed\VID_20\008\frame_0007.jpg;custom_dataset\processed\VID_20\008\frame_0008.jpg;custom_dataset\processed\VID_20\008\frame_0009.jpg;custom_dataset\processed\VID_20\008\frame_0010.jpg,
VID_20_009_C00,VID_20,VID_20.mp4,9,VID_20_009,0,8,custom_dataset\processed\VID_20\009\frame_0004.jpg;custom_dataset\processed\VID_20\009\frame_0005.jpg;custom_dataset\processed\VID_20\009\frame_0006.jpg;custom_dataset\processed\VID_20\009\frame_0007.jpg;custom_dataset\processed\VID_20\009\frame_0008.jpg;custom_dataset\processed\VID_20\009\frame_0009.jpg;custom_dataset\processed\VID_20\009\frame_0010.jpg;custom_dataset\processed\VID_20\009\frame_0011.jpg,
VID_20_009_C01,VID_20,VID_20.mp4,9,VID_20_009,1,8,custom_dataset\processed\VID_20\009\frame_0008.jpg;custom_dataset\processed\VID_20\009\frame_0009.jpg;custom_dataset\processed\VID_20\009\frame_0010.jpg;custom_dataset\processed\VID_20\009\frame_0011.jpg;custom_dataset\processed\VID_20\009\frame_0012.jpg;custom_dataset\processed\VID_20\009\frame_0013.jpg;custom_dataset\processed\VID_20\009\frame_0014.jpg;custom_dataset\processed\VID_20\009\frame_0015.jpg,
VID_20_009_C02,VID_20,VID_20.mp4,9,VID_20_009,2,8,custom_dataset\processed\VID_20\009\frame_0012.jpg;custom_dataset\processed\VID_20\009\frame_0013.jpg;custom_dataset\processed\VID_20\009\frame_0014.jpg;custom_dataset\processed\VID_20\009\frame_0015.jpg;custom_dataset\processed\VID_20\009\frame_0016.jpg;custom_dataset\processed\VID_20\009\frame_0017.jpg;custom_dataset\processed\VID_20\009\frame_0018.jpg;custom_dataset\processed\VID_20\009\frame_0019.jpg,
VID_20_009_C03,VID_20,VID_20.mp4,9,VID_20_009,3,8,custom_dataset\processed\VID_20\009\frame_0016.jpg;custom_dataset\processed\VID_20\009\frame_0017.jpg;custom_dataset\processed\VID_20\009\frame_0018.jpg;custom_dataset\processed\VID_20\009\frame_0019.jpg;custom_dataset\processed\VID_20\009\frame_0020.jpg;custom_dataset\processed\VID_20\009\frame_0021.jpg;custom_dataset\processed\VID_20\009\frame_0022.jpg;custom_dataset\processed\VID_20\009\frame_0023.jpg,
VID_20_009_C04,VID_20,VID_20.mp4,9,VID_20_009,4,8,custom_dataset\processed\VID_20\009\frame_0020.jpg;custom_dataset\processed\VID_20\009\frame_0021.jpg;custom_dataset\processed\VID_20\009\frame_0022.jpg;custom_dataset\processed\VID_20\009\frame_0023.jpg;custom_dataset\processed\VID_20\009\frame_0024.jpg;custom_dataset\processed\VID_20\009\frame_0025.jpg;custom_dataset\processed\VID_20\009\frame_0026.jpg;custom_dataset\processed\VID_20\009\frame_0027.jpg,
VID_20_009_C05,VID_20,VID_20.mp4,9,VID_20_009,5,8,custom_dataset\processed\VID_20\009\frame_0024.jpg;custom_dataset\processed\VID_20\009\frame_0025.jpg;custom_dataset\processed\VID_20\009\frame_0026.jpg;custom_dataset\processed\VID_20\009\frame_0027.jpg;custom_dataset\processed\VID_20\009\frame_0029.jpg;custom_dataset\processed\VID_20\009\frame_0030.jpg;custom_dataset\processed\VID_20\009\frame_0031.jpg;custom_dataset\processed\VID_20\009\frame_0032.jpg,
VID_20_009_C06,VID_20,VID_20.mp4,9,VID_20_009,6,8,custom_dataset\processed\VID_20\009\frame_0029.jpg;custom_dataset\processed\VID_20\009\frame_0030.jpg;custom_dataset\processed\VID_20\009\frame_0031.jpg;custom_dataset\processed\VID_20\009\frame_0032.jpg;custom_dataset\processed\VID_20\009\frame_0033.jpg;custom_dataset\processed\VID_20\009\frame_0034.jpg;custom_dataset\processed\VID_20\009\frame_0035.jpg;custom_dataset\processed\VID_20\009\frame_0036.jpg,
VID_20_009_C07,VID_20,VID_20.mp4,9,VID_20_009,7,8,custom_dataset\processed\VID_20\009\frame_0033.jpg;custom_dataset\processed\VID_20\009\frame_0034.jpg;custom_dataset\processed\VID_20\009\frame_0035.jpg;custom_dataset\processed\VID_20\009\frame_0036.jpg;custom_dataset\processed\VID_20\009\frame_0037.jpg;custom_dataset\processed\VID_20\009\frame_0038.jpg;custom_dataset\processed\VID_20\009\frame_0039.jpg;custom_dataset\processed\VID_20\009\frame_0040.jpg,
VID_20_018_C00,VID_20,VID_20.mp4,18,VID_20_018,0,8,custom_dataset\processed\VID_20\018\frame_0020.jpg;custom_dataset\processed\VID_20\018\frame_0021.jpg;custom_dataset\processed\VID_20\018\frame_0025.jpg;custom_dataset\processed\VID_20\018\frame_0026.jpg;custom_dataset\processed\VID_20\018\frame_0029.jpg;custom_dataset\processed\VID_20\018\frame_0030.jpg;custom_dataset\processed\VID_20\018\frame_0031.jpg;custom_dataset\processed\VID_20\018\frame_0032.jpg,
VID_20_018_C01,VID_20,VID_20.mp4,18,VID_20_018,1,8,custom_dataset\processed\VID_20\018\frame_0029.jpg;custom_dataset\processed\VID_20\018\frame_0030.jpg;custom_dataset\processed\VID_20\018\frame_0031.jpg;custom_dataset\processed\VID_20\018\frame_0032.jpg;custom_dataset\processed\VID_20\018\frame_0033.jpg;custom_dataset\processed\VID_20\018\frame_0034.jpg;custom_dataset\processed\VID_20\018\frame_0036.jpg;custom_dataset\processed\VID_20\018\frame_0038.jpg,
VID_20_019_C00,VID_20,VID_20.mp4,19,VID_20_019,0,8,custom_dataset\processed\VID_20\019\frame_0021.jpg;custom_dataset\processed\VID_20\019\frame_0021.jpg;custom_dataset\processed\VID_20\019\frame_0022.jpg;custom_dataset\processed\VID_20\019\frame_0023.jpg;custom_dataset\processed\VID_20\019\frame_0024.jpg;custom_dataset\processed\VID_20\019\frame_0025.jpg;custom_dataset\processed\VID_20\019\frame_0026.jpg;custom_dataset\processed\VID_20\019\frame_0027.jpg,
VID_20_019_C01,VID_20,VID_20.mp4,19,VID_20_019,1,8,custom_dataset\processed\VID_20\019\frame_0024.jpg;custom_dataset\processed\VID_20\019\frame_0025.jpg;custom_dataset\processed\VID_20\019\frame_0026.jpg;custom_dataset\processed\VID_20\019\frame_0027.jpg;custom_dataset\processed\VID_20\019\frame_0028.jpg;custom_dataset\processed\VID_20\019\frame_0029.jpg;custom_dataset\processed\VID_20\019\frame_0030.jpg;custom_dataset\processed\VID_20\019\frame_0031.jpg,
VID_20_019_C02,VID_20,VID_20.mp4,19,VID_20_019,2,8,custom_dataset\processed\VID_20\019\frame_0028.jpg;custom_dataset\processed\VID_20\019\frame_0029.jpg;custom_dataset\processed\VID_20\019\frame_0030.jpg;custom_dataset\processed\VID_20\019\frame_0031.jpg;custom_dataset\processed\VID_20\019\frame_0032.jpg;custom_dataset\processed\VID_20\019\frame_0033.jpg;custom_dataset\processed\VID_20\019\frame_0034.jpg;custom_dataset\processed\VID_20\019\frame_0035.jpg,
VID_20_019_C03,VID_20,VID_20.mp4,19,VID_20_019,3,8,custom_dataset\processed\VID_20\019\frame_0032.jpg;custom_dataset\processed\VID_20\019\frame_0033.jpg;custom_dataset\processed\VID_20\019\frame_0034.jpg;custom_dataset\processed\VID_20\019\frame_0035.jpg;custom_dataset\processed\VID_20\019\frame_0036.jpg;custom_dataset\processed\VID_20\019\frame_0037.jpg;custom_dataset\processed\VID_20\019\frame_0038.jpg;custom_dataset\processed\VID_20\019\frame_0040.jpg,
VID_21_001_C00,VID_21,VID_21.mp4,1,VID_21_001,0,8,custom_dataset\processed\VID_21\001\frame_0000.jpg;custom_dataset\processed\VID_21\001\frame_0001.jpg;custom_dataset\processed\VID_21\001\frame_0002.jpg;custom_dataset\processed\VID_21\001\frame_0003.jpg;custom_dataset\processed\VID_21\001\frame_0004.jpg;custom_dataset\processed\VID_21\001\frame_0005.jpg;custom_dataset\processed\VID_21\001\frame_0006.jpg;custom_dataset\processed\VID_21\001\frame_0008.jpg,
VID_21_001_C01,VID_21,VID_21.mp4,1,VID_21_001,1,8,custom_dataset\processed\VID_21\001\frame_0004.jpg;custom_dataset\processed\VID_21\001\frame_0005.jpg;custom_dataset\processed\VID_21\001\frame_0006.jpg;custom_dataset\processed\VID_21\001\frame_0008.jpg;custom_dataset\processed\VID_21\001\frame_0009.jpg;custom_dataset\processed\VID_21\001\frame_0010.jpg;custom_dataset\processed\VID_21\001\frame_0011.jpg;custom_dataset\processed\VID_21\001\frame_0012.jpg,
VID_21_001_C02,VID_21,VID_21.mp4,1,VID_21_001,2,8,custom_dataset\processed\VID_21\001\frame_0009.jpg;custom_dataset\processed\VID_21\001\frame_0010.jpg;custom_dataset\processed\VID_21\001\frame_0011.jpg;custom_dataset\processed\VID_21\001\frame_0012.jpg;custom_dataset\processed\VID_21\001\frame_0013.jpg;custom_dataset\processed\VID_21\001\frame_0014.jpg;custom_dataset\processed\VID_21\001\frame_0015.jpg;custom_dataset\processed\VID_21\001\frame_0016.jpg,
VID_21_001_C03,VID_21,VID_21.mp4,1,VID_21_001,3,8,custom_dataset\processed\VID_21\001\frame_0013.jpg;custom_dataset\processed\VID_21\001\frame_0014.jpg;custom_dataset\processed\VID_21\001\frame_0015.jpg;custom_dataset\processed\VID_21\001\frame_0016.jpg;custom_dataset\processed\VID_21\001\frame_0017.jpg;custom_dataset\processed\VID_21\001\frame_0018.jpg;custom_dataset\processed\VID_21\001\frame_0019.jpg;custom_dataset\processed\VID_21\001\frame_0020.jpg,
VID_21_001_C04,VID_21,VID_21.mp4,1,VID_21_001,4,8,custom_dataset\processed\VID_21\001\frame_0017.jpg;custom_dataset\processed\VID_21\001\frame_0018.jpg;custom_dataset\processed\VID_21\001\frame_0019.jpg;custom_dataset\processed\VID_21\001\frame_0020.jpg;custom_dataset\processed\VID_21\001\frame_0021.jpg;custom_dataset\processed\VID_21\001\frame_0022.jpg;custom_dataset\processed\VID_21\001\frame_0023.jpg;custom_dataset\processed\VID_21\001\frame_0024.jpg,
VID_21_001_C05,VID_21,VID_21.mp4,1,VID_21_001,5,8,custom_dataset\processed\VID_21\001\frame_0021.jpg;custom_dataset\processed\VID_21\001\frame_0022.jpg;custom_dataset\processed\VID_21\001\frame_0023.jpg;custom_dataset\processed\VID_21\001\frame_0024.jpg;custom_dataset\processed\VID_21\001\frame_0025.jpg;custom_dataset\processed\VID_21\001\frame_0026.jpg;custom_dataset\processed\VID_21\001\frame_0027.jpg;custom_dataset\processed\VID_21\001\frame_0028.jpg,
VID_21_001_C06,VID_21,VID_21.mp4,1,VID_21_001,6,8,custom_dataset\processed\VID_21\001\frame_0025.jpg;custom_dataset\processed\VID_21\001\frame_0026.jpg;custom_dataset\processed\VID_21\001\frame_0027.jpg;custom_dataset\processed\VID_21\001\frame_0028.jpg;custom_dataset\processed\VID_21\001\frame_0029.jpg;custom_dataset\processed\VID_21\001\frame_0030.jpg;custom_dataset\processed\VID_21\001\frame_0031.jpg;custom_dataset\processed\VID_21\001\frame_0032.jpg,
VID_21_001_C07,VID_21,VID_21.mp4,1,VID_21_001,7,8,custom_dataset\processed\VID_21\001\frame_0029.jpg;custom_dataset\processed\VID_21\001\frame_0030.jpg;custom_dataset\processed\VID_21\001\frame_0031.jpg;custom_dataset\processed\VID_21\001\frame_0032.jpg;custom_dataset\processed\VID_21\001\frame_0033.jpg;custom_dataset\processed\VID_21\001\frame_0034.jpg;custom_dataset\processed\VID_21\001\frame_0035.jpg;custom_dataset\processed\VID_21\001\frame_0036.jpg,
VID_21_001_C08,VID_21,VID_21.mp4,1,VID_21_001,8,8,custom_dataset\processed\VID_21\001\frame_0033.jpg;custom_dataset\processed\VID_21\001\frame_0034.jpg;custom_dataset\processed\VID_21\001\frame_0035.jpg;custom_dataset\processed\VID_21\001\frame_0036.jpg;custom_dataset\processed\VID_21\001\frame_0037.jpg;custom_dataset\processed\VID_21\001\frame_0038.jpg;custom_dataset\processed\VID_21\001\frame_0039.jpg;custom_dataset\processed\VID_21\001\frame_0040.jpg,
VID_21_002_C00,VID_21,VID_21.mp4,2,VID_21_002,0,8,custom_dataset\processed\VID_21\002\frame_0000.jpg;custom_dataset\processed\VID_21\002\frame_0001.jpg;custom_dataset\processed\VID_21\002\frame_0002.jpg;custom_dataset\processed\VID_21\002\frame_0003.jpg;custom_dataset\processed\VID_21\002\frame_0004.jpg;custom_dataset\processed\VID_21\002\frame_0005.jpg;custom_dataset\processed\VID_21\002\frame_0006.jpg;custom_dataset\processed\VID_21\002\frame_0007.jpg,
VID_21_002_C01,VID_21,VID_21.mp4,2,VID_21_002,1,8,custom_dataset\processed\VID_21\002\frame_0004.jpg;custom_dataset\processed\VID_21\002\frame_0005.jpg;custom_dataset\processed\VID_21\002\frame_0006.jpg;custom_dataset\processed\VID_21\002\frame_0007.jpg;custom_dataset\processed\VID_21\002\frame_0008.jpg;custom_dataset\processed\VID_21\002\frame_0009.jpg;custom_dataset\processed\VID_21\002\frame_0010.jpg;custom_dataset\processed\VID_21\002\frame_0011.jpg,
VID_21_002_C02,VID_21,VID_21.mp4,2,VID_21_002,2,8,custom_dataset\processed\VID_21\002\frame_0008.jpg;custom_dataset\processed\VID_21\002\frame_0009.jpg;custom_dataset\processed\VID_21\002\frame_0010.jpg;custom_dataset\processed\VID_21\002\frame_0011.jpg;custom_dataset\processed\VID_21\002\frame_0012.jpg;custom_dataset\processed\VID_21\002\frame_0013.jpg;custom_dataset\processed\VID_21\002\frame_0014.jpg;custom_dataset\processed\VID_21\002\frame_0015.jpg,
VID_21_002_C03,VID_21,VID_21.mp4,2,VID_21_002,3,8,custom_dataset\processed\VID_21\002\frame_0012.jpg;custom_dataset\processed\VID_21\002\frame_0013.jpg;custom_dataset\processed\VID_21\002\frame_0014.jpg;custom_dataset\processed\VID_21\002\frame_0015.jpg;custom_dataset\processed\VID_21\002\frame_0016.jpg;custom_dataset\processed\VID_21\002\frame_0017.jpg;custom_dataset\processed\VID_21\002\frame_0018.jpg;custom_dataset\processed\VID_21\002\frame_0019.jpg,
VID_21_002_C04,VID_21,VID_21.mp4,2,VID_21_002,4,8,custom_dataset\processed\VID_21\002\frame_0016.jpg;custom_dataset\processed\VID_21\002\frame_0017.jpg;custom_dataset\processed\VID_21\002\frame_0018.jpg;custom_dataset\processed\VID_21\002\frame_0019.jpg;custom_dataset\processed\VID_21\002\frame_0020.jpg;custom_dataset\processed\VID_21\002\frame_0021.jpg;custom_dataset\processed\VID_21\002\frame_0022.jpg;custom_dataset\processed\VID_21\002\frame_0023.jpg,
VID_21_002_C05,VID_21,VID_21.mp4,2,VID_21_002,5,8,custom_dataset\processed\VID_21\002\frame_0020.jpg;custom_dataset\processed\VID_21\002\frame_0021.jpg;custom_dataset\processed\VID_21\002\frame_0022.jpg;custom_dataset\processed\VID_21\002\frame_0023.jpg;custom_dataset\processed\VID_21\002\frame_0024.jpg;custom_dataset\processed\VID_21\002\frame_0025.jpg;custom_dataset\processed\VID_21\002\frame_0026.jpg;custom_dataset\processed\VID_21\002\frame_0027.jpg,
VID_21_002_C06,VID_21,VID_21.mp4,2,VID_21_002,6,8,custom_dataset\processed\VID_21\002\frame_0024.jpg;custom_dataset\processed\VID_21\002\frame_0025.jpg;custom_dataset\processed\VID_21\002\frame_0026.jpg;custom_dataset\processed\VID_21\002\frame_0027.jpg;custom_dataset\processed\VID_21\002\frame_0028.jpg;custom_dataset\processed\VID_21\002\frame_0029.jpg;custom_dataset\processed\VID_21\002\frame_0030.jpg;custom_dataset\processed\VID_21\002\frame_0031.jpg,
VID_21_002_C07,VID_21,VID_21.mp4,2,VID_21_002,7,8,custom_dataset\processed\VID_21\002\frame_0028.jpg;custom_dataset\processed\VID_21\002\frame_0029.jpg;custom_dataset\processed\VID_21\002\frame_0030.jpg;custom_dataset\processed\VID_21\002\frame_0031.jpg;custom_dataset\processed\VID_21\002\frame_0032.jpg;custom_dataset\processed\VID_21\002\frame_0033.jpg;custom_dataset\processed\VID_21\002\frame_0034.jpg;custom_dataset\processed\VID_21\002\frame_0035.jpg,
VID_21_002_C08,VID_21,VID_21.mp4,2,VID_21_002,8,8,custom_dataset\processed\VID_21\002\frame_0032.jpg;custom_dataset\processed\VID_21\002\frame_0033.jpg;custom_dataset\processed\VID_21\002\frame_0034.jpg;custom_dataset\processed\VID_21\002\frame_0035.jpg;custom_dataset\processed\VID_21\002\frame_0036.jpg;custom_dataset\processed\VID_21\002\frame_0037.jpg;custom_dataset\processed\VID_21\002\frame_0038.jpg;custom_dataset\processed\VID_21\002\frame_0039.jpg,
VID_21_002_C09,VID_21,VID_21.mp4,2,VID_21_002,9,8,custom_dataset\processed\VID_21\002\frame_0036.jpg;custom_dataset\processed\VID_21\002\frame_0037.jpg;custom_dataset\processed\VID_21\002\frame_0038.jpg;custom_dataset\processed\VID_21\002\frame_0039.jpg;custom_dataset\processed\VID_21\002\frame_0040.jpg;custom_dataset\processed\VID_21\002\frame_0041.jpg;custom_dataset\processed\VID_21\002\frame_0042.jpg;custom_dataset\processed\VID_21\002\frame_0043.jpg,
VID_21_003_C00,VID_21,VID_21.mp4,3,VID_21_003,0,8,custom_dataset\processed\VID_21\003\frame_0000.jpg;custom_dataset\processed\VID_21\003\frame_0001.jpg;custom_dataset\processed\VID_21\003\frame_0002.jpg;custom_dataset\processed\VID_21\003\frame_0003.jpg;custom_dataset\processed\VID_21\003\frame_0004.jpg;custom_dataset\processed\VID_21\003\frame_0005.jpg;custom_dataset\processed\VID_21\003\frame_0006.jpg;custom_dataset\processed\VID_21\003\frame_0007.jpg,
VID_21_003_C01,VID_21,VID_21.mp4,3,VID_21_003,1,8,custom_dataset\processed\VID_21\003\frame_0004.jpg;custom_dataset\processed\VID_21\003\frame_0005.jpg;custom_dataset\processed\VID_21\003\frame_0006.jpg;custom_dataset\processed\VID_21\003\frame_0007.jpg;custom_dataset\processed\VID_21\003\frame_0008.jpg;custom_dataset\processed\VID_21\003\frame_0009.jpg;custom_dataset\processed\VID_21\003\frame_0010.jpg;custom_dataset\processed\VID_21\003\frame_0011.jpg,
VID_21_003_C02,VID_21,VID_21.mp4,3,VID_21_003,2,8,custom_dataset\processed\VID_21\003\frame_0008.jpg;custom_dataset\processed\VID_21\003\frame_0009.jpg;custom_dataset\processed\VID_21\003\frame_0010.jpg;custom_dataset\processed\VID_21\003\frame_0011.jpg;custom_dataset\processed\VID_21\003\frame_0012.jpg;custom_dataset\processed\VID_21\003\frame_0013.jpg;custom_dataset\processed\VID_21\003\frame_0014.jpg;custom_dataset\processed\VID_21\003\frame_0015.jpg,
VID_21_003_C03,VID_21,VID_21.mp4,3,VID_21_003,3,8,custom_dataset\processed\VID_21\003\frame_0012.jpg;custom_dataset\processed\VID_21\003\frame_0013.jpg;custom_dataset\processed\VID_21\003\frame_0014.jpg;custom_dataset\processed\VID_21\003\frame_0015.jpg;custom_dataset\processed\VID_21\003\frame_0016.jpg;custom_dataset\processed\VID_21\003\frame_0017.jpg;custom_dataset\processed\VID_21\003\frame_0018.jpg;custom_dataset\processed\VID_21\003\frame_0019.jpg,
VID_21_003_C04,VID_21,VID_21.mp4,3,VID_21_003,4,8,custom_dataset\processed\VID_21\003\frame_0016.jpg;custom_dataset\processed\VID_21\003\frame_0017.jpg;custom_dataset\processed\VID_21\003\frame_0018.jpg;custom_dataset\processed\VID_21\003\frame_0019.jpg;custom_dataset\processed\VID_21\003\frame_0020.jpg;custom_dataset\processed\VID_21\003\frame_0021.jpg;custom_dataset\processed\VID_21\003\frame_0022.jpg;custom_dataset\processed\VID_21\003\frame_0023.jpg,
VID_21_003_C05,VID_21,VID_21.mp4,3,VID_21_003,5,8,custom_dataset\processed\VID_21\003\frame_0020.jpg;custom_dataset\processed\VID_21\003\frame_0021.jpg;custom_dataset\processed\VID_21\003\frame_0022.jpg;custom_dataset\processed\VID_21\003\frame_0023.jpg;custom_dataset\processed\VID_21\003\frame_0024.jpg;custom_dataset\processed\VID_21\003\frame_0025.jpg;custom_dataset\processed\VID_21\003\frame_0026.jpg;custom_dataset\processed\VID_21\003\frame_0027.jpg,
VID_21_003_C06,VID_21,VID_21.mp4,3,VID_21_003,6,8,custom_dataset\processed\VID_21\003\frame_0024.jpg;custom_dataset\processed\VID_21\003\frame_0025.jpg;custom_dataset\processed\VID_21\003\frame_0026.jpg;custom_dataset\processed\VID_21\003\frame_0027.jpg;custom_dataset\processed\VID_21\003\frame_0028.jpg;custom_dataset\processed\VID_21\003\frame_0029.jpg;custom_dataset\processed\VID_21\003\frame_0030.jpg;custom_dataset\processed\VID_21\003\frame_0031.jpg,
VID_21_003_C07,VID_21,VID_21.mp4,3,VID_21_003,7,8,custom_dataset\processed\VID_21\003\frame_0028.jpg;custom_dataset\processed\VID_21\003\frame_0029.jpg;custom_dataset\processed\VID_21\003\frame_0030.jpg;custom_dataset\processed\VID_21\003\frame_0031.jpg;custom_dataset\processed\VID_21\003\frame_0032.jpg;custom_dataset\processed\VID_21\003\frame_0033.jpg;custom_dataset\processed\VID_21\003\frame_0034.jpg;custom_dataset\processed\VID_21\003\frame_0035.jpg,
VID_21_003_C08,VID_21,VID_21.mp4,3,VID_21_003,8,8,custom_dataset\processed\VID_21\003\frame_0032.jpg;custom_dataset\processed\VID_21\003\frame_0033.jpg;custom_dataset\processed\VID_21\003\frame_0034.jpg;custom_dataset\processed\VID_21\003\frame_0035.jpg;custom_dataset\processed\VID_21\003\frame_0036.jpg;custom_dataset\processed\VID_21\003\frame_0037.jpg;custom_dataset\processed\VID_21\003\frame_0038.jpg;custom_dataset\processed\VID_21\003\frame_0039.jpg,
VID_21_003_C09,VID_21,VID_21.mp4,3,VID_21_003,9,8,custom_dataset\processed\VID_21\003\frame_0036.jpg;custom_dataset\processed\VID_21\003\frame_0037.jpg;custom_dataset\processed\VID_21\003\frame_0038.jpg;custom_dataset\processed\VID_21\003\frame_0039.jpg;custom_dataset\processed\VID_21\003\frame_0040.jpg;custom_dataset\processed\VID_21\003\frame_0041.jpg;custom_dataset\processed\VID_21\003\frame_0042.jpg;custom_dataset\processed\VID_21\003\frame_0043.jpg,
VID_21_004_C00,VID_21,VID_21.mp4,4,VID_21_004,0,8,custom_dataset\processed\VID_21\004\frame_0000.jpg;custom_dataset\processed\VID_21\004\frame_0001.jpg;custom_dataset\processed\VID_21\004\frame_0002.jpg;custom_dataset\processed\VID_21\004\frame_0003.jpg;custom_dataset\processed\VID_21\004\frame_0004.jpg;custom_dataset\processed\VID_21\004\frame_0005.jpg;custom_dataset\processed\VID_21\004\frame_0006.jpg;custom_dataset\processed\VID_21\004\frame_0007.jpg,
VID_21_004_C01,VID_21,VID_21.mp4,4,VID_21_004,1,8,custom_dataset\processed\VID_21\004\frame_0004.jpg;custom_dataset\processed\VID_21\004\frame_0005.jpg;custom_dataset\processed\VID_21\004\frame_0006.jpg;custom_dataset\processed\VID_21\004\frame_0007.jpg;custom_dataset\processed\VID_21\004\frame_0008.jpg;custom_dataset\processed\VID_21\004\frame_0009.jpg;custom_dataset\processed\VID_21\004\frame_0010.jpg;custom_dataset\processed\VID_21\004\frame_0011.jpg,
VID_21_004_C02,VID_21,VID_21.mp4,4,VID_21_004,2,8,custom_dataset\processed\VID_21\004\frame_0008.jpg;custom_dataset\processed\VID_21\004\frame_0009.jpg;custom_dataset\processed\VID_21\004\frame_0010.jpg;custom_dataset\processed\VID_21\004\frame_0011.jpg;custom_dataset\processed\VID_21\004\frame_0012.jpg;custom_dataset\processed\VID_21\004\frame_0013.jpg;custom_dataset\processed\VID_21\004\frame_0014.jpg;custom_dataset\processed\VID_21\004\frame_0015.jpg,
VID_21_004_C03,VID_21,VID_21.mp4,4,VID_21_004,3,8,custom_dataset\processed\VID_21\004\frame_0012.jpg;custom_dataset\processed\VID_21\004\frame_0013.jpg;custom_dataset\processed\VID_21\004\frame_0014.jpg;custom_dataset\processed\VID_21\004\frame_0015.jpg;custom_dataset\processed\VID_21\004\frame_0016.jpg;custom_dataset\processed\VID_21\004\frame_0017.jpg;custom_dataset\processed\VID_21\004\frame_0018.jpg;custom_dataset\processed\VID_21\004\frame_0019.jpg,
VID_21_004_C04,VID_21,VID_21.mp4,4,VID_21_004,4,8,custom_dataset\processed\VID_21\004\frame_0016.jpg;custom_dataset\processed\VID_21\004\frame_0017.jpg;custom_dataset\processed\VID_21\004\frame_0018.jpg;custom_dataset\processed\VID_21\004\frame_0019.jpg;custom_dataset\processed\VID_21\004\frame_0020.jpg;custom_dataset\processed\VID_21\004\frame_0021.jpg;custom_dataset\processed\VID_21\004\frame_0022.jpg;custom_dataset\processed\VID_21\004\frame_0023.jpg,
VID_21_004_C05,VID_21,VID_21.mp4,4,VID_21_004,5,8,custom_dataset\processed\VID_21\004\frame_0020.jpg;custom_dataset\processed\VID_21\004\frame_0021.jpg;custom_dataset\processed\VID_21\004\frame_0022.jpg;custom_dataset\processed\VID_21\004\frame_0023.jpg;custom_dataset\processed\VID_21\004\frame_0024.jpg;custom_dataset\processed\VID_21\004\frame_0025.jpg;custom_dataset\processed\VID_21\004\frame_0026.jpg;custom_dataset\processed\VID_21\004\frame_0027.jpg,
VID_21_004_C06,VID_21,VID_21.mp4,4,VID_21_004,6,8,custom_dataset\processed\VID_21\004\frame_0024.jpg;custom_dataset\processed\VID_21\004\frame_0025.jpg;custom_dataset\processed\VID_21\004\frame_0026.jpg;custom_dataset\processed\VID_21\004\frame_0027.jpg;custom_dataset\processed\VID_21\004\frame_0028.jpg;custom_dataset\processed\VID_21\004\frame_0029.jpg;custom_dataset\processed\VID_21\004\frame_0030.jpg;custom_dataset\processed\VID_21\004\frame_0031.jpg,
VID_21_004_C07,VID_21,VID_21.mp4,4,VID_21_004,7,8,custom_dataset\processed\VID_21\004\frame_0028.jpg;custom_dataset\processed\VID_21\004\frame_0029.jpg;custom_dataset\processed\VID_21\004\frame_0030.jpg;custom_dataset\processed\VID_21\004\frame_0031.jpg;custom_dataset\processed\VID_21\004\frame_0032.jpg;custom_dataset\processed\VID_21\004\frame_0033.jpg;custom_dataset\processed\VID_21\004\frame_0034.jpg;custom_dataset\processed\VID_21\004\frame_0035.jpg,
VID_21_004_C08,VID_21,VID_21.mp4,4,VID_21_004,8,8,custom_dataset\processed\VID_21\004\frame_0032.jpg;custom_dataset\processed\VID_21\004\frame_0033.jpg;custom_dataset\processed\VID_21\004\frame_0034.jpg;custom_dataset\processed\VID_21\004\frame_0035.jpg;custom_dataset\processed\VID_21\004\frame_0036.jpg;custom_dataset\processed\VID_21\004\frame_0037.jpg;custom_dataset\processed\VID_21\004\frame_0038.jpg;custom_dataset\processed\VID_21\004\frame_0039.jpg,
VID_21_004_C09,VID_21,VID_21.mp4,4,VID_21_004,9,8,custom_dataset\processed\VID_21\004\frame_0036.jpg;custom_dataset\processed\VID_21\004\frame_0037.jpg;custom_dataset\processed\VID_21\004\frame_0038.jpg;custom_dataset\processed\VID_21\004\frame_0039.jpg;custom_dataset\processed\VID_21\004\frame_0040.jpg;custom_dataset\processed\VID_21\004\frame_0041.jpg;custom_dataset\processed\VID_21\004\frame_0042.jpg;custom_dataset\processed\VID_21\004\frame_0043.jpg,
VID_21_005_C00,VID_21,VID_21.mp4,5,VID_21_005,0,8,custom_dataset\processed\VID_21\005\frame_0000.jpg;custom_dataset\processed\VID_21\005\frame_0001.jpg;custom_dataset\processed\VID_21\005\frame_0002.jpg;custom_dataset\processed\VID_21\005\frame_0003.jpg;custom_dataset\processed\VID_21\005\frame_0004.jpg;custom_dataset\processed\VID_21\005\frame_0005.jpg;custom_dataset\processed\VID_21\005\frame_0006.jpg;custom_dataset\processed\VID_21\005\frame_0007.jpg,
VID_21_010_C00,VID_21,VID_21.mp4,10,VID_21_010,0,8,custom_dataset\processed\VID_21\010\frame_0008.jpg;custom_dataset\processed\VID_21\010\frame_0009.jpg;custom_dataset\processed\VID_21\010\frame_0010.jpg;custom_dataset\processed\VID_21\010\frame_0012.jpg;custom_dataset\processed\VID_21\010\frame_0016.jpg;custom_dataset\processed\VID_21\010\frame_0017.jpg;custom_dataset\processed\VID_21\010\frame_0018.jpg;custom_dataset\processed\VID_21\010\frame_0019.jpg,
VID_21_010_C01,VID_21,VID_21.mp4,10,VID_21_010,1,8,custom_dataset\processed\VID_21\010\frame_0016.jpg;custom_dataset\processed\VID_21\010\frame_0017.jpg;custom_dataset\processed\VID_21\010\frame_0018.jpg;custom_dataset\processed\VID_21\010\frame_0019.jpg;custom_dataset\processed\VID_21\010\frame_0020.jpg;custom_dataset\processed\VID_21\010\frame_0021.jpg;custom_dataset\processed\VID_21\010\frame_0022.jpg;custom_dataset\processed\VID_21\010\frame_0023.jpg,
VID_21_010_C02,VID_21,VID_21.mp4,10,VID_21_010,2,8,custom_dataset\processed\VID_21\010\frame_0020.jpg;custom_dataset\processed\VID_21\010\frame_0021.jpg;custom_dataset\processed\VID_21\010\frame_0022.jpg;custom_dataset\processed\VID_21\010\frame_0023.jpg;custom_dataset\processed\VID_21\010\frame_0024.jpg;custom_dataset\processed\VID_21\010\frame_0025.jpg;custom_dataset\processed\VID_21\010\frame_0026.jpg;custom_dataset\processed\VID_21\010\frame_0027.jpg,
VID_21_010_C03,VID_21,VID_21.mp4,10,VID_21_010,3,8,custom_dataset\processed\VID_21\010\frame_0024.jpg;custom_dataset\processed\VID_21\010\frame_0025.jpg;custom_dataset\processed\VID_21\010\frame_0026.jpg;custom_dataset\processed\VID_21\010\frame_0027.jpg;custom_dataset\processed\VID_21\010\frame_0028.jpg;custom_dataset\processed\VID_21\010\frame_0029.jpg;custom_dataset\processed\VID_21\010\frame_0030.jpg;custom_dataset\processed\VID_21\010\frame_0031.jpg,
VID_21_010_C04,VID_21,VID_21.mp4,10,VID_21_010,4,8,custom_dataset\processed\VID_21\010\frame_0028.jpg;custom_dataset\processed\VID_21\010\frame_0029.jpg;custom_dataset\processed\VID_21\010\frame_0030.jpg;custom_dataset\processed\VID_21\010\frame_0031.jpg;custom_dataset\processed\VID_21\010\frame_0033.jpg;custom_dataset\processed\VID_21\010\frame_0034.jpg;custom_dataset\processed\VID_21\010\frame_0035.jpg;custom_dataset\processed\VID_21\010\frame_0036.jpg,
VID_21_010_C05,VID_21,VID_21.mp4,10,VID_21_010,5,8,custom_dataset\processed\VID_21\010\frame_0033.jpg;custom_dataset\processed\VID_21\010\frame_0034.jpg;custom_dataset\processed\VID_21\010\frame_0035.jpg;custom_dataset\processed\VID_21\010\frame_0036.jpg;custom_dataset\processed\VID_21\010\frame_0037.jpg;custom_dataset\processed\VID_21\010\frame_0038.jpg;custom_dataset\processed\VID_21\010\frame_0039.jpg;custom_dataset\processed\VID_21\010\frame_0040.jpg,
VID_21_017_C00,VID_21,VID_21.mp4,17,VID_21_017,0,8,custom_dataset\processed\VID_21\017\frame_0033.jpg;custom_dataset\processed\VID_21\017\frame_0034.jpg;custom_dataset\processed\VID_21\017\frame_0035.jpg;custom_dataset\processed\VID_21\017\frame_0036.jpg;custom_dataset\processed\VID_21\017\frame_0039.jpg;custom_dataset\processed\VID_21\017\frame_0040.jpg;custom_dataset\processed\VID_21\017\frame_0041.jpg;custom_dataset\processed\VID_21\017\frame_0042.jpg,
VID_22_001_C00,VID_22,VID_22.mp4,1,VID_22_001,0,8,custom_dataset\processed\VID_22\001\frame_0000.jpg;custom_dataset\processed\VID_22\001\frame_0001.jpg;custom_dataset\processed\VID_22\001\frame_0002.jpg;custom_dataset\processed\VID_22\001\frame_0003.jpg;custom_dataset\processed\VID_22\001\frame_0004.jpg;custom_dataset\processed\VID_22\001\frame_0005.jpg;custom_dataset\processed\VID_22\001\frame_0006.jpg;custom_dataset\processed\VID_22\001\frame_0007.jpg,
VID_22_001_C01,VID_22,VID_22.mp4,1,VID_22_001,1,8,custom_dataset\processed\VID_22\001\frame_0004.jpg;custom_dataset\processed\VID_22\001\frame_0005.jpg;custom_dataset\processed\VID_22\001\frame_0006.jpg;custom_dataset\processed\VID_22\001\frame_0007.jpg;custom_dataset\processed\VID_22\001\frame_0008.jpg;custom_dataset\processed\VID_22\001\frame_0009.jpg;custom_dataset\processed\VID_22\001\frame_0010.jpg;custom_dataset\processed\VID_22\001\frame_0011.jpg,
VID_22_001_C02,VID_22,VID_22.mp4,1,VID_22_001,2,8,custom_dataset\processed\VID_22\001\frame_0008.jpg;custom_dataset\processed\VID_22\001\frame_0009.jpg;custom_dataset\processed\VID_22\001\frame_0010.jpg;custom_dataset\processed\VID_22\001\frame_0011.jpg;custom_dataset\processed\VID_22\001\frame_0012.jpg;custom_dataset\processed\VID_22\001\frame_0013.jpg;custom_dataset\processed\VID_22\001\frame_0014.jpg;custom_dataset\processed\VID_22\001\frame_0015.jpg,
VID_22_001_C03,VID_22,VID_22.mp4,1,VID_22_001,3,8,custom_dataset\processed\VID_22\001\frame_0012.jpg;custom_dataset\processed\VID_22\001\frame_0013.jpg;custom_dataset\processed\VID_22\001\frame_0014.jpg;custom_dataset\processed\VID_22\001\frame_0015.jpg;custom_dataset\processed\VID_22\001\frame_0016.jpg;custom_dataset\processed\VID_22\001\frame_0017.jpg;custom_dataset\processed\VID_22\001\frame_0018.jpg;custom_dataset\processed\VID_22\001\frame_0019.jpg,
VID_22_001_C04,VID_22,VID_22.mp4,1,VID_22_001,4,8,custom_dataset\processed\VID_22\001\frame_0016.jpg;custom_dataset\processed\VID_22\001\frame_0017.jpg;custom_dataset\processed\VID_22\001\frame_0018.jpg;custom_dataset\processed\VID_22\001\frame_0019.jpg;custom_dataset\processed\VID_22\001\frame_0020.jpg;custom_dataset\processed\VID_22\001\frame_0021.jpg;custom_dataset\processed\VID_22\001\frame_0022.jpg;custom_dataset\processed\VID_22\001\frame_0023.jpg,
VID_22_001_C05,VID_22,VID_22.mp4,1,VID_22_001,5,8,custom_dataset\processed\VID_22\001\frame_0020.jpg;custom_dataset\processed\VID_22\001\frame_0021.jpg;custom_dataset\processed\VID_22\001\frame_0022.jpg;custom_dataset\processed\VID_22\001\frame_0023.jpg;custom_dataset\processed\VID_22\001\frame_0024.jpg;custom_dataset\processed\VID_22\001\frame_0025.jpg;custom_dataset\processed\VID_22\001\frame_0026.jpg;custom_dataset\processed\VID_22\001\frame_0027.jpg,
VID_22_001_C06,VID_22,VID_22.mp4,1,VID_22_001,6,8,custom_dataset\processed\VID_22\001\frame_0024.jpg;custom_dataset\processed\VID_22\001\frame_0025.jpg;custom_dataset\processed\VID_22\001\frame_0026.jpg;custom_dataset\processed\VID_22\001\frame_0027.jpg;custom_dataset\processed\VID_22\001\frame_0028.jpg;custom_dataset\processed\VID_22\001\frame_0029.jpg;custom_dataset\processed\VID_22\001\frame_0030.jpg;custom_dataset\processed\VID_22\001\frame_0031.jpg,
VID_22_001_C07,VID_22,VID_22.mp4,1,VID_22_001,7,8,custom_dataset\processed\VID_22\001\frame_0028.jpg;custom_dataset\processed\VID_22\001\frame_0029.jpg;custom_dataset\processed\VID_22\001\frame_0030.jpg;custom_dataset\processed\VID_22\001\frame_0031.jpg;custom_dataset\processed\VID_22\001\frame_0032.jpg;custom_dataset\processed\VID_22\001\frame_0033.jpg;custom_dataset\processed\VID_22\001\frame_0034.jpg;custom_dataset\processed\VID_22\001\frame_0035.jpg,
VID_22_001_C08,VID_22,VID_22.mp4,1,VID_22_001,8,8,custom_dataset\processed\VID_22\001\frame_0032.jpg;custom_dataset\processed\VID_22\001\frame_0033.jpg;custom_dataset\processed\VID_22\001\frame_0034.jpg;custom_dataset\processed\VID_22\001\frame_0035.jpg;custom_dataset\processed\VID_22\001\frame_0036.jpg;custom_dataset\processed\VID_22\001\frame_0037.jpg;custom_dataset\processed\VID_22\001\frame_0038.jpg;custom_dataset\processed\VID_22\001\frame_0039.jpg,
VID_22_002_C00,VID_22,VID_22.mp4,2,VID_22_002,0,8,custom_dataset\processed\VID_22\002\frame_0000.jpg;custom_dataset\processed\VID_22\002\frame_0001.jpg;custom_dataset\processed\VID_22\002\frame_0002.jpg;custom_dataset\processed\VID_22\002\frame_0003.jpg;custom_dataset\processed\VID_22\002\frame_0004.jpg;custom_dataset\processed\VID_22\002\frame_0005.jpg;custom_dataset\processed\VID_22\002\frame_0006.jpg;custom_dataset\processed\VID_22\002\frame_0007.jpg,
VID_22_002_C01,VID_22,VID_22.mp4,2,VID_22_002,1,8,custom_dataset\processed\VID_22\002\frame_0004.jpg;custom_dataset\processed\VID_22\002\frame_0005.jpg;custom_dataset\processed\VID_22\002\frame_0006.jpg;custom_dataset\processed\VID_22\002\frame_0007.jpg;custom_dataset\processed\VID_22\002\frame_0008.jpg;custom_dataset\processed\VID_22\002\frame_0009.jpg;custom_dataset\processed\VID_22\002\frame_0010.jpg;custom_dataset\processed\VID_22\002\frame_0011.jpg,
VID_22_002_C02,VID_22,VID_22.mp4,2,VID_22_002,2,8,custom_dataset\processed\VID_22\002\frame_0008.jpg;custom_dataset\processed\VID_22\002\frame_0009.jpg;custom_dataset\processed\VID_22\002\frame_0010.jpg;custom_dataset\processed\VID_22\002\frame_0011.jpg;custom_dataset\processed\VID_22\002\frame_0012.jpg;custom_dataset\processed\VID_22\002\frame_0013.jpg;custom_dataset\processed\VID_22\002\frame_0014.jpg;custom_dataset\processed\VID_22\002\frame_0015.jpg,
VID_22_002_C03,VID_22,VID_22.mp4,2,VID_22_002,3,8,custom_dataset\processed\VID_22\002\frame_0012.jpg;custom_dataset\processed\VID_22\002\frame_0013.jpg;custom_dataset\processed\VID_22\002\frame_0014.jpg;custom_dataset\processed\VID_22\002\frame_0015.jpg;custom_dataset\processed\VID_22\002\frame_0016.jpg;custom_dataset\processed\VID_22\002\frame_0017.jpg;custom_dataset\processed\VID_22\002\frame_0018.jpg;custom_dataset\processed\VID_22\002\frame_0019.jpg,
VID_22_002_C04,VID_22,VID_22.mp4,2,VID_22_002,4,8,custom_dataset\processed\VID_22\002\frame_0016.jpg;custom_dataset\processed\VID_22\002\frame_0017.jpg;custom_dataset\processed\VID_22\002\frame_0018.jpg;custom_dataset\processed\VID_22\002\frame_0019.jpg;custom_dataset\processed\VID_22\002\frame_0020.jpg;custom_dataset\processed\VID_22\002\frame_0021.jpg;custom_dataset\processed\VID_22\002\frame_0022.jpg;custom_dataset\processed\VID_22\002\frame_0023.jpg,
VID_22_002_C05,VID_22,VID_22.mp4,2,VID_22_002,5,8,custom_dataset\processed\VID_22\002\frame_0020.jpg;custom_dataset\processed\VID_22\002\frame_0021.jpg;custom_dataset\processed\VID_22\002\frame_0022.jpg;custom_dataset\processed\VID_22\002\frame_0023.jpg;custom_dataset\processed\VID_22\002\frame_0024.jpg;custom_dataset\processed\VID_22\002\frame_0025.jpg;custom_dataset\processed\VID_22\002\frame_0026.jpg;custom_dataset\processed\VID_22\002\frame_0027.jpg,
VID_22_002_C06,VID_22,VID_22.mp4,2,VID_22_002,6,8,custom_dataset\processed\VID_22\002\frame_0024.jpg;custom_dataset\processed\VID_22\002\frame_0025.jpg;custom_dataset\processed\VID_22\002\frame_0026.jpg;custom_dataset\processed\VID_22\002\frame_0027.jpg;custom_dataset\processed\VID_22\002\frame_0028.jpg;custom_dataset\processed\VID_22\002\frame_0029.jpg;custom_dataset\processed\VID_22\002\frame_0030.jpg;custom_dataset\processed\VID_22\002\frame_0031.jpg,
VID_22_002_C07,VID_22,VID_22.mp4,2,VID_22_002,7,8,custom_dataset\processed\VID_22\002\frame_0028.jpg;custom_dataset\processed\VID_22\002\frame_0029.jpg;custom_dataset\processed\VID_22\002\frame_0030.jpg;custom_dataset\processed\VID_22\002\frame_0031.jpg;custom_dataset\processed\VID_22\002\frame_0032.jpg;custom_dataset\processed\VID_22\002\frame_0033.jpg;custom_dataset\processed\VID_22\002\frame_0034.jpg;custom_dataset\processed\VID_22\002\frame_0035.jpg,
VID_22_002_C08,VID_22,VID_22.mp4,2,VID_22_002,8,8,custom_dataset\processed\VID_22\002\frame_0032.jpg;custom_dataset\processed\VID_22\002\frame_0033.jpg;custom_dataset\processed\VID_22\002\frame_0034.jpg;custom_dataset\processed\VID_22\002\frame_0035.jpg;custom_dataset\processed\VID_22\002\frame_0036.jpg;custom_dataset\processed\VID_22\002\frame_0037.jpg;custom_dataset\processed\VID_22\002\frame_0038.jpg;custom_dataset\processed\VID_22\002\frame_0039.jpg,
VID_22_003_C00,VID_22,VID_22.mp4,3,VID_22_003,0,8,custom_dataset\processed\VID_22\003\frame_0000.jpg;custom_dataset\processed\VID_22\003\frame_0001.jpg;custom_dataset\processed\VID_22\003\frame_0002.jpg;custom_dataset\processed\VID_22\003\frame_0003.jpg;custom_dataset\processed\VID_22\003\frame_0004.jpg;custom_dataset\processed\VID_22\003\frame_0005.jpg;custom_dataset\processed\VID_22\003\frame_0006.jpg;custom_dataset\processed\VID_22\003\frame_0007.jpg,
VID_22_003_C01,VID_22,VID_22.mp4,3,VID_22_003,1,8,custom_dataset\processed\VID_22\003\frame_0004.jpg;custom_dataset\processed\VID_22\003\frame_0005.jpg;custom_dataset\processed\VID_22\003\frame_0006.jpg;custom_dataset\processed\VID_22\003\frame_0007.jpg;custom_dataset\processed\VID_22\003\frame_0008.jpg;custom_dataset\processed\VID_22\003\frame_0009.jpg;custom_dataset\processed\VID_22\003\frame_0010.jpg;custom_dataset\processed\VID_22\003\frame_0011.jpg,
VID_22_003_C02,VID_22,VID_22.mp4,3,VID_22_003,2,8,custom_dataset\processed\VID_22\003\frame_0008.jpg;custom_dataset\processed\VID_22\003\frame_0009.jpg;custom_dataset\processed\VID_22\003\frame_0010.jpg;custom_dataset\processed\VID_22\003\frame_0011.jpg;custom_dataset\processed\VID_22\003\frame_0012.jpg;custom_dataset\processed\VID_22\003\frame_0013.jpg;custom_dataset\processed\VID_22\003\frame_0014.jpg;custom_dataset\processed\VID_22\003\frame_0015.jpg,
VID_22_003_C03,VID_22,VID_22.mp4,3,VID_22_003,3,8,custom_dataset\processed\VID_22\003\frame_0012.jpg;custom_dataset\processed\VID_22\003\frame_0013.jpg;custom_dataset\processed\VID_22\003\frame_0014.jpg;custom_dataset\processed\VID_22\003\frame_0015.jpg;custom_dataset\processed\VID_22\003\frame_0016.jpg;custom_dataset\processed\VID_22\003\frame_0017.jpg;custom_dataset\processed\VID_22\003\frame_0018.jpg;custom_dataset\processed\VID_22\003\frame_0019.jpg,
VID_22_003_C04,VID_22,VID_22.mp4,3,VID_22_003,4,8,custom_dataset\processed\VID_22\003\frame_0016.jpg;custom_dataset\processed\VID_22\003\frame_0017.jpg;custom_dataset\processed\VID_22\003\frame_0018.jpg;custom_dataset\processed\VID_22\003\frame_0019.jpg;custom_dataset\processed\VID_22\003\frame_0020.jpg;custom_dataset\processed\VID_22\003\frame_0021.jpg;custom_dataset\processed\VID_22\003\frame_0022.jpg;custom_dataset\processed\VID_22\003\frame_0023.jpg,
VID_22_003_C05,VID_22,VID_22.mp4,3,VID_22_003,5,8,custom_dataset\processed\VID_22\003\frame_0020.jpg;custom_dataset\processed\VID_22\003\frame_0021.jpg;custom_dataset\processed\VID_22\003\frame_0022.jpg;custom_dataset\processed\VID_22\003\frame_0023.jpg;custom_dataset\processed\VID_22\003\frame_0024.jpg;custom_dataset\processed\VID_22\003\frame_0025.jpg;custom_dataset\processed\VID_22\003\frame_0026.jpg;custom_dataset\processed\VID_22\003\frame_0027.jpg,
VID_22_003_C06,VID_22,VID_22.mp4,3,VID_22_003,6,8,custom_dataset\processed\VID_22\003\frame_0024.jpg;custom_dataset\processed\VID_22\003\frame_0025.jpg;custom_dataset\processed\VID_22\003\frame_0026.jpg;custom_dataset\processed\VID_22\003\frame_0027.jpg;custom_dataset\processed\VID_22\003\frame_0028.jpg;custom_dataset\processed\VID_22\003\frame_0029.jpg;custom_dataset\processed\VID_22\003\frame_0030.jpg;custom_dataset\processed\VID_22\003\frame_0031.jpg,
VID_22_003_C07,VID_22,VID_22.mp4,3,VID_22_003,7,8,custom_dataset\processed\VID_22\003\frame_0028.jpg;custom_dataset\processed\VID_22\003\frame_0029.jpg;custom_dataset\processed\VID_22\003\frame_0030.jpg;custom_dataset\processed\VID_22\003\frame_0031.jpg;custom_dataset\processed\VID_22\003\frame_0032.jpg;custom_dataset\processed\VID_22\003\frame_0033.jpg;custom_dataset\processed\VID_22\003\frame_0034.jpg;custom_dataset\processed\VID_22\003\frame_0035.jpg,
VID_22_003_C08,VID_22,VID_22.mp4,3,VID_22_003,8,8,custom_dataset\processed\VID_22\003\frame_0032.jpg;custom_dataset\processed\VID_22\003\frame_0033.jpg;custom_dataset\processed\VID_22\003\frame_0034.jpg;custom_dataset\processed\VID_22\003\frame_0035.jpg;custom_dataset\processed\VID_22\003\frame_0036.jpg;custom_dataset\processed\VID_22\003\frame_0037.jpg;custom_dataset\processed\VID_22\003\frame_0038.jpg;custom_dataset\processed\VID_22\003\frame_0039.jpg,
VID_22_004_C00,VID_22,VID_22.mp4,4,VID_22_004,0,8,custom_dataset\processed\VID_22\004\frame_0000.jpg;custom_dataset\processed\VID_22\004\frame_0001.jpg;custom_dataset\processed\VID_22\004\frame_0002.jpg;custom_dataset\processed\VID_22\004\frame_0003.jpg;custom_dataset\processed\VID_22\004\frame_0004.jpg;custom_dataset\processed\VID_22\004\frame_0005.jpg;custom_dataset\processed\VID_22\004\frame_0006.jpg;custom_dataset\processed\VID_22\004\frame_0007.jpg,
VID_22_004_C01,VID_22,VID_22.mp4,4,VID_22_004,1,8,custom_dataset\processed\VID_22\004\frame_0004.jpg;custom_dataset\processed\VID_22\004\frame_0005.jpg;custom_dataset\processed\VID_22\004\frame_0006.jpg;custom_dataset\processed\VID_22\004\frame_0007.jpg;custom_dataset\processed\VID_22\004\frame_0008.jpg;custom_dataset\processed\VID_22\004\frame_0009.jpg;custom_dataset\processed\VID_22\004\frame_0010.jpg;custom_dataset\processed\VID_22\004\frame_0011.jpg,
VID_22_004_C02,VID_22,VID_22.mp4,4,VID_22_004,2,8,custom_dataset\processed\VID_22\004\frame_0008.jpg;custom_dataset\processed\VID_22\004\frame_0009.jpg;custom_dataset\processed\VID_22\004\frame_0010.jpg;custom_dataset\processed\VID_22\004\frame_0011.jpg;custom_dataset\processed\VID_22\004\frame_0012.jpg;custom_dataset\processed\VID_22\004\frame_0013.jpg;custom_dataset\processed\VID_22\004\frame_0014.jpg;custom_dataset\processed\VID_22\004\frame_0015.jpg,
VID_22_004_C03,VID_22,VID_22.mp4,4,VID_22_004,3,8,custom_dataset\processed\VID_22\004\frame_0012.jpg;custom_dataset\processed\VID_22\004\frame_0013.jpg;custom_dataset\processed\VID_22\004\frame_0014.jpg;custom_dataset\processed\VID_22\004\frame_0015.jpg;custom_dataset\processed\VID_22\004\frame_0016.jpg;custom_dataset\processed\VID_22\004\frame_0017.jpg;custom_dataset\processed\VID_22\004\frame_0018.jpg;custom_dataset\processed\VID_22\004\frame_0019.jpg,
VID_22_004_C04,VID_22,VID_22.mp4,4,VID_22_004,4,8,custom_dataset\processed\VID_22\004\frame_0016.jpg;custom_dataset\processed\VID_22\004\frame_0017.jpg;custom_dataset\processed\VID_22\004\frame_0018.jpg;custom_dataset\processed\VID_22\004\frame_0019.jpg;custom_dataset\processed\VID_22\004\frame_0020.jpg;custom_dataset\processed\VID_22\004\frame_0021.jpg;custom_dataset\processed\VID_22\004\frame_0022.jpg;custom_dataset\processed\VID_22\004\frame_0023.jpg,
VID_22_004_C05,VID_22,VID_22.mp4,4,VID_22_004,5,8,custom_dataset\processed\VID_22\004\frame_0020.jpg;custom_dataset\processed\VID_22\004\frame_0021.jpg;custom_dataset\processed\VID_22\004\frame_0022.jpg;custom_dataset\processed\VID_22\004\frame_0023.jpg;custom_dataset\processed\VID_22\004\frame_0024.jpg;custom_dataset\processed\VID_22\004\frame_0025.jpg;custom_dataset\processed\VID_22\004\frame_0026.jpg;custom_dataset\processed\VID_22\004\frame_0027.jpg,
VID_22_004_C06,VID_22,VID_22.mp4,4,VID_22_004,6,8,custom_dataset\processed\VID_22\004\frame_0024.jpg;custom_dataset\processed\VID_22\004\frame_0025.jpg;custom_dataset\processed\VID_22\004\frame_0026.jpg;custom_dataset\processed\VID_22\004\frame_0027.jpg;custom_dataset\processed\VID_22\004\frame_0028.jpg;custom_dataset\processed\VID_22\004\frame_0029.jpg;custom_dataset\processed\VID_22\004\frame_0030.jpg;custom_dataset\processed\VID_22\004\frame_0031.jpg,
VID_22_004_C07,VID_22,VID_22.mp4,4,VID_22_004,7,8,custom_dataset\processed\VID_22\004\frame_0028.jpg;custom_dataset\processed\VID_22\004\frame_0029.jpg;custom_dataset\processed\VID_22\004\frame_0030.jpg;custom_dataset\processed\VID_22\004\frame_0031.jpg;custom_dataset\processed\VID_22\004\frame_0032.jpg;custom_dataset\processed\VID_22\004\frame_0033.jpg;custom_dataset\processed\VID_22\004\frame_0034.jpg;custom_dataset\processed\VID_22\004\frame_0035.jpg,
VID_22_004_C08,VID_22,VID_22.mp4,4,VID_22_004,8,8,custom_dataset\processed\VID_22\004\frame_0032.jpg;custom_dataset\processed\VID_22\004\frame_0033.jpg;custom_dataset\processed\VID_22\004\frame_0034.jpg;custom_dataset\processed\VID_22\004\frame_0035.jpg;custom_dataset\processed\VID_22\004\frame_0036.jpg;custom_dataset\processed\VID_22\004\frame_0037.jpg;custom_dataset\processed\VID_22\004\frame_0038.jpg;custom_dataset\processed\VID_22\004\frame_0039.jpg,
VID_22_005_C00,VID_22,VID_22.mp4,5,VID_22_005,0,8,custom_dataset\processed\VID_22\005\frame_0000.jpg;custom_dataset\processed\VID_22\005\frame_0001.jpg;custom_dataset\processed\VID_22\005\frame_0002.jpg;custom_dataset\processed\VID_22\005\frame_0003.jpg;custom_dataset\processed\VID_22\005\frame_0004.jpg;custom_dataset\processed\VID_22\005\frame_0005.jpg;custom_dataset\processed\VID_22\005\frame_0006.jpg;custom_dataset\processed\VID_22\005\frame_0007.jpg,
VID_22_005_C01,VID_22,VID_22.mp4,5,VID_22_005,1,8,custom_dataset\processed\VID_22\005\frame_0004.jpg;custom_dataset\processed\VID_22\005\frame_0005.jpg;custom_dataset\processed\VID_22\005\frame_0006.jpg;custom_dataset\processed\VID_22\005\frame_0007.jpg;custom_dataset\processed\VID_22\005\frame_0008.jpg;custom_dataset\processed\VID_22\005\frame_0009.jpg;custom_dataset\processed\VID_22\005\frame_0010.jpg;custom_dataset\processed\VID_22\005\frame_0011.jpg,
VID_22_005_C02,VID_22,VID_22.mp4,5,VID_22_005,2,8,custom_dataset\processed\VID_22\005\frame_0008.jpg;custom_dataset\processed\VID_22\005\frame_0009.jpg;custom_dataset\processed\VID_22\005\frame_0010.jpg;custom_dataset\processed\VID_22\005\frame_0011.jpg;custom_dataset\processed\VID_22\005\frame_0012.jpg;custom_dataset\processed\VID_22\005\frame_0013.jpg;custom_dataset\processed\VID_22\005\frame_0017.jpg;custom_dataset\processed\VID_22\005\frame_0019.jpg,
VID_22_006_C00,VID_22,VID_22.mp4,6,VID_22_006,0,8,custom_dataset\processed\VID_22\006\frame_0000.jpg;custom_dataset\processed\VID_22\006\frame_0001.jpg;custom_dataset\processed\VID_22\006\frame_0002.jpg;custom_dataset\processed\VID_22\006\frame_0003.jpg;custom_dataset\processed\VID_22\006\frame_0004.jpg;custom_dataset\processed\VID_22\006\frame_0005.jpg;custom_dataset\processed\VID_22\006\frame_0006.jpg;custom_dataset\processed\VID_22\006\frame_0007.jpg,
VID_22_006_C01,VID_22,VID_22.mp4,6,VID_22_006,1,8,custom_dataset\processed\VID_22\006\frame_0004.jpg;custom_dataset\processed\VID_22\006\frame_0005.jpg;custom_dataset\processed\VID_22\006\frame_0006.jpg;custom_dataset\processed\VID_22\006\frame_0007.jpg;custom_dataset\processed\VID_22\006\frame_0008.jpg;custom_dataset\processed\VID_22\006\frame_0010.jpg;custom_dataset\processed\VID_22\006\frame_0012.jpg;custom_dataset\processed\VID_22\006\frame_0013.jpg,
VID_22_006_C02,VID_22,VID_22.mp4,6,VID_22_006,2,8,custom_dataset\processed\VID_22\006\frame_0008.jpg;custom_dataset\processed\VID_22\006\frame_0010.jpg;custom_dataset\processed\VID_22\006\frame_0012.jpg;custom_dataset\processed\VID_22\006\frame_0013.jpg;custom_dataset\processed\VID_22\006\frame_0014.jpg;custom_dataset\processed\VID_22\006\frame_0015.jpg;custom_dataset\processed\VID_22\006\frame_0017.jpg;custom_dataset\processed\VID_22\006\frame_0019.jpg,
VID_22_006_C03,VID_22,VID_22.mp4,6,VID_22_006,3,8,custom_dataset\processed\VID_22\006\frame_0014.jpg;custom_dataset\processed\VID_22\006\frame_0015.jpg;custom_dataset\processed\VID_22\006\frame_0017.jpg;custom_dataset\processed\VID_22\006\frame_0019.jpg;custom_dataset\processed\VID_22\006\frame_0021.jpg;custom_dataset\processed\VID_22\006\frame_0022.jpg;custom_dataset\processed\VID_22\006\frame_0023.jpg;custom_dataset\processed\VID_22\006\frame_0024.jpg,
VID_22_006_C04,VID_22,VID_22.mp4,6,VID_22_006,4,8,custom_dataset\processed\VID_22\006\frame_0021.jpg;custom_dataset\processed\VID_22\006\frame_0022.jpg;custom_dataset\processed\VID_22\006\frame_0023.jpg;custom_dataset\processed\VID_22\006\frame_0024.jpg;custom_dataset\processed\VID_22\006\frame_0025.jpg;custom_dataset\processed\VID_22\006\frame_0026.jpg;custom_dataset\processed\VID_22\006\frame_0027.jpg;custom_dataset\processed\VID_22\006\frame_0028.jpg,
VID_22_006_C05,VID_22,VID_22.mp4,6,VID_22_006,5,8,custom_dataset\processed\VID_22\006\frame_0025.jpg;custom_dataset\processed\VID_22\006\frame_0026.jpg;custom_dataset\processed\VID_22\006\frame_0027.jpg;custom_dataset\processed\VID_22\006\frame_0028.jpg;custom_dataset\processed\VID_22\006\frame_0029.jpg;custom_dataset\processed\VID_22\006\frame_0031.jpg;custom_dataset\processed\VID_22\006\frame_0032.jpg;custom_dataset\processed\VID_22\006\frame_0034.jpg,
VID_22_006_C06,VID_22,VID_22.mp4,6,VID_22_006,6,8,custom_dataset\processed\VID_22\006\frame_0029.jpg;custom_dataset\processed\VID_22\006\frame_0031.jpg;custom_dataset\processed\VID_22\006\frame_0032.jpg;custom_dataset\processed\VID_22\006\frame_0034.jpg;custom_dataset\processed\VID_22\006\frame_0035.jpg;custom_dataset\processed\VID_22\006\frame_0036.jpg;custom_dataset\processed\VID_22\006\frame_0037.jpg;custom_dataset\processed\VID_22\006\frame_0038.jpg,
VID_22_008_C00,VID_22,VID_22.mp4,8,VID_22_008,0,8,custom_dataset\processed\VID_22\008\frame_0000.jpg;custom_dataset\processed\VID_22\008\frame_0001.jpg;custom_dataset\processed\VID_22\008\frame_0002.jpg;custom_dataset\processed\VID_22\008\frame_0005.jpg;custom_dataset\processed\VID_22\008\frame_0006.jpg;custom_dataset\processed\VID_22\008\frame_0007.jpg;custom_dataset\processed\VID_22\008\frame_0008.jpg;custom_dataset\processed\VID_22\008\frame_0009.jpg,
VID_22_008_C01,VID_22,VID_22.mp4,8,VID_22_008,1,8,custom_dataset\processed\VID_22\008\frame_0006.jpg;custom_dataset\processed\VID_22\008\frame_0007.jpg;custom_dataset\processed\VID_22\008\frame_0008.jpg;custom_dataset\processed\VID_22\008\frame_0009.jpg;custom_dataset\processed\VID_22\008\frame_0010.jpg;custom_dataset\processed\VID_22\008\frame_0011.jpg;custom_dataset\processed\VID_22\008\frame_0012.jpg;custom_dataset\processed\VID_22\008\frame_0013.jpg,
VID_22_008_C02,VID_22,VID_22.mp4,8,VID_22_008,2,8,custom_dataset\processed\VID_22\008\frame_0010.jpg;custom_dataset\processed\VID_22\008\frame_0011.jpg;custom_dataset\processed\VID_22\008\frame_0012.jpg;custom_dataset\processed\VID_22\008\frame_0013.jpg;custom_dataset\processed\VID_22\008\frame_0014.jpg;custom_dataset\processed\VID_22\008\frame_0015.jpg;custom_dataset\processed\VID_22\008\frame_0016.jpg;custom_dataset\processed\VID_22\008\frame_0017.jpg,
VID_22_008_C03,VID_22,VID_22.mp4,8,VID_22_008,3,8,custom_dataset\processed\VID_22\008\frame_0014.jpg;custom_dataset\processed\VID_22\008\frame_0015.jpg;custom_dataset\processed\VID_22\008\frame_0016.jpg;custom_dataset\processed\VID_22\008\frame_0017.jpg;custom_dataset\processed\VID_22\008\frame_0018.jpg;custom_dataset\processed\VID_22\008\frame_0019.jpg;custom_dataset\processed\VID_22\008\frame_0020.jpg;custom_dataset\processed\VID_22\008\frame_0021.jpg,
VID_22_008_C04,VID_22,VID_22.mp4,8,VID_22_008,4,8,custom_dataset\processed\VID_22\008\frame_0018.jpg;custom_dataset\processed\VID_22\008\frame_0019.jpg;custom_dataset\processed\VID_22\008\frame_0020.jpg;custom_dataset\processed\VID_22\008\frame_0021.jpg;custom_dataset\processed\VID_22\008\frame_0022.jpg;custom_dataset\processed\VID_22\008\frame_0023.jpg;custom_dataset\processed\VID_22\008\frame_0024.jpg;custom_dataset\processed\VID_22\008\frame_0025.jpg,
VID_22_008_C05,VID_22,VID_22.mp4,8,VID_22_008,5,8,custom_dataset\processed\VID_22\008\frame_0022.jpg;custom_dataset\processed\VID_22\008\frame_0023.jpg;custom_dataset\processed\VID_22\008\frame_0024.jpg;custom_dataset\processed\VID_22\008\frame_0025.jpg;custom_dataset\processed\VID_22\008\frame_0026.jpg;custom_dataset\processed\VID_22\008\frame_0027.jpg;custom_dataset\processed\VID_22\008\frame_0028.jpg;custom_dataset\processed\VID_22\008\frame_0029.jpg,
VID_22_008_C06,VID_22,VID_22.mp4,8,VID_22_008,6,8,custom_dataset\processed\VID_22\008\frame_0026.jpg;custom_dataset\processed\VID_22\008\frame_0027.jpg;custom_dataset\processed\VID_22\008\frame_0028.jpg;custom_dataset\processed\VID_22\008\frame_0029.jpg;custom_dataset\processed\VID_22\008\frame_0030.jpg;custom_dataset\processed\VID_22\008\frame_0031.jpg;custom_dataset\processed\VID_22\008\frame_0032.jpg;custom_dataset\processed\VID_22\008\frame_0033.jpg,
VID_22_008_C07,VID_22,VID_22.mp4,8,VID_22_008,7,8,custom_dataset\processed\VID_22\008\frame_0030.jpg;custom_dataset\processed\VID_22\008\frame_0031.jpg;custom_dataset\processed\VID_22\008\frame_0032.jpg;custom_dataset\processed\VID_22\008\frame_0033.jpg;custom_dataset\processed\VID_22\008\frame_0034.jpg;custom_dataset\processed\VID_22\008\frame_0035.jpg;custom_dataset\processed\VID_22\008\frame_0036.jpg;custom_dataset\processed\VID_22\008\frame_0037.jpg,
VID_22_008_C08,VID_22,VID_22.mp4,8,VID_22_008,8,8,custom_dataset\processed\VID_22\008\frame_0034.jpg;custom_dataset\processed\VID_22\008\frame_0035.jpg;custom_dataset\processed\VID_22\008\frame_0036.jpg;custom_dataset\processed\VID_22\008\frame_0037.jpg;custom_dataset\processed\VID_22\008\frame_0038.jpg;custom_dataset\processed\VID_22\008\frame_0039.jpg;custom_dataset\processed\VID_22\008\frame_0040.jpg;custom_dataset\processed\VID_22\008\frame_0041.jpg,
VID_22_010_C00,VID_22,VID_22.mp4,10,VID_22_010,0,8,custom_dataset\processed\VID_22\010\frame_0013.jpg;custom_dataset\processed\VID_22\010\frame_0014.jpg;custom_dataset\processed\VID_22\010\frame_0015.jpg;custom_dataset\processed\VID_22\010\frame_0016.jpg;custom_dataset\processed\VID_22\010\frame_0018.jpg;custom_dataset\processed\VID_22\010\frame_0021.jpg;custom_dataset\processed\VID_22\010\frame_0025.jpg;custom_dataset\processed\VID_22\010\frame_0026.jpg,
VID_22_010_C01,VID_22,VID_22.mp4,10,VID_22_010,1,8,custom_dataset\processed\VID_22\010\frame_0018.jpg;custom_dataset\processed\VID_22\010\frame_0021.jpg;custom_dataset\processed\VID_22\010\frame_0025.jpg;custom_dataset\processed\VID_22\010\frame_0026.jpg;custom_dataset\processed\VID_22\010\frame_0027.jpg;custom_dataset\processed\VID_22\010\frame_0029.jpg;custom_dataset\processed\VID_22\010\frame_0030.jpg;custom_dataset\processed\VID_22\010\frame_0031.jpg,
VID_22_010_C02,VID_22,VID_22.mp4,10,VID_22_010,2,8,custom_dataset\processed\VID_22\010\frame_0027.jpg;custom_dataset\processed\VID_22\010\frame_0029.jpg;custom_dataset\processed\VID_22\010\frame_0030.jpg;custom_dataset\processed\VID_22\010\frame_0031.jpg;custom_dataset\processed\VID_22\010\frame_0032.jpg;custom_dataset\processed\VID_22\010\frame_0033.jpg;custom_dataset\processed\VID_22\010\frame_0034.jpg;custom_dataset\processed\VID_22\010\frame_0035.jpg,
VID_22_010_C03,VID_22,VID_22.mp4,10,VID_22_010,3,8,custom_dataset\processed\VID_22\010\frame_0032.jpg;custom_dataset\processed\VID_22\010\frame_0033.jpg;custom_dataset\processed\VID_22\010\frame_0034.jpg;custom_dataset\processed\VID_22\010\frame_0035.jpg;custom_dataset\processed\VID_22\010\frame_0036.jpg;custom_dataset\processed\VID_22\010\frame_0037.jpg;custom_dataset\processed\VID_22\010\frame_0038.jpg;custom_dataset\processed\VID_22\010\frame_0039.jpg,
VID_23_001_C00,VID_23,VID_23.mp4,1,VID_23_001,0,8,custom_dataset\processed\VID_23\001\frame_0000.jpg;custom_dataset\processed\VID_23\001\frame_0001.jpg;custom_dataset\processed\VID_23\001\frame_0002.jpg;custom_dataset\processed\VID_23\001\frame_0003.jpg;custom_dataset\processed\VID_23\001\frame_0004.jpg;custom_dataset\processed\VID_23\001\frame_0005.jpg;custom_dataset\processed\VID_23\001\frame_0006.jpg;custom_dataset\processed\VID_23\001\frame_0007.jpg,
VID_23_001_C01,VID_23,VID_23.mp4,1,VID_23_001,1,8,custom_dataset\processed\VID_23\001\frame_0004.jpg;custom_dataset\processed\VID_23\001\frame_0005.jpg;custom_dataset\processed\VID_23\001\frame_0006.jpg;custom_dataset\processed\VID_23\001\frame_0007.jpg;custom_dataset\processed\VID_23\001\frame_0008.jpg;custom_dataset\processed\VID_23\001\frame_0009.jpg;custom_dataset\processed\VID_23\001\frame_0010.jpg;custom_dataset\processed\VID_23\001\frame_0011.jpg,
VID_23_001_C02,VID_23,VID_23.mp4,1,VID_23_001,2,8,custom_dataset\processed\VID_23\001\frame_0008.jpg;custom_dataset\processed\VID_23\001\frame_0009.jpg;custom_dataset\processed\VID_23\001\frame_0010.jpg;custom_dataset\processed\VID_23\001\frame_0011.jpg;custom_dataset\processed\VID_23\001\frame_0012.jpg;custom_dataset\processed\VID_23\001\frame_0013.jpg;custom_dataset\processed\VID_23\001\frame_0014.jpg;custom_dataset\processed\VID_23\001\frame_0015.jpg,
VID_23_001_C03,VID_23,VID_23.mp4,1,VID_23_001,3,8,custom_dataset\processed\VID_23\001\frame_0012.jpg;custom_dataset\processed\VID_23\001\frame_0013.jpg;custom_dataset\processed\VID_23\001\frame_0014.jpg;custom_dataset\processed\VID_23\001\frame_0015.jpg;custom_dataset\processed\VID_23\001\frame_0016.jpg;custom_dataset\processed\VID_23\001\frame_0017.jpg;custom_dataset\processed\VID_23\001\frame_0018.jpg;custom_dataset\processed\VID_23\001\frame_0019.jpg,
VID_23_001_C04,VID_23,VID_23.mp4,1,VID_23_001,4,8,custom_dataset\processed\VID_23\001\frame_0016.jpg;custom_dataset\processed\VID_23\001\frame_0017.jpg;custom_dataset\processed\VID_23\001\frame_0018.jpg;custom_dataset\processed\VID_23\001\frame_0019.jpg;custom_dataset\processed\VID_23\001\frame_0020.jpg;custom_dataset\processed\VID_23\001\frame_0021.jpg;custom_dataset\processed\VID_23\001\frame_0022.jpg;custom_dataset\processed\VID_23\001\frame_0023.jpg,
VID_23_001_C05,VID_23,VID_23.mp4,1,VID_23_001,5,8,custom_dataset\processed\VID_23\001\frame_0020.jpg;custom_dataset\processed\VID_23\001\frame_0021.jpg;custom_dataset\processed\VID_23\001\frame_0022.jpg;custom_dataset\processed\VID_23\001\frame_0023.jpg;custom_dataset\processed\VID_23\001\frame_0024.jpg;custom_dataset\processed\VID_23\001\frame_0025.jpg;custom_dataset\processed\VID_23\001\frame_0026.jpg;custom_dataset\processed\VID_23\001\frame_0027.jpg,
VID_23_001_C06,VID_23,VID_23.mp4,1,VID_23_001,6,8,custom_dataset\processed\VID_23\001\frame_0024.jpg;custom_dataset\processed\VID_23\001\frame_0025.jpg;custom_dataset\processed\VID_23\001\frame_0026.jpg;custom_dataset\processed\VID_23\001\frame_0027.jpg;custom_dataset\processed\VID_23\001\frame_0028.jpg;custom_dataset\processed\VID_23\001\frame_0029.jpg;custom_dataset\processed\VID_23\001\frame_0030.jpg;custom_dataset\processed\VID_23\001\frame_0031.jpg,
VID_23_001_C07,VID_23,VID_23.mp4,1,VID_23_001,7,8,custom_dataset\processed\VID_23\001\frame_0028.jpg;custom_dataset\processed\VID_23\001\frame_0029.jpg;custom_dataset\processed\VID_23\001\frame_0030.jpg;custom_dataset\processed\VID_23\001\frame_0031.jpg;custom_dataset\processed\VID_23\001\frame_0032.jpg;custom_dataset\processed\VID_23\001\frame_0033.jpg;custom_dataset\processed\VID_23\001\frame_0034.jpg;custom_dataset\processed\VID_23\001\frame_0035.jpg,
VID_23_001_C08,VID_23,VID_23.mp4,1,VID_23_001,8,8,custom_dataset\processed\VID_23\001\frame_0032.jpg;custom_dataset\processed\VID_23\001\frame_0033.jpg;custom_dataset\processed\VID_23\001\frame_0034.jpg;custom_dataset\processed\VID_23\001\frame_0035.jpg;custom_dataset\processed\VID_23\001\frame_0036.jpg;custom_dataset\processed\VID_23\001\frame_0037.jpg;custom_dataset\processed\VID_23\001\frame_0038.jpg;custom_dataset\processed\VID_23\001\frame_0039.jpg,
VID_23_001_C09,VID_23,VID_23.mp4,1,VID_23_001,9,8,custom_dataset\processed\VID_23\001\frame_0036.jpg;custom_dataset\processed\VID_23\001\frame_0037.jpg;custom_dataset\processed\VID_23\001\frame_0038.jpg;custom_dataset\processed\VID_23\001\frame_0039.jpg;custom_dataset\processed\VID_23\001\frame_0040.jpg;custom_dataset\processed\VID_23\001\frame_0041.jpg;custom_dataset\processed\VID_23\001\frame_0042.jpg;custom_dataset\processed\VID_23\001\frame_0043.jpg,
VID_23_001_C10,VID_23,VID_23.mp4,1,VID_23_001,10,8,custom_dataset\processed\VID_23\001\frame_0040.jpg;custom_dataset\processed\VID_23\001\frame_0041.jpg;custom_dataset\processed\VID_23\001\frame_0042.jpg;custom_dataset\processed\VID_23\001\frame_0043.jpg;custom_dataset\processed\VID_23\001\frame_0044.jpg;custom_dataset\processed\VID_23\001\frame_0045.jpg;custom_dataset\processed\VID_23\001\frame_0046.jpg;custom_dataset\processed\VID_23\001\frame_0047.jpg,
VID_23_002_C00,VID_23,VID_23.mp4,2,VID_23_002,0,8,custom_dataset\processed\VID_23\002\frame_0000.jpg;custom_dataset\processed\VID_23\002\frame_0001.jpg;custom_dataset\processed\VID_23\002\frame_0002.jpg;custom_dataset\processed\VID_23\002\frame_0003.jpg;custom_dataset\processed\VID_23\002\frame_0004.jpg;custom_dataset\processed\VID_23\002\frame_0005.jpg;custom_dataset\processed\VID_23\002\frame_0006.jpg;custom_dataset\processed\VID_23\002\frame_0007.jpg,
VID_23_002_C01,VID_23,VID_23.mp4,2,VID_23_002,1,8,custom_dataset\processed\VID_23\002\frame_0004.jpg;custom_dataset\processed\VID_23\002\frame_0005.jpg;custom_dataset\processed\VID_23\002\frame_0006.jpg;custom_dataset\processed\VID_23\002\frame_0007.jpg;custom_dataset\processed\VID_23\002\frame_0008.jpg;custom_dataset\processed\VID_23\002\frame_0009.jpg;custom_dataset\processed\VID_23\002\frame_0010.jpg;custom_dataset\processed\VID_23\002\frame_0011.jpg,
VID_23_002_C02,VID_23,VID_23.mp4,2,VID_23_002,2,8,custom_dataset\processed\VID_23\002\frame_0008.jpg;custom_dataset\processed\VID_23\002\frame_0009.jpg;custom_dataset\processed\VID_23\002\frame_0010.jpg;custom_dataset\processed\VID_23\002\frame_0011.jpg;custom_dataset\processed\VID_23\002\frame_0012.jpg;custom_dataset\processed\VID_23\002\frame_0013.jpg;custom_dataset\processed\VID_23\002\frame_0014.jpg;custom_dataset\processed\VID_23\002\frame_0015.jpg,
VID_23_002_C03,VID_23,VID_23.mp4,2,VID_23_002,3,8,custom_dataset\processed\VID_23\002\frame_0012.jpg;custom_dataset\processed\VID_23\002\frame_0013.jpg;custom_dataset\processed\VID_23\002\frame_0014.jpg;custom_dataset\processed\VID_23\002\frame_0015.jpg;custom_dataset\processed\VID_23\002\frame_0016.jpg;custom_dataset\processed\VID_23\002\frame_0017.jpg;custom_dataset\processed\VID_23\002\frame_0018.jpg;custom_dataset\processed\VID_23\002\frame_0019.jpg,
VID_23_002_C04,VID_23,VID_23.mp4,2,VID_23_002,4,8,custom_dataset\processed\VID_23\002\frame_0016.jpg;custom_dataset\processed\VID_23\002\frame_0017.jpg;custom_dataset\processed\VID_23\002\frame_0018.jpg;custom_dataset\processed\VID_23\002\frame_0019.jpg;custom_dataset\processed\VID_23\002\frame_0020.jpg;custom_dataset\processed\VID_23\002\frame_0021.jpg;custom_dataset\processed\VID_23\002\frame_0022.jpg;custom_dataset\processed\VID_23\002\frame_0023.jpg,
VID_23_002_C05,VID_23,VID_23.mp4,2,VID_23_002,5,8,custom_dataset\processed\VID_23\002\frame_0020.jpg;custom_dataset\processed\VID_23\002\frame_0021.jpg;custom_dataset\processed\VID_23\002\frame_0022.jpg;custom_dataset\processed\VID_23\002\frame_0023.jpg;custom_dataset\processed\VID_23\002\frame_0024.jpg;custom_dataset\processed\VID_23\002\frame_0025.jpg;custom_dataset\processed\VID_23\002\frame_0026.jpg;custom_dataset\processed\VID_23\002\frame_0027.jpg,
VID_23_002_C06,VID_23,VID_23.mp4,2,VID_23_002,6,8,custom_dataset\processed\VID_23\002\frame_0024.jpg;custom_dataset\processed\VID_23\002\frame_0025.jpg;custom_dataset\processed\VID_23\002\frame_0026.jpg;custom_dataset\processed\VID_23\002\frame_0027.jpg;custom_dataset\processed\VID_23\002\frame_0028.jpg;custom_dataset\processed\VID_23\002\frame_0029.jpg;custom_dataset\processed\VID_23\002\frame_0030.jpg;custom_dataset\processed\VID_23\002\frame_0031.jpg,
VID_23_002_C07,VID_23,VID_23.mp4,2,VID_23_002,7,8,custom_dataset\processed\VID_23\002\frame_0028.jpg;custom_dataset\processed\VID_23\002\frame_0029.jpg;custom_dataset\processed\VID_23\002\frame_0030.jpg;custom_dataset\processed\VID_23\002\frame_0031.jpg;custom_dataset\processed\VID_23\002\frame_0032.jpg;custom_dataset\processed\VID_23\002\frame_0033.jpg;custom_dataset\processed\VID_23\002\frame_0034.jpg;custom_dataset\processed\VID_23\002\frame_0035.jpg,
VID_23_002_C08,VID_23,VID_23.mp4,2,VID_23_002,8,8,custom_dataset\processed\VID_23\002\frame_0032.jpg;custom_dataset\processed\VID_23\002\frame_0033.jpg;custom_dataset\processed\VID_23\002\frame_0034.jpg;custom_dataset\processed\VID_23\002\frame_0035.jpg;custom_dataset\processed\VID_23\002\frame_0036.jpg;custom_dataset\processed\VID_23\002\frame_0037.jpg;custom_dataset\processed\VID_23\002\frame_0038.jpg;custom_dataset\processed\VID_23\002\frame_0039.jpg,
VID_23_002_C09,VID_23,VID_23.mp4,2,VID_23_002,9,8,custom_dataset\processed\VID_23\002\frame_0036.jpg;custom_dataset\processed\VID_23\002\frame_0037.jpg;custom_dataset\processed\VID_23\002\frame_0038.jpg;custom_dataset\processed\VID_23\002\frame_0039.jpg;custom_dataset\processed\VID_23\002\frame_0040.jpg;custom_dataset\processed\VID_23\002\frame_0041.jpg;custom_dataset\processed\VID_23\002\frame_0042.jpg;custom_dataset\processed\VID_23\002\frame_0043.jpg,
VID_23_002_C10,VID_23,VID_23.mp4,2,VID_23_002,10,8,custom_dataset\processed\VID_23\002\frame_0040.jpg;custom_dataset\processed\VID_23\002\frame_0041.jpg;custom_dataset\processed\VID_23\002\frame_0042.jpg;custom_dataset\processed\VID_23\002\frame_0043.jpg;custom_dataset\processed\VID_23\002\frame_0044.jpg;custom_dataset\processed\VID_23\002\frame_0045.jpg;custom_dataset\processed\VID_23\002\frame_0046.jpg;custom_dataset\processed\VID_23\002\frame_0047.jpg,
VID_23_003_C00,VID_23,VID_23.mp4,3,VID_23_003,0,8,custom_dataset\processed\VID_23\003\frame_0000.jpg;custom_dataset\processed\VID_23\003\frame_0001.jpg;custom_dataset\processed\VID_23\003\frame_0002.jpg;custom_dataset\processed\VID_23\003\frame_0003.jpg;custom_dataset\processed\VID_23\003\frame_0004.jpg;custom_dataset\processed\VID_23\003\frame_0005.jpg;custom_dataset\processed\VID_23\003\frame_0006.jpg;custom_dataset\processed\VID_23\003\frame_0007.jpg,
VID_23_003_C01,VID_23,VID_23.mp4,3,VID_23_003,1,8,custom_dataset\processed\VID_23\003\frame_0004.jpg;custom_dataset\processed\VID_23\003\frame_0005.jpg;custom_dataset\processed\VID_23\003\frame_0006.jpg;custom_dataset\processed\VID_23\003\frame_0007.jpg;custom_dataset\processed\VID_23\003\frame_0008.jpg;custom_dataset\processed\VID_23\003\frame_0009.jpg;custom_dataset\processed\VID_23\003\frame_0010.jpg;custom_dataset\processed\VID_23\003\frame_0011.jpg,
VID_23_003_C02,VID_23,VID_23.mp4,3,VID_23_003,2,8,custom_dataset\processed\VID_23\003\frame_0008.jpg;custom_dataset\processed\VID_23\003\frame_0009.jpg;custom_dataset\processed\VID_23\003\frame_0010.jpg;custom_dataset\processed\VID_23\003\frame_0011.jpg;custom_dataset\processed\VID_23\003\frame_0012.jpg;custom_dataset\processed\VID_23\003\frame_0013.jpg;custom_dataset\processed\VID_23\003\frame_0014.jpg;custom_dataset\processed\VID_23\003\frame_0015.jpg,
VID_23_003_C03,VID_23,VID_23.mp4,3,VID_23_003,3,8,custom_dataset\processed\VID_23\003\frame_0012.jpg;custom_dataset\processed\VID_23\003\frame_0013.jpg;custom_dataset\processed\VID_23\003\frame_0014.jpg;custom_dataset\processed\VID_23\003\frame_0015.jpg;custom_dataset\processed\VID_23\003\frame_0016.jpg;custom_dataset\processed\VID_23\003\frame_0017.jpg;custom_dataset\processed\VID_23\003\frame_0018.jpg;custom_dataset\processed\VID_23\003\frame_0019.jpg,
VID_23_003_C04,VID_23,VID_23.mp4,3,VID_23_003,4,8,custom_dataset\processed\VID_23\003\frame_0016.jpg;custom_dataset\processed\VID_23\003\frame_0017.jpg;custom_dataset\processed\VID_23\003\frame_0018.jpg;custom_dataset\processed\VID_23\003\frame_0019.jpg;custom_dataset\processed\VID_23\003\frame_0020.jpg;custom_dataset\processed\VID_23\003\frame_0021.jpg;custom_dataset\processed\VID_23\003\frame_0022.jpg;custom_dataset\processed\VID_23\003\frame_0023.jpg,
VID_23_003_C05,VID_23,VID_23.mp4,3,VID_23_003,5,8,custom_dataset\processed\VID_23\003\frame_0020.jpg;custom_dataset\processed\VID_23\003\frame_0021.jpg;custom_dataset\processed\VID_23\003\frame_0022.jpg;custom_dataset\processed\VID_23\003\frame_0023.jpg;custom_dataset\processed\VID_23\003\frame_0024.jpg;custom_dataset\processed\VID_23\003\frame_0025.jpg;custom_dataset\processed\VID_23\003\frame_0026.jpg;custom_dataset\processed\VID_23\003\frame_0027.jpg,
VID_23_003_C06,VID_23,VID_23.mp4,3,VID_23_003,6,8,custom_dataset\processed\VID_23\003\frame_0024.jpg;custom_dataset\processed\VID_23\003\frame_0025.jpg;custom_dataset\processed\VID_23\003\frame_0026.jpg;custom_dataset\processed\VID_23\003\frame_0027.jpg;custom_dataset\processed\VID_23\003\frame_0028.jpg;custom_dataset\processed\VID_23\003\frame_0029.jpg;custom_dataset\processed\VID_23\003\frame_0030.jpg;custom_dataset\processed\VID_23\003\frame_0031.jpg,
VID_23_003_C07,VID_23,VID_23.mp4,3,VID_23_003,7,8,custom_dataset\processed\VID_23\003\frame_0028.jpg;custom_dataset\processed\VID_23\003\frame_0029.jpg;custom_dataset\processed\VID_23\003\frame_0030.jpg;custom_dataset\processed\VID_23\003\frame_0031.jpg;custom_dataset\processed\VID_23\003\frame_0032.jpg;custom_dataset\processed\VID_23\003\frame_0033.jpg;custom_dataset\processed\VID_23\003\frame_0034.jpg;custom_dataset\processed\VID_23\003\frame_0035.jpg,
VID_23_003_C08,VID_23,VID_23.mp4,3,VID_23_003,8,8,custom_dataset\processed\VID_23\003\frame_0032.jpg;custom_dataset\processed\VID_23\003\frame_0033.jpg;custom_dataset\processed\VID_23\003\frame_0034.jpg;custom_dataset\processed\VID_23\003\frame_0035.jpg;custom_dataset\processed\VID_23\003\frame_0036.jpg;custom_dataset\processed\VID_23\003\frame_0037.jpg;custom_dataset\processed\VID_23\003\frame_0038.jpg;custom_dataset\processed\VID_23\003\frame_0039.jpg,
VID_23_003_C09,VID_23,VID_23.mp4,3,VID_23_003,9,8,custom_dataset\processed\VID_23\003\frame_0036.jpg;custom_dataset\processed\VID_23\003\frame_0037.jpg;custom_dataset\processed\VID_23\003\frame_0038.jpg;custom_dataset\processed\VID_23\003\frame_0039.jpg;custom_dataset\processed\VID_23\003\frame_0040.jpg;custom_dataset\processed\VID_23\003\frame_0041.jpg;custom_dataset\processed\VID_23\003\frame_0042.jpg;custom_dataset\processed\VID_23\003\frame_0043.jpg,
VID_23_003_C10,VID_23,VID_23.mp4,3,VID_23_003,10,8,custom_dataset\processed\VID_23\003\frame_0040.jpg;custom_dataset\processed\VID_23\003\frame_0041.jpg;custom_dataset\processed\VID_23\003\frame_0042.jpg;custom_dataset\processed\VID_23\003\frame_0043.jpg;custom_dataset\processed\VID_23\003\frame_0044.jpg;custom_dataset\processed\VID_23\003\frame_0045.jpg;custom_dataset\processed\VID_23\003\frame_0046.jpg;custom_dataset\processed\VID_23\003\frame_0047.jpg,
VID_23_004_C00,VID_23,VID_23.mp4,4,VID_23_004,0,8,custom_dataset\processed\VID_23\004\frame_0000.jpg;custom_dataset\processed\VID_23\004\frame_0001.jpg;custom_dataset\processed\VID_23\004\frame_0002.jpg;custom_dataset\processed\VID_23\004\frame_0003.jpg;custom_dataset\processed\VID_23\004\frame_0004.jpg;custom_dataset\processed\VID_23\004\frame_0005.jpg;custom_dataset\processed\VID_23\004\frame_0006.jpg;custom_dataset\processed\VID_23\004\frame_0007.jpg,
VID_23_004_C01,VID_23,VID_23.mp4,4,VID_23_004,1,8,custom_dataset\processed\VID_23\004\frame_0004.jpg;custom_dataset\processed\VID_23\004\frame_0005.jpg;custom_dataset\processed\VID_23\004\frame_0006.jpg;custom_dataset\processed\VID_23\004\frame_0007.jpg;custom_dataset\processed\VID_23\004\frame_0008.jpg;custom_dataset\processed\VID_23\004\frame_0009.jpg;custom_dataset\processed\VID_23\004\frame_0010.jpg;custom_dataset\processed\VID_23\004\frame_0011.jpg,
VID_23_004_C02,VID_23,VID_23.mp4,4,VID_23_004,2,8,custom_dataset\processed\VID_23\004\frame_0008.jpg;custom_dataset\processed\VID_23\004\frame_0009.jpg;custom_dataset\processed\VID_23\004\frame_0010.jpg;custom_dataset\processed\VID_23\004\frame_0011.jpg;custom_dataset\processed\VID_23\004\frame_0012.jpg;custom_dataset\processed\VID_23\004\frame_0013.jpg;custom_dataset\processed\VID_23\004\frame_0014.jpg;custom_dataset\processed\VID_23\004\frame_0015.jpg,
VID_23_004_C03,VID_23,VID_23.mp4,4,VID_23_004,3,8,custom_dataset\processed\VID_23\004\frame_0012.jpg;custom_dataset\processed\VID_23\004\frame_0013.jpg;custom_dataset\processed\VID_23\004\frame_0014.jpg;custom_dataset\processed\VID_23\004\frame_0015.jpg;custom_dataset\processed\VID_23\004\frame_0016.jpg;custom_dataset\processed\VID_23\004\frame_0017.jpg;custom_dataset\processed\VID_23\004\frame_0018.jpg;custom_dataset\processed\VID_23\004\frame_0019.jpg,
VID_23_004_C04,VID_23,VID_23.mp4,4,VID_23_004,4,8,custom_dataset\processed\VID_23\004\frame_0016.jpg;custom_dataset\processed\VID_23\004\frame_0017.jpg;custom_dataset\processed\VID_23\004\frame_0018.jpg;custom_dataset\processed\VID_23\004\frame_0019.jpg;custom_dataset\processed\VID_23\004\frame_0020.jpg;custom_dataset\processed\VID_23\004\frame_0021.jpg;custom_dataset\processed\VID_23\004\frame_0022.jpg;custom_dataset\processed\VID_23\004\frame_0023.jpg,
VID_23_004_C05,VID_23,VID_23.mp4,4,VID_23_004,5,8,custom_dataset\processed\VID_23\004\frame_0020.jpg;custom_dataset\processed\VID_23\004\frame_0021.jpg;custom_dataset\processed\VID_23\004\frame_0022.jpg;custom_dataset\processed\VID_23\004\frame_0023.jpg;custom_dataset\processed\VID_23\004\frame_0024.jpg;custom_dataset\processed\VID_23\004\frame_0025.jpg;custom_dataset\processed\VID_23\004\frame_0026.jpg;custom_dataset\processed\VID_23\004\frame_0027.jpg,
VID_23_004_C06,VID_23,VID_23.mp4,4,VID_23_004,6,8,custom_dataset\processed\VID_23\004\frame_0024.jpg;custom_dataset\processed\VID_23\004\frame_0025.jpg;custom_dataset\processed\VID_23\004\frame_0026.jpg;custom_dataset\processed\VID_23\004\frame_0027.jpg;custom_dataset\processed\VID_23\004\frame_0028.jpg;custom_dataset\processed\VID_23\004\frame_0029.jpg;custom_dataset\processed\VID_23\004\frame_0030.jpg;custom_dataset\processed\VID_23\004\frame_0031.jpg,
VID_23_004_C07,VID_23,VID_23.mp4,4,VID_23_004,7,8,custom_dataset\processed\VID_23\004\frame_0028.jpg;custom_dataset\processed\VID_23\004\frame_0029.jpg;custom_dataset\processed\VID_23\004\frame_0030.jpg;custom_dataset\processed\VID_23\004\frame_0031.jpg;custom_dataset\processed\VID_23\004\frame_0032.jpg;custom_dataset\processed\VID_23\004\frame_0033.jpg;custom_dataset\processed\VID_23\004\frame_0034.jpg;custom_dataset\processed\VID_23\004\frame_0035.jpg,
VID_23_004_C08,VID_23,VID_23.mp4,4,VID_23_004,8,8,custom_dataset\processed\VID_23\004\frame_0032.jpg;custom_dataset\processed\VID_23\004\frame_0033.jpg;custom_dataset\processed\VID_23\004\frame_0034.jpg;custom_dataset\processed\VID_23\004\frame_0035.jpg;custom_dataset\processed\VID_23\004\frame_0036.jpg;custom_dataset\processed\VID_23\004\frame_0037.jpg;custom_dataset\processed\VID_23\004\frame_0038.jpg;custom_dataset\processed\VID_23\004\frame_0039.jpg,
VID_23_004_C09,VID_23,VID_23.mp4,4,VID_23_004,9,8,custom_dataset\processed\VID_23\004\frame_0036.jpg;custom_dataset\processed\VID_23\004\frame_0037.jpg;custom_dataset\processed\VID_23\004\frame_0038.jpg;custom_dataset\processed\VID_23\004\frame_0039.jpg;custom_dataset\processed\VID_23\004\frame_0040.jpg;custom_dataset\processed\VID_23\004\frame_0041.jpg;custom_dataset\processed\VID_23\004\frame_0042.jpg;custom_dataset\processed\VID_23\004\frame_0043.jpg,
VID_23_004_C10,VID_23,VID_23.mp4,4,VID_23_004,10,8,custom_dataset\processed\VID_23\004\frame_0040.jpg;custom_dataset\processed\VID_23\004\frame_0041.jpg;custom_dataset\processed\VID_23\004\frame_0042.jpg;custom_dataset\processed\VID_23\004\frame_0043.jpg;custom_dataset\processed\VID_23\004\frame_0044.jpg;custom_dataset\processed\VID_23\004\frame_0045.jpg;custom_dataset\processed\VID_23\004\frame_0046.jpg;custom_dataset\processed\VID_23\004\frame_0047.jpg,
VID_23_005_C00,VID_23,VID_23.mp4,5,VID_23_005,0,8,custom_dataset\processed\VID_23\005\frame_0000.jpg;custom_dataset\processed\VID_23\005\frame_0001.jpg;custom_dataset\processed\VID_23\005\frame_0002.jpg;custom_dataset\processed\VID_23\005\frame_0003.jpg;custom_dataset\processed\VID_23\005\frame_0004.jpg;custom_dataset\processed\VID_23\005\frame_0005.jpg;custom_dataset\processed\VID_23\005\frame_0006.jpg;custom_dataset\processed\VID_23\005\frame_0007.jpg,
VID_23_005_C01,VID_23,VID_23.mp4,5,VID_23_005,1,8,custom_dataset\processed\VID_23\005\frame_0004.jpg;custom_dataset\processed\VID_23\005\frame_0005.jpg;custom_dataset\processed\VID_23\005\frame_0006.jpg;custom_dataset\processed\VID_23\005\frame_0007.jpg;custom_dataset\processed\VID_23\005\frame_0008.jpg;custom_dataset\processed\VID_23\005\frame_0009.jpg;custom_dataset\processed\VID_23\005\frame_0010.jpg;custom_dataset\processed\VID_23\005\frame_0011.jpg,
VID_23_005_C02,VID_23,VID_23.mp4,5,VID_23_005,2,8,custom_dataset\processed\VID_23\005\frame_0008.jpg;custom_dataset\processed\VID_23\005\frame_0009.jpg;custom_dataset\processed\VID_23\005\frame_0010.jpg;custom_dataset\processed\VID_23\005\frame_0011.jpg;custom_dataset\processed\VID_23\005\frame_0012.jpg;custom_dataset\processed\VID_23\005\frame_0013.jpg;custom_dataset\processed\VID_23\005\frame_0015.jpg;custom_dataset\processed\VID_23\005\frame_0016.jpg,
VID_23_005_C03,VID_23,VID_23.mp4,5,VID_23_005,3,8,custom_dataset\processed\VID_23\005\frame_0012.jpg;custom_dataset\processed\VID_23\005\frame_0013.jpg;custom_dataset\processed\VID_23\005\frame_0015.jpg;custom_dataset\processed\VID_23\005\frame_0016.jpg;custom_dataset\processed\VID_23\005\frame_0017.jpg;custom_dataset\processed\VID_23\005\frame_0018.jpg;custom_dataset\processed\VID_23\005\frame_0019.jpg;custom_dataset\processed\VID_23\005\frame_0020.jpg,
VID_23_005_C04,VID_23,VID_23.mp4,5,VID_23_005,4,8,custom_dataset\processed\VID_23\005\frame_0017.jpg;custom_dataset\processed\VID_23\005\frame_0018.jpg;custom_dataset\processed\VID_23\005\frame_0019.jpg;custom_dataset\processed\VID_23\005\frame_0020.jpg;custom_dataset\processed\VID_23\005\frame_0021.jpg;custom_dataset\processed\VID_23\005\frame_0022.jpg;custom_dataset\processed\VID_23\005\frame_0023.jpg;custom_dataset\processed\VID_23\005\frame_0024.jpg,
VID_23_005_C05,VID_23,VID_23.mp4,5,VID_23_005,5,8,custom_dataset\processed\VID_23\005\frame_0021.jpg;custom_dataset\processed\VID_23\005\frame_0022.jpg;custom_dataset\processed\VID_23\005\frame_0023.jpg;custom_dataset\processed\VID_23\005\frame_0024.jpg;custom_dataset\processed\VID_23\005\frame_0025.jpg;custom_dataset\processed\VID_23\005\frame_0026.jpg;custom_dataset\processed\VID_23\005\frame_0027.jpg;custom_dataset\processed\VID_23\005\frame_0028.jpg,
VID_23_005_C06,VID_23,VID_23.mp4,5,VID_23_005,6,8,custom_dataset\processed\VID_23\005\frame_0025.jpg;custom_dataset\processed\VID_23\005\frame_0026.jpg;custom_dataset\processed\VID_23\005\frame_0027.jpg;custom_dataset\processed\VID_23\005\frame_0028.jpg;custom_dataset\processed\VID_23\005\frame_0029.jpg;custom_dataset\processed\VID_23\005\frame_0030.jpg;custom_dataset\processed\VID_23\005\frame_0031.jpg;custom_dataset\processed\VID_23\005\frame_0032.jpg,
VID_23_005_C07,VID_23,VID_23.mp4,5,VID_23_005,7,8,custom_dataset\processed\VID_23\005\frame_0029.jpg;custom_dataset\processed\VID_23\005\frame_0030.jpg;custom_dataset\processed\VID_23\005\frame_0031.jpg;custom_dataset\processed\VID_23\005\frame_0032.jpg;custom_dataset\processed\VID_23\005\frame_0033.jpg;custom_dataset\processed\VID_23\005\frame_0034.jpg;custom_dataset\processed\VID_23\005\frame_0035.jpg;custom_dataset\processed\VID_23\005\frame_0036.jpg,
VID_23_005_C08,VID_23,VID_23.mp4,5,VID_23_005,8,8,custom_dataset\processed\VID_23\005\frame_0033.jpg;custom_dataset\processed\VID_23\005\frame_0034.jpg;custom_dataset\processed\VID_23\005\frame_0035.jpg;custom_dataset\processed\VID_23\005\frame_0036.jpg;custom_dataset\processed\VID_23\005\frame_0037.jpg;custom_dataset\processed\VID_23\005\frame_0038.jpg;custom_dataset\processed\VID_23\005\frame_0039.jpg;custom_dataset\processed\VID_23\005\frame_0040.jpg,
VID_23_005_C09,VID_23,VID_23.mp4,5,VID_23_005,9,8,custom_dataset\processed\VID_23\005\frame_0037.jpg;custom_dataset\processed\VID_23\005\frame_0038.jpg;custom_dataset\processed\VID_23\005\frame_0039.jpg;custom_dataset\processed\VID_23\005\frame_0040.jpg;custom_dataset\processed\VID_23\005\frame_0041.jpg;custom_dataset\processed\VID_23\005\frame_0042.jpg;custom_dataset\processed\VID_23\005\frame_0043.jpg;custom_dataset\processed\VID_23\005\frame_0044.jpg,
VID_23_007_C00,VID_23,VID_23.mp4,7,VID_23_007,0,8,custom_dataset\processed\VID_23\007\frame_0003.jpg;custom_dataset\processed\VID_23\007\frame_0004.jpg;custom_dataset\processed\VID_23\007\frame_0008.jpg;custom_dataset\processed\VID_23\007\frame_0009.jpg;custom_dataset\processed\VID_23\007\frame_0010.jpg;custom_dataset\processed\VID_23\007\frame_0011.jpg;custom_dataset\processed\VID_23\007\frame_0012.jpg;custom_dataset\processed\VID_23\007\frame_0013.jpg,
VID_23_007_C01,VID_23,VID_23.mp4,7,VID_23_007,1,8,custom_dataset\processed\VID_23\007\frame_0010.jpg;custom_dataset\processed\VID_23\007\frame_0011.jpg;custom_dataset\processed\VID_23\007\frame_0012.jpg;custom_dataset\processed\VID_23\007\frame_0013.jpg;custom_dataset\processed\VID_23\007\frame_0014.jpg;custom_dataset\processed\VID_23\007\frame_0015.jpg;custom_dataset\processed\VID_23\007\frame_0017.jpg;custom_dataset\processed\VID_23\007\frame_0019.jpg,
VID_23_007_C02,VID_23,VID_23.mp4,7,VID_23_007,2,8,custom_dataset\processed\VID_23\007\frame_0014.jpg;custom_dataset\processed\VID_23\007\frame_0015.jpg;custom_dataset\processed\VID_23\007\frame_0017.jpg;custom_dataset\processed\VID_23\007\frame_0019.jpg;custom_dataset\processed\VID_23\007\frame_0020.jpg;custom_dataset\processed\VID_23\007\frame_0021.jpg;custom_dataset\processed\VID_23\007\frame_0022.jpg;custom_dataset\processed\VID_23\007\frame_0023.jpg,
VID_23_007_C03,VID_23,VID_23.mp4,7,VID_23_007,3,8,custom_dataset\processed\VID_23\007\frame_0020.jpg;custom_dataset\processed\VID_23\007\frame_0021.jpg;custom_dataset\processed\VID_23\007\frame_0022.jpg;custom_dataset\processed\VID_23\007\frame_0023.jpg;custom_dataset\processed\VID_23\007\frame_0026.jpg;custom_dataset\processed\VID_23\007\frame_0027.jpg;custom_dataset\processed\VID_23\007\frame_0028.jpg;custom_dataset\processed\VID_23\007\frame_0029.jpg,
VID_23_007_C04,VID_23,VID_23.mp4,7,VID_23_007,4,8,custom_dataset\processed\VID_23\007\frame_0026.jpg;custom_dataset\processed\VID_23\007\frame_0027.jpg;custom_dataset\processed\VID_23\007\frame_0028.jpg;custom_dataset\processed\VID_23\007\frame_0029.jpg;custom_dataset\processed\VID_23\007\frame_0030.jpg;custom_dataset\processed\VID_23\007\frame_0031.jpg;custom_dataset\processed\VID_23\007\frame_0032.jpg;custom_dataset\processed\VID_23\007\frame_0033.jpg,
VID_23_008_C00,VID_23,VID_23.mp4,8,VID_23_008,0,8,custom_dataset\processed\VID_23\008\frame_0007.jpg;custom_dataset\processed\VID_23\008\frame_0008.jpg;custom_dataset\processed\VID_23\008\frame_0009.jpg;custom_dataset\processed\VID_23\008\frame_0010.jpg;custom_dataset\processed\VID_23\008\frame_0012.jpg;custom_dataset\processed\VID_23\008\frame_0013.jpg;custom_dataset\processed\VID_23\008\frame_0014.jpg;custom_dataset\processed\VID_23\008\frame_0015.jpg,
VID_23_008_C01,VID_23,VID_23.mp4,8,VID_23_008,1,8,custom_dataset\processed\VID_23\008\frame_0012.jpg;custom_dataset\processed\VID_23\008\frame_0013.jpg;custom_dataset\processed\VID_23\008\frame_0014.jpg;custom_dataset\processed\VID_23\008\frame_0015.jpg;custom_dataset\processed\VID_23\008\frame_0016.jpg;custom_dataset\processed\VID_23\008\frame_0017.jpg;custom_dataset\processed\VID_23\008\frame_0018.jpg;custom_dataset\processed\VID_23\008\frame_0019.jpg,
VID_23_008_C02,VID_23,VID_23.mp4,8,VID_23_008,2,8,custom_dataset\processed\VID_23\008\frame_0016.jpg;custom_dataset\processed\VID_23\008\frame_0017.jpg;custom_dataset\processed\VID_23\008\frame_0018.jpg;custom_dataset\processed\VID_23\008\frame_0019.jpg;custom_dataset\processed\VID_23\008\frame_0020.jpg;custom_dataset\processed\VID_23\008\frame_0021.jpg;custom_dataset\processed\VID_23\008\frame_0022.jpg;custom_dataset\processed\VID_23\008\frame_0023.jpg,
VID_23_008_C03,VID_23,VID_23.mp4,8,VID_23_008,3,8,custom_dataset\processed\VID_23\008\frame_0020.jpg;custom_dataset\processed\VID_23\008\frame_0021.jpg;custom_dataset\processed\VID_23\008\frame_0022.jpg;custom_dataset\processed\VID_23\008\frame_0023.jpg;custom_dataset\processed\VID_23\008\frame_0024.jpg;custom_dataset\processed\VID_23\008\frame_0025.jpg;custom_dataset\processed\VID_23\008\frame_0026.jpg;custom_dataset\processed\VID_23\008\frame_0027.jpg,
VID_23_008_C04,VID_23,VID_23.mp4,8,VID_23_008,4,8,custom_dataset\processed\VID_23\008\frame_0024.jpg;custom_dataset\processed\VID_23\008\frame_0025.jpg;custom_dataset\processed\VID_23\008\frame_0026.jpg;custom_dataset\processed\VID_23\008\frame_0027.jpg;custom_dataset\processed\VID_23\008\frame_0028.jpg;custom_dataset\processed\VID_23\008\frame_0029.jpg;custom_dataset\processed\VID_23\008\frame_0030.jpg;custom_dataset\processed\VID_23\008\frame_0031.jpg,
VID_23_008_C05,VID_23,VID_23.mp4,8,VID_23_008,5,8,custom_dataset\processed\VID_23\008\frame_0028.jpg;custom_dataset\processed\VID_23\008\frame_0029.jpg;custom_dataset\processed\VID_23\008\frame_0030.jpg;custom_dataset\processed\VID_23\008\frame_0031.jpg;custom_dataset\processed\VID_23\008\frame_0032.jpg;custom_dataset\processed\VID_23\008\frame_0033.jpg;custom_dataset\processed\VID_23\008\frame_0034.jpg;custom_dataset\processed\VID_23\008\frame_0035.jpg,
VID_23_008_C06,VID_23,VID_23.mp4,8,VID_23_008,6,8,custom_dataset\processed\VID_23\008\frame_0032.jpg;custom_dataset\processed\VID_23\008\frame_0033.jpg;custom_dataset\processed\VID_23\008\frame_0034.jpg;custom_dataset\processed\VID_23\008\frame_0035.jpg;custom_dataset\processed\VID_23\008\frame_0036.jpg;custom_dataset\processed\VID_23\008\frame_0037.jpg;custom_dataset\processed\VID_23\008\frame_0041.jpg;custom_dataset\processed\VID_23\008\frame_0042.jpg,
VID_23_008_C07,VID_23,VID_23.mp4,8,VID_23_008,7,8,custom_dataset\processed\VID_23\008\frame_0036.jpg;custom_dataset\processed\VID_23\008\frame_0037.jpg;custom_dataset\processed\VID_23\008\frame_0041.jpg;custom_dataset\processed\VID_23\008\frame_0042.jpg;custom_dataset\processed\VID_23\008\frame_0043.jpg;custom_dataset\processed\VID_23\008\frame_0044.jpg;custom_dataset\processed\VID_23\008\frame_0045.jpg;custom_dataset\processed\VID_23\008\frame_0046.jpg,
VID_23_018_C00,VID_23,VID_23.mp4,18,VID_23_018,0,8,custom_dataset\processed\VID_23\018\frame_0021.jpg;custom_dataset\processed\VID_23\018\frame_0023.jpg;custom_dataset\processed\VID_23\018\frame_0025.jpg;custom_dataset\processed\VID_23\018\frame_0027.jpg;custom_dataset\processed\VID_23\018\frame_0028.jpg;custom_dataset\processed\VID_23\018\frame_0029.jpg;custom_dataset\processed\VID_23\018\frame_0030.jpg;custom_dataset\processed\VID_23\018\frame_0031.jpg,
VID_23_018_C01,VID_23,VID_23.mp4,18,VID_23_018,1,8,custom_dataset\processed\VID_23\018\frame_0028.jpg;custom_dataset\processed\VID_23\018\frame_0029.jpg;custom_dataset\processed\VID_23\018\frame_0030.jpg;custom_dataset\processed\VID_23\018\frame_0031.jpg;custom_dataset\processed\VID_23\018\frame_0032.jpg;custom_dataset\processed\VID_23\018\frame_0033.jpg;custom_dataset\processed\VID_23\018\frame_0034.jpg;custom_dataset\processed\VID_23\018\frame_0035.jpg,
VID_23_018_C02,VID_23,VID_23.mp4,18,VID_23_018,2,8,custom_dataset\processed\VID_23\018\frame_0032.jpg;custom_dataset\processed\VID_23\018\frame_0033.jpg;custom_dataset\processed\VID_23\018\frame_0034.jpg;custom_dataset\processed\VID_23\018\frame_0035.jpg;custom_dataset\processed\VID_23\018\frame_0036.jpg;custom_dataset\processed\VID_23\018\frame_0037.jpg;custom_dataset\processed\VID_23\018\frame_0038.jpg;custom_dataset\processed\VID_23\018\frame_0039.jpg,
VID_23_018_C03,VID_23,VID_23.mp4,18,VID_23_018,3,8,custom_dataset\processed\VID_23\018\frame_0036.jpg;custom_dataset\processed\VID_23\018\frame_0037.jpg;custom_dataset\processed\VID_23\018\frame_0038.jpg;custom_dataset\processed\VID_23\018\frame_0039.jpg;custom_dataset\processed\VID_23\018\frame_0040.jpg;custom_dataset\processed\VID_23\018\frame_0041.jpg;custom_dataset\processed\VID_23\018\frame_0042.jpg;custom_dataset\processed\VID_23\018\frame_0043.jpg,
VID_23_018_C04,VID_23,VID_23.mp4,18,VID_23_018,4,8,custom_dataset\processed\VID_23\018\frame_0040.jpg;custom_dataset\processed\VID_23\018\frame_0041.jpg;custom_dataset\processed\VID_23\018\frame_0042.jpg;custom_dataset\processed\VID_23\018\frame_0043.jpg;custom_dataset\processed\VID_23\018\frame_0044.jpg;custom_dataset\processed\VID_23\018\frame_0045.jpg;custom_dataset\processed\VID_23\018\frame_0046.jpg;custom_dataset\processed\VID_23\018\frame_0047.jpg,
VID_24_001_C00,VID_24,VID_24.mp4,1,VID_24_001,0,8,custom_dataset\processed\VID_24\001\frame_0000.jpg;custom_dataset\processed\VID_24\001\frame_0000.jpg;custom_dataset\processed\VID_24\001\frame_0001.jpg;custom_dataset\processed\VID_24\001\frame_0002.jpg;custom_dataset\processed\VID_24\001\frame_0003.jpg;custom_dataset\processed\VID_24\001\frame_0004.jpg;custom_dataset\processed\VID_24\001\frame_0005.jpg;custom_dataset\processed\VID_24\001\frame_0006.jpg,
VID_24_001_C01,VID_24,VID_24.mp4,1,VID_24_001,1,8,custom_dataset\processed\VID_24\001\frame_0003.jpg;custom_dataset\processed\VID_24\001\frame_0004.jpg;custom_dataset\processed\VID_24\001\frame_0005.jpg;custom_dataset\processed\VID_24\001\frame_0006.jpg;custom_dataset\processed\VID_24\001\frame_0007.jpg;custom_dataset\processed\VID_24\001\frame_0008.jpg;custom_dataset\processed\VID_24\001\frame_0009.jpg;custom_dataset\processed\VID_24\001\frame_0010.jpg,
VID_24_001_C02,VID_24,VID_24.mp4,1,VID_24_001,2,8,custom_dataset\processed\VID_24\001\frame_0007.jpg;custom_dataset\processed\VID_24\001\frame_0008.jpg;custom_dataset\processed\VID_24\001\frame_0009.jpg;custom_dataset\processed\VID_24\001\frame_0010.jpg;custom_dataset\processed\VID_24\001\frame_0011.jpg;custom_dataset\processed\VID_24\001\frame_0012.jpg;custom_dataset\processed\VID_24\001\frame_0013.jpg;custom_dataset\processed\VID_24\001\frame_0014.jpg,
VID_24_001_C03,VID_24,VID_24.mp4,1,VID_24_001,3,8,custom_dataset\processed\VID_24\001\frame_0011.jpg;custom_dataset\processed\VID_24\001\frame_0012.jpg;custom_dataset\processed\VID_24\001\frame_0013.jpg;custom_dataset\processed\VID_24\001\frame_0014.jpg;custom_dataset\processed\VID_24\001\frame_0015.jpg;custom_dataset\processed\VID_24\001\frame_0016.jpg;custom_dataset\processed\VID_24\001\frame_0017.jpg;custom_dataset\processed\VID_24\001\frame_0018.jpg,
VID_24_001_C04,VID_24,VID_24.mp4,1,VID_24_001,4,8,custom_dataset\processed\VID_24\001\frame_0015.jpg;custom_dataset\processed\VID_24\001\frame_0016.jpg;custom_dataset\processed\VID_24\001\frame_0017.jpg;custom_dataset\processed\VID_24\001\frame_0018.jpg;custom_dataset\processed\VID_24\001\frame_0019.jpg;custom_dataset\processed\VID_24\001\frame_0020.jpg;custom_dataset\processed\VID_24\001\frame_0021.jpg;custom_dataset\processed\VID_24\001\frame_0022.jpg,
VID_24_001_C05,VID_24,VID_24.mp4,1,VID_24_001,5,8,custom_dataset\processed\VID_24\001\frame_0019.jpg;custom_dataset\processed\VID_24\001\frame_0020.jpg;custom_dataset\processed\VID_24\001\frame_0021.jpg;custom_dataset\processed\VID_24\001\frame_0022.jpg;custom_dataset\processed\VID_24\001\frame_0023.jpg;custom_dataset\processed\VID_24\001\frame_0024.jpg;custom_dataset\processed\VID_24\001\frame_0025.jpg;custom_dataset\processed\VID_24\001\frame_0026.jpg,
VID_24_001_C06,VID_24,VID_24.mp4,1,VID_24_001,6,8,custom_dataset\processed\VID_24\001\frame_0023.jpg;custom_dataset\processed\VID_24\001\frame_0024.jpg;custom_dataset\processed\VID_24\001\frame_0025.jpg;custom_dataset\processed\VID_24\001\frame_0026.jpg;custom_dataset\processed\VID_24\001\frame_0027.jpg;custom_dataset\processed\VID_24\001\frame_0028.jpg;custom_dataset\processed\VID_24\001\frame_0029.jpg;custom_dataset\processed\VID_24\001\frame_0030.jpg,
VID_24_001_C07,VID_24,VID_24.mp4,1,VID_24_001,7,8,custom_dataset\processed\VID_24\001\frame_0027.jpg;custom_dataset\processed\VID_24\001\frame_0028.jpg;custom_dataset\processed\VID_24\001\frame_0029.jpg;custom_dataset\processed\VID_24\001\frame_0030.jpg;custom_dataset\processed\VID_24\001\frame_0031.jpg;custom_dataset\processed\VID_24\001\frame_0032.jpg;custom_dataset\processed\VID_24\001\frame_0033.jpg;custom_dataset\processed\VID_24\001\frame_0034.jpg,
VID_24_001_C08,VID_24,VID_24.mp4,1,VID_24_001,8,8,custom_dataset\processed\VID_24\001\frame_0031.jpg;custom_dataset\processed\VID_24\001\frame_0032.jpg;custom_dataset\processed\VID_24\001\frame_0033.jpg;custom_dataset\processed\VID_24\001\frame_0034.jpg;custom_dataset\processed\VID_24\001\frame_0035.jpg;custom_dataset\processed\VID_24\001\frame_0036.jpg;custom_dataset\processed\VID_24\001\frame_0037.jpg;custom_dataset\processed\VID_24\001\frame_0038.jpg,
VID_24_002_C00,VID_24,VID_24.mp4,2,VID_24_002,0,8,custom_dataset\processed\VID_24\002\frame_0000.jpg;custom_dataset\processed\VID_24\002\frame_0001.jpg;custom_dataset\processed\VID_24\002\frame_0002.jpg;custom_dataset\processed\VID_24\002\frame_0003.jpg;custom_dataset\processed\VID_24\002\frame_0004.jpg;custom_dataset\processed\VID_24\002\frame_0005.jpg;custom_dataset\processed\VID_24\002\frame_0006.jpg;custom_dataset\processed\VID_24\002\frame_0007.jpg,
VID_24_002_C01,VID_24,VID_24.mp4,2,VID_24_002,1,8,custom_dataset\processed\VID_24\002\frame_0004.jpg;custom_dataset\processed\VID_24\002\frame_0005.jpg;custom_dataset\processed\VID_24\002\frame_0006.jpg;custom_dataset\processed\VID_24\002\frame_0007.jpg;custom_dataset\processed\VID_24\002\frame_0008.jpg;custom_dataset\processed\VID_24\002\frame_0009.jpg;custom_dataset\processed\VID_24\002\frame_0010.jpg;custom_dataset\processed\VID_24\002\frame_0011.jpg,
VID_24_002_C02,VID_24,VID_24.mp4,2,VID_24_002,2,8,custom_dataset\processed\VID_24\002\frame_0008.jpg;custom_dataset\processed\VID_24\002\frame_0009.jpg;custom_dataset\processed\VID_24\002\frame_0010.jpg;custom_dataset\processed\VID_24\002\frame_0011.jpg;custom_dataset\processed\VID_24\002\frame_0012.jpg;custom_dataset\processed\VID_24\002\frame_0013.jpg;custom_dataset\processed\VID_24\002\frame_0014.jpg;custom_dataset\processed\VID_24\002\frame_0015.jpg,
VID_24_002_C03,VID_24,VID_24.mp4,2,VID_24_002,3,8,custom_dataset\processed\VID_24\002\frame_0012.jpg;custom_dataset\processed\VID_24\002\frame_0013.jpg;custom_dataset\processed\VID_24\002\frame_0014.jpg;custom_dataset\processed\VID_24\002\frame_0015.jpg;custom_dataset\processed\VID_24\002\frame_0016.jpg;custom_dataset\processed\VID_24\002\frame_0017.jpg;custom_dataset\processed\VID_24\002\frame_0018.jpg;custom_dataset\processed\VID_24\002\frame_0019.jpg,
VID_24_002_C04,VID_24,VID_24.mp4,2,VID_24_002,4,8,custom_dataset\processed\VID_24\002\frame_0016.jpg;custom_dataset\processed\VID_24\002\frame_0017.jpg;custom_dataset\processed\VID_24\002\frame_0018.jpg;custom_dataset\processed\VID_24\002\frame_0019.jpg;custom_dataset\processed\VID_24\002\frame_0020.jpg;custom_dataset\processed\VID_24\002\frame_0021.jpg;custom_dataset\processed\VID_24\002\frame_0022.jpg;custom_dataset\processed\VID_24\002\frame_0023.jpg,
VID_24_002_C05,VID_24,VID_24.mp4,2,VID_24_002,5,8,custom_dataset\processed\VID_24\002\frame_0020.jpg;custom_dataset\processed\VID_24\002\frame_0021.jpg;custom_dataset\processed\VID_24\002\frame_0022.jpg;custom_dataset\processed\VID_24\002\frame_0023.jpg;custom_dataset\processed\VID_24\002\frame_0024.jpg;custom_dataset\processed\VID_24\002\frame_0025.jpg;custom_dataset\processed\VID_24\002\frame_0026.jpg;custom_dataset\processed\VID_24\002\frame_0027.jpg,
VID_24_002_C06,VID_24,VID_24.mp4,2,VID_24_002,6,8,custom_dataset\processed\VID_24\002\frame_0024.jpg;custom_dataset\processed\VID_24\002\frame_0025.jpg;custom_dataset\processed\VID_24\002\frame_0026.jpg;custom_dataset\processed\VID_24\002\frame_0027.jpg;custom_dataset\processed\VID_24\002\frame_0028.jpg;custom_dataset\processed\VID_24\002\frame_0029.jpg;custom_dataset\processed\VID_24\002\frame_0030.jpg;custom_dataset\processed\VID_24\002\frame_0031.jpg,
VID_24_002_C07,VID_24,VID_24.mp4,2,VID_24_002,7,8,custom_dataset\processed\VID_24\002\frame_0028.jpg;custom_dataset\processed\VID_24\002\frame_0029.jpg;custom_dataset\processed\VID_24\002\frame_0030.jpg;custom_dataset\processed\VID_24\002\frame_0031.jpg;custom_dataset\processed\VID_24\002\frame_0032.jpg;custom_dataset\processed\VID_24\002\frame_0033.jpg;custom_dataset\processed\VID_24\002\frame_0034.jpg;custom_dataset\processed\VID_24\002\frame_0035.jpg,
VID_24_002_C08,VID_24,VID_24.mp4,2,VID_24_002,8,8,custom_dataset\processed\VID_24\002\frame_0032.jpg;custom_dataset\processed\VID_24\002\frame_0033.jpg;custom_dataset\processed\VID_24\002\frame_0034.jpg;custom_dataset\processed\VID_24\002\frame_0035.jpg;custom_dataset\processed\VID_24\002\frame_0036.jpg;custom_dataset\processed\VID_24\002\frame_0037.jpg;custom_dataset\processed\VID_24\002\frame_0038.jpg;custom_dataset\processed\VID_24\002\frame_0039.jpg,
VID_24_003_C00,VID_24,VID_24.mp4,3,VID_24_003,0,8,custom_dataset\processed\VID_24\003\frame_0000.jpg;custom_dataset\processed\VID_24\003\frame_0001.jpg;custom_dataset\processed\VID_24\003\frame_0002.jpg;custom_dataset\processed\VID_24\003\frame_0003.jpg;custom_dataset\processed\VID_24\003\frame_0004.jpg;custom_dataset\processed\VID_24\003\frame_0005.jpg;custom_dataset\processed\VID_24\003\frame_0006.jpg;custom_dataset\processed\VID_24\003\frame_0007.jpg,
VID_24_003_C01,VID_24,VID_24.mp4,3,VID_24_003,1,8,custom_dataset\processed\VID_24\003\frame_0004.jpg;custom_dataset\processed\VID_24\003\frame_0005.jpg;custom_dataset\processed\VID_24\003\frame_0006.jpg;custom_dataset\processed\VID_24\003\frame_0007.jpg;custom_dataset\processed\VID_24\003\frame_0008.jpg;custom_dataset\processed\VID_24\003\frame_0009.jpg;custom_dataset\processed\VID_24\003\frame_0010.jpg;custom_dataset\processed\VID_24\003\frame_0011.jpg,
VID_24_003_C02,VID_24,VID_24.mp4,3,VID_24_003,2,8,custom_dataset\processed\VID_24\003\frame_0008.jpg;custom_dataset\processed\VID_24\003\frame_0009.jpg;custom_dataset\processed\VID_24\003\frame_0010.jpg;custom_dataset\processed\VID_24\003\frame_0011.jpg;custom_dataset\processed\VID_24\003\frame_0012.jpg;custom_dataset\processed\VID_24\003\frame_0013.jpg;custom_dataset\processed\VID_24\003\frame_0014.jpg;custom_dataset\processed\VID_24\003\frame_0015.jpg,
VID_24_003_C03,VID_24,VID_24.mp4,3,VID_24_003,3,8,custom_dataset\processed\VID_24\003\frame_0012.jpg;custom_dataset\processed\VID_24\003\frame_0013.jpg;custom_dataset\processed\VID_24\003\frame_0014.jpg;custom_dataset\processed\VID_24\003\frame_0015.jpg;custom_dataset\processed\VID_24\003\frame_0016.jpg;custom_dataset\processed\VID_24\003\frame_0017.jpg;custom_dataset\processed\VID_24\003\frame_0018.jpg;custom_dataset\processed\VID_24\003\frame_0019.jpg,
VID_24_003_C04,VID_24,VID_24.mp4,3,VID_24_003,4,8,custom_dataset\processed\VID_24\003\frame_0016.jpg;custom_dataset\processed\VID_24\003\frame_0017.jpg;custom_dataset\processed\VID_24\003\frame_0018.jpg;custom_dataset\processed\VID_24\003\frame_0019.jpg;custom_dataset\processed\VID_24\003\frame_0020.jpg;custom_dataset\processed\VID_24\003\frame_0021.jpg;custom_dataset\processed\VID_24\003\frame_0022.jpg;custom_dataset\processed\VID_24\003\frame_0023.jpg,
VID_24_003_C05,VID_24,VID_24.mp4,3,VID_24_003,5,8,custom_dataset\processed\VID_24\003\frame_0020.jpg;custom_dataset\processed\VID_24\003\frame_0021.jpg;custom_dataset\processed\VID_24\003\frame_0022.jpg;custom_dataset\processed\VID_24\003\frame_0023.jpg;custom_dataset\processed\VID_24\003\frame_0024.jpg;custom_dataset\processed\VID_24\003\frame_0025.jpg;custom_dataset\processed\VID_24\003\frame_0026.jpg;custom_dataset\processed\VID_24\003\frame_0027.jpg,
VID_24_003_C06,VID_24,VID_24.mp4,3,VID_24_003,6,8,custom_dataset\processed\VID_24\003\frame_0024.jpg;custom_dataset\processed\VID_24\003\frame_0025.jpg;custom_dataset\processed\VID_24\003\frame_0026.jpg;custom_dataset\processed\VID_24\003\frame_0027.jpg;custom_dataset\processed\VID_24\003\frame_0028.jpg;custom_dataset\processed\VID_24\003\frame_0029.jpg;custom_dataset\processed\VID_24\003\frame_0030.jpg;custom_dataset\processed\VID_24\003\frame_0031.jpg,
VID_24_003_C07,VID_24,VID_24.mp4,3,VID_24_003,7,8,custom_dataset\processed\VID_24\003\frame_0028.jpg;custom_dataset\processed\VID_24\003\frame_0029.jpg;custom_dataset\processed\VID_24\003\frame_0030.jpg;custom_dataset\processed\VID_24\003\frame_0031.jpg;custom_dataset\processed\VID_24\003\frame_0032.jpg;custom_dataset\processed\VID_24\003\frame_0033.jpg;custom_dataset\processed\VID_24\003\frame_0034.jpg;custom_dataset\processed\VID_24\003\frame_0035.jpg,
VID_24_003_C08,VID_24,VID_24.mp4,3,VID_24_003,8,8,custom_dataset\processed\VID_24\003\frame_0032.jpg;custom_dataset\processed\VID_24\003\frame_0033.jpg;custom_dataset\processed\VID_24\003\frame_0034.jpg;custom_dataset\processed\VID_24\003\frame_0035.jpg;custom_dataset\processed\VID_24\003\frame_0036.jpg;custom_dataset\processed\VID_24\003\frame_0037.jpg;custom_dataset\processed\VID_24\003\frame_0038.jpg;custom_dataset\processed\VID_24\003\frame_0039.jpg,
VID_24_004_C00,VID_24,VID_24.mp4,4,VID_24_004,0,8,custom_dataset\processed\VID_24\004\frame_0001.jpg;custom_dataset\processed\VID_24\004\frame_0002.jpg;custom_dataset\processed\VID_24\004\frame_0003.jpg;custom_dataset\processed\VID_24\004\frame_0004.jpg;custom_dataset\processed\VID_24\004\frame_0005.jpg;custom_dataset\processed\VID_24\004\frame_0006.jpg;custom_dataset\processed\VID_24\004\frame_0007.jpg;custom_dataset\processed\VID_24\004\frame_0008.jpg,
VID_24_004_C01,VID_24,VID_24.mp4,4,VID_24_004,1,8,custom_dataset\processed\VID_24\004\frame_0005.jpg;custom_dataset\processed\VID_24\004\frame_0006.jpg;custom_dataset\processed\VID_24\004\frame_0007.jpg;custom_dataset\processed\VID_24\004\frame_0008.jpg;custom_dataset\processed\VID_24\004\frame_0009.jpg;custom_dataset\processed\VID_24\004\frame_0010.jpg;custom_dataset\processed\VID_24\004\frame_0011.jpg;custom_dataset\processed\VID_24\004\frame_0012.jpg,
VID_24_004_C02,VID_24,VID_24.mp4,4,VID_24_004,2,8,custom_dataset\processed\VID_24\004\frame_0009.jpg;custom_dataset\processed\VID_24\004\frame_0010.jpg;custom_dataset\processed\VID_24\004\frame_0011.jpg;custom_dataset\processed\VID_24\004\frame_0012.jpg;custom_dataset\processed\VID_24\004\frame_0013.jpg;custom_dataset\processed\VID_24\004\frame_0014.jpg;custom_dataset\processed\VID_24\004\frame_0015.jpg;custom_dataset\processed\VID_24\004\frame_0016.jpg,
VID_24_004_C03,VID_24,VID_24.mp4,4,VID_24_004,3,8,custom_dataset\processed\VID_24\004\frame_0013.jpg;custom_dataset\processed\VID_24\004\frame_0014.jpg;custom_dataset\processed\VID_24\004\frame_0015.jpg;custom_dataset\processed\VID_24\004\frame_0016.jpg;custom_dataset\processed\VID_24\004\frame_0017.jpg;custom_dataset\processed\VID_24\004\frame_0018.jpg;custom_dataset\processed\VID_24\004\frame_0019.jpg;custom_dataset\processed\VID_24\004\frame_0020.jpg,
VID_24_004_C04,VID_24,VID_24.mp4,4,VID_24_004,4,8,custom_dataset\processed\VID_24\004\frame_0017.jpg;custom_dataset\processed\VID_24\004\frame_0018.jpg;custom_dataset\processed\VID_24\004\frame_0019.jpg;custom_dataset\processed\VID_24\004\frame_0020.jpg;custom_dataset\processed\VID_24\004\frame_0021.jpg;custom_dataset\processed\VID_24\004\frame_0022.jpg;custom_dataset\processed\VID_24\004\frame_0023.jpg;custom_dataset\processed\VID_24\004\frame_0024.jpg,
VID_24_004_C05,VID_24,VID_24.mp4,4,VID_24_004,5,8,custom_dataset\processed\VID_24\004\frame_0021.jpg;custom_dataset\processed\VID_24\004\frame_0022.jpg;custom_dataset\processed\VID_24\004\frame_0023.jpg;custom_dataset\processed\VID_24\004\frame_0024.jpg;custom_dataset\processed\VID_24\004\frame_0025.jpg;custom_dataset\processed\VID_24\004\frame_0026.jpg;custom_dataset\processed\VID_24\004\frame_0027.jpg;custom_dataset\processed\VID_24\004\frame_0028.jpg,
VID_24_004_C06,VID_24,VID_24.mp4,4,VID_24_004,6,8,custom_dataset\processed\VID_24\004\frame_0025.jpg;custom_dataset\processed\VID_24\004\frame_0026.jpg;custom_dataset\processed\VID_24\004\frame_0027.jpg;custom_dataset\processed\VID_24\004\frame_0028.jpg;custom_dataset\processed\VID_24\004\frame_0029.jpg;custom_dataset\processed\VID_24\004\frame_0030.jpg;custom_dataset\processed\VID_24\004\frame_0031.jpg;custom_dataset\processed\VID_24\004\frame_0032.jpg,
VID_24_004_C07,VID_24,VID_24.mp4,4,VID_24_004,7,8,custom_dataset\processed\VID_24\004\frame_0029.jpg;custom_dataset\processed\VID_24\004\frame_0030.jpg;custom_dataset\processed\VID_24\004\frame_0031.jpg;custom_dataset\processed\VID_24\004\frame_0032.jpg;custom_dataset\processed\VID_24\004\frame_0033.jpg;custom_dataset\processed\VID_24\004\frame_0034.jpg;custom_dataset\processed\VID_24\004\frame_0035.jpg;custom_dataset\processed\VID_24\004\frame_0036.jpg,
VID_24_004_C08,VID_24,VID_24.mp4,4,VID_24_004,8,8,custom_dataset\processed\VID_24\004\frame_0033.jpg;custom_dataset\processed\VID_24\004\frame_0034.jpg;custom_dataset\processed\VID_24\004\frame_0035.jpg;custom_dataset\processed\VID_24\004\frame_0036.jpg;custom_dataset\processed\VID_24\004\frame_0037.jpg;custom_dataset\processed\VID_24\004\frame_0038.jpg;custom_dataset\processed\VID_24\004\frame_0039.jpg;custom_dataset\processed\VID_24\004\frame_0040.jpg,
VID_24_005_C00,VID_24,VID_24.mp4,5,VID_24_005,0,8,custom_dataset\processed\VID_24\005\frame_0005.jpg;custom_dataset\processed\VID_24\005\frame_0006.jpg;custom_dataset\processed\VID_24\005\frame_0007.jpg;custom_dataset\processed\VID_24\005\frame_0008.jpg;custom_dataset\processed\VID_24\005\frame_0009.jpg;custom_dataset\processed\VID_24\005\frame_0010.jpg;custom_dataset\processed\VID_24\005\frame_0011.jpg;custom_dataset\processed\VID_24\005\frame_0012.jpg,
VID_24_005_C01,VID_24,VID_24.mp4,5,VID_24_005,1,8,custom_dataset\processed\VID_24\005\frame_0009.jpg;custom_dataset\processed\VID_24\005\frame_0010.jpg;custom_dataset\processed\VID_24\005\frame_0011.jpg;custom_dataset\processed\VID_24\005\frame_0012.jpg;custom_dataset\processed\VID_24\005\frame_0013.jpg;custom_dataset\processed\VID_24\005\frame_0014.jpg;custom_dataset\processed\VID_24\005\frame_0015.jpg;custom_dataset\processed\VID_24\005\frame_0016.jpg,
VID_24_005_C02,VID_24,VID_24.mp4,5,VID_24_005,2,8,custom_dataset\processed\VID_24\005\frame_0013.jpg;custom_dataset\processed\VID_24\005\frame_0014.jpg;custom_dataset\processed\VID_24\005\frame_0015.jpg;custom_dataset\processed\VID_24\005\frame_0016.jpg;custom_dataset\processed\VID_24\005\frame_0017.jpg;custom_dataset\processed\VID_24\005\frame_0018.jpg;custom_dataset\processed\VID_24\005\frame_0019.jpg;custom_dataset\processed\VID_24\005\frame_0020.jpg,
VID_24_005_C03,VID_24,VID_24.mp4,5,VID_24_005,3,8,custom_dataset\processed\VID_24\005\frame_0017.jpg;custom_dataset\processed\VID_24\005\frame_0018.jpg;custom_dataset\processed\VID_24\005\frame_0019.jpg;custom_dataset\processed\VID_24\005\frame_0020.jpg;custom_dataset\processed\VID_24\005\frame_0021.jpg;custom_dataset\processed\VID_24\005\frame_0022.jpg;custom_dataset\processed\VID_24\005\frame_0023.jpg;custom_dataset\processed\VID_24\005\frame_0024.jpg,
VID_24_005_C04,VID_24,VID_24.mp4,5,VID_24_005,4,8,custom_dataset\processed\VID_24\005\frame_0021.jpg;custom_dataset\processed\VID_24\005\frame_0022.jpg;custom_dataset\processed\VID_24\005\frame_0023.jpg;custom_dataset\processed\VID_24\005\frame_0024.jpg;custom_dataset\processed\VID_24\005\frame_0025.jpg;custom_dataset\processed\VID_24\005\frame_0027.jpg;custom_dataset\processed\VID_24\005\frame_0028.jpg;custom_dataset\processed\VID_24\005\frame_0029.jpg,
VID_24_005_C05,VID_24,VID_24.mp4,5,VID_24_005,5,8,custom_dataset\processed\VID_24\005\frame_0025.jpg;custom_dataset\processed\VID_24\005\frame_0027.jpg;custom_dataset\processed\VID_24\005\frame_0028.jpg;custom_dataset\processed\VID_24\005\frame_0029.jpg;custom_dataset\processed\VID_24\005\frame_0030.jpg;custom_dataset\processed\VID_24\005\frame_0031.jpg;custom_dataset\processed\VID_24\005\frame_0032.jpg;custom_dataset\processed\VID_24\005\frame_0033.jpg,
VID_24_005_C06,VID_24,VID_24.mp4,5,VID_24_005,6,8,custom_dataset\processed\VID_24\005\frame_0030.jpg;custom_dataset\processed\VID_24\005\frame_0031.jpg;custom_dataset\processed\VID_24\005\frame_0032.jpg;custom_dataset\processed\VID_24\005\frame_0033.jpg;custom_dataset\processed\VID_24\005\frame_0034.jpg;custom_dataset\processed\VID_24\005\frame_0035.jpg;custom_dataset\processed\VID_24\005\frame_0036.jpg;custom_dataset\processed\VID_24\005\frame_0037.jpg,
VID_24_006_C00,VID_24,VID_24.mp4,6,VID_24_006,0,8,custom_dataset\processed\VID_24\006\frame_0006.jpg;custom_dataset\processed\VID_24\006\frame_0007.jpg;custom_dataset\processed\VID_24\006\frame_0008.jpg;custom_dataset\processed\VID_24\006\frame_0010.jpg;custom_dataset\processed\VID_24\006\frame_0011.jpg;custom_dataset\processed\VID_24\006\frame_0012.jpg;custom_dataset\processed\VID_24\006\frame_0013.jpg;custom_dataset\processed\VID_24\006\frame_0014.jpg,
VID_25_001_C00,VID_25,VID_25.mp4,1,VID_25_001,0,8,custom_dataset\processed\VID_25\001\frame_0000.jpg;custom_dataset\processed\VID_25\001\frame_0000.jpg;custom_dataset\processed\VID_25\001\frame_0001.jpg;custom_dataset\processed\VID_25\001\frame_0002.jpg;custom_dataset\processed\VID_25\001\frame_0003.jpg;custom_dataset\processed\VID_25\001\frame_0004.jpg;custom_dataset\processed\VID_25\001\frame_0005.jpg;custom_dataset\processed\VID_25\001\frame_0006.jpg,
VID_25_001_C01,VID_25,VID_25.mp4,1,VID_25_001,1,8,custom_dataset\processed\VID_25\001\frame_0003.jpg;custom_dataset\processed\VID_25\001\frame_0004.jpg;custom_dataset\processed\VID_25\001\frame_0005.jpg;custom_dataset\processed\VID_25\001\frame_0006.jpg;custom_dataset\processed\VID_25\001\frame_0007.jpg;custom_dataset\processed\VID_25\001\frame_0008.jpg;custom_dataset\processed\VID_25\001\frame_0009.jpg;custom_dataset\processed\VID_25\001\frame_0010.jpg,
VID_25_001_C02,VID_25,VID_25.mp4,1,VID_25_001,2,8,custom_dataset\processed\VID_25\001\frame_0007.jpg;custom_dataset\processed\VID_25\001\frame_0008.jpg;custom_dataset\processed\VID_25\001\frame_0009.jpg;custom_dataset\processed\VID_25\001\frame_0010.jpg;custom_dataset\processed\VID_25\001\frame_0011.jpg;custom_dataset\processed\VID_25\001\frame_0012.jpg;custom_dataset\processed\VID_25\001\frame_0013.jpg;custom_dataset\processed\VID_25\001\frame_0014.jpg,
VID_25_001_C03,VID_25,VID_25.mp4,1,VID_25_001,3,8,custom_dataset\processed\VID_25\001\frame_0011.jpg;custom_dataset\processed\VID_25\001\frame_0012.jpg;custom_dataset\processed\VID_25\001\frame_0013.jpg;custom_dataset\processed\VID_25\001\frame_0014.jpg;custom_dataset\processed\VID_25\001\frame_0015.jpg;custom_dataset\processed\VID_25\001\frame_0016.jpg;custom_dataset\processed\VID_25\001\frame_0017.jpg;custom_dataset\processed\VID_25\001\frame_0018.jpg,
VID_25_001_C04,VID_25,VID_25.mp4,1,VID_25_001,4,8,custom_dataset\processed\VID_25\001\frame_0015.jpg;custom_dataset\processed\VID_25\001\frame_0016.jpg;custom_dataset\processed\VID_25\001\frame_0017.jpg;custom_dataset\processed\VID_25\001\frame_0018.jpg;custom_dataset\processed\VID_25\001\frame_0019.jpg;custom_dataset\processed\VID_25\001\frame_0020.jpg;custom_dataset\processed\VID_25\001\frame_0021.jpg;custom_dataset\processed\VID_25\001\frame_0022.jpg,
VID_25_001_C05,VID_25,VID_25.mp4,1,VID_25_001,5,8,custom_dataset\processed\VID_25\001\frame_0019.jpg;custom_dataset\processed\VID_25\001\frame_0020.jpg;custom_dataset\processed\VID_25\001\frame_0021.jpg;custom_dataset\processed\VID_25\001\frame_0022.jpg;custom_dataset\processed\VID_25\001\frame_0023.jpg;custom_dataset\processed\VID_25\001\frame_0024.jpg;custom_dataset\processed\VID_25\001\frame_0025.jpg;custom_dataset\processed\VID_25\001\frame_0026.jpg,
VID_25_001_C06,VID_25,VID_25.mp4,1,VID_25_001,6,8,custom_dataset\processed\VID_25\001\frame_0023.jpg;custom_dataset\processed\VID_25\001\frame_0024.jpg;custom_dataset\processed\VID_25\001\frame_0025.jpg;custom_dataset\processed\VID_25\001\frame_0026.jpg;custom_dataset\processed\VID_25\001\frame_0027.jpg;custom_dataset\processed\VID_25\001\frame_0028.jpg;custom_dataset\processed\VID_25\001\frame_0029.jpg;custom_dataset\processed\VID_25\001\frame_0030.jpg,
VID_25_001_C07,VID_25,VID_25.mp4,1,VID_25_001,7,8,custom_dataset\processed\VID_25\001\frame_0027.jpg;custom_dataset\processed\VID_25\001\frame_0028.jpg;custom_dataset\processed\VID_25\001\frame_0029.jpg;custom_dataset\processed\VID_25\001\frame_0030.jpg;custom_dataset\processed\VID_25\001\frame_0031.jpg;custom_dataset\processed\VID_25\001\frame_0032.jpg;custom_dataset\processed\VID_25\001\frame_0033.jpg;custom_dataset\processed\VID_25\001\frame_0034.jpg,
VID_25_001_C08,VID_25,VID_25.mp4,1,VID_25_001,8,8,custom_dataset\processed\VID_25\001\frame_0031.jpg;custom_dataset\processed\VID_25\001\frame_0032.jpg;custom_dataset\processed\VID_25\001\frame_0033.jpg;custom_dataset\processed\VID_25\001\frame_0034.jpg;custom_dataset\processed\VID_25\001\frame_0035.jpg;custom_dataset\processed\VID_25\001\frame_0036.jpg;custom_dataset\processed\VID_25\001\frame_0037.jpg;custom_dataset\processed\VID_25\001\frame_0038.jpg,
VID_25_002_C00,VID_25,VID_25.mp4,2,VID_25_002,0,8,custom_dataset\processed\VID_25\002\frame_0000.jpg;custom_dataset\processed\VID_25\002\frame_0001.jpg;custom_dataset\processed\VID_25\002\frame_0002.jpg;custom_dataset\processed\VID_25\002\frame_0003.jpg;custom_dataset\processed\VID_25\002\frame_0004.jpg;custom_dataset\processed\VID_25\002\frame_0005.jpg;custom_dataset\processed\VID_25\002\frame_0006.jpg;custom_dataset\processed\VID_25\002\frame_0007.jpg,
VID_25_002_C01,VID_25,VID_25.mp4,2,VID_25_002,1,8,custom_dataset\processed\VID_25\002\frame_0004.jpg;custom_dataset\processed\VID_25\002\frame_0005.jpg;custom_dataset\processed\VID_25\002\frame_0006.jpg;custom_dataset\processed\VID_25\002\frame_0007.jpg;custom_dataset\processed\VID_25\002\frame_0008.jpg;custom_dataset\processed\VID_25\002\frame_0009.jpg;custom_dataset\processed\VID_25\002\frame_0010.jpg;custom_dataset\processed\VID_25\002\frame_0011.jpg,
VID_25_002_C02,VID_25,VID_25.mp4,2,VID_25_002,2,8,custom_dataset\processed\VID_25\002\frame_0008.jpg;custom_dataset\processed\VID_25\002\frame_0009.jpg;custom_dataset\processed\VID_25\002\frame_0010.jpg;custom_dataset\processed\VID_25\002\frame_0011.jpg;custom_dataset\processed\VID_25\002\frame_0012.jpg;custom_dataset\processed\VID_25\002\frame_0013.jpg;custom_dataset\processed\VID_25\002\frame_0014.jpg;custom_dataset\processed\VID_25\002\frame_0015.jpg,
VID_25_002_C03,VID_25,VID_25.mp4,2,VID_25_002,3,8,custom_dataset\processed\VID_25\002\frame_0012.jpg;custom_dataset\processed\VID_25\002\frame_0013.jpg;custom_dataset\processed\VID_25\002\frame_0014.jpg;custom_dataset\processed\VID_25\002\frame_0015.jpg;custom_dataset\processed\VID_25\002\frame_0016.jpg;custom_dataset\processed\VID_25\002\frame_0017.jpg;custom_dataset\processed\VID_25\002\frame_0018.jpg;custom_dataset\processed\VID_25\002\frame_0019.jpg,
VID_25_002_C04,VID_25,VID_25.mp4,2,VID_25_002,4,8,custom_dataset\processed\VID_25\002\frame_0016.jpg;custom_dataset\processed\VID_25\002\frame_0017.jpg;custom_dataset\processed\VID_25\002\frame_0018.jpg;custom_dataset\processed\VID_25\002\frame_0019.jpg;custom_dataset\processed\VID_25\002\frame_0020.jpg;custom_dataset\processed\VID_25\002\frame_0021.jpg;custom_dataset\processed\VID_25\002\frame_0022.jpg;custom_dataset\processed\VID_25\002\frame_0023.jpg,
VID_25_002_C05,VID_25,VID_25.mp4,2,VID_25_002,5,8,custom_dataset\processed\VID_25\002\frame_0020.jpg;custom_dataset\processed\VID_25\002\frame_0021.jpg;custom_dataset\processed\VID_25\002\frame_0022.jpg;custom_dataset\processed\VID_25\002\frame_0023.jpg;custom_dataset\processed\VID_25\002\frame_0024.jpg;custom_dataset\processed\VID_25\002\frame_0025.jpg;custom_dataset\processed\VID_25\002\frame_0026.jpg;custom_dataset\processed\VID_25\002\frame_0027.jpg,
VID_25_002_C06,VID_25,VID_25.mp4,2,VID_25_002,6,8,custom_dataset\processed\VID_25\002\frame_0024.jpg;custom_dataset\processed\VID_25\002\frame_0025.jpg;custom_dataset\processed\VID_25\002\frame_0026.jpg;custom_dataset\processed\VID_25\002\frame_0027.jpg;custom_dataset\processed\VID_25\002\frame_0028.jpg;custom_dataset\processed\VID_25\002\frame_0029.jpg;custom_dataset\processed\VID_25\002\frame_0030.jpg;custom_dataset\processed\VID_25\002\frame_0031.jpg,
VID_25_002_C07,VID_25,VID_25.mp4,2,VID_25_002,7,8,custom_dataset\processed\VID_25\002\frame_0028.jpg;custom_dataset\processed\VID_25\002\frame_0029.jpg;custom_dataset\processed\VID_25\002\frame_0030.jpg;custom_dataset\processed\VID_25\002\frame_0031.jpg;custom_dataset\processed\VID_25\002\frame_0032.jpg;custom_dataset\processed\VID_25\002\frame_0033.jpg;custom_dataset\processed\VID_25\002\frame_0034.jpg;custom_dataset\processed\VID_25\002\frame_0035.jpg,
VID_25_002_C08,VID_25,VID_25.mp4,2,VID_25_002,8,8,custom_dataset\processed\VID_25\002\frame_0032.jpg;custom_dataset\processed\VID_25\002\frame_0033.jpg;custom_dataset\processed\VID_25\002\frame_0034.jpg;custom_dataset\processed\VID_25\002\frame_0035.jpg;custom_dataset\processed\VID_25\002\frame_0036.jpg;custom_dataset\processed\VID_25\002\frame_0037.jpg;custom_dataset\processed\VID_25\002\frame_0038.jpg;custom_dataset\processed\VID_25\002\frame_0039.jpg,
VID_25_003_C00,VID_25,VID_25.mp4,3,VID_25_003,0,8,custom_dataset\processed\VID_25\003\frame_0000.jpg;custom_dataset\processed\VID_25\003\frame_0001.jpg;custom_dataset\processed\VID_25\003\frame_0002.jpg;custom_dataset\processed\VID_25\003\frame_0003.jpg;custom_dataset\processed\VID_25\003\frame_0004.jpg;custom_dataset\processed\VID_25\003\frame_0005.jpg;custom_dataset\processed\VID_25\003\frame_0006.jpg;custom_dataset\processed\VID_25\003\frame_0007.jpg,
VID_25_003_C01,VID_25,VID_25.mp4,3,VID_25_003,1,8,custom_dataset\processed\VID_25\003\frame_0004.jpg;custom_dataset\processed\VID_25\003\frame_0005.jpg;custom_dataset\processed\VID_25\003\frame_0006.jpg;custom_dataset\processed\VID_25\003\frame_0007.jpg;custom_dataset\processed\VID_25\003\frame_0008.jpg;custom_dataset\processed\VID_25\003\frame_0009.jpg;custom_dataset\processed\VID_25\003\frame_0010.jpg;custom_dataset\processed\VID_25\003\frame_0011.jpg,
VID_25_003_C02,VID_25,VID_25.mp4,3,VID_25_003,2,8,custom_dataset\processed\VID_25\003\frame_0008.jpg;custom_dataset\processed\VID_25\003\frame_0009.jpg;custom_dataset\processed\VID_25\003\frame_0010.jpg;custom_dataset\processed\VID_25\003\frame_0011.jpg;custom_dataset\processed\VID_25\003\frame_0012.jpg;custom_dataset\processed\VID_25\003\frame_0013.jpg;custom_dataset\processed\VID_25\003\frame_0014.jpg;custom_dataset\processed\VID_25\003\frame_0015.jpg,
VID_25_003_C03,VID_25,VID_25.mp4,3,VID_25_003,3,8,custom_dataset\processed\VID_25\003\frame_0012.jpg;custom_dataset\processed\VID_25\003\frame_0013.jpg;custom_dataset\processed\VID_25\003\frame_0014.jpg;custom_dataset\processed\VID_25\003\frame_0015.jpg;custom_dataset\processed\VID_25\003\frame_0016.jpg;custom_dataset\processed\VID_25\003\frame_0017.jpg;custom_dataset\processed\VID_25\003\frame_0018.jpg;custom_dataset\processed\VID_25\003\frame_0019.jpg,
VID_25_003_C04,VID_25,VID_25.mp4,3,VID_25_003,4,8,custom_dataset\processed\VID_25\003\frame_0016.jpg;custom_dataset\processed\VID_25\003\frame_0017.jpg;custom_dataset\processed\VID_25\003\frame_0018.jpg;custom_dataset\processed\VID_25\003\frame_0019.jpg;custom_dataset\processed\VID_25\003\frame_0020.jpg;custom_dataset\processed\VID_25\003\frame_0021.jpg;custom_dataset\processed\VID_25\003\frame_0022.jpg;custom_dataset\processed\VID_25\003\frame_0023.jpg,
VID_25_003_C05,VID_25,VID_25.mp4,3,VID_25_003,5,8,custom_dataset\processed\VID_25\003\frame_0020.jpg;custom_dataset\processed\VID_25\003\frame_0021.jpg;custom_dataset\processed\VID_25\003\frame_0022.jpg;custom_dataset\processed\VID_25\003\frame_0023.jpg;custom_dataset\processed\VID_25\003\frame_0024.jpg;custom_dataset\processed\VID_25\003\frame_0025.jpg;custom_dataset\processed\VID_25\003\frame_0026.jpg;custom_dataset\processed\VID_25\003\frame_0027.jpg,
VID_25_003_C06,VID_25,VID_25.mp4,3,VID_25_003,6,8,custom_dataset\processed\VID_25\003\frame_0024.jpg;custom_dataset\processed\VID_25\003\frame_0025.jpg;custom_dataset\processed\VID_25\003\frame_0026.jpg;custom_dataset\processed\VID_25\003\frame_0027.jpg;custom_dataset\processed\VID_25\003\frame_0028.jpg;custom_dataset\processed\VID_25\003\frame_0029.jpg;custom_dataset\processed\VID_25\003\frame_0030.jpg;custom_dataset\processed\VID_25\003\frame_0031.jpg,
VID_25_003_C07,VID_25,VID_25.mp4,3,VID_25_003,7,8,custom_dataset\processed\VID_25\003\frame_0028.jpg;custom_dataset\processed\VID_25\003\frame_0029.jpg;custom_dataset\processed\VID_25\003\frame_0030.jpg;custom_dataset\processed\VID_25\003\frame_0031.jpg;custom_dataset\processed\VID_25\003\frame_0032.jpg;custom_dataset\processed\VID_25\003\frame_0033.jpg;custom_dataset\processed\VID_25\003\frame_0034.jpg;custom_dataset\processed\VID_25\003\frame_0035.jpg,
VID_25_003_C08,VID_25,VID_25.mp4,3,VID_25_003,8,8,custom_dataset\processed\VID_25\003\frame_0032.jpg;custom_dataset\processed\VID_25\003\frame_0033.jpg;custom_dataset\processed\VID_25\003\frame_0034.jpg;custom_dataset\processed\VID_25\003\frame_0035.jpg;custom_dataset\processed\VID_25\003\frame_0036.jpg;custom_dataset\processed\VID_25\003\frame_0037.jpg;custom_dataset\processed\VID_25\003\frame_0038.jpg;custom_dataset\processed\VID_25\003\frame_0039.jpg,
VID_25_004_C00,VID_25,VID_25.mp4,4,VID_25_004,0,8,custom_dataset\processed\VID_25\004\frame_0001.jpg;custom_dataset\processed\VID_25\004\frame_0002.jpg;custom_dataset\processed\VID_25\004\frame_0003.jpg;custom_dataset\processed\VID_25\004\frame_0004.jpg;custom_dataset\processed\VID_25\004\frame_0005.jpg;custom_dataset\processed\VID_25\004\frame_0006.jpg;custom_dataset\processed\VID_25\004\frame_0007.jpg;custom_dataset\processed\VID_25\004\frame_0008.jpg,
VID_25_004_C01,VID_25,VID_25.mp4,4,VID_25_004,1,8,custom_dataset\processed\VID_25\004\frame_0005.jpg;custom_dataset\processed\VID_25\004\frame_0006.jpg;custom_dataset\processed\VID_25\004\frame_0007.jpg;custom_dataset\processed\VID_25\004\frame_0008.jpg;custom_dataset\processed\VID_25\004\frame_0009.jpg;custom_dataset\processed\VID_25\004\frame_0010.jpg;custom_dataset\processed\VID_25\004\frame_0011.jpg;custom_dataset\processed\VID_25\004\frame_0012.jpg,
VID_25_004_C02,VID_25,VID_25.mp4,4,VID_25_004,2,8,custom_dataset\processed\VID_25\004\frame_0009.jpg;custom_dataset\processed\VID_25\004\frame_0010.jpg;custom_dataset\processed\VID_25\004\frame_0011.jpg;custom_dataset\processed\VID_25\004\frame_0012.jpg;custom_dataset\processed\VID_25\004\frame_0013.jpg;custom_dataset\processed\VID_25\004\frame_0014.jpg;custom_dataset\processed\VID_25\004\frame_0015.jpg;custom_dataset\processed\VID_25\004\frame_0016.jpg,
VID_25_004_C03,VID_25,VID_25.mp4,4,VID_25_004,3,8,custom_dataset\processed\VID_25\004\frame_0013.jpg;custom_dataset\processed\VID_25\004\frame_0014.jpg;custom_dataset\processed\VID_25\004\frame_0015.jpg;custom_dataset\processed\VID_25\004\frame_0016.jpg;custom_dataset\processed\VID_25\004\frame_0017.jpg;custom_dataset\processed\VID_25\004\frame_0018.jpg;custom_dataset\processed\VID_25\004\frame_0019.jpg;custom_dataset\processed\VID_25\004\frame_0020.jpg,
VID_25_004_C04,VID_25,VID_25.mp4,4,VID_25_004,4,8,custom_dataset\processed\VID_25\004\frame_0017.jpg;custom_dataset\processed\VID_25\004\frame_0018.jpg;custom_dataset\processed\VID_25\004\frame_0019.jpg;custom_dataset\processed\VID_25\004\frame_0020.jpg;custom_dataset\processed\VID_25\004\frame_0021.jpg;custom_dataset\processed\VID_25\004\frame_0022.jpg;custom_dataset\processed\VID_25\004\frame_0023.jpg;custom_dataset\processed\VID_25\004\frame_0025.jpg,
VID_25_004_C05,VID_25,VID_25.mp4,4,VID_25_004,5,8,custom_dataset\processed\VID_25\004\frame_0021.jpg;custom_dataset\processed\VID_25\004\frame_0022.jpg;custom_dataset\processed\VID_25\004\frame_0023.jpg;custom_dataset\processed\VID_25\004\frame_0025.jpg;custom_dataset\processed\VID_25\004\frame_0026.jpg;custom_dataset\processed\VID_25\004\frame_0027.jpg;custom_dataset\processed\VID_25\004\frame_0028.jpg;custom_dataset\processed\VID_25\004\frame_0029.jpg,
VID_25_004_C06,VID_25,VID_25.mp4,4,VID_25_004,6,8,custom_dataset\processed\VID_25\004\frame_0026.jpg;custom_dataset\processed\VID_25\004\frame_0027.jpg;custom_dataset\processed\VID_25\004\frame_0028.jpg;custom_dataset\processed\VID_25\004\frame_0029.jpg;custom_dataset\processed\VID_25\004\frame_0030.jpg;custom_dataset\processed\VID_25\004\frame_0031.jpg;custom_dataset\processed\VID_25\004\frame_0032.jpg;custom_dataset\processed\VID_25\004\frame_0033.jpg,
VID_25_004_C07,VID_25,VID_25.mp4,4,VID_25_004,7,8,custom_dataset\processed\VID_25\004\frame_0030.jpg;custom_dataset\processed\VID_25\004\frame_0031.jpg;custom_dataset\processed\VID_25\004\frame_0032.jpg;custom_dataset\processed\VID_25\004\frame_0033.jpg;custom_dataset\processed\VID_25\004\frame_0034.jpg;custom_dataset\processed\VID_25\004\frame_0035.jpg;custom_dataset\processed\VID_25\004\frame_0036.jpg;custom_dataset\processed\VID_25\004\frame_0037.jpg,
VID_25_004_C08,VID_25,VID_25.mp4,4,VID_25_004,8,8,custom_dataset\processed\VID_25\004\frame_0034.jpg;custom_dataset\processed\VID_25\004\frame_0035.jpg;custom_dataset\processed\VID_25\004\frame_0036.jpg;custom_dataset\processed\VID_25\004\frame_0037.jpg;custom_dataset\processed\VID_25\004\frame_0038.jpg;custom_dataset\processed\VID_25\004\frame_0039.jpg;custom_dataset\processed\VID_25\004\frame_0040.jpg;custom_dataset\processed\VID_25\004\frame_0041.jpg,
VID_25_005_C00,VID_25,VID_25.mp4,5,VID_25_005,0,8,custom_dataset\processed\VID_25\005\frame_0026.jpg;custom_dataset\processed\VID_25\005\frame_0027.jpg;custom_dataset\processed\VID_25\005\frame_0028.jpg;custom_dataset\processed\VID_25\005\frame_0029.jpg;custom_dataset\processed\VID_25\005\frame_0030.jpg;custom_dataset\processed\VID_25\005\frame_0031.jpg;custom_dataset\processed\VID_25\005\frame_0032.jpg;custom_dataset\processed\VID_25\005\frame_0033.jpg,
VID_25_005_C01,VID_25,VID_25.mp4,5,VID_25_005,1,8,custom_dataset\processed\VID_25\005\frame_0030.jpg;custom_dataset\processed\VID_25\005\frame_0031.jpg;custom_dataset\processed\VID_25\005\frame_0032.jpg;custom_dataset\processed\VID_25\005\frame_0033.jpg;custom_dataset\processed\VID_25\005\frame_0034.jpg;custom_dataset\processed\VID_25\005\frame_0035.jpg;custom_dataset\processed\VID_25\005\frame_0036.jpg;custom_dataset\processed\VID_25\005\frame_0037.jpg,
VID_25_005_C02,VID_25,VID_25.mp4,5,VID_25_005,2,8,custom_dataset\processed\VID_25\005\frame_0034.jpg;custom_dataset\processed\VID_25\005\frame_0035.jpg;custom_dataset\processed\VID_25\005\frame_0036.jpg;custom_dataset\processed\VID_25\005\frame_0037.jpg;custom_dataset\processed\VID_25\005\frame_0038.jpg;custom_dataset\processed\VID_25\005\frame_0039.jpg;custom_dataset\processed\VID_25\005\frame_0040.jpg;custom_dataset\processed\VID_25\005\frame_0041.jpg,
VID_26_001_C00,VID_26,VID_26.mp4,1,VID_26_001,0,8,custom_dataset\processed\VID_26\001\frame_0000.jpg;custom_dataset\processed\VID_26\001\frame_0000.jpg;custom_dataset\processed\VID_26\001\frame_0001.jpg;custom_dataset\processed\VID_26\001\frame_0002.jpg;custom_dataset\processed\VID_26\001\frame_0003.jpg;custom_dataset\processed\VID_26\001\frame_0004.jpg;custom_dataset\processed\VID_26\001\frame_0005.jpg;custom_dataset\processed\VID_26\001\frame_0006.jpg,
VID_26_001_C01,VID_26,VID_26.mp4,1,VID_26_001,1,8,custom_dataset\processed\VID_26\001\frame_0003.jpg;custom_dataset\processed\VID_26\001\frame_0004.jpg;custom_dataset\processed\VID_26\001\frame_0005.jpg;custom_dataset\processed\VID_26\001\frame_0006.jpg;custom_dataset\processed\VID_26\001\frame_0007.jpg;custom_dataset\processed\VID_26\001\frame_0008.jpg;custom_dataset\processed\VID_26\001\frame_0009.jpg;custom_dataset\processed\VID_26\001\frame_0010.jpg,
VID_26_001_C02,VID_26,VID_26.mp4,1,VID_26_001,2,8,custom_dataset\processed\VID_26\001\frame_0007.jpg;custom_dataset\processed\VID_26\001\frame_0008.jpg;custom_dataset\processed\VID_26\001\frame_0009.jpg;custom_dataset\processed\VID_26\001\frame_0010.jpg;custom_dataset\processed\VID_26\001\frame_0011.jpg;custom_dataset\processed\VID_26\001\frame_0012.jpg;custom_dataset\processed\VID_26\001\frame_0013.jpg;custom_dataset\processed\VID_26\001\frame_0014.jpg,
VID_26_001_C03,VID_26,VID_26.mp4,1,VID_26_001,3,8,custom_dataset\processed\VID_26\001\frame_0011.jpg;custom_dataset\processed\VID_26\001\frame_0012.jpg;custom_dataset\processed\VID_26\001\frame_0013.jpg;custom_dataset\processed\VID_26\001\frame_0014.jpg;custom_dataset\processed\VID_26\001\frame_0015.jpg;custom_dataset\processed\VID_26\001\frame_0016.jpg;custom_dataset\processed\VID_26\001\frame_0017.jpg;custom_dataset\processed\VID_26\001\frame_0018.jpg,
VID_26_001_C04,VID_26,VID_26.mp4,1,VID_26_001,4,8,custom_dataset\processed\VID_26\001\frame_0015.jpg;custom_dataset\processed\VID_26\001\frame_0016.jpg;custom_dataset\processed\VID_26\001\frame_0017.jpg;custom_dataset\processed\VID_26\001\frame_0018.jpg;custom_dataset\processed\VID_26\001\frame_0019.jpg;custom_dataset\processed\VID_26\001\frame_0020.jpg;custom_dataset\processed\VID_26\001\frame_0021.jpg;custom_dataset\processed\VID_26\001\frame_0022.jpg,
VID_26_001_C05,VID_26,VID_26.mp4,1,VID_26_001,5,8,custom_dataset\processed\VID_26\001\frame_0019.jpg;custom_dataset\processed\VID_26\001\frame_0020.jpg;custom_dataset\processed\VID_26\001\frame_0021.jpg;custom_dataset\processed\VID_26\001\frame_0022.jpg;custom_dataset\processed\VID_26\001\frame_0023.jpg;custom_dataset\processed\VID_26\001\frame_0024.jpg;custom_dataset\processed\VID_26\001\frame_0025.jpg;custom_dataset\processed\VID_26\001\frame_0026.jpg,
VID_26_001_C06,VID_26,VID_26.mp4,1,VID_26_001,6,8,custom_dataset\processed\VID_26\001\frame_0023.jpg;custom_dataset\processed\VID_26\001\frame_0024.jpg;custom_dataset\processed\VID_26\001\frame_0025.jpg;custom_dataset\processed\VID_26\001\frame_0026.jpg;custom_dataset\processed\VID_26\001\frame_0027.jpg;custom_dataset\processed\VID_26\001\frame_0028.jpg;custom_dataset\processed\VID_26\001\frame_0029.jpg;custom_dataset\processed\VID_26\001\frame_0030.jpg,
VID_26_001_C07,VID_26,VID_26.mp4,1,VID_26_001,7,8,custom_dataset\processed\VID_26\001\frame_0027.jpg;custom_dataset\processed\VID_26\001\frame_0028.jpg;custom_dataset\processed\VID_26\001\frame_0029.jpg;custom_dataset\processed\VID_26\001\frame_0030.jpg;custom_dataset\processed\VID_26\001\frame_0031.jpg;custom_dataset\processed\VID_26\001\frame_0032.jpg;custom_dataset\processed\VID_26\001\frame_0033.jpg;custom_dataset\processed\VID_26\001\frame_0034.jpg,
VID_26_001_C08,VID_26,VID_26.mp4,1,VID_26_001,8,8,custom_dataset\processed\VID_26\001\frame_0031.jpg;custom_dataset\processed\VID_26\001\frame_0032.jpg;custom_dataset\processed\VID_26\001\frame_0033.jpg;custom_dataset\processed\VID_26\001\frame_0034.jpg;custom_dataset\processed\VID_26\001\frame_0035.jpg;custom_dataset\processed\VID_26\001\frame_0036.jpg;custom_dataset\processed\VID_26\001\frame_0037.jpg;custom_dataset\processed\VID_26\001\frame_0038.jpg,
VID_26_001_C09,VID_26,VID_26.mp4,1,VID_26_001,9,8,custom_dataset\processed\VID_26\001\frame_0035.jpg;custom_dataset\processed\VID_26\001\frame_0036.jpg;custom_dataset\processed\VID_26\001\frame_0037.jpg;custom_dataset\processed\VID_26\001\frame_0038.jpg;custom_dataset\processed\VID_26\001\frame_0039.jpg;custom_dataset\processed\VID_26\001\frame_0040.jpg;custom_dataset\processed\VID_26\001\frame_0041.jpg;custom_dataset\processed\VID_26\001\frame_0042.jpg,
VID_26_001_C10,VID_26,VID_26.mp4,1,VID_26_001,10,8,custom_dataset\processed\VID_26\001\frame_0039.jpg;custom_dataset\processed\VID_26\001\frame_0040.jpg;custom_dataset\processed\VID_26\001\frame_0041.jpg;custom_dataset\processed\VID_26\001\frame_0042.jpg;custom_dataset\processed\VID_26\001\frame_0043.jpg;custom_dataset\processed\VID_26\001\frame_0044.jpg;custom_dataset\processed\VID_26\001\frame_0045.jpg;custom_dataset\processed\VID_26\001\frame_0046.jpg,
VID_26_002_C00,VID_26,VID_26.mp4,2,VID_26_002,0,8,custom_dataset\processed\VID_26\002\frame_0000.jpg;custom_dataset\processed\VID_26\002\frame_0001.jpg;custom_dataset\processed\VID_26\002\frame_0002.jpg;custom_dataset\processed\VID_26\002\frame_0003.jpg;custom_dataset\processed\VID_26\002\frame_0004.jpg;custom_dataset\processed\VID_26\002\frame_0005.jpg;custom_dataset\processed\VID_26\002\frame_0006.jpg;custom_dataset\processed\VID_26\002\frame_0007.jpg,
VID_26_002_C01,VID_26,VID_26.mp4,2,VID_26_002,1,8,custom_dataset\processed\VID_26\002\frame_0004.jpg;custom_dataset\processed\VID_26\002\frame_0005.jpg;custom_dataset\processed\VID_26\002\frame_0006.jpg;custom_dataset\processed\VID_26\002\frame_0007.jpg;custom_dataset\processed\VID_26\002\frame_0008.jpg;custom_dataset\processed\VID_26\002\frame_0009.jpg;custom_dataset\processed\VID_26\002\frame_0010.jpg;custom_dataset\processed\VID_26\002\frame_0011.jpg,
VID_26_002_C02,VID_26,VID_26.mp4,2,VID_26_002,2,8,custom_dataset\processed\VID_26\002\frame_0008.jpg;custom_dataset\processed\VID_26\002\frame_0009.jpg;custom_dataset\processed\VID_26\002\frame_0010.jpg;custom_dataset\processed\VID_26\002\frame_0011.jpg;custom_dataset\processed\VID_26\002\frame_0012.jpg;custom_dataset\processed\VID_26\002\frame_0013.jpg;custom_dataset\processed\VID_26\002\frame_0014.jpg;custom_dataset\processed\VID_26\002\frame_0015.jpg,
VID_26_002_C03,VID_26,VID_26.mp4,2,VID_26_002,3,8,custom_dataset\processed\VID_26\002\frame_0012.jpg;custom_dataset\processed\VID_26\002\frame_0013.jpg;custom_dataset\processed\VID_26\002\frame_0014.jpg;custom_dataset\processed\VID_26\002\frame_0015.jpg;custom_dataset\processed\VID_26\002\frame_0016.jpg;custom_dataset\processed\VID_26\002\frame_0017.jpg;custom_dataset\processed\VID_26\002\frame_0018.jpg;custom_dataset\processed\VID_26\002\frame_0019.jpg,
VID_26_002_C04,VID_26,VID_26.mp4,2,VID_26_002,4,8,custom_dataset\processed\VID_26\002\frame_0016.jpg;custom_dataset\processed\VID_26\002\frame_0017.jpg;custom_dataset\processed\VID_26\002\frame_0018.jpg;custom_dataset\processed\VID_26\002\frame_0019.jpg;custom_dataset\processed\VID_26\002\frame_0020.jpg;custom_dataset\processed\VID_26\002\frame_0021.jpg;custom_dataset\processed\VID_26\002\frame_0022.jpg;custom_dataset\processed\VID_26\002\frame_0023.jpg,
VID_26_002_C05,VID_26,VID_26.mp4,2,VID_26_002,5,8,custom_dataset\processed\VID_26\002\frame_0020.jpg;custom_dataset\processed\VID_26\002\frame_0021.jpg;custom_dataset\processed\VID_26\002\frame_0022.jpg;custom_dataset\processed\VID_26\002\frame_0023.jpg;custom_dataset\processed\VID_26\002\frame_0024.jpg;custom_dataset\processed\VID_26\002\frame_0025.jpg;custom_dataset\processed\VID_26\002\frame_0026.jpg;custom_dataset\processed\VID_26\002\frame_0027.jpg,
VID_26_002_C06,VID_26,VID_26.mp4,2,VID_26_002,6,8,custom_dataset\processed\VID_26\002\frame_0024.jpg;custom_dataset\processed\VID_26\002\frame_0025.jpg;custom_dataset\processed\VID_26\002\frame_0026.jpg;custom_dataset\processed\VID_26\002\frame_0027.jpg;custom_dataset\processed\VID_26\002\frame_0028.jpg;custom_dataset\processed\VID_26\002\frame_0029.jpg;custom_dataset\processed\VID_26\002\frame_0030.jpg;custom_dataset\processed\VID_26\002\frame_0031.jpg,
VID_26_002_C07,VID_26,VID_26.mp4,2,VID_26_002,7,8,custom_dataset\processed\VID_26\002\frame_0028.jpg;custom_dataset\processed\VID_26\002\frame_0029.jpg;custom_dataset\processed\VID_26\002\frame_0030.jpg;custom_dataset\processed\VID_26\002\frame_0031.jpg;custom_dataset\processed\VID_26\002\frame_0032.jpg;custom_dataset\processed\VID_26\002\frame_0033.jpg;custom_dataset\processed\VID_26\002\frame_0034.jpg;custom_dataset\processed\VID_26\002\frame_0035.jpg,
VID_26_002_C08,VID_26,VID_26.mp4,2,VID_26_002,8,8,custom_dataset\processed\VID_26\002\frame_0032.jpg;custom_dataset\processed\VID_26\002\frame_0033.jpg;custom_dataset\processed\VID_26\002\frame_0034.jpg;custom_dataset\processed\VID_26\002\frame_0035.jpg;custom_dataset\processed\VID_26\002\frame_0036.jpg;custom_dataset\processed\VID_26\002\frame_0037.jpg;custom_dataset\processed\VID_26\002\frame_0038.jpg;custom_dataset\processed\VID_26\002\frame_0039.jpg,
VID_26_002_C09,VID_26,VID_26.mp4,2,VID_26_002,9,8,custom_dataset\processed\VID_26\002\frame_0036.jpg;custom_dataset\processed\VID_26\002\frame_0037.jpg;custom_dataset\processed\VID_26\002\frame_0038.jpg;custom_dataset\processed\VID_26\002\frame_0039.jpg;custom_dataset\processed\VID_26\002\frame_0040.jpg;custom_dataset\processed\VID_26\002\frame_0041.jpg;custom_dataset\processed\VID_26\002\frame_0042.jpg;custom_dataset\processed\VID_26\002\frame_0043.jpg,
VID_26_002_C10,VID_26,VID_26.mp4,2,VID_26_002,10,8,custom_dataset\processed\VID_26\002\frame_0040.jpg;custom_dataset\processed\VID_26\002\frame_0041.jpg;custom_dataset\processed\VID_26\002\frame_0042.jpg;custom_dataset\processed\VID_26\002\frame_0043.jpg;custom_dataset\processed\VID_26\002\frame_0044.jpg;custom_dataset\processed\VID_26\002\frame_0045.jpg;custom_dataset\processed\VID_26\002\frame_0046.jpg;custom_dataset\processed\VID_26\002\frame_0047.jpg,
VID_26_003_C00,VID_26,VID_26.mp4,3,VID_26_003,0,8,custom_dataset\processed\VID_26\003\frame_0000.jpg;custom_dataset\processed\VID_26\003\frame_0001.jpg;custom_dataset\processed\VID_26\003\frame_0002.jpg;custom_dataset\processed\VID_26\003\frame_0003.jpg;custom_dataset\processed\VID_26\003\frame_0004.jpg;custom_dataset\processed\VID_26\003\frame_0005.jpg;custom_dataset\processed\VID_26\003\frame_0006.jpg;custom_dataset\processed\VID_26\003\frame_0009.jpg,
VID_26_003_C01,VID_26,VID_26.mp4,3,VID_26_003,1,8,custom_dataset\processed\VID_26\003\frame_0004.jpg;custom_dataset\processed\VID_26\003\frame_0005.jpg;custom_dataset\processed\VID_26\003\frame_0006.jpg;custom_dataset\processed\VID_26\003\frame_0009.jpg;custom_dataset\processed\VID_26\003\frame_0011.jpg;custom_dataset\processed\VID_26\003\frame_0015.jpg;custom_dataset\processed\VID_26\003\frame_0017.jpg;custom_dataset\processed\VID_26\003\frame_0018.jpg,
VID_26_003_C02,VID_26,VID_26.mp4,3,VID_26_003,2,8,custom_dataset\processed\VID_26\003\frame_0011.jpg;custom_dataset\processed\VID_26\003\frame_0015.jpg;custom_dataset\processed\VID_26\003\frame_0017.jpg;custom_dataset\processed\VID_26\003\frame_0018.jpg;custom_dataset\processed\VID_26\003\frame_0019.jpg;custom_dataset\processed\VID_26\003\frame_0021.jpg;custom_dataset\processed\VID_26\003\frame_0022.jpg;custom_dataset\processed\VID_26\003\frame_0024.jpg,
VID_26_004_C00,VID_26,VID_26.mp4,4,VID_26_004,0,8,custom_dataset\processed\VID_26\004\frame_0001.jpg;custom_dataset\processed\VID_26\004\frame_0002.jpg;custom_dataset\processed\VID_26\004\frame_0003.jpg;custom_dataset\processed\VID_26\004\frame_0004.jpg;custom_dataset\processed\VID_26\004\frame_0005.jpg;custom_dataset\processed\VID_26\004\frame_0006.jpg;custom_dataset\processed\VID_26\004\frame_0007.jpg;custom_dataset\processed\VID_26\004\frame_0008.jpg,
VID_26_004_C01,VID_26,VID_26.mp4,4,VID_26_004,1,8,custom_dataset\processed\VID_26\004\frame_0005.jpg;custom_dataset\processed\VID_26\004\frame_0006.jpg;custom_dataset\processed\VID_26\004\frame_0007.jpg;custom_dataset\processed\VID_26\004\frame_0008.jpg;custom_dataset\processed\VID_26\004\frame_0009.jpg;custom_dataset\processed\VID_26\004\frame_0010.jpg;custom_dataset\processed\VID_26\004\frame_0011.jpg;custom_dataset\processed\VID_26\004\frame_0012.jpg,
VID_26_004_C02,VID_26,VID_26.mp4,4,VID_26_004,2,8,custom_dataset\processed\VID_26\004\frame_0009.jpg;custom_dataset\processed\VID_26\004\frame_0010.jpg;custom_dataset\processed\VID_26\004\frame_0011.jpg;custom_dataset\processed\VID_26\004\frame_0012.jpg;custom_dataset\processed\VID_26\004\frame_0013.jpg;custom_dataset\processed\VID_26\004\frame_0014.jpg;custom_dataset\processed\VID_26\004\frame_0015.jpg;custom_dataset\processed\VID_26\004\frame_0016.jpg,
VID_26_004_C03,VID_26,VID_26.mp4,4,VID_26_004,3,8,custom_dataset\processed\VID_26\004\frame_0013.jpg;custom_dataset\processed\VID_26\004\frame_0014.jpg;custom_dataset\processed\VID_26\004\frame_0015.jpg;custom_dataset\processed\VID_26\004\frame_0016.jpg;custom_dataset\processed\VID_26\004\frame_0017.jpg;custom_dataset\processed\VID_26\004\frame_0018.jpg;custom_dataset\processed\VID_26\004\frame_0019.jpg;custom_dataset\processed\VID_26\004\frame_0020.jpg,
VID_26_004_C04,VID_26,VID_26.mp4,4,VID_26_004,4,8,custom_dataset\processed\VID_26\004\frame_0017.jpg;custom_dataset\processed\VID_26\004\frame_0018.jpg;custom_dataset\processed\VID_26\004\frame_0019.jpg;custom_dataset\processed\VID_26\004\frame_0020.jpg;custom_dataset\processed\VID_26\004\frame_0021.jpg;custom_dataset\processed\VID_26\004\frame_0022.jpg;custom_dataset\processed\VID_26\004\frame_0023.jpg;custom_dataset\processed\VID_26\004\frame_0024.jpg,
VID_26_004_C05,VID_26,VID_26.mp4,4,VID_26_004,5,8,custom_dataset\processed\VID_26\004\frame_0021.jpg;custom_dataset\processed\VID_26\004\frame_0022.jpg;custom_dataset\processed\VID_26\004\frame_0023.jpg;custom_dataset\processed\VID_26\004\frame_0024.jpg;custom_dataset\processed\VID_26\004\frame_0025.jpg;custom_dataset\processed\VID_26\004\frame_0026.jpg;custom_dataset\processed\VID_26\004\frame_0027.jpg;custom_dataset\processed\VID_26\004\frame_0028.jpg,
VID_26_004_C06,VID_26,VID_26.mp4,4,VID_26_004,6,8,custom_dataset\processed\VID_26\004\frame_0025.jpg;custom_dataset\processed\VID_26\004\frame_0026.jpg;custom_dataset\processed\VID_26\004\frame_0027.jpg;custom_dataset\processed\VID_26\004\frame_0028.jpg;custom_dataset\processed\VID_26\004\frame_0029.jpg;custom_dataset\processed\VID_26\004\frame_0030.jpg;custom_dataset\processed\VID_26\004\frame_0031.jpg;custom_dataset\processed\VID_26\004\frame_0032.jpg,
VID_26_004_C07,VID_26,VID_26.mp4,4,VID_26_004,7,8,custom_dataset\processed\VID_26\004\frame_0029.jpg;custom_dataset\processed\VID_26\004\frame_0030.jpg;custom_dataset\processed\VID_26\004\frame_0031.jpg;custom_dataset\processed\VID_26\004\frame_0032.jpg;custom_dataset\processed\VID_26\004\frame_0033.jpg;custom_dataset\processed\VID_26\004\frame_0034.jpg;custom_dataset\processed\VID_26\004\frame_0035.jpg;custom_dataset\processed\VID_26\004\frame_0036.jpg,
VID_26_004_C08,VID_26,VID_26.mp4,4,VID_26_004,8,8,custom_dataset\processed\VID_26\004\frame_0033.jpg;custom_dataset\processed\VID_26\004\frame_0034.jpg;custom_dataset\processed\VID_26\004\frame_0035.jpg;custom_dataset\processed\VID_26\004\frame_0036.jpg;custom_dataset\processed\VID_26\004\frame_0037.jpg;custom_dataset\processed\VID_26\004\frame_0038.jpg;custom_dataset\processed\VID_26\004\frame_0039.jpg;custom_dataset\processed\VID_26\004\frame_0040.jpg,
VID_26_004_C09,VID_26,VID_26.mp4,4,VID_26_004,9,8,custom_dataset\processed\VID_26\004\frame_0037.jpg;custom_dataset\processed\VID_26\004\frame_0038.jpg;custom_dataset\processed\VID_26\004\frame_0039.jpg;custom_dataset\processed\VID_26\004\frame_0040.jpg;custom_dataset\processed\VID_26\004\frame_0041.jpg;custom_dataset\processed\VID_26\004\frame_0042.jpg;custom_dataset\processed\VID_26\004\frame_0043.jpg;custom_dataset\processed\VID_26\004\frame_0044.jpg,
VID_26_006_C00,VID_26,VID_26.mp4,6,VID_26_006,0,8,custom_dataset\processed\VID_26\006\frame_0006.jpg;custom_dataset\processed\VID_26\006\frame_0007.jpg;custom_dataset\processed\VID_26\006\frame_0008.jpg;custom_dataset\processed\VID_26\006\frame_0010.jpg;custom_dataset\processed\VID_26\006\frame_0012.jpg;custom_dataset\processed\VID_26\006\frame_0013.jpg;custom_dataset\processed\VID_26\006\frame_0014.jpg;custom_dataset\processed\VID_26\006\frame_0016.jpg,
VID_26_006_C01,VID_26,VID_26.mp4,6,VID_26_006,1,8,custom_dataset\processed\VID_26\006\frame_0012.jpg;custom_dataset\processed\VID_26\006\frame_0013.jpg;custom_dataset\processed\VID_26\006\frame_0014.jpg;custom_dataset\processed\VID_26\006\frame_0016.jpg;custom_dataset\processed\VID_26\006\frame_0020.jpg;custom_dataset\processed\VID_26\006\frame_0023.jpg;custom_dataset\processed\VID_26\006\frame_0025.jpg;custom_dataset\processed\VID_26\006\frame_0026.jpg,
VID_26_006_C02,VID_26,VID_26.mp4,6,VID_26_006,2,8,custom_dataset\processed\VID_26\006\frame_0020.jpg;custom_dataset\processed\VID_26\006\frame_0023.jpg;custom_dataset\processed\VID_26\006\frame_0025.jpg;custom_dataset\processed\VID_26\006\frame_0026.jpg;custom_dataset\processed\VID_26\006\frame_0027.jpg;custom_dataset\processed\VID_26\006\frame_0028.jpg;custom_dataset\processed\VID_26\006\frame_0029.jpg;custom_dataset\processed\VID_26\006\frame_0030.jpg,
VID_26_006_C03,VID_26,VID_26.mp4,6,VID_26_006,3,8,custom_dataset\processed\VID_26\006\frame_0027.jpg;custom_dataset\processed\VID_26\006\frame_0028.jpg;custom_dataset\processed\VID_26\006\frame_0029.jpg;custom_dataset\processed\VID_26\006\frame_0030.jpg;custom_dataset\processed\VID_26\006\frame_0031.jpg;custom_dataset\processed\VID_26\006\frame_0032.jpg;custom_dataset\processed\VID_26\006\frame_0033.jpg;custom_dataset\processed\VID_26\006\frame_0034.jpg,
VID_26_006_C04,VID_26,VID_26.mp4,6,VID_26_006,4,8,custom_dataset\processed\VID_26\006\frame_0031.jpg;custom_dataset\processed\VID_26\006\frame_0032.jpg;custom_dataset\processed\VID_26\006\frame_0033.jpg;custom_dataset\processed\VID_26\006\frame_0034.jpg;custom_dataset\processed\VID_26\006\frame_0035.jpg;custom_dataset\processed\VID_26\006\frame_0036.jpg;custom_dataset\processed\VID_26\006\frame_0037.jpg;custom_dataset\processed\VID_26\006\frame_0038.jpg,
VID_26_006_C05,VID_26,VID_26.mp4,6,VID_26_006,5,8,custom_dataset\processed\VID_26\006\frame_0035.jpg;custom_dataset\processed\VID_26\006\frame_0036.jpg;custom_dataset\processed\VID_26\006\frame_0037.jpg;custom_dataset\processed\VID_26\006\frame_0038.jpg;custom_dataset\processed\VID_26\006\frame_0039.jpg;custom_dataset\processed\VID_26\006\frame_0040.jpg;custom_dataset\processed\VID_26\006\frame_0041.jpg;custom_dataset\processed\VID_26\006\frame_0042.jpg,
VID_26_006_C06,VID_26,VID_26.mp4,6,VID_26_006,6,8,custom_dataset\processed\VID_26\006\frame_0039.jpg;custom_dataset\processed\VID_26\006\frame_0040.jpg;custom_dataset\processed\VID_26\006\frame_0041.jpg;custom_dataset\processed\VID_26\006\frame_0042.jpg;custom_dataset\processed\VID_26\006\frame_0043.jpg;custom_dataset\processed\VID_26\006\frame_0044.jpg;custom_dataset\processed\VID_26\006\frame_0045.jpg;custom_dataset\processed\VID_26\006\frame_0046.jpg,
VID_26_007_C00,VID_26,VID_26.mp4,7,VID_26_007,0,8,custom_dataset\processed\VID_26\007\frame_0034.jpg;custom_dataset\processed\VID_26\007\frame_0035.jpg;custom_dataset\processed\VID_26\007\frame_0036.jpg;custom_dataset\processed\VID_26\007\frame_0037.jpg;custom_dataset\processed\VID_26\007\frame_0038.jpg;custom_dataset\processed\VID_26\007\frame_0039.jpg;custom_dataset\processed\VID_26\007\frame_0040.jpg;custom_dataset\processed\VID_26\007\frame_0041.jpg,
VID_27_001_C00,VID_27,VID_27.mp4,1,VID_27_001,0,8,custom_dataset\processed\VID_27\001\frame_0000.jpg;custom_dataset\processed\VID_27\001\frame_0001.jpg;custom_dataset\processed\VID_27\001\frame_0002.jpg;custom_dataset\processed\VID_27\001\frame_0003.jpg;custom_dataset\processed\VID_27\001\frame_0004.jpg;custom_dataset\processed\VID_27\001\frame_0005.jpg;custom_dataset\processed\VID_27\001\frame_0006.jpg;custom_dataset\processed\VID_27\001\frame_0007.jpg,
VID_27_001_C01,VID_27,VID_27.mp4,1,VID_27_001,1,8,custom_dataset\processed\VID_27\001\frame_0004.jpg;custom_dataset\processed\VID_27\001\frame_0005.jpg;custom_dataset\processed\VID_27\001\frame_0006.jpg;custom_dataset\processed\VID_27\001\frame_0007.jpg;custom_dataset\processed\VID_27\001\frame_0008.jpg;custom_dataset\processed\VID_27\001\frame_0009.jpg;custom_dataset\processed\VID_27\001\frame_0010.jpg;custom_dataset\processed\VID_27\001\frame_0011.jpg,
VID_27_001_C02,VID_27,VID_27.mp4,1,VID_27_001,2,8,custom_dataset\processed\VID_27\001\frame_0008.jpg;custom_dataset\processed\VID_27\001\frame_0009.jpg;custom_dataset\processed\VID_27\001\frame_0010.jpg;custom_dataset\processed\VID_27\001\frame_0011.jpg;custom_dataset\processed\VID_27\001\frame_0012.jpg;custom_dataset\processed\VID_27\001\frame_0013.jpg;custom_dataset\processed\VID_27\001\frame_0014.jpg;custom_dataset\processed\VID_27\001\frame_0015.jpg,
VID_27_001_C03,VID_27,VID_27.mp4,1,VID_27_001,3,8,custom_dataset\processed\VID_27\001\frame_0012.jpg;custom_dataset\processed\VID_27\001\frame_0013.jpg;custom_dataset\processed\VID_27\001\frame_0014.jpg;custom_dataset\processed\VID_27\001\frame_0015.jpg;custom_dataset\processed\VID_27\001\frame_0016.jpg;custom_dataset\processed\VID_27\001\frame_0017.jpg;custom_dataset\processed\VID_27\001\frame_0018.jpg;custom_dataset\processed\VID_27\001\frame_0019.jpg,
VID_27_001_C04,VID_27,VID_27.mp4,1,VID_27_001,4,8,custom_dataset\processed\VID_27\001\frame_0016.jpg;custom_dataset\processed\VID_27\001\frame_0017.jpg;custom_dataset\processed\VID_27\001\frame_0018.jpg;custom_dataset\processed\VID_27\001\frame_0019.jpg;custom_dataset\processed\VID_27\001\frame_0020.jpg;custom_dataset\processed\VID_27\001\frame_0021.jpg;custom_dataset\processed\VID_27\001\frame_0022.jpg;custom_dataset\processed\VID_27\001\frame_0023.jpg,
VID_27_001_C05,VID_27,VID_27.mp4,1,VID_27_001,5,8,custom_dataset\processed\VID_27\001\frame_0020.jpg;custom_dataset\processed\VID_27\001\frame_0021.jpg;custom_dataset\processed\VID_27\001\frame_0022.jpg;custom_dataset\processed\VID_27\001\frame_0023.jpg;custom_dataset\processed\VID_27\001\frame_0024.jpg;custom_dataset\processed\VID_27\001\frame_0025.jpg;custom_dataset\processed\VID_27\001\frame_0026.jpg;custom_dataset\processed\VID_27\001\frame_0027.jpg,
VID_27_001_C06,VID_27,VID_27.mp4,1,VID_27_001,6,8,custom_dataset\processed\VID_27\001\frame_0024.jpg;custom_dataset\processed\VID_27\001\frame_0025.jpg;custom_dataset\processed\VID_27\001\frame_0026.jpg;custom_dataset\processed\VID_27\001\frame_0027.jpg;custom_dataset\processed\VID_27\001\frame_0028.jpg;custom_dataset\processed\VID_27\001\frame_0029.jpg;custom_dataset\processed\VID_27\001\frame_0030.jpg;custom_dataset\processed\VID_27\001\frame_0031.jpg,
VID_27_001_C07,VID_27,VID_27.mp4,1,VID_27_001,7,8,custom_dataset\processed\VID_27\001\frame_0028.jpg;custom_dataset\processed\VID_27\001\frame_0029.jpg;custom_dataset\processed\VID_27\001\frame_0030.jpg;custom_dataset\processed\VID_27\001\frame_0031.jpg;custom_dataset\processed\VID_27\001\frame_0032.jpg;custom_dataset\processed\VID_27\001\frame_0033.jpg;custom_dataset\processed\VID_27\001\frame_0034.jpg;custom_dataset\processed\VID_27\001\frame_0035.jpg,
VID_27_001_C08,VID_27,VID_27.mp4,1,VID_27_001,8,8,custom_dataset\processed\VID_27\001\frame_0032.jpg;custom_dataset\processed\VID_27\001\frame_0033.jpg;custom_dataset\processed\VID_27\001\frame_0034.jpg;custom_dataset\processed\VID_27\001\frame_0035.jpg;custom_dataset\processed\VID_27\001\frame_0036.jpg;custom_dataset\processed\VID_27\001\frame_0037.jpg;custom_dataset\processed\VID_27\001\frame_0038.jpg;custom_dataset\processed\VID_27\001\frame_0039.jpg,
VID_27_002_C00,VID_27,VID_27.mp4,2,VID_27_002,0,8,custom_dataset\processed\VID_27\002\frame_0000.jpg;custom_dataset\processed\VID_27\002\frame_0000.jpg;custom_dataset\processed\VID_27\002\frame_0001.jpg;custom_dataset\processed\VID_27\002\frame_0002.jpg;custom_dataset\processed\VID_27\002\frame_0003.jpg;custom_dataset\processed\VID_27\002\frame_0004.jpg;custom_dataset\processed\VID_27\002\frame_0005.jpg;custom_dataset\processed\VID_27\002\frame_0006.jpg,
VID_27_002_C01,VID_27,VID_27.mp4,2,VID_27_002,1,8,custom_dataset\processed\VID_27\002\frame_0003.jpg;custom_dataset\processed\VID_27\002\frame_0004.jpg;custom_dataset\processed\VID_27\002\frame_0005.jpg;custom_dataset\processed\VID_27\002\frame_0006.jpg;custom_dataset\processed\VID_27\002\frame_0007.jpg;custom_dataset\processed\VID_27\002\frame_0008.jpg;custom_dataset\processed\VID_27\002\frame_0009.jpg;custom_dataset\processed\VID_27\002\frame_0010.jpg,
VID_27_002_C02,VID_27,VID_27.mp4,2,VID_27_002,2,8,custom_dataset\processed\VID_27\002\frame_0007.jpg;custom_dataset\processed\VID_27\002\frame_0008.jpg;custom_dataset\processed\VID_27\002\frame_0009.jpg;custom_dataset\processed\VID_27\002\frame_0010.jpg;custom_dataset\processed\VID_27\002\frame_0011.jpg;custom_dataset\processed\VID_27\002\frame_0012.jpg;custom_dataset\processed\VID_27\002\frame_0013.jpg;custom_dataset\processed\VID_27\002\frame_0014.jpg,
VID_27_002_C03,VID_27,VID_27.mp4,2,VID_27_002,3,8,custom_dataset\processed\VID_27\002\frame_0011.jpg;custom_dataset\processed\VID_27\002\frame_0012.jpg;custom_dataset\processed\VID_27\002\frame_0013.jpg;custom_dataset\processed\VID_27\002\frame_0014.jpg;custom_dataset\processed\VID_27\002\frame_0015.jpg;custom_dataset\processed\VID_27\002\frame_0016.jpg;custom_dataset\processed\VID_27\002\frame_0017.jpg;custom_dataset\processed\VID_27\002\frame_0018.jpg,
VID_27_002_C04,VID_27,VID_27.mp4,2,VID_27_002,4,8,custom_dataset\processed\VID_27\002\frame_0015.jpg;custom_dataset\processed\VID_27\002\frame_0016.jpg;custom_dataset\processed\VID_27\002\frame_0017.jpg;custom_dataset\processed\VID_27\002\frame_0018.jpg;custom_dataset\processed\VID_27\002\frame_0019.jpg;custom_dataset\processed\VID_27\002\frame_0020.jpg;custom_dataset\processed\VID_27\002\frame_0021.jpg;custom_dataset\processed\VID_27\002\frame_0022.jpg,
VID_27_002_C05,VID_27,VID_27.mp4,2,VID_27_002,5,8,custom_dataset\processed\VID_27\002\frame_0019.jpg;custom_dataset\processed\VID_27\002\frame_0020.jpg;custom_dataset\processed\VID_27\002\frame_0021.jpg;custom_dataset\processed\VID_27\002\frame_0022.jpg;custom_dataset\processed\VID_27\002\frame_0023.jpg;custom_dataset\processed\VID_27\002\frame_0024.jpg;custom_dataset\processed\VID_27\002\frame_0025.jpg;custom_dataset\processed\VID_27\002\frame_0026.jpg,
VID_27_002_C06,VID_27,VID_27.mp4,2,VID_27_002,6,8,custom_dataset\processed\VID_27\002\frame_0023.jpg;custom_dataset\processed\VID_27\002\frame_0024.jpg;custom_dataset\processed\VID_27\002\frame_0025.jpg;custom_dataset\processed\VID_27\002\frame_0026.jpg;custom_dataset\processed\VID_27\002\frame_0027.jpg;custom_dataset\processed\VID_27\002\frame_0028.jpg;custom_dataset\processed\VID_27\002\frame_0029.jpg;custom_dataset\processed\VID_27\002\frame_0030.jpg,
VID_27_002_C07,VID_27,VID_27.mp4,2,VID_27_002,7,8,custom_dataset\processed\VID_27\002\frame_0027.jpg;custom_dataset\processed\VID_27\002\frame_0028.jpg;custom_dataset\processed\VID_27\002\frame_0029.jpg;custom_dataset\processed\VID_27\002\frame_0030.jpg;custom_dataset\processed\VID_27\002\frame_0031.jpg;custom_dataset\processed\VID_27\002\frame_0032.jpg;custom_dataset\processed\VID_27\002\frame_0033.jpg;custom_dataset\processed\VID_27\002\frame_0034.jpg,
VID_27_002_C08,VID_27,VID_27.mp4,2,VID_27_002,8,8,custom_dataset\processed\VID_27\002\frame_0031.jpg;custom_dataset\processed\VID_27\002\frame_0032.jpg;custom_dataset\processed\VID_27\002\frame_0033.jpg;custom_dataset\processed\VID_27\002\frame_0034.jpg;custom_dataset\processed\VID_27\002\frame_0035.jpg;custom_dataset\processed\VID_27\002\frame_0036.jpg;custom_dataset\processed\VID_27\002\frame_0037.jpg;custom_dataset\processed\VID_27\002\frame_0038.jpg,
VID_27_002_C09,VID_27,VID_27.mp4,2,VID_27_002,9,8,custom_dataset\processed\VID_27\002\frame_0035.jpg;custom_dataset\processed\VID_27\002\frame_0036.jpg;custom_dataset\processed\VID_27\002\frame_0037.jpg;custom_dataset\processed\VID_27\002\frame_0038.jpg;custom_dataset\processed\VID_27\002\frame_0039.jpg;custom_dataset\processed\VID_27\002\frame_0040.jpg;custom_dataset\processed\VID_27\002\frame_0041.jpg;custom_dataset\processed\VID_27\002\frame_0042.jpg,
VID_27_003_C00,VID_27,VID_27.mp4,3,VID_27_003,0,8,custom_dataset\processed\VID_27\003\frame_0000.jpg;custom_dataset\processed\VID_27\003\frame_0000.jpg;custom_dataset\processed\VID_27\003\frame_0001.jpg;custom_dataset\processed\VID_27\003\frame_0002.jpg;custom_dataset\processed\VID_27\003\frame_0003.jpg;custom_dataset\processed\VID_27\003\frame_0004.jpg;custom_dataset\processed\VID_27\003\frame_0005.jpg;custom_dataset\processed\VID_27\003\frame_0006.jpg,
VID_27_003_C01,VID_27,VID_27.mp4,3,VID_27_003,1,8,custom_dataset\processed\VID_27\003\frame_0003.jpg;custom_dataset\processed\VID_27\003\frame_0004.jpg;custom_dataset\processed\VID_27\003\frame_0005.jpg;custom_dataset\processed\VID_27\003\frame_0006.jpg;custom_dataset\processed\VID_27\003\frame_0007.jpg;custom_dataset\processed\VID_27\003\frame_0008.jpg;custom_dataset\processed\VID_27\003\frame_0010.jpg;custom_dataset\processed\VID_27\003\frame_0011.jpg,
VID_27_003_C02,VID_27,VID_27.mp4,3,VID_27_003,2,8,custom_dataset\processed\VID_27\003\frame_0007.jpg;custom_dataset\processed\VID_27\003\frame_0008.jpg;custom_dataset\processed\VID_27\003\frame_0010.jpg;custom_dataset\processed\VID_27\003\frame_0011.jpg;custom_dataset\processed\VID_27\003\frame_0012.jpg;custom_dataset\processed\VID_27\003\frame_0013.jpg;custom_dataset\processed\VID_27\003\frame_0014.jpg;custom_dataset\processed\VID_27\003\frame_0015.jpg,
VID_27_003_C03,VID_27,VID_27.mp4,3,VID_27_003,3,8,custom_dataset\processed\VID_27\003\frame_0012.jpg;custom_dataset\processed\VID_27\003\frame_0013.jpg;custom_dataset\processed\VID_27\003\frame_0014.jpg;custom_dataset\processed\VID_27\003\frame_0015.jpg;custom_dataset\processed\VID_27\003\frame_0016.jpg;custom_dataset\processed\VID_27\003\frame_0017.jpg;custom_dataset\processed\VID_27\003\frame_0018.jpg;custom_dataset\processed\VID_27\003\frame_0019.jpg,
VID_27_003_C04,VID_27,VID_27.mp4,3,VID_27_003,4,8,custom_dataset\processed\VID_27\003\frame_0016.jpg;custom_dataset\processed\VID_27\003\frame_0017.jpg;custom_dataset\processed\VID_27\003\frame_0018.jpg;custom_dataset\processed\VID_27\003\frame_0019.jpg;custom_dataset\processed\VID_27\003\frame_0020.jpg;custom_dataset\processed\VID_27\003\frame_0021.jpg;custom_dataset\processed\VID_27\003\frame_0022.jpg;custom_dataset\processed\VID_27\003\frame_0023.jpg,
VID_27_003_C05,VID_27,VID_27.mp4,3,VID_27_003,5,8,custom_dataset\processed\VID_27\003\frame_0020.jpg;custom_dataset\processed\VID_27\003\frame_0021.jpg;custom_dataset\processed\VID_27\003\frame_0022.jpg;custom_dataset\processed\VID_27\003\frame_0023.jpg;custom_dataset\processed\VID_27\003\frame_0024.jpg;custom_dataset\processed\VID_27\003\frame_0025.jpg;custom_dataset\processed\VID_27\003\frame_0026.jpg;custom_dataset\processed\VID_27\003\frame_0027.jpg,
VID_27_003_C06,VID_27,VID_27.mp4,3,VID_27_003,6,8,custom_dataset\processed\VID_27\003\frame_0024.jpg;custom_dataset\processed\VID_27\003\frame_0025.jpg;custom_dataset\processed\VID_27\003\frame_0026.jpg;custom_dataset\processed\VID_27\003\frame_0027.jpg;custom_dataset\processed\VID_27\003\frame_0028.jpg;custom_dataset\processed\VID_27\003\frame_0029.jpg;custom_dataset\processed\VID_27\003\frame_0030.jpg;custom_dataset\processed\VID_27\003\frame_0031.jpg,
VID_27_003_C07,VID_27,VID_27.mp4,3,VID_27_003,7,8,custom_dataset\processed\VID_27\003\frame_0028.jpg;custom_dataset\processed\VID_27\003\frame_0029.jpg;custom_dataset\processed\VID_27\003\frame_0030.jpg;custom_dataset\processed\VID_27\003\frame_0031.jpg;custom_dataset\processed\VID_27\003\frame_0032.jpg;custom_dataset\processed\VID_27\003\frame_0033.jpg;custom_dataset\processed\VID_27\003\frame_0034.jpg;custom_dataset\processed\VID_27\003\frame_0035.jpg,
VID_27_003_C08,VID_27,VID_27.mp4,3,VID_27_003,8,8,custom_dataset\processed\VID_27\003\frame_0032.jpg;custom_dataset\processed\VID_27\003\frame_0033.jpg;custom_dataset\processed\VID_27\003\frame_0034.jpg;custom_dataset\processed\VID_27\003\frame_0035.jpg;custom_dataset\processed\VID_27\003\frame_0036.jpg;custom_dataset\processed\VID_27\003\frame_0037.jpg;custom_dataset\processed\VID_27\003\frame_0038.jpg;custom_dataset\processed\VID_27\003\frame_0039.jpg,
VID_27_004_C00,VID_27,VID_27.mp4,4,VID_27_004,0,8,custom_dataset\processed\VID_27\004\frame_0001.jpg;custom_dataset\processed\VID_27\004\frame_0002.jpg;custom_dataset\processed\VID_27\004\frame_0003.jpg;custom_dataset\processed\VID_27\004\frame_0004.jpg;custom_dataset\processed\VID_27\004\frame_0005.jpg;custom_dataset\processed\VID_27\004\frame_0006.jpg;custom_dataset\processed\VID_27\004\frame_0007.jpg;custom_dataset\processed\VID_27\004\frame_0008.jpg,
VID_27_004_C01,VID_27,VID_27.mp4,4,VID_27_004,1,8,custom_dataset\processed\VID_27\004\frame_0005.jpg;custom_dataset\processed\VID_27\004\frame_0006.jpg;custom_dataset\processed\VID_27\004\frame_0007.jpg;custom_dataset\processed\VID_27\004\frame_0008.jpg;custom_dataset\processed\VID_27\004\frame_0009.jpg;custom_dataset\processed\VID_27\004\frame_0010.jpg;custom_dataset\processed\VID_27\004\frame_0011.jpg;custom_dataset\processed\VID_27\004\frame_0012.jpg,
VID_27_004_C02,VID_27,VID_27.mp4,4,VID_27_004,2,8,custom_dataset\processed\VID_27\004\frame_0009.jpg;custom_dataset\processed\VID_27\004\frame_0010.jpg;custom_dataset\processed\VID_27\004\frame_0011.jpg;custom_dataset\processed\VID_27\004\frame_0012.jpg;custom_dataset\processed\VID_27\004\frame_0013.jpg;custom_dataset\processed\VID_27\004\frame_0014.jpg;custom_dataset\processed\VID_27\004\frame_0015.jpg;custom_dataset\processed\VID_27\004\frame_0017.jpg,
VID_27_004_C03,VID_27,VID_27.mp4,4,VID_27_004,3,8,custom_dataset\processed\VID_27\004\frame_0013.jpg;custom_dataset\processed\VID_27\004\frame_0014.jpg;custom_dataset\processed\VID_27\004\frame_0015.jpg;custom_dataset\processed\VID_27\004\frame_0017.jpg;custom_dataset\processed\VID_27\004\frame_0018.jpg;custom_dataset\processed\VID_27\004\frame_0019.jpg;custom_dataset\processed\VID_27\004\frame_0020.jpg;custom_dataset\processed\VID_27\004\frame_0021.jpg,
VID_27_004_C04,VID_27,VID_27.mp4,4,VID_27_004,4,8,custom_dataset\processed\VID_27\004\frame_0018.jpg;custom_dataset\processed\VID_27\004\frame_0019.jpg;custom_dataset\processed\VID_27\004\frame_0020.jpg;custom_dataset\processed\VID_27\004\frame_0021.jpg;custom_dataset\processed\VID_27\004\frame_0022.jpg;custom_dataset\processed\VID_27\004\frame_0023.jpg;custom_dataset\processed\VID_27\004\frame_0024.jpg;custom_dataset\processed\VID_27\004\frame_0025.jpg,
VID_27_004_C05,VID_27,VID_27.mp4,4,VID_27_004,5,8,custom_dataset\processed\VID_27\004\frame_0022.jpg;custom_dataset\processed\VID_27\004\frame_0023.jpg;custom_dataset\processed\VID_27\004\frame_0024.jpg;custom_dataset\processed\VID_27\004\frame_0025.jpg;custom_dataset\processed\VID_27\004\frame_0026.jpg;custom_dataset\processed\VID_27\004\frame_0027.jpg;custom_dataset\processed\VID_27\004\frame_0028.jpg;custom_dataset\processed\VID_27\004\frame_0029.jpg,
VID_27_004_C06,VID_27,VID_27.mp4,4,VID_27_004,6,8,custom_dataset\processed\VID_27\004\frame_0026.jpg;custom_dataset\processed\VID_27\004\frame_0027.jpg;custom_dataset\processed\VID_27\004\frame_0028.jpg;custom_dataset\processed\VID_27\004\frame_0029.jpg;custom_dataset\processed\VID_27\004\frame_0030.jpg;custom_dataset\processed\VID_27\004\frame_0031.jpg;custom_dataset\processed\VID_27\004\frame_0032.jpg;custom_dataset\processed\VID_27\004\frame_0033.jpg,
VID_27_004_C07,VID_27,VID_27.mp4,4,VID_27_004,7,8,custom_dataset\processed\VID_27\004\frame_0030.jpg;custom_dataset\processed\VID_27\004\frame_0031.jpg;custom_dataset\processed\VID_27\004\frame_0032.jpg;custom_dataset\processed\VID_27\004\frame_0033.jpg;custom_dataset\processed\VID_27\004\frame_0034.jpg;custom_dataset\processed\VID_27\004\frame_0035.jpg;custom_dataset\processed\VID_27\004\frame_0036.jpg;custom_dataset\processed\VID_27\004\frame_0037.jpg,
VID_27_004_C08,VID_27,VID_27.mp4,4,VID_27_004,8,8,custom_dataset\processed\VID_27\004\frame_0034.jpg;custom_dataset\processed\VID_27\004\frame_0035.jpg;custom_dataset\processed\VID_27\004\frame_0036.jpg;custom_dataset\processed\VID_27\004\frame_0037.jpg;custom_dataset\processed\VID_27\004\frame_0038.jpg;custom_dataset\processed\VID_27\004\frame_0039.jpg;custom_dataset\processed\VID_27\004\frame_0040.jpg;custom_dataset\processed\VID_27\004\frame_0041.jpg,
VID_27_005_C00,VID_27,VID_27.mp4,5,VID_27_005,0,8,custom_dataset\processed\VID_27\005\frame_0001.jpg;custom_dataset\processed\VID_27\005\frame_0003.jpg;custom_dataset\processed\VID_27\005\frame_0004.jpg;custom_dataset\processed\VID_27\005\frame_0005.jpg;custom_dataset\processed\VID_27\005\frame_0006.jpg;custom_dataset\processed\VID_27\005\frame_0007.jpg;custom_dataset\processed\VID_27\005\frame_0008.jpg;custom_dataset\processed\VID_27\005\frame_0009.jpg,
VID_27_008_C00,VID_27,VID_27.mp4,8,VID_27_008,0,8,custom_dataset\processed\VID_27\008\frame_0016.jpg;custom_dataset\processed\VID_27\008\frame_0018.jpg;custom_dataset\processed\VID_27\008\frame_0019.jpg;custom_dataset\processed\VID_27\008\frame_0022.jpg;custom_dataset\processed\VID_27\008\frame_0023.jpg;custom_dataset\processed\VID_27\008\frame_0026.jpg;custom_dataset\processed\VID_27\008\frame_0027.jpg;custom_dataset\processed\VID_27\008\frame_0028.jpg,
VID_28_001_C00,VID_28,VID_28.mp4,1,VID_28_001,0,8,custom_dataset\processed\VID_28\001\frame_0000.jpg;custom_dataset\processed\VID_28\001\frame_0001.jpg;custom_dataset\processed\VID_28\001\frame_0002.jpg;custom_dataset\processed\VID_28\001\frame_0003.jpg;custom_dataset\processed\VID_28\001\frame_0004.jpg;custom_dataset\processed\VID_28\001\frame_0005.jpg;custom_dataset\processed\VID_28\001\frame_0006.jpg;custom_dataset\processed\VID_28\001\frame_0007.jpg,
VID_28_001_C01,VID_28,VID_28.mp4,1,VID_28_001,1,8,custom_dataset\processed\VID_28\001\frame_0004.jpg;custom_dataset\processed\VID_28\001\frame_0005.jpg;custom_dataset\processed\VID_28\001\frame_0006.jpg;custom_dataset\processed\VID_28\001\frame_0007.jpg;custom_dataset\processed\VID_28\001\frame_0008.jpg;custom_dataset\processed\VID_28\001\frame_0009.jpg;custom_dataset\processed\VID_28\001\frame_0010.jpg;custom_dataset\processed\VID_28\001\frame_0011.jpg,
VID_28_001_C02,VID_28,VID_28.mp4,1,VID_28_001,2,8,custom_dataset\processed\VID_28\001\frame_0008.jpg;custom_dataset\processed\VID_28\001\frame_0009.jpg;custom_dataset\processed\VID_28\001\frame_0010.jpg;custom_dataset\processed\VID_28\001\frame_0011.jpg;custom_dataset\processed\VID_28\001\frame_0012.jpg;custom_dataset\processed\VID_28\001\frame_0013.jpg;custom_dataset\processed\VID_28\001\frame_0014.jpg;custom_dataset\processed\VID_28\001\frame_0015.jpg,
VID_28_001_C03,VID_28,VID_28.mp4,1,VID_28_001,3,8,custom_dataset\processed\VID_28\001\frame_0012.jpg;custom_dataset\processed\VID_28\001\frame_0013.jpg;custom_dataset\processed\VID_28\001\frame_0014.jpg;custom_dataset\processed\VID_28\001\frame_0015.jpg;custom_dataset\processed\VID_28\001\frame_0016.jpg;custom_dataset\processed\VID_28\001\frame_0017.jpg;custom_dataset\processed\VID_28\001\frame_0018.jpg;custom_dataset\processed\VID_28\001\frame_0019.jpg,
VID_28_001_C04,VID_28,VID_28.mp4,1,VID_28_001,4,8,custom_dataset\processed\VID_28\001\frame_0016.jpg;custom_dataset\processed\VID_28\001\frame_0017.jpg;custom_dataset\processed\VID_28\001\frame_0018.jpg;custom_dataset\processed\VID_28\001\frame_0019.jpg;custom_dataset\processed\VID_28\001\frame_0020.jpg;custom_dataset\processed\VID_28\001\frame_0021.jpg;custom_dataset\processed\VID_28\001\frame_0022.jpg;custom_dataset\processed\VID_28\001\frame_0023.jpg,
VID_28_001_C05,VID_28,VID_28.mp4,1,VID_28_001,5,8,custom_dataset\processed\VID_28\001\frame_0020.jpg;custom_dataset\processed\VID_28\001\frame_0021.jpg;custom_dataset\processed\VID_28\001\frame_0022.jpg;custom_dataset\processed\VID_28\001\frame_0023.jpg;custom_dataset\processed\VID_28\001\frame_0024.jpg;custom_dataset\processed\VID_28\001\frame_0025.jpg;custom_dataset\processed\VID_28\001\frame_0026.jpg;custom_dataset\processed\VID_28\001\frame_0027.jpg,
VID_28_001_C06,VID_28,VID_28.mp4,1,VID_28_001,6,8,custom_dataset\processed\VID_28\001\frame_0024.jpg;custom_dataset\processed\VID_28\001\frame_0025.jpg;custom_dataset\processed\VID_28\001\frame_0026.jpg;custom_dataset\processed\VID_28\001\frame_0027.jpg;custom_dataset\processed\VID_28\001\frame_0028.jpg;custom_dataset\processed\VID_28\001\frame_0029.jpg;custom_dataset\processed\VID_28\001\frame_0030.jpg;custom_dataset\processed\VID_28\001\frame_0031.jpg,
VID_28_001_C07,VID_28,VID_28.mp4,1,VID_28_001,7,8,custom_dataset\processed\VID_28\001\frame_0028.jpg;custom_dataset\processed\VID_28\001\frame_0029.jpg;custom_dataset\processed\VID_28\001\frame_0030.jpg;custom_dataset\processed\VID_28\001\frame_0031.jpg;custom_dataset\processed\VID_28\001\frame_0032.jpg;custom_dataset\processed\VID_28\001\frame_0033.jpg;custom_dataset\processed\VID_28\001\frame_0034.jpg;custom_dataset\processed\VID_28\001\frame_0035.jpg,
VID_28_001_C08,VID_28,VID_28.mp4,1,VID_28_001,8,8,custom_dataset\processed\VID_28\001\frame_0032.jpg;custom_dataset\processed\VID_28\001\frame_0033.jpg;custom_dataset\processed\VID_28\001\frame_0034.jpg;custom_dataset\processed\VID_28\001\frame_0035.jpg;custom_dataset\processed\VID_28\001\frame_0036.jpg;custom_dataset\processed\VID_28\001\frame_0037.jpg;custom_dataset\processed\VID_28\001\frame_0038.jpg;custom_dataset\processed\VID_28\001\frame_0039.jpg,
VID_28_001_C09,VID_28,VID_28.mp4,1,VID_28_001,9,8,custom_dataset\processed\VID_28\001\frame_0036.jpg;custom_dataset\processed\VID_28\001\frame_0037.jpg;custom_dataset\processed\VID_28\001\frame_0038.jpg;custom_dataset\processed\VID_28\001\frame_0039.jpg;custom_dataset\processed\VID_28\001\frame_0040.jpg;custom_dataset\processed\VID_28\001\frame_0041.jpg;custom_dataset\processed\VID_28\001\frame_0042.jpg;custom_dataset\processed\VID_28\001\frame_0043.jpg,
VID_28_002_C00,VID_28,VID_28.mp4,2,VID_28_002,0,8,custom_dataset\processed\VID_28\002\frame_0000.jpg;custom_dataset\processed\VID_28\002\frame_0000.jpg;custom_dataset\processed\VID_28\002\frame_0001.jpg;custom_dataset\processed\VID_28\002\frame_0002.jpg;custom_dataset\processed\VID_28\002\frame_0003.jpg;custom_dataset\processed\VID_28\002\frame_0004.jpg;custom_dataset\processed\VID_28\002\frame_0005.jpg;custom_dataset\processed\VID_28\002\frame_0006.jpg,
VID_28_002_C01,VID_28,VID_28.mp4,2,VID_28_002,1,8,custom_dataset\processed\VID_28\002\frame_0003.jpg;custom_dataset\processed\VID_28\002\frame_0004.jpg;custom_dataset\processed\VID_28\002\frame_0005.jpg;custom_dataset\processed\VID_28\002\frame_0006.jpg;custom_dataset\processed\VID_28\002\frame_0007.jpg;custom_dataset\processed\VID_28\002\frame_0008.jpg;custom_dataset\processed\VID_28\002\frame_0009.jpg;custom_dataset\processed\VID_28\002\frame_0010.jpg,
VID_28_002_C02,VID_28,VID_28.mp4,2,VID_28_002,2,8,custom_dataset\processed\VID_28\002\frame_0007.jpg;custom_dataset\processed\VID_28\002\frame_0008.jpg;custom_dataset\processed\VID_28\002\frame_0009.jpg;custom_dataset\processed\VID_28\002\frame_0010.jpg;custom_dataset\processed\VID_28\002\frame_0011.jpg;custom_dataset\processed\VID_28\002\frame_0012.jpg;custom_dataset\processed\VID_28\002\frame_0013.jpg;custom_dataset\processed\VID_28\002\frame_0014.jpg,
VID_28_002_C03,VID_28,VID_28.mp4,2,VID_28_002,3,8,custom_dataset\processed\VID_28\002\frame_0011.jpg;custom_dataset\processed\VID_28\002\frame_0012.jpg;custom_dataset\processed\VID_28\002\frame_0013.jpg;custom_dataset\processed\VID_28\002\frame_0014.jpg;custom_dataset\processed\VID_28\002\frame_0015.jpg;custom_dataset\processed\VID_28\002\frame_0016.jpg;custom_dataset\processed\VID_28\002\frame_0017.jpg;custom_dataset\processed\VID_28\002\frame_0018.jpg,
VID_28_002_C04,VID_28,VID_28.mp4,2,VID_28_002,4,8,custom_dataset\processed\VID_28\002\frame_0015.jpg;custom_dataset\processed\VID_28\002\frame_0016.jpg;custom_dataset\processed\VID_28\002\frame_0017.jpg;custom_dataset\processed\VID_28\002\frame_0018.jpg;custom_dataset\processed\VID_28\002\frame_0019.jpg;custom_dataset\processed\VID_28\002\frame_0020.jpg;custom_dataset\processed\VID_28\002\frame_0021.jpg;custom_dataset\processed\VID_28\002\frame_0022.jpg,
VID_28_002_C05,VID_28,VID_28.mp4,2,VID_28_002,5,8,custom_dataset\processed\VID_28\002\frame_0019.jpg;custom_dataset\processed\VID_28\002\frame_0020.jpg;custom_dataset\processed\VID_28\002\frame_0021.jpg;custom_dataset\processed\VID_28\002\frame_0022.jpg;custom_dataset\processed\VID_28\002\frame_0023.jpg;custom_dataset\processed\VID_28\002\frame_0024.jpg;custom_dataset\processed\VID_28\002\frame_0025.jpg;custom_dataset\processed\VID_28\002\frame_0026.jpg,
VID_28_002_C06,VID_28,VID_28.mp4,2,VID_28_002,6,8,custom_dataset\processed\VID_28\002\frame_0023.jpg;custom_dataset\processed\VID_28\002\frame_0024.jpg;custom_dataset\processed\VID_28\002\frame_0025.jpg;custom_dataset\processed\VID_28\002\frame_0026.jpg;custom_dataset\processed\VID_28\002\frame_0027.jpg;custom_dataset\processed\VID_28\002\frame_0028.jpg;custom_dataset\processed\VID_28\002\frame_0029.jpg;custom_dataset\processed\VID_28\002\frame_0030.jpg,
VID_28_002_C07,VID_28,VID_28.mp4,2,VID_28_002,7,8,custom_dataset\processed\VID_28\002\frame_0027.jpg;custom_dataset\processed\VID_28\002\frame_0028.jpg;custom_dataset\processed\VID_28\002\frame_0029.jpg;custom_dataset\processed\VID_28\002\frame_0030.jpg;custom_dataset\processed\VID_28\002\frame_0031.jpg;custom_dataset\processed\VID_28\002\frame_0032.jpg;custom_dataset\processed\VID_28\002\frame_0033.jpg;custom_dataset\processed\VID_28\002\frame_0034.jpg,
VID_28_002_C08,VID_28,VID_28.mp4,2,VID_28_002,8,8,custom_dataset\processed\VID_28\002\frame_0031.jpg;custom_dataset\processed\VID_28\002\frame_0032.jpg;custom_dataset\processed\VID_28\002\frame_0033.jpg;custom_dataset\processed\VID_28\002\frame_0034.jpg;custom_dataset\processed\VID_28\002\frame_0035.jpg;custom_dataset\processed\VID_28\002\frame_0036.jpg;custom_dataset\processed\VID_28\002\frame_0037.jpg;custom_dataset\processed\VID_28\002\frame_0038.jpg,
VID_28_002_C09,VID_28,VID_28.mp4,2,VID_28_002,9,8,custom_dataset\processed\VID_28\002\frame_0035.jpg;custom_dataset\processed\VID_28\002\frame_0036.jpg;custom_dataset\processed\VID_28\002\frame_0037.jpg;custom_dataset\processed\VID_28\002\frame_0038.jpg;custom_dataset\processed\VID_28\002\frame_0039.jpg;custom_dataset\processed\VID_28\002\frame_0040.jpg;custom_dataset\processed\VID_28\002\frame_0041.jpg;custom_dataset\processed\VID_28\002\frame_0042.jpg,
VID_28_005_C00,VID_28,VID_28.mp4,5,VID_28_005,0,8,custom_dataset\processed\VID_28\005\frame_0002.jpg;custom_dataset\processed\VID_28\005\frame_0003.jpg;custom_dataset\processed\VID_28\005\frame_0004.jpg;custom_dataset\processed\VID_28\005\frame_0006.jpg;custom_dataset\processed\VID_28\005\frame_0007.jpg;custom_dataset\processed\VID_28\005\frame_0008.jpg;custom_dataset\processed\VID_28\005\frame_0009.jpg;custom_dataset\processed\VID_28\005\frame_0010.jpg,
VID_28_005_C01,VID_28,VID_28.mp4,5,VID_28_005,1,8,custom_dataset\processed\VID_28\005\frame_0007.jpg;custom_dataset\processed\VID_28\005\frame_0008.jpg;custom_dataset\processed\VID_28\005\frame_0009.jpg;custom_dataset\processed\VID_28\005\frame_0010.jpg;custom_dataset\processed\VID_28\005\frame_0011.jpg;custom_dataset\processed\VID_28\005\frame_0012.jpg;custom_dataset\processed\VID_28\005\frame_0013.jpg;custom_dataset\processed\VID_28\005\frame_0014.jpg,
VID_28_005_C02,VID_28,VID_28.mp4,5,VID_28_005,2,8,custom_dataset\processed\VID_28\005\frame_0011.jpg;custom_dataset\processed\VID_28\005\frame_0012.jpg;custom_dataset\processed\VID_28\005\frame_0013.jpg;custom_dataset\processed\VID_28\005\frame_0014.jpg;custom_dataset\processed\VID_28\005\frame_0015.jpg;custom_dataset\processed\VID_28\005\frame_0016.jpg;custom_dataset\processed\VID_28\005\frame_0017.jpg;custom_dataset\processed\VID_28\005\frame_0018.jpg,
VID_28_005_C03,VID_28,VID_28.mp4,5,VID_28_005,3,8,custom_dataset\processed\VID_28\005\frame_0015.jpg;custom_dataset\processed\VID_28\005\frame_0016.jpg;custom_dataset\processed\VID_28\005\frame_0017.jpg;custom_dataset\processed\VID_28\005\frame_0018.jpg;custom_dataset\processed\VID_28\005\frame_0019.jpg;custom_dataset\processed\VID_28\005\frame_0020.jpg;custom_dataset\processed\VID_28\005\frame_0021.jpg;custom_dataset\processed\VID_28\005\frame_0022.jpg,
VID_28_005_C04,VID_28,VID_28.mp4,5,VID_28_005,4,8,custom_dataset\processed\VID_28\005\frame_0019.jpg;custom_dataset\processed\VID_28\005\frame_0020.jpg;custom_dataset\processed\VID_28\005\frame_0021.jpg;custom_dataset\processed\VID_28\005\frame_0022.jpg;custom_dataset\processed\VID_28\005\frame_0023.jpg;custom_dataset\processed\VID_28\005\frame_0024.jpg;custom_dataset\processed\VID_28\005\frame_0025.jpg;custom_dataset\processed\VID_28\005\frame_0026.jpg,
VID_28_005_C05,VID_28,VID_28.mp4,5,VID_28_005,5,8,custom_dataset\processed\VID_28\005\frame_0023.jpg;custom_dataset\processed\VID_28\005\frame_0024.jpg;custom_dataset\processed\VID_28\005\frame_0025.jpg;custom_dataset\processed\VID_28\005\frame_0026.jpg;custom_dataset\processed\VID_28\005\frame_0027.jpg;custom_dataset\processed\VID_28\005\frame_0028.jpg;custom_dataset\processed\VID_28\005\frame_0029.jpg;custom_dataset\processed\VID_28\005\frame_0031.jpg,
VID_28_005_C06,VID_28,VID_28.mp4,5,VID_28_005,6,8,custom_dataset\processed\VID_28\005\frame_0027.jpg;custom_dataset\processed\VID_28\005\frame_0028.jpg;custom_dataset\processed\VID_28\005\frame_0029.jpg;custom_dataset\processed\VID_28\005\frame_0031.jpg;custom_dataset\processed\VID_28\005\frame_0032.jpg;custom_dataset\processed\VID_28\005\frame_0033.jpg;custom_dataset\processed\VID_28\005\frame_0034.jpg;custom_dataset\processed\VID_28\005\frame_0035.jpg,
VID_28_006_C00,VID_28,VID_28.mp4,6,VID_28_006,0,8,custom_dataset\processed\VID_28\006\frame_0005.jpg;custom_dataset\processed\VID_28\006\frame_0006.jpg;custom_dataset\processed\VID_28\006\frame_0007.jpg;custom_dataset\processed\VID_28\006\frame_0008.jpg;custom_dataset\processed\VID_28\006\frame_0009.jpg;custom_dataset\processed\VID_28\006\frame_0010.jpg;custom_dataset\processed\VID_28\006\frame_0011.jpg;custom_dataset\processed\VID_28\006\frame_0012.jpg,
VID_28_006_C01,VID_28,VID_28.mp4,6,VID_28_006,1,8,custom_dataset\processed\VID_28\006\frame_0009.jpg;custom_dataset\processed\VID_28\006\frame_0010.jpg;custom_dataset\processed\VID_28\006\frame_0011.jpg;custom_dataset\processed\VID_28\006\frame_0012.jpg;custom_dataset\processed\VID_28\006\frame_0013.jpg;custom_dataset\processed\VID_28\006\frame_0014.jpg;custom_dataset\processed\VID_28\006\frame_0015.jpg;custom_dataset\processed\VID_28\006\frame_0016.jpg,
VID_28_006_C02,VID_28,VID_28.mp4,6,VID_28_006,2,8,custom_dataset\processed\VID_28\006\frame_0013.jpg;custom_dataset\processed\VID_28\006\frame_0014.jpg;custom_dataset\processed\VID_28\006\frame_0015.jpg;custom_dataset\processed\VID_28\006\frame_0016.jpg;custom_dataset\processed\VID_28\006\frame_0017.jpg;custom_dataset\processed\VID_28\006\frame_0018.jpg;custom_dataset\processed\VID_28\006\frame_0019.jpg;custom_dataset\processed\VID_28\006\frame_0020.jpg,
VID_28_006_C03,VID_28,VID_28.mp4,6,VID_28_006,3,8,custom_dataset\processed\VID_28\006\frame_0017.jpg;custom_dataset\processed\VID_28\006\frame_0018.jpg;custom_dataset\processed\VID_28\006\frame_0019.jpg;custom_dataset\processed\VID_28\006\frame_0020.jpg;custom_dataset\processed\VID_28\006\frame_0021.jpg;custom_dataset\processed\VID_28\006\frame_0022.jpg;custom_dataset\processed\VID_28\006\frame_0023.jpg;custom_dataset\processed\VID_28\006\frame_0024.jpg,
VID_28_006_C04,VID_28,VID_28.mp4,6,VID_28_006,4,8,custom_dataset\processed\VID_28\006\frame_0021.jpg;custom_dataset\processed\VID_28\006\frame_0022.jpg;custom_dataset\processed\VID_28\006\frame_0023.jpg;custom_dataset\processed\VID_28\006\frame_0024.jpg;custom_dataset\processed\VID_28\006\frame_0025.jpg;custom_dataset\processed\VID_28\006\frame_0026.jpg;custom_dataset\processed\VID_28\006\frame_0027.jpg;custom_dataset\processed\VID_28\006\frame_0029.jpg,
VID_28_006_C05,VID_28,VID_28.mp4,6,VID_28_006,5,8,custom_dataset\processed\VID_28\006\frame_0025.jpg;custom_dataset\processed\VID_28\006\frame_0026.jpg;custom_dataset\processed\VID_28\006\frame_0027.jpg;custom_dataset\processed\VID_28\006\frame_0029.jpg;custom_dataset\processed\VID_28\006\frame_0030.jpg;custom_dataset\processed\VID_28\006\frame_0031.jpg;custom_dataset\processed\VID_28\006\frame_0032.jpg;custom_dataset\processed\VID_28\006\frame_0033.jpg,
VID_28_006_C06,VID_28,VID_28.mp4,6,VID_28_006,6,8,custom_dataset\processed\VID_28\006\frame_0030.jpg;custom_dataset\processed\VID_28\006\frame_0031.jpg;custom_dataset\processed\VID_28\006\frame_0032.jpg;custom_dataset\processed\VID_28\006\frame_0033.jpg;custom_dataset\processed\VID_28\006\frame_0034.jpg;custom_dataset\processed\VID_28\006\frame_0036.jpg;custom_dataset\processed\VID_28\006\frame_0037.jpg;custom_dataset\processed\VID_28\006\frame_0039.jpg,
VID_28_006_C07,VID_28,VID_28.mp4,6,VID_28_006,7,8,custom_dataset\processed\VID_28\006\frame_0034.jpg;custom_dataset\processed\VID_28\006\frame_0036.jpg;custom_dataset\processed\VID_28\006\frame_0037.jpg;custom_dataset\processed\VID_28\006\frame_0039.jpg;custom_dataset\processed\VID_28\006\frame_0040.jpg;custom_dataset\processed\VID_28\006\frame_0041.jpg;custom_dataset\processed\VID_28\006\frame_0042.jpg;custom_dataset\processed\VID_28\006\frame_0044.jpg,
VID_28_007_C00,VID_28,VID_28.mp4,7,VID_28_007,0,8,custom_dataset\processed\VID_28\007\frame_0010.jpg;custom_dataset\processed\VID_28\007\frame_0011.jpg;custom_dataset\processed\VID_28\007\frame_0012.jpg;custom_dataset\processed\VID_28\007\frame_0013.jpg;custom_dataset\processed\VID_28\007\frame_0014.jpg;custom_dataset\processed\VID_28\007\frame_0015.jpg;custom_dataset\processed\VID_28\007\frame_0016.jpg;custom_dataset\processed\VID_28\007\frame_0017.jpg,
VID_28_007_C01,VID_28,VID_28.mp4,7,VID_28_007,1,8,custom_dataset\processed\VID_28\007\frame_0014.jpg;custom_dataset\processed\VID_28\007\frame_0015.jpg;custom_dataset\processed\VID_28\007\frame_0016.jpg;custom_dataset\processed\VID_28\007\frame_0017.jpg;custom_dataset\processed\VID_28\007\frame_0018.jpg;custom_dataset\processed\VID_28\007\frame_0019.jpg;custom_dataset\processed\VID_28\007\frame_0020.jpg;custom_dataset\processed\VID_28\007\frame_0021.jpg,
VID_28_007_C02,VID_28,VID_28.mp4,7,VID_28_007,2,8,custom_dataset\processed\VID_28\007\frame_0018.jpg;custom_dataset\processed\VID_28\007\frame_0019.jpg;custom_dataset\processed\VID_28\007\frame_0020.jpg;custom_dataset\processed\VID_28\007\frame_0021.jpg;custom_dataset\processed\VID_28\007\frame_0022.jpg;custom_dataset\processed\VID_28\007\frame_0023.jpg;custom_dataset\processed\VID_28\007\frame_0024.jpg;custom_dataset\processed\VID_28\007\frame_0025.jpg,
VID_28_007_C03,VID_28,VID_28.mp4,7,VID_28_007,3,8,custom_dataset\processed\VID_28\007\frame_0022.jpg;custom_dataset\processed\VID_28\007\frame_0023.jpg;custom_dataset\processed\VID_28\007\frame_0024.jpg;custom_dataset\processed\VID_28\007\frame_0025.jpg;custom_dataset\processed\VID_28\007\frame_0026.jpg;custom_dataset\processed\VID_28\007\frame_0027.jpg;custom_dataset\processed\VID_28\007\frame_0028.jpg;custom_dataset\processed\VID_28\007\frame_0029.jpg,
VID_28_007_C04,VID_28,VID_28.mp4,7,VID_28_007,4,8,custom_dataset\processed\VID_28\007\frame_0026.jpg;custom_dataset\processed\VID_28\007\frame_0027.jpg;custom_dataset\processed\VID_28\007\frame_0028.jpg;custom_dataset\processed\VID_28\007\frame_0029.jpg;custom_dataset\processed\VID_28\007\frame_0030.jpg;custom_dataset\processed\VID_28\007\frame_0031.jpg;custom_dataset\processed\VID_28\007\frame_0032.jpg;custom_dataset\processed\VID_28\007\frame_0033.jpg,
VID_28_007_C05,VID_28,VID_28.mp4,7,VID_28_007,5,8,custom_dataset\processed\VID_28\007\frame_0030.jpg;custom_dataset\processed\VID_28\007\frame_0031.jpg;custom_dataset\processed\VID_28\007\frame_0032.jpg;custom_dataset\processed\VID_28\007\frame_0033.jpg;custom_dataset\processed\VID_28\007\frame_0034.jpg;custom_dataset\processed\VID_28\007\frame_0035.jpg;custom_dataset\processed\VID_28\007\frame_0036.jpg;custom_dataset\processed\VID_28\007\frame_0037.jpg,
VID_28_007_C06,VID_28,VID_28.mp4,7,VID_28_007,6,8,custom_dataset\processed\VID_28\007\frame_0034.jpg;custom_dataset\processed\VID_28\007\frame_0035.jpg;custom_dataset\processed\VID_28\007\frame_0036.jpg;custom_dataset\processed\VID_28\007\frame_0037.jpg;custom_dataset\processed\VID_28\007\frame_0038.jpg;custom_dataset\processed\VID_28\007\frame_0039.jpg;custom_dataset\processed\VID_28\007\frame_0040.jpg;custom_dataset\processed\VID_28\007\frame_0041.jpg,
VID_28_008_C00,VID_28,VID_28.mp4,8,VID_28_008,0,8,custom_dataset\processed\VID_28\008\frame_0014.jpg;custom_dataset\processed\VID_28\008\frame_0015.jpg;custom_dataset\processed\VID_28\008\frame_0016.jpg;custom_dataset\processed\VID_28\008\frame_0017.jpg;custom_dataset\processed\VID_28\008\frame_0020.jpg;custom_dataset\processed\VID_28\008\frame_0021.jpg;custom_dataset\processed\VID_28\008\frame_0022.jpg;custom_dataset\processed\VID_28\008\frame_0023.jpg,
VID_28_008_C01,VID_28,VID_28.mp4,8,VID_28_008,1,8,custom_dataset\processed\VID_28\008\frame_0020.jpg;custom_dataset\processed\VID_28\008\frame_0021.jpg;custom_dataset\processed\VID_28\008\frame_0022.jpg;custom_dataset\processed\VID_28\008\frame_0023.jpg;custom_dataset\processed\VID_28\008\frame_0024.jpg;custom_dataset\processed\VID_28\008\frame_0025.jpg;custom_dataset\processed\VID_28\008\frame_0026.jpg;custom_dataset\processed\VID_28\008\frame_0027.jpg,
VID_28_008_C02,VID_28,VID_28.mp4,8,VID_28_008,2,8,custom_dataset\processed\VID_28\008\frame_0024.jpg;custom_dataset\processed\VID_28\008\frame_0025.jpg;custom_dataset\processed\VID_28\008\frame_0026.jpg;custom_dataset\processed\VID_28\008\frame_0027.jpg;custom_dataset\processed\VID_28\008\frame_0028.jpg;custom_dataset\processed\VID_28\008\frame_0030.jpg;custom_dataset\processed\VID_28\008\frame_0031.jpg;custom_dataset\processed\VID_28\008\frame_0032.jpg,
VID_28_008_C03,VID_28,VID_28.mp4,8,VID_28_008,3,8,custom_dataset\processed\VID_28\008\frame_0028.jpg;custom_dataset\processed\VID_28\008\frame_0030.jpg;custom_dataset\processed\VID_28\008\frame_0031.jpg;custom_dataset\processed\VID_28\008\frame_0032.jpg;custom_dataset\processed\VID_28\008\frame_0033.jpg;custom_dataset\processed\VID_28\008\frame_0034.jpg;custom_dataset\processed\VID_28\008\frame_0035.jpg;custom_dataset\processed\VID_28\008\frame_0036.jpg,
VID_28_008_C04,VID_28,VID_28.mp4,8,VID_28_008,4,8,custom_dataset\processed\VID_28\008\frame_0033.jpg;custom_dataset\processed\VID_28\008\frame_0034.jpg;custom_dataset\processed\VID_28\008\frame_0035.jpg;custom_dataset\processed\VID_28\008\frame_0036.jpg;custom_dataset\processed\VID_28\008\frame_0037.jpg;custom_dataset\processed\VID_28\008\frame_0038.jpg;custom_dataset\processed\VID_28\008\frame_0039.jpg;custom_dataset\processed\VID_28\008\frame_0040.jpg,
VID_28_008_C05,VID_28,VID_28.mp4,8,VID_28_008,5,8,custom_dataset\processed\VID_28\008\frame_0037.jpg;custom_dataset\processed\VID_28\008\frame_0038.jpg;custom_dataset\processed\VID_28\008\frame_0039.jpg;custom_dataset\processed\VID_28\008\frame_0040.jpg;custom_dataset\processed\VID_28\008\frame_0041.jpg;custom_dataset\processed\VID_28\008\frame_0042.jpg;custom_dataset\processed\VID_28\008\frame_0043.jpg;custom_dataset\processed\VID_28\008\frame_0044.jpg,
VID_3_001_C00,VID_3,VID_3.mp4,1,VID_3_001,0,8,custom_dataset\processed\VID_3\001\frame_0000.jpg;custom_dataset\processed\VID_3\001\frame_0000.jpg;custom_dataset\processed\VID_3\001\frame_0001.jpg;custom_dataset\processed\VID_3\001\frame_0002.jpg;custom_dataset\processed\VID_3\001\frame_0003.jpg;custom_dataset\processed\VID_3\001\frame_0004.jpg;custom_dataset\processed\VID_3\001\frame_0005.jpg;custom_dataset\processed\VID_3\001\frame_0006.jpg,
VID_3_001_C01,VID_3,VID_3.mp4,1,VID_3_001,1,8,custom_dataset\processed\VID_3\001\frame_0003.jpg;custom_dataset\processed\VID_3\001\frame_0004.jpg;custom_dataset\processed\VID_3\001\frame_0005.jpg;custom_dataset\processed\VID_3\001\frame_0006.jpg;custom_dataset\processed\VID_3\001\frame_0007.jpg;custom_dataset\processed\VID_3\001\frame_0008.jpg;custom_dataset\processed\VID_3\001\frame_0009.jpg;custom_dataset\processed\VID_3\001\frame_0010.jpg,
VID_3_001_C02,VID_3,VID_3.mp4,1,VID_3_001,2,8,custom_dataset\processed\VID_3\001\frame_0007.jpg;custom_dataset\processed\VID_3\001\frame_0008.jpg;custom_dataset\processed\VID_3\001\frame_0009.jpg;custom_dataset\processed\VID_3\001\frame_0010.jpg;custom_dataset\processed\VID_3\001\frame_0011.jpg;custom_dataset\processed\VID_3\001\frame_0012.jpg;custom_dataset\processed\VID_3\001\frame_0013.jpg;custom_dataset\processed\VID_3\001\frame_0014.jpg,
VID_3_001_C03,VID_3,VID_3.mp4,1,VID_3_001,3,8,custom_dataset\processed\VID_3\001\frame_0011.jpg;custom_dataset\processed\VID_3\001\frame_0012.jpg;custom_dataset\processed\VID_3\001\frame_0013.jpg;custom_dataset\processed\VID_3\001\frame_0014.jpg;custom_dataset\processed\VID_3\001\frame_0015.jpg;custom_dataset\processed\VID_3\001\frame_0016.jpg;custom_dataset\processed\VID_3\001\frame_0017.jpg;custom_dataset\processed\VID_3\001\frame_0018.jpg,
VID_3_001_C04,VID_3,VID_3.mp4,1,VID_3_001,4,8,custom_dataset\processed\VID_3\001\frame_0015.jpg;custom_dataset\processed\VID_3\001\frame_0016.jpg;custom_dataset\processed\VID_3\001\frame_0017.jpg;custom_dataset\processed\VID_3\001\frame_0018.jpg;custom_dataset\processed\VID_3\001\frame_0019.jpg;custom_dataset\processed\VID_3\001\frame_0020.jpg;custom_dataset\processed\VID_3\001\frame_0021.jpg;custom_dataset\processed\VID_3\001\frame_0022.jpg,
VID_3_001_C05,VID_3,VID_3.mp4,1,VID_3_001,5,8,custom_dataset\processed\VID_3\001\frame_0019.jpg;custom_dataset\processed\VID_3\001\frame_0020.jpg;custom_dataset\processed\VID_3\001\frame_0021.jpg;custom_dataset\processed\VID_3\001\frame_0022.jpg;custom_dataset\processed\VID_3\001\frame_0023.jpg;custom_dataset\processed\VID_3\001\frame_0024.jpg;custom_dataset\processed\VID_3\001\frame_0025.jpg;custom_dataset\processed\VID_3\001\frame_0026.jpg,
VID_3_001_C06,VID_3,VID_3.mp4,1,VID_3_001,6,8,custom_dataset\processed\VID_3\001\frame_0023.jpg;custom_dataset\processed\VID_3\001\frame_0024.jpg;custom_dataset\processed\VID_3\001\frame_0025.jpg;custom_dataset\processed\VID_3\001\frame_0026.jpg;custom_dataset\processed\VID_3\001\frame_0027.jpg;custom_dataset\processed\VID_3\001\frame_0028.jpg;custom_dataset\processed\VID_3\001\frame_0029.jpg;custom_dataset\processed\VID_3\001\frame_0030.jpg,
VID_3_001_C07,VID_3,VID_3.mp4,1,VID_3_001,7,8,custom_dataset\processed\VID_3\001\frame_0027.jpg;custom_dataset\processed\VID_3\001\frame_0028.jpg;custom_dataset\processed\VID_3\001\frame_0029.jpg;custom_dataset\processed\VID_3\001\frame_0030.jpg;custom_dataset\processed\VID_3\001\frame_0031.jpg;custom_dataset\processed\VID_3\001\frame_0032.jpg;custom_dataset\processed\VID_3\001\frame_0033.jpg;custom_dataset\processed\VID_3\001\frame_0034.jpg,
VID_3_001_C08,VID_3,VID_3.mp4,1,VID_3_001,8,8,custom_dataset\processed\VID_3\001\frame_0031.jpg;custom_dataset\processed\VID_3\001\frame_0032.jpg;custom_dataset\processed\VID_3\001\frame_0033.jpg;custom_dataset\processed\VID_3\001\frame_0034.jpg;custom_dataset\processed\VID_3\001\frame_0035.jpg;custom_dataset\processed\VID_3\001\frame_0036.jpg;custom_dataset\processed\VID_3\001\frame_0037.jpg;custom_dataset\processed\VID_3\001\frame_0038.jpg,
VID_3_001_C09,VID_3,VID_3.mp4,1,VID_3_001,9,8,custom_dataset\processed\VID_3\001\frame_0035.jpg;custom_dataset\processed\VID_3\001\frame_0036.jpg;custom_dataset\processed\VID_3\001\frame_0037.jpg;custom_dataset\processed\VID_3\001\frame_0038.jpg;custom_dataset\processed\VID_3\001\frame_0039.jpg;custom_dataset\processed\VID_3\001\frame_0040.jpg;custom_dataset\processed\VID_3\001\frame_0041.jpg;custom_dataset\processed\VID_3\001\frame_0042.jpg,
VID_3_002_C00,VID_3,VID_3.mp4,2,VID_3_002,0,8,custom_dataset\processed\VID_3\002\frame_0000.jpg;custom_dataset\processed\VID_3\002\frame_0001.jpg;custom_dataset\processed\VID_3\002\frame_0002.jpg;custom_dataset\processed\VID_3\002\frame_0003.jpg;custom_dataset\processed\VID_3\002\frame_0004.jpg;custom_dataset\processed\VID_3\002\frame_0005.jpg;custom_dataset\processed\VID_3\002\frame_0006.jpg;custom_dataset\processed\VID_3\002\frame_0007.jpg,
VID_3_002_C01,VID_3,VID_3.mp4,2,VID_3_002,1,8,custom_dataset\processed\VID_3\002\frame_0004.jpg;custom_dataset\processed\VID_3\002\frame_0005.jpg;custom_dataset\processed\VID_3\002\frame_0006.jpg;custom_dataset\processed\VID_3\002\frame_0007.jpg;custom_dataset\processed\VID_3\002\frame_0008.jpg;custom_dataset\processed\VID_3\002\frame_0009.jpg;custom_dataset\processed\VID_3\002\frame_0010.jpg;custom_dataset\processed\VID_3\002\frame_0011.jpg,
VID_3_002_C02,VID_3,VID_3.mp4,2,VID_3_002,2,8,custom_dataset\processed\VID_3\002\frame_0008.jpg;custom_dataset\processed\VID_3\002\frame_0009.jpg;custom_dataset\processed\VID_3\002\frame_0010.jpg;custom_dataset\processed\VID_3\002\frame_0011.jpg;custom_dataset\processed\VID_3\002\frame_0012.jpg;custom_dataset\processed\VID_3\002\frame_0013.jpg;custom_dataset\processed\VID_3\002\frame_0014.jpg;custom_dataset\processed\VID_3\002\frame_0015.jpg,
VID_3_002_C03,VID_3,VID_3.mp4,2,VID_3_002,3,8,custom_dataset\processed\VID_3\002\frame_0012.jpg;custom_dataset\processed\VID_3\002\frame_0013.jpg;custom_dataset\processed\VID_3\002\frame_0014.jpg;custom_dataset\processed\VID_3\002\frame_0015.jpg;custom_dataset\processed\VID_3\002\frame_0016.jpg;custom_dataset\processed\VID_3\002\frame_0017.jpg;custom_dataset\processed\VID_3\002\frame_0018.jpg;custom_dataset\processed\VID_3\002\frame_0019.jpg,
VID_3_002_C04,VID_3,VID_3.mp4,2,VID_3_002,4,8,custom_dataset\processed\VID_3\002\frame_0016.jpg;custom_dataset\processed\VID_3\002\frame_0017.jpg;custom_dataset\processed\VID_3\002\frame_0018.jpg;custom_dataset\processed\VID_3\002\frame_0019.jpg;custom_dataset\processed\VID_3\002\frame_0020.jpg;custom_dataset\processed\VID_3\002\frame_0021.jpg;custom_dataset\processed\VID_3\002\frame_0022.jpg;custom_dataset\processed\VID_3\002\frame_0023.jpg,
VID_3_002_C05,VID_3,VID_3.mp4,2,VID_3_002,5,8,custom_dataset\processed\VID_3\002\frame_0020.jpg;custom_dataset\processed\VID_3\002\frame_0021.jpg;custom_dataset\processed\VID_3\002\frame_0022.jpg;custom_dataset\processed\VID_3\002\frame_0023.jpg;custom_dataset\processed\VID_3\002\frame_0024.jpg;custom_dataset\processed\VID_3\002\frame_0025.jpg;custom_dataset\processed\VID_3\002\frame_0026.jpg;custom_dataset\processed\VID_3\002\frame_0027.jpg,
VID_3_002_C06,VID_3,VID_3.mp4,2,VID_3_002,6,8,custom_dataset\processed\VID_3\002\frame_0024.jpg;custom_dataset\processed\VID_3\002\frame_0025.jpg;custom_dataset\processed\VID_3\002\frame_0026.jpg;custom_dataset\processed\VID_3\002\frame_0027.jpg;custom_dataset\processed\VID_3\002\frame_0028.jpg;custom_dataset\processed\VID_3\002\frame_0029.jpg;custom_dataset\processed\VID_3\002\frame_0030.jpg;custom_dataset\processed\VID_3\002\frame_0031.jpg,
VID_3_002_C07,VID_3,VID_3.mp4,2,VID_3_002,7,8,custom_dataset\processed\VID_3\002\frame_0028.jpg;custom_dataset\processed\VID_3\002\frame_0029.jpg;custom_dataset\processed\VID_3\002\frame_0030.jpg;custom_dataset\processed\VID_3\002\frame_0031.jpg;custom_dataset\processed\VID_3\002\frame_0032.jpg;custom_dataset\processed\VID_3\002\frame_0033.jpg;custom_dataset\processed\VID_3\002\frame_0034.jpg;custom_dataset\processed\VID_3\002\frame_0035.jpg,
VID_3_002_C08,VID_3,VID_3.mp4,2,VID_3_002,8,8,custom_dataset\processed\VID_3\002\frame_0032.jpg;custom_dataset\processed\VID_3\002\frame_0033.jpg;custom_dataset\processed\VID_3\002\frame_0034.jpg;custom_dataset\processed\VID_3\002\frame_0035.jpg;custom_dataset\processed\VID_3\002\frame_0036.jpg;custom_dataset\processed\VID_3\002\frame_0037.jpg;custom_dataset\processed\VID_3\002\frame_0038.jpg;custom_dataset\processed\VID_3\002\frame_0039.jpg,
VID_3_002_C09,VID_3,VID_3.mp4,2,VID_3_002,9,8,custom_dataset\processed\VID_3\002\frame_0036.jpg;custom_dataset\processed\VID_3\002\frame_0037.jpg;custom_dataset\processed\VID_3\002\frame_0038.jpg;custom_dataset\processed\VID_3\002\frame_0039.jpg;custom_dataset\processed\VID_3\002\frame_0040.jpg;custom_dataset\processed\VID_3\002\frame_0041.jpg;custom_dataset\processed\VID_3\002\frame_0042.jpg;custom_dataset\processed\VID_3\002\frame_0043.jpg,
VID_3_003_C00,VID_3,VID_3.mp4,3,VID_3_003,0,8,custom_dataset\processed\VID_3\003\frame_0000.jpg;custom_dataset\processed\VID_3\003\frame_0001.jpg;custom_dataset\processed\VID_3\003\frame_0002.jpg;custom_dataset\processed\VID_3\003\frame_0003.jpg;custom_dataset\processed\VID_3\003\frame_0004.jpg;custom_dataset\processed\VID_3\003\frame_0005.jpg;custom_dataset\processed\VID_3\003\frame_0006.jpg;custom_dataset\processed\VID_3\003\frame_0007.jpg,
VID_3_003_C01,VID_3,VID_3.mp4,3,VID_3_003,1,8,custom_dataset\processed\VID_3\003\frame_0004.jpg;custom_dataset\processed\VID_3\003\frame_0005.jpg;custom_dataset\processed\VID_3\003\frame_0006.jpg;custom_dataset\processed\VID_3\003\frame_0007.jpg;custom_dataset\processed\VID_3\003\frame_0008.jpg;custom_dataset\processed\VID_3\003\frame_0009.jpg;custom_dataset\processed\VID_3\003\frame_0010.jpg;custom_dataset\processed\VID_3\003\frame_0011.jpg,
VID_3_003_C02,VID_3,VID_3.mp4,3,VID_3_003,2,8,custom_dataset\processed\VID_3\003\frame_0008.jpg;custom_dataset\processed\VID_3\003\frame_0009.jpg;custom_dataset\processed\VID_3\003\frame_0010.jpg;custom_dataset\processed\VID_3\003\frame_0011.jpg;custom_dataset\processed\VID_3\003\frame_0012.jpg;custom_dataset\processed\VID_3\003\frame_0013.jpg;custom_dataset\processed\VID_3\003\frame_0014.jpg;custom_dataset\processed\VID_3\003\frame_0015.jpg,
VID_3_003_C03,VID_3,VID_3.mp4,3,VID_3_003,3,8,custom_dataset\processed\VID_3\003\frame_0012.jpg;custom_dataset\processed\VID_3\003\frame_0013.jpg;custom_dataset\processed\VID_3\003\frame_0014.jpg;custom_dataset\processed\VID_3\003\frame_0015.jpg;custom_dataset\processed\VID_3\003\frame_0016.jpg;custom_dataset\processed\VID_3\003\frame_0017.jpg;custom_dataset\processed\VID_3\003\frame_0018.jpg;custom_dataset\processed\VID_3\003\frame_0019.jpg,
VID_3_003_C04,VID_3,VID_3.mp4,3,VID_3_003,4,8,custom_dataset\processed\VID_3\003\frame_0016.jpg;custom_dataset\processed\VID_3\003\frame_0017.jpg;custom_dataset\processed\VID_3\003\frame_0018.jpg;custom_dataset\processed\VID_3\003\frame_0019.jpg;custom_dataset\processed\VID_3\003\frame_0020.jpg;custom_dataset\processed\VID_3\003\frame_0021.jpg;custom_dataset\processed\VID_3\003\frame_0022.jpg;custom_dataset\processed\VID_3\003\frame_0023.jpg,
VID_3_003_C05,VID_3,VID_3.mp4,3,VID_3_003,5,8,custom_dataset\processed\VID_3\003\frame_0020.jpg;custom_dataset\processed\VID_3\003\frame_0021.jpg;custom_dataset\processed\VID_3\003\frame_0022.jpg;custom_dataset\processed\VID_3\003\frame_0023.jpg;custom_dataset\processed\VID_3\003\frame_0024.jpg;custom_dataset\processed\VID_3\003\frame_0025.jpg;custom_dataset\processed\VID_3\003\frame_0026.jpg;custom_dataset\processed\VID_3\003\frame_0027.jpg,
VID_3_003_C06,VID_3,VID_3.mp4,3,VID_3_003,6,8,custom_dataset\processed\VID_3\003\frame_0024.jpg;custom_dataset\processed\VID_3\003\frame_0025.jpg;custom_dataset\processed\VID_3\003\frame_0026.jpg;custom_dataset\processed\VID_3\003\frame_0027.jpg;custom_dataset\processed\VID_3\003\frame_0028.jpg;custom_dataset\processed\VID_3\003\frame_0029.jpg;custom_dataset\processed\VID_3\003\frame_0030.jpg;custom_dataset\processed\VID_3\003\frame_0031.jpg,
VID_3_003_C07,VID_3,VID_3.mp4,3,VID_3_003,7,8,custom_dataset\processed\VID_3\003\frame_0028.jpg;custom_dataset\processed\VID_3\003\frame_0029.jpg;custom_dataset\processed\VID_3\003\frame_0030.jpg;custom_dataset\processed\VID_3\003\frame_0031.jpg;custom_dataset\processed\VID_3\003\frame_0032.jpg;custom_dataset\processed\VID_3\003\frame_0033.jpg;custom_dataset\processed\VID_3\003\frame_0034.jpg;custom_dataset\processed\VID_3\003\frame_0035.jpg,
VID_3_003_C08,VID_3,VID_3.mp4,3,VID_3_003,8,8,custom_dataset\processed\VID_3\003\frame_0032.jpg;custom_dataset\processed\VID_3\003\frame_0033.jpg;custom_dataset\processed\VID_3\003\frame_0034.jpg;custom_dataset\processed\VID_3\003\frame_0035.jpg;custom_dataset\processed\VID_3\003\frame_0036.jpg;custom_dataset\processed\VID_3\003\frame_0037.jpg;custom_dataset\processed\VID_3\003\frame_0038.jpg;custom_dataset\processed\VID_3\003\frame_0039.jpg,
VID_3_003_C09,VID_3,VID_3.mp4,3,VID_3_003,9,8,custom_dataset\processed\VID_3\003\frame_0036.jpg;custom_dataset\processed\VID_3\003\frame_0037.jpg;custom_dataset\processed\VID_3\003\frame_0038.jpg;custom_dataset\processed\VID_3\003\frame_0039.jpg;custom_dataset\processed\VID_3\003\frame_0040.jpg;custom_dataset\processed\VID_3\003\frame_0041.jpg;custom_dataset\processed\VID_3\003\frame_0042.jpg;custom_dataset\processed\VID_3\003\frame_0043.jpg,
VID_3_004_C00,VID_3,VID_3.mp4,4,VID_3_004,0,8,custom_dataset\processed\VID_3\004\frame_0000.jpg;custom_dataset\processed\VID_3\004\frame_0001.jpg;custom_dataset\processed\VID_3\004\frame_0002.jpg;custom_dataset\processed\VID_3\004\frame_0003.jpg;custom_dataset\processed\VID_3\004\frame_0004.jpg;custom_dataset\processed\VID_3\004\frame_0005.jpg;custom_dataset\processed\VID_3\004\frame_0006.jpg;custom_dataset\processed\VID_3\004\frame_0007.jpg,
VID_3_004_C01,VID_3,VID_3.mp4,4,VID_3_004,1,8,custom_dataset\processed\VID_3\004\frame_0004.jpg;custom_dataset\processed\VID_3\004\frame_0005.jpg;custom_dataset\processed\VID_3\004\frame_0006.jpg;custom_dataset\processed\VID_3\004\frame_0007.jpg;custom_dataset\processed\VID_3\004\frame_0008.jpg;custom_dataset\processed\VID_3\004\frame_0009.jpg;custom_dataset\processed\VID_3\004\frame_0010.jpg;custom_dataset\processed\VID_3\004\frame_0011.jpg,
VID_3_004_C02,VID_3,VID_3.mp4,4,VID_3_004,2,8,custom_dataset\processed\VID_3\004\frame_0008.jpg;custom_dataset\processed\VID_3\004\frame_0009.jpg;custom_dataset\processed\VID_3\004\frame_0010.jpg;custom_dataset\processed\VID_3\004\frame_0011.jpg;custom_dataset\processed\VID_3\004\frame_0012.jpg;custom_dataset\processed\VID_3\004\frame_0013.jpg;custom_dataset\processed\VID_3\004\frame_0014.jpg;custom_dataset\processed\VID_3\004\frame_0015.jpg,
VID_3_004_C03,VID_3,VID_3.mp4,4,VID_3_004,3,8,custom_dataset\processed\VID_3\004\frame_0012.jpg;custom_dataset\processed\VID_3\004\frame_0013.jpg;custom_dataset\processed\VID_3\004\frame_0014.jpg;custom_dataset\processed\VID_3\004\frame_0015.jpg;custom_dataset\processed\VID_3\004\frame_0016.jpg;custom_dataset\processed\VID_3\004\frame_0017.jpg;custom_dataset\processed\VID_3\004\frame_0018.jpg;custom_dataset\processed\VID_3\004\frame_0019.jpg,
VID_3_004_C04,VID_3,VID_3.mp4,4,VID_3_004,4,8,custom_dataset\processed\VID_3\004\frame_0016.jpg;custom_dataset\processed\VID_3\004\frame_0017.jpg;custom_dataset\processed\VID_3\004\frame_0018.jpg;custom_dataset\processed\VID_3\004\frame_0019.jpg;custom_dataset\processed\VID_3\004\frame_0020.jpg;custom_dataset\processed\VID_3\004\frame_0021.jpg;custom_dataset\processed\VID_3\004\frame_0022.jpg;custom_dataset\processed\VID_3\004\frame_0023.jpg,
VID_3_004_C05,VID_3,VID_3.mp4,4,VID_3_004,5,8,custom_dataset\processed\VID_3\004\frame_0020.jpg;custom_dataset\processed\VID_3\004\frame_0021.jpg;custom_dataset\processed\VID_3\004\frame_0022.jpg;custom_dataset\processed\VID_3\004\frame_0023.jpg;custom_dataset\processed\VID_3\004\frame_0024.jpg;custom_dataset\processed\VID_3\004\frame_0025.jpg;custom_dataset\processed\VID_3\004\frame_0026.jpg;custom_dataset\processed\VID_3\004\frame_0027.jpg,
VID_3_005_C00,VID_3,VID_3.mp4,5,VID_3_005,0,8,custom_dataset\processed\VID_3\005\frame_0000.jpg;custom_dataset\processed\VID_3\005\frame_0001.jpg;custom_dataset\processed\VID_3\005\frame_0002.jpg;custom_dataset\processed\VID_3\005\frame_0003.jpg;custom_dataset\processed\VID_3\005\frame_0004.jpg;custom_dataset\processed\VID_3\005\frame_0005.jpg;custom_dataset\processed\VID_3\005\frame_0006.jpg;custom_dataset\processed\VID_3\005\frame_0007.jpg,
VID_3_005_C01,VID_3,VID_3.mp4,5,VID_3_005,1,8,custom_dataset\processed\VID_3\005\frame_0004.jpg;custom_dataset\processed\VID_3\005\frame_0005.jpg;custom_dataset\processed\VID_3\005\frame_0006.jpg;custom_dataset\processed\VID_3\005\frame_0007.jpg;custom_dataset\processed\VID_3\005\frame_0008.jpg;custom_dataset\processed\VID_3\005\frame_0009.jpg;custom_dataset\processed\VID_3\005\frame_0010.jpg;custom_dataset\processed\VID_3\005\frame_0011.jpg,
VID_3_005_C02,VID_3,VID_3.mp4,5,VID_3_005,2,8,custom_dataset\processed\VID_3\005\frame_0008.jpg;custom_dataset\processed\VID_3\005\frame_0009.jpg;custom_dataset\processed\VID_3\005\frame_0010.jpg;custom_dataset\processed\VID_3\005\frame_0011.jpg;custom_dataset\processed\VID_3\005\frame_0012.jpg;custom_dataset\processed\VID_3\005\frame_0013.jpg;custom_dataset\processed\VID_3\005\frame_0014.jpg;custom_dataset\processed\VID_3\005\frame_0015.jpg,
VID_3_005_C03,VID_3,VID_3.mp4,5,VID_3_005,3,8,custom_dataset\processed\VID_3\005\frame_0012.jpg;custom_dataset\processed\VID_3\005\frame_0013.jpg;custom_dataset\processed\VID_3\005\frame_0014.jpg;custom_dataset\processed\VID_3\005\frame_0015.jpg;custom_dataset\processed\VID_3\005\frame_0016.jpg;custom_dataset\processed\VID_3\005\frame_0017.jpg;custom_dataset\processed\VID_3\005\frame_0018.jpg;custom_dataset\processed\VID_3\005\frame_0019.jpg,
VID_3_005_C04,VID_3,VID_3.mp4,5,VID_3_005,4,8,custom_dataset\processed\VID_3\005\frame_0016.jpg;custom_dataset\processed\VID_3\005\frame_0017.jpg;custom_dataset\processed\VID_3\005\frame_0018.jpg;custom_dataset\processed\VID_3\005\frame_0019.jpg;custom_dataset\processed\VID_3\005\frame_0020.jpg;custom_dataset\processed\VID_3\005\frame_0021.jpg;custom_dataset\processed\VID_3\005\frame_0022.jpg;custom_dataset\processed\VID_3\005\frame_0024.jpg,
VID_3_005_C05,VID_3,VID_3.mp4,5,VID_3_005,5,8,custom_dataset\processed\VID_3\005\frame_0020.jpg;custom_dataset\processed\VID_3\005\frame_0021.jpg;custom_dataset\processed\VID_3\005\frame_0022.jpg;custom_dataset\processed\VID_3\005\frame_0024.jpg;custom_dataset\processed\VID_3\005\frame_0025.jpg;custom_dataset\processed\VID_3\005\frame_0026.jpg;custom_dataset\processed\VID_3\005\frame_0027.jpg;custom_dataset\processed\VID_3\005\frame_0028.jpg,
VID_3_005_C06,VID_3,VID_3.mp4,5,VID_3_005,6,8,custom_dataset\processed\VID_3\005\frame_0025.jpg;custom_dataset\processed\VID_3\005\frame_0026.jpg;custom_dataset\processed\VID_3\005\frame_0027.jpg;custom_dataset\processed\VID_3\005\frame_0028.jpg;custom_dataset\processed\VID_3\005\frame_0029.jpg;custom_dataset\processed\VID_3\005\frame_0030.jpg;custom_dataset\processed\VID_3\005\frame_0031.jpg;custom_dataset\processed\VID_3\005\frame_0032.jpg,
VID_3_005_C07,VID_3,VID_3.mp4,5,VID_3_005,7,8,custom_dataset\processed\VID_3\005\frame_0029.jpg;custom_dataset\processed\VID_3\005\frame_0030.jpg;custom_dataset\processed\VID_3\005\frame_0031.jpg;custom_dataset\processed\VID_3\005\frame_0032.jpg;custom_dataset\processed\VID_3\005\frame_0033.jpg;custom_dataset\processed\VID_3\005\frame_0034.jpg;custom_dataset\processed\VID_3\005\frame_0035.jpg;custom_dataset\processed\VID_3\005\frame_0036.jpg,
VID_3_005_C08,VID_3,VID_3.mp4,5,VID_3_005,8,8,custom_dataset\processed\VID_3\005\frame_0033.jpg;custom_dataset\processed\VID_3\005\frame_0034.jpg;custom_dataset\processed\VID_3\005\frame_0035.jpg;custom_dataset\processed\VID_3\005\frame_0036.jpg;custom_dataset\processed\VID_3\005\frame_0037.jpg;custom_dataset\processed\VID_3\005\frame_0038.jpg;custom_dataset\processed\VID_3\005\frame_0039.jpg;custom_dataset\processed\VID_3\005\frame_0040.jpg,
VID_3_006_C00,VID_3,VID_3.mp4,6,VID_3_006,0,8,custom_dataset\processed\VID_3\006\frame_0000.jpg;custom_dataset\processed\VID_3\006\frame_0001.jpg;custom_dataset\processed\VID_3\006\frame_0002.jpg;custom_dataset\processed\VID_3\006\frame_0003.jpg;custom_dataset\processed\VID_3\006\frame_0004.jpg;custom_dataset\processed\VID_3\006\frame_0005.jpg;custom_dataset\processed\VID_3\006\frame_0006.jpg;custom_dataset\processed\VID_3\006\frame_0007.jpg,
VID_3_006_C01,VID_3,VID_3.mp4,6,VID_3_006,1,8,custom_dataset\processed\VID_3\006\frame_0004.jpg;custom_dataset\processed\VID_3\006\frame_0005.jpg;custom_dataset\processed\VID_3\006\frame_0006.jpg;custom_dataset\processed\VID_3\006\frame_0007.jpg;custom_dataset\processed\VID_3\006\frame_0008.jpg;custom_dataset\processed\VID_3\006\frame_0009.jpg;custom_dataset\processed\VID_3\006\frame_0010.jpg;custom_dataset\processed\VID_3\006\frame_0011.jpg,
VID_3_006_C02,VID_3,VID_3.mp4,6,VID_3_006,2,8,custom_dataset\processed\VID_3\006\frame_0008.jpg;custom_dataset\processed\VID_3\006\frame_0009.jpg;custom_dataset\processed\VID_3\006\frame_0010.jpg;custom_dataset\processed\VID_3\006\frame_0011.jpg;custom_dataset\processed\VID_3\006\frame_0012.jpg;custom_dataset\processed\VID_3\006\frame_0013.jpg;custom_dataset\processed\VID_3\006\frame_0014.jpg;custom_dataset\processed\VID_3\006\frame_0015.jpg,
VID_3_006_C03,VID_3,VID_3.mp4,6,VID_3_006,3,8,custom_dataset\processed\VID_3\006\frame_0012.jpg;custom_dataset\processed\VID_3\006\frame_0013.jpg;custom_dataset\processed\VID_3\006\frame_0014.jpg;custom_dataset\processed\VID_3\006\frame_0015.jpg;custom_dataset\processed\VID_3\006\frame_0016.jpg;custom_dataset\processed\VID_3\006\frame_0017.jpg;custom_dataset\processed\VID_3\006\frame_0018.jpg;custom_dataset\processed\VID_3\006\frame_0019.jpg,
VID_3_006_C04,VID_3,VID_3.mp4,6,VID_3_006,4,8,custom_dataset\processed\VID_3\006\frame_0016.jpg;custom_dataset\processed\VID_3\006\frame_0017.jpg;custom_dataset\processed\VID_3\006\frame_0018.jpg;custom_dataset\processed\VID_3\006\frame_0019.jpg;custom_dataset\processed\VID_3\006\frame_0020.jpg;custom_dataset\processed\VID_3\006\frame_0021.jpg;custom_dataset\processed\VID_3\006\frame_0022.jpg;custom_dataset\processed\VID_3\006\frame_0023.jpg,
VID_3_006_C05,VID_3,VID_3.mp4,6,VID_3_006,5,8,custom_dataset\processed\VID_3\006\frame_0020.jpg;custom_dataset\processed\VID_3\006\frame_0021.jpg;custom_dataset\processed\VID_3\006\frame_0022.jpg;custom_dataset\processed\VID_3\006\frame_0023.jpg;custom_dataset\processed\VID_3\006\frame_0024.jpg;custom_dataset\processed\VID_3\006\frame_0025.jpg;custom_dataset\processed\VID_3\006\frame_0026.jpg;custom_dataset\processed\VID_3\006\frame_0027.jpg,
VID_3_006_C06,VID_3,VID_3.mp4,6,VID_3_006,6,8,custom_dataset\processed\VID_3\006\frame_0024.jpg;custom_dataset\processed\VID_3\006\frame_0025.jpg;custom_dataset\processed\VID_3\006\frame_0026.jpg;custom_dataset\processed\VID_3\006\frame_0027.jpg;custom_dataset\processed\VID_3\006\frame_0028.jpg;custom_dataset\processed\VID_3\006\frame_0029.jpg;custom_dataset\processed\VID_3\006\frame_0030.jpg;custom_dataset\processed\VID_3\006\frame_0031.jpg,
VID_3_006_C07,VID_3,VID_3.mp4,6,VID_3_006,7,8,custom_dataset\processed\VID_3\006\frame_0028.jpg;custom_dataset\processed\VID_3\006\frame_0029.jpg;custom_dataset\processed\VID_3\006\frame_0030.jpg;custom_dataset\processed\VID_3\006\frame_0031.jpg;custom_dataset\processed\VID_3\006\frame_0032.jpg;custom_dataset\processed\VID_3\006\frame_0033.jpg;custom_dataset\processed\VID_3\006\frame_0034.jpg;custom_dataset\processed\VID_3\006\frame_0035.jpg,
VID_3_006_C08,VID_3,VID_3.mp4,6,VID_3_006,8,8,custom_dataset\processed\VID_3\006\frame_0032.jpg;custom_dataset\processed\VID_3\006\frame_0033.jpg;custom_dataset\processed\VID_3\006\frame_0034.jpg;custom_dataset\processed\VID_3\006\frame_0035.jpg;custom_dataset\processed\VID_3\006\frame_0036.jpg;custom_dataset\processed\VID_3\006\frame_0037.jpg;custom_dataset\processed\VID_3\006\frame_0038.jpg;custom_dataset\processed\VID_3\006\frame_0039.jpg,
VID_3_006_C09,VID_3,VID_3.mp4,6,VID_3_006,9,8,custom_dataset\processed\VID_3\006\frame_0036.jpg;custom_dataset\processed\VID_3\006\frame_0037.jpg;custom_dataset\processed\VID_3\006\frame_0038.jpg;custom_dataset\processed\VID_3\006\frame_0039.jpg;custom_dataset\processed\VID_3\006\frame_0040.jpg;custom_dataset\processed\VID_3\006\frame_0041.jpg;custom_dataset\processed\VID_3\006\frame_0042.jpg;custom_dataset\processed\VID_3\006\frame_0043.jpg,
VID_3_007_C00,VID_3,VID_3.mp4,7,VID_3_007,0,8,custom_dataset\processed\VID_3\007\frame_0000.jpg;custom_dataset\processed\VID_3\007\frame_0001.jpg;custom_dataset\processed\VID_3\007\frame_0002.jpg;custom_dataset\processed\VID_3\007\frame_0003.jpg;custom_dataset\processed\VID_3\007\frame_0004.jpg;custom_dataset\processed\VID_3\007\frame_0007.jpg;custom_dataset\processed\VID_3\007\frame_0008.jpg;custom_dataset\processed\VID_3\007\frame_0009.jpg,
VID_3_007_C01,VID_3,VID_3.mp4,7,VID_3_007,1,8,custom_dataset\processed\VID_3\007\frame_0004.jpg;custom_dataset\processed\VID_3\007\frame_0007.jpg;custom_dataset\processed\VID_3\007\frame_0008.jpg;custom_dataset\processed\VID_3\007\frame_0009.jpg;custom_dataset\processed\VID_3\007\frame_0010.jpg;custom_dataset\processed\VID_3\007\frame_0011.jpg;custom_dataset\processed\VID_3\007\frame_0012.jpg;custom_dataset\processed\VID_3\007\frame_0013.jpg,
VID_3_007_C02,VID_3,VID_3.mp4,7,VID_3_007,2,8,custom_dataset\processed\VID_3\007\frame_0010.jpg;custom_dataset\processed\VID_3\007\frame_0011.jpg;custom_dataset\processed\VID_3\007\frame_0012.jpg;custom_dataset\processed\VID_3\007\frame_0013.jpg;custom_dataset\processed\VID_3\007\frame_0014.jpg;custom_dataset\processed\VID_3\007\frame_0015.jpg;custom_dataset\processed\VID_3\007\frame_0016.jpg;custom_dataset\processed\VID_3\007\frame_0017.jpg,
VID_3_007_C03,VID_3,VID_3.mp4,7,VID_3_007,3,8,custom_dataset\processed\VID_3\007\frame_0014.jpg;custom_dataset\processed\VID_3\007\frame_0015.jpg;custom_dataset\processed\VID_3\007\frame_0016.jpg;custom_dataset\processed\VID_3\007\frame_0017.jpg;custom_dataset\processed\VID_3\007\frame_0018.jpg;custom_dataset\processed\VID_3\007\frame_0019.jpg;custom_dataset\processed\VID_3\007\frame_0020.jpg;custom_dataset\processed\VID_3\007\frame_0021.jpg,
VID_3_007_C04,VID_3,VID_3.mp4,7,VID_3_007,4,8,custom_dataset\processed\VID_3\007\frame_0018.jpg;custom_dataset\processed\VID_3\007\frame_0019.jpg;custom_dataset\processed\VID_3\007\frame_0020.jpg;custom_dataset\processed\VID_3\007\frame_0021.jpg;custom_dataset\processed\VID_3\007\frame_0022.jpg;custom_dataset\processed\VID_3\007\frame_0023.jpg;custom_dataset\processed\VID_3\007\frame_0024.jpg;custom_dataset\processed\VID_3\007\frame_0025.jpg,
VID_3_007_C05,VID_3,VID_3.mp4,7,VID_3_007,5,8,custom_dataset\processed\VID_3\007\frame_0022.jpg;custom_dataset\processed\VID_3\007\frame_0023.jpg;custom_dataset\processed\VID_3\007\frame_0024.jpg;custom_dataset\processed\VID_3\007\frame_0025.jpg;custom_dataset\processed\VID_3\007\frame_0026.jpg;custom_dataset\processed\VID_3\007\frame_0027.jpg;custom_dataset\processed\VID_3\007\frame_0028.jpg;custom_dataset\processed\VID_3\007\frame_0029.jpg,
VID_3_007_C06,VID_3,VID_3.mp4,7,VID_3_007,6,8,custom_dataset\processed\VID_3\007\frame_0026.jpg;custom_dataset\processed\VID_3\007\frame_0027.jpg;custom_dataset\processed\VID_3\007\frame_0028.jpg;custom_dataset\processed\VID_3\007\frame_0029.jpg;custom_dataset\processed\VID_3\007\frame_0030.jpg;custom_dataset\processed\VID_3\007\frame_0031.jpg;custom_dataset\processed\VID_3\007\frame_0032.jpg;custom_dataset\processed\VID_3\007\frame_0033.jpg,
VID_3_007_C07,VID_3,VID_3.mp4,7,VID_3_007,7,8,custom_dataset\processed\VID_3\007\frame_0030.jpg;custom_dataset\processed\VID_3\007\frame_0031.jpg;custom_dataset\processed\VID_3\007\frame_0032.jpg;custom_dataset\processed\VID_3\007\frame_0033.jpg;custom_dataset\processed\VID_3\007\frame_0034.jpg;custom_dataset\processed\VID_3\007\frame_0035.jpg;custom_dataset\processed\VID_3\007\frame_0036.jpg;custom_dataset\processed\VID_3\007\frame_0037.jpg,
VID_3_007_C08,VID_3,VID_3.mp4,7,VID_3_007,8,8,custom_dataset\processed\VID_3\007\frame_0034.jpg;custom_dataset\processed\VID_3\007\frame_0035.jpg;custom_dataset\processed\VID_3\007\frame_0036.jpg;custom_dataset\processed\VID_3\007\frame_0037.jpg;custom_dataset\processed\VID_3\007\frame_0038.jpg;custom_dataset\processed\VID_3\007\frame_0039.jpg;custom_dataset\processed\VID_3\007\frame_0040.jpg;custom_dataset\processed\VID_3\007\frame_0041.jpg,
VID_3_010_C00,VID_3,VID_3.mp4,10,VID_3_010,0,8,custom_dataset\processed\VID_3\010\frame_0004.jpg;custom_dataset\processed\VID_3\010\frame_0005.jpg;custom_dataset\processed\VID_3\010\frame_0006.jpg;custom_dataset\processed\VID_3\010\frame_0007.jpg;custom_dataset\processed\VID_3\010\frame_0008.jpg;custom_dataset\processed\VID_3\010\frame_0009.jpg;custom_dataset\processed\VID_3\010\frame_0010.jpg;custom_dataset\processed\VID_3\010\frame_0011.jpg,
VID_3_010_C01,VID_3,VID_3.mp4,10,VID_3_010,1,8,custom_dataset\processed\VID_3\010\frame_0008.jpg;custom_dataset\processed\VID_3\010\frame_0009.jpg;custom_dataset\processed\VID_3\010\frame_0010.jpg;custom_dataset\processed\VID_3\010\frame_0011.jpg;custom_dataset\processed\VID_3\010\frame_0012.jpg;custom_dataset\processed\VID_3\010\frame_0013.jpg;custom_dataset\processed\VID_3\010\frame_0014.jpg;custom_dataset\processed\VID_3\010\frame_0015.jpg,
VID_3_010_C02,VID_3,VID_3.mp4,10,VID_3_010,2,8,custom_dataset\processed\VID_3\010\frame_0012.jpg;custom_dataset\processed\VID_3\010\frame_0013.jpg;custom_dataset\processed\VID_3\010\frame_0014.jpg;custom_dataset\processed\VID_3\010\frame_0015.jpg;custom_dataset\processed\VID_3\010\frame_0016.jpg;custom_dataset\processed\VID_3\010\frame_0017.jpg;custom_dataset\processed\VID_3\010\frame_0018.jpg;custom_dataset\processed\VID_3\010\frame_0019.jpg,
VID_3_010_C03,VID_3,VID_3.mp4,10,VID_3_010,3,8,custom_dataset\processed\VID_3\010\frame_0016.jpg;custom_dataset\processed\VID_3\010\frame_0017.jpg;custom_dataset\processed\VID_3\010\frame_0018.jpg;custom_dataset\processed\VID_3\010\frame_0019.jpg;custom_dataset\processed\VID_3\010\frame_0020.jpg;custom_dataset\processed\VID_3\010\frame_0021.jpg;custom_dataset\processed\VID_3\010\frame_0022.jpg;custom_dataset\processed\VID_3\010\frame_0023.jpg,
VID_3_010_C04,VID_3,VID_3.mp4,10,VID_3_010,4,8,custom_dataset\processed\VID_3\010\frame_0020.jpg;custom_dataset\processed\VID_3\010\frame_0021.jpg;custom_dataset\processed\VID_3\010\frame_0022.jpg;custom_dataset\processed\VID_3\010\frame_0023.jpg;custom_dataset\processed\VID_3\010\frame_0024.jpg;custom_dataset\processed\VID_3\010\frame_0025.jpg;custom_dataset\processed\VID_3\010\frame_0026.jpg;custom_dataset\processed\VID_3\010\frame_0027.jpg,
VID_3_010_C05,VID_3,VID_3.mp4,10,VID_3_010,5,8,custom_dataset\processed\VID_3\010\frame_0024.jpg;custom_dataset\processed\VID_3\010\frame_0025.jpg;custom_dataset\processed\VID_3\010\frame_0026.jpg;custom_dataset\processed\VID_3\010\frame_0027.jpg;custom_dataset\processed\VID_3\010\frame_0028.jpg;custom_dataset\processed\VID_3\010\frame_0029.jpg;custom_dataset\processed\VID_3\010\frame_0030.jpg;custom_dataset\processed\VID_3\010\frame_0031.jpg,
VID_3_012_C00,VID_3,VID_3.mp4,12,VID_3_012,0,8,custom_dataset\processed\VID_3\012\frame_0005.jpg;custom_dataset\processed\VID_3\012\frame_0006.jpg;custom_dataset\processed\VID_3\012\frame_0009.jpg;custom_dataset\processed\VID_3\012\frame_0010.jpg;custom_dataset\processed\VID_3\012\frame_0011.jpg;custom_dataset\processed\VID_3\012\frame_0012.jpg;custom_dataset\processed\VID_3\012\frame_0013.jpg;custom_dataset\processed\VID_3\012\frame_0014.jpg,
VID_3_012_C01,VID_3,VID_3.mp4,12,VID_3_012,1,8,custom_dataset\processed\VID_3\012\frame_0011.jpg;custom_dataset\processed\VID_3\012\frame_0012.jpg;custom_dataset\processed\VID_3\012\frame_0013.jpg;custom_dataset\processed\VID_3\012\frame_0014.jpg;custom_dataset\processed\VID_3\012\frame_0015.jpg;custom_dataset\processed\VID_3\012\frame_0016.jpg;custom_dataset\processed\VID_3\012\frame_0018.jpg;custom_dataset\processed\VID_3\012\frame_0019.jpg,
VID_3_012_C02,VID_3,VID_3.mp4,12,VID_3_012,2,8,custom_dataset\processed\VID_3\012\frame_0015.jpg;custom_dataset\processed\VID_3\012\frame_0016.jpg;custom_dataset\processed\VID_3\012\frame_0018.jpg;custom_dataset\processed\VID_3\012\frame_0019.jpg;custom_dataset\processed\VID_3\012\frame_0021.jpg;custom_dataset\processed\VID_3\012\frame_0022.jpg;custom_dataset\processed\VID_3\012\frame_0023.jpg;custom_dataset\processed\VID_3\012\frame_0024.jpg,
VID_3_012_C03,VID_3,VID_3.mp4,12,VID_3_012,3,8,custom_dataset\processed\VID_3\012\frame_0021.jpg;custom_dataset\processed\VID_3\012\frame_0022.jpg;custom_dataset\processed\VID_3\012\frame_0023.jpg;custom_dataset\processed\VID_3\012\frame_0024.jpg;custom_dataset\processed\VID_3\012\frame_0025.jpg;custom_dataset\processed\VID_3\012\frame_0026.jpg;custom_dataset\processed\VID_3\012\frame_0028.jpg;custom_dataset\processed\VID_3\012\frame_0031.jpg,
VID_3_012_C04,VID_3,VID_3.mp4,12,VID_3_012,4,8,custom_dataset\processed\VID_3\012\frame_0025.jpg;custom_dataset\processed\VID_3\012\frame_0026.jpg;custom_dataset\processed\VID_3\012\frame_0028.jpg;custom_dataset\processed\VID_3\012\frame_0031.jpg;custom_dataset\processed\VID_3\012\frame_0032.jpg;custom_dataset\processed\VID_3\012\frame_0034.jpg;custom_dataset\processed\VID_3\012\frame_0036.jpg;custom_dataset\processed\VID_3\012\frame_0038.jpg,
VID_3_016_C00,VID_3,VID_3.mp4,16,VID_3_016,0,8,custom_dataset\processed\VID_3\016\frame_0010.jpg;custom_dataset\processed\VID_3\016\frame_0011.jpg;custom_dataset\processed\VID_3\016\frame_0012.jpg;custom_dataset\processed\VID_3\016\frame_0014.jpg;custom_dataset\processed\VID_3\016\frame_0015.jpg;custom_dataset\processed\VID_3\016\frame_0016.jpg;custom_dataset\processed\VID_3\016\frame_0017.jpg;custom_dataset\processed\VID_3\016\frame_0018.jpg,
VID_3_016_C01,VID_3,VID_3.mp4,16,VID_3_016,1,8,custom_dataset\processed\VID_3\016\frame_0015.jpg;custom_dataset\processed\VID_3\016\frame_0016.jpg;custom_dataset\processed\VID_3\016\frame_0017.jpg;custom_dataset\processed\VID_3\016\frame_0018.jpg;custom_dataset\processed\VID_3\016\frame_0019.jpg;custom_dataset\processed\VID_3\016\frame_0020.jpg;custom_dataset\processed\VID_3\016\frame_0021.jpg;custom_dataset\processed\VID_3\016\frame_0022.jpg,
VID_3_016_C02,VID_3,VID_3.mp4,16,VID_3_016,2,8,custom_dataset\processed\VID_3\016\frame_0019.jpg;custom_dataset\processed\VID_3\016\frame_0020.jpg;custom_dataset\processed\VID_3\016\frame_0021.jpg;custom_dataset\processed\VID_3\016\frame_0022.jpg;custom_dataset\processed\VID_3\016\frame_0023.jpg;custom_dataset\processed\VID_3\016\frame_0024.jpg;custom_dataset\processed\VID_3\016\frame_0025.jpg;custom_dataset\processed\VID_3\016\frame_0026.jpg,
VID_3_016_C03,VID_3,VID_3.mp4,16,VID_3_016,3,8,custom_dataset\processed\VID_3\016\frame_0023.jpg;custom_dataset\processed\VID_3\016\frame_0024.jpg;custom_dataset\processed\VID_3\016\frame_0025.jpg;custom_dataset\processed\VID_3\016\frame_0026.jpg;custom_dataset\processed\VID_3\016\frame_0027.jpg;custom_dataset\processed\VID_3\016\frame_0028.jpg;custom_dataset\processed\VID_3\016\frame_0029.jpg;custom_dataset\processed\VID_3\016\frame_0030.jpg,
VID_3_016_C04,VID_3,VID_3.mp4,16,VID_3_016,4,8,custom_dataset\processed\VID_3\016\frame_0027.jpg;custom_dataset\processed\VID_3\016\frame_0028.jpg;custom_dataset\processed\VID_3\016\frame_0029.jpg;custom_dataset\processed\VID_3\016\frame_0030.jpg;custom_dataset\processed\VID_3\016\frame_0031.jpg;custom_dataset\processed\VID_3\016\frame_0032.jpg;custom_dataset\processed\VID_3\016\frame_0033.jpg;custom_dataset\processed\VID_3\016\frame_0034.jpg,
VID_3_016_C05,VID_3,VID_3.mp4,16,VID_3_016,5,8,custom_dataset\processed\VID_3\016\frame_0031.jpg;custom_dataset\processed\VID_3\016\frame_0032.jpg;custom_dataset\processed\VID_3\016\frame_0033.jpg;custom_dataset\processed\VID_3\016\frame_0034.jpg;custom_dataset\processed\VID_3\016\frame_0035.jpg;custom_dataset\processed\VID_3\016\frame_0036.jpg;custom_dataset\processed\VID_3\016\frame_0037.jpg;custom_dataset\processed\VID_3\016\frame_0038.jpg,
VID_3_016_C06,VID_3,VID_3.mp4,16,VID_3_016,6,8,custom_dataset\processed\VID_3\016\frame_0035.jpg;custom_dataset\processed\VID_3\016\frame_0036.jpg;custom_dataset\processed\VID_3\016\frame_0037.jpg;custom_dataset\processed\VID_3\016\frame_0038.jpg;custom_dataset\processed\VID_3\016\frame_0039.jpg;custom_dataset\processed\VID_3\016\frame_0040.jpg;custom_dataset\processed\VID_3\016\frame_0041.jpg;custom_dataset\processed\VID_3\016\frame_0042.jpg,
VID_3_017_C00,VID_3,VID_3.mp4,17,VID_3_017,0,8,custom_dataset\processed\VID_3\017\frame_0013.jpg;custom_dataset\processed\VID_3\017\frame_0014.jpg;custom_dataset\processed\VID_3\017\frame_0015.jpg;custom_dataset\processed\VID_3\017\frame_0016.jpg;custom_dataset\processed\VID_3\017\frame_0017.jpg;custom_dataset\processed\VID_3\017\frame_0018.jpg;custom_dataset\processed\VID_3\017\frame_0019.jpg;custom_dataset\processed\VID_3\017\frame_0020.jpg,
VID_3_017_C01,VID_3,VID_3.mp4,17,VID_3_017,1,8,custom_dataset\processed\VID_3\017\frame_0017.jpg;custom_dataset\processed\VID_3\017\frame_0018.jpg;custom_dataset\processed\VID_3\017\frame_0019.jpg;custom_dataset\processed\VID_3\017\frame_0020.jpg;custom_dataset\processed\VID_3\017\frame_0023.jpg;custom_dataset\processed\VID_3\017\frame_0026.jpg;custom_dataset\processed\VID_3\017\frame_0027.jpg;custom_dataset\processed\VID_3\017\frame_0028.jpg,
VID_3_017_C02,VID_3,VID_3.mp4,17,VID_3_017,2,8,custom_dataset\processed\VID_3\017\frame_0023.jpg;custom_dataset\processed\VID_3\017\frame_0026.jpg;custom_dataset\processed\VID_3\017\frame_0027.jpg;custom_dataset\processed\VID_3\017\frame_0028.jpg;custom_dataset\processed\VID_3\017\frame_0029.jpg;custom_dataset\processed\VID_3\017\frame_0030.jpg;custom_dataset\processed\VID_3\017\frame_0031.jpg;custom_dataset\processed\VID_3\017\frame_0032.jpg,
VID_3_017_C03,VID_3,VID_3.mp4,17,VID_3_017,3,8,custom_dataset\processed\VID_3\017\frame_0029.jpg;custom_dataset\processed\VID_3\017\frame_0030.jpg;custom_dataset\processed\VID_3\017\frame_0031.jpg;custom_dataset\processed\VID_3\017\frame_0032.jpg;custom_dataset\processed\VID_3\017\frame_0033.jpg;custom_dataset\processed\VID_3\017\frame_0034.jpg;custom_dataset\processed\VID_3\017\frame_0035.jpg;custom_dataset\processed\VID_3\017\frame_0036.jpg,
VID_3_019_C00,VID_3,VID_3.mp4,19,VID_3_019,0,8,custom_dataset\processed\VID_3\019\frame_0019.jpg;custom_dataset\processed\VID_3\019\frame_0020.jpg;custom_dataset\processed\VID_3\019\frame_0021.jpg;custom_dataset\processed\VID_3\019\frame_0025.jpg;custom_dataset\processed\VID_3\019\frame_0028.jpg;custom_dataset\processed\VID_3\019\frame_0029.jpg;custom_dataset\processed\VID_3\019\frame_0030.jpg;custom_dataset\processed\VID_3\019\frame_0031.jpg,
VID_3_019_C01,VID_3,VID_3.mp4,19,VID_3_019,1,8,custom_dataset\processed\VID_3\019\frame_0028.jpg;custom_dataset\processed\VID_3\019\frame_0029.jpg;custom_dataset\processed\VID_3\019\frame_0030.jpg;custom_dataset\processed\VID_3\019\frame_0031.jpg;custom_dataset\processed\VID_3\019\frame_0032.jpg;custom_dataset\processed\VID_3\019\frame_0033.jpg;custom_dataset\processed\VID_3\019\frame_0034.jpg;custom_dataset\processed\VID_3\019\frame_0035.jpg,
VID_3_019_C02,VID_3,VID_3.mp4,19,VID_3_019,2,8,custom_dataset\processed\VID_3\019\frame_0032.jpg;custom_dataset\processed\VID_3\019\frame_0033.jpg;custom_dataset\processed\VID_3\019\frame_0034.jpg;custom_dataset\processed\VID_3\019\frame_0035.jpg;custom_dataset\processed\VID_3\019\frame_0036.jpg;custom_dataset\processed\VID_3\019\frame_0038.jpg;custom_dataset\processed\VID_3\019\frame_0039.jpg;custom_dataset\processed\VID_3\019\frame_0040.jpg,
VID_3_023_C00,VID_3,VID_3.mp4,23,VID_3_023,0,8,custom_dataset\processed\VID_3\023\frame_0029.jpg;custom_dataset\processed\VID_3\023\frame_0031.jpg;custom_dataset\processed\VID_3\023\frame_0032.jpg;custom_dataset\processed\VID_3\023\frame_0033.jpg;custom_dataset\processed\VID_3\023\frame_0034.jpg;custom_dataset\processed\VID_3\023\frame_0035.jpg;custom_dataset\processed\VID_3\023\frame_0038.jpg;custom_dataset\processed\VID_3\023\frame_0039.jpg,
VID_4_001_C00,VID_4,VID_4.mp4,1,VID_4_001,0,8,custom_dataset\processed\VID_4\001\frame_0000.jpg;custom_dataset\processed\VID_4\001\frame_0001.jpg;custom_dataset\processed\VID_4\001\frame_0002.jpg;custom_dataset\processed\VID_4\001\frame_0003.jpg;custom_dataset\processed\VID_4\001\frame_0004.jpg;custom_dataset\processed\VID_4\001\frame_0005.jpg;custom_dataset\processed\VID_4\001\frame_0006.jpg;custom_dataset\processed\VID_4\001\frame_0007.jpg,
VID_4_001_C01,VID_4,VID_4.mp4,1,VID_4_001,1,8,custom_dataset\processed\VID_4\001\frame_0004.jpg;custom_dataset\processed\VID_4\001\frame_0005.jpg;custom_dataset\processed\VID_4\001\frame_0006.jpg;custom_dataset\processed\VID_4\001\frame_0007.jpg;custom_dataset\processed\VID_4\001\frame_0008.jpg;custom_dataset\processed\VID_4\001\frame_0009.jpg;custom_dataset\processed\VID_4\001\frame_0010.jpg;custom_dataset\processed\VID_4\001\frame_0011.jpg,
VID_4_001_C02,VID_4,VID_4.mp4,1,VID_4_001,2,8,custom_dataset\processed\VID_4\001\frame_0008.jpg;custom_dataset\processed\VID_4\001\frame_0009.jpg;custom_dataset\processed\VID_4\001\frame_0010.jpg;custom_dataset\processed\VID_4\001\frame_0011.jpg;custom_dataset\processed\VID_4\001\frame_0012.jpg;custom_dataset\processed\VID_4\001\frame_0013.jpg;custom_dataset\processed\VID_4\001\frame_0014.jpg;custom_dataset\processed\VID_4\001\frame_0015.jpg,
VID_4_001_C03,VID_4,VID_4.mp4,1,VID_4_001,3,8,custom_dataset\processed\VID_4\001\frame_0012.jpg;custom_dataset\processed\VID_4\001\frame_0013.jpg;custom_dataset\processed\VID_4\001\frame_0014.jpg;custom_dataset\processed\VID_4\001\frame_0015.jpg;custom_dataset\processed\VID_4\001\frame_0016.jpg;custom_dataset\processed\VID_4\001\frame_0017.jpg;custom_dataset\processed\VID_4\001\frame_0018.jpg;custom_dataset\processed\VID_4\001\frame_0019.jpg,
VID_4_001_C04,VID_4,VID_4.mp4,1,VID_4_001,4,8,custom_dataset\processed\VID_4\001\frame_0016.jpg;custom_dataset\processed\VID_4\001\frame_0017.jpg;custom_dataset\processed\VID_4\001\frame_0018.jpg;custom_dataset\processed\VID_4\001\frame_0019.jpg;custom_dataset\processed\VID_4\001\frame_0020.jpg;custom_dataset\processed\VID_4\001\frame_0021.jpg;custom_dataset\processed\VID_4\001\frame_0022.jpg;custom_dataset\processed\VID_4\001\frame_0023.jpg,
VID_4_001_C05,VID_4,VID_4.mp4,1,VID_4_001,5,8,custom_dataset\processed\VID_4\001\frame_0020.jpg;custom_dataset\processed\VID_4\001\frame_0021.jpg;custom_dataset\processed\VID_4\001\frame_0022.jpg;custom_dataset\processed\VID_4\001\frame_0023.jpg;custom_dataset\processed\VID_4\001\frame_0024.jpg;custom_dataset\processed\VID_4\001\frame_0025.jpg;custom_dataset\processed\VID_4\001\frame_0026.jpg;custom_dataset\processed\VID_4\001\frame_0027.jpg,
VID_4_001_C06,VID_4,VID_4.mp4,1,VID_4_001,6,8,custom_dataset\processed\VID_4\001\frame_0024.jpg;custom_dataset\processed\VID_4\001\frame_0025.jpg;custom_dataset\processed\VID_4\001\frame_0026.jpg;custom_dataset\processed\VID_4\001\frame_0027.jpg;custom_dataset\processed\VID_4\001\frame_0028.jpg;custom_dataset\processed\VID_4\001\frame_0029.jpg;custom_dataset\processed\VID_4\001\frame_0030.jpg;custom_dataset\processed\VID_4\001\frame_0031.jpg,
VID_4_001_C07,VID_4,VID_4.mp4,1,VID_4_001,7,8,custom_dataset\processed\VID_4\001\frame_0028.jpg;custom_dataset\processed\VID_4\001\frame_0029.jpg;custom_dataset\processed\VID_4\001\frame_0030.jpg;custom_dataset\processed\VID_4\001\frame_0031.jpg;custom_dataset\processed\VID_4\001\frame_0032.jpg;custom_dataset\processed\VID_4\001\frame_0033.jpg;custom_dataset\processed\VID_4\001\frame_0034.jpg;custom_dataset\processed\VID_4\001\frame_0035.jpg,
VID_4_001_C08,VID_4,VID_4.mp4,1,VID_4_001,8,8,custom_dataset\processed\VID_4\001\frame_0032.jpg;custom_dataset\processed\VID_4\001\frame_0033.jpg;custom_dataset\processed\VID_4\001\frame_0034.jpg;custom_dataset\processed\VID_4\001\frame_0035.jpg;custom_dataset\processed\VID_4\001\frame_0036.jpg;custom_dataset\processed\VID_4\001\frame_0037.jpg;custom_dataset\processed\VID_4\001\frame_0038.jpg;custom_dataset\processed\VID_4\001\frame_0039.jpg,
VID_4_002_C00,VID_4,VID_4.mp4,2,VID_4_002,0,8,custom_dataset\processed\VID_4\002\frame_0000.jpg;custom_dataset\processed\VID_4\002\frame_0001.jpg;custom_dataset\processed\VID_4\002\frame_0002.jpg;custom_dataset\processed\VID_4\002\frame_0003.jpg;custom_dataset\processed\VID_4\002\frame_0004.jpg;custom_dataset\processed\VID_4\002\frame_0005.jpg;custom_dataset\processed\VID_4\002\frame_0006.jpg;custom_dataset\processed\VID_4\002\frame_0007.jpg,
VID_4_002_C01,VID_4,VID_4.mp4,2,VID_4_002,1,8,custom_dataset\processed\VID_4\002\frame_0004.jpg;custom_dataset\processed\VID_4\002\frame_0005.jpg;custom_dataset\processed\VID_4\002\frame_0006.jpg;custom_dataset\processed\VID_4\002\frame_0007.jpg;custom_dataset\processed\VID_4\002\frame_0008.jpg;custom_dataset\processed\VID_4\002\frame_0009.jpg;custom_dataset\processed\VID_4\002\frame_0010.jpg;custom_dataset\processed\VID_4\002\frame_0011.jpg,
VID_4_002_C02,VID_4,VID_4.mp4,2,VID_4_002,2,8,custom_dataset\processed\VID_4\002\frame_0008.jpg;custom_dataset\processed\VID_4\002\frame_0009.jpg;custom_dataset\processed\VID_4\002\frame_0010.jpg;custom_dataset\processed\VID_4\002\frame_0011.jpg;custom_dataset\processed\VID_4\002\frame_0012.jpg;custom_dataset\processed\VID_4\002\frame_0013.jpg;custom_dataset\processed\VID_4\002\frame_0014.jpg;custom_dataset\processed\VID_4\002\frame_0015.jpg,
VID_4_002_C03,VID_4,VID_4.mp4,2,VID_4_002,3,8,custom_dataset\processed\VID_4\002\frame_0012.jpg;custom_dataset\processed\VID_4\002\frame_0013.jpg;custom_dataset\processed\VID_4\002\frame_0014.jpg;custom_dataset\processed\VID_4\002\frame_0015.jpg;custom_dataset\processed\VID_4\002\frame_0016.jpg;custom_dataset\processed\VID_4\002\frame_0017.jpg;custom_dataset\processed\VID_4\002\frame_0018.jpg;custom_dataset\processed\VID_4\002\frame_0019.jpg,
VID_4_002_C04,VID_4,VID_4.mp4,2,VID_4_002,4,8,custom_dataset\processed\VID_4\002\frame_0016.jpg;custom_dataset\processed\VID_4\002\frame_0017.jpg;custom_dataset\processed\VID_4\002\frame_0018.jpg;custom_dataset\processed\VID_4\002\frame_0019.jpg;custom_dataset\processed\VID_4\002\frame_0020.jpg;custom_dataset\processed\VID_4\002\frame_0021.jpg;custom_dataset\processed\VID_4\002\frame_0022.jpg;custom_dataset\processed\VID_4\002\frame_0023.jpg,
VID_4_002_C05,VID_4,VID_4.mp4,2,VID_4_002,5,8,custom_dataset\processed\VID_4\002\frame_0020.jpg;custom_dataset\processed\VID_4\002\frame_0021.jpg;custom_dataset\processed\VID_4\002\frame_0022.jpg;custom_dataset\processed\VID_4\002\frame_0023.jpg;custom_dataset\processed\VID_4\002\frame_0024.jpg;custom_dataset\processed\VID_4\002\frame_0025.jpg;custom_dataset\processed\VID_4\002\frame_0026.jpg;custom_dataset\processed\VID_4\002\frame_0027.jpg,
VID_4_002_C06,VID_4,VID_4.mp4,2,VID_4_002,6,8,custom_dataset\processed\VID_4\002\frame_0024.jpg;custom_dataset\processed\VID_4\002\frame_0025.jpg;custom_dataset\processed\VID_4\002\frame_0026.jpg;custom_dataset\processed\VID_4\002\frame_0027.jpg;custom_dataset\processed\VID_4\002\frame_0028.jpg;custom_dataset\processed\VID_4\002\frame_0029.jpg;custom_dataset\processed\VID_4\002\frame_0030.jpg;custom_dataset\processed\VID_4\002\frame_0031.jpg,
VID_4_002_C07,VID_4,VID_4.mp4,2,VID_4_002,7,8,custom_dataset\processed\VID_4\002\frame_0028.jpg;custom_dataset\processed\VID_4\002\frame_0029.jpg;custom_dataset\processed\VID_4\002\frame_0030.jpg;custom_dataset\processed\VID_4\002\frame_0031.jpg;custom_dataset\processed\VID_4\002\frame_0032.jpg;custom_dataset\processed\VID_4\002\frame_0033.jpg;custom_dataset\processed\VID_4\002\frame_0034.jpg;custom_dataset\processed\VID_4\002\frame_0035.jpg,
VID_4_002_C08,VID_4,VID_4.mp4,2,VID_4_002,8,8,custom_dataset\processed\VID_4\002\frame_0032.jpg;custom_dataset\processed\VID_4\002\frame_0033.jpg;custom_dataset\processed\VID_4\002\frame_0034.jpg;custom_dataset\processed\VID_4\002\frame_0035.jpg;custom_dataset\processed\VID_4\002\frame_0036.jpg;custom_dataset\processed\VID_4\002\frame_0037.jpg;custom_dataset\processed\VID_4\002\frame_0038.jpg;custom_dataset\processed\VID_4\002\frame_0039.jpg,
VID_4_003_C00,VID_4,VID_4.mp4,3,VID_4_003,0,8,custom_dataset\processed\VID_4\003\frame_0000.jpg;custom_dataset\processed\VID_4\003\frame_0001.jpg;custom_dataset\processed\VID_4\003\frame_0002.jpg;custom_dataset\processed\VID_4\003\frame_0003.jpg;custom_dataset\processed\VID_4\003\frame_0004.jpg;custom_dataset\processed\VID_4\003\frame_0005.jpg;custom_dataset\processed\VID_4\003\frame_0006.jpg;custom_dataset\processed\VID_4\003\frame_0007.jpg,
VID_4_003_C01,VID_4,VID_4.mp4,3,VID_4_003,1,8,custom_dataset\processed\VID_4\003\frame_0004.jpg;custom_dataset\processed\VID_4\003\frame_0005.jpg;custom_dataset\processed\VID_4\003\frame_0006.jpg;custom_dataset\processed\VID_4\003\frame_0007.jpg;custom_dataset\processed\VID_4\003\frame_0008.jpg;custom_dataset\processed\VID_4\003\frame_0009.jpg;custom_dataset\processed\VID_4\003\frame_0010.jpg;custom_dataset\processed\VID_4\003\frame_0011.jpg,
VID_4_003_C02,VID_4,VID_4.mp4,3,VID_4_003,2,8,custom_dataset\processed\VID_4\003\frame_0008.jpg;custom_dataset\processed\VID_4\003\frame_0009.jpg;custom_dataset\processed\VID_4\003\frame_0010.jpg;custom_dataset\processed\VID_4\003\frame_0011.jpg;custom_dataset\processed\VID_4\003\frame_0012.jpg;custom_dataset\processed\VID_4\003\frame_0013.jpg;custom_dataset\processed\VID_4\003\frame_0014.jpg;custom_dataset\processed\VID_4\003\frame_0015.jpg,
VID_4_003_C03,VID_4,VID_4.mp4,3,VID_4_003,3,8,custom_dataset\processed\VID_4\003\frame_0012.jpg;custom_dataset\processed\VID_4\003\frame_0013.jpg;custom_dataset\processed\VID_4\003\frame_0014.jpg;custom_dataset\processed\VID_4\003\frame_0015.jpg;custom_dataset\processed\VID_4\003\frame_0016.jpg;custom_dataset\processed\VID_4\003\frame_0017.jpg;custom_dataset\processed\VID_4\003\frame_0018.jpg;custom_dataset\processed\VID_4\003\frame_0019.jpg,
VID_4_003_C04,VID_4,VID_4.mp4,3,VID_4_003,4,8,custom_dataset\processed\VID_4\003\frame_0016.jpg;custom_dataset\processed\VID_4\003\frame_0017.jpg;custom_dataset\processed\VID_4\003\frame_0018.jpg;custom_dataset\processed\VID_4\003\frame_0019.jpg;custom_dataset\processed\VID_4\003\frame_0020.jpg;custom_dataset\processed\VID_4\003\frame_0021.jpg;custom_dataset\processed\VID_4\003\frame_0022.jpg;custom_dataset\processed\VID_4\003\frame_0023.jpg,
VID_4_003_C05,VID_4,VID_4.mp4,3,VID_4_003,5,8,custom_dataset\processed\VID_4\003\frame_0020.jpg;custom_dataset\processed\VID_4\003\frame_0021.jpg;custom_dataset\processed\VID_4\003\frame_0022.jpg;custom_dataset\processed\VID_4\003\frame_0023.jpg;custom_dataset\processed\VID_4\003\frame_0024.jpg;custom_dataset\processed\VID_4\003\frame_0025.jpg;custom_dataset\processed\VID_4\003\frame_0026.jpg;custom_dataset\processed\VID_4\003\frame_0027.jpg,
VID_4_003_C06,VID_4,VID_4.mp4,3,VID_4_003,6,8,custom_dataset\processed\VID_4\003\frame_0024.jpg;custom_dataset\processed\VID_4\003\frame_0025.jpg;custom_dataset\processed\VID_4\003\frame_0026.jpg;custom_dataset\processed\VID_4\003\frame_0027.jpg;custom_dataset\processed\VID_4\003\frame_0028.jpg;custom_dataset\processed\VID_4\003\frame_0029.jpg;custom_dataset\processed\VID_4\003\frame_0030.jpg;custom_dataset\processed\VID_4\003\frame_0031.jpg,
VID_4_003_C07,VID_4,VID_4.mp4,3,VID_4_003,7,8,custom_dataset\processed\VID_4\003\frame_0028.jpg;custom_dataset\processed\VID_4\003\frame_0029.jpg;custom_dataset\processed\VID_4\003\frame_0030.jpg;custom_dataset\processed\VID_4\003\frame_0031.jpg;custom_dataset\processed\VID_4\003\frame_0032.jpg;custom_dataset\processed\VID_4\003\frame_0033.jpg;custom_dataset\processed\VID_4\003\frame_0034.jpg;custom_dataset\processed\VID_4\003\frame_0035.jpg,
VID_4_003_C08,VID_4,VID_4.mp4,3,VID_4_003,8,8,custom_dataset\processed\VID_4\003\frame_0032.jpg;custom_dataset\processed\VID_4\003\frame_0033.jpg;custom_dataset\processed\VID_4\003\frame_0034.jpg;custom_dataset\processed\VID_4\003\frame_0035.jpg;custom_dataset\processed\VID_4\003\frame_0036.jpg;custom_dataset\processed\VID_4\003\frame_0037.jpg;custom_dataset\processed\VID_4\003\frame_0038.jpg;custom_dataset\processed\VID_4\003\frame_0039.jpg,
VID_4_004_C00,VID_4,VID_4.mp4,4,VID_4_004,0,8,custom_dataset\processed\VID_4\004\frame_0000.jpg;custom_dataset\processed\VID_4\004\frame_0001.jpg;custom_dataset\processed\VID_4\004\frame_0002.jpg;custom_dataset\processed\VID_4\004\frame_0003.jpg;custom_dataset\processed\VID_4\004\frame_0004.jpg;custom_dataset\processed\VID_4\004\frame_0005.jpg;custom_dataset\processed\VID_4\004\frame_0006.jpg;custom_dataset\processed\VID_4\004\frame_0007.jpg,
VID_4_004_C01,VID_4,VID_4.mp4,4,VID_4_004,1,8,custom_dataset\processed\VID_4\004\frame_0004.jpg;custom_dataset\processed\VID_4\004\frame_0005.jpg;custom_dataset\processed\VID_4\004\frame_0006.jpg;custom_dataset\processed\VID_4\004\frame_0007.jpg;custom_dataset\processed\VID_4\004\frame_0008.jpg;custom_dataset\processed\VID_4\004\frame_0009.jpg;custom_dataset\processed\VID_4\004\frame_0010.jpg;custom_dataset\processed\VID_4\004\frame_0011.jpg,
VID_4_004_C02,VID_4,VID_4.mp4,4,VID_4_004,2,8,custom_dataset\processed\VID_4\004\frame_0008.jpg;custom_dataset\processed\VID_4\004\frame_0009.jpg;custom_dataset\processed\VID_4\004\frame_0010.jpg;custom_dataset\processed\VID_4\004\frame_0011.jpg;custom_dataset\processed\VID_4\004\frame_0012.jpg;custom_dataset\processed\VID_4\004\frame_0013.jpg;custom_dataset\processed\VID_4\004\frame_0015.jpg;custom_dataset\processed\VID_4\004\frame_0018.jpg,
VID_4_004_C03,VID_4,VID_4.mp4,4,VID_4_004,3,8,custom_dataset\processed\VID_4\004\frame_0012.jpg;custom_dataset\processed\VID_4\004\frame_0013.jpg;custom_dataset\processed\VID_4\004\frame_0015.jpg;custom_dataset\processed\VID_4\004\frame_0018.jpg;custom_dataset\processed\VID_4\004\frame_0019.jpg;custom_dataset\processed\VID_4\004\frame_0020.jpg;custom_dataset\processed\VID_4\004\frame_0022.jpg;custom_dataset\processed\VID_4\004\frame_0025.jpg,
VID_4_004_C04,VID_4,VID_4.mp4,4,VID_4_004,4,8,custom_dataset\processed\VID_4\004\frame_0019.jpg;custom_dataset\processed\VID_4\004\frame_0020.jpg;custom_dataset\processed\VID_4\004\frame_0022.jpg;custom_dataset\processed\VID_4\004\frame_0025.jpg;custom_dataset\processed\VID_4\004\frame_0026.jpg;custom_dataset\processed\VID_4\004\frame_0027.jpg;custom_dataset\processed\VID_4\004\frame_0028.jpg;custom_dataset\processed\VID_4\004\frame_0029.jpg,
VID_4_005_C00,VID_4,VID_4.mp4,5,VID_4_005,0,8,custom_dataset\processed\VID_4\005\frame_0000.jpg;custom_dataset\processed\VID_4\005\frame_0001.jpg;custom_dataset\processed\VID_4\005\frame_0002.jpg;custom_dataset\processed\VID_4\005\frame_0004.jpg;custom_dataset\processed\VID_4\005\frame_0005.jpg;custom_dataset\processed\VID_4\005\frame_0006.jpg;custom_dataset\processed\VID_4\005\frame_0007.jpg;custom_dataset\processed\VID_4\005\frame_0008.jpg,
VID_4_005_C01,VID_4,VID_4.mp4,5,VID_4_005,1,8,custom_dataset\processed\VID_4\005\frame_0005.jpg;custom_dataset\processed\VID_4\005\frame_0006.jpg;custom_dataset\processed\VID_4\005\frame_0007.jpg;custom_dataset\processed\VID_4\005\frame_0008.jpg;custom_dataset\processed\VID_4\005\frame_0009.jpg;custom_dataset\processed\VID_4\005\frame_0010.jpg;custom_dataset\processed\VID_4\005\frame_0011.jpg;custom_dataset\processed\VID_4\005\frame_0012.jpg,
VID_4_005_C02,VID_4,VID_4.mp4,5,VID_4_005,2,8,custom_dataset\processed\VID_4\005\frame_0009.jpg;custom_dataset\processed\VID_4\005\frame_0010.jpg;custom_dataset\processed\VID_4\005\frame_0011.jpg;custom_dataset\processed\VID_4\005\frame_0012.jpg;custom_dataset\processed\VID_4\005\frame_0013.jpg;custom_dataset\processed\VID_4\005\frame_0014.jpg;custom_dataset\processed\VID_4\005\frame_0015.jpg;custom_dataset\processed\VID_4\005\frame_0016.jpg,
VID_4_005_C03,VID_4,VID_4.mp4,5,VID_4_005,3,8,custom_dataset\processed\VID_4\005\frame_0013.jpg;custom_dataset\processed\VID_4\005\frame_0014.jpg;custom_dataset\processed\VID_4\005\frame_0015.jpg;custom_dataset\processed\VID_4\005\frame_0016.jpg;custom_dataset\processed\VID_4\005\frame_0017.jpg;custom_dataset\processed\VID_4\005\frame_0018.jpg;custom_dataset\processed\VID_4\005\frame_0019.jpg;custom_dataset\processed\VID_4\005\frame_0020.jpg,
VID_4_005_C04,VID_4,VID_4.mp4,5,VID_4_005,4,8,custom_dataset\processed\VID_4\005\frame_0017.jpg;custom_dataset\processed\VID_4\005\frame_0018.jpg;custom_dataset\processed\VID_4\005\frame_0019.jpg;custom_dataset\processed\VID_4\005\frame_0020.jpg;custom_dataset\processed\VID_4\005\frame_0021.jpg;custom_dataset\processed\VID_4\005\frame_0022.jpg;custom_dataset\processed\VID_4\005\frame_0023.jpg;custom_dataset\processed\VID_4\005\frame_0024.jpg,
VID_4_005_C05,VID_4,VID_4.mp4,5,VID_4_005,5,8,custom_dataset\processed\VID_4\005\frame_0021.jpg;custom_dataset\processed\VID_4\005\frame_0022.jpg;custom_dataset\processed\VID_4\005\frame_0023.jpg;custom_dataset\processed\VID_4\005\frame_0024.jpg;custom_dataset\processed\VID_4\005\frame_0025.jpg;custom_dataset\processed\VID_4\005\frame_0026.jpg;custom_dataset\processed\VID_4\005\frame_0027.jpg;custom_dataset\processed\VID_4\005\frame_0028.jpg,
VID_4_005_C06,VID_4,VID_4.mp4,5,VID_4_005,6,8,custom_dataset\processed\VID_4\005\frame_0025.jpg;custom_dataset\processed\VID_4\005\frame_0026.jpg;custom_dataset\processed\VID_4\005\frame_0027.jpg;custom_dataset\processed\VID_4\005\frame_0028.jpg;custom_dataset\processed\VID_4\005\frame_0029.jpg;custom_dataset\processed\VID_4\005\frame_0030.jpg;custom_dataset\processed\VID_4\005\frame_0031.jpg;custom_dataset\processed\VID_4\005\frame_0032.jpg,
VID_4_005_C07,VID_4,VID_4.mp4,5,VID_4_005,7,8,custom_dataset\processed\VID_4\005\frame_0029.jpg;custom_dataset\processed\VID_4\005\frame_0030.jpg;custom_dataset\processed\VID_4\005\frame_0031.jpg;custom_dataset\processed\VID_4\005\frame_0032.jpg;custom_dataset\processed\VID_4\005\frame_0033.jpg;custom_dataset\processed\VID_4\005\frame_0034.jpg;custom_dataset\processed\VID_4\005\frame_0035.jpg;custom_dataset\processed\VID_4\005\frame_0036.jpg,
VID_4_005_C08,VID_4,VID_4.mp4,5,VID_4_005,8,8,custom_dataset\processed\VID_4\005\frame_0033.jpg;custom_dataset\processed\VID_4\005\frame_0034.jpg;custom_dataset\processed\VID_4\005\frame_0035.jpg;custom_dataset\processed\VID_4\005\frame_0036.jpg;custom_dataset\processed\VID_4\005\frame_0037.jpg;custom_dataset\processed\VID_4\005\frame_0038.jpg;custom_dataset\processed\VID_4\005\frame_0039.jpg;custom_dataset\processed\VID_4\005\frame_0040.jpg,
VID_4_006_C00,VID_4,VID_4.mp4,6,VID_4_006,0,8,custom_dataset\processed\VID_4\006\frame_0000.jpg;custom_dataset\processed\VID_4\006\frame_0001.jpg;custom_dataset\processed\VID_4\006\frame_0002.jpg;custom_dataset\processed\VID_4\006\frame_0003.jpg;custom_dataset\processed\VID_4\006\frame_0004.jpg;custom_dataset\processed\VID_4\006\frame_0005.jpg;custom_dataset\processed\VID_4\006\frame_0006.jpg;custom_dataset\processed\VID_4\006\frame_0007.jpg,
VID_4_006_C01,VID_4,VID_4.mp4,6,VID_4_006,1,8,custom_dataset\processed\VID_4\006\frame_0004.jpg;custom_dataset\processed\VID_4\006\frame_0005.jpg;custom_dataset\processed\VID_4\006\frame_0006.jpg;custom_dataset\processed\VID_4\006\frame_0007.jpg;custom_dataset\processed\VID_4\006\frame_0008.jpg;custom_dataset\processed\VID_4\006\frame_0009.jpg;custom_dataset\processed\VID_4\006\frame_0010.jpg;custom_dataset\processed\VID_4\006\frame_0011.jpg,
VID_4_006_C02,VID_4,VID_4.mp4,6,VID_4_006,2,8,custom_dataset\processed\VID_4\006\frame_0008.jpg;custom_dataset\processed\VID_4\006\frame_0009.jpg;custom_dataset\processed\VID_4\006\frame_0010.jpg;custom_dataset\processed\VID_4\006\frame_0011.jpg;custom_dataset\processed\VID_4\006\frame_0012.jpg;custom_dataset\processed\VID_4\006\frame_0013.jpg;custom_dataset\processed\VID_4\006\frame_0014.jpg;custom_dataset\processed\VID_4\006\frame_0015.jpg,
VID_4_006_C03,VID_4,VID_4.mp4,6,VID_4_006,3,8,custom_dataset\processed\VID_4\006\frame_0012.jpg;custom_dataset\processed\VID_4\006\frame_0013.jpg;custom_dataset\processed\VID_4\006\frame_0014.jpg;custom_dataset\processed\VID_4\006\frame_0015.jpg;custom_dataset\processed\VID_4\006\frame_0016.jpg;custom_dataset\processed\VID_4\006\frame_0017.jpg;custom_dataset\processed\VID_4\006\frame_0018.jpg;custom_dataset\processed\VID_4\006\frame_0019.jpg,
VID_4_006_C04,VID_4,VID_4.mp4,6,VID_4_006,4,8,custom_dataset\processed\VID_4\006\frame_0016.jpg;custom_dataset\processed\VID_4\006\frame_0017.jpg;custom_dataset\processed\VID_4\006\frame_0018.jpg;custom_dataset\processed\VID_4\006\frame_0019.jpg;custom_dataset\processed\VID_4\006\frame_0020.jpg;custom_dataset\processed\VID_4\006\frame_0021.jpg;custom_dataset\processed\VID_4\006\frame_0022.jpg;custom_dataset\processed\VID_4\006\frame_0023.jpg,
VID_4_006_C05,VID_4,VID_4.mp4,6,VID_4_006,5,8,custom_dataset\processed\VID_4\006\frame_0020.jpg;custom_dataset\processed\VID_4\006\frame_0021.jpg;custom_dataset\processed\VID_4\006\frame_0022.jpg;custom_dataset\processed\VID_4\006\frame_0023.jpg;custom_dataset\processed\VID_4\006\frame_0024.jpg;custom_dataset\processed\VID_4\006\frame_0025.jpg;custom_dataset\processed\VID_4\006\frame_0026.jpg;custom_dataset\processed\VID_4\006\frame_0027.jpg,
VID_4_006_C06,VID_4,VID_4.mp4,6,VID_4_006,6,8,custom_dataset\processed\VID_4\006\frame_0024.jpg;custom_dataset\processed\VID_4\006\frame_0025.jpg;custom_dataset\processed\VID_4\006\frame_0026.jpg;custom_dataset\processed\VID_4\006\frame_0027.jpg;custom_dataset\processed\VID_4\006\frame_0028.jpg;custom_dataset\processed\VID_4\006\frame_0029.jpg;custom_dataset\processed\VID_4\006\frame_0030.jpg;custom_dataset\processed\VID_4\006\frame_0031.jpg,
VID_4_006_C07,VID_4,VID_4.mp4,6,VID_4_006,7,8,custom_dataset\processed\VID_4\006\frame_0028.jpg;custom_dataset\processed\VID_4\006\frame_0029.jpg;custom_dataset\processed\VID_4\006\frame_0030.jpg;custom_dataset\processed\VID_4\006\frame_0031.jpg;custom_dataset\processed\VID_4\006\frame_0032.jpg;custom_dataset\processed\VID_4\006\frame_0033.jpg;custom_dataset\processed\VID_4\006\frame_0034.jpg;custom_dataset\processed\VID_4\006\frame_0035.jpg,
VID_4_006_C08,VID_4,VID_4.mp4,6,VID_4_006,8,8,custom_dataset\processed\VID_4\006\frame_0032.jpg;custom_dataset\processed\VID_4\006\frame_0033.jpg;custom_dataset\processed\VID_4\006\frame_0034.jpg;custom_dataset\processed\VID_4\006\frame_0035.jpg;custom_dataset\processed\VID_4\006\frame_0036.jpg;custom_dataset\processed\VID_4\006\frame_0037.jpg;custom_dataset\processed\VID_4\006\frame_0038.jpg;custom_dataset\processed\VID_4\006\frame_0039.jpg,
VID_4_007_C00,VID_4,VID_4.mp4,7,VID_4_007,0,8,custom_dataset\processed\VID_4\007\frame_0000.jpg;custom_dataset\processed\VID_4\007\frame_0001.jpg;custom_dataset\processed\VID_4\007\frame_0002.jpg;custom_dataset\processed\VID_4\007\frame_0003.jpg;custom_dataset\processed\VID_4\007\frame_0004.jpg;custom_dataset\processed\VID_4\007\frame_0005.jpg;custom_dataset\processed\VID_4\007\frame_0006.jpg;custom_dataset\processed\VID_4\007\frame_0007.jpg,
VID_4_007_C01,VID_4,VID_4.mp4,7,VID_4_007,1,8,custom_dataset\processed\VID_4\007\frame_0004.jpg;custom_dataset\processed\VID_4\007\frame_0005.jpg;custom_dataset\processed\VID_4\007\frame_0006.jpg;custom_dataset\processed\VID_4\007\frame_0007.jpg;custom_dataset\processed\VID_4\007\frame_0008.jpg;custom_dataset\processed\VID_4\007\frame_0009.jpg;custom_dataset\processed\VID_4\007\frame_0010.jpg;custom_dataset\processed\VID_4\007\frame_0011.jpg,
VID_4_007_C02,VID_4,VID_4.mp4,7,VID_4_007,2,8,custom_dataset\processed\VID_4\007\frame_0008.jpg;custom_dataset\processed\VID_4\007\frame_0009.jpg;custom_dataset\processed\VID_4\007\frame_0010.jpg;custom_dataset\processed\VID_4\007\frame_0011.jpg;custom_dataset\processed\VID_4\007\frame_0012.jpg;custom_dataset\processed\VID_4\007\frame_0013.jpg;custom_dataset\processed\VID_4\007\frame_0014.jpg;custom_dataset\processed\VID_4\007\frame_0015.jpg,
VID_4_007_C03,VID_4,VID_4.mp4,7,VID_4_007,3,8,custom_dataset\processed\VID_4\007\frame_0012.jpg;custom_dataset\processed\VID_4\007\frame_0013.jpg;custom_dataset\processed\VID_4\007\frame_0014.jpg;custom_dataset\processed\VID_4\007\frame_0015.jpg;custom_dataset\processed\VID_4\007\frame_0016.jpg;custom_dataset\processed\VID_4\007\frame_0017.jpg;custom_dataset\processed\VID_4\007\frame_0018.jpg;custom_dataset\processed\VID_4\007\frame_0019.jpg,
VID_4_007_C04,VID_4,VID_4.mp4,7,VID_4_007,4,8,custom_dataset\processed\VID_4\007\frame_0016.jpg;custom_dataset\processed\VID_4\007\frame_0017.jpg;custom_dataset\processed\VID_4\007\frame_0018.jpg;custom_dataset\processed\VID_4\007\frame_0019.jpg;custom_dataset\processed\VID_4\007\frame_0020.jpg;custom_dataset\processed\VID_4\007\frame_0021.jpg;custom_dataset\processed\VID_4\007\frame_0022.jpg;custom_dataset\processed\VID_4\007\frame_0023.jpg,
VID_4_007_C05,VID_4,VID_4.mp4,7,VID_4_007,5,8,custom_dataset\processed\VID_4\007\frame_0020.jpg;custom_dataset\processed\VID_4\007\frame_0021.jpg;custom_dataset\processed\VID_4\007\frame_0022.jpg;custom_dataset\processed\VID_4\007\frame_0023.jpg;custom_dataset\processed\VID_4\007\frame_0024.jpg;custom_dataset\processed\VID_4\007\frame_0025.jpg;custom_dataset\processed\VID_4\007\frame_0026.jpg;custom_dataset\processed\VID_4\007\frame_0027.jpg,
VID_4_007_C06,VID_4,VID_4.mp4,7,VID_4_007,6,8,custom_dataset\processed\VID_4\007\frame_0024.jpg;custom_dataset\processed\VID_4\007\frame_0025.jpg;custom_dataset\processed\VID_4\007\frame_0026.jpg;custom_dataset\processed\VID_4\007\frame_0027.jpg;custom_dataset\processed\VID_4\007\frame_0028.jpg;custom_dataset\processed\VID_4\007\frame_0029.jpg;custom_dataset\processed\VID_4\007\frame_0030.jpg;custom_dataset\processed\VID_4\007\frame_0031.jpg,
VID_4_008_C00,VID_4,VID_4.mp4,8,VID_4_008,0,8,custom_dataset\processed\VID_4\008\frame_0000.jpg;custom_dataset\processed\VID_4\008\frame_0001.jpg;custom_dataset\processed\VID_4\008\frame_0002.jpg;custom_dataset\processed\VID_4\008\frame_0003.jpg;custom_dataset\processed\VID_4\008\frame_0004.jpg;custom_dataset\processed\VID_4\008\frame_0005.jpg;custom_dataset\processed\VID_4\008\frame_0006.jpg;custom_dataset\processed\VID_4\008\frame_0007.jpg,
VID_4_014_C00,VID_4,VID_4.mp4,14,VID_4_014,0,8,custom_dataset\processed\VID_4\014\frame_0015.jpg;custom_dataset\processed\VID_4\014\frame_0017.jpg;custom_dataset\processed\VID_4\014\frame_0018.jpg;custom_dataset\processed\VID_4\014\frame_0019.jpg;custom_dataset\processed\VID_4\014\frame_0020.jpg;custom_dataset\processed\VID_4\014\frame_0021.jpg;custom_dataset\processed\VID_4\014\frame_0022.jpg;custom_dataset\processed\VID_4\014\frame_0023.jpg,
VID_4_015_C00,VID_4,VID_4.mp4,15,VID_4_015,0,8,custom_dataset\processed\VID_4\015\frame_0016.jpg;custom_dataset\processed\VID_4\015\frame_0017.jpg;custom_dataset\processed\VID_4\015\frame_0018.jpg;custom_dataset\processed\VID_4\015\frame_0019.jpg;custom_dataset\processed\VID_4\015\frame_0020.jpg;custom_dataset\processed\VID_4\015\frame_0021.jpg;custom_dataset\processed\VID_4\015\frame_0022.jpg;custom_dataset\processed\VID_4\015\frame_0023.jpg,
VID_4_015_C01,VID_4,VID_4.mp4,15,VID_4_015,1,8,custom_dataset\processed\VID_4\015\frame_0020.jpg;custom_dataset\processed\VID_4\015\frame_0021.jpg;custom_dataset\processed\VID_4\015\frame_0022.jpg;custom_dataset\processed\VID_4\015\frame_0023.jpg;custom_dataset\processed\VID_4\015\frame_0024.jpg;custom_dataset\processed\VID_4\015\frame_0025.jpg;custom_dataset\processed\VID_4\015\frame_0026.jpg;custom_dataset\processed\VID_4\015\frame_0027.jpg,
VID_4_015_C02,VID_4,VID_4.mp4,15,VID_4_015,2,8,custom_dataset\processed\VID_4\015\frame_0024.jpg;custom_dataset\processed\VID_4\015\frame_0025.jpg;custom_dataset\processed\VID_4\015\frame_0026.jpg;custom_dataset\processed\VID_4\015\frame_0027.jpg;custom_dataset\processed\VID_4\015\frame_0028.jpg;custom_dataset\processed\VID_4\015\frame_0029.jpg;custom_dataset\processed\VID_4\015\frame_0030.jpg;custom_dataset\processed\VID_4\015\frame_0031.jpg,
VID_4_015_C03,VID_4,VID_4.mp4,15,VID_4_015,3,8,custom_dataset\processed\VID_4\015\frame_0028.jpg;custom_dataset\processed\VID_4\015\frame_0029.jpg;custom_dataset\processed\VID_4\015\frame_0030.jpg;custom_dataset\processed\VID_4\015\frame_0031.jpg;custom_dataset\processed\VID_4\015\frame_0032.jpg;custom_dataset\processed\VID_4\015\frame_0033.jpg;custom_dataset\processed\VID_4\015\frame_0034.jpg;custom_dataset\processed\VID_4\015\frame_0035.jpg,
VID_4_015_C04,VID_4,VID_4.mp4,15,VID_4_015,4,8,custom_dataset\processed\VID_4\015\frame_0032.jpg;custom_dataset\processed\VID_4\015\frame_0033.jpg;custom_dataset\processed\VID_4\015\frame_0034.jpg;custom_dataset\processed\VID_4\015\frame_0035.jpg;custom_dataset\processed\VID_4\015\frame_0036.jpg;custom_dataset\processed\VID_4\015\frame_0037.jpg;custom_dataset\processed\VID_4\015\frame_0038.jpg;custom_dataset\processed\VID_4\015\frame_0039.jpg,
VID_4_018_C00,VID_4,VID_4.mp4,18,VID_4_018,0,8,custom_dataset\processed\VID_4\018\frame_0029.jpg;custom_dataset\processed\VID_4\018\frame_0031.jpg;custom_dataset\processed\VID_4\018\frame_0035.jpg;custom_dataset\processed\VID_4\018\frame_0036.jpg;custom_dataset\processed\VID_4\018\frame_0037.jpg;custom_dataset\processed\VID_4\018\frame_0038.jpg;custom_dataset\processed\VID_4\018\frame_0039.jpg;custom_dataset\processed\VID_4\018\frame_0040.jpg,
VID_5_001_C00,VID_5,VID_5.mp4,1,VID_5_001,0,8,custom_dataset\processed\VID_5\001\frame_0000.jpg;custom_dataset\processed\VID_5\001\frame_0001.jpg;custom_dataset\processed\VID_5\001\frame_0002.jpg;custom_dataset\processed\VID_5\001\frame_0003.jpg;custom_dataset\processed\VID_5\001\frame_0004.jpg;custom_dataset\processed\VID_5\001\frame_0005.jpg;custom_dataset\processed\VID_5\001\frame_0006.jpg;custom_dataset\processed\VID_5\001\frame_0007.jpg,
VID_5_001_C01,VID_5,VID_5.mp4,1,VID_5_001,1,8,custom_dataset\processed\VID_5\001\frame_0004.jpg;custom_dataset\processed\VID_5\001\frame_0005.jpg;custom_dataset\processed\VID_5\001\frame_0006.jpg;custom_dataset\processed\VID_5\001\frame_0007.jpg;custom_dataset\processed\VID_5\001\frame_0008.jpg;custom_dataset\processed\VID_5\001\frame_0009.jpg;custom_dataset\processed\VID_5\001\frame_0010.jpg;custom_dataset\processed\VID_5\001\frame_0011.jpg,
VID_5_001_C02,VID_5,VID_5.mp4,1,VID_5_001,2,8,custom_dataset\processed\VID_5\001\frame_0008.jpg;custom_dataset\processed\VID_5\001\frame_0009.jpg;custom_dataset\processed\VID_5\001\frame_0010.jpg;custom_dataset\processed\VID_5\001\frame_0011.jpg;custom_dataset\processed\VID_5\001\frame_0012.jpg;custom_dataset\processed\VID_5\001\frame_0013.jpg;custom_dataset\processed\VID_5\001\frame_0014.jpg;custom_dataset\processed\VID_5\001\frame_0015.jpg,
VID_5_001_C03,VID_5,VID_5.mp4,1,VID_5_001,3,8,custom_dataset\processed\VID_5\001\frame_0012.jpg;custom_dataset\processed\VID_5\001\frame_0013.jpg;custom_dataset\processed\VID_5\001\frame_0014.jpg;custom_dataset\processed\VID_5\001\frame_0015.jpg;custom_dataset\processed\VID_5\001\frame_0016.jpg;custom_dataset\processed\VID_5\001\frame_0017.jpg;custom_dataset\processed\VID_5\001\frame_0018.jpg;custom_dataset\processed\VID_5\001\frame_0019.jpg,
VID_5_001_C04,VID_5,VID_5.mp4,1,VID_5_001,4,8,custom_dataset\processed\VID_5\001\frame_0016.jpg;custom_dataset\processed\VID_5\001\frame_0017.jpg;custom_dataset\processed\VID_5\001\frame_0018.jpg;custom_dataset\processed\VID_5\001\frame_0019.jpg;custom_dataset\processed\VID_5\001\frame_0020.jpg;custom_dataset\processed\VID_5\001\frame_0021.jpg;custom_dataset\processed\VID_5\001\frame_0022.jpg;custom_dataset\processed\VID_5\001\frame_0023.jpg,
VID_5_001_C05,VID_5,VID_5.mp4,1,VID_5_001,5,8,custom_dataset\processed\VID_5\001\frame_0020.jpg;custom_dataset\processed\VID_5\001\frame_0021.jpg;custom_dataset\processed\VID_5\001\frame_0022.jpg;custom_dataset\processed\VID_5\001\frame_0023.jpg;custom_dataset\processed\VID_5\001\frame_0024.jpg;custom_dataset\processed\VID_5\001\frame_0025.jpg;custom_dataset\processed\VID_5\001\frame_0026.jpg;custom_dataset\processed\VID_5\001\frame_0027.jpg,
VID_5_001_C06,VID_5,VID_5.mp4,1,VID_5_001,6,8,custom_dataset\processed\VID_5\001\frame_0024.jpg;custom_dataset\processed\VID_5\001\frame_0025.jpg;custom_dataset\processed\VID_5\001\frame_0026.jpg;custom_dataset\processed\VID_5\001\frame_0027.jpg;custom_dataset\processed\VID_5\001\frame_0028.jpg;custom_dataset\processed\VID_5\001\frame_0029.jpg;custom_dataset\processed\VID_5\001\frame_0030.jpg;custom_dataset\processed\VID_5\001\frame_0031.jpg,
VID_5_001_C07,VID_5,VID_5.mp4,1,VID_5_001,7,8,custom_dataset\processed\VID_5\001\frame_0028.jpg;custom_dataset\processed\VID_5\001\frame_0029.jpg;custom_dataset\processed\VID_5\001\frame_0030.jpg;custom_dataset\processed\VID_5\001\frame_0031.jpg;custom_dataset\processed\VID_5\001\frame_0032.jpg;custom_dataset\processed\VID_5\001\frame_0033.jpg;custom_dataset\processed\VID_5\001\frame_0034.jpg;custom_dataset\processed\VID_5\001\frame_0035.jpg,
VID_5_001_C08,VID_5,VID_5.mp4,1,VID_5_001,8,8,custom_dataset\processed\VID_5\001\frame_0032.jpg;custom_dataset\processed\VID_5\001\frame_0033.jpg;custom_dataset\processed\VID_5\001\frame_0034.jpg;custom_dataset\processed\VID_5\001\frame_0035.jpg;custom_dataset\processed\VID_5\001\frame_0036.jpg;custom_dataset\processed\VID_5\001\frame_0037.jpg;custom_dataset\processed\VID_5\001\frame_0038.jpg;custom_dataset\processed\VID_5\001\frame_0039.jpg,
VID_5_001_C09,VID_5,VID_5.mp4,1,VID_5_001,9,8,custom_dataset\processed\VID_5\001\frame_0036.jpg;custom_dataset\processed\VID_5\001\frame_0037.jpg;custom_dataset\processed\VID_5\001\frame_0038.jpg;custom_dataset\processed\VID_5\001\frame_0039.jpg;custom_dataset\processed\VID_5\001\frame_0040.jpg;custom_dataset\processed\VID_5\001\frame_0041.jpg;custom_dataset\processed\VID_5\001\frame_0042.jpg;custom_dataset\processed\VID_5\001\frame_0043.jpg,
VID_5_001_C10,VID_5,VID_5.mp4,1,VID_5_001,10,8,custom_dataset\processed\VID_5\001\frame_0040.jpg;custom_dataset\processed\VID_5\001\frame_0041.jpg;custom_dataset\processed\VID_5\001\frame_0042.jpg;custom_dataset\processed\VID_5\001\frame_0043.jpg;custom_dataset\processed\VID_5\001\frame_0044.jpg;custom_dataset\processed\VID_5\001\frame_0045.jpg;custom_dataset\processed\VID_5\001\frame_0046.jpg;custom_dataset\processed\VID_5\001\frame_0047.jpg,
VID_5_002_C00,VID_5,VID_5.mp4,2,VID_5_002,0,8,custom_dataset\processed\VID_5\002\frame_0000.jpg;custom_dataset\processed\VID_5\002\frame_0001.jpg;custom_dataset\processed\VID_5\002\frame_0002.jpg;custom_dataset\processed\VID_5\002\frame_0003.jpg;custom_dataset\processed\VID_5\002\frame_0004.jpg;custom_dataset\processed\VID_5\002\frame_0005.jpg;custom_dataset\processed\VID_5\002\frame_0006.jpg;custom_dataset\processed\VID_5\002\frame_0007.jpg,
VID_5_002_C01,VID_5,VID_5.mp4,2,VID_5_002,1,8,custom_dataset\processed\VID_5\002\frame_0004.jpg;custom_dataset\processed\VID_5\002\frame_0005.jpg;custom_dataset\processed\VID_5\002\frame_0006.jpg;custom_dataset\processed\VID_5\002\frame_0007.jpg;custom_dataset\processed\VID_5\002\frame_0008.jpg;custom_dataset\processed\VID_5\002\frame_0009.jpg;custom_dataset\processed\VID_5\002\frame_0010.jpg;custom_dataset\processed\VID_5\002\frame_0011.jpg,
VID_5_002_C02,VID_5,VID_5.mp4,2,VID_5_002,2,8,custom_dataset\processed\VID_5\002\frame_0008.jpg;custom_dataset\processed\VID_5\002\frame_0009.jpg;custom_dataset\processed\VID_5\002\frame_0010.jpg;custom_dataset\processed\VID_5\002\frame_0011.jpg;custom_dataset\processed\VID_5\002\frame_0012.jpg;custom_dataset\processed\VID_5\002\frame_0013.jpg;custom_dataset\processed\VID_5\002\frame_0014.jpg;custom_dataset\processed\VID_5\002\frame_0015.jpg,
VID_5_002_C03,VID_5,VID_5.mp4,2,VID_5_002,3,8,custom_dataset\processed\VID_5\002\frame_0012.jpg;custom_dataset\processed\VID_5\002\frame_0013.jpg;custom_dataset\processed\VID_5\002\frame_0014.jpg;custom_dataset\processed\VID_5\002\frame_0015.jpg;custom_dataset\processed\VID_5\002\frame_0016.jpg;custom_dataset\processed\VID_5\002\frame_0017.jpg;custom_dataset\processed\VID_5\002\frame_0018.jpg;custom_dataset\processed\VID_5\002\frame_0019.jpg,
VID_5_002_C04,VID_5,VID_5.mp4,2,VID_5_002,4,8,custom_dataset\processed\VID_5\002\frame_0016.jpg;custom_dataset\processed\VID_5\002\frame_0017.jpg;custom_dataset\processed\VID_5\002\frame_0018.jpg;custom_dataset\processed\VID_5\002\frame_0019.jpg;custom_dataset\processed\VID_5\002\frame_0020.jpg;custom_dataset\processed\VID_5\002\frame_0021.jpg;custom_dataset\processed\VID_5\002\frame_0022.jpg;custom_dataset\processed\VID_5\002\frame_0023.jpg,
VID_5_002_C05,VID_5,VID_5.mp4,2,VID_5_002,5,8,custom_dataset\processed\VID_5\002\frame_0020.jpg;custom_dataset\processed\VID_5\002\frame_0021.jpg;custom_dataset\processed\VID_5\002\frame_0022.jpg;custom_dataset\processed\VID_5\002\frame_0023.jpg;custom_dataset\processed\VID_5\002\frame_0024.jpg;custom_dataset\processed\VID_5\002\frame_0025.jpg;custom_dataset\processed\VID_5\002\frame_0026.jpg;custom_dataset\processed\VID_5\002\frame_0027.jpg,
VID_5_002_C06,VID_5,VID_5.mp4,2,VID_5_002,6,8,custom_dataset\processed\VID_5\002\frame_0024.jpg;custom_dataset\processed\VID_5\002\frame_0025.jpg;custom_dataset\processed\VID_5\002\frame_0026.jpg;custom_dataset\processed\VID_5\002\frame_0027.jpg;custom_dataset\processed\VID_5\002\frame_0028.jpg;custom_dataset\processed\VID_5\002\frame_0029.jpg;custom_dataset\processed\VID_5\002\frame_0030.jpg;custom_dataset\processed\VID_5\002\frame_0031.jpg,
VID_5_002_C07,VID_5,VID_5.mp4,2,VID_5_002,7,8,custom_dataset\processed\VID_5\002\frame_0028.jpg;custom_dataset\processed\VID_5\002\frame_0029.jpg;custom_dataset\processed\VID_5\002\frame_0030.jpg;custom_dataset\processed\VID_5\002\frame_0031.jpg;custom_dataset\processed\VID_5\002\frame_0032.jpg;custom_dataset\processed\VID_5\002\frame_0033.jpg;custom_dataset\processed\VID_5\002\frame_0034.jpg;custom_dataset\processed\VID_5\002\frame_0035.jpg,
VID_5_002_C08,VID_5,VID_5.mp4,2,VID_5_002,8,8,custom_dataset\processed\VID_5\002\frame_0032.jpg;custom_dataset\processed\VID_5\002\frame_0033.jpg;custom_dataset\processed\VID_5\002\frame_0034.jpg;custom_dataset\processed\VID_5\002\frame_0035.jpg;custom_dataset\processed\VID_5\002\frame_0036.jpg;custom_dataset\processed\VID_5\002\frame_0037.jpg;custom_dataset\processed\VID_5\002\frame_0038.jpg;custom_dataset\processed\VID_5\002\frame_0039.jpg,
VID_5_002_C09,VID_5,VID_5.mp4,2,VID_5_002,9,8,custom_dataset\processed\VID_5\002\frame_0036.jpg;custom_dataset\processed\VID_5\002\frame_0037.jpg;custom_dataset\processed\VID_5\002\frame_0038.jpg;custom_dataset\processed\VID_5\002\frame_0039.jpg;custom_dataset\processed\VID_5\002\frame_0040.jpg;custom_dataset\processed\VID_5\002\frame_0041.jpg;custom_dataset\processed\VID_5\002\frame_0042.jpg;custom_dataset\processed\VID_5\002\frame_0043.jpg,
VID_5_002_C10,VID_5,VID_5.mp4,2,VID_5_002,10,8,custom_dataset\processed\VID_5\002\frame_0040.jpg;custom_dataset\processed\VID_5\002\frame_0041.jpg;custom_dataset\processed\VID_5\002\frame_0042.jpg;custom_dataset\processed\VID_5\002\frame_0043.jpg;custom_dataset\processed\VID_5\002\frame_0044.jpg;custom_dataset\processed\VID_5\002\frame_0045.jpg;custom_dataset\processed\VID_5\002\frame_0046.jpg;custom_dataset\processed\VID_5\002\frame_0047.jpg,
VID_5_003_C00,VID_5,VID_5.mp4,3,VID_5_003,0,8,custom_dataset\processed\VID_5\003\frame_0000.jpg;custom_dataset\processed\VID_5\003\frame_0001.jpg;custom_dataset\processed\VID_5\003\frame_0002.jpg;custom_dataset\processed\VID_5\003\frame_0003.jpg;custom_dataset\processed\VID_5\003\frame_0004.jpg;custom_dataset\processed\VID_5\003\frame_0005.jpg;custom_dataset\processed\VID_5\003\frame_0006.jpg;custom_dataset\processed\VID_5\003\frame_0007.jpg,
VID_5_003_C01,VID_5,VID_5.mp4,3,VID_5_003,1,8,custom_dataset\processed\VID_5\003\frame_0004.jpg;custom_dataset\processed\VID_5\003\frame_0005.jpg;custom_dataset\processed\VID_5\003\frame_0006.jpg;custom_dataset\processed\VID_5\003\frame_0007.jpg;custom_dataset\processed\VID_5\003\frame_0008.jpg;custom_dataset\processed\VID_5\003\frame_0009.jpg;custom_dataset\processed\VID_5\003\frame_0010.jpg;custom_dataset\processed\VID_5\003\frame_0011.jpg,
VID_5_003_C02,VID_5,VID_5.mp4,3,VID_5_003,2,8,custom_dataset\processed\VID_5\003\frame_0008.jpg;custom_dataset\processed\VID_5\003\frame_0009.jpg;custom_dataset\processed\VID_5\003\frame_0010.jpg;custom_dataset\processed\VID_5\003\frame_0011.jpg;custom_dataset\processed\VID_5\003\frame_0012.jpg;custom_dataset\processed\VID_5\003\frame_0013.jpg;custom_dataset\processed\VID_5\003\frame_0014.jpg;custom_dataset\processed\VID_5\003\frame_0015.jpg,
VID_5_003_C03,VID_5,VID_5.mp4,3,VID_5_003,3,8,custom_dataset\processed\VID_5\003\frame_0012.jpg;custom_dataset\processed\VID_5\003\frame_0013.jpg;custom_dataset\processed\VID_5\003\frame_0014.jpg;custom_dataset\processed\VID_5\003\frame_0015.jpg;custom_dataset\processed\VID_5\003\frame_0016.jpg;custom_dataset\processed\VID_5\003\frame_0017.jpg;custom_dataset\processed\VID_5\003\frame_0018.jpg;custom_dataset\processed\VID_5\003\frame_0019.jpg,
VID_5_003_C04,VID_5,VID_5.mp4,3,VID_5_003,4,8,custom_dataset\processed\VID_5\003\frame_0016.jpg;custom_dataset\processed\VID_5\003\frame_0017.jpg;custom_dataset\processed\VID_5\003\frame_0018.jpg;custom_dataset\processed\VID_5\003\frame_0019.jpg;custom_dataset\processed\VID_5\003\frame_0020.jpg;custom_dataset\processed\VID_5\003\frame_0021.jpg;custom_dataset\processed\VID_5\003\frame_0022.jpg;custom_dataset\processed\VID_5\003\frame_0023.jpg,
VID_5_003_C05,VID_5,VID_5.mp4,3,VID_5_003,5,8,custom_dataset\processed\VID_5\003\frame_0020.jpg;custom_dataset\processed\VID_5\003\frame_0021.jpg;custom_dataset\processed\VID_5\003\frame_0022.jpg;custom_dataset\processed\VID_5\003\frame_0023.jpg;custom_dataset\processed\VID_5\003\frame_0024.jpg;custom_dataset\processed\VID_5\003\frame_0025.jpg;custom_dataset\processed\VID_5\003\frame_0026.jpg;custom_dataset\processed\VID_5\003\frame_0027.jpg,
VID_5_003_C06,VID_5,VID_5.mp4,3,VID_5_003,6,8,custom_dataset\processed\VID_5\003\frame_0024.jpg;custom_dataset\processed\VID_5\003\frame_0025.jpg;custom_dataset\processed\VID_5\003\frame_0026.jpg;custom_dataset\processed\VID_5\003\frame_0027.jpg;custom_dataset\processed\VID_5\003\frame_0028.jpg;custom_dataset\processed\VID_5\003\frame_0029.jpg;custom_dataset\processed\VID_5\003\frame_0030.jpg;custom_dataset\processed\VID_5\003\frame_0031.jpg,
VID_5_003_C07,VID_5,VID_5.mp4,3,VID_5_003,7,8,custom_dataset\processed\VID_5\003\frame_0028.jpg;custom_dataset\processed\VID_5\003\frame_0029.jpg;custom_dataset\processed\VID_5\003\frame_0030.jpg;custom_dataset\processed\VID_5\003\frame_0031.jpg;custom_dataset\processed\VID_5\003\frame_0032.jpg;custom_dataset\processed\VID_5\003\frame_0033.jpg;custom_dataset\processed\VID_5\003\frame_0034.jpg;custom_dataset\processed\VID_5\003\frame_0035.jpg,
VID_5_003_C08,VID_5,VID_5.mp4,3,VID_5_003,8,8,custom_dataset\processed\VID_5\003\frame_0032.jpg;custom_dataset\processed\VID_5\003\frame_0033.jpg;custom_dataset\processed\VID_5\003\frame_0034.jpg;custom_dataset\processed\VID_5\003\frame_0035.jpg;custom_dataset\processed\VID_5\003\frame_0036.jpg;custom_dataset\processed\VID_5\003\frame_0037.jpg;custom_dataset\processed\VID_5\003\frame_0038.jpg;custom_dataset\processed\VID_5\003\frame_0039.jpg,
VID_5_003_C09,VID_5,VID_5.mp4,3,VID_5_003,9,8,custom_dataset\processed\VID_5\003\frame_0036.jpg;custom_dataset\processed\VID_5\003\frame_0037.jpg;custom_dataset\processed\VID_5\003\frame_0038.jpg;custom_dataset\processed\VID_5\003\frame_0039.jpg;custom_dataset\processed\VID_5\003\frame_0040.jpg;custom_dataset\processed\VID_5\003\frame_0041.jpg;custom_dataset\processed\VID_5\003\frame_0042.jpg;custom_dataset\processed\VID_5\003\frame_0043.jpg,
VID_5_003_C10,VID_5,VID_5.mp4,3,VID_5_003,10,8,custom_dataset\processed\VID_5\003\frame_0040.jpg;custom_dataset\processed\VID_5\003\frame_0041.jpg;custom_dataset\processed\VID_5\003\frame_0042.jpg;custom_dataset\processed\VID_5\003\frame_0043.jpg;custom_dataset\processed\VID_5\003\frame_0044.jpg;custom_dataset\processed\VID_5\003\frame_0045.jpg;custom_dataset\processed\VID_5\003\frame_0046.jpg;custom_dataset\processed\VID_5\003\frame_0047.jpg,
VID_5_004_C00,VID_5,VID_5.mp4,4,VID_5_004,0,8,custom_dataset\processed\VID_5\004\frame_0000.jpg;custom_dataset\processed\VID_5\004\frame_0001.jpg;custom_dataset\processed\VID_5\004\frame_0002.jpg;custom_dataset\processed\VID_5\004\frame_0003.jpg;custom_dataset\processed\VID_5\004\frame_0004.jpg;custom_dataset\processed\VID_5\004\frame_0005.jpg;custom_dataset\processed\VID_5\004\frame_0006.jpg;custom_dataset\processed\VID_5\004\frame_0007.jpg,
VID_5_004_C01,VID_5,VID_5.mp4,4,VID_5_004,1,8,custom_dataset\processed\VID_5\004\frame_0004.jpg;custom_dataset\processed\VID_5\004\frame_0005.jpg;custom_dataset\processed\VID_5\004\frame_0006.jpg;custom_dataset\processed\VID_5\004\frame_0007.jpg;custom_dataset\processed\VID_5\004\frame_0008.jpg;custom_dataset\processed\VID_5\004\frame_0009.jpg;custom_dataset\processed\VID_5\004\frame_0010.jpg;custom_dataset\processed\VID_5\004\frame_0011.jpg,
VID_5_004_C02,VID_5,VID_5.mp4,4,VID_5_004,2,8,custom_dataset\processed\VID_5\004\frame_0008.jpg;custom_dataset\processed\VID_5\004\frame_0009.jpg;custom_dataset\processed\VID_5\004\frame_0010.jpg;custom_dataset\processed\VID_5\004\frame_0011.jpg;custom_dataset\processed\VID_5\004\frame_0012.jpg;custom_dataset\processed\VID_5\004\frame_0013.jpg;custom_dataset\processed\VID_5\004\frame_0014.jpg;custom_dataset\processed\VID_5\004\frame_0015.jpg,
VID_5_004_C03,VID_5,VID_5.mp4,4,VID_5_004,3,8,custom_dataset\processed\VID_5\004\frame_0012.jpg;custom_dataset\processed\VID_5\004\frame_0013.jpg;custom_dataset\processed\VID_5\004\frame_0014.jpg;custom_dataset\processed\VID_5\004\frame_0015.jpg;custom_dataset\processed\VID_5\004\frame_0016.jpg;custom_dataset\processed\VID_5\004\frame_0017.jpg;custom_dataset\processed\VID_5\004\frame_0018.jpg;custom_dataset\processed\VID_5\004\frame_0019.jpg,
VID_5_004_C04,VID_5,VID_5.mp4,4,VID_5_004,4,8,custom_dataset\processed\VID_5\004\frame_0016.jpg;custom_dataset\processed\VID_5\004\frame_0017.jpg;custom_dataset\processed\VID_5\004\frame_0018.jpg;custom_dataset\processed\VID_5\004\frame_0019.jpg;custom_dataset\processed\VID_5\004\frame_0020.jpg;custom_dataset\processed\VID_5\004\frame_0021.jpg;custom_dataset\processed\VID_5\004\frame_0022.jpg;custom_dataset\processed\VID_5\004\frame_0023.jpg,
VID_5_004_C05,VID_5,VID_5.mp4,4,VID_5_004,5,8,custom_dataset\processed\VID_5\004\frame_0020.jpg;custom_dataset\processed\VID_5\004\frame_0021.jpg;custom_dataset\processed\VID_5\004\frame_0022.jpg;custom_dataset\processed\VID_5\004\frame_0023.jpg;custom_dataset\processed\VID_5\004\frame_0024.jpg;custom_dataset\processed\VID_5\004\frame_0025.jpg;custom_dataset\processed\VID_5\004\frame_0026.jpg;custom_dataset\processed\VID_5\004\frame_0027.jpg,
VID_5_004_C06,VID_5,VID_5.mp4,4,VID_5_004,6,8,custom_dataset\processed\VID_5\004\frame_0024.jpg;custom_dataset\processed\VID_5\004\frame_0025.jpg;custom_dataset\processed\VID_5\004\frame_0026.jpg;custom_dataset\processed\VID_5\004\frame_0027.jpg;custom_dataset\processed\VID_5\004\frame_0028.jpg;custom_dataset\processed\VID_5\004\frame_0029.jpg;custom_dataset\processed\VID_5\004\frame_0030.jpg;custom_dataset\processed\VID_5\004\frame_0031.jpg,
VID_5_004_C07,VID_5,VID_5.mp4,4,VID_5_004,7,8,custom_dataset\processed\VID_5\004\frame_0028.jpg;custom_dataset\processed\VID_5\004\frame_0029.jpg;custom_dataset\processed\VID_5\004\frame_0030.jpg;custom_dataset\processed\VID_5\004\frame_0031.jpg;custom_dataset\processed\VID_5\004\frame_0032.jpg;custom_dataset\processed\VID_5\004\frame_0033.jpg;custom_dataset\processed\VID_5\004\frame_0034.jpg;custom_dataset\processed\VID_5\004\frame_0035.jpg,
VID_5_004_C08,VID_5,VID_5.mp4,4,VID_5_004,8,8,custom_dataset\processed\VID_5\004\frame_0032.jpg;custom_dataset\processed\VID_5\004\frame_0033.jpg;custom_dataset\processed\VID_5\004\frame_0034.jpg;custom_dataset\processed\VID_5\004\frame_0035.jpg;custom_dataset\processed\VID_5\004\frame_0036.jpg;custom_dataset\processed\VID_5\004\frame_0037.jpg;custom_dataset\processed\VID_5\004\frame_0038.jpg;custom_dataset\processed\VID_5\004\frame_0039.jpg,
VID_5_004_C09,VID_5,VID_5.mp4,4,VID_5_004,9,8,custom_dataset\processed\VID_5\004\frame_0036.jpg;custom_dataset\processed\VID_5\004\frame_0037.jpg;custom_dataset\processed\VID_5\004\frame_0038.jpg;custom_dataset\processed\VID_5\004\frame_0039.jpg;custom_dataset\processed\VID_5\004\frame_0040.jpg;custom_dataset\processed\VID_5\004\frame_0041.jpg;custom_dataset\processed\VID_5\004\frame_0042.jpg;custom_dataset\processed\VID_5\004\frame_0043.jpg,
VID_5_004_C10,VID_5,VID_5.mp4,4,VID_5_004,10,8,custom_dataset\processed\VID_5\004\frame_0040.jpg;custom_dataset\processed\VID_5\004\frame_0041.jpg;custom_dataset\processed\VID_5\004\frame_0042.jpg;custom_dataset\processed\VID_5\004\frame_0043.jpg;custom_dataset\processed\VID_5\004\frame_0044.jpg;custom_dataset\processed\VID_5\004\frame_0045.jpg;custom_dataset\processed\VID_5\004\frame_0046.jpg;custom_dataset\processed\VID_5\004\frame_0047.jpg,
VID_5_005_C00,VID_5,VID_5.mp4,5,VID_5_005,0,8,custom_dataset\processed\VID_5\005\frame_0000.jpg;custom_dataset\processed\VID_5\005\frame_0000.jpg;custom_dataset\processed\VID_5\005\frame_0001.jpg;custom_dataset\processed\VID_5\005\frame_0002.jpg;custom_dataset\processed\VID_5\005\frame_0003.jpg;custom_dataset\processed\VID_5\005\frame_0004.jpg;custom_dataset\processed\VID_5\005\frame_0005.jpg;custom_dataset\processed\VID_5\005\frame_0006.jpg,
VID_5_005_C01,VID_5,VID_5.mp4,5,VID_5_005,1,8,custom_dataset\processed\VID_5\005\frame_0003.jpg;custom_dataset\processed\VID_5\005\frame_0004.jpg;custom_dataset\processed\VID_5\005\frame_0005.jpg;custom_dataset\processed\VID_5\005\frame_0006.jpg;custom_dataset\processed\VID_5\005\frame_0007.jpg;custom_dataset\processed\VID_5\005\frame_0008.jpg;custom_dataset\processed\VID_5\005\frame_0009.jpg;custom_dataset\processed\VID_5\005\frame_0010.jpg,
VID_5_005_C02,VID_5,VID_5.mp4,5,VID_5_005,2,8,custom_dataset\processed\VID_5\005\frame_0007.jpg;custom_dataset\processed\VID_5\005\frame_0008.jpg;custom_dataset\processed\VID_5\005\frame_0009.jpg;custom_dataset\processed\VID_5\005\frame_0010.jpg;custom_dataset\processed\VID_5\005\frame_0011.jpg;custom_dataset\processed\VID_5\005\frame_0012.jpg;custom_dataset\processed\VID_5\005\frame_0013.jpg;custom_dataset\processed\VID_5\005\frame_0014.jpg,
VID_5_005_C03,VID_5,VID_5.mp4,5,VID_5_005,3,8,custom_dataset\processed\VID_5\005\frame_0011.jpg;custom_dataset\processed\VID_5\005\frame_0012.jpg;custom_dataset\processed\VID_5\005\frame_0013.jpg;custom_dataset\processed\VID_5\005\frame_0014.jpg;custom_dataset\processed\VID_5\005\frame_0015.jpg;custom_dataset\processed\VID_5\005\frame_0016.jpg;custom_dataset\processed\VID_5\005\frame_0017.jpg;custom_dataset\processed\VID_5\005\frame_0018.jpg,
VID_5_005_C04,VID_5,VID_5.mp4,5,VID_5_005,4,8,custom_dataset\processed\VID_5\005\frame_0015.jpg;custom_dataset\processed\VID_5\005\frame_0016.jpg;custom_dataset\processed\VID_5\005\frame_0017.jpg;custom_dataset\processed\VID_5\005\frame_0018.jpg;custom_dataset\processed\VID_5\005\frame_0019.jpg;custom_dataset\processed\VID_5\005\frame_0020.jpg;custom_dataset\processed\VID_5\005\frame_0021.jpg;custom_dataset\processed\VID_5\005\frame_0022.jpg,
VID_5_005_C05,VID_5,VID_5.mp4,5,VID_5_005,5,8,custom_dataset\processed\VID_5\005\frame_0019.jpg;custom_dataset\processed\VID_5\005\frame_0020.jpg;custom_dataset\processed\VID_5\005\frame_0021.jpg;custom_dataset\processed\VID_5\005\frame_0022.jpg;custom_dataset\processed\VID_5\005\frame_0023.jpg;custom_dataset\processed\VID_5\005\frame_0024.jpg;custom_dataset\processed\VID_5\005\frame_0025.jpg;custom_dataset\processed\VID_5\005\frame_0026.jpg,
VID_5_005_C06,VID_5,VID_5.mp4,5,VID_5_005,6,8,custom_dataset\processed\VID_5\005\frame_0023.jpg;custom_dataset\processed\VID_5\005\frame_0024.jpg;custom_dataset\processed\VID_5\005\frame_0025.jpg;custom_dataset\processed\VID_5\005\frame_0026.jpg;custom_dataset\processed\VID_5\005\frame_0027.jpg;custom_dataset\processed\VID_5\005\frame_0028.jpg;custom_dataset\processed\VID_5\005\frame_0029.jpg;custom_dataset\processed\VID_5\005\frame_0030.jpg,
VID_5_006_C00,VID_5,VID_5.mp4,6,VID_5_006,0,8,custom_dataset\processed\VID_5\006\frame_0000.jpg;custom_dataset\processed\VID_5\006\frame_0001.jpg;custom_dataset\processed\VID_5\006\frame_0002.jpg;custom_dataset\processed\VID_5\006\frame_0003.jpg;custom_dataset\processed\VID_5\006\frame_0004.jpg;custom_dataset\processed\VID_5\006\frame_0005.jpg;custom_dataset\processed\VID_5\006\frame_0006.jpg;custom_dataset\processed\VID_5\006\frame_0007.jpg,
VID_5_006_C01,VID_5,VID_5.mp4,6,VID_5_006,1,8,custom_dataset\processed\VID_5\006\frame_0004.jpg;custom_dataset\processed\VID_5\006\frame_0005.jpg;custom_dataset\processed\VID_5\006\frame_0006.jpg;custom_dataset\processed\VID_5\006\frame_0007.jpg;custom_dataset\processed\VID_5\006\frame_0008.jpg;custom_dataset\processed\VID_5\006\frame_0009.jpg;custom_dataset\processed\VID_5\006\frame_0010.jpg;custom_dataset\processed\VID_5\006\frame_0011.jpg,
VID_5_006_C02,VID_5,VID_5.mp4,6,VID_5_006,2,8,custom_dataset\processed\VID_5\006\frame_0008.jpg;custom_dataset\processed\VID_5\006\frame_0009.jpg;custom_dataset\processed\VID_5\006\frame_0010.jpg;custom_dataset\processed\VID_5\006\frame_0011.jpg;custom_dataset\processed\VID_5\006\frame_0012.jpg;custom_dataset\processed\VID_5\006\frame_0013.jpg;custom_dataset\processed\VID_5\006\frame_0014.jpg;custom_dataset\processed\VID_5\006\frame_0017.jpg,
VID_5_006_C03,VID_5,VID_5.mp4,6,VID_5_006,3,8,custom_dataset\processed\VID_5\006\frame_0012.jpg;custom_dataset\processed\VID_5\006\frame_0013.jpg;custom_dataset\processed\VID_5\006\frame_0014.jpg;custom_dataset\processed\VID_5\006\frame_0017.jpg;custom_dataset\processed\VID_5\006\frame_0018.jpg;custom_dataset\processed\VID_5\006\frame_0019.jpg;custom_dataset\processed\VID_5\006\frame_0020.jpg;custom_dataset\processed\VID_5\006\frame_0021.jpg,
VID_5_007_C00,VID_5,VID_5.mp4,7,VID_5_007,0,8,custom_dataset\processed\VID_5\007\frame_0000.jpg;custom_dataset\processed\VID_5\007\frame_0001.jpg;custom_dataset\processed\VID_5\007\frame_0002.jpg;custom_dataset\processed\VID_5\007\frame_0003.jpg;custom_dataset\processed\VID_5\007\frame_0004.jpg;custom_dataset\processed\VID_5\007\frame_0005.jpg;custom_dataset\processed\VID_5\007\frame_0006.jpg;custom_dataset\processed\VID_5\007\frame_0007.jpg,
VID_5_007_C01,VID_5,VID_5.mp4,7,VID_5_007,1,8,custom_dataset\processed\VID_5\007\frame_0004.jpg;custom_dataset\processed\VID_5\007\frame_0005.jpg;custom_dataset\processed\VID_5\007\frame_0006.jpg;custom_dataset\processed\VID_5\007\frame_0007.jpg;custom_dataset\processed\VID_5\007\frame_0008.jpg;custom_dataset\processed\VID_5\007\frame_0009.jpg;custom_dataset\processed\VID_5\007\frame_0010.jpg;custom_dataset\processed\VID_5\007\frame_0011.jpg,
VID_5_007_C02,VID_5,VID_5.mp4,7,VID_5_007,2,8,custom_dataset\processed\VID_5\007\frame_0008.jpg;custom_dataset\processed\VID_5\007\frame_0009.jpg;custom_dataset\processed\VID_5\007\frame_0010.jpg;custom_dataset\processed\VID_5\007\frame_0011.jpg;custom_dataset\processed\VID_5\007\frame_0012.jpg;custom_dataset\processed\VID_5\007\frame_0013.jpg;custom_dataset\processed\VID_5\007\frame_0014.jpg;custom_dataset\processed\VID_5\007\frame_0015.jpg,
VID_5_007_C03,VID_5,VID_5.mp4,7,VID_5_007,3,8,custom_dataset\processed\VID_5\007\frame_0012.jpg;custom_dataset\processed\VID_5\007\frame_0013.jpg;custom_dataset\processed\VID_5\007\frame_0014.jpg;custom_dataset\processed\VID_5\007\frame_0015.jpg;custom_dataset\processed\VID_5\007\frame_0016.jpg;custom_dataset\processed\VID_5\007\frame_0017.jpg;custom_dataset\processed\VID_5\007\frame_0018.jpg;custom_dataset\processed\VID_5\007\frame_0019.jpg,
VID_5_007_C04,VID_5,VID_5.mp4,7,VID_5_007,4,8,custom_dataset\processed\VID_5\007\frame_0016.jpg;custom_dataset\processed\VID_5\007\frame_0017.jpg;custom_dataset\processed\VID_5\007\frame_0018.jpg;custom_dataset\processed\VID_5\007\frame_0019.jpg;custom_dataset\processed\VID_5\007\frame_0020.jpg;custom_dataset\processed\VID_5\007\frame_0021.jpg;custom_dataset\processed\VID_5\007\frame_0022.jpg;custom_dataset\processed\VID_5\007\frame_0023.jpg,
VID_5_007_C05,VID_5,VID_5.mp4,7,VID_5_007,5,8,custom_dataset\processed\VID_5\007\frame_0020.jpg;custom_dataset\processed\VID_5\007\frame_0021.jpg;custom_dataset\processed\VID_5\007\frame_0022.jpg;custom_dataset\processed\VID_5\007\frame_0023.jpg;custom_dataset\processed\VID_5\007\frame_0024.jpg;custom_dataset\processed\VID_5\007\frame_0025.jpg;custom_dataset\processed\VID_5\007\frame_0026.jpg;custom_dataset\processed\VID_5\007\frame_0027.jpg,
VID_5_007_C06,VID_5,VID_5.mp4,7,VID_5_007,6,8,custom_dataset\processed\VID_5\007\frame_0024.jpg;custom_dataset\processed\VID_5\007\frame_0025.jpg;custom_dataset\processed\VID_5\007\frame_0026.jpg;custom_dataset\processed\VID_5\007\frame_0027.jpg;custom_dataset\processed\VID_5\007\frame_0028.jpg;custom_dataset\processed\VID_5\007\frame_0029.jpg;custom_dataset\processed\VID_5\007\frame_0030.jpg;custom_dataset\processed\VID_5\007\frame_0031.jpg,
VID_5_007_C07,VID_5,VID_5.mp4,7,VID_5_007,7,8,custom_dataset\processed\VID_5\007\frame_0028.jpg;custom_dataset\processed\VID_5\007\frame_0029.jpg;custom_dataset\processed\VID_5\007\frame_0030.jpg;custom_dataset\processed\VID_5\007\frame_0031.jpg;custom_dataset\processed\VID_5\007\frame_0032.jpg;custom_dataset\processed\VID_5\007\frame_0033.jpg;custom_dataset\processed\VID_5\007\frame_0034.jpg;custom_dataset\processed\VID_5\007\frame_0035.jpg,
VID_5_007_C08,VID_5,VID_5.mp4,7,VID_5_007,8,8,custom_dataset\processed\VID_5\007\frame_0032.jpg;custom_dataset\processed\VID_5\007\frame_0033.jpg;custom_dataset\processed\VID_5\007\frame_0034.jpg;custom_dataset\processed\VID_5\007\frame_0035.jpg;custom_dataset\processed\VID_5\007\frame_0036.jpg;custom_dataset\processed\VID_5\007\frame_0037.jpg;custom_dataset\processed\VID_5\007\frame_0038.jpg;custom_dataset\processed\VID_5\007\frame_0039.jpg,
VID_5_008_C00,VID_5,VID_5.mp4,8,VID_5_008,0,8,custom_dataset\processed\VID_5\008\frame_0000.jpg;custom_dataset\processed\VID_5\008\frame_0001.jpg;custom_dataset\processed\VID_5\008\frame_0002.jpg;custom_dataset\processed\VID_5\008\frame_0003.jpg;custom_dataset\processed\VID_5\008\frame_0004.jpg;custom_dataset\processed\VID_5\008\frame_0005.jpg;custom_dataset\processed\VID_5\008\frame_0006.jpg;custom_dataset\processed\VID_5\008\frame_0007.jpg,
VID_5_009_C00,VID_5,VID_5.mp4,9,VID_5_009,0,8,custom_dataset\processed\VID_5\009\frame_0000.jpg;custom_dataset\processed\VID_5\009\frame_0001.jpg;custom_dataset\processed\VID_5\009\frame_0002.jpg;custom_dataset\processed\VID_5\009\frame_0003.jpg;custom_dataset\processed\VID_5\009\frame_0004.jpg;custom_dataset\processed\VID_5\009\frame_0005.jpg;custom_dataset\processed\VID_5\009\frame_0006.jpg;custom_dataset\processed\VID_5\009\frame_0010.jpg,
VID_5_017_C00,VID_5,VID_5.mp4,17,VID_5_017,0,8,custom_dataset\processed\VID_5\017\frame_0010.jpg;custom_dataset\processed\VID_5\017\frame_0011.jpg;custom_dataset\processed\VID_5\017\frame_0012.jpg;custom_dataset\processed\VID_5\017\frame_0013.jpg;custom_dataset\processed\VID_5\017\frame_0014.jpg;custom_dataset\processed\VID_5\017\frame_0015.jpg;custom_dataset\processed\VID_5\017\frame_0016.jpg;custom_dataset\processed\VID_5\017\frame_0017.jpg,
VID_5_017_C01,VID_5,VID_5.mp4,17,VID_5_017,1,8,custom_dataset\processed\VID_5\017\frame_0014.jpg;custom_dataset\processed\VID_5\017\frame_0015.jpg;custom_dataset\processed\VID_5\017\frame_0016.jpg;custom_dataset\processed\VID_5\017\frame_0017.jpg;custom_dataset\processed\VID_5\017\frame_0018.jpg;custom_dataset\processed\VID_5\017\frame_0019.jpg;custom_dataset\processed\VID_5\017\frame_0020.jpg;custom_dataset\processed\VID_5\017\frame_0023.jpg,
VID_5_017_C02,VID_5,VID_5.mp4,17,VID_5_017,2,8,custom_dataset\processed\VID_5\017\frame_0018.jpg;custom_dataset\processed\VID_5\017\frame_0019.jpg;custom_dataset\processed\VID_5\017\frame_0020.jpg;custom_dataset\processed\VID_5\017\frame_0023.jpg;custom_dataset\processed\VID_5\017\frame_0024.jpg;custom_dataset\processed\VID_5\017\frame_0025.jpg;custom_dataset\processed\VID_5\017\frame_0026.jpg;custom_dataset\processed\VID_5\017\frame_0027.jpg,
VID_5_018_C00,VID_5,VID_5.mp4,18,VID_5_018,0,8,custom_dataset\processed\VID_5\018\frame_0011.jpg;custom_dataset\processed\VID_5\018\frame_0013.jpg;custom_dataset\processed\VID_5\018\frame_0014.jpg;custom_dataset\processed\VID_5\018\frame_0015.jpg;custom_dataset\processed\VID_5\018\frame_0016.jpg;custom_dataset\processed\VID_5\018\frame_0017.jpg;custom_dataset\processed\VID_5\018\frame_0018.jpg;custom_dataset\processed\VID_5\018\frame_0021.jpg,
VID_5_019_C00,VID_5,VID_5.mp4,19,VID_5_019,0,8,custom_dataset\processed\VID_5\019\frame_0012.jpg;custom_dataset\processed\VID_5\019\frame_0013.jpg;custom_dataset\processed\VID_5\019\frame_0014.jpg;custom_dataset\processed\VID_5\019\frame_0015.jpg;custom_dataset\processed\VID_5\019\frame_0016.jpg;custom_dataset\processed\VID_5\019\frame_0017.jpg;custom_dataset\processed\VID_5\019\frame_0018.jpg;custom_dataset\processed\VID_5\019\frame_0019.jpg,
VID_5_019_C01,VID_5,VID_5.mp4,19,VID_5_019,1,8,custom_dataset\processed\VID_5\019\frame_0016.jpg;custom_dataset\processed\VID_5\019\frame_0017.jpg;custom_dataset\processed\VID_5\019\frame_0018.jpg;custom_dataset\processed\VID_5\019\frame_0019.jpg;custom_dataset\processed\VID_5\019\frame_0020.jpg;custom_dataset\processed\VID_5\019\frame_0021.jpg;custom_dataset\processed\VID_5\019\frame_0022.jpg;custom_dataset\processed\VID_5\019\frame_0023.jpg,
VID_5_019_C02,VID_5,VID_5.mp4,19,VID_5_019,2,8,custom_dataset\processed\VID_5\019\frame_0020.jpg;custom_dataset\processed\VID_5\019\frame_0021.jpg;custom_dataset\processed\VID_5\019\frame_0022.jpg;custom_dataset\processed\VID_5\019\frame_0023.jpg;custom_dataset\processed\VID_5\019\frame_0024.jpg;custom_dataset\processed\VID_5\019\frame_0025.jpg;custom_dataset\processed\VID_5\019\frame_0026.jpg;custom_dataset\processed\VID_5\019\frame_0027.jpg,
VID_5_026_C00,VID_5,VID_5.mp4,26,VID_5_026,0,8,custom_dataset\processed\VID_5\026\frame_0029.jpg;custom_dataset\processed\VID_5\026\frame_0030.jpg;custom_dataset\processed\VID_5\026\frame_0033.jpg;custom_dataset\processed\VID_5\026\frame_0034.jpg;custom_dataset\processed\VID_5\026\frame_0035.jpg;custom_dataset\processed\VID_5\026\frame_0036.jpg;custom_dataset\processed\VID_5\026\frame_0037.jpg;custom_dataset\processed\VID_5\026\frame_0039.jpg,
VID_5_026_C01,VID_5,VID_5.mp4,26,VID_5_026,1,8,custom_dataset\processed\VID_5\026\frame_0035.jpg;custom_dataset\processed\VID_5\026\frame_0036.jpg;custom_dataset\processed\VID_5\026\frame_0037.jpg;custom_dataset\processed\VID_5\026\frame_0039.jpg;custom_dataset\processed\VID_5\026\frame_0040.jpg;custom_dataset\processed\VID_5\026\frame_0041.jpg;custom_dataset\processed\VID_5\026\frame_0042.jpg;custom_dataset\processed\VID_5\026\frame_0043.jpg,
VID_5_031_C00,VID_5,VID_5.mp4,31,VID_5_031,0,8,custom_dataset\processed\VID_5\031\frame_0033.jpg;custom_dataset\processed\VID_5\031\frame_0034.jpg;custom_dataset\processed\VID_5\031\frame_0035.jpg;custom_dataset\processed\VID_5\031\frame_0036.jpg;custom_dataset\processed\VID_5\031\frame_0037.jpg;custom_dataset\processed\VID_5\031\frame_0038.jpg;custom_dataset\processed\VID_5\031\frame_0039.jpg;custom_dataset\processed\VID_5\031\frame_0040.jpg,
VID_5_031_C01,VID_5,VID_5.mp4,31,VID_5_031,1,8,custom_dataset\processed\VID_5\031\frame_0037.jpg;custom_dataset\processed\VID_5\031\frame_0038.jpg;custom_dataset\processed\VID_5\031\frame_0039.jpg;custom_dataset\processed\VID_5\031\frame_0040.jpg;custom_dataset\processed\VID_5\031\frame_0041.jpg;custom_dataset\processed\VID_5\031\frame_0043.jpg;custom_dataset\processed\VID_5\031\frame_0045.jpg;custom_dataset\processed\VID_5\031\frame_0046.jpg,
VID_5_032_C00,VID_5,VID_5.mp4,32,VID_5_032,0,8,custom_dataset\processed\VID_5\032\frame_0034.jpg;custom_dataset\processed\VID_5\032\frame_0035.jpg;custom_dataset\processed\VID_5\032\frame_0036.jpg;custom_dataset\processed\VID_5\032\frame_0037.jpg;custom_dataset\processed\VID_5\032\frame_0038.jpg;custom_dataset\processed\VID_5\032\frame_0041.jpg;custom_dataset\processed\VID_5\032\frame_0042.jpg;custom_dataset\processed\VID_5\032\frame_0043.jpg,
VID_5_033_C00,VID_5,VID_5.mp4,33,VID_5_033,0,8,custom_dataset\processed\VID_5\033\frame_0034.jpg;custom_dataset\processed\VID_5\033\frame_0035.jpg;custom_dataset\processed\VID_5\033\frame_0036.jpg;custom_dataset\processed\VID_5\033\frame_0037.jpg;custom_dataset\processed\VID_5\033\frame_0038.jpg;custom_dataset\processed\VID_5\033\frame_0039.jpg;custom_dataset\processed\VID_5\033\frame_0040.jpg;custom_dataset\processed\VID_5\033\frame_0041.jpg,
VID_5_033_C01,VID_5,VID_5.mp4,33,VID_5_033,1,8,custom_dataset\processed\VID_5\033\frame_0038.jpg;custom_dataset\processed\VID_5\033\frame_0039.jpg;custom_dataset\processed\VID_5\033\frame_0040.jpg;custom_dataset\processed\VID_5\033\frame_0041.jpg;custom_dataset\processed\VID_5\033\frame_0042.jpg;custom_dataset\processed\VID_5\033\frame_0043.jpg;custom_dataset\processed\VID_5\033\frame_0044.jpg;custom_dataset\processed\VID_5\033\frame_0045.jpg,
VID_5_034_C00,VID_5,VID_5.mp4,34,VID_5_034,0,8,custom_dataset\processed\VID_5\034\frame_0036.jpg;custom_dataset\processed\VID_5\034\frame_0038.jpg;custom_dataset\processed\VID_5\034\frame_0039.jpg;custom_dataset\processed\VID_5\034\frame_0040.jpg;custom_dataset\processed\VID_5\034\frame_0041.jpg;custom_dataset\processed\VID_5\034\frame_0042.jpg;custom_dataset\processed\VID_5\034\frame_0043.jpg;custom_dataset\processed\VID_5\034\frame_0044.jpg,
VID_5_036_C00,VID_5,VID_5.mp4,36,VID_5_036,0,8,custom_dataset\processed\VID_5\036\frame_0037.jpg;custom_dataset\processed\VID_5\036\frame_0038.jpg;custom_dataset\processed\VID_5\036\frame_0039.jpg;custom_dataset\processed\VID_5\036\frame_0040.jpg;custom_dataset\processed\VID_5\036\frame_0041.jpg;custom_dataset\processed\VID_5\036\frame_0042.jpg;custom_dataset\processed\VID_5\036\frame_0043.jpg;custom_dataset\processed\VID_5\036\frame_0044.jpg,
VID_6_001_C00,VID_6,VID_6.mp4,1,VID_6_001,0,8,custom_dataset\processed\VID_6\001\frame_0000.jpg;custom_dataset\processed\VID_6\001\frame_0001.jpg;custom_dataset\processed\VID_6\001\frame_0002.jpg;custom_dataset\processed\VID_6\001\frame_0003.jpg;custom_dataset\processed\VID_6\001\frame_0004.jpg;custom_dataset\processed\VID_6\001\frame_0005.jpg;custom_dataset\processed\VID_6\001\frame_0006.jpg;custom_dataset\processed\VID_6\001\frame_0007.jpg,
VID_6_001_C01,VID_6,VID_6.mp4,1,VID_6_001,1,8,custom_dataset\processed\VID_6\001\frame_0004.jpg;custom_dataset\processed\VID_6\001\frame_0005.jpg;custom_dataset\processed\VID_6\001\frame_0006.jpg;custom_dataset\processed\VID_6\001\frame_0007.jpg;custom_dataset\processed\VID_6\001\frame_0008.jpg;custom_dataset\processed\VID_6\001\frame_0009.jpg;custom_dataset\processed\VID_6\001\frame_0010.jpg;custom_dataset\processed\VID_6\001\frame_0011.jpg,
VID_6_001_C02,VID_6,VID_6.mp4,1,VID_6_001,2,8,custom_dataset\processed\VID_6\001\frame_0008.jpg;custom_dataset\processed\VID_6\001\frame_0009.jpg;custom_dataset\processed\VID_6\001\frame_0010.jpg;custom_dataset\processed\VID_6\001\frame_0011.jpg;custom_dataset\processed\VID_6\001\frame_0012.jpg;custom_dataset\processed\VID_6\001\frame_0013.jpg;custom_dataset\processed\VID_6\001\frame_0014.jpg;custom_dataset\processed\VID_6\001\frame_0015.jpg,
VID_6_001_C03,VID_6,VID_6.mp4,1,VID_6_001,3,8,custom_dataset\processed\VID_6\001\frame_0012.jpg;custom_dataset\processed\VID_6\001\frame_0013.jpg;custom_dataset\processed\VID_6\001\frame_0014.jpg;custom_dataset\processed\VID_6\001\frame_0015.jpg;custom_dataset\processed\VID_6\001\frame_0016.jpg;custom_dataset\processed\VID_6\001\frame_0017.jpg;custom_dataset\processed\VID_6\001\frame_0018.jpg;custom_dataset\processed\VID_6\001\frame_0019.jpg,
VID_6_001_C04,VID_6,VID_6.mp4,1,VID_6_001,4,8,custom_dataset\processed\VID_6\001\frame_0016.jpg;custom_dataset\processed\VID_6\001\frame_0017.jpg;custom_dataset\processed\VID_6\001\frame_0018.jpg;custom_dataset\processed\VID_6\001\frame_0019.jpg;custom_dataset\processed\VID_6\001\frame_0020.jpg;custom_dataset\processed\VID_6\001\frame_0021.jpg;custom_dataset\processed\VID_6\001\frame_0022.jpg;custom_dataset\processed\VID_6\001\frame_0023.jpg,
VID_6_001_C05,VID_6,VID_6.mp4,1,VID_6_001,5,8,custom_dataset\processed\VID_6\001\frame_0020.jpg;custom_dataset\processed\VID_6\001\frame_0021.jpg;custom_dataset\processed\VID_6\001\frame_0022.jpg;custom_dataset\processed\VID_6\001\frame_0023.jpg;custom_dataset\processed\VID_6\001\frame_0024.jpg;custom_dataset\processed\VID_6\001\frame_0025.jpg;custom_dataset\processed\VID_6\001\frame_0026.jpg;custom_dataset\processed\VID_6\001\frame_0027.jpg,
VID_6_001_C06,VID_6,VID_6.mp4,1,VID_6_001,6,8,custom_dataset\processed\VID_6\001\frame_0024.jpg;custom_dataset\processed\VID_6\001\frame_0025.jpg;custom_dataset\processed\VID_6\001\frame_0026.jpg;custom_dataset\processed\VID_6\001\frame_0027.jpg;custom_dataset\processed\VID_6\001\frame_0028.jpg;custom_dataset\processed\VID_6\001\frame_0029.jpg;custom_dataset\processed\VID_6\001\frame_0030.jpg;custom_dataset\processed\VID_6\001\frame_0031.jpg,
VID_6_001_C07,VID_6,VID_6.mp4,1,VID_6_001,7,8,custom_dataset\processed\VID_6\001\frame_0028.jpg;custom_dataset\processed\VID_6\001\frame_0029.jpg;custom_dataset\processed\VID_6\001\frame_0030.jpg;custom_dataset\processed\VID_6\001\frame_0031.jpg;custom_dataset\processed\VID_6\001\frame_0032.jpg;custom_dataset\processed\VID_6\001\frame_0033.jpg;custom_dataset\processed\VID_6\001\frame_0034.jpg;custom_dataset\processed\VID_6\001\frame_0035.jpg,
VID_6_001_C08,VID_6,VID_6.mp4,1,VID_6_001,8,8,custom_dataset\processed\VID_6\001\frame_0032.jpg;custom_dataset\processed\VID_6\001\frame_0033.jpg;custom_dataset\processed\VID_6\001\frame_0034.jpg;custom_dataset\processed\VID_6\001\frame_0035.jpg;custom_dataset\processed\VID_6\001\frame_0036.jpg;custom_dataset\processed\VID_6\001\frame_0037.jpg;custom_dataset\processed\VID_6\001\frame_0038.jpg;custom_dataset\processed\VID_6\001\frame_0039.jpg,
VID_6_001_C09,VID_6,VID_6.mp4,1,VID_6_001,9,8,custom_dataset\processed\VID_6\001\frame_0036.jpg;custom_dataset\processed\VID_6\001\frame_0037.jpg;custom_dataset\processed\VID_6\001\frame_0038.jpg;custom_dataset\processed\VID_6\001\frame_0039.jpg;custom_dataset\processed\VID_6\001\frame_0040.jpg;custom_dataset\processed\VID_6\001\frame_0041.jpg;custom_dataset\processed\VID_6\001\frame_0042.jpg;custom_dataset\processed\VID_6\001\frame_0043.jpg,
VID_6_002_C00,VID_6,VID_6.mp4,2,VID_6_002,0,8,custom_dataset\processed\VID_6\002\frame_0000.jpg;custom_dataset\processed\VID_6\002\frame_0001.jpg;custom_dataset\processed\VID_6\002\frame_0002.jpg;custom_dataset\processed\VID_6\002\frame_0003.jpg;custom_dataset\processed\VID_6\002\frame_0004.jpg;custom_dataset\processed\VID_6\002\frame_0005.jpg;custom_dataset\processed\VID_6\002\frame_0006.jpg;custom_dataset\processed\VID_6\002\frame_0007.jpg,
VID_6_002_C01,VID_6,VID_6.mp4,2,VID_6_002,1,8,custom_dataset\processed\VID_6\002\frame_0004.jpg;custom_dataset\processed\VID_6\002\frame_0005.jpg;custom_dataset\processed\VID_6\002\frame_0006.jpg;custom_dataset\processed\VID_6\002\frame_0007.jpg;custom_dataset\processed\VID_6\002\frame_0008.jpg;custom_dataset\processed\VID_6\002\frame_0009.jpg;custom_dataset\processed\VID_6\002\frame_0010.jpg;custom_dataset\processed\VID_6\002\frame_0011.jpg,
VID_6_002_C02,VID_6,VID_6.mp4,2,VID_6_002,2,8,custom_dataset\processed\VID_6\002\frame_0008.jpg;custom_dataset\processed\VID_6\002\frame_0009.jpg;custom_dataset\processed\VID_6\002\frame_0010.jpg;custom_dataset\processed\VID_6\002\frame_0011.jpg;custom_dataset\processed\VID_6\002\frame_0012.jpg;custom_dataset\processed\VID_6\002\frame_0013.jpg;custom_dataset\processed\VID_6\002\frame_0014.jpg;custom_dataset\processed\VID_6\002\frame_0015.jpg,
VID_6_002_C03,VID_6,VID_6.mp4,2,VID_6_002,3,8,custom_dataset\processed\VID_6\002\frame_0012.jpg;custom_dataset\processed\VID_6\002\frame_0013.jpg;custom_dataset\processed\VID_6\002\frame_0014.jpg;custom_dataset\processed\VID_6\002\frame_0015.jpg;custom_dataset\processed\VID_6\002\frame_0016.jpg;custom_dataset\processed\VID_6\002\frame_0017.jpg;custom_dataset\processed\VID_6\002\frame_0018.jpg;custom_dataset\processed\VID_6\002\frame_0019.jpg,
VID_6_002_C04,VID_6,VID_6.mp4,2,VID_6_002,4,8,custom_dataset\processed\VID_6\002\frame_0016.jpg;custom_dataset\processed\VID_6\002\frame_0017.jpg;custom_dataset\processed\VID_6\002\frame_0018.jpg;custom_dataset\processed\VID_6\002\frame_0019.jpg;custom_dataset\processed\VID_6\002\frame_0020.jpg;custom_dataset\processed\VID_6\002\frame_0021.jpg;custom_dataset\processed\VID_6\002\frame_0022.jpg;custom_dataset\processed\VID_6\002\frame_0023.jpg,
VID_6_002_C05,VID_6,VID_6.mp4,2,VID_6_002,5,8,custom_dataset\processed\VID_6\002\frame_0020.jpg;custom_dataset\processed\VID_6\002\frame_0021.jpg;custom_dataset\processed\VID_6\002\frame_0022.jpg;custom_dataset\processed\VID_6\002\frame_0023.jpg;custom_dataset\processed\VID_6\002\frame_0024.jpg;custom_dataset\processed\VID_6\002\frame_0025.jpg;custom_dataset\processed\VID_6\002\frame_0026.jpg;custom_dataset\processed\VID_6\002\frame_0027.jpg,
VID_6_002_C06,VID_6,VID_6.mp4,2,VID_6_002,6,8,custom_dataset\processed\VID_6\002\frame_0024.jpg;custom_dataset\processed\VID_6\002\frame_0025.jpg;custom_dataset\processed\VID_6\002\frame_0026.jpg;custom_dataset\processed\VID_6\002\frame_0027.jpg;custom_dataset\processed\VID_6\002\frame_0028.jpg;custom_dataset\processed\VID_6\002\frame_0029.jpg;custom_dataset\processed\VID_6\002\frame_0030.jpg;custom_dataset\processed\VID_6\002\frame_0031.jpg,
VID_6_002_C07,VID_6,VID_6.mp4,2,VID_6_002,7,8,custom_dataset\processed\VID_6\002\frame_0028.jpg;custom_dataset\processed\VID_6\002\frame_0029.jpg;custom_dataset\processed\VID_6\002\frame_0030.jpg;custom_dataset\processed\VID_6\002\frame_0031.jpg;custom_dataset\processed\VID_6\002\frame_0032.jpg;custom_dataset\processed\VID_6\002\frame_0033.jpg;custom_dataset\processed\VID_6\002\frame_0034.jpg;custom_dataset\processed\VID_6\002\frame_0035.jpg,
VID_6_002_C08,VID_6,VID_6.mp4,2,VID_6_002,8,8,custom_dataset\processed\VID_6\002\frame_0032.jpg;custom_dataset\processed\VID_6\002\frame_0033.jpg;custom_dataset\processed\VID_6\002\frame_0034.jpg;custom_dataset\processed\VID_6\002\frame_0035.jpg;custom_dataset\processed\VID_6\002\frame_0036.jpg;custom_dataset\processed\VID_6\002\frame_0037.jpg;custom_dataset\processed\VID_6\002\frame_0038.jpg;custom_dataset\processed\VID_6\002\frame_0039.jpg,
VID_6_002_C09,VID_6,VID_6.mp4,2,VID_6_002,9,8,custom_dataset\processed\VID_6\002\frame_0036.jpg;custom_dataset\processed\VID_6\002\frame_0037.jpg;custom_dataset\processed\VID_6\002\frame_0038.jpg;custom_dataset\processed\VID_6\002\frame_0039.jpg;custom_dataset\processed\VID_6\002\frame_0040.jpg;custom_dataset\processed\VID_6\002\frame_0041.jpg;custom_dataset\processed\VID_6\002\frame_0042.jpg;custom_dataset\processed\VID_6\002\frame_0043.jpg,
VID_6_003_C00,VID_6,VID_6.mp4,3,VID_6_003,0,8,custom_dataset\processed\VID_6\003\frame_0000.jpg;custom_dataset\processed\VID_6\003\frame_0001.jpg;custom_dataset\processed\VID_6\003\frame_0002.jpg;custom_dataset\processed\VID_6\003\frame_0003.jpg;custom_dataset\processed\VID_6\003\frame_0004.jpg;custom_dataset\processed\VID_6\003\frame_0005.jpg;custom_dataset\processed\VID_6\003\frame_0006.jpg;custom_dataset\processed\VID_6\003\frame_0007.jpg,
VID_6_003_C01,VID_6,VID_6.mp4,3,VID_6_003,1,8,custom_dataset\processed\VID_6\003\frame_0004.jpg;custom_dataset\processed\VID_6\003\frame_0005.jpg;custom_dataset\processed\VID_6\003\frame_0006.jpg;custom_dataset\processed\VID_6\003\frame_0007.jpg;custom_dataset\processed\VID_6\003\frame_0008.jpg;custom_dataset\processed\VID_6\003\frame_0009.jpg;custom_dataset\processed\VID_6\003\frame_0010.jpg;custom_dataset\processed\VID_6\003\frame_0011.jpg,
VID_6_003_C02,VID_6,VID_6.mp4,3,VID_6_003,2,8,custom_dataset\processed\VID_6\003\frame_0008.jpg;custom_dataset\processed\VID_6\003\frame_0009.jpg;custom_dataset\processed\VID_6\003\frame_0010.jpg;custom_dataset\processed\VID_6\003\frame_0011.jpg;custom_dataset\processed\VID_6\003\frame_0012.jpg;custom_dataset\processed\VID_6\003\frame_0013.jpg;custom_dataset\processed\VID_6\003\frame_0014.jpg;custom_dataset\processed\VID_6\003\frame_0015.jpg,
VID_6_003_C03,VID_6,VID_6.mp4,3,VID_6_003,3,8,custom_dataset\processed\VID_6\003\frame_0012.jpg;custom_dataset\processed\VID_6\003\frame_0013.jpg;custom_dataset\processed\VID_6\003\frame_0014.jpg;custom_dataset\processed\VID_6\003\frame_0015.jpg;custom_dataset\processed\VID_6\003\frame_0016.jpg;custom_dataset\processed\VID_6\003\frame_0017.jpg;custom_dataset\processed\VID_6\003\frame_0018.jpg;custom_dataset\processed\VID_6\003\frame_0019.jpg,
VID_6_003_C04,VID_6,VID_6.mp4,3,VID_6_003,4,8,custom_dataset\processed\VID_6\003\frame_0016.jpg;custom_dataset\processed\VID_6\003\frame_0017.jpg;custom_dataset\processed\VID_6\003\frame_0018.jpg;custom_dataset\processed\VID_6\003\frame_0019.jpg;custom_dataset\processed\VID_6\003\frame_0020.jpg;custom_dataset\processed\VID_6\003\frame_0021.jpg;custom_dataset\processed\VID_6\003\frame_0022.jpg;custom_dataset\processed\VID_6\003\frame_0023.jpg,
VID_6_004_C00,VID_6,VID_6.mp4,4,VID_6_004,0,8,custom_dataset\processed\VID_6\004\frame_0000.jpg;custom_dataset\processed\VID_6\004\frame_0001.jpg;custom_dataset\processed\VID_6\004\frame_0002.jpg;custom_dataset\processed\VID_6\004\frame_0003.jpg;custom_dataset\processed\VID_6\004\frame_0004.jpg;custom_dataset\processed\VID_6\004\frame_0005.jpg;custom_dataset\processed\VID_6\004\frame_0006.jpg;custom_dataset\processed\VID_6\004\frame_0007.jpg,
VID_6_004_C01,VID_6,VID_6.mp4,4,VID_6_004,1,8,custom_dataset\processed\VID_6\004\frame_0004.jpg;custom_dataset\processed\VID_6\004\frame_0005.jpg;custom_dataset\processed\VID_6\004\frame_0006.jpg;custom_dataset\processed\VID_6\004\frame_0007.jpg;custom_dataset\processed\VID_6\004\frame_0008.jpg;custom_dataset\processed\VID_6\004\frame_0009.jpg;custom_dataset\processed\VID_6\004\frame_0010.jpg;custom_dataset\processed\VID_6\004\frame_0011.jpg,
VID_6_004_C02,VID_6,VID_6.mp4,4,VID_6_004,2,8,custom_dataset\processed\VID_6\004\frame_0008.jpg;custom_dataset\processed\VID_6\004\frame_0009.jpg;custom_dataset\processed\VID_6\004\frame_0010.jpg;custom_dataset\processed\VID_6\004\frame_0011.jpg;custom_dataset\processed\VID_6\004\frame_0012.jpg;custom_dataset\processed\VID_6\004\frame_0013.jpg;custom_dataset\processed\VID_6\004\frame_0014.jpg;custom_dataset\processed\VID_6\004\frame_0015.jpg,
VID_6_005_C00,VID_6,VID_6.mp4,5,VID_6_005,0,8,custom_dataset\processed\VID_6\005\frame_0000.jpg;custom_dataset\processed\VID_6\005\frame_0001.jpg;custom_dataset\processed\VID_6\005\frame_0002.jpg;custom_dataset\processed\VID_6\005\frame_0003.jpg;custom_dataset\processed\VID_6\005\frame_0004.jpg;custom_dataset\processed\VID_6\005\frame_0005.jpg;custom_dataset\processed\VID_6\005\frame_0006.jpg;custom_dataset\processed\VID_6\005\frame_0007.jpg,
VID_6_005_C01,VID_6,VID_6.mp4,5,VID_6_005,1,8,custom_dataset\processed\VID_6\005\frame_0004.jpg;custom_dataset\processed\VID_6\005\frame_0005.jpg;custom_dataset\processed\VID_6\005\frame_0006.jpg;custom_dataset\processed\VID_6\005\frame_0007.jpg;custom_dataset\processed\VID_6\005\frame_0008.jpg;custom_dataset\processed\VID_6\005\frame_0009.jpg;custom_dataset\processed\VID_6\005\frame_0010.jpg;custom_dataset\processed\VID_6\005\frame_0011.jpg,
VID_6_005_C02,VID_6,VID_6.mp4,5,VID_6_005,2,8,custom_dataset\processed\VID_6\005\frame_0008.jpg;custom_dataset\processed\VID_6\005\frame_0009.jpg;custom_dataset\processed\VID_6\005\frame_0010.jpg;custom_dataset\processed\VID_6\005\frame_0011.jpg;custom_dataset\processed\VID_6\005\frame_0012.jpg;custom_dataset\processed\VID_6\005\frame_0013.jpg;custom_dataset\processed\VID_6\005\frame_0014.jpg;custom_dataset\processed\VID_6\005\frame_0015.jpg,
VID_6_005_C03,VID_6,VID_6.mp4,5,VID_6_005,3,8,custom_dataset\processed\VID_6\005\frame_0012.jpg;custom_dataset\processed\VID_6\005\frame_0013.jpg;custom_dataset\processed\VID_6\005\frame_0014.jpg;custom_dataset\processed\VID_6\005\frame_0015.jpg;custom_dataset\processed\VID_6\005\frame_0016.jpg;custom_dataset\processed\VID_6\005\frame_0017.jpg;custom_dataset\processed\VID_6\005\frame_0018.jpg;custom_dataset\processed\VID_6\005\frame_0019.jpg,
VID_6_005_C04,VID_6,VID_6.mp4,5,VID_6_005,4,8,custom_dataset\processed\VID_6\005\frame_0016.jpg;custom_dataset\processed\VID_6\005\frame_0017.jpg;custom_dataset\processed\VID_6\005\frame_0018.jpg;custom_dataset\processed\VID_6\005\frame_0019.jpg;custom_dataset\processed\VID_6\005\frame_0020.jpg;custom_dataset\processed\VID_6\005\frame_0021.jpg;custom_dataset\processed\VID_6\005\frame_0022.jpg;custom_dataset\processed\VID_6\005\frame_0023.jpg,
VID_6_005_C05,VID_6,VID_6.mp4,5,VID_6_005,5,8,custom_dataset\processed\VID_6\005\frame_0020.jpg;custom_dataset\processed\VID_6\005\frame_0021.jpg;custom_dataset\processed\VID_6\005\frame_0022.jpg;custom_dataset\processed\VID_6\005\frame_0023.jpg;custom_dataset\processed\VID_6\005\frame_0024.jpg;custom_dataset\processed\VID_6\005\frame_0025.jpg;custom_dataset\processed\VID_6\005\frame_0026.jpg;custom_dataset\processed\VID_6\005\frame_0027.jpg,
VID_6_005_C06,VID_6,VID_6.mp4,5,VID_6_005,6,8,custom_dataset\processed\VID_6\005\frame_0024.jpg;custom_dataset\processed\VID_6\005\frame_0025.jpg;custom_dataset\processed\VID_6\005\frame_0026.jpg;custom_dataset\processed\VID_6\005\frame_0027.jpg;custom_dataset\processed\VID_6\005\frame_0028.jpg;custom_dataset\processed\VID_6\005\frame_0029.jpg;custom_dataset\processed\VID_6\005\frame_0030.jpg;custom_dataset\processed\VID_6\005\frame_0031.jpg,
VID_6_005_C07,VID_6,VID_6.mp4,5,VID_6_005,7,8,custom_dataset\processed\VID_6\005\frame_0028.jpg;custom_dataset\processed\VID_6\005\frame_0029.jpg;custom_dataset\processed\VID_6\005\frame_0030.jpg;custom_dataset\processed\VID_6\005\frame_0031.jpg;custom_dataset\processed\VID_6\005\frame_0032.jpg;custom_dataset\processed\VID_6\005\frame_0033.jpg;custom_dataset\processed\VID_6\005\frame_0034.jpg;custom_dataset\processed\VID_6\005\frame_0035.jpg,
VID_6_005_C08,VID_6,VID_6.mp4,5,VID_6_005,8,8,custom_dataset\processed\VID_6\005\frame_0032.jpg;custom_dataset\processed\VID_6\005\frame_0033.jpg;custom_dataset\processed\VID_6\005\frame_0034.jpg;custom_dataset\processed\VID_6\005\frame_0035.jpg;custom_dataset\processed\VID_6\005\frame_0036.jpg;custom_dataset\processed\VID_6\005\frame_0037.jpg;custom_dataset\processed\VID_6\005\frame_0038.jpg;custom_dataset\processed\VID_6\005\frame_0039.jpg,
VID_6_005_C09,VID_6,VID_6.mp4,5,VID_6_005,9,8,custom_dataset\processed\VID_6\005\frame_0036.jpg;custom_dataset\processed\VID_6\005\frame_0037.jpg;custom_dataset\processed\VID_6\005\frame_0038.jpg;custom_dataset\processed\VID_6\005\frame_0039.jpg;custom_dataset\processed\VID_6\005\frame_0040.jpg;custom_dataset\processed\VID_6\005\frame_0041.jpg;custom_dataset\processed\VID_6\005\frame_0042.jpg;custom_dataset\processed\VID_6\005\frame_0043.jpg,
VID_6_006_C00,VID_6,VID_6.mp4,6,VID_6_006,0,8,custom_dataset\processed\VID_6\006\frame_0000.jpg;custom_dataset\processed\VID_6\006\frame_0000.jpg;custom_dataset\processed\VID_6\006\frame_0001.jpg;custom_dataset\processed\VID_6\006\frame_0002.jpg;custom_dataset\processed\VID_6\006\frame_0003.jpg;custom_dataset\processed\VID_6\006\frame_0004.jpg;custom_dataset\processed\VID_6\006\frame_0005.jpg;custom_dataset\processed\VID_6\006\frame_0006.jpg,
VID_6_006_C01,VID_6,VID_6.mp4,6,VID_6_006,1,8,custom_dataset\processed\VID_6\006\frame_0003.jpg;custom_dataset\processed\VID_6\006\frame_0004.jpg;custom_dataset\processed\VID_6\006\frame_0005.jpg;custom_dataset\processed\VID_6\006\frame_0006.jpg;custom_dataset\processed\VID_6\006\frame_0007.jpg;custom_dataset\processed\VID_6\006\frame_0008.jpg;custom_dataset\processed\VID_6\006\frame_0009.jpg;custom_dataset\processed\VID_6\006\frame_0010.jpg,
VID_6_006_C02,VID_6,VID_6.mp4,6,VID_6_006,2,8,custom_dataset\processed\VID_6\006\frame_0007.jpg;custom_dataset\processed\VID_6\006\frame_0008.jpg;custom_dataset\processed\VID_6\006\frame_0009.jpg;custom_dataset\processed\VID_6\006\frame_0010.jpg;custom_dataset\processed\VID_6\006\frame_0011.jpg;custom_dataset\processed\VID_6\006\frame_0012.jpg;custom_dataset\processed\VID_6\006\frame_0013.jpg;custom_dataset\processed\VID_6\006\frame_0014.jpg,
VID_6_006_C03,VID_6,VID_6.mp4,6,VID_6_006,3,8,custom_dataset\processed\VID_6\006\frame_0011.jpg;custom_dataset\processed\VID_6\006\frame_0012.jpg;custom_dataset\processed\VID_6\006\frame_0013.jpg;custom_dataset\processed\VID_6\006\frame_0014.jpg;custom_dataset\processed\VID_6\006\frame_0015.jpg;custom_dataset\processed\VID_6\006\frame_0016.jpg;custom_dataset\processed\VID_6\006\frame_0017.jpg;custom_dataset\processed\VID_6\006\frame_0018.jpg,
VID_6_006_C04,VID_6,VID_6.mp4,6,VID_6_006,4,8,custom_dataset\processed\VID_6\006\frame_0015.jpg;custom_dataset\processed\VID_6\006\frame_0016.jpg;custom_dataset\processed\VID_6\006\frame_0017.jpg;custom_dataset\processed\VID_6\006\frame_0018.jpg;custom_dataset\processed\VID_6\006\frame_0019.jpg;custom_dataset\processed\VID_6\006\frame_0020.jpg;custom_dataset\processed\VID_6\006\frame_0021.jpg;custom_dataset\processed\VID_6\006\frame_0022.jpg,
VID_6_006_C05,VID_6,VID_6.mp4,6,VID_6_006,5,8,custom_dataset\processed\VID_6\006\frame_0019.jpg;custom_dataset\processed\VID_6\006\frame_0020.jpg;custom_dataset\processed\VID_6\006\frame_0021.jpg;custom_dataset\processed\VID_6\006\frame_0022.jpg;custom_dataset\processed\VID_6\006\frame_0023.jpg;custom_dataset\processed\VID_6\006\frame_0024.jpg;custom_dataset\processed\VID_6\006\frame_0025.jpg;custom_dataset\processed\VID_6\006\frame_0026.jpg,
VID_6_006_C06,VID_6,VID_6.mp4,6,VID_6_006,6,8,custom_dataset\processed\VID_6\006\frame_0023.jpg;custom_dataset\processed\VID_6\006\frame_0024.jpg;custom_dataset\processed\VID_6\006\frame_0025.jpg;custom_dataset\processed\VID_6\006\frame_0026.jpg;custom_dataset\processed\VID_6\006\frame_0027.jpg;custom_dataset\processed\VID_6\006\frame_0028.jpg;custom_dataset\processed\VID_6\006\frame_0029.jpg;custom_dataset\processed\VID_6\006\frame_0030.jpg,
VID_6_006_C07,VID_6,VID_6.mp4,6,VID_6_006,7,8,custom_dataset\processed\VID_6\006\frame_0027.jpg;custom_dataset\processed\VID_6\006\frame_0028.jpg;custom_dataset\processed\VID_6\006\frame_0029.jpg;custom_dataset\processed\VID_6\006\frame_0030.jpg;custom_dataset\processed\VID_6\006\frame_0031.jpg;custom_dataset\processed\VID_6\006\frame_0032.jpg;custom_dataset\processed\VID_6\006\frame_0033.jpg;custom_dataset\processed\VID_6\006\frame_0034.jpg,
VID_6_006_C08,VID_6,VID_6.mp4,6,VID_6_006,8,8,custom_dataset\processed\VID_6\006\frame_0031.jpg;custom_dataset\processed\VID_6\006\frame_0032.jpg;custom_dataset\processed\VID_6\006\frame_0033.jpg;custom_dataset\processed\VID_6\006\frame_0034.jpg;custom_dataset\processed\VID_6\006\frame_0035.jpg;custom_dataset\processed\VID_6\006\frame_0036.jpg;custom_dataset\processed\VID_6\006\frame_0037.jpg;custom_dataset\processed\VID_6\006\frame_0038.jpg,
VID_6_006_C09,VID_6,VID_6.mp4,6,VID_6_006,9,8,custom_dataset\processed\VID_6\006\frame_0035.jpg;custom_dataset\processed\VID_6\006\frame_0036.jpg;custom_dataset\processed\VID_6\006\frame_0037.jpg;custom_dataset\processed\VID_6\006\frame_0038.jpg;custom_dataset\processed\VID_6\006\frame_0039.jpg;custom_dataset\processed\VID_6\006\frame_0040.jpg;custom_dataset\processed\VID_6\006\frame_0041.jpg;custom_dataset\processed\VID_6\006\frame_0042.jpg,
VID_6_007_C00,VID_6,VID_6.mp4,7,VID_6_007,0,8,custom_dataset\processed\VID_6\007\frame_0000.jpg;custom_dataset\processed\VID_6\007\frame_0001.jpg;custom_dataset\processed\VID_6\007\frame_0002.jpg;custom_dataset\processed\VID_6\007\frame_0003.jpg;custom_dataset\processed\VID_6\007\frame_0005.jpg;custom_dataset\processed\VID_6\007\frame_0007.jpg;custom_dataset\processed\VID_6\007\frame_0008.jpg;custom_dataset\processed\VID_6\007\frame_0010.jpg,
VID_6_007_C01,VID_6,VID_6.mp4,7,VID_6_007,1,8,custom_dataset\processed\VID_6\007\frame_0005.jpg;custom_dataset\processed\VID_6\007\frame_0007.jpg;custom_dataset\processed\VID_6\007\frame_0008.jpg;custom_dataset\processed\VID_6\007\frame_0010.jpg;custom_dataset\processed\VID_6\007\frame_0014.jpg;custom_dataset\processed\VID_6\007\frame_0015.jpg;custom_dataset\processed\VID_6\007\frame_0016.jpg;custom_dataset\processed\VID_6\007\frame_0019.jpg,
VID_6_007_C02,VID_6,VID_6.mp4,7,VID_6_007,2,8,custom_dataset\processed\VID_6\007\frame_0014.jpg;custom_dataset\processed\VID_6\007\frame_0015.jpg;custom_dataset\processed\VID_6\007\frame_0016.jpg;custom_dataset\processed\VID_6\007\frame_0019.jpg;custom_dataset\processed\VID_6\007\frame_0020.jpg;custom_dataset\processed\VID_6\007\frame_0021.jpg;custom_dataset\processed\VID_6\007\frame_0022.jpg;custom_dataset\processed\VID_6\007\frame_0023.jpg,
VID_6_007_C03,VID_6,VID_6.mp4,7,VID_6_007,3,8,custom_dataset\processed\VID_6\007\frame_0020.jpg;custom_dataset\processed\VID_6\007\frame_0021.jpg;custom_dataset\processed\VID_6\007\frame_0022.jpg;custom_dataset\processed\VID_6\007\frame_0023.jpg;custom_dataset\processed\VID_6\007\frame_0024.jpg;custom_dataset\processed\VID_6\007\frame_0025.jpg;custom_dataset\processed\VID_6\007\frame_0026.jpg;custom_dataset\processed\VID_6\007\frame_0028.jpg,
VID_6_007_C04,VID_6,VID_6.mp4,7,VID_6_007,4,8,custom_dataset\processed\VID_6\007\frame_0024.jpg;custom_dataset\processed\VID_6\007\frame_0025.jpg;custom_dataset\processed\VID_6\007\frame_0026.jpg;custom_dataset\processed\VID_6\007\frame_0028.jpg;custom_dataset\processed\VID_6\007\frame_0029.jpg;custom_dataset\processed\VID_6\007\frame_0030.jpg;custom_dataset\processed\VID_6\007\frame_0031.jpg;custom_dataset\processed\VID_6\007\frame_0032.jpg,
VID_6_007_C05,VID_6,VID_6.mp4,7,VID_6_007,5,8,custom_dataset\processed\VID_6\007\frame_0029.jpg;custom_dataset\processed\VID_6\007\frame_0030.jpg;custom_dataset\processed\VID_6\007\frame_0031.jpg;custom_dataset\processed\VID_6\007\frame_0032.jpg;custom_dataset\processed\VID_6\007\frame_0033.jpg;custom_dataset\processed\VID_6\007\frame_0034.jpg;custom_dataset\processed\VID_6\007\frame_0035.jpg;custom_dataset\processed\VID_6\007\frame_0036.jpg,
VID_6_009_C00,VID_6,VID_6.mp4,9,VID_6_009,0,8,custom_dataset\processed\VID_6\009\frame_0000.jpg;custom_dataset\processed\VID_6\009\frame_0001.jpg;custom_dataset\processed\VID_6\009\frame_0002.jpg;custom_dataset\processed\VID_6\009\frame_0003.jpg;custom_dataset\processed\VID_6\009\frame_0004.jpg;custom_dataset\processed\VID_6\009\frame_0005.jpg;custom_dataset\processed\VID_6\009\frame_0006.jpg;custom_dataset\processed\VID_6\009\frame_0007.jpg,
VID_6_009_C01,VID_6,VID_6.mp4,9,VID_6_009,1,8,custom_dataset\processed\VID_6\009\frame_0004.jpg;custom_dataset\processed\VID_6\009\frame_0005.jpg;custom_dataset\processed\VID_6\009\frame_0006.jpg;custom_dataset\processed\VID_6\009\frame_0007.jpg;custom_dataset\processed\VID_6\009\frame_0008.jpg;custom_dataset\processed\VID_6\009\frame_0009.jpg;custom_dataset\processed\VID_6\009\frame_0010.jpg;custom_dataset\processed\VID_6\009\frame_0011.jpg,
VID_6_009_C02,VID_6,VID_6.mp4,9,VID_6_009,2,8,custom_dataset\processed\VID_6\009\frame_0008.jpg;custom_dataset\processed\VID_6\009\frame_0009.jpg;custom_dataset\processed\VID_6\009\frame_0010.jpg;custom_dataset\processed\VID_6\009\frame_0011.jpg;custom_dataset\processed\VID_6\009\frame_0012.jpg;custom_dataset\processed\VID_6\009\frame_0013.jpg;custom_dataset\processed\VID_6\009\frame_0014.jpg;custom_dataset\processed\VID_6\009\frame_0015.jpg,
VID_6_009_C03,VID_6,VID_6.mp4,9,VID_6_009,3,8,custom_dataset\processed\VID_6\009\frame_0012.jpg;custom_dataset\processed\VID_6\009\frame_0013.jpg;custom_dataset\processed\VID_6\009\frame_0014.jpg;custom_dataset\processed\VID_6\009\frame_0015.jpg;custom_dataset\processed\VID_6\009\frame_0016.jpg;custom_dataset\processed\VID_6\009\frame_0017.jpg;custom_dataset\processed\VID_6\009\frame_0018.jpg;custom_dataset\processed\VID_6\009\frame_0019.jpg,
VID_6_009_C04,VID_6,VID_6.mp4,9,VID_6_009,4,8,custom_dataset\processed\VID_6\009\frame_0016.jpg;custom_dataset\processed\VID_6\009\frame_0017.jpg;custom_dataset\processed\VID_6\009\frame_0018.jpg;custom_dataset\processed\VID_6\009\frame_0019.jpg;custom_dataset\processed\VID_6\009\frame_0020.jpg;custom_dataset\processed\VID_6\009\frame_0021.jpg;custom_dataset\processed\VID_6\009\frame_0022.jpg;custom_dataset\processed\VID_6\009\frame_0023.jpg,
VID_6_009_C05,VID_6,VID_6.mp4,9,VID_6_009,5,8,custom_dataset\processed\VID_6\009\frame_0020.jpg;custom_dataset\processed\VID_6\009\frame_0021.jpg;custom_dataset\processed\VID_6\009\frame_0022.jpg;custom_dataset\processed\VID_6\009\frame_0023.jpg;custom_dataset\processed\VID_6\009\frame_0024.jpg;custom_dataset\processed\VID_6\009\frame_0025.jpg;custom_dataset\processed\VID_6\009\frame_0026.jpg;custom_dataset\processed\VID_6\009\frame_0027.jpg,
VID_6_009_C06,VID_6,VID_6.mp4,9,VID_6_009,6,8,custom_dataset\processed\VID_6\009\frame_0024.jpg;custom_dataset\processed\VID_6\009\frame_0025.jpg;custom_dataset\processed\VID_6\009\frame_0026.jpg;custom_dataset\processed\VID_6\009\frame_0027.jpg;custom_dataset\processed\VID_6\009\frame_0028.jpg;custom_dataset\processed\VID_6\009\frame_0029.jpg;custom_dataset\processed\VID_6\009\frame_0030.jpg;custom_dataset\processed\VID_6\009\frame_0031.jpg,
VID_6_009_C07,VID_6,VID_6.mp4,9,VID_6_009,7,8,custom_dataset\processed\VID_6\009\frame_0028.jpg;custom_dataset\processed\VID_6\009\frame_0029.jpg;custom_dataset\processed\VID_6\009\frame_0030.jpg;custom_dataset\processed\VID_6\009\frame_0031.jpg;custom_dataset\processed\VID_6\009\frame_0032.jpg;custom_dataset\processed\VID_6\009\frame_0033.jpg;custom_dataset\processed\VID_6\009\frame_0034.jpg;custom_dataset\processed\VID_6\009\frame_0035.jpg,
VID_6_009_C08,VID_6,VID_6.mp4,9,VID_6_009,8,8,custom_dataset\processed\VID_6\009\frame_0032.jpg;custom_dataset\processed\VID_6\009\frame_0033.jpg;custom_dataset\processed\VID_6\009\frame_0034.jpg;custom_dataset\processed\VID_6\009\frame_0035.jpg;custom_dataset\processed\VID_6\009\frame_0036.jpg;custom_dataset\processed\VID_6\009\frame_0037.jpg;custom_dataset\processed\VID_6\009\frame_0038.jpg;custom_dataset\processed\VID_6\009\frame_0039.jpg,
VID_6_009_C09,VID_6,VID_6.mp4,9,VID_6_009,9,8,custom_dataset\processed\VID_6\009\frame_0036.jpg;custom_dataset\processed\VID_6\009\frame_0037.jpg;custom_dataset\processed\VID_6\009\frame_0038.jpg;custom_dataset\processed\VID_6\009\frame_0039.jpg;custom_dataset\processed\VID_6\009\frame_0040.jpg;custom_dataset\processed\VID_6\009\frame_0041.jpg;custom_dataset\processed\VID_6\009\frame_0042.jpg;custom_dataset\processed\VID_6\009\frame_0043.jpg,
VID_6_010_C00,VID_6,VID_6.mp4,10,VID_6_010,0,8,custom_dataset\processed\VID_6\010\frame_0000.jpg;custom_dataset\processed\VID_6\010\frame_0001.jpg;custom_dataset\processed\VID_6\010\frame_0002.jpg;custom_dataset\processed\VID_6\010\frame_0003.jpg;custom_dataset\processed\VID_6\010\frame_0004.jpg;custom_dataset\processed\VID_6\010\frame_0005.jpg;custom_dataset\processed\VID_6\010\frame_0006.jpg;custom_dataset\processed\VID_6\010\frame_0007.jpg,
VID_6_010_C01,VID_6,VID_6.mp4,10,VID_6_010,1,8,custom_dataset\processed\VID_6\010\frame_0004.jpg;custom_dataset\processed\VID_6\010\frame_0005.jpg;custom_dataset\processed\VID_6\010\frame_0006.jpg;custom_dataset\processed\VID_6\010\frame_0007.jpg;custom_dataset\processed\VID_6\010\frame_0008.jpg;custom_dataset\processed\VID_6\010\frame_0009.jpg;custom_dataset\processed\VID_6\010\frame_0010.jpg;custom_dataset\processed\VID_6\010\frame_0011.jpg,
VID_6_010_C02,VID_6,VID_6.mp4,10,VID_6_010,2,8,custom_dataset\processed\VID_6\010\frame_0008.jpg;custom_dataset\processed\VID_6\010\frame_0009.jpg;custom_dataset\processed\VID_6\010\frame_0010.jpg;custom_dataset\processed\VID_6\010\frame_0011.jpg;custom_dataset\processed\VID_6\010\frame_0012.jpg;custom_dataset\processed\VID_6\010\frame_0013.jpg;custom_dataset\processed\VID_6\010\frame_0017.jpg;custom_dataset\processed\VID_6\010\frame_0018.jpg,
VID_6_010_C03,VID_6,VID_6.mp4,10,VID_6_010,3,8,custom_dataset\processed\VID_6\010\frame_0012.jpg;custom_dataset\processed\VID_6\010\frame_0013.jpg;custom_dataset\processed\VID_6\010\frame_0017.jpg;custom_dataset\processed\VID_6\010\frame_0018.jpg;custom_dataset\processed\VID_6\010\frame_0019.jpg;custom_dataset\processed\VID_6\010\frame_0020.jpg;custom_dataset\processed\VID_6\010\frame_0021.jpg;custom_dataset\processed\VID_6\010\frame_0022.jpg,
VID_6_010_C04,VID_6,VID_6.mp4,10,VID_6_010,4,8,custom_dataset\processed\VID_6\010\frame_0019.jpg;custom_dataset\processed\VID_6\010\frame_0020.jpg;custom_dataset\processed\VID_6\010\frame_0021.jpg;custom_dataset\processed\VID_6\010\frame_0022.jpg;custom_dataset\processed\VID_6\010\frame_0023.jpg;custom_dataset\processed\VID_6\010\frame_0024.jpg;custom_dataset\processed\VID_6\010\frame_0025.jpg;custom_dataset\processed\VID_6\010\frame_0028.jpg,
VID_6_010_C05,VID_6,VID_6.mp4,10,VID_6_010,5,8,custom_dataset\processed\VID_6\010\frame_0023.jpg;custom_dataset\processed\VID_6\010\frame_0024.jpg;custom_dataset\processed\VID_6\010\frame_0025.jpg;custom_dataset\processed\VID_6\010\frame_0028.jpg;custom_dataset\processed\VID_6\010\frame_0029.jpg;custom_dataset\processed\VID_6\010\frame_0030.jpg;custom_dataset\processed\VID_6\010\frame_0031.jpg;custom_dataset\processed\VID_6\010\frame_0032.jpg,
VID_6_010_C06,VID_6,VID_6.mp4,10,VID_6_010,6,8,custom_dataset\processed\VID_6\010\frame_0029.jpg;custom_dataset\processed\VID_6\010\frame_0030.jpg;custom_dataset\processed\VID_6\010\frame_0031.jpg;custom_dataset\processed\VID_6\010\frame_0032.jpg;custom_dataset\processed\VID_6\010\frame_0033.jpg;custom_dataset\processed\VID_6\010\frame_0034.jpg;custom_dataset\processed\VID_6\010\frame_0035.jpg;custom_dataset\processed\VID_6\010\frame_0036.jpg,
VID_6_010_C07,VID_6,VID_6.mp4,10,VID_6_010,7,8,custom_dataset\processed\VID_6\010\frame_0033.jpg;custom_dataset\processed\VID_6\010\frame_0034.jpg;custom_dataset\processed\VID_6\010\frame_0035.jpg;custom_dataset\processed\VID_6\010\frame_0036.jpg;custom_dataset\processed\VID_6\010\frame_0037.jpg;custom_dataset\processed\VID_6\010\frame_0038.jpg;custom_dataset\processed\VID_6\010\frame_0039.jpg;custom_dataset\processed\VID_6\010\frame_0040.jpg,
VID_6_010_C08,VID_6,VID_6.mp4,10,VID_6_010,8,8,custom_dataset\processed\VID_6\010\frame_0037.jpg;custom_dataset\processed\VID_6\010\frame_0038.jpg;custom_dataset\processed\VID_6\010\frame_0039.jpg;custom_dataset\processed\VID_6\010\frame_0040.jpg;custom_dataset\processed\VID_6\010\frame_0041.jpg;custom_dataset\processed\VID_6\010\frame_0042.jpg;custom_dataset\processed\VID_6\010\frame_0043.jpg;custom_dataset\processed\VID_6\010\frame_0044.jpg,
VID_6_016_C00,VID_6,VID_6.mp4,16,VID_6_016,0,8,custom_dataset\processed\VID_6\016\frame_0014.jpg;custom_dataset\processed\VID_6\016\frame_0017.jpg;custom_dataset\processed\VID_6\016\frame_0018.jpg;custom_dataset\processed\VID_6\016\frame_0019.jpg;custom_dataset\processed\VID_6\016\frame_0020.jpg;custom_dataset\processed\VID_6\016\frame_0021.jpg;custom_dataset\processed\VID_6\016\frame_0022.jpg;custom_dataset\processed\VID_6\016\frame_0023.jpg,
VID_6_016_C01,VID_6,VID_6.mp4,16,VID_6_016,1,8,custom_dataset\processed\VID_6\016\frame_0020.jpg;custom_dataset\processed\VID_6\016\frame_0021.jpg;custom_dataset\processed\VID_6\016\frame_0022.jpg;custom_dataset\processed\VID_6\016\frame_0023.jpg;custom_dataset\processed\VID_6\016\frame_0024.jpg;custom_dataset\processed\VID_6\016\frame_0025.jpg;custom_dataset\processed\VID_6\016\frame_0026.jpg;custom_dataset\processed\VID_6\016\frame_0027.jpg,
VID_6_016_C02,VID_6,VID_6.mp4,16,VID_6_016,2,8,custom_dataset\processed\VID_6\016\frame_0024.jpg;custom_dataset\processed\VID_6\016\frame_0025.jpg;custom_dataset\processed\VID_6\016\frame_0026.jpg;custom_dataset\processed\VID_6\016\frame_0027.jpg;custom_dataset\processed\VID_6\016\frame_0028.jpg;custom_dataset\processed\VID_6\016\frame_0029.jpg;custom_dataset\processed\VID_6\016\frame_0030.jpg;custom_dataset\processed\VID_6\016\frame_0031.jpg,
VID_6_016_C03,VID_6,VID_6.mp4,16,VID_6_016,3,8,custom_dataset\processed\VID_6\016\frame_0028.jpg;custom_dataset\processed\VID_6\016\frame_0029.jpg;custom_dataset\processed\VID_6\016\frame_0030.jpg;custom_dataset\processed\VID_6\016\frame_0031.jpg;custom_dataset\processed\VID_6\016\frame_0032.jpg;custom_dataset\processed\VID_6\016\frame_0033.jpg;custom_dataset\processed\VID_6\016\frame_0034.jpg;custom_dataset\processed\VID_6\016\frame_0035.jpg,
VID_6_016_C04,VID_6,VID_6.mp4,16,VID_6_016,4,8,custom_dataset\processed\VID_6\016\frame_0032.jpg;custom_dataset\processed\VID_6\016\frame_0033.jpg;custom_dataset\processed\VID_6\016\frame_0034.jpg;custom_dataset\processed\VID_6\016\frame_0035.jpg;custom_dataset\processed\VID_6\016\frame_0036.jpg;custom_dataset\processed\VID_6\016\frame_0037.jpg;custom_dataset\processed\VID_6\016\frame_0038.jpg;custom_dataset\processed\VID_6\016\frame_0039.jpg,
VID_6_016_C05,VID_6,VID_6.mp4,16,VID_6_016,5,8,custom_dataset\processed\VID_6\016\frame_0036.jpg;custom_dataset\processed\VID_6\016\frame_0037.jpg;custom_dataset\processed\VID_6\016\frame_0038.jpg;custom_dataset\processed\VID_6\016\frame_0039.jpg;custom_dataset\processed\VID_6\016\frame_0040.jpg;custom_dataset\processed\VID_6\016\frame_0041.jpg;custom_dataset\processed\VID_6\016\frame_0042.jpg;custom_dataset\processed\VID_6\016\frame_0043.jpg,
VID_6_019_C00,VID_6,VID_6.mp4,19,VID_6_019,0,8,custom_dataset\processed\VID_6\019\frame_0019.jpg;custom_dataset\processed\VID_6\019\frame_0020.jpg;custom_dataset\processed\VID_6\019\frame_0023.jpg;custom_dataset\processed\VID_6\019\frame_0024.jpg;custom_dataset\processed\VID_6\019\frame_0025.jpg;custom_dataset\processed\VID_6\019\frame_0026.jpg;custom_dataset\processed\VID_6\019\frame_0027.jpg;custom_dataset\processed\VID_6\019\frame_0028.jpg,
VID_6_019_C01,VID_6,VID_6.mp4,19,VID_6_019,1,8,custom_dataset\processed\VID_6\019\frame_0025.jpg;custom_dataset\processed\VID_6\019\frame_0026.jpg;custom_dataset\processed\VID_6\019\frame_0027.jpg;custom_dataset\processed\VID_6\019\frame_0028.jpg;custom_dataset\processed\VID_6\019\frame_0029.jpg;custom_dataset\processed\VID_6\019\frame_0030.jpg;custom_dataset\processed\VID_6\019\frame_0031.jpg;custom_dataset\processed\VID_6\019\frame_0032.jpg,
VID_6_019_C02,VID_6,VID_6.mp4,19,VID_6_019,2,8,custom_dataset\processed\VID_6\019\frame_0029.jpg;custom_dataset\processed\VID_6\019\frame_0030.jpg;custom_dataset\processed\VID_6\019\frame_0031.jpg;custom_dataset\processed\VID_6\019\frame_0032.jpg;custom_dataset\processed\VID_6\019\frame_0033.jpg;custom_dataset\processed\VID_6\019\frame_0034.jpg;custom_dataset\processed\VID_6\019\frame_0035.jpg;custom_dataset\processed\VID_6\019\frame_0036.jpg,
VID_6_019_C03,VID_6,VID_6.mp4,19,VID_6_019,3,8,custom_dataset\processed\VID_6\019\frame_0033.jpg;custom_dataset\processed\VID_6\019\frame_0034.jpg;custom_dataset\processed\VID_6\019\frame_0035.jpg;custom_dataset\processed\VID_6\019\frame_0036.jpg;custom_dataset\processed\VID_6\019\frame_0037.jpg;custom_dataset\processed\VID_6\019\frame_0038.jpg;custom_dataset\processed\VID_6\019\frame_0039.jpg;custom_dataset\processed\VID_6\019\frame_0040.jpg,
VID_6_019_C04,VID_6,VID_6.mp4,19,VID_6_019,4,8,custom_dataset\processed\VID_6\019\frame_0037.jpg;custom_dataset\processed\VID_6\019\frame_0038.jpg;custom_dataset\processed\VID_6\019\frame_0039.jpg;custom_dataset\processed\VID_6\019\frame_0040.jpg;custom_dataset\processed\VID_6\019\frame_0041.jpg;custom_dataset\processed\VID_6\019\frame_0042.jpg;custom_dataset\processed\VID_6\019\frame_0043.jpg;custom_dataset\processed\VID_6\019\frame_0044.jpg,
VID_7_001_C00,VID_7,VID_7.mp4,1,VID_7_001,0,8,custom_dataset\processed\VID_7\001\frame_0000.jpg;custom_dataset\processed\VID_7\001\frame_0001.jpg;custom_dataset\processed\VID_7\001\frame_0002.jpg;custom_dataset\processed\VID_7\001\frame_0003.jpg;custom_dataset\processed\VID_7\001\frame_0004.jpg;custom_dataset\processed\VID_7\001\frame_0005.jpg;custom_dataset\processed\VID_7\001\frame_0006.jpg;custom_dataset\processed\VID_7\001\frame_0007.jpg,
VID_7_001_C01,VID_7,VID_7.mp4,1,VID_7_001,1,8,custom_dataset\processed\VID_7\001\frame_0004.jpg;custom_dataset\processed\VID_7\001\frame_0005.jpg;custom_dataset\processed\VID_7\001\frame_0006.jpg;custom_dataset\processed\VID_7\001\frame_0007.jpg;custom_dataset\processed\VID_7\001\frame_0008.jpg;custom_dataset\processed\VID_7\001\frame_0009.jpg;custom_dataset\processed\VID_7\001\frame_0010.jpg;custom_dataset\processed\VID_7\001\frame_0011.jpg,
VID_7_001_C02,VID_7,VID_7.mp4,1,VID_7_001,2,8,custom_dataset\processed\VID_7\001\frame_0008.jpg;custom_dataset\processed\VID_7\001\frame_0009.jpg;custom_dataset\processed\VID_7\001\frame_0010.jpg;custom_dataset\processed\VID_7\001\frame_0011.jpg;custom_dataset\processed\VID_7\001\frame_0012.jpg;custom_dataset\processed\VID_7\001\frame_0013.jpg;custom_dataset\processed\VID_7\001\frame_0014.jpg;custom_dataset\processed\VID_7\001\frame_0015.jpg,
VID_7_001_C03,VID_7,VID_7.mp4,1,VID_7_001,3,8,custom_dataset\processed\VID_7\001\frame_0012.jpg;custom_dataset\processed\VID_7\001\frame_0013.jpg;custom_dataset\processed\VID_7\001\frame_0014.jpg;custom_dataset\processed\VID_7\001\frame_0015.jpg;custom_dataset\processed\VID_7\001\frame_0016.jpg;custom_dataset\processed\VID_7\001\frame_0017.jpg;custom_dataset\processed\VID_7\001\frame_0018.jpg;custom_dataset\processed\VID_7\001\frame_0019.jpg,
VID_7_001_C04,VID_7,VID_7.mp4,1,VID_7_001,4,8,custom_dataset\processed\VID_7\001\frame_0016.jpg;custom_dataset\processed\VID_7\001\frame_0017.jpg;custom_dataset\processed\VID_7\001\frame_0018.jpg;custom_dataset\processed\VID_7\001\frame_0019.jpg;custom_dataset\processed\VID_7\001\frame_0020.jpg;custom_dataset\processed\VID_7\001\frame_0021.jpg;custom_dataset\processed\VID_7\001\frame_0022.jpg;custom_dataset\processed\VID_7\001\frame_0023.jpg,
VID_7_001_C05,VID_7,VID_7.mp4,1,VID_7_001,5,8,custom_dataset\processed\VID_7\001\frame_0020.jpg;custom_dataset\processed\VID_7\001\frame_0021.jpg;custom_dataset\processed\VID_7\001\frame_0022.jpg;custom_dataset\processed\VID_7\001\frame_0023.jpg;custom_dataset\processed\VID_7\001\frame_0024.jpg;custom_dataset\processed\VID_7\001\frame_0025.jpg;custom_dataset\processed\VID_7\001\frame_0026.jpg;custom_dataset\processed\VID_7\001\frame_0027.jpg,
VID_7_001_C06,VID_7,VID_7.mp4,1,VID_7_001,6,8,custom_dataset\processed\VID_7\001\frame_0024.jpg;custom_dataset\processed\VID_7\001\frame_0025.jpg;custom_dataset\processed\VID_7\001\frame_0026.jpg;custom_dataset\processed\VID_7\001\frame_0027.jpg;custom_dataset\processed\VID_7\001\frame_0028.jpg;custom_dataset\processed\VID_7\001\frame_0029.jpg;custom_dataset\processed\VID_7\001\frame_0030.jpg;custom_dataset\processed\VID_7\001\frame_0031.jpg,
VID_7_001_C07,VID_7,VID_7.mp4,1,VID_7_001,7,8,custom_dataset\processed\VID_7\001\frame_0028.jpg;custom_dataset\processed\VID_7\001\frame_0029.jpg;custom_dataset\processed\VID_7\001\frame_0030.jpg;custom_dataset\processed\VID_7\001\frame_0031.jpg;custom_dataset\processed\VID_7\001\frame_0032.jpg;custom_dataset\processed\VID_7\001\frame_0033.jpg;custom_dataset\processed\VID_7\001\frame_0034.jpg;custom_dataset\processed\VID_7\001\frame_0035.jpg,
VID_7_001_C08,VID_7,VID_7.mp4,1,VID_7_001,8,8,custom_dataset\processed\VID_7\001\frame_0032.jpg;custom_dataset\processed\VID_7\001\frame_0033.jpg;custom_dataset\processed\VID_7\001\frame_0034.jpg;custom_dataset\processed\VID_7\001\frame_0035.jpg;custom_dataset\processed\VID_7\001\frame_0036.jpg;custom_dataset\processed\VID_7\001\frame_0037.jpg;custom_dataset\processed\VID_7\001\frame_0038.jpg;custom_dataset\processed\VID_7\001\frame_0039.jpg,
VID_7_001_C09,VID_7,VID_7.mp4,1,VID_7_001,9,8,custom_dataset\processed\VID_7\001\frame_0036.jpg;custom_dataset\processed\VID_7\001\frame_0037.jpg;custom_dataset\processed\VID_7\001\frame_0038.jpg;custom_dataset\processed\VID_7\001\frame_0039.jpg;custom_dataset\processed\VID_7\001\frame_0040.jpg;custom_dataset\processed\VID_7\001\frame_0041.jpg;custom_dataset\processed\VID_7\001\frame_0042.jpg;custom_dataset\processed\VID_7\001\frame_0043.jpg,
VID_7_002_C00,VID_7,VID_7.mp4,2,VID_7_002,0,8,custom_dataset\processed\VID_7\002\frame_0000.jpg;custom_dataset\processed\VID_7\002\frame_0001.jpg;custom_dataset\processed\VID_7\002\frame_0002.jpg;custom_dataset\processed\VID_7\002\frame_0003.jpg;custom_dataset\processed\VID_7\002\frame_0004.jpg;custom_dataset\processed\VID_7\002\frame_0005.jpg;custom_dataset\processed\VID_7\002\frame_0006.jpg;custom_dataset\processed\VID_7\002\frame_0007.jpg,
VID_7_002_C01,VID_7,VID_7.mp4,2,VID_7_002,1,8,custom_dataset\processed\VID_7\002\frame_0004.jpg;custom_dataset\processed\VID_7\002\frame_0005.jpg;custom_dataset\processed\VID_7\002\frame_0006.jpg;custom_dataset\processed\VID_7\002\frame_0007.jpg;custom_dataset\processed\VID_7\002\frame_0008.jpg;custom_dataset\processed\VID_7\002\frame_0009.jpg;custom_dataset\processed\VID_7\002\frame_0010.jpg;custom_dataset\processed\VID_7\002\frame_0011.jpg,
VID_7_002_C02,VID_7,VID_7.mp4,2,VID_7_002,2,8,custom_dataset\processed\VID_7\002\frame_0008.jpg;custom_dataset\processed\VID_7\002\frame_0009.jpg;custom_dataset\processed\VID_7\002\frame_0010.jpg;custom_dataset\processed\VID_7\002\frame_0011.jpg;custom_dataset\processed\VID_7\002\frame_0012.jpg;custom_dataset\processed\VID_7\002\frame_0013.jpg;custom_dataset\processed\VID_7\002\frame_0014.jpg;custom_dataset\processed\VID_7\002\frame_0015.jpg,
VID_7_002_C03,VID_7,VID_7.mp4,2,VID_7_002,3,8,custom_dataset\processed\VID_7\002\frame_0012.jpg;custom_dataset\processed\VID_7\002\frame_0013.jpg;custom_dataset\processed\VID_7\002\frame_0014.jpg;custom_dataset\processed\VID_7\002\frame_0015.jpg;custom_dataset\processed\VID_7\002\frame_0016.jpg;custom_dataset\processed\VID_7\002\frame_0017.jpg;custom_dataset\processed\VID_7\002\frame_0018.jpg;custom_dataset\processed\VID_7\002\frame_0019.jpg,
VID_7_002_C04,VID_7,VID_7.mp4,2,VID_7_002,4,8,custom_dataset\processed\VID_7\002\frame_0016.jpg;custom_dataset\processed\VID_7\002\frame_0017.jpg;custom_dataset\processed\VID_7\002\frame_0018.jpg;custom_dataset\processed\VID_7\002\frame_0019.jpg;custom_dataset\processed\VID_7\002\frame_0020.jpg;custom_dataset\processed\VID_7\002\frame_0021.jpg;custom_dataset\processed\VID_7\002\frame_0022.jpg;custom_dataset\processed\VID_7\002\frame_0023.jpg,
VID_7_002_C05,VID_7,VID_7.mp4,2,VID_7_002,5,8,custom_dataset\processed\VID_7\002\frame_0020.jpg;custom_dataset\processed\VID_7\002\frame_0021.jpg;custom_dataset\processed\VID_7\002\frame_0022.jpg;custom_dataset\processed\VID_7\002\frame_0023.jpg;custom_dataset\processed\VID_7\002\frame_0024.jpg;custom_dataset\processed\VID_7\002\frame_0025.jpg;custom_dataset\processed\VID_7\002\frame_0026.jpg;custom_dataset\processed\VID_7\002\frame_0027.jpg,
VID_7_002_C06,VID_7,VID_7.mp4,2,VID_7_002,6,8,custom_dataset\processed\VID_7\002\frame_0024.jpg;custom_dataset\processed\VID_7\002\frame_0025.jpg;custom_dataset\processed\VID_7\002\frame_0026.jpg;custom_dataset\processed\VID_7\002\frame_0027.jpg;custom_dataset\processed\VID_7\002\frame_0028.jpg;custom_dataset\processed\VID_7\002\frame_0029.jpg;custom_dataset\processed\VID_7\002\frame_0030.jpg;custom_dataset\processed\VID_7\002\frame_0031.jpg,
VID_7_002_C07,VID_7,VID_7.mp4,2,VID_7_002,7,8,custom_dataset\processed\VID_7\002\frame_0028.jpg;custom_dataset\processed\VID_7\002\frame_0029.jpg;custom_dataset\processed\VID_7\002\frame_0030.jpg;custom_dataset\processed\VID_7\002\frame_0031.jpg;custom_dataset\processed\VID_7\002\frame_0032.jpg;custom_dataset\processed\VID_7\002\frame_0033.jpg;custom_dataset\processed\VID_7\002\frame_0034.jpg;custom_dataset\processed\VID_7\002\frame_0035.jpg,
VID_7_002_C08,VID_7,VID_7.mp4,2,VID_7_002,8,8,custom_dataset\processed\VID_7\002\frame_0032.jpg;custom_dataset\processed\VID_7\002\frame_0033.jpg;custom_dataset\processed\VID_7\002\frame_0034.jpg;custom_dataset\processed\VID_7\002\frame_0035.jpg;custom_dataset\processed\VID_7\002\frame_0036.jpg;custom_dataset\processed\VID_7\002\frame_0037.jpg;custom_dataset\processed\VID_7\002\frame_0038.jpg;custom_dataset\processed\VID_7\002\frame_0039.jpg,
VID_7_002_C09,VID_7,VID_7.mp4,2,VID_7_002,9,8,custom_dataset\processed\VID_7\002\frame_0036.jpg;custom_dataset\processed\VID_7\002\frame_0037.jpg;custom_dataset\processed\VID_7\002\frame_0038.jpg;custom_dataset\processed\VID_7\002\frame_0039.jpg;custom_dataset\processed\VID_7\002\frame_0040.jpg;custom_dataset\processed\VID_7\002\frame_0041.jpg;custom_dataset\processed\VID_7\002\frame_0042.jpg;custom_dataset\processed\VID_7\002\frame_0043.jpg,
VID_7_003_C00,VID_7,VID_7.mp4,3,VID_7_003,0,8,custom_dataset\processed\VID_7\003\frame_0000.jpg;custom_dataset\processed\VID_7\003\frame_0001.jpg;custom_dataset\processed\VID_7\003\frame_0002.jpg;custom_dataset\processed\VID_7\003\frame_0003.jpg;custom_dataset\processed\VID_7\003\frame_0004.jpg;custom_dataset\processed\VID_7\003\frame_0005.jpg;custom_dataset\processed\VID_7\003\frame_0006.jpg;custom_dataset\processed\VID_7\003\frame_0007.jpg,
VID_7_003_C01,VID_7,VID_7.mp4,3,VID_7_003,1,8,custom_dataset\processed\VID_7\003\frame_0004.jpg;custom_dataset\processed\VID_7\003\frame_0005.jpg;custom_dataset\processed\VID_7\003\frame_0006.jpg;custom_dataset\processed\VID_7\003\frame_0007.jpg;custom_dataset\processed\VID_7\003\frame_0008.jpg;custom_dataset\processed\VID_7\003\frame_0009.jpg;custom_dataset\processed\VID_7\003\frame_0010.jpg;custom_dataset\processed\VID_7\003\frame_0011.jpg,
VID_7_003_C02,VID_7,VID_7.mp4,3,VID_7_003,2,8,custom_dataset\processed\VID_7\003\frame_0008.jpg;custom_dataset\processed\VID_7\003\frame_0009.jpg;custom_dataset\processed\VID_7\003\frame_0010.jpg;custom_dataset\processed\VID_7\003\frame_0011.jpg;custom_dataset\processed\VID_7\003\frame_0012.jpg;custom_dataset\processed\VID_7\003\frame_0013.jpg;custom_dataset\processed\VID_7\003\frame_0014.jpg;custom_dataset\processed\VID_7\003\frame_0015.jpg,
VID_7_003_C03,VID_7,VID_7.mp4,3,VID_7_003,3,8,custom_dataset\processed\VID_7\003\frame_0012.jpg;custom_dataset\processed\VID_7\003\frame_0013.jpg;custom_dataset\processed\VID_7\003\frame_0014.jpg;custom_dataset\processed\VID_7\003\frame_0015.jpg;custom_dataset\processed\VID_7\003\frame_0016.jpg;custom_dataset\processed\VID_7\003\frame_0017.jpg;custom_dataset\processed\VID_7\003\frame_0018.jpg;custom_dataset\processed\VID_7\003\frame_0019.jpg,
VID_7_003_C04,VID_7,VID_7.mp4,3,VID_7_003,4,8,custom_dataset\processed\VID_7\003\frame_0016.jpg;custom_dataset\processed\VID_7\003\frame_0017.jpg;custom_dataset\processed\VID_7\003\frame_0018.jpg;custom_dataset\processed\VID_7\003\frame_0019.jpg;custom_dataset\processed\VID_7\003\frame_0020.jpg;custom_dataset\processed\VID_7\003\frame_0021.jpg;custom_dataset\processed\VID_7\003\frame_0022.jpg;custom_dataset\processed\VID_7\003\frame_0023.jpg,
VID_7_003_C05,VID_7,VID_7.mp4,3,VID_7_003,5,8,custom_dataset\processed\VID_7\003\frame_0020.jpg;custom_dataset\processed\VID_7\003\frame_0021.jpg;custom_dataset\processed\VID_7\003\frame_0022.jpg;custom_dataset\processed\VID_7\003\frame_0023.jpg;custom_dataset\processed\VID_7\003\frame_0024.jpg;custom_dataset\processed\VID_7\003\frame_0025.jpg;custom_dataset\processed\VID_7\003\frame_0026.jpg;custom_dataset\processed\VID_7\003\frame_0027.jpg,
VID_7_003_C06,VID_7,VID_7.mp4,3,VID_7_003,6,8,custom_dataset\processed\VID_7\003\frame_0024.jpg;custom_dataset\processed\VID_7\003\frame_0025.jpg;custom_dataset\processed\VID_7\003\frame_0026.jpg;custom_dataset\processed\VID_7\003\frame_0027.jpg;custom_dataset\processed\VID_7\003\frame_0028.jpg;custom_dataset\processed\VID_7\003\frame_0029.jpg;custom_dataset\processed\VID_7\003\frame_0030.jpg;custom_dataset\processed\VID_7\003\frame_0031.jpg,
VID_7_003_C07,VID_7,VID_7.mp4,3,VID_7_003,7,8,custom_dataset\processed\VID_7\003\frame_0028.jpg;custom_dataset\processed\VID_7\003\frame_0029.jpg;custom_dataset\processed\VID_7\003\frame_0030.jpg;custom_dataset\processed\VID_7\003\frame_0031.jpg;custom_dataset\processed\VID_7\003\frame_0032.jpg;custom_dataset\processed\VID_7\003\frame_0033.jpg;custom_dataset\processed\VID_7\003\frame_0034.jpg;custom_dataset\processed\VID_7\003\frame_0035.jpg,
VID_7_003_C08,VID_7,VID_7.mp4,3,VID_7_003,8,8,custom_dataset\processed\VID_7\003\frame_0032.jpg;custom_dataset\processed\VID_7\003\frame_0033.jpg;custom_dataset\processed\VID_7\003\frame_0034.jpg;custom_dataset\processed\VID_7\003\frame_0035.jpg;custom_dataset\processed\VID_7\003\frame_0036.jpg;custom_dataset\processed\VID_7\003\frame_0037.jpg;custom_dataset\processed\VID_7\003\frame_0038.jpg;custom_dataset\processed\VID_7\003\frame_0039.jpg,
VID_7_003_C09,VID_7,VID_7.mp4,3,VID_7_003,9,8,custom_dataset\processed\VID_7\003\frame_0036.jpg;custom_dataset\processed\VID_7\003\frame_0037.jpg;custom_dataset\processed\VID_7\003\frame_0038.jpg;custom_dataset\processed\VID_7\003\frame_0039.jpg;custom_dataset\processed\VID_7\003\frame_0040.jpg;custom_dataset\processed\VID_7\003\frame_0041.jpg;custom_dataset\processed\VID_7\003\frame_0042.jpg;custom_dataset\processed\VID_7\003\frame_0043.jpg,
VID_7_004_C00,VID_7,VID_7.mp4,4,VID_7_004,0,8,custom_dataset\processed\VID_7\004\frame_0000.jpg;custom_dataset\processed\VID_7\004\frame_0001.jpg;custom_dataset\processed\VID_7\004\frame_0002.jpg;custom_dataset\processed\VID_7\004\frame_0003.jpg;custom_dataset\processed\VID_7\004\frame_0004.jpg;custom_dataset\processed\VID_7\004\frame_0005.jpg;custom_dataset\processed\VID_7\004\frame_0006.jpg;custom_dataset\processed\VID_7\004\frame_0007.jpg,
VID_7_004_C01,VID_7,VID_7.mp4,4,VID_7_004,1,8,custom_dataset\processed\VID_7\004\frame_0004.jpg;custom_dataset\processed\VID_7\004\frame_0005.jpg;custom_dataset\processed\VID_7\004\frame_0006.jpg;custom_dataset\processed\VID_7\004\frame_0007.jpg;custom_dataset\processed\VID_7\004\frame_0008.jpg;custom_dataset\processed\VID_7\004\frame_0009.jpg;custom_dataset\processed\VID_7\004\frame_0010.jpg;custom_dataset\processed\VID_7\004\frame_0011.jpg,
VID_7_004_C02,VID_7,VID_7.mp4,4,VID_7_004,2,8,custom_dataset\processed\VID_7\004\frame_0008.jpg;custom_dataset\processed\VID_7\004\frame_0009.jpg;custom_dataset\processed\VID_7\004\frame_0010.jpg;custom_dataset\processed\VID_7\004\frame_0011.jpg;custom_dataset\processed\VID_7\004\frame_0012.jpg;custom_dataset\processed\VID_7\004\frame_0013.jpg;custom_dataset\processed\VID_7\004\frame_0014.jpg;custom_dataset\processed\VID_7\004\frame_0015.jpg,
VID_7_004_C03,VID_7,VID_7.mp4,4,VID_7_004,3,8,custom_dataset\processed\VID_7\004\frame_0012.jpg;custom_dataset\processed\VID_7\004\frame_0013.jpg;custom_dataset\processed\VID_7\004\frame_0014.jpg;custom_dataset\processed\VID_7\004\frame_0015.jpg;custom_dataset\processed\VID_7\004\frame_0016.jpg;custom_dataset\processed\VID_7\004\frame_0017.jpg;custom_dataset\processed\VID_7\004\frame_0018.jpg;custom_dataset\processed\VID_7\004\frame_0019.jpg,
VID_7_004_C04,VID_7,VID_7.mp4,4,VID_7_004,4,8,custom_dataset\processed\VID_7\004\frame_0016.jpg;custom_dataset\processed\VID_7\004\frame_0017.jpg;custom_dataset\processed\VID_7\004\frame_0018.jpg;custom_dataset\processed\VID_7\004\frame_0019.jpg;custom_dataset\processed\VID_7\004\frame_0020.jpg;custom_dataset\processed\VID_7\004\frame_0021.jpg;custom_dataset\processed\VID_7\004\frame_0022.jpg;custom_dataset\processed\VID_7\004\frame_0023.jpg,
VID_7_004_C05,VID_7,VID_7.mp4,4,VID_7_004,5,8,custom_dataset\processed\VID_7\004\frame_0020.jpg;custom_dataset\processed\VID_7\004\frame_0021.jpg;custom_dataset\processed\VID_7\004\frame_0022.jpg;custom_dataset\processed\VID_7\004\frame_0023.jpg;custom_dataset\processed\VID_7\004\frame_0024.jpg;custom_dataset\processed\VID_7\004\frame_0025.jpg;custom_dataset\processed\VID_7\004\frame_0026.jpg;custom_dataset\processed\VID_7\004\frame_0027.jpg,
VID_7_004_C06,VID_7,VID_7.mp4,4,VID_7_004,6,8,custom_dataset\processed\VID_7\004\frame_0024.jpg;custom_dataset\processed\VID_7\004\frame_0025.jpg;custom_dataset\processed\VID_7\004\frame_0026.jpg;custom_dataset\processed\VID_7\004\frame_0027.jpg;custom_dataset\processed\VID_7\004\frame_0028.jpg;custom_dataset\processed\VID_7\004\frame_0029.jpg;custom_dataset\processed\VID_7\004\frame_0030.jpg;custom_dataset\processed\VID_7\004\frame_0031.jpg,
VID_7_004_C07,VID_7,VID_7.mp4,4,VID_7_004,7,8,custom_dataset\processed\VID_7\004\frame_0028.jpg;custom_dataset\processed\VID_7\004\frame_0029.jpg;custom_dataset\processed\VID_7\004\frame_0030.jpg;custom_dataset\processed\VID_7\004\frame_0031.jpg;custom_dataset\processed\VID_7\004\frame_0032.jpg;custom_dataset\processed\VID_7\004\frame_0033.jpg;custom_dataset\processed\VID_7\004\frame_0034.jpg;custom_dataset\processed\VID_7\004\frame_0035.jpg,
VID_7_004_C08,VID_7,VID_7.mp4,4,VID_7_004,8,8,custom_dataset\processed\VID_7\004\frame_0032.jpg;custom_dataset\processed\VID_7\004\frame_0033.jpg;custom_dataset\processed\VID_7\004\frame_0034.jpg;custom_dataset\processed\VID_7\004\frame_0035.jpg;custom_dataset\processed\VID_7\004\frame_0036.jpg;custom_dataset\processed\VID_7\004\frame_0037.jpg;custom_dataset\processed\VID_7\004\frame_0038.jpg;custom_dataset\processed\VID_7\004\frame_0039.jpg,
VID_7_004_C09,VID_7,VID_7.mp4,4,VID_7_004,9,8,custom_dataset\processed\VID_7\004\frame_0036.jpg;custom_dataset\processed\VID_7\004\frame_0037.jpg;custom_dataset\processed\VID_7\004\frame_0038.jpg;custom_dataset\processed\VID_7\004\frame_0039.jpg;custom_dataset\processed\VID_7\004\frame_0040.jpg;custom_dataset\processed\VID_7\004\frame_0041.jpg;custom_dataset\processed\VID_7\004\frame_0042.jpg;custom_dataset\processed\VID_7\004\frame_0043.jpg,
VID_7_005_C00,VID_7,VID_7.mp4,5,VID_7_005,0,8,custom_dataset\processed\VID_7\005\frame_0000.jpg;custom_dataset\processed\VID_7\005\frame_0001.jpg;custom_dataset\processed\VID_7\005\frame_0002.jpg;custom_dataset\processed\VID_7\005\frame_0003.jpg;custom_dataset\processed\VID_7\005\frame_0004.jpg;custom_dataset\processed\VID_7\005\frame_0005.jpg;custom_dataset\processed\VID_7\005\frame_0006.jpg;custom_dataset\processed\VID_7\005\frame_0007.jpg,
VID_7_005_C01,VID_7,VID_7.mp4,5,VID_7_005,1,8,custom_dataset\processed\VID_7\005\frame_0004.jpg;custom_dataset\processed\VID_7\005\frame_0005.jpg;custom_dataset\processed\VID_7\005\frame_0006.jpg;custom_dataset\processed\VID_7\005\frame_0007.jpg;custom_dataset\processed\VID_7\005\frame_0008.jpg;custom_dataset\processed\VID_7\005\frame_0009.jpg;custom_dataset\processed\VID_7\005\frame_0010.jpg;custom_dataset\processed\VID_7\005\frame_0011.jpg,
VID_7_005_C02,VID_7,VID_7.mp4,5,VID_7_005,2,8,custom_dataset\processed\VID_7\005\frame_0008.jpg;custom_dataset\processed\VID_7\005\frame_0009.jpg;custom_dataset\processed\VID_7\005\frame_0010.jpg;custom_dataset\processed\VID_7\005\frame_0011.jpg;custom_dataset\processed\VID_7\005\frame_0012.jpg;custom_dataset\processed\VID_7\005\frame_0013.jpg;custom_dataset\processed\VID_7\005\frame_0014.jpg;custom_dataset\processed\VID_7\005\frame_0015.jpg,
VID_7_005_C03,VID_7,VID_7.mp4,5,VID_7_005,3,8,custom_dataset\processed\VID_7\005\frame_0012.jpg;custom_dataset\processed\VID_7\005\frame_0013.jpg;custom_dataset\processed\VID_7\005\frame_0014.jpg;custom_dataset\processed\VID_7\005\frame_0015.jpg;custom_dataset\processed\VID_7\005\frame_0016.jpg;custom_dataset\processed\VID_7\005\frame_0017.jpg;custom_dataset\processed\VID_7\005\frame_0018.jpg;custom_dataset\processed\VID_7\005\frame_0019.jpg,
VID_7_005_C04,VID_7,VID_7.mp4,5,VID_7_005,4,8,custom_dataset\processed\VID_7\005\frame_0016.jpg;custom_dataset\processed\VID_7\005\frame_0017.jpg;custom_dataset\processed\VID_7\005\frame_0018.jpg;custom_dataset\processed\VID_7\005\frame_0019.jpg;custom_dataset\processed\VID_7\005\frame_0020.jpg;custom_dataset\processed\VID_7\005\frame_0021.jpg;custom_dataset\processed\VID_7\005\frame_0022.jpg;custom_dataset\processed\VID_7\005\frame_0023.jpg,
VID_7_005_C05,VID_7,VID_7.mp4,5,VID_7_005,5,8,custom_dataset\processed\VID_7\005\frame_0020.jpg;custom_dataset\processed\VID_7\005\frame_0021.jpg;custom_dataset\processed\VID_7\005\frame_0022.jpg;custom_dataset\processed\VID_7\005\frame_0023.jpg;custom_dataset\processed\VID_7\005\frame_0024.jpg;custom_dataset\processed\VID_7\005\frame_0025.jpg;custom_dataset\processed\VID_7\005\frame_0026.jpg;custom_dataset\processed\VID_7\005\frame_0027.jpg,
VID_7_005_C06,VID_7,VID_7.mp4,5,VID_7_005,6,8,custom_dataset\processed\VID_7\005\frame_0024.jpg;custom_dataset\processed\VID_7\005\frame_0025.jpg;custom_dataset\processed\VID_7\005\frame_0026.jpg;custom_dataset\processed\VID_7\005\frame_0027.jpg;custom_dataset\processed\VID_7\005\frame_0028.jpg;custom_dataset\processed\VID_7\005\frame_0029.jpg;custom_dataset\processed\VID_7\005\frame_0030.jpg;custom_dataset\processed\VID_7\005\frame_0031.jpg,
VID_7_005_C07,VID_7,VID_7.mp4,5,VID_7_005,7,8,custom_dataset\processed\VID_7\005\frame_0028.jpg;custom_dataset\processed\VID_7\005\frame_0029.jpg;custom_dataset\processed\VID_7\005\frame_0030.jpg;custom_dataset\processed\VID_7\005\frame_0031.jpg;custom_dataset\processed\VID_7\005\frame_0032.jpg;custom_dataset\processed\VID_7\005\frame_0033.jpg;custom_dataset\processed\VID_7\005\frame_0034.jpg;custom_dataset\processed\VID_7\005\frame_0035.jpg,
VID_7_005_C08,VID_7,VID_7.mp4,5,VID_7_005,8,8,custom_dataset\processed\VID_7\005\frame_0032.jpg;custom_dataset\processed\VID_7\005\frame_0033.jpg;custom_dataset\processed\VID_7\005\frame_0034.jpg;custom_dataset\processed\VID_7\005\frame_0035.jpg;custom_dataset\processed\VID_7\005\frame_0036.jpg;custom_dataset\processed\VID_7\005\frame_0037.jpg;custom_dataset\processed\VID_7\005\frame_0038.jpg;custom_dataset\processed\VID_7\005\frame_0039.jpg,
VID_7_005_C09,VID_7,VID_7.mp4,5,VID_7_005,9,8,custom_dataset\processed\VID_7\005\frame_0036.jpg;custom_dataset\processed\VID_7\005\frame_0037.jpg;custom_dataset\processed\VID_7\005\frame_0038.jpg;custom_dataset\processed\VID_7\005\frame_0039.jpg;custom_dataset\processed\VID_7\005\frame_0040.jpg;custom_dataset\processed\VID_7\005\frame_0041.jpg;custom_dataset\processed\VID_7\005\frame_0042.jpg;custom_dataset\processed\VID_7\005\frame_0043.jpg,
VID_7_006_C00,VID_7,VID_7.mp4,6,VID_7_006,0,8,custom_dataset\processed\VID_7\006\frame_0000.jpg;custom_dataset\processed\VID_7\006\frame_0001.jpg;custom_dataset\processed\VID_7\006\frame_0003.jpg;custom_dataset\processed\VID_7\006\frame_0004.jpg;custom_dataset\processed\VID_7\006\frame_0005.jpg;custom_dataset\processed\VID_7\006\frame_0006.jpg;custom_dataset\processed\VID_7\006\frame_0007.jpg;custom_dataset\processed\VID_7\006\frame_0008.jpg,
VID_7_006_C01,VID_7,VID_7.mp4,6,VID_7_006,1,8,custom_dataset\processed\VID_7\006\frame_0005.jpg;custom_dataset\processed\VID_7\006\frame_0006.jpg;custom_dataset\processed\VID_7\006\frame_0007.jpg;custom_dataset\processed\VID_7\006\frame_0008.jpg;custom_dataset\processed\VID_7\006\frame_0009.jpg;custom_dataset\processed\VID_7\006\frame_0010.jpg;custom_dataset\processed\VID_7\006\frame_0011.jpg;custom_dataset\processed\VID_7\006\frame_0012.jpg,
VID_7_006_C02,VID_7,VID_7.mp4,6,VID_7_006,2,8,custom_dataset\processed\VID_7\006\frame_0009.jpg;custom_dataset\processed\VID_7\006\frame_0010.jpg;custom_dataset\processed\VID_7\006\frame_0011.jpg;custom_dataset\processed\VID_7\006\frame_0012.jpg;custom_dataset\processed\VID_7\006\frame_0013.jpg;custom_dataset\processed\VID_7\006\frame_0014.jpg;custom_dataset\processed\VID_7\006\frame_0015.jpg;custom_dataset\processed\VID_7\006\frame_0016.jpg,
VID_7_006_C03,VID_7,VID_7.mp4,6,VID_7_006,3,8,custom_dataset\processed\VID_7\006\frame_0013.jpg;custom_dataset\processed\VID_7\006\frame_0014.jpg;custom_dataset\processed\VID_7\006\frame_0015.jpg;custom_dataset\processed\VID_7\006\frame_0016.jpg;custom_dataset\processed\VID_7\006\frame_0017.jpg;custom_dataset\processed\VID_7\006\frame_0018.jpg;custom_dataset\processed\VID_7\006\frame_0019.jpg;custom_dataset\processed\VID_7\006\frame_0020.jpg,
VID_7_006_C04,VID_7,VID_7.mp4,6,VID_7_006,4,8,custom_dataset\processed\VID_7\006\frame_0017.jpg;custom_dataset\processed\VID_7\006\frame_0018.jpg;custom_dataset\processed\VID_7\006\frame_0019.jpg;custom_dataset\processed\VID_7\006\frame_0020.jpg;custom_dataset\processed\VID_7\006\frame_0021.jpg;custom_dataset\processed\VID_7\006\frame_0022.jpg;custom_dataset\processed\VID_7\006\frame_0023.jpg;custom_dataset\processed\VID_7\006\frame_0024.jpg,
VID_7_006_C05,VID_7,VID_7.mp4,6,VID_7_006,5,8,custom_dataset\processed\VID_7\006\frame_0021.jpg;custom_dataset\processed\VID_7\006\frame_0022.jpg;custom_dataset\processed\VID_7\006\frame_0023.jpg;custom_dataset\processed\VID_7\006\frame_0024.jpg;custom_dataset\processed\VID_7\006\frame_0025.jpg;custom_dataset\processed\VID_7\006\frame_0026.jpg;custom_dataset\processed\VID_7\006\frame_0027.jpg;custom_dataset\processed\VID_7\006\frame_0028.jpg,
VID_7_006_C06,VID_7,VID_7.mp4,6,VID_7_006,6,8,custom_dataset\processed\VID_7\006\frame_0025.jpg;custom_dataset\processed\VID_7\006\frame_0026.jpg;custom_dataset\processed\VID_7\006\frame_0027.jpg;custom_dataset\processed\VID_7\006\frame_0028.jpg;custom_dataset\processed\VID_7\006\frame_0029.jpg;custom_dataset\processed\VID_7\006\frame_0030.jpg;custom_dataset\processed\VID_7\006\frame_0031.jpg;custom_dataset\processed\VID_7\006\frame_0032.jpg,
VID_7_006_C07,VID_7,VID_7.mp4,6,VID_7_006,7,8,custom_dataset\processed\VID_7\006\frame_0029.jpg;custom_dataset\processed\VID_7\006\frame_0030.jpg;custom_dataset\processed\VID_7\006\frame_0031.jpg;custom_dataset\processed\VID_7\006\frame_0032.jpg;custom_dataset\processed\VID_7\006\frame_0033.jpg;custom_dataset\processed\VID_7\006\frame_0034.jpg;custom_dataset\processed\VID_7\006\frame_0035.jpg;custom_dataset\processed\VID_7\006\frame_0036.jpg,
VID_7_006_C08,VID_7,VID_7.mp4,6,VID_7_006,8,8,custom_dataset\processed\VID_7\006\frame_0033.jpg;custom_dataset\processed\VID_7\006\frame_0034.jpg;custom_dataset\processed\VID_7\006\frame_0035.jpg;custom_dataset\processed\VID_7\006\frame_0036.jpg;custom_dataset\processed\VID_7\006\frame_0037.jpg;custom_dataset\processed\VID_7\006\frame_0038.jpg;custom_dataset\processed\VID_7\006\frame_0039.jpg;custom_dataset\processed\VID_7\006\frame_0040.jpg,
VID_7_006_C09,VID_7,VID_7.mp4,6,VID_7_006,9,8,custom_dataset\processed\VID_7\006\frame_0037.jpg;custom_dataset\processed\VID_7\006\frame_0038.jpg;custom_dataset\processed\VID_7\006\frame_0039.jpg;custom_dataset\processed\VID_7\006\frame_0040.jpg;custom_dataset\processed\VID_7\006\frame_0041.jpg;custom_dataset\processed\VID_7\006\frame_0042.jpg;custom_dataset\processed\VID_7\006\frame_0043.jpg;custom_dataset\processed\VID_7\006\frame_0044.jpg,
VID_7_007_C00,VID_7,VID_7.mp4,7,VID_7_007,0,8,custom_dataset\processed\VID_7\007\frame_0000.jpg;custom_dataset\processed\VID_7\007\frame_0001.jpg;custom_dataset\processed\VID_7\007\frame_0002.jpg;custom_dataset\processed\VID_7\007\frame_0003.jpg;custom_dataset\processed\VID_7\007\frame_0004.jpg;custom_dataset\processed\VID_7\007\frame_0005.jpg;custom_dataset\processed\VID_7\007\frame_0006.jpg;custom_dataset\processed\VID_7\007\frame_0007.jpg,
VID_7_007_C01,VID_7,VID_7.mp4,7,VID_7_007,1,8,custom_dataset\processed\VID_7\007\frame_0004.jpg;custom_dataset\processed\VID_7\007\frame_0005.jpg;custom_dataset\processed\VID_7\007\frame_0006.jpg;custom_dataset\processed\VID_7\007\frame_0007.jpg;custom_dataset\processed\VID_7\007\frame_0008.jpg;custom_dataset\processed\VID_7\007\frame_0009.jpg;custom_dataset\processed\VID_7\007\frame_0010.jpg;custom_dataset\processed\VID_7\007\frame_0011.jpg,
VID_7_007_C02,VID_7,VID_7.mp4,7,VID_7_007,2,8,custom_dataset\processed\VID_7\007\frame_0008.jpg;custom_dataset\processed\VID_7\007\frame_0009.jpg;custom_dataset\processed\VID_7\007\frame_0010.jpg;custom_dataset\processed\VID_7\007\frame_0011.jpg;custom_dataset\processed\VID_7\007\frame_0012.jpg;custom_dataset\processed\VID_7\007\frame_0013.jpg;custom_dataset\processed\VID_7\007\frame_0014.jpg;custom_dataset\processed\VID_7\007\frame_0015.jpg,
VID_7_007_C03,VID_7,VID_7.mp4,7,VID_7_007,3,8,custom_dataset\processed\VID_7\007\frame_0012.jpg;custom_dataset\processed\VID_7\007\frame_0013.jpg;custom_dataset\processed\VID_7\007\frame_0014.jpg;custom_dataset\processed\VID_7\007\frame_0015.jpg;custom_dataset\processed\VID_7\007\frame_0016.jpg;custom_dataset\processed\VID_7\007\frame_0017.jpg;custom_dataset\processed\VID_7\007\frame_0018.jpg;custom_dataset\processed\VID_7\007\frame_0019.jpg,
VID_7_007_C04,VID_7,VID_7.mp4,7,VID_7_007,4,8,custom_dataset\processed\VID_7\007\frame_0016.jpg;custom_dataset\processed\VID_7\007\frame_0017.jpg;custom_dataset\processed\VID_7\007\frame_0018.jpg;custom_dataset\processed\VID_7\007\frame_0019.jpg;custom_dataset\processed\VID_7\007\frame_0020.jpg;custom_dataset\processed\VID_7\007\frame_0021.jpg;custom_dataset\processed\VID_7\007\frame_0022.jpg;custom_dataset\processed\VID_7\007\frame_0023.jpg,
VID_7_007_C05,VID_7,VID_7.mp4,7,VID_7_007,5,8,custom_dataset\processed\VID_7\007\frame_0020.jpg;custom_dataset\processed\VID_7\007\frame_0021.jpg;custom_dataset\processed\VID_7\007\frame_0022.jpg;custom_dataset\processed\VID_7\007\frame_0023.jpg;custom_dataset\processed\VID_7\007\frame_0024.jpg;custom_dataset\processed\VID_7\007\frame_0025.jpg;custom_dataset\processed\VID_7\007\frame_0026.jpg;custom_dataset\processed\VID_7\007\frame_0027.jpg,
VID_7_007_C06,VID_7,VID_7.mp4,7,VID_7_007,6,8,custom_dataset\processed\VID_7\007\frame_0024.jpg;custom_dataset\processed\VID_7\007\frame_0025.jpg;custom_dataset\processed\VID_7\007\frame_0026.jpg;custom_dataset\processed\VID_7\007\frame_0027.jpg;custom_dataset\processed\VID_7\007\frame_0028.jpg;custom_dataset\processed\VID_7\007\frame_0029.jpg;custom_dataset\processed\VID_7\007\frame_0030.jpg;custom_dataset\processed\VID_7\007\frame_0031.jpg,
VID_7_007_C07,VID_7,VID_7.mp4,7,VID_7_007,7,8,custom_dataset\processed\VID_7\007\frame_0028.jpg;custom_dataset\processed\VID_7\007\frame_0029.jpg;custom_dataset\processed\VID_7\007\frame_0030.jpg;custom_dataset\processed\VID_7\007\frame_0031.jpg;custom_dataset\processed\VID_7\007\frame_0032.jpg;custom_dataset\processed\VID_7\007\frame_0033.jpg;custom_dataset\processed\VID_7\007\frame_0034.jpg;custom_dataset\processed\VID_7\007\frame_0035.jpg,
VID_7_007_C08,VID_7,VID_7.mp4,7,VID_7_007,8,8,custom_dataset\processed\VID_7\007\frame_0032.jpg;custom_dataset\processed\VID_7\007\frame_0033.jpg;custom_dataset\processed\VID_7\007\frame_0034.jpg;custom_dataset\processed\VID_7\007\frame_0035.jpg;custom_dataset\processed\VID_7\007\frame_0036.jpg;custom_dataset\processed\VID_7\007\frame_0037.jpg;custom_dataset\processed\VID_7\007\frame_0038.jpg;custom_dataset\processed\VID_7\007\frame_0039.jpg,
VID_7_007_C09,VID_7,VID_7.mp4,7,VID_7_007,9,8,custom_dataset\processed\VID_7\007\frame_0036.jpg;custom_dataset\processed\VID_7\007\frame_0037.jpg;custom_dataset\processed\VID_7\007\frame_0038.jpg;custom_dataset\processed\VID_7\007\frame_0039.jpg;custom_dataset\processed\VID_7\007\frame_0040.jpg;custom_dataset\processed\VID_7\007\frame_0041.jpg;custom_dataset\processed\VID_7\007\frame_0042.jpg;custom_dataset\processed\VID_7\007\frame_0043.jpg,
VID_7_008_C00,VID_7,VID_7.mp4,8,VID_7_008,0,8,custom_dataset\processed\VID_7\008\frame_0000.jpg;custom_dataset\processed\VID_7\008\frame_0001.jpg;custom_dataset\processed\VID_7\008\frame_0002.jpg;custom_dataset\processed\VID_7\008\frame_0003.jpg;custom_dataset\processed\VID_7\008\frame_0004.jpg;custom_dataset\processed\VID_7\008\frame_0005.jpg;custom_dataset\processed\VID_7\008\frame_0006.jpg;custom_dataset\processed\VID_7\008\frame_0007.jpg,
VID_7_008_C01,VID_7,VID_7.mp4,8,VID_7_008,1,8,custom_dataset\processed\VID_7\008\frame_0004.jpg;custom_dataset\processed\VID_7\008\frame_0005.jpg;custom_dataset\processed\VID_7\008\frame_0006.jpg;custom_dataset\processed\VID_7\008\frame_0007.jpg;custom_dataset\processed\VID_7\008\frame_0008.jpg;custom_dataset\processed\VID_7\008\frame_0009.jpg;custom_dataset\processed\VID_7\008\frame_0010.jpg;custom_dataset\processed\VID_7\008\frame_0011.jpg,
VID_7_008_C02,VID_7,VID_7.mp4,8,VID_7_008,2,8,custom_dataset\processed\VID_7\008\frame_0008.jpg;custom_dataset\processed\VID_7\008\frame_0009.jpg;custom_dataset\processed\VID_7\008\frame_0010.jpg;custom_dataset\processed\VID_7\008\frame_0011.jpg;custom_dataset\processed\VID_7\008\frame_0012.jpg;custom_dataset\processed\VID_7\008\frame_0013.jpg;custom_dataset\processed\VID_7\008\frame_0014.jpg;custom_dataset\processed\VID_7\008\frame_0015.jpg,
VID_7_008_C03,VID_7,VID_7.mp4,8,VID_7_008,3,8,custom_dataset\processed\VID_7\008\frame_0012.jpg;custom_dataset\processed\VID_7\008\frame_0013.jpg;custom_dataset\processed\VID_7\008\frame_0014.jpg;custom_dataset\processed\VID_7\008\frame_0015.jpg;custom_dataset\processed\VID_7\008\frame_0016.jpg;custom_dataset\processed\VID_7\008\frame_0017.jpg;custom_dataset\processed\VID_7\008\frame_0018.jpg;custom_dataset\processed\VID_7\008\frame_0019.jpg,
VID_7_008_C04,VID_7,VID_7.mp4,8,VID_7_008,4,8,custom_dataset\processed\VID_7\008\frame_0016.jpg;custom_dataset\processed\VID_7\008\frame_0017.jpg;custom_dataset\processed\VID_7\008\frame_0018.jpg;custom_dataset\processed\VID_7\008\frame_0019.jpg;custom_dataset\processed\VID_7\008\frame_0020.jpg;custom_dataset\processed\VID_7\008\frame_0021.jpg;custom_dataset\processed\VID_7\008\frame_0022.jpg;custom_dataset\processed\VID_7\008\frame_0023.jpg,
VID_7_008_C05,VID_7,VID_7.mp4,8,VID_7_008,5,8,custom_dataset\processed\VID_7\008\frame_0020.jpg;custom_dataset\processed\VID_7\008\frame_0021.jpg;custom_dataset\processed\VID_7\008\frame_0022.jpg;custom_dataset\processed\VID_7\008\frame_0023.jpg;custom_dataset\processed\VID_7\008\frame_0024.jpg;custom_dataset\processed\VID_7\008\frame_0025.jpg;custom_dataset\processed\VID_7\008\frame_0026.jpg;custom_dataset\processed\VID_7\008\frame_0027.jpg,
VID_7_008_C06,VID_7,VID_7.mp4,8,VID_7_008,6,8,custom_dataset\processed\VID_7\008\frame_0024.jpg;custom_dataset\processed\VID_7\008\frame_0025.jpg;custom_dataset\processed\VID_7\008\frame_0026.jpg;custom_dataset\processed\VID_7\008\frame_0027.jpg;custom_dataset\processed\VID_7\008\frame_0028.jpg;custom_dataset\processed\VID_7\008\frame_0029.jpg;custom_dataset\processed\VID_7\008\frame_0030.jpg;custom_dataset\processed\VID_7\008\frame_0031.jpg,
VID_7_008_C07,VID_7,VID_7.mp4,8,VID_7_008,7,8,custom_dataset\processed\VID_7\008\frame_0028.jpg;custom_dataset\processed\VID_7\008\frame_0029.jpg;custom_dataset\processed\VID_7\008\frame_0030.jpg;custom_dataset\processed\VID_7\008\frame_0031.jpg;custom_dataset\processed\VID_7\008\frame_0032.jpg;custom_dataset\processed\VID_7\008\frame_0033.jpg;custom_dataset\processed\VID_7\008\frame_0034.jpg;custom_dataset\processed\VID_7\008\frame_0035.jpg,
VID_7_008_C08,VID_7,VID_7.mp4,8,VID_7_008,8,8,custom_dataset\processed\VID_7\008\frame_0032.jpg;custom_dataset\processed\VID_7\008\frame_0033.jpg;custom_dataset\processed\VID_7\008\frame_0034.jpg;custom_dataset\processed\VID_7\008\frame_0035.jpg;custom_dataset\processed\VID_7\008\frame_0036.jpg;custom_dataset\processed\VID_7\008\frame_0037.jpg;custom_dataset\processed\VID_7\008\frame_0038.jpg;custom_dataset\processed\VID_7\008\frame_0039.jpg,
VID_7_008_C09,VID_7,VID_7.mp4,8,VID_7_008,9,8,custom_dataset\processed\VID_7\008\frame_0036.jpg;custom_dataset\processed\VID_7\008\frame_0037.jpg;custom_dataset\processed\VID_7\008\frame_0038.jpg;custom_dataset\processed\VID_7\008\frame_0039.jpg;custom_dataset\processed\VID_7\008\frame_0040.jpg;custom_dataset\processed\VID_7\008\frame_0041.jpg;custom_dataset\processed\VID_7\008\frame_0042.jpg;custom_dataset\processed\VID_7\008\frame_0043.jpg,
VID_7_009_C00,VID_7,VID_7.mp4,9,VID_7_009,0,8,custom_dataset\processed\VID_7\009\frame_0000.jpg;custom_dataset\processed\VID_7\009\frame_0001.jpg;custom_dataset\processed\VID_7\009\frame_0002.jpg;custom_dataset\processed\VID_7\009\frame_0003.jpg;custom_dataset\processed\VID_7\009\frame_0004.jpg;custom_dataset\processed\VID_7\009\frame_0005.jpg;custom_dataset\processed\VID_7\009\frame_0006.jpg;custom_dataset\processed\VID_7\009\frame_0007.jpg,
VID_7_012_C00,VID_7,VID_7.mp4,12,VID_7_012,0,8,custom_dataset\processed\VID_7\012\frame_0010.jpg;custom_dataset\processed\VID_7\012\frame_0012.jpg;custom_dataset\processed\VID_7\012\frame_0013.jpg;custom_dataset\processed\VID_7\012\frame_0014.jpg;custom_dataset\processed\VID_7\012\frame_0017.jpg;custom_dataset\processed\VID_7\012\frame_0018.jpg;custom_dataset\processed\VID_7\012\frame_0019.jpg;custom_dataset\processed\VID_7\012\frame_0020.jpg,
VID_7_016_C00,VID_7,VID_7.mp4,16,VID_7_016,0,8,custom_dataset\processed\VID_7\016\frame_0022.jpg;custom_dataset\processed\VID_7\016\frame_0024.jpg;custom_dataset\processed\VID_7\016\frame_0025.jpg;custom_dataset\processed\VID_7\016\frame_0026.jpg;custom_dataset\processed\VID_7\016\frame_0029.jpg;custom_dataset\processed\VID_7\016\frame_0030.jpg;custom_dataset\processed\VID_7\016\frame_0033.jpg;custom_dataset\processed\VID_7\016\frame_0037.jpg,
VID_7_016_C01,VID_7,VID_7.mp4,16,VID_7_016,1,8,custom_dataset\processed\VID_7\016\frame_0029.jpg;custom_dataset\processed\VID_7\016\frame_0030.jpg;custom_dataset\processed\VID_7\016\frame_0033.jpg;custom_dataset\processed\VID_7\016\frame_0037.jpg;custom_dataset\processed\VID_7\016\frame_0039.jpg;custom_dataset\processed\VID_7\016\frame_0040.jpg;custom_dataset\processed\VID_7\016\frame_0042.jpg;custom_dataset\processed\VID_7\016\frame_0043.jpg,
VID_8_001_C00,VID_8,VID_8.mp4,1,VID_8_001,0,8,custom_dataset\processed\VID_8\001\frame_0000.jpg;custom_dataset\processed\VID_8\001\frame_0001.jpg;custom_dataset\processed\VID_8\001\frame_0002.jpg;custom_dataset\processed\VID_8\001\frame_0003.jpg;custom_dataset\processed\VID_8\001\frame_0004.jpg;custom_dataset\processed\VID_8\001\frame_0005.jpg;custom_dataset\processed\VID_8\001\frame_0006.jpg;custom_dataset\processed\VID_8\001\frame_0007.jpg,
VID_8_001_C01,VID_8,VID_8.mp4,1,VID_8_001,1,8,custom_dataset\processed\VID_8\001\frame_0004.jpg;custom_dataset\processed\VID_8\001\frame_0005.jpg;custom_dataset\processed\VID_8\001\frame_0006.jpg;custom_dataset\processed\VID_8\001\frame_0007.jpg;custom_dataset\processed\VID_8\001\frame_0008.jpg;custom_dataset\processed\VID_8\001\frame_0009.jpg;custom_dataset\processed\VID_8\001\frame_0010.jpg;custom_dataset\processed\VID_8\001\frame_0011.jpg,
VID_8_001_C02,VID_8,VID_8.mp4,1,VID_8_001,2,8,custom_dataset\processed\VID_8\001\frame_0008.jpg;custom_dataset\processed\VID_8\001\frame_0009.jpg;custom_dataset\processed\VID_8\001\frame_0010.jpg;custom_dataset\processed\VID_8\001\frame_0011.jpg;custom_dataset\processed\VID_8\001\frame_0012.jpg;custom_dataset\processed\VID_8\001\frame_0013.jpg;custom_dataset\processed\VID_8\001\frame_0014.jpg;custom_dataset\processed\VID_8\001\frame_0015.jpg,
VID_8_001_C03,VID_8,VID_8.mp4,1,VID_8_001,3,8,custom_dataset\processed\VID_8\001\frame_0012.jpg;custom_dataset\processed\VID_8\001\frame_0013.jpg;custom_dataset\processed\VID_8\001\frame_0014.jpg;custom_dataset\processed\VID_8\001\frame_0015.jpg;custom_dataset\processed\VID_8\001\frame_0016.jpg;custom_dataset\processed\VID_8\001\frame_0017.jpg;custom_dataset\processed\VID_8\001\frame_0018.jpg;custom_dataset\processed\VID_8\001\frame_0019.jpg,
VID_8_001_C04,VID_8,VID_8.mp4,1,VID_8_001,4,8,custom_dataset\processed\VID_8\001\frame_0016.jpg;custom_dataset\processed\VID_8\001\frame_0017.jpg;custom_dataset\processed\VID_8\001\frame_0018.jpg;custom_dataset\processed\VID_8\001\frame_0019.jpg;custom_dataset\processed\VID_8\001\frame_0020.jpg;custom_dataset\processed\VID_8\001\frame_0021.jpg;custom_dataset\processed\VID_8\001\frame_0022.jpg;custom_dataset\processed\VID_8\001\frame_0023.jpg,
VID_8_001_C05,VID_8,VID_8.mp4,1,VID_8_001,5,8,custom_dataset\processed\VID_8\001\frame_0020.jpg;custom_dataset\processed\VID_8\001\frame_0021.jpg;custom_dataset\processed\VID_8\001\frame_0022.jpg;custom_dataset\processed\VID_8\001\frame_0023.jpg;custom_dataset\processed\VID_8\001\frame_0024.jpg;custom_dataset\processed\VID_8\001\frame_0025.jpg;custom_dataset\processed\VID_8\001\frame_0026.jpg;custom_dataset\processed\VID_8\001\frame_0027.jpg,
VID_8_001_C06,VID_8,VID_8.mp4,1,VID_8_001,6,8,custom_dataset\processed\VID_8\001\frame_0024.jpg;custom_dataset\processed\VID_8\001\frame_0025.jpg;custom_dataset\processed\VID_8\001\frame_0026.jpg;custom_dataset\processed\VID_8\001\frame_0027.jpg;custom_dataset\processed\VID_8\001\frame_0028.jpg;custom_dataset\processed\VID_8\001\frame_0029.jpg;custom_dataset\processed\VID_8\001\frame_0030.jpg;custom_dataset\processed\VID_8\001\frame_0031.jpg,
VID_8_001_C07,VID_8,VID_8.mp4,1,VID_8_001,7,8,custom_dataset\processed\VID_8\001\frame_0028.jpg;custom_dataset\processed\VID_8\001\frame_0029.jpg;custom_dataset\processed\VID_8\001\frame_0030.jpg;custom_dataset\processed\VID_8\001\frame_0031.jpg;custom_dataset\processed\VID_8\001\frame_0032.jpg;custom_dataset\processed\VID_8\001\frame_0033.jpg;custom_dataset\processed\VID_8\001\frame_0034.jpg;custom_dataset\processed\VID_8\001\frame_0035.jpg,
VID_8_001_C08,VID_8,VID_8.mp4,1,VID_8_001,8,8,custom_dataset\processed\VID_8\001\frame_0032.jpg;custom_dataset\processed\VID_8\001\frame_0033.jpg;custom_dataset\processed\VID_8\001\frame_0034.jpg;custom_dataset\processed\VID_8\001\frame_0035.jpg;custom_dataset\processed\VID_8\001\frame_0036.jpg;custom_dataset\processed\VID_8\001\frame_0037.jpg;custom_dataset\processed\VID_8\001\frame_0038.jpg;custom_dataset\processed\VID_8\001\frame_0039.jpg,
VID_8_002_C00,VID_8,VID_8.mp4,2,VID_8_002,0,8,custom_dataset\processed\VID_8\002\frame_0000.jpg;custom_dataset\processed\VID_8\002\frame_0001.jpg;custom_dataset\processed\VID_8\002\frame_0002.jpg;custom_dataset\processed\VID_8\002\frame_0003.jpg;custom_dataset\processed\VID_8\002\frame_0004.jpg;custom_dataset\processed\VID_8\002\frame_0005.jpg;custom_dataset\processed\VID_8\002\frame_0006.jpg;custom_dataset\processed\VID_8\002\frame_0007.jpg,
VID_8_002_C01,VID_8,VID_8.mp4,2,VID_8_002,1,8,custom_dataset\processed\VID_8\002\frame_0004.jpg;custom_dataset\processed\VID_8\002\frame_0005.jpg;custom_dataset\processed\VID_8\002\frame_0006.jpg;custom_dataset\processed\VID_8\002\frame_0007.jpg;custom_dataset\processed\VID_8\002\frame_0008.jpg;custom_dataset\processed\VID_8\002\frame_0009.jpg;custom_dataset\processed\VID_8\002\frame_0010.jpg;custom_dataset\processed\VID_8\002\frame_0011.jpg,
VID_8_002_C02,VID_8,VID_8.mp4,2,VID_8_002,2,8,custom_dataset\processed\VID_8\002\frame_0008.jpg;custom_dataset\processed\VID_8\002\frame_0009.jpg;custom_dataset\processed\VID_8\002\frame_0010.jpg;custom_dataset\processed\VID_8\002\frame_0011.jpg;custom_dataset\processed\VID_8\002\frame_0012.jpg;custom_dataset\processed\VID_8\002\frame_0013.jpg;custom_dataset\processed\VID_8\002\frame_0014.jpg;custom_dataset\processed\VID_8\002\frame_0015.jpg,
VID_8_002_C03,VID_8,VID_8.mp4,2,VID_8_002,3,8,custom_dataset\processed\VID_8\002\frame_0012.jpg;custom_dataset\processed\VID_8\002\frame_0013.jpg;custom_dataset\processed\VID_8\002\frame_0014.jpg;custom_dataset\processed\VID_8\002\frame_0015.jpg;custom_dataset\processed\VID_8\002\frame_0016.jpg;custom_dataset\processed\VID_8\002\frame_0017.jpg;custom_dataset\processed\VID_8\002\frame_0018.jpg;custom_dataset\processed\VID_8\002\frame_0019.jpg,
VID_8_002_C04,VID_8,VID_8.mp4,2,VID_8_002,4,8,custom_dataset\processed\VID_8\002\frame_0016.jpg;custom_dataset\processed\VID_8\002\frame_0017.jpg;custom_dataset\processed\VID_8\002\frame_0018.jpg;custom_dataset\processed\VID_8\002\frame_0019.jpg;custom_dataset\processed\VID_8\002\frame_0020.jpg;custom_dataset\processed\VID_8\002\frame_0021.jpg;custom_dataset\processed\VID_8\002\frame_0022.jpg;custom_dataset\processed\VID_8\002\frame_0023.jpg,
VID_8_002_C05,VID_8,VID_8.mp4,2,VID_8_002,5,8,custom_dataset\processed\VID_8\002\frame_0020.jpg;custom_dataset\processed\VID_8\002\frame_0021.jpg;custom_dataset\processed\VID_8\002\frame_0022.jpg;custom_dataset\processed\VID_8\002\frame_0023.jpg;custom_dataset\processed\VID_8\002\frame_0024.jpg;custom_dataset\processed\VID_8\002\frame_0025.jpg;custom_dataset\processed\VID_8\002\frame_0026.jpg;custom_dataset\processed\VID_8\002\frame_0027.jpg,
VID_8_002_C06,VID_8,VID_8.mp4,2,VID_8_002,6,8,custom_dataset\processed\VID_8\002\frame_0024.jpg;custom_dataset\processed\VID_8\002\frame_0025.jpg;custom_dataset\processed\VID_8\002\frame_0026.jpg;custom_dataset\processed\VID_8\002\frame_0027.jpg;custom_dataset\processed\VID_8\002\frame_0028.jpg;custom_dataset\processed\VID_8\002\frame_0029.jpg;custom_dataset\processed\VID_8\002\frame_0030.jpg;custom_dataset\processed\VID_8\002\frame_0031.jpg,
VID_8_002_C07,VID_8,VID_8.mp4,2,VID_8_002,7,8,custom_dataset\processed\VID_8\002\frame_0028.jpg;custom_dataset\processed\VID_8\002\frame_0029.jpg;custom_dataset\processed\VID_8\002\frame_0030.jpg;custom_dataset\processed\VID_8\002\frame_0031.jpg;custom_dataset\processed\VID_8\002\frame_0032.jpg;custom_dataset\processed\VID_8\002\frame_0033.jpg;custom_dataset\processed\VID_8\002\frame_0034.jpg;custom_dataset\processed\VID_8\002\frame_0035.jpg,
VID_8_002_C08,VID_8,VID_8.mp4,2,VID_8_002,8,8,custom_dataset\processed\VID_8\002\frame_0032.jpg;custom_dataset\processed\VID_8\002\frame_0033.jpg;custom_dataset\processed\VID_8\002\frame_0034.jpg;custom_dataset\processed\VID_8\002\frame_0035.jpg;custom_dataset\processed\VID_8\002\frame_0036.jpg;custom_dataset\processed\VID_8\002\frame_0037.jpg;custom_dataset\processed\VID_8\002\frame_0038.jpg;custom_dataset\processed\VID_8\002\frame_0039.jpg,
VID_8_003_C00,VID_8,VID_8.mp4,3,VID_8_003,0,8,custom_dataset\processed\VID_8\003\frame_0000.jpg;custom_dataset\processed\VID_8\003\frame_0001.jpg;custom_dataset\processed\VID_8\003\frame_0002.jpg;custom_dataset\processed\VID_8\003\frame_0003.jpg;custom_dataset\processed\VID_8\003\frame_0004.jpg;custom_dataset\processed\VID_8\003\frame_0005.jpg;custom_dataset\processed\VID_8\003\frame_0006.jpg;custom_dataset\processed\VID_8\003\frame_0007.jpg,
VID_8_003_C01,VID_8,VID_8.mp4,3,VID_8_003,1,8,custom_dataset\processed\VID_8\003\frame_0004.jpg;custom_dataset\processed\VID_8\003\frame_0005.jpg;custom_dataset\processed\VID_8\003\frame_0006.jpg;custom_dataset\processed\VID_8\003\frame_0007.jpg;custom_dataset\processed\VID_8\003\frame_0008.jpg;custom_dataset\processed\VID_8\003\frame_0009.jpg;custom_dataset\processed\VID_8\003\frame_0010.jpg;custom_dataset\processed\VID_8\003\frame_0011.jpg,
VID_8_003_C02,VID_8,VID_8.mp4,3,VID_8_003,2,8,custom_dataset\processed\VID_8\003\frame_0008.jpg;custom_dataset\processed\VID_8\003\frame_0009.jpg;custom_dataset\processed\VID_8\003\frame_0010.jpg;custom_dataset\processed\VID_8\003\frame_0011.jpg;custom_dataset\processed\VID_8\003\frame_0012.jpg;custom_dataset\processed\VID_8\003\frame_0013.jpg;custom_dataset\processed\VID_8\003\frame_0014.jpg;custom_dataset\processed\VID_8\003\frame_0015.jpg,
VID_8_003_C03,VID_8,VID_8.mp4,3,VID_8_003,3,8,custom_dataset\processed\VID_8\003\frame_0012.jpg;custom_dataset\processed\VID_8\003\frame_0013.jpg;custom_dataset\processed\VID_8\003\frame_0014.jpg;custom_dataset\processed\VID_8\003\frame_0015.jpg;custom_dataset\processed\VID_8\003\frame_0016.jpg;custom_dataset\processed\VID_8\003\frame_0017.jpg;custom_dataset\processed\VID_8\003\frame_0018.jpg;custom_dataset\processed\VID_8\003\frame_0019.jpg,
VID_8_003_C04,VID_8,VID_8.mp4,3,VID_8_003,4,8,custom_dataset\processed\VID_8\003\frame_0016.jpg;custom_dataset\processed\VID_8\003\frame_0017.jpg;custom_dataset\processed\VID_8\003\frame_0018.jpg;custom_dataset\processed\VID_8\003\frame_0019.jpg;custom_dataset\processed\VID_8\003\frame_0020.jpg;custom_dataset\processed\VID_8\003\frame_0021.jpg;custom_dataset\processed\VID_8\003\frame_0022.jpg;custom_dataset\processed\VID_8\003\frame_0023.jpg,
VID_8_003_C05,VID_8,VID_8.mp4,3,VID_8_003,5,8,custom_dataset\processed\VID_8\003\frame_0020.jpg;custom_dataset\processed\VID_8\003\frame_0021.jpg;custom_dataset\processed\VID_8\003\frame_0022.jpg;custom_dataset\processed\VID_8\003\frame_0023.jpg;custom_dataset\processed\VID_8\003\frame_0024.jpg;custom_dataset\processed\VID_8\003\frame_0025.jpg;custom_dataset\processed\VID_8\003\frame_0026.jpg;custom_dataset\processed\VID_8\003\frame_0027.jpg,
VID_8_004_C00,VID_8,VID_8.mp4,4,VID_8_004,0,8,custom_dataset\processed\VID_8\004\frame_0000.jpg;custom_dataset\processed\VID_8\004\frame_0001.jpg;custom_dataset\processed\VID_8\004\frame_0002.jpg;custom_dataset\processed\VID_8\004\frame_0003.jpg;custom_dataset\processed\VID_8\004\frame_0004.jpg;custom_dataset\processed\VID_8\004\frame_0005.jpg;custom_dataset\processed\VID_8\004\frame_0006.jpg;custom_dataset\processed\VID_8\004\frame_0007.jpg,
VID_8_004_C01,VID_8,VID_8.mp4,4,VID_8_004,1,8,custom_dataset\processed\VID_8\004\frame_0004.jpg;custom_dataset\processed\VID_8\004\frame_0005.jpg;custom_dataset\processed\VID_8\004\frame_0006.jpg;custom_dataset\processed\VID_8\004\frame_0007.jpg;custom_dataset\processed\VID_8\004\frame_0008.jpg;custom_dataset\processed\VID_8\004\frame_0009.jpg;custom_dataset\processed\VID_8\004\frame_0010.jpg;custom_dataset\processed\VID_8\004\frame_0011.jpg,
VID_8_004_C02,VID_8,VID_8.mp4,4,VID_8_004,2,8,custom_dataset\processed\VID_8\004\frame_0008.jpg;custom_dataset\processed\VID_8\004\frame_0009.jpg;custom_dataset\processed\VID_8\004\frame_0010.jpg;custom_dataset\processed\VID_8\004\frame_0011.jpg;custom_dataset\processed\VID_8\004\frame_0012.jpg;custom_dataset\processed\VID_8\004\frame_0013.jpg;custom_dataset\processed\VID_8\004\frame_0014.jpg;custom_dataset\processed\VID_8\004\frame_0015.jpg,
VID_8_004_C03,VID_8,VID_8.mp4,4,VID_8_004,3,8,custom_dataset\processed\VID_8\004\frame_0012.jpg;custom_dataset\processed\VID_8\004\frame_0013.jpg;custom_dataset\processed\VID_8\004\frame_0014.jpg;custom_dataset\processed\VID_8\004\frame_0015.jpg;custom_dataset\processed\VID_8\004\frame_0016.jpg;custom_dataset\processed\VID_8\004\frame_0017.jpg;custom_dataset\processed\VID_8\004\frame_0018.jpg;custom_dataset\processed\VID_8\004\frame_0019.jpg,
VID_8_004_C04,VID_8,VID_8.mp4,4,VID_8_004,4,8,custom_dataset\processed\VID_8\004\frame_0016.jpg;custom_dataset\processed\VID_8\004\frame_0017.jpg;custom_dataset\processed\VID_8\004\frame_0018.jpg;custom_dataset\processed\VID_8\004\frame_0019.jpg;custom_dataset\processed\VID_8\004\frame_0020.jpg;custom_dataset\processed\VID_8\004\frame_0021.jpg;custom_dataset\processed\VID_8\004\frame_0022.jpg;custom_dataset\processed\VID_8\004\frame_0023.jpg,
VID_8_004_C05,VID_8,VID_8.mp4,4,VID_8_004,5,8,custom_dataset\processed\VID_8\004\frame_0020.jpg;custom_dataset\processed\VID_8\004\frame_0021.jpg;custom_dataset\processed\VID_8\004\frame_0022.jpg;custom_dataset\processed\VID_8\004\frame_0023.jpg;custom_dataset\processed\VID_8\004\frame_0024.jpg;custom_dataset\processed\VID_8\004\frame_0025.jpg;custom_dataset\processed\VID_8\004\frame_0026.jpg;custom_dataset\processed\VID_8\004\frame_0027.jpg,
VID_8_004_C06,VID_8,VID_8.mp4,4,VID_8_004,6,8,custom_dataset\processed\VID_8\004\frame_0024.jpg;custom_dataset\processed\VID_8\004\frame_0025.jpg;custom_dataset\processed\VID_8\004\frame_0026.jpg;custom_dataset\processed\VID_8\004\frame_0027.jpg;custom_dataset\processed\VID_8\004\frame_0028.jpg;custom_dataset\processed\VID_8\004\frame_0029.jpg;custom_dataset\processed\VID_8\004\frame_0030.jpg;custom_dataset\processed\VID_8\004\frame_0031.jpg,
VID_8_004_C07,VID_8,VID_8.mp4,4,VID_8_004,7,8,custom_dataset\processed\VID_8\004\frame_0028.jpg;custom_dataset\processed\VID_8\004\frame_0029.jpg;custom_dataset\processed\VID_8\004\frame_0030.jpg;custom_dataset\processed\VID_8\004\frame_0031.jpg;custom_dataset\processed\VID_8\004\frame_0032.jpg;custom_dataset\processed\VID_8\004\frame_0033.jpg;custom_dataset\processed\VID_8\004\frame_0034.jpg;custom_dataset\processed\VID_8\004\frame_0035.jpg,
VID_8_004_C08,VID_8,VID_8.mp4,4,VID_8_004,8,8,custom_dataset\processed\VID_8\004\frame_0032.jpg;custom_dataset\processed\VID_8\004\frame_0033.jpg;custom_dataset\processed\VID_8\004\frame_0034.jpg;custom_dataset\processed\VID_8\004\frame_0035.jpg;custom_dataset\processed\VID_8\004\frame_0036.jpg;custom_dataset\processed\VID_8\004\frame_0037.jpg;custom_dataset\processed\VID_8\004\frame_0038.jpg;custom_dataset\processed\VID_8\004\frame_0039.jpg,
VID_8_005_C00,VID_8,VID_8.mp4,5,VID_8_005,0,8,custom_dataset\processed\VID_8\005\frame_0000.jpg;custom_dataset\processed\VID_8\005\frame_0001.jpg;custom_dataset\processed\VID_8\005\frame_0002.jpg;custom_dataset\processed\VID_8\005\frame_0003.jpg;custom_dataset\processed\VID_8\005\frame_0004.jpg;custom_dataset\processed\VID_8\005\frame_0005.jpg;custom_dataset\processed\VID_8\005\frame_0006.jpg;custom_dataset\processed\VID_8\005\frame_0007.jpg,
VID_8_005_C01,VID_8,VID_8.mp4,5,VID_8_005,1,8,custom_dataset\processed\VID_8\005\frame_0004.jpg;custom_dataset\processed\VID_8\005\frame_0005.jpg;custom_dataset\processed\VID_8\005\frame_0006.jpg;custom_dataset\processed\VID_8\005\frame_0007.jpg;custom_dataset\processed\VID_8\005\frame_0008.jpg;custom_dataset\processed\VID_8\005\frame_0009.jpg;custom_dataset\processed\VID_8\005\frame_0010.jpg;custom_dataset\processed\VID_8\005\frame_0011.jpg,
VID_8_006_C00,VID_8,VID_8.mp4,6,VID_8_006,0,8,custom_dataset\processed\VID_8\006\frame_0000.jpg;custom_dataset\processed\VID_8\006\frame_0001.jpg;custom_dataset\processed\VID_8\006\frame_0002.jpg;custom_dataset\processed\VID_8\006\frame_0003.jpg;custom_dataset\processed\VID_8\006\frame_0004.jpg;custom_dataset\processed\VID_8\006\frame_0005.jpg;custom_dataset\processed\VID_8\006\frame_0006.jpg;custom_dataset\processed\VID_8\006\frame_0007.jpg,
VID_8_006_C01,VID_8,VID_8.mp4,6,VID_8_006,1,8,custom_dataset\processed\VID_8\006\frame_0004.jpg;custom_dataset\processed\VID_8\006\frame_0005.jpg;custom_dataset\processed\VID_8\006\frame_0006.jpg;custom_dataset\processed\VID_8\006\frame_0007.jpg;custom_dataset\processed\VID_8\006\frame_0010.jpg;custom_dataset\processed\VID_8\006\frame_0012.jpg;custom_dataset\processed\VID_8\006\frame_0013.jpg;custom_dataset\processed\VID_8\006\frame_0014.jpg,
VID_8_006_C02,VID_8,VID_8.mp4,6,VID_8_006,2,8,custom_dataset\processed\VID_8\006\frame_0010.jpg;custom_dataset\processed\VID_8\006\frame_0012.jpg;custom_dataset\processed\VID_8\006\frame_0013.jpg;custom_dataset\processed\VID_8\006\frame_0014.jpg;custom_dataset\processed\VID_8\006\frame_0015.jpg;custom_dataset\processed\VID_8\006\frame_0016.jpg;custom_dataset\processed\VID_8\006\frame_0017.jpg;custom_dataset\processed\VID_8\006\frame_0018.jpg,
VID_8_006_C03,VID_8,VID_8.mp4,6,VID_8_006,3,8,custom_dataset\processed\VID_8\006\frame_0015.jpg;custom_dataset\processed\VID_8\006\frame_0016.jpg;custom_dataset\processed\VID_8\006\frame_0017.jpg;custom_dataset\processed\VID_8\006\frame_0018.jpg;custom_dataset\processed\VID_8\006\frame_0019.jpg;custom_dataset\processed\VID_8\006\frame_0020.jpg;custom_dataset\processed\VID_8\006\frame_0021.jpg;custom_dataset\processed\VID_8\006\frame_0022.jpg,
VID_8_006_C04,VID_8,VID_8.mp4,6,VID_8_006,4,8,custom_dataset\processed\VID_8\006\frame_0019.jpg;custom_dataset\processed\VID_8\006\frame_0020.jpg;custom_dataset\processed\VID_8\006\frame_0021.jpg;custom_dataset\processed\VID_8\006\frame_0022.jpg;custom_dataset\processed\VID_8\006\frame_0023.jpg;custom_dataset\processed\VID_8\006\frame_0024.jpg;custom_dataset\processed\VID_8\006\frame_0025.jpg;custom_dataset\processed\VID_8\006\frame_0026.jpg,
VID_8_006_C05,VID_8,VID_8.mp4,6,VID_8_006,5,8,custom_dataset\processed\VID_8\006\frame_0023.jpg;custom_dataset\processed\VID_8\006\frame_0024.jpg;custom_dataset\processed\VID_8\006\frame_0025.jpg;custom_dataset\processed\VID_8\006\frame_0026.jpg;custom_dataset\processed\VID_8\006\frame_0027.jpg;custom_dataset\processed\VID_8\006\frame_0028.jpg;custom_dataset\processed\VID_8\006\frame_0029.jpg;custom_dataset\processed\VID_8\006\frame_0030.jpg,
VID_8_006_C06,VID_8,VID_8.mp4,6,VID_8_006,6,8,custom_dataset\processed\VID_8\006\frame_0027.jpg;custom_dataset\processed\VID_8\006\frame_0028.jpg;custom_dataset\processed\VID_8\006\frame_0029.jpg;custom_dataset\processed\VID_8\006\frame_0030.jpg;custom_dataset\processed\VID_8\006\frame_0031.jpg;custom_dataset\processed\VID_8\006\frame_0032.jpg;custom_dataset\processed\VID_8\006\frame_0033.jpg;custom_dataset\processed\VID_8\006\frame_0034.jpg,
VID_8_006_C07,VID_8,VID_8.mp4,6,VID_8_006,7,8,custom_dataset\processed\VID_8\006\frame_0031.jpg;custom_dataset\processed\VID_8\006\frame_0032.jpg;custom_dataset\processed\VID_8\006\frame_0033.jpg;custom_dataset\processed\VID_8\006\frame_0034.jpg;custom_dataset\processed\VID_8\006\frame_0035.jpg;custom_dataset\processed\VID_8\006\frame_0036.jpg;custom_dataset\processed\VID_8\006\frame_0037.jpg;custom_dataset\processed\VID_8\006\frame_0038.jpg,
VID_8_006_C08,VID_8,VID_8.mp4,6,VID_8_006,8,8,custom_dataset\processed\VID_8\006\frame_0035.jpg;custom_dataset\processed\VID_8\006\frame_0036.jpg;custom_dataset\processed\VID_8\006\frame_0037.jpg;custom_dataset\processed\VID_8\006\frame_0038.jpg;custom_dataset\processed\VID_8\006\frame_0039.jpg;custom_dataset\processed\VID_8\006\frame_0040.jpg;custom_dataset\processed\VID_8\006\frame_0041.jpg;custom_dataset\processed\VID_8\006\frame_0042.jpg,
VID_8_007_C00,VID_8,VID_8.mp4,7,VID_8_007,0,8,custom_dataset\processed\VID_8\007\frame_0000.jpg;custom_dataset\processed\VID_8\007\frame_0001.jpg;custom_dataset\processed\VID_8\007\frame_0002.jpg;custom_dataset\processed\VID_8\007\frame_0004.jpg;custom_dataset\processed\VID_8\007\frame_0005.jpg;custom_dataset\processed\VID_8\007\frame_0006.jpg;custom_dataset\processed\VID_8\007\frame_0007.jpg;custom_dataset\processed\VID_8\007\frame_0008.jpg,
VID_8_007_C01,VID_8,VID_8.mp4,7,VID_8_007,1,8,custom_dataset\processed\VID_8\007\frame_0005.jpg;custom_dataset\processed\VID_8\007\frame_0006.jpg;custom_dataset\processed\VID_8\007\frame_0007.jpg;custom_dataset\processed\VID_8\007\frame_0008.jpg;custom_dataset\processed\VID_8\007\frame_0009.jpg;custom_dataset\processed\VID_8\007\frame_0010.jpg;custom_dataset\processed\VID_8\007\frame_0011.jpg;custom_dataset\processed\VID_8\007\frame_0012.jpg,
VID_8_007_C02,VID_8,VID_8.mp4,7,VID_8_007,2,8,custom_dataset\processed\VID_8\007\frame_0009.jpg;custom_dataset\processed\VID_8\007\frame_0010.jpg;custom_dataset\processed\VID_8\007\frame_0011.jpg;custom_dataset\processed\VID_8\007\frame_0012.jpg;custom_dataset\processed\VID_8\007\frame_0013.jpg;custom_dataset\processed\VID_8\007\frame_0014.jpg;custom_dataset\processed\VID_8\007\frame_0015.jpg;custom_dataset\processed\VID_8\007\frame_0016.jpg,
VID_8_007_C03,VID_8,VID_8.mp4,7,VID_8_007,3,8,custom_dataset\processed\VID_8\007\frame_0013.jpg;custom_dataset\processed\VID_8\007\frame_0014.jpg;custom_dataset\processed\VID_8\007\frame_0015.jpg;custom_dataset\processed\VID_8\007\frame_0016.jpg;custom_dataset\processed\VID_8\007\frame_0017.jpg;custom_dataset\processed\VID_8\007\frame_0018.jpg;custom_dataset\processed\VID_8\007\frame_0019.jpg;custom_dataset\processed\VID_8\007\frame_0020.jpg,
VID_8_008_C00,VID_8,VID_8.mp4,8,VID_8_008,0,8,custom_dataset\processed\VID_8\008\frame_0000.jpg;custom_dataset\processed\VID_8\008\frame_0001.jpg;custom_dataset\processed\VID_8\008\frame_0002.jpg;custom_dataset\processed\VID_8\008\frame_0003.jpg;custom_dataset\processed\VID_8\008\frame_0006.jpg;custom_dataset\processed\VID_8\008\frame_0008.jpg;custom_dataset\processed\VID_8\008\frame_0009.jpg;custom_dataset\processed\VID_8\008\frame_0010.jpg,
VID_8_008_C01,VID_8,VID_8.mp4,8,VID_8_008,1,8,custom_dataset\processed\VID_8\008\frame_0006.jpg;custom_dataset\processed\VID_8\008\frame_0008.jpg;custom_dataset\processed\VID_8\008\frame_0009.jpg;custom_dataset\processed\VID_8\008\frame_0010.jpg;custom_dataset\processed\VID_8\008\frame_0011.jpg;custom_dataset\processed\VID_8\008\frame_0012.jpg;custom_dataset\processed\VID_8\008\frame_0013.jpg;custom_dataset\processed\VID_8\008\frame_0014.jpg,
VID_8_008_C02,VID_8,VID_8.mp4,8,VID_8_008,2,8,custom_dataset\processed\VID_8\008\frame_0011.jpg;custom_dataset\processed\VID_8\008\frame_0012.jpg;custom_dataset\processed\VID_8\008\frame_0013.jpg;custom_dataset\processed\VID_8\008\frame_0014.jpg;custom_dataset\processed\VID_8\008\frame_0015.jpg;custom_dataset\processed\VID_8\008\frame_0016.jpg;custom_dataset\processed\VID_8\008\frame_0018.jpg;custom_dataset\processed\VID_8\008\frame_0019.jpg,
VID_8_008_C03,VID_8,VID_8.mp4,8,VID_8_008,3,8,custom_dataset\processed\VID_8\008\frame_0015.jpg;custom_dataset\processed\VID_8\008\frame_0016.jpg;custom_dataset\processed\VID_8\008\frame_0018.jpg;custom_dataset\processed\VID_8\008\frame_0019.jpg;custom_dataset\processed\VID_8\008\frame_0020.jpg;custom_dataset\processed\VID_8\008\frame_0023.jpg;custom_dataset\processed\VID_8\008\frame_0025.jpg;custom_dataset\processed\VID_8\008\frame_0026.jpg,
VID_8_008_C04,VID_8,VID_8.mp4,8,VID_8_008,4,8,custom_dataset\processed\VID_8\008\frame_0020.jpg;custom_dataset\processed\VID_8\008\frame_0023.jpg;custom_dataset\processed\VID_8\008\frame_0025.jpg;custom_dataset\processed\VID_8\008\frame_0026.jpg;custom_dataset\processed\VID_8\008\frame_0028.jpg;custom_dataset\processed\VID_8\008\frame_0029.jpg;custom_dataset\processed\VID_8\008\frame_0031.jpg;custom_dataset\processed\VID_8\008\frame_0032.jpg,
VID_8_008_C05,VID_8,VID_8.mp4,8,VID_8_008,5,8,custom_dataset\processed\VID_8\008\frame_0028.jpg;custom_dataset\processed\VID_8\008\frame_0029.jpg;custom_dataset\processed\VID_8\008\frame_0031.jpg;custom_dataset\processed\VID_8\008\frame_0032.jpg;custom_dataset\processed\VID_8\008\frame_0033.jpg;custom_dataset\processed\VID_8\008\frame_0034.jpg;custom_dataset\processed\VID_8\008\frame_0035.jpg;custom_dataset\processed\VID_8\008\frame_0036.jpg,
VID_8_008_C06,VID_8,VID_8.mp4,8,VID_8_008,6,8,custom_dataset\processed\VID_8\008\frame_0033.jpg;custom_dataset\processed\VID_8\008\frame_0034.jpg;custom_dataset\processed\VID_8\008\frame_0035.jpg;custom_dataset\processed\VID_8\008\frame_0036.jpg;custom_dataset\processed\VID_8\008\frame_0038.jpg;custom_dataset\processed\VID_8\008\frame_0039.jpg;custom_dataset\processed\VID_8\008\frame_0040.jpg;custom_dataset\processed\VID_8\008\frame_0041.jpg,
VID_8_009_C00,VID_8,VID_8.mp4,9,VID_8_009,0,8,custom_dataset\processed\VID_8\009\frame_0000.jpg;custom_dataset\processed\VID_8\009\frame_0002.jpg;custom_dataset\processed\VID_8\009\frame_0004.jpg;custom_dataset\processed\VID_8\009\frame_0007.jpg;custom_dataset\processed\VID_8\009\frame_0008.jpg;custom_dataset\processed\VID_8\009\frame_0011.jpg;custom_dataset\processed\VID_8\009\frame_0012.jpg;custom_dataset\processed\VID_8\009\frame_0014.jpg,
VID_8_009_C01,VID_8,VID_8.mp4,9,VID_8_009,1,8,custom_dataset\processed\VID_8\009\frame_0008.jpg;custom_dataset\processed\VID_8\009\frame_0011.jpg;custom_dataset\processed\VID_8\009\frame_0012.jpg;custom_dataset\processed\VID_8\009\frame_0014.jpg;custom_dataset\processed\VID_8\009\frame_0018.jpg;custom_dataset\processed\VID_8\009\frame_0020.jpg;custom_dataset\processed\VID_8\009\frame_0021.jpg;custom_dataset\processed\VID_8\009\frame_0022.jpg,
VID_8_015_C00,VID_8,VID_8.mp4,15,VID_8_015,0,8,custom_dataset\processed\VID_8\015\frame_0006.jpg;custom_dataset\processed\VID_8\015\frame_0007.jpg;custom_dataset\processed\VID_8\015\frame_0008.jpg;custom_dataset\processed\VID_8\015\frame_0009.jpg;custom_dataset\processed\VID_8\015\frame_0010.jpg;custom_dataset\processed\VID_8\015\frame_0011.jpg;custom_dataset\processed\VID_8\015\frame_0012.jpg;custom_dataset\processed\VID_8\015\frame_0013.jpg,
VID_8_015_C01,VID_8,VID_8.mp4,15,VID_8_015,1,8,custom_dataset\processed\VID_8\015\frame_0010.jpg;custom_dataset\processed\VID_8\015\frame_0011.jpg;custom_dataset\processed\VID_8\015\frame_0012.jpg;custom_dataset\processed\VID_8\015\frame_0013.jpg;custom_dataset\processed\VID_8\015\frame_0014.jpg;custom_dataset\processed\VID_8\015\frame_0015.jpg;custom_dataset\processed\VID_8\015\frame_0016.jpg;custom_dataset\processed\VID_8\015\frame_0017.jpg,
VID_8_015_C02,VID_8,VID_8.mp4,15,VID_8_015,2,8,custom_dataset\processed\VID_8\015\frame_0014.jpg;custom_dataset\processed\VID_8\015\frame_0015.jpg;custom_dataset\processed\VID_8\015\frame_0016.jpg;custom_dataset\processed\VID_8\015\frame_0017.jpg;custom_dataset\processed\VID_8\015\frame_0018.jpg;custom_dataset\processed\VID_8\015\frame_0019.jpg;custom_dataset\processed\VID_8\015\frame_0020.jpg;custom_dataset\processed\VID_8\015\frame_0021.jpg,
VID_8_015_C03,VID_8,VID_8.mp4,15,VID_8_015,3,8,custom_dataset\processed\VID_8\015\frame_0018.jpg;custom_dataset\processed\VID_8\015\frame_0019.jpg;custom_dataset\processed\VID_8\015\frame_0020.jpg;custom_dataset\processed\VID_8\015\frame_0021.jpg;custom_dataset\processed\VID_8\015\frame_0022.jpg;custom_dataset\processed\VID_8\015\frame_0023.jpg;custom_dataset\processed\VID_8\015\frame_0024.jpg;custom_dataset\processed\VID_8\015\frame_0025.jpg,
VID_8_015_C04,VID_8,VID_8.mp4,15,VID_8_015,4,8,custom_dataset\processed\VID_8\015\frame_0022.jpg;custom_dataset\processed\VID_8\015\frame_0023.jpg;custom_dataset\processed\VID_8\015\frame_0024.jpg;custom_dataset\processed\VID_8\015\frame_0025.jpg;custom_dataset\processed\VID_8\015\frame_0026.jpg;custom_dataset\processed\VID_8\015\frame_0027.jpg;custom_dataset\processed\VID_8\015\frame_0028.jpg;custom_dataset\processed\VID_8\015\frame_0029.jpg,
VID_8_015_C05,VID_8,VID_8.mp4,15,VID_8_015,5,8,custom_dataset\processed\VID_8\015\frame_0026.jpg;custom_dataset\processed\VID_8\015\frame_0027.jpg;custom_dataset\processed\VID_8\015\frame_0028.jpg;custom_dataset\processed\VID_8\015\frame_0029.jpg;custom_dataset\processed\VID_8\015\frame_0030.jpg;custom_dataset\processed\VID_8\015\frame_0031.jpg;custom_dataset\processed\VID_8\015\frame_0032.jpg;custom_dataset\processed\VID_8\015\frame_0033.jpg,
VID_8_015_C06,VID_8,VID_8.mp4,15,VID_8_015,6,8,custom_dataset\processed\VID_8\015\frame_0030.jpg;custom_dataset\processed\VID_8\015\frame_0031.jpg;custom_dataset\processed\VID_8\015\frame_0032.jpg;custom_dataset\processed\VID_8\015\frame_0033.jpg;custom_dataset\processed\VID_8\015\frame_0034.jpg;custom_dataset\processed\VID_8\015\frame_0035.jpg;custom_dataset\processed\VID_8\015\frame_0036.jpg;custom_dataset\processed\VID_8\015\frame_0037.jpg,
VID_8_015_C07,VID_8,VID_8.mp4,15,VID_8_015,7,8,custom_dataset\processed\VID_8\015\frame_0034.jpg;custom_dataset\processed\VID_8\015\frame_0035.jpg;custom_dataset\processed\VID_8\015\frame_0036.jpg;custom_dataset\processed\VID_8\015\frame_0037.jpg;custom_dataset\processed\VID_8\015\frame_0038.jpg;custom_dataset\processed\VID_8\015\frame_0039.jpg;custom_dataset\processed\VID_8\015\frame_0040.jpg;custom_dataset\processed\VID_8\015\frame_0041.jpg,
VID_8_016_C00,VID_8,VID_8.mp4,16,VID_8_016,0,8,custom_dataset\processed\VID_8\016\frame_0007.jpg;custom_dataset\processed\VID_8\016\frame_0008.jpg;custom_dataset\processed\VID_8\016\frame_0009.jpg;custom_dataset\processed\VID_8\016\frame_0010.jpg;custom_dataset\processed\VID_8\016\frame_0011.jpg;custom_dataset\processed\VID_8\016\frame_0012.jpg;custom_dataset\processed\VID_8\016\frame_0013.jpg;custom_dataset\processed\VID_8\016\frame_0014.jpg,
VID_8_016_C01,VID_8,VID_8.mp4,16,VID_8_016,1,8,custom_dataset\processed\VID_8\016\frame_0011.jpg;custom_dataset\processed\VID_8\016\frame_0012.jpg;custom_dataset\processed\VID_8\016\frame_0013.jpg;custom_dataset\processed\VID_8\016\frame_0014.jpg;custom_dataset\processed\VID_8\016\frame_0015.jpg;custom_dataset\processed\VID_8\016\frame_0016.jpg;custom_dataset\processed\VID_8\016\frame_0017.jpg;custom_dataset\processed\VID_8\016\frame_0018.jpg,
VID_8_016_C02,VID_8,VID_8.mp4,16,VID_8_016,2,8,custom_dataset\processed\VID_8\016\frame_0015.jpg;custom_dataset\processed\VID_8\016\frame_0016.jpg;custom_dataset\processed\VID_8\016\frame_0017.jpg;custom_dataset\processed\VID_8\016\frame_0018.jpg;custom_dataset\processed\VID_8\016\frame_0019.jpg;custom_dataset\processed\VID_8\016\frame_0020.jpg;custom_dataset\processed\VID_8\016\frame_0021.jpg;custom_dataset\processed\VID_8\016\frame_0022.jpg,
VID_8_016_C03,VID_8,VID_8.mp4,16,VID_8_016,3,8,custom_dataset\processed\VID_8\016\frame_0019.jpg;custom_dataset\processed\VID_8\016\frame_0020.jpg;custom_dataset\processed\VID_8\016\frame_0021.jpg;custom_dataset\processed\VID_8\016\frame_0022.jpg;custom_dataset\processed\VID_8\016\frame_0023.jpg;custom_dataset\processed\VID_8\016\frame_0024.jpg;custom_dataset\processed\VID_8\016\frame_0025.jpg;custom_dataset\processed\VID_8\016\frame_0026.jpg,
VID_8_020_C00,VID_8,VID_8.mp4,20,VID_8_020,0,8,custom_dataset\processed\VID_8\020\frame_0019.jpg;custom_dataset\processed\VID_8\020\frame_0020.jpg;custom_dataset\processed\VID_8\020\frame_0021.jpg;custom_dataset\processed\VID_8\020\frame_0022.jpg;custom_dataset\processed\VID_8\020\frame_0023.jpg;custom_dataset\processed\VID_8\020\frame_0024.jpg;custom_dataset\processed\VID_8\020\frame_0025.jpg;custom_dataset\processed\VID_8\020\frame_0026.jpg,
VID_8_020_C01,VID_8,VID_8.mp4,20,VID_8_020,1,8,custom_dataset\processed\VID_8\020\frame_0023.jpg;custom_dataset\processed\VID_8\020\frame_0024.jpg;custom_dataset\processed\VID_8\020\frame_0025.jpg;custom_dataset\processed\VID_8\020\frame_0026.jpg;custom_dataset\processed\VID_8\020\frame_0027.jpg;custom_dataset\processed\VID_8\020\frame_0028.jpg;custom_dataset\processed\VID_8\020\frame_0030.jpg;custom_dataset\processed\VID_8\020\frame_0031.jpg,
VID_8_022_C00,VID_8,VID_8.mp4,22,VID_8_022,0,8,custom_dataset\processed\VID_8\022\frame_0023.jpg;custom_dataset\processed\VID_8\022\frame_0025.jpg;custom_dataset\processed\VID_8\022\frame_0026.jpg;custom_dataset\processed\VID_8\022\frame_0028.jpg;custom_dataset\processed\VID_8\022\frame_0029.jpg;custom_dataset\processed\VID_8\022\frame_0031.jpg;custom_dataset\processed\VID_8\022\frame_0032.jpg;custom_dataset\processed\VID_8\022\frame_0033.jpg,
VID_8_022_C01,VID_8,VID_8.mp4,22,VID_8_022,1,8,custom_dataset\processed\VID_8\022\frame_0029.jpg;custom_dataset\processed\VID_8\022\frame_0031.jpg;custom_dataset\processed\VID_8\022\frame_0032.jpg;custom_dataset\processed\VID_8\022\frame_0033.jpg;custom_dataset\processed\VID_8\022\frame_0034.jpg;custom_dataset\processed\VID_8\022\frame_0035.jpg;custom_dataset\processed\VID_8\022\frame_0036.jpg;custom_dataset\processed\VID_8\022\frame_0037.jpg,
VID_8_022_C02,VID_8,VID_8.mp4,22,VID_8_022,2,8,custom_dataset\processed\VID_8\022\frame_0034.jpg;custom_dataset\processed\VID_8\022\frame_0035.jpg;custom_dataset\processed\VID_8\022\frame_0036.jpg;custom_dataset\processed\VID_8\022\frame_0037.jpg;custom_dataset\processed\VID_8\022\frame_0038.jpg;custom_dataset\processed\VID_8\022\frame_0039.jpg;custom_dataset\processed\VID_8\022\frame_0040.jpg;custom_dataset\processed\VID_8\022\frame_0041.jpg,
VID_8_023_C00,VID_8,VID_8.mp4,23,VID_8_023,0,8,custom_dataset\processed\VID_8\023\frame_0026.jpg;custom_dataset\processed\VID_8\023\frame_0027.jpg;custom_dataset\processed\VID_8\023\frame_0029.jpg;custom_dataset\processed\VID_8\023\frame_0030.jpg;custom_dataset\processed\VID_8\023\frame_0031.jpg;custom_dataset\processed\VID_8\023\frame_0032.jpg;custom_dataset\processed\VID_8\023\frame_0033.jpg;custom_dataset\processed\VID_8\023\frame_0034.jpg,
VID_8_025_C00,VID_8,VID_8.mp4,25,VID_8_025,0,8,custom_dataset\processed\VID_8\025\frame_0029.jpg;custom_dataset\processed\VID_8\025\frame_0032.jpg;custom_dataset\processed\VID_8\025\frame_0035.jpg;custom_dataset\processed\VID_8\025\frame_0036.jpg;custom_dataset\processed\VID_8\025\frame_0038.jpg;custom_dataset\processed\VID_8\025\frame_0039.jpg;custom_dataset\processed\VID_8\025\frame_0040.jpg;custom_dataset\processed\VID_8\025\frame_0041.jpg,
VID_8_026_C00,VID_8,VID_8.mp4,26,VID_8_026,0,8,custom_dataset\processed\VID_8\026\frame_0032.jpg;custom_dataset\processed\VID_8\026\frame_0033.jpg;custom_dataset\processed\VID_8\026\frame_0034.jpg;custom_dataset\processed\VID_8\026\frame_0035.jpg;custom_dataset\processed\VID_8\026\frame_0036.jpg;custom_dataset\processed\VID_8\026\frame_0037.jpg;custom_dataset\processed\VID_8\026\frame_0038.jpg;custom_dataset\processed\VID_8\026\frame_0039.jpg,
VID_9_001_C00,VID_9,VID_9.mp4,1,VID_9_001,0,8,custom_dataset\processed\VID_9\001\frame_0000.jpg;custom_dataset\processed\VID_9\001\frame_0000.jpg;custom_dataset\processed\VID_9\001\frame_0001.jpg;custom_dataset\processed\VID_9\001\frame_0002.jpg;custom_dataset\processed\VID_9\001\frame_0003.jpg;custom_dataset\processed\VID_9\001\frame_0004.jpg;custom_dataset\processed\VID_9\001\frame_0005.jpg;custom_dataset\processed\VID_9\001\frame_0006.jpg,
VID_9_001_C01,VID_9,VID_9.mp4,1,VID_9_001,1,8,custom_dataset\processed\VID_9\001\frame_0003.jpg;custom_dataset\processed\VID_9\001\frame_0004.jpg;custom_dataset\processed\VID_9\001\frame_0005.jpg;custom_dataset\processed\VID_9\001\frame_0006.jpg;custom_dataset\processed\VID_9\001\frame_0007.jpg;custom_dataset\processed\VID_9\001\frame_0008.jpg;custom_dataset\processed\VID_9\001\frame_0009.jpg;custom_dataset\processed\VID_9\001\frame_0010.jpg,
VID_9_001_C02,VID_9,VID_9.mp4,1,VID_9_001,2,8,custom_dataset\processed\VID_9\001\frame_0007.jpg;custom_dataset\processed\VID_9\001\frame_0008.jpg;custom_dataset\processed\VID_9\001\frame_0009.jpg;custom_dataset\processed\VID_9\001\frame_0010.jpg;custom_dataset\processed\VID_9\001\frame_0011.jpg;custom_dataset\processed\VID_9\001\frame_0012.jpg;custom_dataset\processed\VID_9\001\frame_0013.jpg;custom_dataset\processed\VID_9\001\frame_0014.jpg,
VID_9_001_C03,VID_9,VID_9.mp4,1,VID_9_001,3,8,custom_dataset\processed\VID_9\001\frame_0011.jpg;custom_dataset\processed\VID_9\001\frame_0012.jpg;custom_dataset\processed\VID_9\001\frame_0013.jpg;custom_dataset\processed\VID_9\001\frame_0014.jpg;custom_dataset\processed\VID_9\001\frame_0015.jpg;custom_dataset\processed\VID_9\001\frame_0016.jpg;custom_dataset\processed\VID_9\001\frame_0017.jpg;custom_dataset\processed\VID_9\001\frame_0018.jpg,
VID_9_001_C04,VID_9,VID_9.mp4,1,VID_9_001,4,8,custom_dataset\processed\VID_9\001\frame_0015.jpg;custom_dataset\processed\VID_9\001\frame_0016.jpg;custom_dataset\processed\VID_9\001\frame_0017.jpg;custom_dataset\processed\VID_9\001\frame_0018.jpg;custom_dataset\processed\VID_9\001\frame_0019.jpg;custom_dataset\processed\VID_9\001\frame_0020.jpg;custom_dataset\processed\VID_9\001\frame_0021.jpg;custom_dataset\processed\VID_9\001\frame_0022.jpg,
VID_9_001_C05,VID_9,VID_9.mp4,1,VID_9_001,5,8,custom_dataset\processed\VID_9\001\frame_0019.jpg;custom_dataset\processed\VID_9\001\frame_0020.jpg;custom_dataset\processed\VID_9\001\frame_0021.jpg;custom_dataset\processed\VID_9\001\frame_0022.jpg;custom_dataset\processed\VID_9\001\frame_0023.jpg;custom_dataset\processed\VID_9\001\frame_0024.jpg;custom_dataset\processed\VID_9\001\frame_0025.jpg;custom_dataset\processed\VID_9\001\frame_0026.jpg,
VID_9_001_C06,VID_9,VID_9.mp4,1,VID_9_001,6,8,custom_dataset\processed\VID_9\001\frame_0023.jpg;custom_dataset\processed\VID_9\001\frame_0024.jpg;custom_dataset\processed\VID_9\001\frame_0025.jpg;custom_dataset\processed\VID_9\001\frame_0026.jpg;custom_dataset\processed\VID_9\001\frame_0027.jpg;custom_dataset\processed\VID_9\001\frame_0028.jpg;custom_dataset\processed\VID_9\001\frame_0029.jpg;custom_dataset\processed\VID_9\001\frame_0030.jpg,
VID_9_001_C07,VID_9,VID_9.mp4,1,VID_9_001,7,8,custom_dataset\processed\VID_9\001\frame_0027.jpg;custom_dataset\processed\VID_9\001\frame_0028.jpg;custom_dataset\processed\VID_9\001\frame_0029.jpg;custom_dataset\processed\VID_9\001\frame_0030.jpg;custom_dataset\processed\VID_9\001\frame_0031.jpg;custom_dataset\processed\VID_9\001\frame_0032.jpg;custom_dataset\processed\VID_9\001\frame_0033.jpg;custom_dataset\processed\VID_9\001\frame_0034.jpg,
VID_9_001_C08,VID_9,VID_9.mp4,1,VID_9_001,8,8,custom_dataset\processed\VID_9\001\frame_0031.jpg;custom_dataset\processed\VID_9\001\frame_0032.jpg;custom_dataset\processed\VID_9\001\frame_0033.jpg;custom_dataset\processed\VID_9\001\frame_0034.jpg;custom_dataset\processed\VID_9\001\frame_0035.jpg;custom_dataset\processed\VID_9\001\frame_0036.jpg;custom_dataset\processed\VID_9\001\frame_0037.jpg;custom_dataset\processed\VID_9\001\frame_0038.jpg,
VID_9_003_C00,VID_9,VID_9.mp4,3,VID_9_003,0,8,custom_dataset\processed\VID_9\003\frame_0000.jpg;custom_dataset\processed\VID_9\003\frame_0001.jpg;custom_dataset\processed\VID_9\003\frame_0002.jpg;custom_dataset\processed\VID_9\003\frame_0003.jpg;custom_dataset\processed\VID_9\003\frame_0004.jpg;custom_dataset\processed\VID_9\003\frame_0005.jpg;custom_dataset\processed\VID_9\003\frame_0006.jpg;custom_dataset\processed\VID_9\003\frame_0007.jpg,
VID_9_003_C01,VID_9,VID_9.mp4,3,VID_9_003,1,8,custom_dataset\processed\VID_9\003\frame_0004.jpg;custom_dataset\processed\VID_9\003\frame_0005.jpg;custom_dataset\processed\VID_9\003\frame_0006.jpg;custom_dataset\processed\VID_9\003\frame_0007.jpg;custom_dataset\processed\VID_9\003\frame_0008.jpg;custom_dataset\processed\VID_9\003\frame_0009.jpg;custom_dataset\processed\VID_9\003\frame_0010.jpg;custom_dataset\processed\VID_9\003\frame_0011.jpg,
VID_9_006_C00,VID_9,VID_9.mp4,6,VID_9_006,0,8,custom_dataset\processed\VID_9\006\frame_0000.jpg;custom_dataset\processed\VID_9\006\frame_0001.jpg;custom_dataset\processed\VID_9\006\frame_0002.jpg;custom_dataset\processed\VID_9\006\frame_0004.jpg;custom_dataset\processed\VID_9\006\frame_0005.jpg;custom_dataset\processed\VID_9\006\frame_0006.jpg;custom_dataset\processed\VID_9\006\frame_0007.jpg;custom_dataset\processed\VID_9\006\frame_0008.jpg,
VID_9_007_C00,VID_9,VID_9.mp4,7,VID_9_007,0,8,custom_dataset\processed\VID_9\007\frame_0000.jpg;custom_dataset\processed\VID_9\007\frame_0001.jpg;custom_dataset\processed\VID_9\007\frame_0002.jpg;custom_dataset\processed\VID_9\007\frame_0003.jpg;custom_dataset\processed\VID_9\007\frame_0004.jpg;custom_dataset\processed\VID_9\007\frame_0005.jpg;custom_dataset\processed\VID_9\007\frame_0006.jpg;custom_dataset\processed\VID_9\007\frame_0007.jpg,
VID_9_007_C01,VID_9,VID_9.mp4,7,VID_9_007,1,8,custom_dataset\processed\VID_9\007\frame_0004.jpg;custom_dataset\processed\VID_9\007\frame_0005.jpg;custom_dataset\processed\VID_9\007\frame_0006.jpg;custom_dataset\processed\VID_9\007\frame_0007.jpg;custom_dataset\processed\VID_9\007\frame_0008.jpg;custom_dataset\processed\VID_9\007\frame_0009.jpg;custom_dataset\processed\VID_9\007\frame_0010.jpg;custom_dataset\processed\VID_9\007\frame_0011.jpg,
VID_9_007_C02,VID_9,VID_9.mp4,7,VID_9_007,2,8,custom_dataset\processed\VID_9\007\frame_0008.jpg;custom_dataset\processed\VID_9\007\frame_0009.jpg;custom_dataset\processed\VID_9\007\frame_0010.jpg;custom_dataset\processed\VID_9\007\frame_0011.jpg;custom_dataset\processed\VID_9\007\frame_0012.jpg;custom_dataset\processed\VID_9\007\frame_0013.jpg;custom_dataset\processed\VID_9\007\frame_0014.jpg;custom_dataset\processed\VID_9\007\frame_0015.jpg,
VID_9_007_C03,VID_9,VID_9.mp4,7,VID_9_007,3,8,custom_dataset\processed\VID_9\007\frame_0012.jpg;custom_dataset\processed\VID_9\007\frame_0013.jpg;custom_dataset\processed\VID_9\007\frame_0014.jpg;custom_dataset\processed\VID_9\007\frame_0015.jpg;custom_dataset\processed\VID_9\007\frame_0017.jpg;custom_dataset\processed\VID_9\007\frame_0018.jpg;custom_dataset\processed\VID_9\007\frame_0019.jpg;custom_dataset\processed\VID_9\007\frame_0020.jpg,
VID_9_007_C04,VID_9,VID_9.mp4,7,VID_9_007,4,8,custom_dataset\processed\VID_9\007\frame_0017.jpg;custom_dataset\processed\VID_9\007\frame_0018.jpg;custom_dataset\processed\VID_9\007\frame_0019.jpg;custom_dataset\processed\VID_9\007\frame_0020.jpg;custom_dataset\processed\VID_9\007\frame_0024.jpg;custom_dataset\processed\VID_9\007\frame_0025.jpg;custom_dataset\processed\VID_9\007\frame_0026.jpg;custom_dataset\processed\VID_9\007\frame_0027.jpg,
VID_9_007_C05,VID_9,VID_9.mp4,7,VID_9_007,5,8,custom_dataset\processed\VID_9\007\frame_0024.jpg;custom_dataset\processed\VID_9\007\frame_0025.jpg;custom_dataset\processed\VID_9\007\frame_0026.jpg;custom_dataset\processed\VID_9\007\frame_0027.jpg;custom_dataset\processed\VID_9\007\frame_0028.jpg;custom_dataset\processed\VID_9\007\frame_0029.jpg;custom_dataset\processed\VID_9\007\frame_0030.jpg;custom_dataset\processed\VID_9\007\frame_0031.jpg,
VID_9_007_C06,VID_9,VID_9.mp4,7,VID_9_007,6,8,custom_dataset\processed\VID_9\007\frame_0028.jpg;custom_dataset\processed\VID_9\007\frame_0029.jpg;custom_dataset\processed\VID_9\007\frame_0030.jpg;custom_dataset\processed\VID_9\007\frame_0031.jpg;custom_dataset\processed\VID_9\007\frame_0032.jpg;custom_dataset\processed\VID_9\007\frame_0036.jpg;custom_dataset\processed\VID_9\007\frame_0037.jpg;custom_dataset\processed\VID_9\007\frame_0038.jpg,
VID_9_008_C00,VID_9,VID_9.mp4,8,VID_9_008,0,8,custom_dataset\processed\VID_9\008\frame_0001.jpg;custom_dataset\processed\VID_9\008\frame_0002.jpg;custom_dataset\processed\VID_9\008\frame_0003.jpg;custom_dataset\processed\VID_9\008\frame_0004.jpg;custom_dataset\processed\VID_9\008\frame_0005.jpg;custom_dataset\processed\VID_9\008\frame_0006.jpg;custom_dataset\processed\VID_9\008\frame_0007.jpg;custom_dataset\processed\VID_9\008\frame_0008.jpg,
VID_9_008_C01,VID_9,VID_9.mp4,8,VID_9_008,1,8,custom_dataset\processed\VID_9\008\frame_0005.jpg;custom_dataset\processed\VID_9\008\frame_0006.jpg;custom_dataset\processed\VID_9\008\frame_0007.jpg;custom_dataset\processed\VID_9\008\frame_0008.jpg;custom_dataset\processed\VID_9\008\frame_0009.jpg;custom_dataset\processed\VID_9\008\frame_0010.jpg;custom_dataset\processed\VID_9\008\frame_0011.jpg;custom_dataset\processed\VID_9\008\frame_0012.jpg,
VID_9_008_C02,VID_9,VID_9.mp4,8,VID_9_008,2,8,custom_dataset\processed\VID_9\008\frame_0009.jpg;custom_dataset\processed\VID_9\008\frame_0010.jpg;custom_dataset\processed\VID_9\008\frame_0011.jpg;custom_dataset\processed\VID_9\008\frame_0012.jpg;custom_dataset\processed\VID_9\008\frame_0013.jpg;custom_dataset\processed\VID_9\008\frame_0014.jpg;custom_dataset\processed\VID_9\008\frame_0015.jpg;custom_dataset\processed\VID_9\008\frame_0016.jpg,
VID_9_008_C03,VID_9,VID_9.mp4,8,VID_9_008,3,8,custom_dataset\processed\VID_9\008\frame_0013.jpg;custom_dataset\processed\VID_9\008\frame_0014.jpg;custom_dataset\processed\VID_9\008\frame_0015.jpg;custom_dataset\processed\VID_9\008\frame_0016.jpg;custom_dataset\processed\VID_9\008\frame_0017.jpg;custom_dataset\processed\VID_9\008\frame_0018.jpg;custom_dataset\processed\VID_9\008\frame_0019.jpg;custom_dataset\processed\VID_9\008\frame_0020.jpg,
VID_9_008_C04,VID_9,VID_9.mp4,8,VID_9_008,4,8,custom_dataset\processed\VID_9\008\frame_0017.jpg;custom_dataset\processed\VID_9\008\frame_0018.jpg;custom_dataset\processed\VID_9\008\frame_0019.jpg;custom_dataset\processed\VID_9\008\frame_0020.jpg;custom_dataset\processed\VID_9\008\frame_0021.jpg;custom_dataset\processed\VID_9\008\frame_0022.jpg;custom_dataset\processed\VID_9\008\frame_0023.jpg;custom_dataset\processed\VID_9\008\frame_0024.jpg,
VID_9_008_C05,VID_9,VID_9.mp4,8,VID_9_008,5,8,custom_dataset\processed\VID_9\008\frame_0021.jpg;custom_dataset\processed\VID_9\008\frame_0022.jpg;custom_dataset\processed\VID_9\008\frame_0023.jpg;custom_dataset\processed\VID_9\008\frame_0024.jpg;custom_dataset\processed\VID_9\008\frame_0025.jpg;custom_dataset\processed\VID_9\008\frame_0026.jpg;custom_dataset\processed\VID_9\008\frame_0027.jpg;custom_dataset\processed\VID_9\008\frame_0028.jpg,
VID_9_008_C06,VID_9,VID_9.mp4,8,VID_9_008,6,8,custom_dataset\processed\VID_9\008\frame_0025.jpg;custom_dataset\processed\VID_9\008\frame_0026.jpg;custom_dataset\processed\VID_9\008\frame_0027.jpg;custom_dataset\processed\VID_9\008\frame_0028.jpg;custom_dataset\processed\VID_9\008\frame_0029.jpg;custom_dataset\processed\VID_9\008\frame_0030.jpg;custom_dataset\processed\VID_9\008\frame_0031.jpg;custom_dataset\processed\VID_9\008\frame_0032.jpg,
VID_9_008_C07,VID_9,VID_9.mp4,8,VID_9_008,7,8,custom_dataset\processed\VID_9\008\frame_0029.jpg;custom_dataset\processed\VID_9\008\frame_0030.jpg;custom_dataset\processed\VID_9\008\frame_0031.jpg;custom_dataset\processed\VID_9\008\frame_0032.jpg;custom_dataset\processed\VID_9\008\frame_0033.jpg;custom_dataset\processed\VID_9\008\frame_0034.jpg;custom_dataset\processed\VID_9\008\frame_0035.jpg;custom_dataset\processed\VID_9\008\frame_0036.jpg,
VID_9_008_C08,VID_9,VID_9.mp4,8,VID_9_008,8,8,custom_dataset\processed\VID_9\008\frame_0033.jpg;custom_dataset\processed\VID_9\008\frame_0034.jpg;custom_dataset\processed\VID_9\008\frame_0035.jpg;custom_dataset\processed\VID_9\008\frame_0036.jpg;custom_dataset\processed\VID_9\008\frame_0037.jpg;custom_dataset\processed\VID_9\008\frame_0038.jpg;custom_dataset\processed\VID_9\008\frame_0039.jpg;custom_dataset\processed\VID_9\008\frame_0040.jpg,
VID_9_012_C00,VID_9,VID_9.mp4,12,VID_9_012,0,8,custom_dataset\processed\VID_9\012\frame_0003.jpg;custom_dataset\processed\VID_9\012\frame_0004.jpg;custom_dataset\processed\VID_9\012\frame_0005.jpg;custom_dataset\processed\VID_9\012\frame_0006.jpg;custom_dataset\processed\VID_9\012\frame_0007.jpg;custom_dataset\processed\VID_9\012\frame_0008.jpg;custom_dataset\processed\VID_9\012\frame_0009.jpg;custom_dataset\processed\VID_9\012\frame_0010.jpg,
VID_9_012_C01,VID_9,VID_9.mp4,12,VID_9_012,1,8,custom_dataset\processed\VID_9\012\frame_0007.jpg;custom_dataset\processed\VID_9\012\frame_0008.jpg;custom_dataset\processed\VID_9\012\frame_0009.jpg;custom_dataset\processed\VID_9\012\frame_0010.jpg;custom_dataset\processed\VID_9\012\frame_0011.jpg;custom_dataset\processed\VID_9\012\frame_0012.jpg;custom_dataset\processed\VID_9\012\frame_0013.jpg;custom_dataset\processed\VID_9\012\frame_0014.jpg,
VID_9_012_C02,VID_9,VID_9.mp4,12,VID_9_012,2,8,custom_dataset\processed\VID_9\012\frame_0011.jpg;custom_dataset\processed\VID_9\012\frame_0012.jpg;custom_dataset\processed\VID_9\012\frame_0013.jpg;custom_dataset\processed\VID_9\012\frame_0014.jpg;custom_dataset\processed\VID_9\012\frame_0015.jpg;custom_dataset\processed\VID_9\012\frame_0016.jpg;custom_dataset\processed\VID_9\012\frame_0017.jpg;custom_dataset\processed\VID_9\012\frame_0018.jpg,
VID_9_012_C03,VID_9,VID_9.mp4,12,VID_9_012,3,8,custom_dataset\processed\VID_9\012\frame_0015.jpg;custom_dataset\processed\VID_9\012\frame_0016.jpg;custom_dataset\processed\VID_9\012\frame_0017.jpg;custom_dataset\processed\VID_9\012\frame_0018.jpg;custom_dataset\processed\VID_9\012\frame_0019.jpg;custom_dataset\processed\VID_9\012\frame_0020.jpg;custom_dataset\processed\VID_9\012\frame_0021.jpg;custom_dataset\processed\VID_9\012\frame_0022.jpg,
VID_9_012_C04,VID_9,VID_9.mp4,12,VID_9_012,4,8,custom_dataset\processed\VID_9\012\frame_0019.jpg;custom_dataset\processed\VID_9\012\frame_0020.jpg;custom_dataset\processed\VID_9\012\frame_0021.jpg;custom_dataset\processed\VID_9\012\frame_0022.jpg;custom_dataset\processed\VID_9\012\frame_0023.jpg;custom_dataset\processed\VID_9\012\frame_0024.jpg;custom_dataset\processed\VID_9\012\frame_0025.jpg;custom_dataset\processed\VID_9\012\frame_0026.jpg,
VID_9_012_C05,VID_9,VID_9.mp4,12,VID_9_012,5,8,custom_dataset\processed\VID_9\012\frame_0023.jpg;custom_dataset\processed\VID_9\012\frame_0024.jpg;custom_dataset\processed\VID_9\012\frame_0025.jpg;custom_dataset\processed\VID_9\012\frame_0026.jpg;custom_dataset\processed\VID_9\012\frame_0027.jpg;custom_dataset\processed\VID_9\012\frame_0028.jpg;custom_dataset\processed\VID_9\012\frame_0029.jpg;custom_dataset\processed\VID_9\012\frame_0030.jpg,
VID_9_012_C06,VID_9,VID_9.mp4,12,VID_9_012,6,8,custom_dataset\processed\VID_9\012\frame_0027.jpg;custom_dataset\processed\VID_9\012\frame_0028.jpg;custom_dataset\processed\VID_9\012\frame_0029.jpg;custom_dataset\processed\VID_9\012\frame_0030.jpg;custom_dataset\processed\VID_9\012\frame_0031.jpg;custom_dataset\processed\VID_9\012\frame_0032.jpg;custom_dataset\processed\VID_9\012\frame_0033.jpg;custom_dataset\processed\VID_9\012\frame_0034.jpg,
VID_9_012_C07,VID_9,VID_9.mp4,12,VID_9_012,7,8,custom_dataset\processed\VID_9\012\frame_0031.jpg;custom_dataset\processed\VID_9\012\frame_0032.jpg;custom_dataset\processed\VID_9\012\frame_0033.jpg;custom_dataset\processed\VID_9\012\frame_0034.jpg;custom_dataset\processed\VID_9\012\frame_0035.jpg;custom_dataset\processed\VID_9\012\frame_0036.jpg;custom_dataset\processed\VID_9\012\frame_0037.jpg;custom_dataset\processed\VID_9\012\frame_0038.jpg,
VID_9_013_C00,VID_9,VID_9.mp4,13,VID_9_013,0,8,custom_dataset\processed\VID_9\013\frame_0003.jpg;custom_dataset\processed\VID_9\013\frame_0004.jpg;custom_dataset\processed\VID_9\013\frame_0005.jpg;custom_dataset\processed\VID_9\013\frame_0008.jpg;custom_dataset\processed\VID_9\013\frame_0010.jpg;custom_dataset\processed\VID_9\013\frame_0011.jpg;custom_dataset\processed\VID_9\013\frame_0012.jpg;custom_dataset\processed\VID_9\013\frame_0015.jpg,
VID_9_014_C00,VID_9,VID_9.mp4,14,VID_9_014,0,8,custom_dataset\processed\VID_9\014\frame_0005.jpg;custom_dataset\processed\VID_9\014\frame_0008.jpg;custom_dataset\processed\VID_9\014\frame_0009.jpg;custom_dataset\processed\VID_9\014\frame_0011.jpg;custom_dataset\processed\VID_9\014\frame_0014.jpg;custom_dataset\processed\VID_9\014\frame_0016.jpg;custom_dataset\processed\VID_9\014\frame_0017.jpg;custom_dataset\processed\VID_9\014\frame_0018.jpg,
VID_9_017_C00,VID_9,VID_9.mp4,17,VID_9_017,0,8,custom_dataset\processed\VID_9\017\frame_0008.jpg;custom_dataset\processed\VID_9\017\frame_0010.jpg;custom_dataset\processed\VID_9\017\frame_0011.jpg;custom_dataset\processed\VID_9\017\frame_0012.jpg;custom_dataset\processed\VID_9\017\frame_0013.jpg;custom_dataset\processed\VID_9\017\frame_0014.jpg;custom_dataset\processed\VID_9\017\frame_0015.jpg;custom_dataset\processed\VID_9\017\frame_0016.jpg,
VID_9_017_C01,VID_9,VID_9.mp4,17,VID_9_017,1,8,custom_dataset\processed\VID_9\017\frame_0013.jpg;custom_dataset\processed\VID_9\017\frame_0014.jpg;custom_dataset\processed\VID_9\017\frame_0015.jpg;custom_dataset\processed\VID_9\017\frame_0016.jpg;custom_dataset\processed\VID_9\017\frame_0018.jpg;custom_dataset\processed\VID_9\017\frame_0019.jpg;custom_dataset\processed\VID_9\017\frame_0020.jpg;custom_dataset\processed\VID_9\017\frame_0021.jpg,
VID_9_019_C00,VID_9,VID_9.mp4,19,VID_9_019,0,8,custom_dataset\processed\VID_9\019\frame_0010.jpg;custom_dataset\processed\VID_9\019\frame_0011.jpg;custom_dataset\processed\VID_9\019\frame_0012.jpg;custom_dataset\processed\VID_9\019\frame_0013.jpg;custom_dataset\processed\VID_9\019\frame_0014.jpg;custom_dataset\processed\VID_9\019\frame_0015.jpg;custom_dataset\processed\VID_9\019\frame_0016.jpg;custom_dataset\processed\VID_9\019\frame_0017.jpg,
VID_9_019_C01,VID_9,VID_9.mp4,19,VID_9_019,1,8,custom_dataset\processed\VID_9\019\frame_0014.jpg;custom_dataset\processed\VID_9\019\frame_0015.jpg;custom_dataset\processed\VID_9\019\frame_0016.jpg;custom_dataset\processed\VID_9\019\frame_0017.jpg;custom_dataset\processed\VID_9\019\frame_0018.jpg;custom_dataset\processed\VID_9\019\frame_0019.jpg;custom_dataset\processed\VID_9\019\frame_0020.jpg;custom_dataset\processed\VID_9\019\frame_0021.jpg,
VID_9_019_C02,VID_9,VID_9.mp4,19,VID_9_019,2,8,custom_dataset\processed\VID_9\019\frame_0018.jpg;custom_dataset\processed\VID_9\019\frame_0019.jpg;custom_dataset\processed\VID_9\019\frame_0020.jpg;custom_dataset\processed\VID_9\019\frame_0021.jpg;custom_dataset\processed\VID_9\019\frame_0022.jpg;custom_dataset\processed\VID_9\019\frame_0023.jpg;custom_dataset\processed\VID_9\019\frame_0024.jpg;custom_dataset\processed\VID_9\019\frame_0025.jpg,
VID_9_019_C03,VID_9,VID_9.mp4,19,VID_9_019,3,8,custom_dataset\processed\VID_9\019\frame_0022.jpg;custom_dataset\processed\VID_9\019\frame_0023.jpg;custom_dataset\processed\VID_9\019\frame_0024.jpg;custom_dataset\processed\VID_9\019\frame_0025.jpg;custom_dataset\processed\VID_9\019\frame_0026.jpg;custom_dataset\processed\VID_9\019\frame_0027.jpg;custom_dataset\processed\VID_9\019\frame_0028.jpg;custom_dataset\processed\VID_9\019\frame_0029.jpg,
VID_9_019_C04,VID_9,VID_9.mp4,19,VID_9_019,4,8,custom_dataset\processed\VID_9\019\frame_0026.jpg;custom_dataset\processed\VID_9\019\frame_0027.jpg;custom_dataset\processed\VID_9\019\frame_0028.jpg;custom_dataset\processed\VID_9\019\frame_0029.jpg;custom_dataset\processed\VID_9\019\frame_0030.jpg;custom_dataset\processed\VID_9\019\frame_0031.jpg;custom_dataset\processed\VID_9\019\frame_0032.jpg;custom_dataset\processed\VID_9\019\frame_0033.jpg,
VID_9_019_C05,VID_9,VID_9.mp4,19,VID_9_019,5,8,custom_dataset\processed\VID_9\019\frame_0030.jpg;custom_dataset\processed\VID_9\019\frame_0031.jpg;custom_dataset\processed\VID_9\019\frame_0032.jpg;custom_dataset\processed\VID_9\019\frame_0033.jpg;custom_dataset\processed\VID_9\019\frame_0034.jpg;custom_dataset\processed\VID_9\019\frame_0035.jpg;custom_dataset\processed\VID_9\019\frame_0036.jpg;custom_dataset\processed\VID_9\019\frame_0037.jpg,
VID_9_019_C06,VID_9,VID_9.mp4,19,VID_9_019,6,8,custom_dataset\processed\VID_9\019\frame_0034.jpg;custom_dataset\processed\VID_9\019\frame_0035.jpg;custom_dataset\processed\VID_9\019\frame_0036.jpg;custom_dataset\processed\VID_9\019\frame_0037.jpg;custom_dataset\processed\VID_9\019\frame_0038.jpg;custom_dataset\processed\VID_9\019\frame_0039.jpg;custom_dataset\processed\VID_9\019\frame_0040.jpg;custom_dataset\processed\VID_9\019\frame_0041.jpg,
VID_9_021_C00,VID_9,VID_9.mp4,21,VID_9_021,0,8,custom_dataset\processed\VID_9\021\frame_0012.jpg;custom_dataset\processed\VID_9\021\frame_0013.jpg;custom_dataset\processed\VID_9\021\frame_0014.jpg;custom_dataset\processed\VID_9\021\frame_0015.jpg;custom_dataset\processed\VID_9\021\frame_0016.jpg;custom_dataset\processed\VID_9\021\frame_0017.jpg;custom_dataset\processed\VID_9\021\frame_0018.jpg;custom_dataset\processed\VID_9\021\frame_0019.jpg,
VID_9_021_C01,VID_9,VID_9.mp4,21,VID_9_021,1,8,custom_dataset\processed\VID_9\021\frame_0016.jpg;custom_dataset\processed\VID_9\021\frame_0017.jpg;custom_dataset\processed\VID_9\021\frame_0018.jpg;custom_dataset\processed\VID_9\021\frame_0019.jpg;custom_dataset\processed\VID_9\021\frame_0022.jpg;custom_dataset\processed\VID_9\021\frame_0023.jpg;custom_dataset\processed\VID_9\021\frame_0024.jpg;custom_dataset\processed\VID_9\021\frame_0025.jpg,
VID_9_021_C02,VID_9,VID_9.mp4,21,VID_9_021,2,8,custom_dataset\processed\VID_9\021\frame_0022.jpg;custom_dataset\processed\VID_9\021\frame_0023.jpg;custom_dataset\processed\VID_9\021\frame_0024.jpg;custom_dataset\processed\VID_9\021\frame_0025.jpg;custom_dataset\processed\VID_9\021\frame_0026.jpg;custom_dataset\processed\VID_9\021\frame_0027.jpg;custom_dataset\processed\VID_9\021\frame_0028.jpg;custom_dataset\processed\VID_9\021\frame_0029.jpg,
VID_9_022_C00,VID_9,VID_9.mp4,22,VID_9_022,0,8,custom_dataset\processed\VID_9\022\frame_0013.jpg;custom_dataset\processed\VID_9\022\frame_0014.jpg;custom_dataset\processed\VID_9\022\frame_0016.jpg;custom_dataset\processed\VID_9\022\frame_0017.jpg;custom_dataset\processed\VID_9\022\frame_0018.jpg;custom_dataset\processed\VID_9\022\frame_0019.jpg;custom_dataset\processed\VID_9\022\frame_0020.jpg;custom_dataset\processed\VID_9\022\frame_0021.jpg,
VID_9_022_C01,VID_9,VID_9.mp4,22,VID_9_022,1,8,custom_dataset\processed\VID_9\022\frame_0018.jpg;custom_dataset\processed\VID_9\022\frame_0019.jpg;custom_dataset\processed\VID_9\022\frame_0020.jpg;custom_dataset\processed\VID_9\022\frame_0021.jpg;custom_dataset\processed\VID_9\022\frame_0022.jpg;custom_dataset\processed\VID_9\022\frame_0023.jpg;custom_dataset\processed\VID_9\022\frame_0024.jpg;custom_dataset\processed\VID_9\022\frame_0025.jpg,
VID_9_027_C00,VID_9,VID_9.mp4,27,VID_9_027,0,8,custom_dataset\processed\VID_9\027\frame_0028.jpg;custom_dataset\processed\VID_9\027\frame_0029.jpg;custom_dataset\processed\VID_9\027\frame_0030.jpg;custom_dataset\processed\VID_9\027\frame_0031.jpg;custom_dataset\processed\VID_9\027\frame_0032.jpg;custom_dataset\processed\VID_9\027\frame_0033.jpg;custom_dataset\processed\VID_9\027\frame_0034.jpg;custom_dataset\processed\VID_9\027\frame_0035.jpg,
VID_9_027_C01,VID_9,VID_9.mp4,27,VID_9_027,1,8,custom_dataset\processed\VID_9\027\frame_0032.jpg;custom_dataset\processed\VID_9\027\frame_0033.jpg;custom_dataset\processed\VID_9\027\frame_0034.jpg;custom_dataset\processed\VID_9\027\frame_0035.jpg;custom_dataset\processed\VID_9\027\frame_0036.jpg;custom_dataset\processed\VID_9\027\frame_0037.jpg;custom_dataset\processed\VID_9\027\frame_0038.jpg;custom_dataset\processed\VID_9\027\frame_0039.jpg,
