video_id,video_file,track_id,video_frame,sample_idx,frame_path
VID_1,VID_1.mp4,1,0,0,custom_dataset\processed\VID_1\001\frame_0000.jpg
VID_1,VID_1.mp4,1,15,1,custom_dataset\processed\VID_1\001\frame_0001.jpg
VID_1,VID_1.mp4,1,30,2,custom_dataset\processed\VID_1\001\frame_0002.jpg
VID_1,VID_1.mp4,1,45,3,custom_dataset\processed\VID_1\001\frame_0003.jpg
VID_1,VID_1.mp4,1,60,4,custom_dataset\processed\VID_1\001\frame_0004.jpg
VID_1,VID_1.mp4,1,75,5,custom_dataset\processed\VID_1\001\frame_0005.jpg
VID_1,VID_1.mp4,1,90,6,custom_dataset\processed\VID_1\001\frame_0006.jpg
VID_1,VID_1.mp4,1,105,7,custom_dataset\processed\VID_1\001\frame_0007.jpg
VID_1,VID_1.mp4,1,120,8,custom_dataset\processed\VID_1\001\frame_0008.jpg
VID_1,VID_1.mp4,1,135,9,custom_dataset\processed\VID_1\001\frame_0009.jpg
VID_1,VID_1.mp4,1,150,10,custom_dataset\processed\VID_1\001\frame_0010.jpg
VID_1,VID_1.mp4,1,165,11,custom_dataset\processed\VID_1\001\frame_0011.jpg
VID_1,VID_1.mp4,1,180,12,custom_dataset\processed\VID_1\001\frame_0012.jpg
VID_1,VID_1.mp4,1,195,13,custom_dataset\processed\VID_1\001\frame_0013.jpg
VID_1,VID_1.mp4,1,210,14,custom_dataset\processed\VID_1\001\frame_0014.jpg
VID_1,VID_1.mp4,1,225,15,custom_dataset\processed\VID_1\001\frame_0015.jpg
VID_1,VID_1.mp4,1,240,16,custom_dataset\processed\VID_1\001\frame_0016.jpg
VID_1,VID_1.mp4,1,255,17,custom_dataset\processed\VID_1\001\frame_0017.jpg
VID_1,VID_1.mp4,1,270,18,custom_dataset\processed\VID_1\001\frame_0018.jpg
VID_1,VID_1.mp4,1,285,19,custom_dataset\processed\VID_1\001\frame_0019.jpg
VID_1,VID_1.mp4,1,300,20,custom_dataset\processed\VID_1\001\frame_0020.jpg
VID_1,VID_1.mp4,1,315,21,custom_dataset\processed\VID_1\001\frame_0021.jpg
VID_1,VID_1.mp4,1,330,22,custom_dataset\processed\VID_1\001\frame_0022.jpg
VID_1,VID_1.mp4,1,345,23,custom_dataset\processed\VID_1\001\frame_0023.jpg
VID_1,VID_1.mp4,1,360,24,custom_dataset\processed\VID_1\001\frame_0024.jpg
VID_1,VID_1.mp4,1,375,25,custom_dataset\processed\VID_1\001\frame_0025.jpg
VID_1,VID_1.mp4,1,390,26,custom_dataset\processed\VID_1\001\frame_0026.jpg
VID_1,VID_1.mp4,1,405,27,custom_dataset\processed\VID_1\001\frame_0027.jpg
VID_1,VID_1.mp4,1,420,28,custom_dataset\processed\VID_1\001\frame_0028.jpg
VID_1,VID_1.mp4,1,435,29,custom_dataset\processed\VID_1\001\frame_0029.jpg
VID_1,VID_1.mp4,1,450,30,custom_dataset\processed\VID_1\001\frame_0030.jpg
VID_1,VID_1.mp4,2,0,0,custom_dataset\processed\VID_1\002\frame_0000.jpg
VID_1,VID_1.mp4,2,15,1,custom_dataset\processed\VID_1\002\frame_0001.jpg
VID_1,VID_1.mp4,2,30,2,custom_dataset\processed\VID_1\002\frame_0002.jpg
VID_1,VID_1.mp4,2,45,3,custom_dataset\processed\VID_1\002\frame_0003.jpg
VID_1,VID_1.mp4,2,60,4,custom_dataset\processed\VID_1\002\frame_0004.jpg
VID_1,VID_1.mp4,2,75,5,custom_dataset\processed\VID_1\002\frame_0005.jpg
VID_1,VID_1.mp4,2,90,6,custom_dataset\processed\VID_1\002\frame_0006.jpg
VID_1,VID_1.mp4,2,105,7,custom_dataset\processed\VID_1\002\frame_0007.jpg
VID_1,VID_1.mp4,2,120,8,custom_dataset\processed\VID_1\002\frame_0008.jpg
VID_1,VID_1.mp4,2,135,9,custom_dataset\processed\VID_1\002\frame_0009.jpg
VID_1,VID_1.mp4,2,150,10,custom_dataset\processed\VID_1\002\frame_0010.jpg
VID_1,VID_1.mp4,2,165,11,custom_dataset\processed\VID_1\002\frame_0011.jpg
VID_1,VID_1.mp4,2,180,12,custom_dataset\processed\VID_1\002\frame_0012.jpg
VID_1,VID_1.mp4,2,195,13,custom_dataset\processed\VID_1\002\frame_0013.jpg
VID_1,VID_1.mp4,2,210,14,custom_dataset\processed\VID_1\002\frame_0014.jpg
VID_1,VID_1.mp4,2,225,15,custom_dataset\processed\VID_1\002\frame_0015.jpg
VID_1,VID_1.mp4,2,240,16,custom_dataset\processed\VID_1\002\frame_0016.jpg
VID_1,VID_1.mp4,2,255,17,custom_dataset\processed\VID_1\002\frame_0017.jpg
VID_1,VID_1.mp4,2,270,18,custom_dataset\processed\VID_1\002\frame_0018.jpg
VID_1,VID_1.mp4,2,285,19,custom_dataset\processed\VID_1\002\frame_0019.jpg
VID_1,VID_1.mp4,2,300,20,custom_dataset\processed\VID_1\002\frame_0020.jpg
VID_1,VID_1.mp4,2,330,22,custom_dataset\processed\VID_1\002\frame_0022.jpg
VID_1,VID_1.mp4,2,345,23,custom_dataset\processed\VID_1\002\frame_0023.jpg
VID_1,VID_1.mp4,2,360,24,custom_dataset\processed\VID_1\002\frame_0024.jpg
VID_1,VID_1.mp4,2,375,25,custom_dataset\processed\VID_1\002\frame_0025.jpg
VID_1,VID_1.mp4,2,390,26,custom_dataset\processed\VID_1\002\frame_0026.jpg
VID_1,VID_1.mp4,2,405,27,custom_dataset\processed\VID_1\002\frame_0027.jpg
VID_1,VID_1.mp4,2,420,28,custom_dataset\processed\VID_1\002\frame_0028.jpg
VID_1,VID_1.mp4,2,435,29,custom_dataset\processed\VID_1\002\frame_0029.jpg
VID_1,VID_1.mp4,2,450,30,custom_dataset\processed\VID_1\002\frame_0030.jpg
VID_1,VID_1.mp4,3,0,0,custom_dataset\processed\VID_1\003\frame_0000.jpg
VID_1,VID_1.mp4,3,15,1,custom_dataset\processed\VID_1\003\frame_0001.jpg
VID_1,VID_1.mp4,3,30,2,custom_dataset\processed\VID_1\003\frame_0002.jpg
VID_1,VID_1.mp4,3,45,3,custom_dataset\processed\VID_1\003\frame_0003.jpg
VID_1,VID_1.mp4,3,60,4,custom_dataset\processed\VID_1\003\frame_0004.jpg
VID_1,VID_1.mp4,3,75,5,custom_dataset\processed\VID_1\003\frame_0005.jpg
VID_1,VID_1.mp4,3,90,6,custom_dataset\processed\VID_1\003\frame_0006.jpg
VID_1,VID_1.mp4,3,105,7,custom_dataset\processed\VID_1\003\frame_0007.jpg
VID_1,VID_1.mp4,3,120,8,custom_dataset\processed\VID_1\003\frame_0008.jpg
VID_1,VID_1.mp4,3,135,9,custom_dataset\processed\VID_1\003\frame_0009.jpg
VID_1,VID_1.mp4,3,150,10,custom_dataset\processed\VID_1\003\frame_0010.jpg
VID_1,VID_1.mp4,3,165,11,custom_dataset\processed\VID_1\003\frame_0011.jpg
VID_1,VID_1.mp4,3,180,12,custom_dataset\processed\VID_1\003\frame_0012.jpg
VID_1,VID_1.mp4,3,195,13,custom_dataset\processed\VID_1\003\frame_0013.jpg
VID_1,VID_1.mp4,3,210,14,custom_dataset\processed\VID_1\003\frame_0014.jpg
VID_1,VID_1.mp4,3,225,15,custom_dataset\processed\VID_1\003\frame_0015.jpg
VID_1,VID_1.mp4,3,240,16,custom_dataset\processed\VID_1\003\frame_0016.jpg
VID_1,VID_1.mp4,3,255,17,custom_dataset\processed\VID_1\003\frame_0017.jpg
VID_1,VID_1.mp4,3,270,18,custom_dataset\processed\VID_1\003\frame_0018.jpg
VID_1,VID_1.mp4,3,285,19,custom_dataset\processed\VID_1\003\frame_0019.jpg
VID_1,VID_1.mp4,3,300,20,custom_dataset\processed\VID_1\003\frame_0020.jpg
VID_1,VID_1.mp4,3,315,21,custom_dataset\processed\VID_1\003\frame_0021.jpg
VID_1,VID_1.mp4,3,330,22,custom_dataset\processed\VID_1\003\frame_0022.jpg
VID_1,VID_1.mp4,3,345,23,custom_dataset\processed\VID_1\003\frame_0023.jpg
VID_1,VID_1.mp4,3,360,24,custom_dataset\processed\VID_1\003\frame_0024.jpg
VID_1,VID_1.mp4,3,375,25,custom_dataset\processed\VID_1\003\frame_0025.jpg
VID_1,VID_1.mp4,3,390,26,custom_dataset\processed\VID_1\003\frame_0026.jpg
VID_1,VID_1.mp4,3,405,27,custom_dataset\processed\VID_1\003\frame_0027.jpg
VID_1,VID_1.mp4,3,420,28,custom_dataset\processed\VID_1\003\frame_0028.jpg
VID_1,VID_1.mp4,3,435,29,custom_dataset\processed\VID_1\003\frame_0029.jpg
VID_1,VID_1.mp4,3,450,30,custom_dataset\processed\VID_1\003\frame_0030.jpg
VID_1,VID_1.mp4,4,0,0,custom_dataset\processed\VID_1\004\frame_0000.jpg
VID_1,VID_1.mp4,4,15,1,custom_dataset\processed\VID_1\004\frame_0001.jpg
VID_1,VID_1.mp4,4,30,2,custom_dataset\processed\VID_1\004\frame_0002.jpg
VID_1,VID_1.mp4,4,45,3,custom_dataset\processed\VID_1\004\frame_0003.jpg
VID_1,VID_1.mp4,4,60,4,custom_dataset\processed\VID_1\004\frame_0004.jpg
VID_1,VID_1.mp4,4,75,5,custom_dataset\processed\VID_1\004\frame_0005.jpg
VID_1,VID_1.mp4,4,90,6,custom_dataset\processed\VID_1\004\frame_0006.jpg
VID_1,VID_1.mp4,4,105,7,custom_dataset\processed\VID_1\004\frame_0007.jpg
VID_1,VID_1.mp4,4,120,8,custom_dataset\processed\VID_1\004\frame_0008.jpg
VID_1,VID_1.mp4,4,135,9,custom_dataset\processed\VID_1\004\frame_0009.jpg
VID_1,VID_1.mp4,4,150,10,custom_dataset\processed\VID_1\004\frame_0010.jpg
VID_1,VID_1.mp4,4,165,11,custom_dataset\processed\VID_1\004\frame_0011.jpg
VID_1,VID_1.mp4,4,180,12,custom_dataset\processed\VID_1\004\frame_0012.jpg
VID_1,VID_1.mp4,4,195,13,custom_dataset\processed\VID_1\004\frame_0013.jpg
VID_1,VID_1.mp4,4,210,14,custom_dataset\processed\VID_1\004\frame_0014.jpg
VID_1,VID_1.mp4,4,225,15,custom_dataset\processed\VID_1\004\frame_0015.jpg
VID_1,VID_1.mp4,4,240,16,custom_dataset\processed\VID_1\004\frame_0016.jpg
VID_1,VID_1.mp4,4,255,17,custom_dataset\processed\VID_1\004\frame_0017.jpg
VID_1,VID_1.mp4,4,270,18,custom_dataset\processed\VID_1\004\frame_0018.jpg
VID_1,VID_1.mp4,4,285,19,custom_dataset\processed\VID_1\004\frame_0019.jpg
VID_1,VID_1.mp4,4,300,20,custom_dataset\processed\VID_1\004\frame_0020.jpg
VID_1,VID_1.mp4,4,315,21,custom_dataset\processed\VID_1\004\frame_0021.jpg
VID_1,VID_1.mp4,4,330,22,custom_dataset\processed\VID_1\004\frame_0022.jpg
VID_1,VID_1.mp4,4,345,23,custom_dataset\processed\VID_1\004\frame_0023.jpg
VID_1,VID_1.mp4,4,360,24,custom_dataset\processed\VID_1\004\frame_0024.jpg
VID_1,VID_1.mp4,4,375,25,custom_dataset\processed\VID_1\004\frame_0025.jpg
VID_1,VID_1.mp4,4,390,26,custom_dataset\processed\VID_1\004\frame_0026.jpg
VID_1,VID_1.mp4,4,405,27,custom_dataset\processed\VID_1\004\frame_0027.jpg
VID_1,VID_1.mp4,4,420,28,custom_dataset\processed\VID_1\004\frame_0028.jpg
VID_1,VID_1.mp4,4,435,29,custom_dataset\processed\VID_1\004\frame_0029.jpg
VID_1,VID_1.mp4,4,450,30,custom_dataset\processed\VID_1\004\frame_0030.jpg
VID_1,VID_1.mp4,5,0,0,custom_dataset\processed\VID_1\005\frame_0000.jpg
VID_1,VID_1.mp4,5,15,1,custom_dataset\processed\VID_1\005\frame_0001.jpg
VID_1,VID_1.mp4,5,30,2,custom_dataset\processed\VID_1\005\frame_0002.jpg
VID_1,VID_1.mp4,5,45,3,custom_dataset\processed\VID_1\005\frame_0003.jpg
VID_1,VID_1.mp4,5,60,4,custom_dataset\processed\VID_1\005\frame_0004.jpg
VID_1,VID_1.mp4,5,75,5,custom_dataset\processed\VID_1\005\frame_0005.jpg
VID_1,VID_1.mp4,5,105,7,custom_dataset\processed\VID_1\005\frame_0007.jpg
VID_1,VID_1.mp4,5,150,10,custom_dataset\processed\VID_1\005\frame_0010.jpg
VID_1,VID_1.mp4,5,165,11,custom_dataset\processed\VID_1\005\frame_0011.jpg
VID_1,VID_1.mp4,5,180,12,custom_dataset\processed\VID_1\005\frame_0012.jpg
VID_1,VID_1.mp4,7,0,0,custom_dataset\processed\VID_1\007\frame_0000.jpg
VID_1,VID_1.mp4,7,0,0,custom_dataset\processed\VID_1\007\frame_0000.jpg
VID_1,VID_1.mp4,7,15,1,custom_dataset\processed\VID_1\007\frame_0001.jpg
VID_1,VID_1.mp4,7,45,3,custom_dataset\processed\VID_1\007\frame_0003.jpg
VID_1,VID_1.mp4,7,60,4,custom_dataset\processed\VID_1\007\frame_0004.jpg
VID_1,VID_1.mp4,7,75,5,custom_dataset\processed\VID_1\007\frame_0005.jpg
VID_1,VID_1.mp4,7,90,6,custom_dataset\processed\VID_1\007\frame_0006.jpg
VID_1,VID_1.mp4,7,105,7,custom_dataset\processed\VID_1\007\frame_0007.jpg
VID_1,VID_1.mp4,7,120,8,custom_dataset\processed\VID_1\007\frame_0008.jpg
VID_1,VID_1.mp4,7,135,9,custom_dataset\processed\VID_1\007\frame_0009.jpg
VID_1,VID_1.mp4,7,150,10,custom_dataset\processed\VID_1\007\frame_0010.jpg
VID_1,VID_1.mp4,7,165,11,custom_dataset\processed\VID_1\007\frame_0011.jpg
VID_1,VID_1.mp4,7,180,12,custom_dataset\processed\VID_1\007\frame_0012.jpg
VID_1,VID_1.mp4,7,195,13,custom_dataset\processed\VID_1\007\frame_0013.jpg
VID_1,VID_1.mp4,7,210,14,custom_dataset\processed\VID_1\007\frame_0014.jpg
VID_1,VID_1.mp4,7,225,15,custom_dataset\processed\VID_1\007\frame_0015.jpg
VID_1,VID_1.mp4,7,240,16,custom_dataset\processed\VID_1\007\frame_0016.jpg
VID_1,VID_1.mp4,7,255,17,custom_dataset\processed\VID_1\007\frame_0017.jpg
VID_1,VID_1.mp4,7,270,18,custom_dataset\processed\VID_1\007\frame_0018.jpg
VID_1,VID_1.mp4,7,285,19,custom_dataset\processed\VID_1\007\frame_0019.jpg
VID_1,VID_1.mp4,7,300,20,custom_dataset\processed\VID_1\007\frame_0020.jpg
VID_1,VID_1.mp4,7,315,21,custom_dataset\processed\VID_1\007\frame_0021.jpg
VID_1,VID_1.mp4,7,330,22,custom_dataset\processed\VID_1\007\frame_0022.jpg
VID_1,VID_1.mp4,7,345,23,custom_dataset\processed\VID_1\007\frame_0023.jpg
VID_1,VID_1.mp4,7,360,24,custom_dataset\processed\VID_1\007\frame_0024.jpg
VID_1,VID_1.mp4,7,375,25,custom_dataset\processed\VID_1\007\frame_0025.jpg
VID_1,VID_1.mp4,7,390,26,custom_dataset\processed\VID_1\007\frame_0026.jpg
VID_1,VID_1.mp4,7,405,27,custom_dataset\processed\VID_1\007\frame_0027.jpg
VID_1,VID_1.mp4,7,420,28,custom_dataset\processed\VID_1\007\frame_0028.jpg
VID_1,VID_1.mp4,7,435,29,custom_dataset\processed\VID_1\007\frame_0029.jpg
VID_1,VID_1.mp4,7,450,30,custom_dataset\processed\VID_1\007\frame_0030.jpg
VID_1,VID_1.mp4,11,75,5,custom_dataset\processed\VID_1\011\frame_0005.jpg
VID_1,VID_1.mp4,11,120,8,custom_dataset\processed\VID_1\011\frame_0008.jpg
VID_1,VID_1.mp4,11,135,9,custom_dataset\processed\VID_1\011\frame_0009.jpg
VID_1,VID_1.mp4,11,150,10,custom_dataset\processed\VID_1\011\frame_0010.jpg
VID_1,VID_1.mp4,11,165,11,custom_dataset\processed\VID_1\011\frame_0011.jpg
VID_1,VID_1.mp4,11,180,12,custom_dataset\processed\VID_1\011\frame_0012.jpg
VID_1,VID_1.mp4,11,195,13,custom_dataset\processed\VID_1\011\frame_0013.jpg
VID_1,VID_1.mp4,11,210,14,custom_dataset\processed\VID_1\011\frame_0014.jpg
VID_1,VID_1.mp4,16,210,14,custom_dataset\processed\VID_1\016\frame_0014.jpg
VID_1,VID_1.mp4,16,225,15,custom_dataset\processed\VID_1\016\frame_0015.jpg
VID_1,VID_1.mp4,16,240,16,custom_dataset\processed\VID_1\016\frame_0016.jpg
VID_1,VID_1.mp4,16,255,17,custom_dataset\processed\VID_1\016\frame_0017.jpg
VID_1,VID_1.mp4,16,270,18,custom_dataset\processed\VID_1\016\frame_0018.jpg
VID_1,VID_1.mp4,16,285,19,custom_dataset\processed\VID_1\016\frame_0019.jpg
VID_1,VID_1.mp4,16,300,20,custom_dataset\processed\VID_1\016\frame_0020.jpg
VID_1,VID_1.mp4,16,315,21,custom_dataset\processed\VID_1\016\frame_0021.jpg
VID_1,VID_1.mp4,16,330,22,custom_dataset\processed\VID_1\016\frame_0022.jpg
VID_1,VID_1.mp4,16,345,23,custom_dataset\processed\VID_1\016\frame_0023.jpg
VID_1,VID_1.mp4,16,360,24,custom_dataset\processed\VID_1\016\frame_0024.jpg
VID_1,VID_1.mp4,16,375,25,custom_dataset\processed\VID_1\016\frame_0025.jpg
VID_1,VID_1.mp4,16,390,26,custom_dataset\processed\VID_1\016\frame_0026.jpg
VID_1,VID_1.mp4,17,210,14,custom_dataset\processed\VID_1\017\frame_0014.jpg
VID_1,VID_1.mp4,17,225,15,custom_dataset\processed\VID_1\017\frame_0015.jpg
VID_1,VID_1.mp4,17,285,19,custom_dataset\processed\VID_1\017\frame_0019.jpg
VID_1,VID_1.mp4,17,300,20,custom_dataset\processed\VID_1\017\frame_0020.jpg
VID_1,VID_1.mp4,17,345,23,custom_dataset\processed\VID_1\017\frame_0023.jpg
VID_1,VID_1.mp4,17,375,25,custom_dataset\processed\VID_1\017\frame_0025.jpg
VID_1,VID_1.mp4,17,405,27,custom_dataset\processed\VID_1\017\frame_0027.jpg
VID_1,VID_1.mp4,17,420,28,custom_dataset\processed\VID_1\017\frame_0028.jpg
VID_1,VID_1.mp4,17,435,29,custom_dataset\processed\VID_1\017\frame_0029.jpg
VID_1,VID_1.mp4,17,450,30,custom_dataset\processed\VID_1\017\frame_0030.jpg
VID_1,VID_1.mp4,20,300,20,custom_dataset\processed\VID_1\020\frame_0020.jpg
VID_1,VID_1.mp4,20,330,22,custom_dataset\processed\VID_1\020\frame_0022.jpg
VID_1,VID_1.mp4,20,345,23,custom_dataset\processed\VID_1\020\frame_0023.jpg
VID_1,VID_1.mp4,20,360,24,custom_dataset\processed\VID_1\020\frame_0024.jpg
VID_1,VID_1.mp4,20,375,25,custom_dataset\processed\VID_1\020\frame_0025.jpg
VID_1,VID_1.mp4,20,390,26,custom_dataset\processed\VID_1\020\frame_0026.jpg
VID_1,VID_1.mp4,20,405,27,custom_dataset\processed\VID_1\020\frame_0027.jpg
VID_1,VID_1.mp4,20,420,28,custom_dataset\processed\VID_1\020\frame_0028.jpg
VID_1,VID_1.mp4,20,435,29,custom_dataset\processed\VID_1\020\frame_0029.jpg
VID_1,VID_1.mp4,20,450,30,custom_dataset\processed\VID_1\020\frame_0030.jpg
VID_10,VID_10.mp4,1,0,0,custom_dataset\processed\VID_10\001\frame_0000.jpg
VID_10,VID_10.mp4,1,15,1,custom_dataset\processed\VID_10\001\frame_0001.jpg
VID_10,VID_10.mp4,1,30,2,custom_dataset\processed\VID_10\001\frame_0002.jpg
VID_10,VID_10.mp4,1,45,3,custom_dataset\processed\VID_10\001\frame_0003.jpg
VID_10,VID_10.mp4,1,60,4,custom_dataset\processed\VID_10\001\frame_0004.jpg
VID_10,VID_10.mp4,1,75,5,custom_dataset\processed\VID_10\001\frame_0005.jpg
VID_10,VID_10.mp4,1,90,6,custom_dataset\processed\VID_10\001\frame_0006.jpg
VID_10,VID_10.mp4,1,105,7,custom_dataset\processed\VID_10\001\frame_0007.jpg
VID_10,VID_10.mp4,1,120,8,custom_dataset\processed\VID_10\001\frame_0008.jpg
VID_10,VID_10.mp4,1,135,9,custom_dataset\processed\VID_10\001\frame_0009.jpg
VID_10,VID_10.mp4,1,150,10,custom_dataset\processed\VID_10\001\frame_0010.jpg
VID_10,VID_10.mp4,1,165,11,custom_dataset\processed\VID_10\001\frame_0011.jpg
VID_10,VID_10.mp4,1,180,12,custom_dataset\processed\VID_10\001\frame_0012.jpg
VID_10,VID_10.mp4,1,195,13,custom_dataset\processed\VID_10\001\frame_0013.jpg
VID_10,VID_10.mp4,1,210,14,custom_dataset\processed\VID_10\001\frame_0014.jpg
VID_10,VID_10.mp4,1,225,15,custom_dataset\processed\VID_10\001\frame_0015.jpg
VID_10,VID_10.mp4,1,240,16,custom_dataset\processed\VID_10\001\frame_0016.jpg
VID_10,VID_10.mp4,1,255,17,custom_dataset\processed\VID_10\001\frame_0017.jpg
VID_10,VID_10.mp4,1,270,18,custom_dataset\processed\VID_10\001\frame_0018.jpg
VID_10,VID_10.mp4,1,285,19,custom_dataset\processed\VID_10\001\frame_0019.jpg
VID_10,VID_10.mp4,1,300,20,custom_dataset\processed\VID_10\001\frame_0020.jpg
VID_10,VID_10.mp4,1,315,21,custom_dataset\processed\VID_10\001\frame_0021.jpg
VID_10,VID_10.mp4,1,330,22,custom_dataset\processed\VID_10\001\frame_0022.jpg
VID_10,VID_10.mp4,1,345,23,custom_dataset\processed\VID_10\001\frame_0023.jpg
VID_10,VID_10.mp4,1,360,24,custom_dataset\processed\VID_10\001\frame_0024.jpg
VID_10,VID_10.mp4,1,375,25,custom_dataset\processed\VID_10\001\frame_0025.jpg
VID_10,VID_10.mp4,1,390,26,custom_dataset\processed\VID_10\001\frame_0026.jpg
VID_10,VID_10.mp4,1,405,27,custom_dataset\processed\VID_10\001\frame_0027.jpg
VID_10,VID_10.mp4,1,420,28,custom_dataset\processed\VID_10\001\frame_0028.jpg
VID_10,VID_10.mp4,1,435,29,custom_dataset\processed\VID_10\001\frame_0029.jpg
VID_10,VID_10.mp4,1,450,30,custom_dataset\processed\VID_10\001\frame_0030.jpg
VID_10,VID_10.mp4,1,465,31,custom_dataset\processed\VID_10\001\frame_0031.jpg
VID_10,VID_10.mp4,1,480,32,custom_dataset\processed\VID_10\001\frame_0032.jpg
VID_10,VID_10.mp4,1,495,33,custom_dataset\processed\VID_10\001\frame_0033.jpg
VID_10,VID_10.mp4,1,510,34,custom_dataset\processed\VID_10\001\frame_0034.jpg
VID_10,VID_10.mp4,1,525,35,custom_dataset\processed\VID_10\001\frame_0035.jpg
VID_10,VID_10.mp4,1,540,36,custom_dataset\processed\VID_10\001\frame_0036.jpg
VID_10,VID_10.mp4,1,555,37,custom_dataset\processed\VID_10\001\frame_0037.jpg
VID_10,VID_10.mp4,1,570,38,custom_dataset\processed\VID_10\001\frame_0038.jpg
VID_10,VID_10.mp4,1,585,39,custom_dataset\processed\VID_10\001\frame_0039.jpg
VID_10,VID_10.mp4,1,600,40,custom_dataset\processed\VID_10\001\frame_0040.jpg
VID_10,VID_10.mp4,1,615,41,custom_dataset\processed\VID_10\001\frame_0041.jpg
VID_10,VID_10.mp4,1,630,42,custom_dataset\processed\VID_10\001\frame_0042.jpg
VID_10,VID_10.mp4,1,645,43,custom_dataset\processed\VID_10\001\frame_0043.jpg
VID_10,VID_10.mp4,2,0,0,custom_dataset\processed\VID_10\002\frame_0000.jpg
VID_10,VID_10.mp4,2,15,1,custom_dataset\processed\VID_10\002\frame_0001.jpg
VID_10,VID_10.mp4,2,30,2,custom_dataset\processed\VID_10\002\frame_0002.jpg
VID_10,VID_10.mp4,2,45,3,custom_dataset\processed\VID_10\002\frame_0003.jpg
VID_10,VID_10.mp4,2,60,4,custom_dataset\processed\VID_10\002\frame_0004.jpg
VID_10,VID_10.mp4,2,75,5,custom_dataset\processed\VID_10\002\frame_0005.jpg
VID_10,VID_10.mp4,2,90,6,custom_dataset\processed\VID_10\002\frame_0006.jpg
VID_10,VID_10.mp4,2,105,7,custom_dataset\processed\VID_10\002\frame_0007.jpg
VID_10,VID_10.mp4,2,120,8,custom_dataset\processed\VID_10\002\frame_0008.jpg
VID_10,VID_10.mp4,2,135,9,custom_dataset\processed\VID_10\002\frame_0009.jpg
VID_10,VID_10.mp4,2,150,10,custom_dataset\processed\VID_10\002\frame_0010.jpg
VID_10,VID_10.mp4,2,165,11,custom_dataset\processed\VID_10\002\frame_0011.jpg
VID_10,VID_10.mp4,2,180,12,custom_dataset\processed\VID_10\002\frame_0012.jpg
VID_10,VID_10.mp4,2,195,13,custom_dataset\processed\VID_10\002\frame_0013.jpg
VID_10,VID_10.mp4,2,210,14,custom_dataset\processed\VID_10\002\frame_0014.jpg
VID_10,VID_10.mp4,2,225,15,custom_dataset\processed\VID_10\002\frame_0015.jpg
VID_10,VID_10.mp4,2,240,16,custom_dataset\processed\VID_10\002\frame_0016.jpg
VID_10,VID_10.mp4,2,255,17,custom_dataset\processed\VID_10\002\frame_0017.jpg
VID_10,VID_10.mp4,2,270,18,custom_dataset\processed\VID_10\002\frame_0018.jpg
VID_10,VID_10.mp4,2,285,19,custom_dataset\processed\VID_10\002\frame_0019.jpg
VID_10,VID_10.mp4,2,300,20,custom_dataset\processed\VID_10\002\frame_0020.jpg
VID_10,VID_10.mp4,2,315,21,custom_dataset\processed\VID_10\002\frame_0021.jpg
VID_10,VID_10.mp4,2,330,22,custom_dataset\processed\VID_10\002\frame_0022.jpg
VID_10,VID_10.mp4,2,345,23,custom_dataset\processed\VID_10\002\frame_0023.jpg
VID_10,VID_10.mp4,2,360,24,custom_dataset\processed\VID_10\002\frame_0024.jpg
VID_10,VID_10.mp4,2,375,25,custom_dataset\processed\VID_10\002\frame_0025.jpg
VID_10,VID_10.mp4,2,390,26,custom_dataset\processed\VID_10\002\frame_0026.jpg
VID_10,VID_10.mp4,2,405,27,custom_dataset\processed\VID_10\002\frame_0027.jpg
VID_10,VID_10.mp4,2,420,28,custom_dataset\processed\VID_10\002\frame_0028.jpg
VID_10,VID_10.mp4,2,435,29,custom_dataset\processed\VID_10\002\frame_0029.jpg
VID_10,VID_10.mp4,2,450,30,custom_dataset\processed\VID_10\002\frame_0030.jpg
VID_10,VID_10.mp4,2,465,31,custom_dataset\processed\VID_10\002\frame_0031.jpg
VID_10,VID_10.mp4,2,480,32,custom_dataset\processed\VID_10\002\frame_0032.jpg
VID_10,VID_10.mp4,2,495,33,custom_dataset\processed\VID_10\002\frame_0033.jpg
VID_10,VID_10.mp4,2,510,34,custom_dataset\processed\VID_10\002\frame_0034.jpg
VID_10,VID_10.mp4,2,525,35,custom_dataset\processed\VID_10\002\frame_0035.jpg
VID_10,VID_10.mp4,2,540,36,custom_dataset\processed\VID_10\002\frame_0036.jpg
VID_10,VID_10.mp4,2,555,37,custom_dataset\processed\VID_10\002\frame_0037.jpg
VID_10,VID_10.mp4,2,570,38,custom_dataset\processed\VID_10\002\frame_0038.jpg
VID_10,VID_10.mp4,2,585,39,custom_dataset\processed\VID_10\002\frame_0039.jpg
VID_10,VID_10.mp4,2,600,40,custom_dataset\processed\VID_10\002\frame_0040.jpg
VID_10,VID_10.mp4,2,615,41,custom_dataset\processed\VID_10\002\frame_0041.jpg
VID_10,VID_10.mp4,2,630,42,custom_dataset\processed\VID_10\002\frame_0042.jpg
VID_10,VID_10.mp4,2,645,43,custom_dataset\processed\VID_10\002\frame_0043.jpg
VID_10,VID_10.mp4,3,0,0,custom_dataset\processed\VID_10\003\frame_0000.jpg
VID_10,VID_10.mp4,3,15,1,custom_dataset\processed\VID_10\003\frame_0001.jpg
VID_10,VID_10.mp4,3,30,2,custom_dataset\processed\VID_10\003\frame_0002.jpg
VID_10,VID_10.mp4,3,45,3,custom_dataset\processed\VID_10\003\frame_0003.jpg
VID_10,VID_10.mp4,3,60,4,custom_dataset\processed\VID_10\003\frame_0004.jpg
VID_10,VID_10.mp4,3,75,5,custom_dataset\processed\VID_10\003\frame_0005.jpg
VID_10,VID_10.mp4,3,90,6,custom_dataset\processed\VID_10\003\frame_0006.jpg
VID_10,VID_10.mp4,3,105,7,custom_dataset\processed\VID_10\003\frame_0007.jpg
VID_10,VID_10.mp4,3,120,8,custom_dataset\processed\VID_10\003\frame_0008.jpg
VID_10,VID_10.mp4,3,135,9,custom_dataset\processed\VID_10\003\frame_0009.jpg
VID_10,VID_10.mp4,3,150,10,custom_dataset\processed\VID_10\003\frame_0010.jpg
VID_10,VID_10.mp4,3,165,11,custom_dataset\processed\VID_10\003\frame_0011.jpg
VID_10,VID_10.mp4,3,180,12,custom_dataset\processed\VID_10\003\frame_0012.jpg
VID_10,VID_10.mp4,3,195,13,custom_dataset\processed\VID_10\003\frame_0013.jpg
VID_10,VID_10.mp4,3,210,14,custom_dataset\processed\VID_10\003\frame_0014.jpg
VID_10,VID_10.mp4,3,225,15,custom_dataset\processed\VID_10\003\frame_0015.jpg
VID_10,VID_10.mp4,3,240,16,custom_dataset\processed\VID_10\003\frame_0016.jpg
VID_10,VID_10.mp4,3,255,17,custom_dataset\processed\VID_10\003\frame_0017.jpg
VID_10,VID_10.mp4,3,270,18,custom_dataset\processed\VID_10\003\frame_0018.jpg
VID_10,VID_10.mp4,3,285,19,custom_dataset\processed\VID_10\003\frame_0019.jpg
VID_10,VID_10.mp4,3,300,20,custom_dataset\processed\VID_10\003\frame_0020.jpg
VID_10,VID_10.mp4,3,315,21,custom_dataset\processed\VID_10\003\frame_0021.jpg
VID_10,VID_10.mp4,3,330,22,custom_dataset\processed\VID_10\003\frame_0022.jpg
VID_10,VID_10.mp4,3,345,23,custom_dataset\processed\VID_10\003\frame_0023.jpg
VID_10,VID_10.mp4,3,360,24,custom_dataset\processed\VID_10\003\frame_0024.jpg
VID_10,VID_10.mp4,3,375,25,custom_dataset\processed\VID_10\003\frame_0025.jpg
VID_10,VID_10.mp4,3,390,26,custom_dataset\processed\VID_10\003\frame_0026.jpg
VID_10,VID_10.mp4,3,405,27,custom_dataset\processed\VID_10\003\frame_0027.jpg
VID_10,VID_10.mp4,3,420,28,custom_dataset\processed\VID_10\003\frame_0028.jpg
VID_10,VID_10.mp4,3,435,29,custom_dataset\processed\VID_10\003\frame_0029.jpg
VID_10,VID_10.mp4,3,450,30,custom_dataset\processed\VID_10\003\frame_0030.jpg
VID_10,VID_10.mp4,3,465,31,custom_dataset\processed\VID_10\003\frame_0031.jpg
VID_10,VID_10.mp4,3,480,32,custom_dataset\processed\VID_10\003\frame_0032.jpg
VID_10,VID_10.mp4,3,495,33,custom_dataset\processed\VID_10\003\frame_0033.jpg
VID_10,VID_10.mp4,3,510,34,custom_dataset\processed\VID_10\003\frame_0034.jpg
VID_10,VID_10.mp4,3,525,35,custom_dataset\processed\VID_10\003\frame_0035.jpg
VID_10,VID_10.mp4,3,540,36,custom_dataset\processed\VID_10\003\frame_0036.jpg
VID_10,VID_10.mp4,3,555,37,custom_dataset\processed\VID_10\003\frame_0037.jpg
VID_10,VID_10.mp4,3,570,38,custom_dataset\processed\VID_10\003\frame_0038.jpg
VID_10,VID_10.mp4,3,585,39,custom_dataset\processed\VID_10\003\frame_0039.jpg
VID_10,VID_10.mp4,3,600,40,custom_dataset\processed\VID_10\003\frame_0040.jpg
VID_10,VID_10.mp4,3,615,41,custom_dataset\processed\VID_10\003\frame_0041.jpg
VID_10,VID_10.mp4,3,630,42,custom_dataset\processed\VID_10\003\frame_0042.jpg
VID_10,VID_10.mp4,3,645,43,custom_dataset\processed\VID_10\003\frame_0043.jpg
VID_10,VID_10.mp4,4,0,0,custom_dataset\processed\VID_10\004\frame_0000.jpg
VID_10,VID_10.mp4,4,15,1,custom_dataset\processed\VID_10\004\frame_0001.jpg
VID_10,VID_10.mp4,4,30,2,custom_dataset\processed\VID_10\004\frame_0002.jpg
VID_10,VID_10.mp4,4,45,3,custom_dataset\processed\VID_10\004\frame_0003.jpg
VID_10,VID_10.mp4,4,60,4,custom_dataset\processed\VID_10\004\frame_0004.jpg
VID_10,VID_10.mp4,4,75,5,custom_dataset\processed\VID_10\004\frame_0005.jpg
VID_10,VID_10.mp4,4,90,6,custom_dataset\processed\VID_10\004\frame_0006.jpg
VID_10,VID_10.mp4,4,105,7,custom_dataset\processed\VID_10\004\frame_0007.jpg
VID_10,VID_10.mp4,4,120,8,custom_dataset\processed\VID_10\004\frame_0008.jpg
VID_10,VID_10.mp4,4,135,9,custom_dataset\processed\VID_10\004\frame_0009.jpg
VID_10,VID_10.mp4,4,150,10,custom_dataset\processed\VID_10\004\frame_0010.jpg
VID_10,VID_10.mp4,4,165,11,custom_dataset\processed\VID_10\004\frame_0011.jpg
VID_10,VID_10.mp4,4,180,12,custom_dataset\processed\VID_10\004\frame_0012.jpg
VID_10,VID_10.mp4,4,195,13,custom_dataset\processed\VID_10\004\frame_0013.jpg
VID_10,VID_10.mp4,4,210,14,custom_dataset\processed\VID_10\004\frame_0014.jpg
VID_10,VID_10.mp4,4,255,17,custom_dataset\processed\VID_10\004\frame_0017.jpg
VID_10,VID_10.mp4,4,270,18,custom_dataset\processed\VID_10\004\frame_0018.jpg
VID_10,VID_10.mp4,4,285,19,custom_dataset\processed\VID_10\004\frame_0019.jpg
VID_10,VID_10.mp4,4,300,20,custom_dataset\processed\VID_10\004\frame_0020.jpg
VID_10,VID_10.mp4,5,0,0,custom_dataset\processed\VID_10\005\frame_0000.jpg
VID_10,VID_10.mp4,5,15,1,custom_dataset\processed\VID_10\005\frame_0001.jpg
VID_10,VID_10.mp4,5,30,2,custom_dataset\processed\VID_10\005\frame_0002.jpg
VID_10,VID_10.mp4,5,45,3,custom_dataset\processed\VID_10\005\frame_0003.jpg
VID_10,VID_10.mp4,5,60,4,custom_dataset\processed\VID_10\005\frame_0004.jpg
VID_10,VID_10.mp4,5,75,5,custom_dataset\processed\VID_10\005\frame_0005.jpg
VID_10,VID_10.mp4,5,90,6,custom_dataset\processed\VID_10\005\frame_0006.jpg
VID_10,VID_10.mp4,5,105,7,custom_dataset\processed\VID_10\005\frame_0007.jpg
VID_10,VID_10.mp4,5,120,8,custom_dataset\processed\VID_10\005\frame_0008.jpg
VID_10,VID_10.mp4,5,135,9,custom_dataset\processed\VID_10\005\frame_0009.jpg
VID_10,VID_10.mp4,5,150,10,custom_dataset\processed\VID_10\005\frame_0010.jpg
VID_10,VID_10.mp4,5,165,11,custom_dataset\processed\VID_10\005\frame_0011.jpg
VID_10,VID_10.mp4,5,180,12,custom_dataset\processed\VID_10\005\frame_0012.jpg
VID_10,VID_10.mp4,5,195,13,custom_dataset\processed\VID_10\005\frame_0013.jpg
VID_10,VID_10.mp4,5,210,14,custom_dataset\processed\VID_10\005\frame_0014.jpg
VID_10,VID_10.mp4,5,225,15,custom_dataset\processed\VID_10\005\frame_0015.jpg
VID_10,VID_10.mp4,5,240,16,custom_dataset\processed\VID_10\005\frame_0016.jpg
VID_10,VID_10.mp4,5,255,17,custom_dataset\processed\VID_10\005\frame_0017.jpg
VID_10,VID_10.mp4,5,270,18,custom_dataset\processed\VID_10\005\frame_0018.jpg
VID_10,VID_10.mp4,5,285,19,custom_dataset\processed\VID_10\005\frame_0019.jpg
VID_10,VID_10.mp4,5,300,20,custom_dataset\processed\VID_10\005\frame_0020.jpg
VID_10,VID_10.mp4,5,315,21,custom_dataset\processed\VID_10\005\frame_0021.jpg
VID_10,VID_10.mp4,5,330,22,custom_dataset\processed\VID_10\005\frame_0022.jpg
VID_10,VID_10.mp4,5,345,23,custom_dataset\processed\VID_10\005\frame_0023.jpg
VID_10,VID_10.mp4,5,360,24,custom_dataset\processed\VID_10\005\frame_0024.jpg
VID_10,VID_10.mp4,5,375,25,custom_dataset\processed\VID_10\005\frame_0025.jpg
VID_10,VID_10.mp4,5,390,26,custom_dataset\processed\VID_10\005\frame_0026.jpg
VID_10,VID_10.mp4,5,405,27,custom_dataset\processed\VID_10\005\frame_0027.jpg
VID_10,VID_10.mp4,5,420,28,custom_dataset\processed\VID_10\005\frame_0028.jpg
VID_10,VID_10.mp4,5,435,29,custom_dataset\processed\VID_10\005\frame_0029.jpg
VID_10,VID_10.mp4,5,450,30,custom_dataset\processed\VID_10\005\frame_0030.jpg
VID_10,VID_10.mp4,5,465,31,custom_dataset\processed\VID_10\005\frame_0031.jpg
VID_10,VID_10.mp4,5,480,32,custom_dataset\processed\VID_10\005\frame_0032.jpg
VID_10,VID_10.mp4,5,495,33,custom_dataset\processed\VID_10\005\frame_0033.jpg
VID_10,VID_10.mp4,5,510,34,custom_dataset\processed\VID_10\005\frame_0034.jpg
VID_10,VID_10.mp4,5,525,35,custom_dataset\processed\VID_10\005\frame_0035.jpg
VID_10,VID_10.mp4,5,540,36,custom_dataset\processed\VID_10\005\frame_0036.jpg
VID_10,VID_10.mp4,5,555,37,custom_dataset\processed\VID_10\005\frame_0037.jpg
VID_10,VID_10.mp4,5,570,38,custom_dataset\processed\VID_10\005\frame_0038.jpg
VID_10,VID_10.mp4,5,585,39,custom_dataset\processed\VID_10\005\frame_0039.jpg
VID_10,VID_10.mp4,5,600,40,custom_dataset\processed\VID_10\005\frame_0040.jpg
VID_10,VID_10.mp4,5,615,41,custom_dataset\processed\VID_10\005\frame_0041.jpg
VID_10,VID_10.mp4,5,630,42,custom_dataset\processed\VID_10\005\frame_0042.jpg
VID_10,VID_10.mp4,5,645,43,custom_dataset\processed\VID_10\005\frame_0043.jpg
VID_10,VID_10.mp4,7,0,0,custom_dataset\processed\VID_10\007\frame_0000.jpg
VID_10,VID_10.mp4,7,15,1,custom_dataset\processed\VID_10\007\frame_0001.jpg
VID_10,VID_10.mp4,7,30,2,custom_dataset\processed\VID_10\007\frame_0002.jpg
VID_10,VID_10.mp4,7,45,3,custom_dataset\processed\VID_10\007\frame_0003.jpg
VID_10,VID_10.mp4,7,60,4,custom_dataset\processed\VID_10\007\frame_0004.jpg
VID_10,VID_10.mp4,7,75,5,custom_dataset\processed\VID_10\007\frame_0005.jpg
VID_10,VID_10.mp4,7,105,7,custom_dataset\processed\VID_10\007\frame_0007.jpg
VID_10,VID_10.mp4,7,120,8,custom_dataset\processed\VID_10\007\frame_0008.jpg
VID_10,VID_10.mp4,7,135,9,custom_dataset\processed\VID_10\007\frame_0009.jpg
VID_10,VID_10.mp4,7,165,11,custom_dataset\processed\VID_10\007\frame_0011.jpg
VID_10,VID_10.mp4,7,195,13,custom_dataset\processed\VID_10\007\frame_0013.jpg
VID_10,VID_10.mp4,7,240,16,custom_dataset\processed\VID_10\007\frame_0016.jpg
VID_10,VID_10.mp4,7,255,17,custom_dataset\processed\VID_10\007\frame_0017.jpg
VID_10,VID_10.mp4,7,270,18,custom_dataset\processed\VID_10\007\frame_0018.jpg
VID_10,VID_10.mp4,7,285,19,custom_dataset\processed\VID_10\007\frame_0019.jpg
VID_10,VID_10.mp4,7,315,21,custom_dataset\processed\VID_10\007\frame_0021.jpg
VID_10,VID_10.mp4,7,330,22,custom_dataset\processed\VID_10\007\frame_0022.jpg
VID_10,VID_10.mp4,7,345,23,custom_dataset\processed\VID_10\007\frame_0023.jpg
VID_10,VID_10.mp4,7,360,24,custom_dataset\processed\VID_10\007\frame_0024.jpg
VID_10,VID_10.mp4,7,375,25,custom_dataset\processed\VID_10\007\frame_0025.jpg
VID_10,VID_10.mp4,7,390,26,custom_dataset\processed\VID_10\007\frame_0026.jpg
VID_10,VID_10.mp4,7,405,27,custom_dataset\processed\VID_10\007\frame_0027.jpg
VID_10,VID_10.mp4,7,420,28,custom_dataset\processed\VID_10\007\frame_0028.jpg
VID_10,VID_10.mp4,7,435,29,custom_dataset\processed\VID_10\007\frame_0029.jpg
VID_10,VID_10.mp4,7,450,30,custom_dataset\processed\VID_10\007\frame_0030.jpg
VID_10,VID_10.mp4,7,465,31,custom_dataset\processed\VID_10\007\frame_0031.jpg
VID_10,VID_10.mp4,7,480,32,custom_dataset\processed\VID_10\007\frame_0032.jpg
VID_10,VID_10.mp4,7,495,33,custom_dataset\processed\VID_10\007\frame_0033.jpg
VID_10,VID_10.mp4,7,510,34,custom_dataset\processed\VID_10\007\frame_0034.jpg
VID_10,VID_10.mp4,7,525,35,custom_dataset\processed\VID_10\007\frame_0035.jpg
VID_10,VID_10.mp4,7,540,36,custom_dataset\processed\VID_10\007\frame_0036.jpg
VID_10,VID_10.mp4,7,555,37,custom_dataset\processed\VID_10\007\frame_0037.jpg
VID_10,VID_10.mp4,7,570,38,custom_dataset\processed\VID_10\007\frame_0038.jpg
VID_10,VID_10.mp4,7,585,39,custom_dataset\processed\VID_10\007\frame_0039.jpg
VID_10,VID_10.mp4,7,600,40,custom_dataset\processed\VID_10\007\frame_0040.jpg
VID_10,VID_10.mp4,7,615,41,custom_dataset\processed\VID_10\007\frame_0041.jpg
VID_10,VID_10.mp4,7,630,42,custom_dataset\processed\VID_10\007\frame_0042.jpg
VID_10,VID_10.mp4,9,0,0,custom_dataset\processed\VID_10\009\frame_0000.jpg
VID_10,VID_10.mp4,9,15,1,custom_dataset\processed\VID_10\009\frame_0001.jpg
VID_10,VID_10.mp4,9,30,2,custom_dataset\processed\VID_10\009\frame_0002.jpg
VID_10,VID_10.mp4,9,45,3,custom_dataset\processed\VID_10\009\frame_0003.jpg
VID_10,VID_10.mp4,9,60,4,custom_dataset\processed\VID_10\009\frame_0004.jpg
VID_10,VID_10.mp4,9,75,5,custom_dataset\processed\VID_10\009\frame_0005.jpg
VID_10,VID_10.mp4,9,90,6,custom_dataset\processed\VID_10\009\frame_0006.jpg
VID_10,VID_10.mp4,9,120,8,custom_dataset\processed\VID_10\009\frame_0008.jpg
VID_10,VID_10.mp4,9,135,9,custom_dataset\processed\VID_10\009\frame_0009.jpg
VID_10,VID_10.mp4,9,150,10,custom_dataset\processed\VID_10\009\frame_0010.jpg
VID_10,VID_10.mp4,9,165,11,custom_dataset\processed\VID_10\009\frame_0011.jpg
VID_10,VID_10.mp4,9,180,12,custom_dataset\processed\VID_10\009\frame_0012.jpg
VID_10,VID_10.mp4,9,195,13,custom_dataset\processed\VID_10\009\frame_0013.jpg
VID_10,VID_10.mp4,10,0,0,custom_dataset\processed\VID_10\010\frame_0000.jpg
VID_10,VID_10.mp4,10,15,1,custom_dataset\processed\VID_10\010\frame_0001.jpg
VID_10,VID_10.mp4,10,30,2,custom_dataset\processed\VID_10\010\frame_0002.jpg
VID_10,VID_10.mp4,10,45,3,custom_dataset\processed\VID_10\010\frame_0003.jpg
VID_10,VID_10.mp4,10,60,4,custom_dataset\processed\VID_10\010\frame_0004.jpg
VID_10,VID_10.mp4,10,75,5,custom_dataset\processed\VID_10\010\frame_0005.jpg
VID_10,VID_10.mp4,10,90,6,custom_dataset\processed\VID_10\010\frame_0006.jpg
VID_10,VID_10.mp4,10,105,7,custom_dataset\processed\VID_10\010\frame_0007.jpg
VID_10,VID_10.mp4,10,120,8,custom_dataset\processed\VID_10\010\frame_0008.jpg
VID_10,VID_10.mp4,10,150,10,custom_dataset\processed\VID_10\010\frame_0010.jpg
VID_10,VID_10.mp4,11,60,4,custom_dataset\processed\VID_10\011\frame_0004.jpg
VID_10,VID_10.mp4,11,75,5,custom_dataset\processed\VID_10\011\frame_0005.jpg
VID_10,VID_10.mp4,11,105,7,custom_dataset\processed\VID_10\011\frame_0007.jpg
VID_10,VID_10.mp4,11,120,8,custom_dataset\processed\VID_10\011\frame_0008.jpg
VID_10,VID_10.mp4,11,150,10,custom_dataset\processed\VID_10\011\frame_0010.jpg
VID_10,VID_10.mp4,11,165,11,custom_dataset\processed\VID_10\011\frame_0011.jpg
VID_10,VID_10.mp4,11,180,12,custom_dataset\processed\VID_10\011\frame_0012.jpg
VID_10,VID_10.mp4,11,195,13,custom_dataset\processed\VID_10\011\frame_0013.jpg
VID_10,VID_10.mp4,15,120,8,custom_dataset\processed\VID_10\015\frame_0008.jpg
VID_10,VID_10.mp4,15,135,9,custom_dataset\processed\VID_10\015\frame_0009.jpg
VID_10,VID_10.mp4,15,150,10,custom_dataset\processed\VID_10\015\frame_0010.jpg
VID_10,VID_10.mp4,15,165,11,custom_dataset\processed\VID_10\015\frame_0011.jpg
VID_10,VID_10.mp4,15,180,12,custom_dataset\processed\VID_10\015\frame_0012.jpg
VID_10,VID_10.mp4,15,195,13,custom_dataset\processed\VID_10\015\frame_0013.jpg
VID_10,VID_10.mp4,15,210,14,custom_dataset\processed\VID_10\015\frame_0014.jpg
VID_10,VID_10.mp4,15,225,15,custom_dataset\processed\VID_10\015\frame_0015.jpg
VID_10,VID_10.mp4,15,240,16,custom_dataset\processed\VID_10\015\frame_0016.jpg
VID_10,VID_10.mp4,15,255,17,custom_dataset\processed\VID_10\015\frame_0017.jpg
VID_10,VID_10.mp4,15,270,18,custom_dataset\processed\VID_10\015\frame_0018.jpg
VID_10,VID_10.mp4,15,285,19,custom_dataset\processed\VID_10\015\frame_0019.jpg
VID_10,VID_10.mp4,15,300,20,custom_dataset\processed\VID_10\015\frame_0020.jpg
VID_10,VID_10.mp4,15,315,21,custom_dataset\processed\VID_10\015\frame_0021.jpg
VID_10,VID_10.mp4,15,330,22,custom_dataset\processed\VID_10\015\frame_0022.jpg
VID_10,VID_10.mp4,15,345,23,custom_dataset\processed\VID_10\015\frame_0023.jpg
VID_10,VID_10.mp4,15,360,24,custom_dataset\processed\VID_10\015\frame_0024.jpg
VID_10,VID_10.mp4,15,375,25,custom_dataset\processed\VID_10\015\frame_0025.jpg
VID_10,VID_10.mp4,15,390,26,custom_dataset\processed\VID_10\015\frame_0026.jpg
VID_10,VID_10.mp4,15,405,27,custom_dataset\processed\VID_10\015\frame_0027.jpg
VID_10,VID_10.mp4,15,420,28,custom_dataset\processed\VID_10\015\frame_0028.jpg
VID_10,VID_10.mp4,15,435,29,custom_dataset\processed\VID_10\015\frame_0029.jpg
VID_10,VID_10.mp4,15,450,30,custom_dataset\processed\VID_10\015\frame_0030.jpg
VID_10,VID_10.mp4,15,465,31,custom_dataset\processed\VID_10\015\frame_0031.jpg
VID_10,VID_10.mp4,15,480,32,custom_dataset\processed\VID_10\015\frame_0032.jpg
VID_10,VID_10.mp4,15,495,33,custom_dataset\processed\VID_10\015\frame_0033.jpg
VID_10,VID_10.mp4,15,510,34,custom_dataset\processed\VID_10\015\frame_0034.jpg
VID_10,VID_10.mp4,15,540,36,custom_dataset\processed\VID_10\015\frame_0036.jpg
VID_10,VID_10.mp4,17,165,11,custom_dataset\processed\VID_10\017\frame_0011.jpg
VID_10,VID_10.mp4,17,180,12,custom_dataset\processed\VID_10\017\frame_0012.jpg
VID_10,VID_10.mp4,17,225,15,custom_dataset\processed\VID_10\017\frame_0015.jpg
VID_10,VID_10.mp4,17,240,16,custom_dataset\processed\VID_10\017\frame_0016.jpg
VID_10,VID_10.mp4,17,300,20,custom_dataset\processed\VID_10\017\frame_0020.jpg
VID_10,VID_10.mp4,17,315,21,custom_dataset\processed\VID_10\017\frame_0021.jpg
VID_10,VID_10.mp4,17,330,22,custom_dataset\processed\VID_10\017\frame_0022.jpg
VID_10,VID_10.mp4,17,345,23,custom_dataset\processed\VID_10\017\frame_0023.jpg
VID_10,VID_10.mp4,17,360,24,custom_dataset\processed\VID_10\017\frame_0024.jpg
VID_10,VID_10.mp4,17,375,25,custom_dataset\processed\VID_10\017\frame_0025.jpg
VID_10,VID_10.mp4,17,405,27,custom_dataset\processed\VID_10\017\frame_0027.jpg
VID_10,VID_10.mp4,17,420,28,custom_dataset\processed\VID_10\017\frame_0028.jpg
VID_10,VID_10.mp4,17,435,29,custom_dataset\processed\VID_10\017\frame_0029.jpg
VID_10,VID_10.mp4,17,480,32,custom_dataset\processed\VID_10\017\frame_0032.jpg
VID_10,VID_10.mp4,17,495,33,custom_dataset\processed\VID_10\017\frame_0033.jpg
VID_10,VID_10.mp4,17,510,34,custom_dataset\processed\VID_10\017\frame_0034.jpg
VID_10,VID_10.mp4,17,525,35,custom_dataset\processed\VID_10\017\frame_0035.jpg
VID_10,VID_10.mp4,17,585,39,custom_dataset\processed\VID_10\017\frame_0039.jpg
VID_10,VID_10.mp4,17,615,41,custom_dataset\processed\VID_10\017\frame_0041.jpg
VID_10,VID_10.mp4,17,645,43,custom_dataset\processed\VID_10\017\frame_0043.jpg
VID_10,VID_10.mp4,18,180,12,custom_dataset\processed\VID_10\018\frame_0012.jpg
VID_10,VID_10.mp4,18,225,15,custom_dataset\processed\VID_10\018\frame_0015.jpg
VID_10,VID_10.mp4,18,240,16,custom_dataset\processed\VID_10\018\frame_0016.jpg
VID_10,VID_10.mp4,18,255,17,custom_dataset\processed\VID_10\018\frame_0017.jpg
VID_10,VID_10.mp4,18,270,18,custom_dataset\processed\VID_10\018\frame_0018.jpg
VID_10,VID_10.mp4,18,285,19,custom_dataset\processed\VID_10\018\frame_0019.jpg
VID_10,VID_10.mp4,18,300,20,custom_dataset\processed\VID_10\018\frame_0020.jpg
VID_10,VID_10.mp4,18,315,21,custom_dataset\processed\VID_10\018\frame_0021.jpg
VID_10,VID_10.mp4,18,330,22,custom_dataset\processed\VID_10\018\frame_0022.jpg
VID_10,VID_10.mp4,18,345,23,custom_dataset\processed\VID_10\018\frame_0023.jpg
VID_10,VID_10.mp4,18,405,27,custom_dataset\processed\VID_10\018\frame_0027.jpg
VID_10,VID_10.mp4,18,420,28,custom_dataset\processed\VID_10\018\frame_0028.jpg
VID_10,VID_10.mp4,20,300,20,custom_dataset\processed\VID_10\020\frame_0020.jpg
VID_10,VID_10.mp4,20,345,23,custom_dataset\processed\VID_10\020\frame_0023.jpg
VID_10,VID_10.mp4,20,360,24,custom_dataset\processed\VID_10\020\frame_0024.jpg
VID_10,VID_10.mp4,20,375,25,custom_dataset\processed\VID_10\020\frame_0025.jpg
VID_10,VID_10.mp4,20,390,26,custom_dataset\processed\VID_10\020\frame_0026.jpg
VID_10,VID_10.mp4,20,405,27,custom_dataset\processed\VID_10\020\frame_0027.jpg
VID_10,VID_10.mp4,20,420,28,custom_dataset\processed\VID_10\020\frame_0028.jpg
VID_10,VID_10.mp4,20,435,29,custom_dataset\processed\VID_10\020\frame_0029.jpg
VID_10,VID_10.mp4,20,450,30,custom_dataset\processed\VID_10\020\frame_0030.jpg
VID_10,VID_10.mp4,20,465,31,custom_dataset\processed\VID_10\020\frame_0031.jpg
VID_10,VID_10.mp4,20,480,32,custom_dataset\processed\VID_10\020\frame_0032.jpg
VID_10,VID_10.mp4,21,300,20,custom_dataset\processed\VID_10\021\frame_0020.jpg
VID_10,VID_10.mp4,21,345,23,custom_dataset\processed\VID_10\021\frame_0023.jpg
VID_10,VID_10.mp4,21,360,24,custom_dataset\processed\VID_10\021\frame_0024.jpg
VID_10,VID_10.mp4,21,375,25,custom_dataset\processed\VID_10\021\frame_0025.jpg
VID_10,VID_10.mp4,21,405,27,custom_dataset\processed\VID_10\021\frame_0027.jpg
VID_10,VID_10.mp4,21,420,28,custom_dataset\processed\VID_10\021\frame_0028.jpg
VID_10,VID_10.mp4,21,435,29,custom_dataset\processed\VID_10\021\frame_0029.jpg
VID_10,VID_10.mp4,21,450,30,custom_dataset\processed\VID_10\021\frame_0030.jpg
VID_10,VID_10.mp4,21,465,31,custom_dataset\processed\VID_10\021\frame_0031.jpg
VID_10,VID_10.mp4,21,480,32,custom_dataset\processed\VID_10\021\frame_0032.jpg
VID_10,VID_10.mp4,21,495,33,custom_dataset\processed\VID_10\021\frame_0033.jpg
VID_10,VID_10.mp4,21,510,34,custom_dataset\processed\VID_10\021\frame_0034.jpg
VID_10,VID_10.mp4,21,525,35,custom_dataset\processed\VID_10\021\frame_0035.jpg
VID_10,VID_10.mp4,21,540,36,custom_dataset\processed\VID_10\021\frame_0036.jpg
VID_10,VID_10.mp4,21,555,37,custom_dataset\processed\VID_10\021\frame_0037.jpg
VID_10,VID_10.mp4,21,570,38,custom_dataset\processed\VID_10\021\frame_0038.jpg
VID_10,VID_10.mp4,21,585,39,custom_dataset\processed\VID_10\021\frame_0039.jpg
VID_10,VID_10.mp4,21,600,40,custom_dataset\processed\VID_10\021\frame_0040.jpg
VID_10,VID_10.mp4,21,630,42,custom_dataset\processed\VID_10\021\frame_0042.jpg
VID_10,VID_10.mp4,21,645,43,custom_dataset\processed\VID_10\021\frame_0043.jpg
VID_11,VID_11.mp4,1,0,0,custom_dataset\processed\VID_11\001\frame_0000.jpg
VID_11,VID_11.mp4,1,0,0,custom_dataset\processed\VID_11\001\frame_0000.jpg
VID_11,VID_11.mp4,1,15,1,custom_dataset\processed\VID_11\001\frame_0001.jpg
VID_11,VID_11.mp4,1,30,2,custom_dataset\processed\VID_11\001\frame_0002.jpg
VID_11,VID_11.mp4,1,45,3,custom_dataset\processed\VID_11\001\frame_0003.jpg
VID_11,VID_11.mp4,1,60,4,custom_dataset\processed\VID_11\001\frame_0004.jpg
VID_11,VID_11.mp4,1,75,5,custom_dataset\processed\VID_11\001\frame_0005.jpg
VID_11,VID_11.mp4,1,90,6,custom_dataset\processed\VID_11\001\frame_0006.jpg
VID_11,VID_11.mp4,1,105,7,custom_dataset\processed\VID_11\001\frame_0007.jpg
VID_11,VID_11.mp4,1,120,8,custom_dataset\processed\VID_11\001\frame_0008.jpg
VID_11,VID_11.mp4,1,135,9,custom_dataset\processed\VID_11\001\frame_0009.jpg
VID_11,VID_11.mp4,1,150,10,custom_dataset\processed\VID_11\001\frame_0010.jpg
VID_11,VID_11.mp4,1,165,11,custom_dataset\processed\VID_11\001\frame_0011.jpg
VID_11,VID_11.mp4,1,180,12,custom_dataset\processed\VID_11\001\frame_0012.jpg
VID_11,VID_11.mp4,1,195,13,custom_dataset\processed\VID_11\001\frame_0013.jpg
VID_11,VID_11.mp4,1,210,14,custom_dataset\processed\VID_11\001\frame_0014.jpg
VID_11,VID_11.mp4,1,225,15,custom_dataset\processed\VID_11\001\frame_0015.jpg
VID_11,VID_11.mp4,1,240,16,custom_dataset\processed\VID_11\001\frame_0016.jpg
VID_11,VID_11.mp4,1,255,17,custom_dataset\processed\VID_11\001\frame_0017.jpg
VID_11,VID_11.mp4,1,270,18,custom_dataset\processed\VID_11\001\frame_0018.jpg
VID_11,VID_11.mp4,1,285,19,custom_dataset\processed\VID_11\001\frame_0019.jpg
VID_11,VID_11.mp4,1,300,20,custom_dataset\processed\VID_11\001\frame_0020.jpg
VID_11,VID_11.mp4,1,315,21,custom_dataset\processed\VID_11\001\frame_0021.jpg
VID_11,VID_11.mp4,1,330,22,custom_dataset\processed\VID_11\001\frame_0022.jpg
VID_11,VID_11.mp4,1,345,23,custom_dataset\processed\VID_11\001\frame_0023.jpg
VID_11,VID_11.mp4,1,360,24,custom_dataset\processed\VID_11\001\frame_0024.jpg
VID_11,VID_11.mp4,1,375,25,custom_dataset\processed\VID_11\001\frame_0025.jpg
VID_11,VID_11.mp4,1,390,26,custom_dataset\processed\VID_11\001\frame_0026.jpg
VID_11,VID_11.mp4,1,405,27,custom_dataset\processed\VID_11\001\frame_0027.jpg
VID_11,VID_11.mp4,1,420,28,custom_dataset\processed\VID_11\001\frame_0028.jpg
VID_11,VID_11.mp4,1,435,29,custom_dataset\processed\VID_11\001\frame_0029.jpg
VID_11,VID_11.mp4,1,450,30,custom_dataset\processed\VID_11\001\frame_0030.jpg
VID_11,VID_11.mp4,1,465,31,custom_dataset\processed\VID_11\001\frame_0031.jpg
VID_11,VID_11.mp4,1,480,32,custom_dataset\processed\VID_11\001\frame_0032.jpg
VID_11,VID_11.mp4,1,495,33,custom_dataset\processed\VID_11\001\frame_0033.jpg
VID_11,VID_11.mp4,1,510,34,custom_dataset\processed\VID_11\001\frame_0034.jpg
VID_11,VID_11.mp4,1,525,35,custom_dataset\processed\VID_11\001\frame_0035.jpg
VID_11,VID_11.mp4,1,540,36,custom_dataset\processed\VID_11\001\frame_0036.jpg
VID_11,VID_11.mp4,1,555,37,custom_dataset\processed\VID_11\001\frame_0037.jpg
VID_11,VID_11.mp4,1,570,38,custom_dataset\processed\VID_11\001\frame_0038.jpg
VID_11,VID_11.mp4,1,585,39,custom_dataset\processed\VID_11\001\frame_0039.jpg
VID_11,VID_11.mp4,1,600,40,custom_dataset\processed\VID_11\001\frame_0040.jpg
VID_11,VID_11.mp4,1,615,41,custom_dataset\processed\VID_11\001\frame_0041.jpg
VID_11,VID_11.mp4,2,0,0,custom_dataset\processed\VID_11\002\frame_0000.jpg
VID_11,VID_11.mp4,2,15,1,custom_dataset\processed\VID_11\002\frame_0001.jpg
VID_11,VID_11.mp4,2,30,2,custom_dataset\processed\VID_11\002\frame_0002.jpg
VID_11,VID_11.mp4,2,45,3,custom_dataset\processed\VID_11\002\frame_0003.jpg
VID_11,VID_11.mp4,2,60,4,custom_dataset\processed\VID_11\002\frame_0004.jpg
VID_11,VID_11.mp4,2,75,5,custom_dataset\processed\VID_11\002\frame_0005.jpg
VID_11,VID_11.mp4,2,90,6,custom_dataset\processed\VID_11\002\frame_0006.jpg
VID_11,VID_11.mp4,2,105,7,custom_dataset\processed\VID_11\002\frame_0007.jpg
VID_11,VID_11.mp4,2,120,8,custom_dataset\processed\VID_11\002\frame_0008.jpg
VID_11,VID_11.mp4,2,135,9,custom_dataset\processed\VID_11\002\frame_0009.jpg
VID_11,VID_11.mp4,2,150,10,custom_dataset\processed\VID_11\002\frame_0010.jpg
VID_11,VID_11.mp4,2,165,11,custom_dataset\processed\VID_11\002\frame_0011.jpg
VID_11,VID_11.mp4,2,195,13,custom_dataset\processed\VID_11\002\frame_0013.jpg
VID_11,VID_11.mp4,2,210,14,custom_dataset\processed\VID_11\002\frame_0014.jpg
VID_11,VID_11.mp4,2,225,15,custom_dataset\processed\VID_11\002\frame_0015.jpg
VID_11,VID_11.mp4,2,240,16,custom_dataset\processed\VID_11\002\frame_0016.jpg
VID_11,VID_11.mp4,2,255,17,custom_dataset\processed\VID_11\002\frame_0017.jpg
VID_11,VID_11.mp4,2,315,21,custom_dataset\processed\VID_11\002\frame_0021.jpg
VID_11,VID_11.mp4,2,330,22,custom_dataset\processed\VID_11\002\frame_0022.jpg
VID_11,VID_11.mp4,2,345,23,custom_dataset\processed\VID_11\002\frame_0023.jpg
VID_11,VID_11.mp4,2,360,24,custom_dataset\processed\VID_11\002\frame_0024.jpg
VID_11,VID_11.mp4,2,405,27,custom_dataset\processed\VID_11\002\frame_0027.jpg
VID_11,VID_11.mp4,2,420,28,custom_dataset\processed\VID_11\002\frame_0028.jpg
VID_11,VID_11.mp4,2,435,29,custom_dataset\processed\VID_11\002\frame_0029.jpg
VID_11,VID_11.mp4,2,450,30,custom_dataset\processed\VID_11\002\frame_0030.jpg
VID_11,VID_11.mp4,2,465,31,custom_dataset\processed\VID_11\002\frame_0031.jpg
VID_11,VID_11.mp4,2,480,32,custom_dataset\processed\VID_11\002\frame_0032.jpg
VID_11,VID_11.mp4,2,495,33,custom_dataset\processed\VID_11\002\frame_0033.jpg
VID_11,VID_11.mp4,2,510,34,custom_dataset\processed\VID_11\002\frame_0034.jpg
VID_11,VID_11.mp4,2,525,35,custom_dataset\processed\VID_11\002\frame_0035.jpg
VID_11,VID_11.mp4,2,570,38,custom_dataset\processed\VID_11\002\frame_0038.jpg
VID_11,VID_11.mp4,2,585,39,custom_dataset\processed\VID_11\002\frame_0039.jpg
VID_11,VID_11.mp4,2,615,41,custom_dataset\processed\VID_11\002\frame_0041.jpg
VID_11,VID_11.mp4,3,0,0,custom_dataset\processed\VID_11\003\frame_0000.jpg
VID_11,VID_11.mp4,3,15,1,custom_dataset\processed\VID_11\003\frame_0001.jpg
VID_11,VID_11.mp4,3,30,2,custom_dataset\processed\VID_11\003\frame_0002.jpg
VID_11,VID_11.mp4,3,45,3,custom_dataset\processed\VID_11\003\frame_0003.jpg
VID_11,VID_11.mp4,3,60,4,custom_dataset\processed\VID_11\003\frame_0004.jpg
VID_11,VID_11.mp4,3,75,5,custom_dataset\processed\VID_11\003\frame_0005.jpg
VID_11,VID_11.mp4,3,90,6,custom_dataset\processed\VID_11\003\frame_0006.jpg
VID_11,VID_11.mp4,3,105,7,custom_dataset\processed\VID_11\003\frame_0007.jpg
VID_11,VID_11.mp4,3,120,8,custom_dataset\processed\VID_11\003\frame_0008.jpg
VID_11,VID_11.mp4,3,135,9,custom_dataset\processed\VID_11\003\frame_0009.jpg
VID_11,VID_11.mp4,3,150,10,custom_dataset\processed\VID_11\003\frame_0010.jpg
VID_11,VID_11.mp4,3,165,11,custom_dataset\processed\VID_11\003\frame_0011.jpg
VID_11,VID_11.mp4,3,180,12,custom_dataset\processed\VID_11\003\frame_0012.jpg
VID_11,VID_11.mp4,3,195,13,custom_dataset\processed\VID_11\003\frame_0013.jpg
VID_11,VID_11.mp4,3,210,14,custom_dataset\processed\VID_11\003\frame_0014.jpg
VID_11,VID_11.mp4,3,225,15,custom_dataset\processed\VID_11\003\frame_0015.jpg
VID_11,VID_11.mp4,3,240,16,custom_dataset\processed\VID_11\003\frame_0016.jpg
VID_11,VID_11.mp4,3,255,17,custom_dataset\processed\VID_11\003\frame_0017.jpg
VID_11,VID_11.mp4,3,270,18,custom_dataset\processed\VID_11\003\frame_0018.jpg
VID_11,VID_11.mp4,3,285,19,custom_dataset\processed\VID_11\003\frame_0019.jpg
VID_11,VID_11.mp4,3,300,20,custom_dataset\processed\VID_11\003\frame_0020.jpg
VID_11,VID_11.mp4,3,315,21,custom_dataset\processed\VID_11\003\frame_0021.jpg
VID_11,VID_11.mp4,3,330,22,custom_dataset\processed\VID_11\003\frame_0022.jpg
VID_11,VID_11.mp4,3,345,23,custom_dataset\processed\VID_11\003\frame_0023.jpg
VID_11,VID_11.mp4,3,360,24,custom_dataset\processed\VID_11\003\frame_0024.jpg
VID_11,VID_11.mp4,3,375,25,custom_dataset\processed\VID_11\003\frame_0025.jpg
VID_11,VID_11.mp4,3,390,26,custom_dataset\processed\VID_11\003\frame_0026.jpg
VID_11,VID_11.mp4,3,405,27,custom_dataset\processed\VID_11\003\frame_0027.jpg
VID_11,VID_11.mp4,3,420,28,custom_dataset\processed\VID_11\003\frame_0028.jpg
VID_11,VID_11.mp4,3,435,29,custom_dataset\processed\VID_11\003\frame_0029.jpg
VID_11,VID_11.mp4,3,450,30,custom_dataset\processed\VID_11\003\frame_0030.jpg
VID_11,VID_11.mp4,3,465,31,custom_dataset\processed\VID_11\003\frame_0031.jpg
VID_11,VID_11.mp4,3,480,32,custom_dataset\processed\VID_11\003\frame_0032.jpg
VID_11,VID_11.mp4,3,495,33,custom_dataset\processed\VID_11\003\frame_0033.jpg
VID_11,VID_11.mp4,3,510,34,custom_dataset\processed\VID_11\003\frame_0034.jpg
VID_11,VID_11.mp4,3,525,35,custom_dataset\processed\VID_11\003\frame_0035.jpg
VID_11,VID_11.mp4,3,540,36,custom_dataset\processed\VID_11\003\frame_0036.jpg
VID_11,VID_11.mp4,3,555,37,custom_dataset\processed\VID_11\003\frame_0037.jpg
VID_11,VID_11.mp4,3,570,38,custom_dataset\processed\VID_11\003\frame_0038.jpg
VID_11,VID_11.mp4,3,585,39,custom_dataset\processed\VID_11\003\frame_0039.jpg
VID_11,VID_11.mp4,3,600,40,custom_dataset\processed\VID_11\003\frame_0040.jpg
VID_11,VID_11.mp4,3,615,41,custom_dataset\processed\VID_11\003\frame_0041.jpg
VID_11,VID_11.mp4,4,0,0,custom_dataset\processed\VID_11\004\frame_0000.jpg
VID_11,VID_11.mp4,4,15,1,custom_dataset\processed\VID_11\004\frame_0001.jpg
VID_11,VID_11.mp4,4,30,2,custom_dataset\processed\VID_11\004\frame_0002.jpg
VID_11,VID_11.mp4,4,45,3,custom_dataset\processed\VID_11\004\frame_0003.jpg
VID_11,VID_11.mp4,4,60,4,custom_dataset\processed\VID_11\004\frame_0004.jpg
VID_11,VID_11.mp4,4,75,5,custom_dataset\processed\VID_11\004\frame_0005.jpg
VID_11,VID_11.mp4,4,90,6,custom_dataset\processed\VID_11\004\frame_0006.jpg
VID_11,VID_11.mp4,4,105,7,custom_dataset\processed\VID_11\004\frame_0007.jpg
VID_11,VID_11.mp4,4,120,8,custom_dataset\processed\VID_11\004\frame_0008.jpg
VID_11,VID_11.mp4,4,135,9,custom_dataset\processed\VID_11\004\frame_0009.jpg
VID_11,VID_11.mp4,4,150,10,custom_dataset\processed\VID_11\004\frame_0010.jpg
VID_11,VID_11.mp4,4,165,11,custom_dataset\processed\VID_11\004\frame_0011.jpg
VID_11,VID_11.mp4,4,180,12,custom_dataset\processed\VID_11\004\frame_0012.jpg
VID_11,VID_11.mp4,4,195,13,custom_dataset\processed\VID_11\004\frame_0013.jpg
VID_11,VID_11.mp4,4,210,14,custom_dataset\processed\VID_11\004\frame_0014.jpg
VID_11,VID_11.mp4,4,225,15,custom_dataset\processed\VID_11\004\frame_0015.jpg
VID_11,VID_11.mp4,4,240,16,custom_dataset\processed\VID_11\004\frame_0016.jpg
VID_11,VID_11.mp4,4,255,17,custom_dataset\processed\VID_11\004\frame_0017.jpg
VID_11,VID_11.mp4,4,270,18,custom_dataset\processed\VID_11\004\frame_0018.jpg
VID_11,VID_11.mp4,4,285,19,custom_dataset\processed\VID_11\004\frame_0019.jpg
VID_11,VID_11.mp4,4,300,20,custom_dataset\processed\VID_11\004\frame_0020.jpg
VID_11,VID_11.mp4,4,315,21,custom_dataset\processed\VID_11\004\frame_0021.jpg
VID_11,VID_11.mp4,4,330,22,custom_dataset\processed\VID_11\004\frame_0022.jpg
VID_11,VID_11.mp4,4,345,23,custom_dataset\processed\VID_11\004\frame_0023.jpg
VID_11,VID_11.mp4,4,360,24,custom_dataset\processed\VID_11\004\frame_0024.jpg
VID_11,VID_11.mp4,4,375,25,custom_dataset\processed\VID_11\004\frame_0025.jpg
VID_11,VID_11.mp4,4,390,26,custom_dataset\processed\VID_11\004\frame_0026.jpg
VID_11,VID_11.mp4,4,405,27,custom_dataset\processed\VID_11\004\frame_0027.jpg
VID_11,VID_11.mp4,4,420,28,custom_dataset\processed\VID_11\004\frame_0028.jpg
VID_11,VID_11.mp4,4,435,29,custom_dataset\processed\VID_11\004\frame_0029.jpg
VID_11,VID_11.mp4,4,450,30,custom_dataset\processed\VID_11\004\frame_0030.jpg
VID_11,VID_11.mp4,4,465,31,custom_dataset\processed\VID_11\004\frame_0031.jpg
VID_11,VID_11.mp4,4,480,32,custom_dataset\processed\VID_11\004\frame_0032.jpg
VID_11,VID_11.mp4,4,495,33,custom_dataset\processed\VID_11\004\frame_0033.jpg
VID_11,VID_11.mp4,4,510,34,custom_dataset\processed\VID_11\004\frame_0034.jpg
VID_11,VID_11.mp4,4,525,35,custom_dataset\processed\VID_11\004\frame_0035.jpg
VID_11,VID_11.mp4,4,540,36,custom_dataset\processed\VID_11\004\frame_0036.jpg
VID_11,VID_11.mp4,4,555,37,custom_dataset\processed\VID_11\004\frame_0037.jpg
VID_11,VID_11.mp4,4,570,38,custom_dataset\processed\VID_11\004\frame_0038.jpg
VID_11,VID_11.mp4,4,585,39,custom_dataset\processed\VID_11\004\frame_0039.jpg
VID_11,VID_11.mp4,4,600,40,custom_dataset\processed\VID_11\004\frame_0040.jpg
VID_11,VID_11.mp4,4,615,41,custom_dataset\processed\VID_11\004\frame_0041.jpg
VID_11,VID_11.mp4,5,0,0,custom_dataset\processed\VID_11\005\frame_0000.jpg
VID_11,VID_11.mp4,5,15,1,custom_dataset\processed\VID_11\005\frame_0001.jpg
VID_11,VID_11.mp4,5,30,2,custom_dataset\processed\VID_11\005\frame_0002.jpg
VID_11,VID_11.mp4,5,45,3,custom_dataset\processed\VID_11\005\frame_0003.jpg
VID_11,VID_11.mp4,5,60,4,custom_dataset\processed\VID_11\005\frame_0004.jpg
VID_11,VID_11.mp4,5,75,5,custom_dataset\processed\VID_11\005\frame_0005.jpg
VID_11,VID_11.mp4,5,90,6,custom_dataset\processed\VID_11\005\frame_0006.jpg
VID_11,VID_11.mp4,5,105,7,custom_dataset\processed\VID_11\005\frame_0007.jpg
VID_11,VID_11.mp4,5,120,8,custom_dataset\processed\VID_11\005\frame_0008.jpg
VID_11,VID_11.mp4,5,135,9,custom_dataset\processed\VID_11\005\frame_0009.jpg
VID_11,VID_11.mp4,5,150,10,custom_dataset\processed\VID_11\005\frame_0010.jpg
VID_11,VID_11.mp4,5,165,11,custom_dataset\processed\VID_11\005\frame_0011.jpg
VID_11,VID_11.mp4,5,180,12,custom_dataset\processed\VID_11\005\frame_0012.jpg
VID_11,VID_11.mp4,5,195,13,custom_dataset\processed\VID_11\005\frame_0013.jpg
VID_11,VID_11.mp4,5,210,14,custom_dataset\processed\VID_11\005\frame_0014.jpg
VID_11,VID_11.mp4,5,225,15,custom_dataset\processed\VID_11\005\frame_0015.jpg
VID_11,VID_11.mp4,5,240,16,custom_dataset\processed\VID_11\005\frame_0016.jpg
VID_11,VID_11.mp4,5,270,18,custom_dataset\processed\VID_11\005\frame_0018.jpg
VID_11,VID_11.mp4,5,285,19,custom_dataset\processed\VID_11\005\frame_0019.jpg
VID_11,VID_11.mp4,5,300,20,custom_dataset\processed\VID_11\005\frame_0020.jpg
VID_11,VID_11.mp4,5,315,21,custom_dataset\processed\VID_11\005\frame_0021.jpg
VID_11,VID_11.mp4,5,345,23,custom_dataset\processed\VID_11\005\frame_0023.jpg
VID_11,VID_11.mp4,5,360,24,custom_dataset\processed\VID_11\005\frame_0024.jpg
VID_11,VID_11.mp4,5,375,25,custom_dataset\processed\VID_11\005\frame_0025.jpg
VID_11,VID_11.mp4,5,390,26,custom_dataset\processed\VID_11\005\frame_0026.jpg
VID_11,VID_11.mp4,5,405,27,custom_dataset\processed\VID_11\005\frame_0027.jpg
VID_11,VID_11.mp4,5,450,30,custom_dataset\processed\VID_11\005\frame_0030.jpg
VID_11,VID_11.mp4,5,510,34,custom_dataset\processed\VID_11\005\frame_0034.jpg
VID_11,VID_11.mp4,5,540,36,custom_dataset\processed\VID_11\005\frame_0036.jpg
VID_11,VID_11.mp4,5,555,37,custom_dataset\processed\VID_11\005\frame_0037.jpg
VID_11,VID_11.mp4,5,570,38,custom_dataset\processed\VID_11\005\frame_0038.jpg
VID_11,VID_11.mp4,5,585,39,custom_dataset\processed\VID_11\005\frame_0039.jpg
VID_11,VID_11.mp4,5,600,40,custom_dataset\processed\VID_11\005\frame_0040.jpg
VID_11,VID_11.mp4,5,615,41,custom_dataset\processed\VID_11\005\frame_0041.jpg
VID_11,VID_11.mp4,7,0,0,custom_dataset\processed\VID_11\007\frame_0000.jpg
VID_11,VID_11.mp4,7,15,1,custom_dataset\processed\VID_11\007\frame_0001.jpg
VID_11,VID_11.mp4,7,30,2,custom_dataset\processed\VID_11\007\frame_0002.jpg
VID_11,VID_11.mp4,7,45,3,custom_dataset\processed\VID_11\007\frame_0003.jpg
VID_11,VID_11.mp4,7,60,4,custom_dataset\processed\VID_11\007\frame_0004.jpg
VID_11,VID_11.mp4,7,75,5,custom_dataset\processed\VID_11\007\frame_0005.jpg
VID_11,VID_11.mp4,7,90,6,custom_dataset\processed\VID_11\007\frame_0006.jpg
VID_11,VID_11.mp4,7,105,7,custom_dataset\processed\VID_11\007\frame_0007.jpg
VID_11,VID_11.mp4,7,120,8,custom_dataset\processed\VID_11\007\frame_0008.jpg
VID_11,VID_11.mp4,7,135,9,custom_dataset\processed\VID_11\007\frame_0009.jpg
VID_11,VID_11.mp4,7,150,10,custom_dataset\processed\VID_11\007\frame_0010.jpg
VID_11,VID_11.mp4,7,165,11,custom_dataset\processed\VID_11\007\frame_0011.jpg
VID_11,VID_11.mp4,7,180,12,custom_dataset\processed\VID_11\007\frame_0012.jpg
VID_11,VID_11.mp4,7,195,13,custom_dataset\processed\VID_11\007\frame_0013.jpg
VID_11,VID_11.mp4,7,210,14,custom_dataset\processed\VID_11\007\frame_0014.jpg
VID_11,VID_11.mp4,7,225,15,custom_dataset\processed\VID_11\007\frame_0015.jpg
VID_11,VID_11.mp4,7,240,16,custom_dataset\processed\VID_11\007\frame_0016.jpg
VID_11,VID_11.mp4,7,255,17,custom_dataset\processed\VID_11\007\frame_0017.jpg
VID_11,VID_11.mp4,7,270,18,custom_dataset\processed\VID_11\007\frame_0018.jpg
VID_11,VID_11.mp4,7,285,19,custom_dataset\processed\VID_11\007\frame_0019.jpg
VID_11,VID_11.mp4,7,300,20,custom_dataset\processed\VID_11\007\frame_0020.jpg
VID_11,VID_11.mp4,7,315,21,custom_dataset\processed\VID_11\007\frame_0021.jpg
VID_11,VID_11.mp4,7,330,22,custom_dataset\processed\VID_11\007\frame_0022.jpg
VID_11,VID_11.mp4,7,345,23,custom_dataset\processed\VID_11\007\frame_0023.jpg
VID_11,VID_11.mp4,7,360,24,custom_dataset\processed\VID_11\007\frame_0024.jpg
VID_11,VID_11.mp4,7,375,25,custom_dataset\processed\VID_11\007\frame_0025.jpg
VID_11,VID_11.mp4,7,390,26,custom_dataset\processed\VID_11\007\frame_0026.jpg
VID_11,VID_11.mp4,7,405,27,custom_dataset\processed\VID_11\007\frame_0027.jpg
VID_11,VID_11.mp4,7,420,28,custom_dataset\processed\VID_11\007\frame_0028.jpg
VID_11,VID_11.mp4,7,435,29,custom_dataset\processed\VID_11\007\frame_0029.jpg
VID_11,VID_11.mp4,7,450,30,custom_dataset\processed\VID_11\007\frame_0030.jpg
VID_11,VID_11.mp4,7,465,31,custom_dataset\processed\VID_11\007\frame_0031.jpg
VID_11,VID_11.mp4,7,480,32,custom_dataset\processed\VID_11\007\frame_0032.jpg
VID_11,VID_11.mp4,7,495,33,custom_dataset\processed\VID_11\007\frame_0033.jpg
VID_11,VID_11.mp4,7,510,34,custom_dataset\processed\VID_11\007\frame_0034.jpg
VID_11,VID_11.mp4,7,525,35,custom_dataset\processed\VID_11\007\frame_0035.jpg
VID_11,VID_11.mp4,7,540,36,custom_dataset\processed\VID_11\007\frame_0036.jpg
VID_11,VID_11.mp4,7,555,37,custom_dataset\processed\VID_11\007\frame_0037.jpg
VID_11,VID_11.mp4,7,570,38,custom_dataset\processed\VID_11\007\frame_0038.jpg
VID_11,VID_11.mp4,7,585,39,custom_dataset\processed\VID_11\007\frame_0039.jpg
VID_11,VID_11.mp4,7,600,40,custom_dataset\processed\VID_11\007\frame_0040.jpg
VID_11,VID_11.mp4,7,615,41,custom_dataset\processed\VID_11\007\frame_0041.jpg
VID_11,VID_11.mp4,8,15,1,custom_dataset\processed\VID_11\008\frame_0001.jpg
VID_11,VID_11.mp4,8,30,2,custom_dataset\processed\VID_11\008\frame_0002.jpg
VID_11,VID_11.mp4,8,45,3,custom_dataset\processed\VID_11\008\frame_0003.jpg
VID_11,VID_11.mp4,8,60,4,custom_dataset\processed\VID_11\008\frame_0004.jpg
VID_11,VID_11.mp4,8,75,5,custom_dataset\processed\VID_11\008\frame_0005.jpg
VID_11,VID_11.mp4,8,90,6,custom_dataset\processed\VID_11\008\frame_0006.jpg
VID_11,VID_11.mp4,8,105,7,custom_dataset\processed\VID_11\008\frame_0007.jpg
VID_11,VID_11.mp4,8,120,8,custom_dataset\processed\VID_11\008\frame_0008.jpg
VID_11,VID_11.mp4,8,135,9,custom_dataset\processed\VID_11\008\frame_0009.jpg
VID_11,VID_11.mp4,8,150,10,custom_dataset\processed\VID_11\008\frame_0010.jpg
VID_11,VID_11.mp4,8,165,11,custom_dataset\processed\VID_11\008\frame_0011.jpg
VID_11,VID_11.mp4,8,180,12,custom_dataset\processed\VID_11\008\frame_0012.jpg
VID_11,VID_11.mp4,8,195,13,custom_dataset\processed\VID_11\008\frame_0013.jpg
VID_11,VID_11.mp4,8,210,14,custom_dataset\processed\VID_11\008\frame_0014.jpg
VID_11,VID_11.mp4,8,225,15,custom_dataset\processed\VID_11\008\frame_0015.jpg
VID_11,VID_11.mp4,8,240,16,custom_dataset\processed\VID_11\008\frame_0016.jpg
VID_11,VID_11.mp4,8,255,17,custom_dataset\processed\VID_11\008\frame_0017.jpg
VID_11,VID_11.mp4,8,270,18,custom_dataset\processed\VID_11\008\frame_0018.jpg
VID_11,VID_11.mp4,8,285,19,custom_dataset\processed\VID_11\008\frame_0019.jpg
VID_11,VID_11.mp4,8,300,20,custom_dataset\processed\VID_11\008\frame_0020.jpg
VID_11,VID_11.mp4,8,315,21,custom_dataset\processed\VID_11\008\frame_0021.jpg
VID_11,VID_11.mp4,8,330,22,custom_dataset\processed\VID_11\008\frame_0022.jpg
VID_11,VID_11.mp4,8,345,23,custom_dataset\processed\VID_11\008\frame_0023.jpg
VID_11,VID_11.mp4,8,360,24,custom_dataset\processed\VID_11\008\frame_0024.jpg
VID_11,VID_11.mp4,8,375,25,custom_dataset\processed\VID_11\008\frame_0025.jpg
VID_11,VID_11.mp4,8,390,26,custom_dataset\processed\VID_11\008\frame_0026.jpg
VID_11,VID_11.mp4,8,405,27,custom_dataset\processed\VID_11\008\frame_0027.jpg
VID_11,VID_11.mp4,8,420,28,custom_dataset\processed\VID_11\008\frame_0028.jpg
VID_11,VID_11.mp4,8,435,29,custom_dataset\processed\VID_11\008\frame_0029.jpg
VID_11,VID_11.mp4,8,450,30,custom_dataset\processed\VID_11\008\frame_0030.jpg
VID_11,VID_11.mp4,8,465,31,custom_dataset\processed\VID_11\008\frame_0031.jpg
VID_11,VID_11.mp4,8,480,32,custom_dataset\processed\VID_11\008\frame_0032.jpg
VID_11,VID_11.mp4,8,525,35,custom_dataset\processed\VID_11\008\frame_0035.jpg
VID_11,VID_11.mp4,8,540,36,custom_dataset\processed\VID_11\008\frame_0036.jpg
VID_11,VID_11.mp4,8,555,37,custom_dataset\processed\VID_11\008\frame_0037.jpg
VID_11,VID_11.mp4,8,570,38,custom_dataset\processed\VID_11\008\frame_0038.jpg
VID_11,VID_11.mp4,8,585,39,custom_dataset\processed\VID_11\008\frame_0039.jpg
VID_11,VID_11.mp4,8,600,40,custom_dataset\processed\VID_11\008\frame_0040.jpg
VID_11,VID_11.mp4,8,615,41,custom_dataset\processed\VID_11\008\frame_0041.jpg
VID_12,VID_12.mp4,1,0,0,custom_dataset\processed\VID_12\001\frame_0000.jpg
VID_12,VID_12.mp4,1,15,1,custom_dataset\processed\VID_12\001\frame_0001.jpg
VID_12,VID_12.mp4,1,30,2,custom_dataset\processed\VID_12\001\frame_0002.jpg
VID_12,VID_12.mp4,1,45,3,custom_dataset\processed\VID_12\001\frame_0003.jpg
VID_12,VID_12.mp4,1,60,4,custom_dataset\processed\VID_12\001\frame_0004.jpg
VID_12,VID_12.mp4,1,75,5,custom_dataset\processed\VID_12\001\frame_0005.jpg
VID_12,VID_12.mp4,1,90,6,custom_dataset\processed\VID_12\001\frame_0006.jpg
VID_12,VID_12.mp4,1,105,7,custom_dataset\processed\VID_12\001\frame_0007.jpg
VID_12,VID_12.mp4,1,120,8,custom_dataset\processed\VID_12\001\frame_0008.jpg
VID_12,VID_12.mp4,1,135,9,custom_dataset\processed\VID_12\001\frame_0009.jpg
VID_12,VID_12.mp4,1,150,10,custom_dataset\processed\VID_12\001\frame_0010.jpg
VID_12,VID_12.mp4,1,165,11,custom_dataset\processed\VID_12\001\frame_0011.jpg
VID_12,VID_12.mp4,1,180,12,custom_dataset\processed\VID_12\001\frame_0012.jpg
VID_12,VID_12.mp4,1,195,13,custom_dataset\processed\VID_12\001\frame_0013.jpg
VID_12,VID_12.mp4,1,210,14,custom_dataset\processed\VID_12\001\frame_0014.jpg
VID_12,VID_12.mp4,1,225,15,custom_dataset\processed\VID_12\001\frame_0015.jpg
VID_12,VID_12.mp4,1,240,16,custom_dataset\processed\VID_12\001\frame_0016.jpg
VID_12,VID_12.mp4,1,255,17,custom_dataset\processed\VID_12\001\frame_0017.jpg
VID_12,VID_12.mp4,1,270,18,custom_dataset\processed\VID_12\001\frame_0018.jpg
VID_12,VID_12.mp4,1,285,19,custom_dataset\processed\VID_12\001\frame_0019.jpg
VID_12,VID_12.mp4,1,300,20,custom_dataset\processed\VID_12\001\frame_0020.jpg
VID_12,VID_12.mp4,1,315,21,custom_dataset\processed\VID_12\001\frame_0021.jpg
VID_12,VID_12.mp4,1,330,22,custom_dataset\processed\VID_12\001\frame_0022.jpg
VID_12,VID_12.mp4,1,345,23,custom_dataset\processed\VID_12\001\frame_0023.jpg
VID_12,VID_12.mp4,1,360,24,custom_dataset\processed\VID_12\001\frame_0024.jpg
VID_12,VID_12.mp4,1,375,25,custom_dataset\processed\VID_12\001\frame_0025.jpg
VID_12,VID_12.mp4,1,390,26,custom_dataset\processed\VID_12\001\frame_0026.jpg
VID_12,VID_12.mp4,1,405,27,custom_dataset\processed\VID_12\001\frame_0027.jpg
VID_12,VID_12.mp4,1,420,28,custom_dataset\processed\VID_12\001\frame_0028.jpg
VID_12,VID_12.mp4,1,435,29,custom_dataset\processed\VID_12\001\frame_0029.jpg
VID_12,VID_12.mp4,1,450,30,custom_dataset\processed\VID_12\001\frame_0030.jpg
VID_12,VID_12.mp4,1,465,31,custom_dataset\processed\VID_12\001\frame_0031.jpg
VID_12,VID_12.mp4,1,480,32,custom_dataset\processed\VID_12\001\frame_0032.jpg
VID_12,VID_12.mp4,1,495,33,custom_dataset\processed\VID_12\001\frame_0033.jpg
VID_12,VID_12.mp4,1,510,34,custom_dataset\processed\VID_12\001\frame_0034.jpg
VID_12,VID_12.mp4,1,525,35,custom_dataset\processed\VID_12\001\frame_0035.jpg
VID_12,VID_12.mp4,1,540,36,custom_dataset\processed\VID_12\001\frame_0036.jpg
VID_12,VID_12.mp4,1,555,37,custom_dataset\processed\VID_12\001\frame_0037.jpg
VID_12,VID_12.mp4,1,570,38,custom_dataset\processed\VID_12\001\frame_0038.jpg
VID_12,VID_12.mp4,1,585,39,custom_dataset\processed\VID_12\001\frame_0039.jpg
VID_12,VID_12.mp4,1,600,40,custom_dataset\processed\VID_12\001\frame_0040.jpg
VID_12,VID_12.mp4,1,615,41,custom_dataset\processed\VID_12\001\frame_0041.jpg
VID_12,VID_12.mp4,1,630,42,custom_dataset\processed\VID_12\001\frame_0042.jpg
VID_12,VID_12.mp4,2,0,0,custom_dataset\processed\VID_12\002\frame_0000.jpg
VID_12,VID_12.mp4,2,15,1,custom_dataset\processed\VID_12\002\frame_0001.jpg
VID_12,VID_12.mp4,2,30,2,custom_dataset\processed\VID_12\002\frame_0002.jpg
VID_12,VID_12.mp4,2,45,3,custom_dataset\processed\VID_12\002\frame_0003.jpg
VID_12,VID_12.mp4,2,60,4,custom_dataset\processed\VID_12\002\frame_0004.jpg
VID_12,VID_12.mp4,2,75,5,custom_dataset\processed\VID_12\002\frame_0005.jpg
VID_12,VID_12.mp4,2,90,6,custom_dataset\processed\VID_12\002\frame_0006.jpg
VID_12,VID_12.mp4,2,105,7,custom_dataset\processed\VID_12\002\frame_0007.jpg
VID_12,VID_12.mp4,2,120,8,custom_dataset\processed\VID_12\002\frame_0008.jpg
VID_12,VID_12.mp4,2,135,9,custom_dataset\processed\VID_12\002\frame_0009.jpg
VID_12,VID_12.mp4,2,150,10,custom_dataset\processed\VID_12\002\frame_0010.jpg
VID_12,VID_12.mp4,2,165,11,custom_dataset\processed\VID_12\002\frame_0011.jpg
VID_12,VID_12.mp4,2,180,12,custom_dataset\processed\VID_12\002\frame_0012.jpg
VID_12,VID_12.mp4,2,195,13,custom_dataset\processed\VID_12\002\frame_0013.jpg
VID_12,VID_12.mp4,2,210,14,custom_dataset\processed\VID_12\002\frame_0014.jpg
VID_12,VID_12.mp4,2,225,15,custom_dataset\processed\VID_12\002\frame_0015.jpg
VID_12,VID_12.mp4,2,240,16,custom_dataset\processed\VID_12\002\frame_0016.jpg
VID_12,VID_12.mp4,2,255,17,custom_dataset\processed\VID_12\002\frame_0017.jpg
VID_12,VID_12.mp4,2,270,18,custom_dataset\processed\VID_12\002\frame_0018.jpg
VID_12,VID_12.mp4,2,285,19,custom_dataset\processed\VID_12\002\frame_0019.jpg
VID_12,VID_12.mp4,2,300,20,custom_dataset\processed\VID_12\002\frame_0020.jpg
VID_12,VID_12.mp4,2,315,21,custom_dataset\processed\VID_12\002\frame_0021.jpg
VID_12,VID_12.mp4,2,330,22,custom_dataset\processed\VID_12\002\frame_0022.jpg
VID_12,VID_12.mp4,2,345,23,custom_dataset\processed\VID_12\002\frame_0023.jpg
VID_12,VID_12.mp4,2,360,24,custom_dataset\processed\VID_12\002\frame_0024.jpg
VID_12,VID_12.mp4,2,375,25,custom_dataset\processed\VID_12\002\frame_0025.jpg
VID_12,VID_12.mp4,2,390,26,custom_dataset\processed\VID_12\002\frame_0026.jpg
VID_12,VID_12.mp4,2,405,27,custom_dataset\processed\VID_12\002\frame_0027.jpg
VID_12,VID_12.mp4,2,420,28,custom_dataset\processed\VID_12\002\frame_0028.jpg
VID_12,VID_12.mp4,2,435,29,custom_dataset\processed\VID_12\002\frame_0029.jpg
VID_12,VID_12.mp4,2,450,30,custom_dataset\processed\VID_12\002\frame_0030.jpg
VID_12,VID_12.mp4,2,465,31,custom_dataset\processed\VID_12\002\frame_0031.jpg
VID_12,VID_12.mp4,2,480,32,custom_dataset\processed\VID_12\002\frame_0032.jpg
VID_12,VID_12.mp4,2,495,33,custom_dataset\processed\VID_12\002\frame_0033.jpg
VID_12,VID_12.mp4,2,510,34,custom_dataset\processed\VID_12\002\frame_0034.jpg
VID_12,VID_12.mp4,2,525,35,custom_dataset\processed\VID_12\002\frame_0035.jpg
VID_12,VID_12.mp4,2,540,36,custom_dataset\processed\VID_12\002\frame_0036.jpg
VID_12,VID_12.mp4,2,555,37,custom_dataset\processed\VID_12\002\frame_0037.jpg
VID_12,VID_12.mp4,2,570,38,custom_dataset\processed\VID_12\002\frame_0038.jpg
VID_12,VID_12.mp4,2,585,39,custom_dataset\processed\VID_12\002\frame_0039.jpg
VID_12,VID_12.mp4,2,600,40,custom_dataset\processed\VID_12\002\frame_0040.jpg
VID_12,VID_12.mp4,2,615,41,custom_dataset\processed\VID_12\002\frame_0041.jpg
VID_12,VID_12.mp4,2,630,42,custom_dataset\processed\VID_12\002\frame_0042.jpg
VID_12,VID_12.mp4,3,0,0,custom_dataset\processed\VID_12\003\frame_0000.jpg
VID_12,VID_12.mp4,3,15,1,custom_dataset\processed\VID_12\003\frame_0001.jpg
VID_12,VID_12.mp4,3,30,2,custom_dataset\processed\VID_12\003\frame_0002.jpg
VID_12,VID_12.mp4,3,45,3,custom_dataset\processed\VID_12\003\frame_0003.jpg
VID_12,VID_12.mp4,3,60,4,custom_dataset\processed\VID_12\003\frame_0004.jpg
VID_12,VID_12.mp4,3,75,5,custom_dataset\processed\VID_12\003\frame_0005.jpg
VID_12,VID_12.mp4,3,90,6,custom_dataset\processed\VID_12\003\frame_0006.jpg
VID_12,VID_12.mp4,3,105,7,custom_dataset\processed\VID_12\003\frame_0007.jpg
VID_12,VID_12.mp4,3,120,8,custom_dataset\processed\VID_12\003\frame_0008.jpg
VID_12,VID_12.mp4,3,135,9,custom_dataset\processed\VID_12\003\frame_0009.jpg
VID_12,VID_12.mp4,3,150,10,custom_dataset\processed\VID_12\003\frame_0010.jpg
VID_12,VID_12.mp4,3,165,11,custom_dataset\processed\VID_12\003\frame_0011.jpg
VID_12,VID_12.mp4,3,180,12,custom_dataset\processed\VID_12\003\frame_0012.jpg
VID_12,VID_12.mp4,3,195,13,custom_dataset\processed\VID_12\003\frame_0013.jpg
VID_12,VID_12.mp4,3,210,14,custom_dataset\processed\VID_12\003\frame_0014.jpg
VID_12,VID_12.mp4,3,225,15,custom_dataset\processed\VID_12\003\frame_0015.jpg
VID_12,VID_12.mp4,3,240,16,custom_dataset\processed\VID_12\003\frame_0016.jpg
VID_12,VID_12.mp4,3,255,17,custom_dataset\processed\VID_12\003\frame_0017.jpg
VID_12,VID_12.mp4,3,270,18,custom_dataset\processed\VID_12\003\frame_0018.jpg
VID_12,VID_12.mp4,3,285,19,custom_dataset\processed\VID_12\003\frame_0019.jpg
VID_12,VID_12.mp4,3,300,20,custom_dataset\processed\VID_12\003\frame_0020.jpg
VID_12,VID_12.mp4,3,315,21,custom_dataset\processed\VID_12\003\frame_0021.jpg
VID_12,VID_12.mp4,3,330,22,custom_dataset\processed\VID_12\003\frame_0022.jpg
VID_12,VID_12.mp4,3,345,23,custom_dataset\processed\VID_12\003\frame_0023.jpg
VID_12,VID_12.mp4,3,360,24,custom_dataset\processed\VID_12\003\frame_0024.jpg
VID_12,VID_12.mp4,3,375,25,custom_dataset\processed\VID_12\003\frame_0025.jpg
VID_12,VID_12.mp4,3,390,26,custom_dataset\processed\VID_12\003\frame_0026.jpg
VID_12,VID_12.mp4,3,405,27,custom_dataset\processed\VID_12\003\frame_0027.jpg
VID_12,VID_12.mp4,3,420,28,custom_dataset\processed\VID_12\003\frame_0028.jpg
VID_12,VID_12.mp4,3,435,29,custom_dataset\processed\VID_12\003\frame_0029.jpg
VID_12,VID_12.mp4,3,450,30,custom_dataset\processed\VID_12\003\frame_0030.jpg
VID_12,VID_12.mp4,3,465,31,custom_dataset\processed\VID_12\003\frame_0031.jpg
VID_12,VID_12.mp4,3,480,32,custom_dataset\processed\VID_12\003\frame_0032.jpg
VID_12,VID_12.mp4,3,495,33,custom_dataset\processed\VID_12\003\frame_0033.jpg
VID_12,VID_12.mp4,3,510,34,custom_dataset\processed\VID_12\003\frame_0034.jpg
VID_12,VID_12.mp4,3,525,35,custom_dataset\processed\VID_12\003\frame_0035.jpg
VID_12,VID_12.mp4,3,540,36,custom_dataset\processed\VID_12\003\frame_0036.jpg
VID_12,VID_12.mp4,3,555,37,custom_dataset\processed\VID_12\003\frame_0037.jpg
VID_12,VID_12.mp4,3,570,38,custom_dataset\processed\VID_12\003\frame_0038.jpg
VID_12,VID_12.mp4,3,585,39,custom_dataset\processed\VID_12\003\frame_0039.jpg
VID_12,VID_12.mp4,3,600,40,custom_dataset\processed\VID_12\003\frame_0040.jpg
VID_12,VID_12.mp4,3,615,41,custom_dataset\processed\VID_12\003\frame_0041.jpg
VID_12,VID_12.mp4,3,630,42,custom_dataset\processed\VID_12\003\frame_0042.jpg
VID_12,VID_12.mp4,6,15,1,custom_dataset\processed\VID_12\006\frame_0001.jpg
VID_12,VID_12.mp4,6,30,2,custom_dataset\processed\VID_12\006\frame_0002.jpg
VID_12,VID_12.mp4,6,45,3,custom_dataset\processed\VID_12\006\frame_0003.jpg
VID_12,VID_12.mp4,6,105,7,custom_dataset\processed\VID_12\006\frame_0007.jpg
VID_12,VID_12.mp4,6,120,8,custom_dataset\processed\VID_12\006\frame_0008.jpg
VID_12,VID_12.mp4,6,135,9,custom_dataset\processed\VID_12\006\frame_0009.jpg
VID_12,VID_12.mp4,6,150,10,custom_dataset\processed\VID_12\006\frame_0010.jpg
VID_12,VID_12.mp4,6,165,11,custom_dataset\processed\VID_12\006\frame_0011.jpg
VID_12,VID_12.mp4,6,195,13,custom_dataset\processed\VID_12\006\frame_0013.jpg
VID_12,VID_12.mp4,6,210,14,custom_dataset\processed\VID_12\006\frame_0014.jpg
VID_12,VID_12.mp4,6,240,16,custom_dataset\processed\VID_12\006\frame_0016.jpg
VID_12,VID_12.mp4,6,255,17,custom_dataset\processed\VID_12\006\frame_0017.jpg
VID_12,VID_12.mp4,6,270,18,custom_dataset\processed\VID_12\006\frame_0018.jpg
VID_12,VID_12.mp4,6,285,19,custom_dataset\processed\VID_12\006\frame_0019.jpg
VID_12,VID_12.mp4,6,300,20,custom_dataset\processed\VID_12\006\frame_0020.jpg
VID_12,VID_12.mp4,6,315,21,custom_dataset\processed\VID_12\006\frame_0021.jpg
VID_12,VID_12.mp4,6,330,22,custom_dataset\processed\VID_12\006\frame_0022.jpg
VID_12,VID_12.mp4,6,345,23,custom_dataset\processed\VID_12\006\frame_0023.jpg
VID_12,VID_12.mp4,6,360,24,custom_dataset\processed\VID_12\006\frame_0024.jpg
VID_12,VID_12.mp4,6,375,25,custom_dataset\processed\VID_12\006\frame_0025.jpg
VID_12,VID_12.mp4,6,390,26,custom_dataset\processed\VID_12\006\frame_0026.jpg
VID_12,VID_12.mp4,6,405,27,custom_dataset\processed\VID_12\006\frame_0027.jpg
VID_12,VID_12.mp4,6,420,28,custom_dataset\processed\VID_12\006\frame_0028.jpg
VID_12,VID_12.mp4,6,435,29,custom_dataset\processed\VID_12\006\frame_0029.jpg
VID_12,VID_12.mp4,6,450,30,custom_dataset\processed\VID_12\006\frame_0030.jpg
VID_12,VID_12.mp4,6,465,31,custom_dataset\processed\VID_12\006\frame_0031.jpg
VID_12,VID_12.mp4,6,480,32,custom_dataset\processed\VID_12\006\frame_0032.jpg
VID_12,VID_12.mp4,6,495,33,custom_dataset\processed\VID_12\006\frame_0033.jpg
VID_12,VID_12.mp4,6,510,34,custom_dataset\processed\VID_12\006\frame_0034.jpg
VID_12,VID_12.mp4,6,525,35,custom_dataset\processed\VID_12\006\frame_0035.jpg
VID_12,VID_12.mp4,6,540,36,custom_dataset\processed\VID_12\006\frame_0036.jpg
VID_12,VID_12.mp4,6,555,37,custom_dataset\processed\VID_12\006\frame_0037.jpg
VID_12,VID_12.mp4,6,570,38,custom_dataset\processed\VID_12\006\frame_0038.jpg
VID_12,VID_12.mp4,6,585,39,custom_dataset\processed\VID_12\006\frame_0039.jpg
VID_12,VID_12.mp4,6,600,40,custom_dataset\processed\VID_12\006\frame_0040.jpg
VID_12,VID_12.mp4,6,615,41,custom_dataset\processed\VID_12\006\frame_0041.jpg
VID_12,VID_12.mp4,6,630,42,custom_dataset\processed\VID_12\006\frame_0042.jpg
VID_12,VID_12.mp4,9,60,4,custom_dataset\processed\VID_12\009\frame_0004.jpg
VID_12,VID_12.mp4,9,75,5,custom_dataset\processed\VID_12\009\frame_0005.jpg
VID_12,VID_12.mp4,9,90,6,custom_dataset\processed\VID_12\009\frame_0006.jpg
VID_12,VID_12.mp4,9,105,7,custom_dataset\processed\VID_12\009\frame_0007.jpg
VID_12,VID_12.mp4,9,120,8,custom_dataset\processed\VID_12\009\frame_0008.jpg
VID_12,VID_12.mp4,9,150,10,custom_dataset\processed\VID_12\009\frame_0010.jpg
VID_12,VID_12.mp4,9,165,11,custom_dataset\processed\VID_12\009\frame_0011.jpg
VID_12,VID_12.mp4,9,180,12,custom_dataset\processed\VID_12\009\frame_0012.jpg
VID_12,VID_12.mp4,9,195,13,custom_dataset\processed\VID_12\009\frame_0013.jpg
VID_12,VID_12.mp4,9,210,14,custom_dataset\processed\VID_12\009\frame_0014.jpg
VID_12,VID_12.mp4,9,225,15,custom_dataset\processed\VID_12\009\frame_0015.jpg
VID_12,VID_12.mp4,9,240,16,custom_dataset\processed\VID_12\009\frame_0016.jpg
VID_12,VID_12.mp4,9,255,17,custom_dataset\processed\VID_12\009\frame_0017.jpg
VID_12,VID_12.mp4,9,270,18,custom_dataset\processed\VID_12\009\frame_0018.jpg
VID_12,VID_12.mp4,9,285,19,custom_dataset\processed\VID_12\009\frame_0019.jpg
VID_12,VID_12.mp4,9,300,20,custom_dataset\processed\VID_12\009\frame_0020.jpg
VID_12,VID_12.mp4,9,315,21,custom_dataset\processed\VID_12\009\frame_0021.jpg
VID_12,VID_12.mp4,9,330,22,custom_dataset\processed\VID_12\009\frame_0022.jpg
VID_12,VID_12.mp4,9,345,23,custom_dataset\processed\VID_12\009\frame_0023.jpg
VID_12,VID_12.mp4,9,360,24,custom_dataset\processed\VID_12\009\frame_0024.jpg
VID_12,VID_12.mp4,9,375,25,custom_dataset\processed\VID_12\009\frame_0025.jpg
VID_12,VID_12.mp4,9,390,26,custom_dataset\processed\VID_12\009\frame_0026.jpg
VID_12,VID_12.mp4,9,405,27,custom_dataset\processed\VID_12\009\frame_0027.jpg
VID_12,VID_12.mp4,9,435,29,custom_dataset\processed\VID_12\009\frame_0029.jpg
VID_12,VID_12.mp4,9,450,30,custom_dataset\processed\VID_12\009\frame_0030.jpg
VID_12,VID_12.mp4,10,60,4,custom_dataset\processed\VID_12\010\frame_0004.jpg
VID_12,VID_12.mp4,10,90,6,custom_dataset\processed\VID_12\010\frame_0006.jpg
VID_12,VID_12.mp4,10,120,8,custom_dataset\processed\VID_12\010\frame_0008.jpg
VID_12,VID_12.mp4,10,150,10,custom_dataset\processed\VID_12\010\frame_0010.jpg
VID_12,VID_12.mp4,10,165,11,custom_dataset\processed\VID_12\010\frame_0011.jpg
VID_12,VID_12.mp4,10,195,13,custom_dataset\processed\VID_12\010\frame_0013.jpg
VID_12,VID_12.mp4,10,225,15,custom_dataset\processed\VID_12\010\frame_0015.jpg
VID_12,VID_12.mp4,10,240,16,custom_dataset\processed\VID_12\010\frame_0016.jpg
VID_12,VID_12.mp4,10,255,17,custom_dataset\processed\VID_12\010\frame_0017.jpg
VID_12,VID_12.mp4,11,105,7,custom_dataset\processed\VID_12\011\frame_0007.jpg
VID_12,VID_12.mp4,11,120,8,custom_dataset\processed\VID_12\011\frame_0008.jpg
VID_12,VID_12.mp4,11,135,9,custom_dataset\processed\VID_12\011\frame_0009.jpg
VID_12,VID_12.mp4,11,150,10,custom_dataset\processed\VID_12\011\frame_0010.jpg
VID_12,VID_12.mp4,11,165,11,custom_dataset\processed\VID_12\011\frame_0011.jpg
VID_12,VID_12.mp4,11,180,12,custom_dataset\processed\VID_12\011\frame_0012.jpg
VID_12,VID_12.mp4,11,195,13,custom_dataset\processed\VID_12\011\frame_0013.jpg
VID_12,VID_12.mp4,11,210,14,custom_dataset\processed\VID_12\011\frame_0014.jpg
VID_12,VID_12.mp4,11,225,15,custom_dataset\processed\VID_12\011\frame_0015.jpg
VID_12,VID_12.mp4,11,240,16,custom_dataset\processed\VID_12\011\frame_0016.jpg
VID_12,VID_12.mp4,11,255,17,custom_dataset\processed\VID_12\011\frame_0017.jpg
VID_12,VID_12.mp4,11,270,18,custom_dataset\processed\VID_12\011\frame_0018.jpg
VID_12,VID_12.mp4,11,285,19,custom_dataset\processed\VID_12\011\frame_0019.jpg
VID_12,VID_12.mp4,11,300,20,custom_dataset\processed\VID_12\011\frame_0020.jpg
VID_12,VID_12.mp4,11,315,21,custom_dataset\processed\VID_12\011\frame_0021.jpg
VID_12,VID_12.mp4,11,330,22,custom_dataset\processed\VID_12\011\frame_0022.jpg
VID_12,VID_12.mp4,11,345,23,custom_dataset\processed\VID_12\011\frame_0023.jpg
VID_12,VID_12.mp4,11,360,24,custom_dataset\processed\VID_12\011\frame_0024.jpg
VID_12,VID_12.mp4,11,375,25,custom_dataset\processed\VID_12\011\frame_0025.jpg
VID_12,VID_12.mp4,11,390,26,custom_dataset\processed\VID_12\011\frame_0026.jpg
VID_12,VID_12.mp4,11,405,27,custom_dataset\processed\VID_12\011\frame_0027.jpg
VID_12,VID_12.mp4,11,420,28,custom_dataset\processed\VID_12\011\frame_0028.jpg
VID_12,VID_12.mp4,11,435,29,custom_dataset\processed\VID_12\011\frame_0029.jpg
VID_12,VID_12.mp4,11,450,30,custom_dataset\processed\VID_12\011\frame_0030.jpg
VID_12,VID_12.mp4,11,465,31,custom_dataset\processed\VID_12\011\frame_0031.jpg
VID_12,VID_12.mp4,11,480,32,custom_dataset\processed\VID_12\011\frame_0032.jpg
VID_12,VID_12.mp4,11,495,33,custom_dataset\processed\VID_12\011\frame_0033.jpg
VID_12,VID_12.mp4,11,510,34,custom_dataset\processed\VID_12\011\frame_0034.jpg
VID_12,VID_12.mp4,11,540,36,custom_dataset\processed\VID_12\011\frame_0036.jpg
VID_12,VID_12.mp4,12,120,8,custom_dataset\processed\VID_12\012\frame_0008.jpg
VID_12,VID_12.mp4,12,150,10,custom_dataset\processed\VID_12\012\frame_0010.jpg
VID_12,VID_12.mp4,12,195,13,custom_dataset\processed\VID_12\012\frame_0013.jpg
VID_12,VID_12.mp4,12,225,15,custom_dataset\processed\VID_12\012\frame_0015.jpg
VID_12,VID_12.mp4,12,240,16,custom_dataset\processed\VID_12\012\frame_0016.jpg
VID_12,VID_12.mp4,12,300,20,custom_dataset\processed\VID_12\012\frame_0020.jpg
VID_12,VID_12.mp4,12,330,22,custom_dataset\processed\VID_12\012\frame_0022.jpg
VID_12,VID_12.mp4,12,375,25,custom_dataset\processed\VID_12\012\frame_0025.jpg
VID_12,VID_12.mp4,12,390,26,custom_dataset\processed\VID_12\012\frame_0026.jpg
VID_12,VID_12.mp4,12,405,27,custom_dataset\processed\VID_12\012\frame_0027.jpg
VID_12,VID_12.mp4,12,420,28,custom_dataset\processed\VID_12\012\frame_0028.jpg
VID_12,VID_12.mp4,12,465,31,custom_dataset\processed\VID_12\012\frame_0031.jpg
VID_12,VID_12.mp4,12,480,32,custom_dataset\processed\VID_12\012\frame_0032.jpg
VID_12,VID_12.mp4,12,525,35,custom_dataset\processed\VID_12\012\frame_0035.jpg
VID_12,VID_12.mp4,12,540,36,custom_dataset\processed\VID_12\012\frame_0036.jpg
VID_12,VID_12.mp4,12,585,39,custom_dataset\processed\VID_12\012\frame_0039.jpg
VID_12,VID_12.mp4,12,600,40,custom_dataset\processed\VID_12\012\frame_0040.jpg
VID_12,VID_12.mp4,12,615,41,custom_dataset\processed\VID_12\012\frame_0041.jpg
VID_12,VID_12.mp4,17,405,27,custom_dataset\processed\VID_12\017\frame_0027.jpg
VID_12,VID_12.mp4,17,420,28,custom_dataset\processed\VID_12\017\frame_0028.jpg
VID_12,VID_12.mp4,17,435,29,custom_dataset\processed\VID_12\017\frame_0029.jpg
VID_12,VID_12.mp4,17,450,30,custom_dataset\processed\VID_12\017\frame_0030.jpg
VID_12,VID_12.mp4,17,465,31,custom_dataset\processed\VID_12\017\frame_0031.jpg
VID_12,VID_12.mp4,17,480,32,custom_dataset\processed\VID_12\017\frame_0032.jpg
VID_12,VID_12.mp4,17,495,33,custom_dataset\processed\VID_12\017\frame_0033.jpg
VID_12,VID_12.mp4,17,510,34,custom_dataset\processed\VID_12\017\frame_0034.jpg
VID_12,VID_12.mp4,17,525,35,custom_dataset\processed\VID_12\017\frame_0035.jpg
VID_12,VID_12.mp4,17,540,36,custom_dataset\processed\VID_12\017\frame_0036.jpg
VID_12,VID_12.mp4,17,555,37,custom_dataset\processed\VID_12\017\frame_0037.jpg
VID_12,VID_12.mp4,17,570,38,custom_dataset\processed\VID_12\017\frame_0038.jpg
VID_12,VID_12.mp4,17,585,39,custom_dataset\processed\VID_12\017\frame_0039.jpg
VID_12,VID_12.mp4,17,600,40,custom_dataset\processed\VID_12\017\frame_0040.jpg
VID_12,VID_12.mp4,17,615,41,custom_dataset\processed\VID_12\017\frame_0041.jpg
VID_12,VID_12.mp4,17,630,42,custom_dataset\processed\VID_12\017\frame_0042.jpg
VID_12,VID_12.mp4,18,450,30,custom_dataset\processed\VID_12\018\frame_0030.jpg
VID_12,VID_12.mp4,18,480,32,custom_dataset\processed\VID_12\018\frame_0032.jpg
VID_12,VID_12.mp4,18,495,33,custom_dataset\processed\VID_12\018\frame_0033.jpg
VID_12,VID_12.mp4,18,510,34,custom_dataset\processed\VID_12\018\frame_0034.jpg
VID_12,VID_12.mp4,18,525,35,custom_dataset\processed\VID_12\018\frame_0035.jpg
VID_12,VID_12.mp4,18,540,36,custom_dataset\processed\VID_12\018\frame_0036.jpg
VID_12,VID_12.mp4,18,570,38,custom_dataset\processed\VID_12\018\frame_0038.jpg
VID_12,VID_12.mp4,18,585,39,custom_dataset\processed\VID_12\018\frame_0039.jpg
VID_12,VID_12.mp4,18,615,41,custom_dataset\processed\VID_12\018\frame_0041.jpg
VID_13,VID_13.mp4,1,0,0,custom_dataset\processed\VID_13\001\frame_0000.jpg
VID_13,VID_13.mp4,1,15,1,custom_dataset\processed\VID_13\001\frame_0001.jpg
VID_13,VID_13.mp4,1,30,2,custom_dataset\processed\VID_13\001\frame_0002.jpg
VID_13,VID_13.mp4,1,45,3,custom_dataset\processed\VID_13\001\frame_0003.jpg
VID_13,VID_13.mp4,1,60,4,custom_dataset\processed\VID_13\001\frame_0004.jpg
VID_13,VID_13.mp4,1,90,6,custom_dataset\processed\VID_13\001\frame_0006.jpg
VID_13,VID_13.mp4,1,105,7,custom_dataset\processed\VID_13\001\frame_0007.jpg
VID_13,VID_13.mp4,1,120,8,custom_dataset\processed\VID_13\001\frame_0008.jpg
VID_13,VID_13.mp4,1,165,11,custom_dataset\processed\VID_13\001\frame_0011.jpg
VID_13,VID_13.mp4,1,180,12,custom_dataset\processed\VID_13\001\frame_0012.jpg
VID_13,VID_13.mp4,1,195,13,custom_dataset\processed\VID_13\001\frame_0013.jpg
VID_13,VID_13.mp4,1,210,14,custom_dataset\processed\VID_13\001\frame_0014.jpg
VID_13,VID_13.mp4,1,225,15,custom_dataset\processed\VID_13\001\frame_0015.jpg
VID_13,VID_13.mp4,1,240,16,custom_dataset\processed\VID_13\001\frame_0016.jpg
VID_13,VID_13.mp4,1,255,17,custom_dataset\processed\VID_13\001\frame_0017.jpg
VID_13,VID_13.mp4,1,270,18,custom_dataset\processed\VID_13\001\frame_0018.jpg
VID_13,VID_13.mp4,1,285,19,custom_dataset\processed\VID_13\001\frame_0019.jpg
VID_13,VID_13.mp4,1,300,20,custom_dataset\processed\VID_13\001\frame_0020.jpg
VID_13,VID_13.mp4,1,315,21,custom_dataset\processed\VID_13\001\frame_0021.jpg
VID_13,VID_13.mp4,1,330,22,custom_dataset\processed\VID_13\001\frame_0022.jpg
VID_13,VID_13.mp4,1,345,23,custom_dataset\processed\VID_13\001\frame_0023.jpg
VID_13,VID_13.mp4,1,360,24,custom_dataset\processed\VID_13\001\frame_0024.jpg
VID_13,VID_13.mp4,1,375,25,custom_dataset\processed\VID_13\001\frame_0025.jpg
VID_13,VID_13.mp4,1,390,26,custom_dataset\processed\VID_13\001\frame_0026.jpg
VID_13,VID_13.mp4,1,405,27,custom_dataset\processed\VID_13\001\frame_0027.jpg
VID_13,VID_13.mp4,1,420,28,custom_dataset\processed\VID_13\001\frame_0028.jpg
VID_13,VID_13.mp4,2,0,0,custom_dataset\processed\VID_13\002\frame_0000.jpg
VID_13,VID_13.mp4,2,15,1,custom_dataset\processed\VID_13\002\frame_0001.jpg
VID_13,VID_13.mp4,2,30,2,custom_dataset\processed\VID_13\002\frame_0002.jpg
VID_13,VID_13.mp4,2,45,3,custom_dataset\processed\VID_13\002\frame_0003.jpg
VID_13,VID_13.mp4,2,60,4,custom_dataset\processed\VID_13\002\frame_0004.jpg
VID_13,VID_13.mp4,2,75,5,custom_dataset\processed\VID_13\002\frame_0005.jpg
VID_13,VID_13.mp4,2,90,6,custom_dataset\processed\VID_13\002\frame_0006.jpg
VID_13,VID_13.mp4,2,105,7,custom_dataset\processed\VID_13\002\frame_0007.jpg
VID_13,VID_13.mp4,2,120,8,custom_dataset\processed\VID_13\002\frame_0008.jpg
VID_13,VID_13.mp4,2,135,9,custom_dataset\processed\VID_13\002\frame_0009.jpg
VID_13,VID_13.mp4,2,150,10,custom_dataset\processed\VID_13\002\frame_0010.jpg
VID_13,VID_13.mp4,2,165,11,custom_dataset\processed\VID_13\002\frame_0011.jpg
VID_13,VID_13.mp4,2,180,12,custom_dataset\processed\VID_13\002\frame_0012.jpg
VID_13,VID_13.mp4,2,195,13,custom_dataset\processed\VID_13\002\frame_0013.jpg
VID_13,VID_13.mp4,2,210,14,custom_dataset\processed\VID_13\002\frame_0014.jpg
VID_13,VID_13.mp4,2,240,16,custom_dataset\processed\VID_13\002\frame_0016.jpg
VID_13,VID_13.mp4,2,255,17,custom_dataset\processed\VID_13\002\frame_0017.jpg
VID_13,VID_13.mp4,2,285,19,custom_dataset\processed\VID_13\002\frame_0019.jpg
VID_13,VID_13.mp4,3,0,0,custom_dataset\processed\VID_13\003\frame_0000.jpg
VID_13,VID_13.mp4,3,30,2,custom_dataset\processed\VID_13\003\frame_0002.jpg
VID_13,VID_13.mp4,3,45,3,custom_dataset\processed\VID_13\003\frame_0003.jpg
VID_13,VID_13.mp4,3,60,4,custom_dataset\processed\VID_13\003\frame_0004.jpg
VID_13,VID_13.mp4,3,75,5,custom_dataset\processed\VID_13\003\frame_0005.jpg
VID_13,VID_13.mp4,3,90,6,custom_dataset\processed\VID_13\003\frame_0006.jpg
VID_13,VID_13.mp4,3,105,7,custom_dataset\processed\VID_13\003\frame_0007.jpg
VID_13,VID_13.mp4,3,120,8,custom_dataset\processed\VID_13\003\frame_0008.jpg
VID_13,VID_13.mp4,3,135,9,custom_dataset\processed\VID_13\003\frame_0009.jpg
VID_13,VID_13.mp4,3,150,10,custom_dataset\processed\VID_13\003\frame_0010.jpg
VID_13,VID_13.mp4,3,165,11,custom_dataset\processed\VID_13\003\frame_0011.jpg
VID_13,VID_13.mp4,3,180,12,custom_dataset\processed\VID_13\003\frame_0012.jpg
VID_13,VID_13.mp4,3,195,13,custom_dataset\processed\VID_13\003\frame_0013.jpg
VID_13,VID_13.mp4,3,210,14,custom_dataset\processed\VID_13\003\frame_0014.jpg
VID_13,VID_13.mp4,3,225,15,custom_dataset\processed\VID_13\003\frame_0015.jpg
VID_13,VID_13.mp4,3,240,16,custom_dataset\processed\VID_13\003\frame_0016.jpg
VID_13,VID_13.mp4,3,255,17,custom_dataset\processed\VID_13\003\frame_0017.jpg
VID_13,VID_13.mp4,3,270,18,custom_dataset\processed\VID_13\003\frame_0018.jpg
VID_13,VID_13.mp4,3,285,19,custom_dataset\processed\VID_13\003\frame_0019.jpg
VID_13,VID_13.mp4,3,300,20,custom_dataset\processed\VID_13\003\frame_0020.jpg
VID_13,VID_13.mp4,3,315,21,custom_dataset\processed\VID_13\003\frame_0021.jpg
VID_13,VID_13.mp4,3,330,22,custom_dataset\processed\VID_13\003\frame_0022.jpg
VID_13,VID_13.mp4,3,345,23,custom_dataset\processed\VID_13\003\frame_0023.jpg
VID_13,VID_13.mp4,3,360,24,custom_dataset\processed\VID_13\003\frame_0024.jpg
VID_13,VID_13.mp4,3,375,25,custom_dataset\processed\VID_13\003\frame_0025.jpg
VID_13,VID_13.mp4,3,390,26,custom_dataset\processed\VID_13\003\frame_0026.jpg
VID_13,VID_13.mp4,3,405,27,custom_dataset\processed\VID_13\003\frame_0027.jpg
VID_13,VID_13.mp4,3,420,28,custom_dataset\processed\VID_13\003\frame_0028.jpg
VID_13,VID_13.mp4,3,435,29,custom_dataset\processed\VID_13\003\frame_0029.jpg
VID_13,VID_13.mp4,3,450,30,custom_dataset\processed\VID_13\003\frame_0030.jpg
VID_13,VID_13.mp4,3,465,31,custom_dataset\processed\VID_13\003\frame_0031.jpg
VID_13,VID_13.mp4,3,480,32,custom_dataset\processed\VID_13\003\frame_0032.jpg
VID_13,VID_13.mp4,3,495,33,custom_dataset\processed\VID_13\003\frame_0033.jpg
VID_13,VID_13.mp4,3,510,34,custom_dataset\processed\VID_13\003\frame_0034.jpg
VID_13,VID_13.mp4,3,525,35,custom_dataset\processed\VID_13\003\frame_0035.jpg
VID_13,VID_13.mp4,3,540,36,custom_dataset\processed\VID_13\003\frame_0036.jpg
VID_13,VID_13.mp4,3,555,37,custom_dataset\processed\VID_13\003\frame_0037.jpg
VID_13,VID_13.mp4,3,570,38,custom_dataset\processed\VID_13\003\frame_0038.jpg
VID_13,VID_13.mp4,3,585,39,custom_dataset\processed\VID_13\003\frame_0039.jpg
VID_13,VID_13.mp4,3,600,40,custom_dataset\processed\VID_13\003\frame_0040.jpg
VID_13,VID_13.mp4,4,0,0,custom_dataset\processed\VID_13\004\frame_0000.jpg
VID_13,VID_13.mp4,4,15,1,custom_dataset\processed\VID_13\004\frame_0001.jpg
VID_13,VID_13.mp4,4,30,2,custom_dataset\processed\VID_13\004\frame_0002.jpg
VID_13,VID_13.mp4,4,60,4,custom_dataset\processed\VID_13\004\frame_0004.jpg
VID_13,VID_13.mp4,4,75,5,custom_dataset\processed\VID_13\004\frame_0005.jpg
VID_13,VID_13.mp4,4,90,6,custom_dataset\processed\VID_13\004\frame_0006.jpg
VID_13,VID_13.mp4,4,105,7,custom_dataset\processed\VID_13\004\frame_0007.jpg
VID_13,VID_13.mp4,4,120,8,custom_dataset\processed\VID_13\004\frame_0008.jpg
VID_13,VID_13.mp4,4,135,9,custom_dataset\processed\VID_13\004\frame_0009.jpg
VID_13,VID_13.mp4,4,150,10,custom_dataset\processed\VID_13\004\frame_0010.jpg
VID_13,VID_13.mp4,4,165,11,custom_dataset\processed\VID_13\004\frame_0011.jpg
VID_13,VID_13.mp4,4,180,12,custom_dataset\processed\VID_13\004\frame_0012.jpg
VID_13,VID_13.mp4,4,195,13,custom_dataset\processed\VID_13\004\frame_0013.jpg
VID_13,VID_13.mp4,4,210,14,custom_dataset\processed\VID_13\004\frame_0014.jpg
VID_13,VID_13.mp4,4,225,15,custom_dataset\processed\VID_13\004\frame_0015.jpg
VID_13,VID_13.mp4,4,240,16,custom_dataset\processed\VID_13\004\frame_0016.jpg
VID_13,VID_13.mp4,4,255,17,custom_dataset\processed\VID_13\004\frame_0017.jpg
VID_13,VID_13.mp4,4,270,18,custom_dataset\processed\VID_13\004\frame_0018.jpg
VID_13,VID_13.mp4,4,285,19,custom_dataset\processed\VID_13\004\frame_0019.jpg
VID_13,VID_13.mp4,4,330,22,custom_dataset\processed\VID_13\004\frame_0022.jpg
VID_13,VID_13.mp4,4,360,24,custom_dataset\processed\VID_13\004\frame_0024.jpg
VID_13,VID_13.mp4,4,375,25,custom_dataset\processed\VID_13\004\frame_0025.jpg
VID_13,VID_13.mp4,4,390,26,custom_dataset\processed\VID_13\004\frame_0026.jpg
VID_13,VID_13.mp4,4,405,27,custom_dataset\processed\VID_13\004\frame_0027.jpg
VID_13,VID_13.mp4,4,420,28,custom_dataset\processed\VID_13\004\frame_0028.jpg
VID_13,VID_13.mp4,4,435,29,custom_dataset\processed\VID_13\004\frame_0029.jpg
VID_13,VID_13.mp4,4,450,30,custom_dataset\processed\VID_13\004\frame_0030.jpg
VID_13,VID_13.mp4,4,465,31,custom_dataset\processed\VID_13\004\frame_0031.jpg
VID_13,VID_13.mp4,4,480,32,custom_dataset\processed\VID_13\004\frame_0032.jpg
VID_13,VID_13.mp4,4,495,33,custom_dataset\processed\VID_13\004\frame_0033.jpg
VID_13,VID_13.mp4,4,510,34,custom_dataset\processed\VID_13\004\frame_0034.jpg
VID_13,VID_13.mp4,4,525,35,custom_dataset\processed\VID_13\004\frame_0035.jpg
VID_13,VID_13.mp4,4,540,36,custom_dataset\processed\VID_13\004\frame_0036.jpg
VID_13,VID_13.mp4,4,555,37,custom_dataset\processed\VID_13\004\frame_0037.jpg
VID_13,VID_13.mp4,4,570,38,custom_dataset\processed\VID_13\004\frame_0038.jpg
VID_13,VID_13.mp4,4,585,39,custom_dataset\processed\VID_13\004\frame_0039.jpg
VID_13,VID_13.mp4,4,600,40,custom_dataset\processed\VID_13\004\frame_0040.jpg
VID_13,VID_13.mp4,5,0,0,custom_dataset\processed\VID_13\005\frame_0000.jpg
VID_13,VID_13.mp4,5,0,0,custom_dataset\processed\VID_13\005\frame_0000.jpg
VID_13,VID_13.mp4,5,15,1,custom_dataset\processed\VID_13\005\frame_0001.jpg
VID_13,VID_13.mp4,5,30,2,custom_dataset\processed\VID_13\005\frame_0002.jpg
VID_13,VID_13.mp4,5,45,3,custom_dataset\processed\VID_13\005\frame_0003.jpg
VID_13,VID_13.mp4,5,60,4,custom_dataset\processed\VID_13\005\frame_0004.jpg
VID_13,VID_13.mp4,5,75,5,custom_dataset\processed\VID_13\005\frame_0005.jpg
VID_13,VID_13.mp4,5,90,6,custom_dataset\processed\VID_13\005\frame_0006.jpg
VID_13,VID_13.mp4,5,105,7,custom_dataset\processed\VID_13\005\frame_0007.jpg
VID_13,VID_13.mp4,5,120,8,custom_dataset\processed\VID_13\005\frame_0008.jpg
VID_13,VID_13.mp4,5,135,9,custom_dataset\processed\VID_13\005\frame_0009.jpg
VID_13,VID_13.mp4,5,150,10,custom_dataset\processed\VID_13\005\frame_0010.jpg
VID_13,VID_13.mp4,5,165,11,custom_dataset\processed\VID_13\005\frame_0011.jpg
VID_13,VID_13.mp4,5,195,13,custom_dataset\processed\VID_13\005\frame_0013.jpg
VID_13,VID_13.mp4,5,210,14,custom_dataset\processed\VID_13\005\frame_0014.jpg
VID_13,VID_13.mp4,5,240,16,custom_dataset\processed\VID_13\005\frame_0016.jpg
VID_13,VID_13.mp4,5,255,17,custom_dataset\processed\VID_13\005\frame_0017.jpg
VID_13,VID_13.mp4,5,285,19,custom_dataset\processed\VID_13\005\frame_0019.jpg
VID_13,VID_13.mp4,5,300,20,custom_dataset\processed\VID_13\005\frame_0020.jpg
VID_13,VID_13.mp4,5,315,21,custom_dataset\processed\VID_13\005\frame_0021.jpg
VID_13,VID_13.mp4,5,330,22,custom_dataset\processed\VID_13\005\frame_0022.jpg
VID_13,VID_13.mp4,5,345,23,custom_dataset\processed\VID_13\005\frame_0023.jpg
VID_13,VID_13.mp4,5,360,24,custom_dataset\processed\VID_13\005\frame_0024.jpg
VID_13,VID_13.mp4,5,375,25,custom_dataset\processed\VID_13\005\frame_0025.jpg
VID_13,VID_13.mp4,5,390,26,custom_dataset\processed\VID_13\005\frame_0026.jpg
VID_13,VID_13.mp4,5,420,28,custom_dataset\processed\VID_13\005\frame_0028.jpg
VID_13,VID_13.mp4,5,435,29,custom_dataset\processed\VID_13\005\frame_0029.jpg
VID_13,VID_13.mp4,5,450,30,custom_dataset\processed\VID_13\005\frame_0030.jpg
VID_13,VID_13.mp4,5,465,31,custom_dataset\processed\VID_13\005\frame_0031.jpg
VID_13,VID_13.mp4,5,480,32,custom_dataset\processed\VID_13\005\frame_0032.jpg
VID_13,VID_13.mp4,5,495,33,custom_dataset\processed\VID_13\005\frame_0033.jpg
VID_13,VID_13.mp4,5,510,34,custom_dataset\processed\VID_13\005\frame_0034.jpg
VID_13,VID_13.mp4,5,525,35,custom_dataset\processed\VID_13\005\frame_0035.jpg
VID_13,VID_13.mp4,5,540,36,custom_dataset\processed\VID_13\005\frame_0036.jpg
VID_13,VID_13.mp4,5,555,37,custom_dataset\processed\VID_13\005\frame_0037.jpg
VID_13,VID_13.mp4,6,0,0,custom_dataset\processed\VID_13\006\frame_0000.jpg
VID_13,VID_13.mp4,6,15,1,custom_dataset\processed\VID_13\006\frame_0001.jpg
VID_13,VID_13.mp4,6,30,2,custom_dataset\processed\VID_13\006\frame_0002.jpg
VID_13,VID_13.mp4,6,45,3,custom_dataset\processed\VID_13\006\frame_0003.jpg
VID_13,VID_13.mp4,6,60,4,custom_dataset\processed\VID_13\006\frame_0004.jpg
VID_13,VID_13.mp4,6,90,6,custom_dataset\processed\VID_13\006\frame_0006.jpg
VID_13,VID_13.mp4,6,105,7,custom_dataset\processed\VID_13\006\frame_0007.jpg
VID_13,VID_13.mp4,6,135,9,custom_dataset\processed\VID_13\006\frame_0009.jpg
VID_13,VID_13.mp4,6,150,10,custom_dataset\processed\VID_13\006\frame_0010.jpg
VID_13,VID_13.mp4,6,165,11,custom_dataset\processed\VID_13\006\frame_0011.jpg
VID_13,VID_13.mp4,6,180,12,custom_dataset\processed\VID_13\006\frame_0012.jpg
VID_13,VID_13.mp4,6,225,15,custom_dataset\processed\VID_13\006\frame_0015.jpg
VID_13,VID_13.mp4,6,255,17,custom_dataset\processed\VID_13\006\frame_0017.jpg
VID_13,VID_13.mp4,6,300,20,custom_dataset\processed\VID_13\006\frame_0020.jpg
VID_13,VID_13.mp4,6,315,21,custom_dataset\processed\VID_13\006\frame_0021.jpg
VID_13,VID_13.mp4,6,330,22,custom_dataset\processed\VID_13\006\frame_0022.jpg
VID_13,VID_13.mp4,6,345,23,custom_dataset\processed\VID_13\006\frame_0023.jpg
VID_13,VID_13.mp4,6,360,24,custom_dataset\processed\VID_13\006\frame_0024.jpg
VID_13,VID_13.mp4,6,375,25,custom_dataset\processed\VID_13\006\frame_0025.jpg
VID_13,VID_13.mp4,6,390,26,custom_dataset\processed\VID_13\006\frame_0026.jpg
VID_13,VID_13.mp4,6,405,27,custom_dataset\processed\VID_13\006\frame_0027.jpg
VID_13,VID_13.mp4,6,420,28,custom_dataset\processed\VID_13\006\frame_0028.jpg
VID_13,VID_13.mp4,6,435,29,custom_dataset\processed\VID_13\006\frame_0029.jpg
VID_13,VID_13.mp4,6,450,30,custom_dataset\processed\VID_13\006\frame_0030.jpg
VID_13,VID_13.mp4,6,465,31,custom_dataset\processed\VID_13\006\frame_0031.jpg
VID_13,VID_13.mp4,6,480,32,custom_dataset\processed\VID_13\006\frame_0032.jpg
VID_13,VID_13.mp4,6,495,33,custom_dataset\processed\VID_13\006\frame_0033.jpg
VID_13,VID_13.mp4,6,525,35,custom_dataset\processed\VID_13\006\frame_0035.jpg
VID_13,VID_13.mp4,6,540,36,custom_dataset\processed\VID_13\006\frame_0036.jpg
VID_13,VID_13.mp4,6,555,37,custom_dataset\processed\VID_13\006\frame_0037.jpg
VID_13,VID_13.mp4,6,570,38,custom_dataset\processed\VID_13\006\frame_0038.jpg
VID_13,VID_13.mp4,6,585,39,custom_dataset\processed\VID_13\006\frame_0039.jpg
VID_13,VID_13.mp4,6,600,40,custom_dataset\processed\VID_13\006\frame_0040.jpg
VID_13,VID_13.mp4,7,15,1,custom_dataset\processed\VID_13\007\frame_0001.jpg
VID_13,VID_13.mp4,7,30,2,custom_dataset\processed\VID_13\007\frame_0002.jpg
VID_13,VID_13.mp4,7,45,3,custom_dataset\processed\VID_13\007\frame_0003.jpg
VID_13,VID_13.mp4,7,60,4,custom_dataset\processed\VID_13\007\frame_0004.jpg
VID_13,VID_13.mp4,7,75,5,custom_dataset\processed\VID_13\007\frame_0005.jpg
VID_13,VID_13.mp4,7,90,6,custom_dataset\processed\VID_13\007\frame_0006.jpg
VID_13,VID_13.mp4,7,105,7,custom_dataset\processed\VID_13\007\frame_0007.jpg
VID_13,VID_13.mp4,7,120,8,custom_dataset\processed\VID_13\007\frame_0008.jpg
VID_13,VID_13.mp4,7,135,9,custom_dataset\processed\VID_13\007\frame_0009.jpg
VID_13,VID_13.mp4,7,150,10,custom_dataset\processed\VID_13\007\frame_0010.jpg
VID_13,VID_13.mp4,7,165,11,custom_dataset\processed\VID_13\007\frame_0011.jpg
VID_13,VID_13.mp4,7,180,12,custom_dataset\processed\VID_13\007\frame_0012.jpg
VID_13,VID_13.mp4,7,195,13,custom_dataset\processed\VID_13\007\frame_0013.jpg
VID_13,VID_13.mp4,7,210,14,custom_dataset\processed\VID_13\007\frame_0014.jpg
VID_13,VID_13.mp4,7,225,15,custom_dataset\processed\VID_13\007\frame_0015.jpg
VID_13,VID_13.mp4,7,240,16,custom_dataset\processed\VID_13\007\frame_0016.jpg
VID_13,VID_13.mp4,7,255,17,custom_dataset\processed\VID_13\007\frame_0017.jpg
VID_13,VID_13.mp4,7,270,18,custom_dataset\processed\VID_13\007\frame_0018.jpg
VID_13,VID_13.mp4,7,285,19,custom_dataset\processed\VID_13\007\frame_0019.jpg
VID_13,VID_13.mp4,7,300,20,custom_dataset\processed\VID_13\007\frame_0020.jpg
VID_13,VID_13.mp4,7,315,21,custom_dataset\processed\VID_13\007\frame_0021.jpg
VID_13,VID_13.mp4,7,330,22,custom_dataset\processed\VID_13\007\frame_0022.jpg
VID_13,VID_13.mp4,7,345,23,custom_dataset\processed\VID_13\007\frame_0023.jpg
VID_13,VID_13.mp4,7,360,24,custom_dataset\processed\VID_13\007\frame_0024.jpg
VID_13,VID_13.mp4,7,375,25,custom_dataset\processed\VID_13\007\frame_0025.jpg
VID_13,VID_13.mp4,7,390,26,custom_dataset\processed\VID_13\007\frame_0026.jpg
VID_13,VID_13.mp4,7,405,27,custom_dataset\processed\VID_13\007\frame_0027.jpg
VID_13,VID_13.mp4,7,420,28,custom_dataset\processed\VID_13\007\frame_0028.jpg
VID_13,VID_13.mp4,7,435,29,custom_dataset\processed\VID_13\007\frame_0029.jpg
VID_13,VID_13.mp4,7,450,30,custom_dataset\processed\VID_13\007\frame_0030.jpg
VID_13,VID_13.mp4,7,465,31,custom_dataset\processed\VID_13\007\frame_0031.jpg
VID_13,VID_13.mp4,7,480,32,custom_dataset\processed\VID_13\007\frame_0032.jpg
VID_13,VID_13.mp4,7,495,33,custom_dataset\processed\VID_13\007\frame_0033.jpg
VID_13,VID_13.mp4,7,510,34,custom_dataset\processed\VID_13\007\frame_0034.jpg
VID_13,VID_13.mp4,7,525,35,custom_dataset\processed\VID_13\007\frame_0035.jpg
VID_13,VID_13.mp4,7,540,36,custom_dataset\processed\VID_13\007\frame_0036.jpg
VID_13,VID_13.mp4,7,555,37,custom_dataset\processed\VID_13\007\frame_0037.jpg
VID_13,VID_13.mp4,7,570,38,custom_dataset\processed\VID_13\007\frame_0038.jpg
VID_13,VID_13.mp4,7,585,39,custom_dataset\processed\VID_13\007\frame_0039.jpg
VID_13,VID_13.mp4,7,600,40,custom_dataset\processed\VID_13\007\frame_0040.jpg
VID_13,VID_13.mp4,8,15,1,custom_dataset\processed\VID_13\008\frame_0001.jpg
VID_13,VID_13.mp4,8,30,2,custom_dataset\processed\VID_13\008\frame_0002.jpg
VID_13,VID_13.mp4,8,45,3,custom_dataset\processed\VID_13\008\frame_0003.jpg
VID_13,VID_13.mp4,8,60,4,custom_dataset\processed\VID_13\008\frame_0004.jpg
VID_13,VID_13.mp4,8,75,5,custom_dataset\processed\VID_13\008\frame_0005.jpg
VID_13,VID_13.mp4,8,90,6,custom_dataset\processed\VID_13\008\frame_0006.jpg
VID_13,VID_13.mp4,8,105,7,custom_dataset\processed\VID_13\008\frame_0007.jpg
VID_13,VID_13.mp4,8,120,8,custom_dataset\processed\VID_13\008\frame_0008.jpg
VID_13,VID_13.mp4,8,135,9,custom_dataset\processed\VID_13\008\frame_0009.jpg
VID_13,VID_13.mp4,8,150,10,custom_dataset\processed\VID_13\008\frame_0010.jpg
VID_13,VID_13.mp4,8,165,11,custom_dataset\processed\VID_13\008\frame_0011.jpg
VID_13,VID_13.mp4,8,180,12,custom_dataset\processed\VID_13\008\frame_0012.jpg
VID_13,VID_13.mp4,8,195,13,custom_dataset\processed\VID_13\008\frame_0013.jpg
VID_13,VID_13.mp4,8,210,14,custom_dataset\processed\VID_13\008\frame_0014.jpg
VID_13,VID_13.mp4,8,225,15,custom_dataset\processed\VID_13\008\frame_0015.jpg
VID_13,VID_13.mp4,8,240,16,custom_dataset\processed\VID_13\008\frame_0016.jpg
VID_13,VID_13.mp4,8,255,17,custom_dataset\processed\VID_13\008\frame_0017.jpg
VID_13,VID_13.mp4,8,270,18,custom_dataset\processed\VID_13\008\frame_0018.jpg
VID_13,VID_13.mp4,8,285,19,custom_dataset\processed\VID_13\008\frame_0019.jpg
VID_13,VID_13.mp4,8,300,20,custom_dataset\processed\VID_13\008\frame_0020.jpg
VID_13,VID_13.mp4,8,315,21,custom_dataset\processed\VID_13\008\frame_0021.jpg
VID_13,VID_13.mp4,8,330,22,custom_dataset\processed\VID_13\008\frame_0022.jpg
VID_13,VID_13.mp4,8,345,23,custom_dataset\processed\VID_13\008\frame_0023.jpg
VID_13,VID_13.mp4,8,360,24,custom_dataset\processed\VID_13\008\frame_0024.jpg
VID_13,VID_13.mp4,8,375,25,custom_dataset\processed\VID_13\008\frame_0025.jpg
VID_13,VID_13.mp4,8,390,26,custom_dataset\processed\VID_13\008\frame_0026.jpg
VID_13,VID_13.mp4,8,405,27,custom_dataset\processed\VID_13\008\frame_0027.jpg
VID_13,VID_13.mp4,8,420,28,custom_dataset\processed\VID_13\008\frame_0028.jpg
VID_13,VID_13.mp4,8,435,29,custom_dataset\processed\VID_13\008\frame_0029.jpg
VID_13,VID_13.mp4,8,450,30,custom_dataset\processed\VID_13\008\frame_0030.jpg
VID_13,VID_13.mp4,8,465,31,custom_dataset\processed\VID_13\008\frame_0031.jpg
VID_13,VID_13.mp4,8,480,32,custom_dataset\processed\VID_13\008\frame_0032.jpg
VID_13,VID_13.mp4,8,495,33,custom_dataset\processed\VID_13\008\frame_0033.jpg
VID_13,VID_13.mp4,8,510,34,custom_dataset\processed\VID_13\008\frame_0034.jpg
VID_13,VID_13.mp4,8,525,35,custom_dataset\processed\VID_13\008\frame_0035.jpg
VID_13,VID_13.mp4,8,540,36,custom_dataset\processed\VID_13\008\frame_0036.jpg
VID_13,VID_13.mp4,8,555,37,custom_dataset\processed\VID_13\008\frame_0037.jpg
VID_13,VID_13.mp4,8,570,38,custom_dataset\processed\VID_13\008\frame_0038.jpg
VID_13,VID_13.mp4,8,585,39,custom_dataset\processed\VID_13\008\frame_0039.jpg
VID_13,VID_13.mp4,8,600,40,custom_dataset\processed\VID_13\008\frame_0040.jpg
VID_13,VID_13.mp4,12,45,3,custom_dataset\processed\VID_13\012\frame_0003.jpg
VID_13,VID_13.mp4,12,75,5,custom_dataset\processed\VID_13\012\frame_0005.jpg
VID_13,VID_13.mp4,12,105,7,custom_dataset\processed\VID_13\012\frame_0007.jpg
VID_13,VID_13.mp4,12,120,8,custom_dataset\processed\VID_13\012\frame_0008.jpg
VID_13,VID_13.mp4,12,135,9,custom_dataset\processed\VID_13\012\frame_0009.jpg
VID_13,VID_13.mp4,12,150,10,custom_dataset\processed\VID_13\012\frame_0010.jpg
VID_13,VID_13.mp4,12,180,12,custom_dataset\processed\VID_13\012\frame_0012.jpg
VID_13,VID_13.mp4,12,210,14,custom_dataset\processed\VID_13\012\frame_0014.jpg
VID_13,VID_13.mp4,12,225,15,custom_dataset\processed\VID_13\012\frame_0015.jpg
VID_13,VID_13.mp4,12,255,17,custom_dataset\processed\VID_13\012\frame_0017.jpg
VID_13,VID_13.mp4,12,315,21,custom_dataset\processed\VID_13\012\frame_0021.jpg
VID_13,VID_13.mp4,12,330,22,custom_dataset\processed\VID_13\012\frame_0022.jpg
VID_13,VID_13.mp4,12,345,23,custom_dataset\processed\VID_13\012\frame_0023.jpg
VID_13,VID_13.mp4,12,360,24,custom_dataset\processed\VID_13\012\frame_0024.jpg
VID_13,VID_13.mp4,12,375,25,custom_dataset\processed\VID_13\012\frame_0025.jpg
VID_13,VID_13.mp4,12,390,26,custom_dataset\processed\VID_13\012\frame_0026.jpg
VID_13,VID_13.mp4,12,405,27,custom_dataset\processed\VID_13\012\frame_0027.jpg
VID_13,VID_13.mp4,12,465,31,custom_dataset\processed\VID_13\012\frame_0031.jpg
VID_13,VID_13.mp4,12,495,33,custom_dataset\processed\VID_13\012\frame_0033.jpg
VID_13,VID_13.mp4,12,540,36,custom_dataset\processed\VID_13\012\frame_0036.jpg
VID_13,VID_13.mp4,12,555,37,custom_dataset\processed\VID_13\012\frame_0037.jpg
VID_13,VID_13.mp4,12,570,38,custom_dataset\processed\VID_13\012\frame_0038.jpg
VID_13,VID_13.mp4,12,585,39,custom_dataset\processed\VID_13\012\frame_0039.jpg
VID_13,VID_13.mp4,16,120,8,custom_dataset\processed\VID_13\016\frame_0008.jpg
VID_13,VID_13.mp4,16,135,9,custom_dataset\processed\VID_13\016\frame_0009.jpg
VID_13,VID_13.mp4,16,150,10,custom_dataset\processed\VID_13\016\frame_0010.jpg
VID_13,VID_13.mp4,16,165,11,custom_dataset\processed\VID_13\016\frame_0011.jpg
VID_13,VID_13.mp4,16,180,12,custom_dataset\processed\VID_13\016\frame_0012.jpg
VID_13,VID_13.mp4,16,195,13,custom_dataset\processed\VID_13\016\frame_0013.jpg
VID_13,VID_13.mp4,16,210,14,custom_dataset\processed\VID_13\016\frame_0014.jpg
VID_13,VID_13.mp4,16,225,15,custom_dataset\processed\VID_13\016\frame_0015.jpg
VID_13,VID_13.mp4,16,240,16,custom_dataset\processed\VID_13\016\frame_0016.jpg
VID_13,VID_13.mp4,16,255,17,custom_dataset\processed\VID_13\016\frame_0017.jpg
VID_13,VID_13.mp4,22,345,23,custom_dataset\processed\VID_13\022\frame_0023.jpg
VID_13,VID_13.mp4,22,360,24,custom_dataset\processed\VID_13\022\frame_0024.jpg
VID_13,VID_13.mp4,22,390,26,custom_dataset\processed\VID_13\022\frame_0026.jpg
VID_13,VID_13.mp4,22,405,27,custom_dataset\processed\VID_13\022\frame_0027.jpg
VID_13,VID_13.mp4,22,420,28,custom_dataset\processed\VID_13\022\frame_0028.jpg
VID_13,VID_13.mp4,22,435,29,custom_dataset\processed\VID_13\022\frame_0029.jpg
VID_13,VID_13.mp4,22,450,30,custom_dataset\processed\VID_13\022\frame_0030.jpg
VID_13,VID_13.mp4,22,465,31,custom_dataset\processed\VID_13\022\frame_0031.jpg
VID_13,VID_13.mp4,22,480,32,custom_dataset\processed\VID_13\022\frame_0032.jpg
VID_13,VID_13.mp4,22,495,33,custom_dataset\processed\VID_13\022\frame_0033.jpg
VID_13,VID_13.mp4,22,510,34,custom_dataset\processed\VID_13\022\frame_0034.jpg
VID_13,VID_13.mp4,22,525,35,custom_dataset\processed\VID_13\022\frame_0035.jpg
VID_13,VID_13.mp4,22,540,36,custom_dataset\processed\VID_13\022\frame_0036.jpg
VID_13,VID_13.mp4,22,555,37,custom_dataset\processed\VID_13\022\frame_0037.jpg
VID_13,VID_13.mp4,22,570,38,custom_dataset\processed\VID_13\022\frame_0038.jpg
VID_13,VID_13.mp4,22,585,39,custom_dataset\processed\VID_13\022\frame_0039.jpg
VID_13,VID_13.mp4,22,600,40,custom_dataset\processed\VID_13\022\frame_0040.jpg
VID_13,VID_13.mp4,24,360,24,custom_dataset\processed\VID_13\024\frame_0024.jpg
VID_13,VID_13.mp4,24,375,25,custom_dataset\processed\VID_13\024\frame_0025.jpg
VID_13,VID_13.mp4,24,390,26,custom_dataset\processed\VID_13\024\frame_0026.jpg
VID_13,VID_13.mp4,24,405,27,custom_dataset\processed\VID_13\024\frame_0027.jpg
VID_13,VID_13.mp4,24,420,28,custom_dataset\processed\VID_13\024\frame_0028.jpg
VID_13,VID_13.mp4,24,435,29,custom_dataset\processed\VID_13\024\frame_0029.jpg
VID_13,VID_13.mp4,24,450,30,custom_dataset\processed\VID_13\024\frame_0030.jpg
VID_13,VID_13.mp4,24,465,31,custom_dataset\processed\VID_13\024\frame_0031.jpg
VID_13,VID_13.mp4,24,480,32,custom_dataset\processed\VID_13\024\frame_0032.jpg
VID_13,VID_13.mp4,24,495,33,custom_dataset\processed\VID_13\024\frame_0033.jpg
VID_13,VID_13.mp4,24,540,36,custom_dataset\processed\VID_13\024\frame_0036.jpg
VID_13,VID_13.mp4,24,555,37,custom_dataset\processed\VID_13\024\frame_0037.jpg
VID_13,VID_13.mp4,24,570,38,custom_dataset\processed\VID_13\024\frame_0038.jpg
VID_13,VID_13.mp4,24,585,39,custom_dataset\processed\VID_13\024\frame_0039.jpg
VID_13,VID_13.mp4,24,600,40,custom_dataset\processed\VID_13\024\frame_0040.jpg
VID_13,VID_13.mp4,25,465,31,custom_dataset\processed\VID_13\025\frame_0031.jpg
VID_13,VID_13.mp4,25,480,32,custom_dataset\processed\VID_13\025\frame_0032.jpg
VID_13,VID_13.mp4,25,495,33,custom_dataset\processed\VID_13\025\frame_0033.jpg
VID_13,VID_13.mp4,25,510,34,custom_dataset\processed\VID_13\025\frame_0034.jpg
VID_13,VID_13.mp4,25,525,35,custom_dataset\processed\VID_13\025\frame_0035.jpg
VID_13,VID_13.mp4,25,540,36,custom_dataset\processed\VID_13\025\frame_0036.jpg
VID_13,VID_13.mp4,25,555,37,custom_dataset\processed\VID_13\025\frame_0037.jpg
VID_13,VID_13.mp4,25,585,39,custom_dataset\processed\VID_13\025\frame_0039.jpg
VID_14,VID_14.mp4,1,0,0,custom_dataset\processed\VID_14\001\frame_0000.jpg
VID_14,VID_14.mp4,1,15,1,custom_dataset\processed\VID_14\001\frame_0001.jpg
VID_14,VID_14.mp4,1,30,2,custom_dataset\processed\VID_14\001\frame_0002.jpg
VID_14,VID_14.mp4,1,45,3,custom_dataset\processed\VID_14\001\frame_0003.jpg
VID_14,VID_14.mp4,1,60,4,custom_dataset\processed\VID_14\001\frame_0004.jpg
VID_14,VID_14.mp4,1,75,5,custom_dataset\processed\VID_14\001\frame_0005.jpg
VID_14,VID_14.mp4,1,90,6,custom_dataset\processed\VID_14\001\frame_0006.jpg
VID_14,VID_14.mp4,1,105,7,custom_dataset\processed\VID_14\001\frame_0007.jpg
VID_14,VID_14.mp4,1,120,8,custom_dataset\processed\VID_14\001\frame_0008.jpg
VID_14,VID_14.mp4,1,135,9,custom_dataset\processed\VID_14\001\frame_0009.jpg
VID_14,VID_14.mp4,1,150,10,custom_dataset\processed\VID_14\001\frame_0010.jpg
VID_14,VID_14.mp4,1,165,11,custom_dataset\processed\VID_14\001\frame_0011.jpg
VID_14,VID_14.mp4,1,180,12,custom_dataset\processed\VID_14\001\frame_0012.jpg
VID_14,VID_14.mp4,1,195,13,custom_dataset\processed\VID_14\001\frame_0013.jpg
VID_14,VID_14.mp4,1,210,14,custom_dataset\processed\VID_14\001\frame_0014.jpg
VID_14,VID_14.mp4,1,225,15,custom_dataset\processed\VID_14\001\frame_0015.jpg
VID_14,VID_14.mp4,1,240,16,custom_dataset\processed\VID_14\001\frame_0016.jpg
VID_14,VID_14.mp4,1,255,17,custom_dataset\processed\VID_14\001\frame_0017.jpg
VID_14,VID_14.mp4,1,270,18,custom_dataset\processed\VID_14\001\frame_0018.jpg
VID_14,VID_14.mp4,1,285,19,custom_dataset\processed\VID_14\001\frame_0019.jpg
VID_14,VID_14.mp4,1,300,20,custom_dataset\processed\VID_14\001\frame_0020.jpg
VID_14,VID_14.mp4,1,315,21,custom_dataset\processed\VID_14\001\frame_0021.jpg
VID_14,VID_14.mp4,1,330,22,custom_dataset\processed\VID_14\001\frame_0022.jpg
VID_14,VID_14.mp4,1,345,23,custom_dataset\processed\VID_14\001\frame_0023.jpg
VID_14,VID_14.mp4,1,360,24,custom_dataset\processed\VID_14\001\frame_0024.jpg
VID_14,VID_14.mp4,1,375,25,custom_dataset\processed\VID_14\001\frame_0025.jpg
VID_14,VID_14.mp4,1,390,26,custom_dataset\processed\VID_14\001\frame_0026.jpg
VID_14,VID_14.mp4,1,405,27,custom_dataset\processed\VID_14\001\frame_0027.jpg
VID_14,VID_14.mp4,1,420,28,custom_dataset\processed\VID_14\001\frame_0028.jpg
VID_14,VID_14.mp4,1,435,29,custom_dataset\processed\VID_14\001\frame_0029.jpg
VID_14,VID_14.mp4,1,450,30,custom_dataset\processed\VID_14\001\frame_0030.jpg
VID_14,VID_14.mp4,2,0,0,custom_dataset\processed\VID_14\002\frame_0000.jpg
VID_14,VID_14.mp4,2,15,1,custom_dataset\processed\VID_14\002\frame_0001.jpg
VID_14,VID_14.mp4,2,30,2,custom_dataset\processed\VID_14\002\frame_0002.jpg
VID_14,VID_14.mp4,2,45,3,custom_dataset\processed\VID_14\002\frame_0003.jpg
VID_14,VID_14.mp4,2,60,4,custom_dataset\processed\VID_14\002\frame_0004.jpg
VID_14,VID_14.mp4,2,75,5,custom_dataset\processed\VID_14\002\frame_0005.jpg
VID_14,VID_14.mp4,2,90,6,custom_dataset\processed\VID_14\002\frame_0006.jpg
VID_14,VID_14.mp4,2,105,7,custom_dataset\processed\VID_14\002\frame_0007.jpg
VID_14,VID_14.mp4,2,120,8,custom_dataset\processed\VID_14\002\frame_0008.jpg
VID_14,VID_14.mp4,2,135,9,custom_dataset\processed\VID_14\002\frame_0009.jpg
VID_14,VID_14.mp4,2,150,10,custom_dataset\processed\VID_14\002\frame_0010.jpg
VID_14,VID_14.mp4,2,165,11,custom_dataset\processed\VID_14\002\frame_0011.jpg
VID_14,VID_14.mp4,2,180,12,custom_dataset\processed\VID_14\002\frame_0012.jpg
VID_14,VID_14.mp4,2,195,13,custom_dataset\processed\VID_14\002\frame_0013.jpg
VID_14,VID_14.mp4,2,210,14,custom_dataset\processed\VID_14\002\frame_0014.jpg
VID_14,VID_14.mp4,2,225,15,custom_dataset\processed\VID_14\002\frame_0015.jpg
VID_14,VID_14.mp4,2,240,16,custom_dataset\processed\VID_14\002\frame_0016.jpg
VID_14,VID_14.mp4,2,255,17,custom_dataset\processed\VID_14\002\frame_0017.jpg
VID_14,VID_14.mp4,2,270,18,custom_dataset\processed\VID_14\002\frame_0018.jpg
VID_14,VID_14.mp4,2,285,19,custom_dataset\processed\VID_14\002\frame_0019.jpg
VID_14,VID_14.mp4,2,300,20,custom_dataset\processed\VID_14\002\frame_0020.jpg
VID_14,VID_14.mp4,2,315,21,custom_dataset\processed\VID_14\002\frame_0021.jpg
VID_14,VID_14.mp4,2,330,22,custom_dataset\processed\VID_14\002\frame_0022.jpg
VID_14,VID_14.mp4,2,345,23,custom_dataset\processed\VID_14\002\frame_0023.jpg
VID_14,VID_14.mp4,2,390,26,custom_dataset\processed\VID_14\002\frame_0026.jpg
VID_14,VID_14.mp4,2,405,27,custom_dataset\processed\VID_14\002\frame_0027.jpg
VID_14,VID_14.mp4,2,420,28,custom_dataset\processed\VID_14\002\frame_0028.jpg
VID_14,VID_14.mp4,2,435,29,custom_dataset\processed\VID_14\002\frame_0029.jpg
VID_14,VID_14.mp4,2,465,31,custom_dataset\processed\VID_14\002\frame_0031.jpg
VID_14,VID_14.mp4,2,480,32,custom_dataset\processed\VID_14\002\frame_0032.jpg
VID_14,VID_14.mp4,2,495,33,custom_dataset\processed\VID_14\002\frame_0033.jpg
VID_14,VID_14.mp4,2,525,35,custom_dataset\processed\VID_14\002\frame_0035.jpg
VID_14,VID_14.mp4,2,540,36,custom_dataset\processed\VID_14\002\frame_0036.jpg
VID_14,VID_14.mp4,2,555,37,custom_dataset\processed\VID_14\002\frame_0037.jpg
VID_14,VID_14.mp4,2,570,38,custom_dataset\processed\VID_14\002\frame_0038.jpg
VID_14,VID_14.mp4,2,585,39,custom_dataset\processed\VID_14\002\frame_0039.jpg
VID_14,VID_14.mp4,2,600,40,custom_dataset\processed\VID_14\002\frame_0040.jpg
VID_14,VID_14.mp4,2,630,42,custom_dataset\processed\VID_14\002\frame_0042.jpg
VID_14,VID_14.mp4,2,645,43,custom_dataset\processed\VID_14\002\frame_0043.jpg
VID_14,VID_14.mp4,3,0,0,custom_dataset\processed\VID_14\003\frame_0000.jpg
VID_14,VID_14.mp4,3,15,1,custom_dataset\processed\VID_14\003\frame_0001.jpg
VID_14,VID_14.mp4,3,30,2,custom_dataset\processed\VID_14\003\frame_0002.jpg
VID_14,VID_14.mp4,3,45,3,custom_dataset\processed\VID_14\003\frame_0003.jpg
VID_14,VID_14.mp4,3,60,4,custom_dataset\processed\VID_14\003\frame_0004.jpg
VID_14,VID_14.mp4,3,75,5,custom_dataset\processed\VID_14\003\frame_0005.jpg
VID_14,VID_14.mp4,3,90,6,custom_dataset\processed\VID_14\003\frame_0006.jpg
VID_14,VID_14.mp4,3,105,7,custom_dataset\processed\VID_14\003\frame_0007.jpg
VID_14,VID_14.mp4,3,120,8,custom_dataset\processed\VID_14\003\frame_0008.jpg
VID_14,VID_14.mp4,3,135,9,custom_dataset\processed\VID_14\003\frame_0009.jpg
VID_14,VID_14.mp4,4,0,0,custom_dataset\processed\VID_14\004\frame_0000.jpg
VID_14,VID_14.mp4,4,15,1,custom_dataset\processed\VID_14\004\frame_0001.jpg
VID_14,VID_14.mp4,4,30,2,custom_dataset\processed\VID_14\004\frame_0002.jpg
VID_14,VID_14.mp4,4,45,3,custom_dataset\processed\VID_14\004\frame_0003.jpg
VID_14,VID_14.mp4,4,60,4,custom_dataset\processed\VID_14\004\frame_0004.jpg
VID_14,VID_14.mp4,4,75,5,custom_dataset\processed\VID_14\004\frame_0005.jpg
VID_14,VID_14.mp4,4,90,6,custom_dataset\processed\VID_14\004\frame_0006.jpg
VID_14,VID_14.mp4,4,105,7,custom_dataset\processed\VID_14\004\frame_0007.jpg
VID_14,VID_14.mp4,4,120,8,custom_dataset\processed\VID_14\004\frame_0008.jpg
VID_14,VID_14.mp4,4,135,9,custom_dataset\processed\VID_14\004\frame_0009.jpg
VID_14,VID_14.mp4,4,150,10,custom_dataset\processed\VID_14\004\frame_0010.jpg
VID_14,VID_14.mp4,4,165,11,custom_dataset\processed\VID_14\004\frame_0011.jpg
VID_14,VID_14.mp4,4,180,12,custom_dataset\processed\VID_14\004\frame_0012.jpg
VID_14,VID_14.mp4,4,195,13,custom_dataset\processed\VID_14\004\frame_0013.jpg
VID_14,VID_14.mp4,4,210,14,custom_dataset\processed\VID_14\004\frame_0014.jpg
VID_14,VID_14.mp4,4,225,15,custom_dataset\processed\VID_14\004\frame_0015.jpg
VID_14,VID_14.mp4,4,240,16,custom_dataset\processed\VID_14\004\frame_0016.jpg
VID_14,VID_14.mp4,4,255,17,custom_dataset\processed\VID_14\004\frame_0017.jpg
VID_14,VID_14.mp4,4,270,18,custom_dataset\processed\VID_14\004\frame_0018.jpg
VID_14,VID_14.mp4,4,285,19,custom_dataset\processed\VID_14\004\frame_0019.jpg
VID_14,VID_14.mp4,4,300,20,custom_dataset\processed\VID_14\004\frame_0020.jpg
VID_14,VID_14.mp4,4,315,21,custom_dataset\processed\VID_14\004\frame_0021.jpg
VID_14,VID_14.mp4,4,330,22,custom_dataset\processed\VID_14\004\frame_0022.jpg
VID_14,VID_14.mp4,4,345,23,custom_dataset\processed\VID_14\004\frame_0023.jpg
VID_14,VID_14.mp4,4,360,24,custom_dataset\processed\VID_14\004\frame_0024.jpg
VID_14,VID_14.mp4,4,375,25,custom_dataset\processed\VID_14\004\frame_0025.jpg
VID_14,VID_14.mp4,4,405,27,custom_dataset\processed\VID_14\004\frame_0027.jpg
VID_14,VID_14.mp4,4,420,28,custom_dataset\processed\VID_14\004\frame_0028.jpg
VID_14,VID_14.mp4,4,435,29,custom_dataset\processed\VID_14\004\frame_0029.jpg
VID_14,VID_14.mp4,4,465,31,custom_dataset\processed\VID_14\004\frame_0031.jpg
VID_14,VID_14.mp4,4,495,33,custom_dataset\processed\VID_14\004\frame_0033.jpg
VID_14,VID_14.mp4,4,555,37,custom_dataset\processed\VID_14\004\frame_0037.jpg
VID_14,VID_14.mp4,4,570,38,custom_dataset\processed\VID_14\004\frame_0038.jpg
VID_14,VID_14.mp4,5,0,0,custom_dataset\processed\VID_14\005\frame_0000.jpg
VID_14,VID_14.mp4,5,15,1,custom_dataset\processed\VID_14\005\frame_0001.jpg
VID_14,VID_14.mp4,5,30,2,custom_dataset\processed\VID_14\005\frame_0002.jpg
VID_14,VID_14.mp4,5,45,3,custom_dataset\processed\VID_14\005\frame_0003.jpg
VID_14,VID_14.mp4,5,60,4,custom_dataset\processed\VID_14\005\frame_0004.jpg
VID_14,VID_14.mp4,5,75,5,custom_dataset\processed\VID_14\005\frame_0005.jpg
VID_14,VID_14.mp4,5,90,6,custom_dataset\processed\VID_14\005\frame_0006.jpg
VID_14,VID_14.mp4,5,105,7,custom_dataset\processed\VID_14\005\frame_0007.jpg
VID_14,VID_14.mp4,5,120,8,custom_dataset\processed\VID_14\005\frame_0008.jpg
VID_14,VID_14.mp4,6,0,0,custom_dataset\processed\VID_14\006\frame_0000.jpg
VID_14,VID_14.mp4,6,15,1,custom_dataset\processed\VID_14\006\frame_0001.jpg
VID_14,VID_14.mp4,6,30,2,custom_dataset\processed\VID_14\006\frame_0002.jpg
VID_14,VID_14.mp4,6,45,3,custom_dataset\processed\VID_14\006\frame_0003.jpg
VID_14,VID_14.mp4,6,60,4,custom_dataset\processed\VID_14\006\frame_0004.jpg
VID_14,VID_14.mp4,6,75,5,custom_dataset\processed\VID_14\006\frame_0005.jpg
VID_14,VID_14.mp4,6,90,6,custom_dataset\processed\VID_14\006\frame_0006.jpg
VID_14,VID_14.mp4,6,105,7,custom_dataset\processed\VID_14\006\frame_0007.jpg
VID_14,VID_14.mp4,6,120,8,custom_dataset\processed\VID_14\006\frame_0008.jpg
VID_14,VID_14.mp4,6,135,9,custom_dataset\processed\VID_14\006\frame_0009.jpg
VID_14,VID_14.mp4,6,150,10,custom_dataset\processed\VID_14\006\frame_0010.jpg
VID_14,VID_14.mp4,7,0,0,custom_dataset\processed\VID_14\007\frame_0000.jpg
VID_14,VID_14.mp4,7,15,1,custom_dataset\processed\VID_14\007\frame_0001.jpg
VID_14,VID_14.mp4,7,30,2,custom_dataset\processed\VID_14\007\frame_0002.jpg
VID_14,VID_14.mp4,7,45,3,custom_dataset\processed\VID_14\007\frame_0003.jpg
VID_14,VID_14.mp4,7,60,4,custom_dataset\processed\VID_14\007\frame_0004.jpg
VID_14,VID_14.mp4,7,75,5,custom_dataset\processed\VID_14\007\frame_0005.jpg
VID_14,VID_14.mp4,7,90,6,custom_dataset\processed\VID_14\007\frame_0006.jpg
VID_14,VID_14.mp4,7,105,7,custom_dataset\processed\VID_14\007\frame_0007.jpg
VID_14,VID_14.mp4,7,120,8,custom_dataset\processed\VID_14\007\frame_0008.jpg
VID_14,VID_14.mp4,7,135,9,custom_dataset\processed\VID_14\007\frame_0009.jpg
VID_14,VID_14.mp4,7,150,10,custom_dataset\processed\VID_14\007\frame_0010.jpg
VID_14,VID_14.mp4,7,165,11,custom_dataset\processed\VID_14\007\frame_0011.jpg
VID_14,VID_14.mp4,7,180,12,custom_dataset\processed\VID_14\007\frame_0012.jpg
VID_14,VID_14.mp4,10,0,0,custom_dataset\processed\VID_14\010\frame_0000.jpg
VID_14,VID_14.mp4,10,30,2,custom_dataset\processed\VID_14\010\frame_0002.jpg
VID_14,VID_14.mp4,10,45,3,custom_dataset\processed\VID_14\010\frame_0003.jpg
VID_14,VID_14.mp4,10,60,4,custom_dataset\processed\VID_14\010\frame_0004.jpg
VID_14,VID_14.mp4,10,75,5,custom_dataset\processed\VID_14\010\frame_0005.jpg
VID_14,VID_14.mp4,10,90,6,custom_dataset\processed\VID_14\010\frame_0006.jpg
VID_14,VID_14.mp4,10,120,8,custom_dataset\processed\VID_14\010\frame_0008.jpg
VID_14,VID_14.mp4,10,135,9,custom_dataset\processed\VID_14\010\frame_0009.jpg
VID_14,VID_14.mp4,10,150,10,custom_dataset\processed\VID_14\010\frame_0010.jpg
VID_14,VID_14.mp4,14,75,5,custom_dataset\processed\VID_14\014\frame_0005.jpg
VID_14,VID_14.mp4,14,105,7,custom_dataset\processed\VID_14\014\frame_0007.jpg
VID_14,VID_14.mp4,14,120,8,custom_dataset\processed\VID_14\014\frame_0008.jpg
VID_14,VID_14.mp4,14,165,11,custom_dataset\processed\VID_14\014\frame_0011.jpg
VID_14,VID_14.mp4,14,180,12,custom_dataset\processed\VID_14\014\frame_0012.jpg
VID_14,VID_14.mp4,14,195,13,custom_dataset\processed\VID_14\014\frame_0013.jpg
VID_14,VID_14.mp4,14,210,14,custom_dataset\processed\VID_14\014\frame_0014.jpg
VID_14,VID_14.mp4,14,225,15,custom_dataset\processed\VID_14\014\frame_0015.jpg
VID_14,VID_14.mp4,14,240,16,custom_dataset\processed\VID_14\014\frame_0016.jpg
VID_14,VID_14.mp4,14,255,17,custom_dataset\processed\VID_14\014\frame_0017.jpg
VID_14,VID_14.mp4,14,270,18,custom_dataset\processed\VID_14\014\frame_0018.jpg
VID_14,VID_14.mp4,14,285,19,custom_dataset\processed\VID_14\014\frame_0019.jpg
VID_14,VID_14.mp4,14,315,21,custom_dataset\processed\VID_14\014\frame_0021.jpg
VID_14,VID_14.mp4,14,330,22,custom_dataset\processed\VID_14\014\frame_0022.jpg
VID_14,VID_14.mp4,14,345,23,custom_dataset\processed\VID_14\014\frame_0023.jpg
VID_14,VID_14.mp4,14,360,24,custom_dataset\processed\VID_14\014\frame_0024.jpg
VID_14,VID_14.mp4,14,390,26,custom_dataset\processed\VID_14\014\frame_0026.jpg
VID_14,VID_14.mp4,14,420,28,custom_dataset\processed\VID_14\014\frame_0028.jpg
VID_14,VID_14.mp4,14,465,31,custom_dataset\processed\VID_14\014\frame_0031.jpg
VID_14,VID_14.mp4,14,480,32,custom_dataset\processed\VID_14\014\frame_0032.jpg
VID_14,VID_14.mp4,14,495,33,custom_dataset\processed\VID_14\014\frame_0033.jpg
VID_14,VID_14.mp4,14,510,34,custom_dataset\processed\VID_14\014\frame_0034.jpg
VID_14,VID_14.mp4,14,525,35,custom_dataset\processed\VID_14\014\frame_0035.jpg
VID_14,VID_14.mp4,14,540,36,custom_dataset\processed\VID_14\014\frame_0036.jpg
VID_14,VID_14.mp4,14,555,37,custom_dataset\processed\VID_14\014\frame_0037.jpg
VID_14,VID_14.mp4,14,570,38,custom_dataset\processed\VID_14\014\frame_0038.jpg
VID_14,VID_14.mp4,14,585,39,custom_dataset\processed\VID_14\014\frame_0039.jpg
VID_14,VID_14.mp4,14,600,40,custom_dataset\processed\VID_14\014\frame_0040.jpg
VID_14,VID_14.mp4,14,615,41,custom_dataset\processed\VID_14\014\frame_0041.jpg
VID_14,VID_14.mp4,14,630,42,custom_dataset\processed\VID_14\014\frame_0042.jpg
VID_14,VID_14.mp4,14,645,43,custom_dataset\processed\VID_14\014\frame_0043.jpg
VID_14,VID_14.mp4,15,120,8,custom_dataset\processed\VID_14\015\frame_0008.jpg
VID_14,VID_14.mp4,15,150,10,custom_dataset\processed\VID_14\015\frame_0010.jpg
VID_14,VID_14.mp4,15,165,11,custom_dataset\processed\VID_14\015\frame_0011.jpg
VID_14,VID_14.mp4,15,180,12,custom_dataset\processed\VID_14\015\frame_0012.jpg
VID_14,VID_14.mp4,15,195,13,custom_dataset\processed\VID_14\015\frame_0013.jpg
VID_14,VID_14.mp4,15,210,14,custom_dataset\processed\VID_14\015\frame_0014.jpg
VID_14,VID_14.mp4,15,225,15,custom_dataset\processed\VID_14\015\frame_0015.jpg
VID_14,VID_14.mp4,15,240,16,custom_dataset\processed\VID_14\015\frame_0016.jpg
VID_14,VID_14.mp4,15,255,17,custom_dataset\processed\VID_14\015\frame_0017.jpg
VID_14,VID_14.mp4,15,270,18,custom_dataset\processed\VID_14\015\frame_0018.jpg
VID_14,VID_14.mp4,15,285,19,custom_dataset\processed\VID_14\015\frame_0019.jpg
VID_14,VID_14.mp4,15,300,20,custom_dataset\processed\VID_14\015\frame_0020.jpg
VID_14,VID_14.mp4,15,315,21,custom_dataset\processed\VID_14\015\frame_0021.jpg
VID_14,VID_14.mp4,15,330,22,custom_dataset\processed\VID_14\015\frame_0022.jpg
VID_14,VID_14.mp4,17,135,9,custom_dataset\processed\VID_14\017\frame_0009.jpg
VID_14,VID_14.mp4,17,150,10,custom_dataset\processed\VID_14\017\frame_0010.jpg
VID_14,VID_14.mp4,17,165,11,custom_dataset\processed\VID_14\017\frame_0011.jpg
VID_14,VID_14.mp4,17,180,12,custom_dataset\processed\VID_14\017\frame_0012.jpg
VID_14,VID_14.mp4,17,195,13,custom_dataset\processed\VID_14\017\frame_0013.jpg
VID_14,VID_14.mp4,17,210,14,custom_dataset\processed\VID_14\017\frame_0014.jpg
VID_14,VID_14.mp4,17,225,15,custom_dataset\processed\VID_14\017\frame_0015.jpg
VID_14,VID_14.mp4,17,240,16,custom_dataset\processed\VID_14\017\frame_0016.jpg
VID_14,VID_14.mp4,17,255,17,custom_dataset\processed\VID_14\017\frame_0017.jpg
VID_14,VID_14.mp4,17,270,18,custom_dataset\processed\VID_14\017\frame_0018.jpg
VID_14,VID_14.mp4,17,285,19,custom_dataset\processed\VID_14\017\frame_0019.jpg
VID_14,VID_14.mp4,17,300,20,custom_dataset\processed\VID_14\017\frame_0020.jpg
VID_14,VID_14.mp4,17,315,21,custom_dataset\processed\VID_14\017\frame_0021.jpg
VID_14,VID_14.mp4,17,330,22,custom_dataset\processed\VID_14\017\frame_0022.jpg
VID_14,VID_14.mp4,17,345,23,custom_dataset\processed\VID_14\017\frame_0023.jpg
VID_14,VID_14.mp4,17,360,24,custom_dataset\processed\VID_14\017\frame_0024.jpg
VID_14,VID_14.mp4,17,375,25,custom_dataset\processed\VID_14\017\frame_0025.jpg
VID_14,VID_14.mp4,17,390,26,custom_dataset\processed\VID_14\017\frame_0026.jpg
VID_14,VID_14.mp4,17,405,27,custom_dataset\processed\VID_14\017\frame_0027.jpg
VID_14,VID_14.mp4,17,420,28,custom_dataset\processed\VID_14\017\frame_0028.jpg
VID_14,VID_14.mp4,17,435,29,custom_dataset\processed\VID_14\017\frame_0029.jpg
VID_14,VID_14.mp4,17,450,30,custom_dataset\processed\VID_14\017\frame_0030.jpg
VID_14,VID_14.mp4,17,465,31,custom_dataset\processed\VID_14\017\frame_0031.jpg
VID_14,VID_14.mp4,17,480,32,custom_dataset\processed\VID_14\017\frame_0032.jpg
VID_14,VID_14.mp4,17,495,33,custom_dataset\processed\VID_14\017\frame_0033.jpg
VID_14,VID_14.mp4,17,510,34,custom_dataset\processed\VID_14\017\frame_0034.jpg
VID_14,VID_14.mp4,17,525,35,custom_dataset\processed\VID_14\017\frame_0035.jpg
VID_14,VID_14.mp4,17,540,36,custom_dataset\processed\VID_14\017\frame_0036.jpg
VID_14,VID_14.mp4,17,555,37,custom_dataset\processed\VID_14\017\frame_0037.jpg
VID_14,VID_14.mp4,17,570,38,custom_dataset\processed\VID_14\017\frame_0038.jpg
VID_14,VID_14.mp4,17,585,39,custom_dataset\processed\VID_14\017\frame_0039.jpg
VID_14,VID_14.mp4,17,600,40,custom_dataset\processed\VID_14\017\frame_0040.jpg
VID_14,VID_14.mp4,17,615,41,custom_dataset\processed\VID_14\017\frame_0041.jpg
VID_14,VID_14.mp4,17,630,42,custom_dataset\processed\VID_14\017\frame_0042.jpg
VID_14,VID_14.mp4,17,645,43,custom_dataset\processed\VID_14\017\frame_0043.jpg
VID_14,VID_14.mp4,19,195,13,custom_dataset\processed\VID_14\019\frame_0013.jpg
VID_14,VID_14.mp4,19,240,16,custom_dataset\processed\VID_14\019\frame_0016.jpg
VID_14,VID_14.mp4,19,270,18,custom_dataset\processed\VID_14\019\frame_0018.jpg
VID_14,VID_14.mp4,19,285,19,custom_dataset\processed\VID_14\019\frame_0019.jpg
VID_14,VID_14.mp4,19,300,20,custom_dataset\processed\VID_14\019\frame_0020.jpg
VID_14,VID_14.mp4,19,330,22,custom_dataset\processed\VID_14\019\frame_0022.jpg
VID_14,VID_14.mp4,19,345,23,custom_dataset\processed\VID_14\019\frame_0023.jpg
VID_14,VID_14.mp4,19,375,25,custom_dataset\processed\VID_14\019\frame_0025.jpg
VID_14,VID_14.mp4,19,390,26,custom_dataset\processed\VID_14\019\frame_0026.jpg
VID_14,VID_14.mp4,19,405,27,custom_dataset\processed\VID_14\019\frame_0027.jpg
VID_14,VID_14.mp4,19,450,30,custom_dataset\processed\VID_14\019\frame_0030.jpg
VID_14,VID_14.mp4,19,465,31,custom_dataset\processed\VID_14\019\frame_0031.jpg
VID_14,VID_14.mp4,19,480,32,custom_dataset\processed\VID_14\019\frame_0032.jpg
VID_14,VID_14.mp4,19,495,33,custom_dataset\processed\VID_14\019\frame_0033.jpg
VID_14,VID_14.mp4,19,510,34,custom_dataset\processed\VID_14\019\frame_0034.jpg
VID_14,VID_14.mp4,19,525,35,custom_dataset\processed\VID_14\019\frame_0035.jpg
VID_14,VID_14.mp4,19,540,36,custom_dataset\processed\VID_14\019\frame_0036.jpg
VID_14,VID_14.mp4,19,555,37,custom_dataset\processed\VID_14\019\frame_0037.jpg
VID_14,VID_14.mp4,19,600,40,custom_dataset\processed\VID_14\019\frame_0040.jpg
VID_14,VID_14.mp4,19,615,41,custom_dataset\processed\VID_14\019\frame_0041.jpg
VID_14,VID_14.mp4,19,645,43,custom_dataset\processed\VID_14\019\frame_0043.jpg
VID_14,VID_14.mp4,20,210,14,custom_dataset\processed\VID_14\020\frame_0014.jpg
VID_14,VID_14.mp4,20,225,15,custom_dataset\processed\VID_14\020\frame_0015.jpg
VID_14,VID_14.mp4,20,270,18,custom_dataset\processed\VID_14\020\frame_0018.jpg
VID_14,VID_14.mp4,20,285,19,custom_dataset\processed\VID_14\020\frame_0019.jpg
VID_14,VID_14.mp4,20,300,20,custom_dataset\processed\VID_14\020\frame_0020.jpg
VID_14,VID_14.mp4,20,315,21,custom_dataset\processed\VID_14\020\frame_0021.jpg
VID_14,VID_14.mp4,20,330,22,custom_dataset\processed\VID_14\020\frame_0022.jpg
VID_14,VID_14.mp4,20,345,23,custom_dataset\processed\VID_14\020\frame_0023.jpg
VID_14,VID_14.mp4,20,360,24,custom_dataset\processed\VID_14\020\frame_0024.jpg
VID_14,VID_14.mp4,20,375,25,custom_dataset\processed\VID_14\020\frame_0025.jpg
VID_14,VID_14.mp4,20,390,26,custom_dataset\processed\VID_14\020\frame_0026.jpg
VID_14,VID_14.mp4,20,405,27,custom_dataset\processed\VID_14\020\frame_0027.jpg
VID_14,VID_14.mp4,20,420,28,custom_dataset\processed\VID_14\020\frame_0028.jpg
VID_14,VID_14.mp4,20,435,29,custom_dataset\processed\VID_14\020\frame_0029.jpg
VID_14,VID_14.mp4,20,450,30,custom_dataset\processed\VID_14\020\frame_0030.jpg
VID_14,VID_14.mp4,20,495,33,custom_dataset\processed\VID_14\020\frame_0033.jpg
VID_14,VID_14.mp4,20,510,34,custom_dataset\processed\VID_14\020\frame_0034.jpg
VID_14,VID_14.mp4,20,525,35,custom_dataset\processed\VID_14\020\frame_0035.jpg
VID_14,VID_14.mp4,20,540,36,custom_dataset\processed\VID_14\020\frame_0036.jpg
VID_14,VID_14.mp4,20,600,40,custom_dataset\processed\VID_14\020\frame_0040.jpg
VID_14,VID_14.mp4,25,255,17,custom_dataset\processed\VID_14\025\frame_0017.jpg
VID_14,VID_14.mp4,25,285,19,custom_dataset\processed\VID_14\025\frame_0019.jpg
VID_14,VID_14.mp4,25,300,20,custom_dataset\processed\VID_14\025\frame_0020.jpg
VID_14,VID_14.mp4,25,315,21,custom_dataset\processed\VID_14\025\frame_0021.jpg
VID_14,VID_14.mp4,25,330,22,custom_dataset\processed\VID_14\025\frame_0022.jpg
VID_14,VID_14.mp4,25,345,23,custom_dataset\processed\VID_14\025\frame_0023.jpg
VID_14,VID_14.mp4,25,360,24,custom_dataset\processed\VID_14\025\frame_0024.jpg
VID_14,VID_14.mp4,25,375,25,custom_dataset\processed\VID_14\025\frame_0025.jpg
VID_14,VID_14.mp4,25,390,26,custom_dataset\processed\VID_14\025\frame_0026.jpg
VID_14,VID_14.mp4,25,450,30,custom_dataset\processed\VID_14\025\frame_0030.jpg
VID_14,VID_14.mp4,29,435,29,custom_dataset\processed\VID_14\029\frame_0029.jpg
VID_14,VID_14.mp4,29,465,31,custom_dataset\processed\VID_14\029\frame_0031.jpg
VID_14,VID_14.mp4,29,480,32,custom_dataset\processed\VID_14\029\frame_0032.jpg
VID_14,VID_14.mp4,29,495,33,custom_dataset\processed\VID_14\029\frame_0033.jpg
VID_14,VID_14.mp4,29,510,34,custom_dataset\processed\VID_14\029\frame_0034.jpg
VID_14,VID_14.mp4,29,525,35,custom_dataset\processed\VID_14\029\frame_0035.jpg
VID_14,VID_14.mp4,29,540,36,custom_dataset\processed\VID_14\029\frame_0036.jpg
VID_14,VID_14.mp4,29,555,37,custom_dataset\processed\VID_14\029\frame_0037.jpg
VID_14,VID_14.mp4,29,570,38,custom_dataset\processed\VID_14\029\frame_0038.jpg
VID_14,VID_14.mp4,29,585,39,custom_dataset\processed\VID_14\029\frame_0039.jpg
VID_14,VID_14.mp4,29,600,40,custom_dataset\processed\VID_14\029\frame_0040.jpg
VID_14,VID_14.mp4,29,615,41,custom_dataset\processed\VID_14\029\frame_0041.jpg
VID_14,VID_14.mp4,29,645,43,custom_dataset\processed\VID_14\029\frame_0043.jpg
VID_14,VID_14.mp4,32,480,32,custom_dataset\processed\VID_14\032\frame_0032.jpg
VID_14,VID_14.mp4,32,495,33,custom_dataset\processed\VID_14\032\frame_0033.jpg
VID_14,VID_14.mp4,32,510,34,custom_dataset\processed\VID_14\032\frame_0034.jpg
VID_14,VID_14.mp4,32,525,35,custom_dataset\processed\VID_14\032\frame_0035.jpg
VID_14,VID_14.mp4,32,540,36,custom_dataset\processed\VID_14\032\frame_0036.jpg
VID_14,VID_14.mp4,32,555,37,custom_dataset\processed\VID_14\032\frame_0037.jpg
VID_14,VID_14.mp4,32,570,38,custom_dataset\processed\VID_14\032\frame_0038.jpg
VID_14,VID_14.mp4,32,585,39,custom_dataset\processed\VID_14\032\frame_0039.jpg
VID_14,VID_14.mp4,32,600,40,custom_dataset\processed\VID_14\032\frame_0040.jpg
VID_14,VID_14.mp4,32,615,41,custom_dataset\processed\VID_14\032\frame_0041.jpg
VID_14,VID_14.mp4,32,630,42,custom_dataset\processed\VID_14\032\frame_0042.jpg
VID_14,VID_14.mp4,32,645,43,custom_dataset\processed\VID_14\032\frame_0043.jpg
VID_14,VID_14.mp4,33,495,33,custom_dataset\processed\VID_14\033\frame_0033.jpg
VID_14,VID_14.mp4,33,510,34,custom_dataset\processed\VID_14\033\frame_0034.jpg
VID_14,VID_14.mp4,33,540,36,custom_dataset\processed\VID_14\033\frame_0036.jpg
VID_14,VID_14.mp4,33,555,37,custom_dataset\processed\VID_14\033\frame_0037.jpg
VID_14,VID_14.mp4,33,570,38,custom_dataset\processed\VID_14\033\frame_0038.jpg
VID_14,VID_14.mp4,33,585,39,custom_dataset\processed\VID_14\033\frame_0039.jpg
VID_14,VID_14.mp4,33,600,40,custom_dataset\processed\VID_14\033\frame_0040.jpg
VID_14,VID_14.mp4,33,615,41,custom_dataset\processed\VID_14\033\frame_0041.jpg
VID_14,VID_14.mp4,33,630,42,custom_dataset\processed\VID_14\033\frame_0042.jpg
VID_14,VID_14.mp4,33,645,43,custom_dataset\processed\VID_14\033\frame_0043.jpg
VID_15,VID_15.mp4,1,0,0,custom_dataset\processed\VID_15\001\frame_0000.jpg
VID_15,VID_15.mp4,1,15,1,custom_dataset\processed\VID_15\001\frame_0001.jpg
VID_15,VID_15.mp4,1,30,2,custom_dataset\processed\VID_15\001\frame_0002.jpg
VID_15,VID_15.mp4,1,45,3,custom_dataset\processed\VID_15\001\frame_0003.jpg
VID_15,VID_15.mp4,1,60,4,custom_dataset\processed\VID_15\001\frame_0004.jpg
VID_15,VID_15.mp4,1,75,5,custom_dataset\processed\VID_15\001\frame_0005.jpg
VID_15,VID_15.mp4,1,135,9,custom_dataset\processed\VID_15\001\frame_0009.jpg
VID_15,VID_15.mp4,1,150,10,custom_dataset\processed\VID_15\001\frame_0010.jpg
VID_15,VID_15.mp4,1,165,11,custom_dataset\processed\VID_15\001\frame_0011.jpg
VID_15,VID_15.mp4,1,180,12,custom_dataset\processed\VID_15\001\frame_0012.jpg
VID_15,VID_15.mp4,1,195,13,custom_dataset\processed\VID_15\001\frame_0013.jpg
VID_15,VID_15.mp4,1,210,14,custom_dataset\processed\VID_15\001\frame_0014.jpg
VID_15,VID_15.mp4,1,225,15,custom_dataset\processed\VID_15\001\frame_0015.jpg
VID_15,VID_15.mp4,1,240,16,custom_dataset\processed\VID_15\001\frame_0016.jpg
VID_15,VID_15.mp4,1,255,17,custom_dataset\processed\VID_15\001\frame_0017.jpg
VID_15,VID_15.mp4,1,270,18,custom_dataset\processed\VID_15\001\frame_0018.jpg
VID_15,VID_15.mp4,1,285,19,custom_dataset\processed\VID_15\001\frame_0019.jpg
VID_15,VID_15.mp4,1,300,20,custom_dataset\processed\VID_15\001\frame_0020.jpg
VID_15,VID_15.mp4,1,315,21,custom_dataset\processed\VID_15\001\frame_0021.jpg
VID_15,VID_15.mp4,1,330,22,custom_dataset\processed\VID_15\001\frame_0022.jpg
VID_15,VID_15.mp4,1,345,23,custom_dataset\processed\VID_15\001\frame_0023.jpg
VID_15,VID_15.mp4,1,360,24,custom_dataset\processed\VID_15\001\frame_0024.jpg
VID_15,VID_15.mp4,1,375,25,custom_dataset\processed\VID_15\001\frame_0025.jpg
VID_15,VID_15.mp4,1,390,26,custom_dataset\processed\VID_15\001\frame_0026.jpg
VID_15,VID_15.mp4,1,405,27,custom_dataset\processed\VID_15\001\frame_0027.jpg
VID_15,VID_15.mp4,1,420,28,custom_dataset\processed\VID_15\001\frame_0028.jpg
VID_15,VID_15.mp4,1,435,29,custom_dataset\processed\VID_15\001\frame_0029.jpg
VID_15,VID_15.mp4,1,450,30,custom_dataset\processed\VID_15\001\frame_0030.jpg
VID_15,VID_15.mp4,1,465,31,custom_dataset\processed\VID_15\001\frame_0031.jpg
VID_15,VID_15.mp4,1,480,32,custom_dataset\processed\VID_15\001\frame_0032.jpg
VID_15,VID_15.mp4,1,495,33,custom_dataset\processed\VID_15\001\frame_0033.jpg
VID_15,VID_15.mp4,1,510,34,custom_dataset\processed\VID_15\001\frame_0034.jpg
VID_15,VID_15.mp4,1,525,35,custom_dataset\processed\VID_15\001\frame_0035.jpg
VID_15,VID_15.mp4,1,540,36,custom_dataset\processed\VID_15\001\frame_0036.jpg
VID_15,VID_15.mp4,1,555,37,custom_dataset\processed\VID_15\001\frame_0037.jpg
VID_15,VID_15.mp4,1,570,38,custom_dataset\processed\VID_15\001\frame_0038.jpg
VID_15,VID_15.mp4,1,585,39,custom_dataset\processed\VID_15\001\frame_0039.jpg
VID_15,VID_15.mp4,1,600,40,custom_dataset\processed\VID_15\001\frame_0040.jpg
VID_15,VID_15.mp4,2,0,0,custom_dataset\processed\VID_15\002\frame_0000.jpg
VID_15,VID_15.mp4,2,15,1,custom_dataset\processed\VID_15\002\frame_0001.jpg
VID_15,VID_15.mp4,2,30,2,custom_dataset\processed\VID_15\002\frame_0002.jpg
VID_15,VID_15.mp4,2,45,3,custom_dataset\processed\VID_15\002\frame_0003.jpg
VID_15,VID_15.mp4,2,60,4,custom_dataset\processed\VID_15\002\frame_0004.jpg
VID_15,VID_15.mp4,2,75,5,custom_dataset\processed\VID_15\002\frame_0005.jpg
VID_15,VID_15.mp4,2,90,6,custom_dataset\processed\VID_15\002\frame_0006.jpg
VID_15,VID_15.mp4,2,105,7,custom_dataset\processed\VID_15\002\frame_0007.jpg
VID_15,VID_15.mp4,2,120,8,custom_dataset\processed\VID_15\002\frame_0008.jpg
VID_15,VID_15.mp4,2,135,9,custom_dataset\processed\VID_15\002\frame_0009.jpg
VID_15,VID_15.mp4,2,150,10,custom_dataset\processed\VID_15\002\frame_0010.jpg
VID_15,VID_15.mp4,2,165,11,custom_dataset\processed\VID_15\002\frame_0011.jpg
VID_15,VID_15.mp4,2,180,12,custom_dataset\processed\VID_15\002\frame_0012.jpg
VID_15,VID_15.mp4,2,240,16,custom_dataset\processed\VID_15\002\frame_0016.jpg
VID_15,VID_15.mp4,2,255,17,custom_dataset\processed\VID_15\002\frame_0017.jpg
VID_15,VID_15.mp4,3,0,0,custom_dataset\processed\VID_15\003\frame_0000.jpg
VID_15,VID_15.mp4,3,15,1,custom_dataset\processed\VID_15\003\frame_0001.jpg
VID_15,VID_15.mp4,3,30,2,custom_dataset\processed\VID_15\003\frame_0002.jpg
VID_15,VID_15.mp4,3,45,3,custom_dataset\processed\VID_15\003\frame_0003.jpg
VID_15,VID_15.mp4,3,60,4,custom_dataset\processed\VID_15\003\frame_0004.jpg
VID_15,VID_15.mp4,3,75,5,custom_dataset\processed\VID_15\003\frame_0005.jpg
VID_15,VID_15.mp4,3,90,6,custom_dataset\processed\VID_15\003\frame_0006.jpg
VID_15,VID_15.mp4,3,105,7,custom_dataset\processed\VID_15\003\frame_0007.jpg
VID_15,VID_15.mp4,3,120,8,custom_dataset\processed\VID_15\003\frame_0008.jpg
VID_15,VID_15.mp4,3,135,9,custom_dataset\processed\VID_15\003\frame_0009.jpg
VID_15,VID_15.mp4,3,150,10,custom_dataset\processed\VID_15\003\frame_0010.jpg
VID_15,VID_15.mp4,3,165,11,custom_dataset\processed\VID_15\003\frame_0011.jpg
VID_15,VID_15.mp4,3,180,12,custom_dataset\processed\VID_15\003\frame_0012.jpg
VID_15,VID_15.mp4,3,195,13,custom_dataset\processed\VID_15\003\frame_0013.jpg
VID_15,VID_15.mp4,3,210,14,custom_dataset\processed\VID_15\003\frame_0014.jpg
VID_15,VID_15.mp4,3,225,15,custom_dataset\processed\VID_15\003\frame_0015.jpg
VID_15,VID_15.mp4,3,240,16,custom_dataset\processed\VID_15\003\frame_0016.jpg
VID_15,VID_15.mp4,3,255,17,custom_dataset\processed\VID_15\003\frame_0017.jpg
VID_15,VID_15.mp4,3,270,18,custom_dataset\processed\VID_15\003\frame_0018.jpg
VID_15,VID_15.mp4,3,285,19,custom_dataset\processed\VID_15\003\frame_0019.jpg
VID_15,VID_15.mp4,3,300,20,custom_dataset\processed\VID_15\003\frame_0020.jpg
VID_15,VID_15.mp4,3,315,21,custom_dataset\processed\VID_15\003\frame_0021.jpg
VID_15,VID_15.mp4,3,330,22,custom_dataset\processed\VID_15\003\frame_0022.jpg
VID_15,VID_15.mp4,3,345,23,custom_dataset\processed\VID_15\003\frame_0023.jpg
VID_15,VID_15.mp4,3,360,24,custom_dataset\processed\VID_15\003\frame_0024.jpg
VID_15,VID_15.mp4,3,375,25,custom_dataset\processed\VID_15\003\frame_0025.jpg
VID_15,VID_15.mp4,3,390,26,custom_dataset\processed\VID_15\003\frame_0026.jpg
VID_15,VID_15.mp4,3,405,27,custom_dataset\processed\VID_15\003\frame_0027.jpg
VID_15,VID_15.mp4,3,420,28,custom_dataset\processed\VID_15\003\frame_0028.jpg
VID_15,VID_15.mp4,3,435,29,custom_dataset\processed\VID_15\003\frame_0029.jpg
VID_15,VID_15.mp4,3,450,30,custom_dataset\processed\VID_15\003\frame_0030.jpg
VID_15,VID_15.mp4,3,465,31,custom_dataset\processed\VID_15\003\frame_0031.jpg
VID_15,VID_15.mp4,3,480,32,custom_dataset\processed\VID_15\003\frame_0032.jpg
VID_15,VID_15.mp4,3,495,33,custom_dataset\processed\VID_15\003\frame_0033.jpg
VID_15,VID_15.mp4,3,510,34,custom_dataset\processed\VID_15\003\frame_0034.jpg
VID_15,VID_15.mp4,3,540,36,custom_dataset\processed\VID_15\003\frame_0036.jpg
VID_15,VID_15.mp4,3,555,37,custom_dataset\processed\VID_15\003\frame_0037.jpg
VID_15,VID_15.mp4,3,570,38,custom_dataset\processed\VID_15\003\frame_0038.jpg
VID_15,VID_15.mp4,3,600,40,custom_dataset\processed\VID_15\003\frame_0040.jpg
VID_15,VID_15.mp4,4,0,0,custom_dataset\processed\VID_15\004\frame_0000.jpg
VID_15,VID_15.mp4,4,15,1,custom_dataset\processed\VID_15\004\frame_0001.jpg
VID_15,VID_15.mp4,4,30,2,custom_dataset\processed\VID_15\004\frame_0002.jpg
VID_15,VID_15.mp4,4,45,3,custom_dataset\processed\VID_15\004\frame_0003.jpg
VID_15,VID_15.mp4,4,60,4,custom_dataset\processed\VID_15\004\frame_0004.jpg
VID_15,VID_15.mp4,4,120,8,custom_dataset\processed\VID_15\004\frame_0008.jpg
VID_15,VID_15.mp4,4,135,9,custom_dataset\processed\VID_15\004\frame_0009.jpg
VID_15,VID_15.mp4,4,150,10,custom_dataset\processed\VID_15\004\frame_0010.jpg
VID_15,VID_15.mp4,4,195,13,custom_dataset\processed\VID_15\004\frame_0013.jpg
VID_15,VID_15.mp4,4,210,14,custom_dataset\processed\VID_15\004\frame_0014.jpg
VID_15,VID_15.mp4,4,225,15,custom_dataset\processed\VID_15\004\frame_0015.jpg
VID_15,VID_15.mp4,4,240,16,custom_dataset\processed\VID_15\004\frame_0016.jpg
VID_15,VID_15.mp4,4,255,17,custom_dataset\processed\VID_15\004\frame_0017.jpg
VID_15,VID_15.mp4,4,270,18,custom_dataset\processed\VID_15\004\frame_0018.jpg
VID_15,VID_15.mp4,4,285,19,custom_dataset\processed\VID_15\004\frame_0019.jpg
VID_15,VID_15.mp4,4,300,20,custom_dataset\processed\VID_15\004\frame_0020.jpg
VID_15,VID_15.mp4,4,315,21,custom_dataset\processed\VID_15\004\frame_0021.jpg
VID_15,VID_15.mp4,4,330,22,custom_dataset\processed\VID_15\004\frame_0022.jpg
VID_15,VID_15.mp4,4,345,23,custom_dataset\processed\VID_15\004\frame_0023.jpg
VID_15,VID_15.mp4,4,360,24,custom_dataset\processed\VID_15\004\frame_0024.jpg
VID_15,VID_15.mp4,4,375,25,custom_dataset\processed\VID_15\004\frame_0025.jpg
VID_15,VID_15.mp4,4,390,26,custom_dataset\processed\VID_15\004\frame_0026.jpg
VID_15,VID_15.mp4,4,405,27,custom_dataset\processed\VID_15\004\frame_0027.jpg
VID_15,VID_15.mp4,4,420,28,custom_dataset\processed\VID_15\004\frame_0028.jpg
VID_15,VID_15.mp4,4,435,29,custom_dataset\processed\VID_15\004\frame_0029.jpg
VID_15,VID_15.mp4,4,450,30,custom_dataset\processed\VID_15\004\frame_0030.jpg
VID_15,VID_15.mp4,4,465,31,custom_dataset\processed\VID_15\004\frame_0031.jpg
VID_15,VID_15.mp4,4,480,32,custom_dataset\processed\VID_15\004\frame_0032.jpg
VID_15,VID_15.mp4,4,495,33,custom_dataset\processed\VID_15\004\frame_0033.jpg
VID_15,VID_15.mp4,4,510,34,custom_dataset\processed\VID_15\004\frame_0034.jpg
VID_15,VID_15.mp4,4,525,35,custom_dataset\processed\VID_15\004\frame_0035.jpg
VID_15,VID_15.mp4,4,540,36,custom_dataset\processed\VID_15\004\frame_0036.jpg
VID_15,VID_15.mp4,4,555,37,custom_dataset\processed\VID_15\004\frame_0037.jpg
VID_15,VID_15.mp4,4,570,38,custom_dataset\processed\VID_15\004\frame_0038.jpg
VID_15,VID_15.mp4,4,585,39,custom_dataset\processed\VID_15\004\frame_0039.jpg
VID_15,VID_15.mp4,4,600,40,custom_dataset\processed\VID_15\004\frame_0040.jpg
VID_15,VID_15.mp4,5,0,0,custom_dataset\processed\VID_15\005\frame_0000.jpg
VID_15,VID_15.mp4,5,15,1,custom_dataset\processed\VID_15\005\frame_0001.jpg
VID_15,VID_15.mp4,5,30,2,custom_dataset\processed\VID_15\005\frame_0002.jpg
VID_15,VID_15.mp4,5,45,3,custom_dataset\processed\VID_15\005\frame_0003.jpg
VID_15,VID_15.mp4,5,60,4,custom_dataset\processed\VID_15\005\frame_0004.jpg
VID_15,VID_15.mp4,5,75,5,custom_dataset\processed\VID_15\005\frame_0005.jpg
VID_15,VID_15.mp4,5,90,6,custom_dataset\processed\VID_15\005\frame_0006.jpg
VID_15,VID_15.mp4,5,105,7,custom_dataset\processed\VID_15\005\frame_0007.jpg
VID_15,VID_15.mp4,5,120,8,custom_dataset\processed\VID_15\005\frame_0008.jpg
VID_15,VID_15.mp4,5,135,9,custom_dataset\processed\VID_15\005\frame_0009.jpg
VID_15,VID_15.mp4,5,150,10,custom_dataset\processed\VID_15\005\frame_0010.jpg
VID_15,VID_15.mp4,5,165,11,custom_dataset\processed\VID_15\005\frame_0011.jpg
VID_15,VID_15.mp4,5,180,12,custom_dataset\processed\VID_15\005\frame_0012.jpg
VID_15,VID_15.mp4,5,195,13,custom_dataset\processed\VID_15\005\frame_0013.jpg
VID_15,VID_15.mp4,5,210,14,custom_dataset\processed\VID_15\005\frame_0014.jpg
VID_15,VID_15.mp4,5,225,15,custom_dataset\processed\VID_15\005\frame_0015.jpg
VID_15,VID_15.mp4,5,240,16,custom_dataset\processed\VID_15\005\frame_0016.jpg
VID_15,VID_15.mp4,5,255,17,custom_dataset\processed\VID_15\005\frame_0017.jpg
VID_15,VID_15.mp4,5,270,18,custom_dataset\processed\VID_15\005\frame_0018.jpg
VID_15,VID_15.mp4,5,285,19,custom_dataset\processed\VID_15\005\frame_0019.jpg
VID_15,VID_15.mp4,5,300,20,custom_dataset\processed\VID_15\005\frame_0020.jpg
VID_15,VID_15.mp4,5,315,21,custom_dataset\processed\VID_15\005\frame_0021.jpg
VID_15,VID_15.mp4,5,330,22,custom_dataset\processed\VID_15\005\frame_0022.jpg
VID_15,VID_15.mp4,5,345,23,custom_dataset\processed\VID_15\005\frame_0023.jpg
VID_15,VID_15.mp4,5,360,24,custom_dataset\processed\VID_15\005\frame_0024.jpg
VID_15,VID_15.mp4,5,420,28,custom_dataset\processed\VID_15\005\frame_0028.jpg
VID_15,VID_15.mp4,5,435,29,custom_dataset\processed\VID_15\005\frame_0029.jpg
VID_15,VID_15.mp4,5,450,30,custom_dataset\processed\VID_15\005\frame_0030.jpg
VID_15,VID_15.mp4,5,465,31,custom_dataset\processed\VID_15\005\frame_0031.jpg
VID_15,VID_15.mp4,5,480,32,custom_dataset\processed\VID_15\005\frame_0032.jpg
VID_15,VID_15.mp4,5,495,33,custom_dataset\processed\VID_15\005\frame_0033.jpg
VID_15,VID_15.mp4,5,510,34,custom_dataset\processed\VID_15\005\frame_0034.jpg
VID_15,VID_15.mp4,5,525,35,custom_dataset\processed\VID_15\005\frame_0035.jpg
VID_15,VID_15.mp4,5,540,36,custom_dataset\processed\VID_15\005\frame_0036.jpg
VID_15,VID_15.mp4,5,555,37,custom_dataset\processed\VID_15\005\frame_0037.jpg
VID_15,VID_15.mp4,5,570,38,custom_dataset\processed\VID_15\005\frame_0038.jpg
VID_15,VID_15.mp4,5,585,39,custom_dataset\processed\VID_15\005\frame_0039.jpg
VID_15,VID_15.mp4,5,600,40,custom_dataset\processed\VID_15\005\frame_0040.jpg
VID_15,VID_15.mp4,6,0,0,custom_dataset\processed\VID_15\006\frame_0000.jpg
VID_15,VID_15.mp4,6,15,1,custom_dataset\processed\VID_15\006\frame_0001.jpg
VID_15,VID_15.mp4,6,30,2,custom_dataset\processed\VID_15\006\frame_0002.jpg
VID_15,VID_15.mp4,6,45,3,custom_dataset\processed\VID_15\006\frame_0003.jpg
VID_15,VID_15.mp4,6,60,4,custom_dataset\processed\VID_15\006\frame_0004.jpg
VID_15,VID_15.mp4,6,75,5,custom_dataset\processed\VID_15\006\frame_0005.jpg
VID_15,VID_15.mp4,6,90,6,custom_dataset\processed\VID_15\006\frame_0006.jpg
VID_15,VID_15.mp4,6,105,7,custom_dataset\processed\VID_15\006\frame_0007.jpg
VID_15,VID_15.mp4,6,120,8,custom_dataset\processed\VID_15\006\frame_0008.jpg
VID_15,VID_15.mp4,6,135,9,custom_dataset\processed\VID_15\006\frame_0009.jpg
VID_15,VID_15.mp4,7,0,0,custom_dataset\processed\VID_15\007\frame_0000.jpg
VID_15,VID_15.mp4,7,45,3,custom_dataset\processed\VID_15\007\frame_0003.jpg
VID_15,VID_15.mp4,7,60,4,custom_dataset\processed\VID_15\007\frame_0004.jpg
VID_15,VID_15.mp4,7,75,5,custom_dataset\processed\VID_15\007\frame_0005.jpg
VID_15,VID_15.mp4,7,90,6,custom_dataset\processed\VID_15\007\frame_0006.jpg
VID_15,VID_15.mp4,7,135,9,custom_dataset\processed\VID_15\007\frame_0009.jpg
VID_15,VID_15.mp4,7,195,13,custom_dataset\processed\VID_15\007\frame_0013.jpg
VID_15,VID_15.mp4,7,210,14,custom_dataset\processed\VID_15\007\frame_0014.jpg
VID_15,VID_15.mp4,7,225,15,custom_dataset\processed\VID_15\007\frame_0015.jpg
VID_15,VID_15.mp4,7,285,19,custom_dataset\processed\VID_15\007\frame_0019.jpg
VID_15,VID_15.mp4,10,30,2,custom_dataset\processed\VID_15\010\frame_0002.jpg
VID_15,VID_15.mp4,10,45,3,custom_dataset\processed\VID_15\010\frame_0003.jpg
VID_15,VID_15.mp4,10,60,4,custom_dataset\processed\VID_15\010\frame_0004.jpg
VID_15,VID_15.mp4,10,75,5,custom_dataset\processed\VID_15\010\frame_0005.jpg
VID_15,VID_15.mp4,10,90,6,custom_dataset\processed\VID_15\010\frame_0006.jpg
VID_15,VID_15.mp4,10,105,7,custom_dataset\processed\VID_15\010\frame_0007.jpg
VID_15,VID_15.mp4,10,120,8,custom_dataset\processed\VID_15\010\frame_0008.jpg
VID_15,VID_15.mp4,10,135,9,custom_dataset\processed\VID_15\010\frame_0009.jpg
VID_15,VID_15.mp4,10,150,10,custom_dataset\processed\VID_15\010\frame_0010.jpg
VID_15,VID_15.mp4,10,165,11,custom_dataset\processed\VID_15\010\frame_0011.jpg
VID_15,VID_15.mp4,10,180,12,custom_dataset\processed\VID_15\010\frame_0012.jpg
VID_15,VID_15.mp4,10,195,13,custom_dataset\processed\VID_15\010\frame_0013.jpg
VID_15,VID_15.mp4,10,210,14,custom_dataset\processed\VID_15\010\frame_0014.jpg
VID_15,VID_15.mp4,10,225,15,custom_dataset\processed\VID_15\010\frame_0015.jpg
VID_15,VID_15.mp4,10,240,16,custom_dataset\processed\VID_15\010\frame_0016.jpg
VID_15,VID_15.mp4,10,255,17,custom_dataset\processed\VID_15\010\frame_0017.jpg
VID_15,VID_15.mp4,10,270,18,custom_dataset\processed\VID_15\010\frame_0018.jpg
VID_15,VID_15.mp4,10,285,19,custom_dataset\processed\VID_15\010\frame_0019.jpg
VID_15,VID_15.mp4,10,300,20,custom_dataset\processed\VID_15\010\frame_0020.jpg
VID_15,VID_15.mp4,10,315,21,custom_dataset\processed\VID_15\010\frame_0021.jpg
VID_15,VID_15.mp4,10,330,22,custom_dataset\processed\VID_15\010\frame_0022.jpg
VID_15,VID_15.mp4,10,345,23,custom_dataset\processed\VID_15\010\frame_0023.jpg
VID_15,VID_15.mp4,10,360,24,custom_dataset\processed\VID_15\010\frame_0024.jpg
VID_15,VID_15.mp4,10,375,25,custom_dataset\processed\VID_15\010\frame_0025.jpg
VID_15,VID_15.mp4,10,390,26,custom_dataset\processed\VID_15\010\frame_0026.jpg
VID_15,VID_15.mp4,10,405,27,custom_dataset\processed\VID_15\010\frame_0027.jpg
VID_15,VID_15.mp4,10,420,28,custom_dataset\processed\VID_15\010\frame_0028.jpg
VID_15,VID_15.mp4,10,435,29,custom_dataset\processed\VID_15\010\frame_0029.jpg
VID_15,VID_15.mp4,10,450,30,custom_dataset\processed\VID_15\010\frame_0030.jpg
VID_15,VID_15.mp4,10,465,31,custom_dataset\processed\VID_15\010\frame_0031.jpg
VID_15,VID_15.mp4,10,480,32,custom_dataset\processed\VID_15\010\frame_0032.jpg
VID_15,VID_15.mp4,10,495,33,custom_dataset\processed\VID_15\010\frame_0033.jpg
VID_15,VID_15.mp4,10,510,34,custom_dataset\processed\VID_15\010\frame_0034.jpg
VID_15,VID_15.mp4,10,525,35,custom_dataset\processed\VID_15\010\frame_0035.jpg
VID_15,VID_15.mp4,10,540,36,custom_dataset\processed\VID_15\010\frame_0036.jpg
VID_15,VID_15.mp4,10,555,37,custom_dataset\processed\VID_15\010\frame_0037.jpg
VID_15,VID_15.mp4,10,570,38,custom_dataset\processed\VID_15\010\frame_0038.jpg
VID_15,VID_15.mp4,10,600,40,custom_dataset\processed\VID_15\010\frame_0040.jpg
VID_15,VID_15.mp4,12,45,3,custom_dataset\processed\VID_15\012\frame_0003.jpg
VID_15,VID_15.mp4,12,60,4,custom_dataset\processed\VID_15\012\frame_0004.jpg
VID_15,VID_15.mp4,12,75,5,custom_dataset\processed\VID_15\012\frame_0005.jpg
VID_15,VID_15.mp4,12,90,6,custom_dataset\processed\VID_15\012\frame_0006.jpg
VID_15,VID_15.mp4,12,105,7,custom_dataset\processed\VID_15\012\frame_0007.jpg
VID_15,VID_15.mp4,12,120,8,custom_dataset\processed\VID_15\012\frame_0008.jpg
VID_15,VID_15.mp4,12,135,9,custom_dataset\processed\VID_15\012\frame_0009.jpg
VID_15,VID_15.mp4,12,150,10,custom_dataset\processed\VID_15\012\frame_0010.jpg
VID_15,VID_15.mp4,12,165,11,custom_dataset\processed\VID_15\012\frame_0011.jpg
VID_15,VID_15.mp4,12,180,12,custom_dataset\processed\VID_15\012\frame_0012.jpg
VID_15,VID_15.mp4,12,195,13,custom_dataset\processed\VID_15\012\frame_0013.jpg
VID_15,VID_15.mp4,12,210,14,custom_dataset\processed\VID_15\012\frame_0014.jpg
VID_15,VID_15.mp4,12,225,15,custom_dataset\processed\VID_15\012\frame_0015.jpg
VID_15,VID_15.mp4,12,240,16,custom_dataset\processed\VID_15\012\frame_0016.jpg
VID_15,VID_15.mp4,12,255,17,custom_dataset\processed\VID_15\012\frame_0017.jpg
VID_15,VID_15.mp4,12,270,18,custom_dataset\processed\VID_15\012\frame_0018.jpg
VID_15,VID_15.mp4,12,285,19,custom_dataset\processed\VID_15\012\frame_0019.jpg
VID_15,VID_15.mp4,12,300,20,custom_dataset\processed\VID_15\012\frame_0020.jpg
VID_15,VID_15.mp4,12,315,21,custom_dataset\processed\VID_15\012\frame_0021.jpg
VID_15,VID_15.mp4,12,330,22,custom_dataset\processed\VID_15\012\frame_0022.jpg
VID_15,VID_15.mp4,12,345,23,custom_dataset\processed\VID_15\012\frame_0023.jpg
VID_15,VID_15.mp4,12,360,24,custom_dataset\processed\VID_15\012\frame_0024.jpg
VID_15,VID_15.mp4,12,375,25,custom_dataset\processed\VID_15\012\frame_0025.jpg
VID_15,VID_15.mp4,12,390,26,custom_dataset\processed\VID_15\012\frame_0026.jpg
VID_15,VID_15.mp4,12,405,27,custom_dataset\processed\VID_15\012\frame_0027.jpg
VID_15,VID_15.mp4,13,60,4,custom_dataset\processed\VID_15\013\frame_0004.jpg
VID_15,VID_15.mp4,13,75,5,custom_dataset\processed\VID_15\013\frame_0005.jpg
VID_15,VID_15.mp4,13,90,6,custom_dataset\processed\VID_15\013\frame_0006.jpg
VID_15,VID_15.mp4,13,105,7,custom_dataset\processed\VID_15\013\frame_0007.jpg
VID_15,VID_15.mp4,13,120,8,custom_dataset\processed\VID_15\013\frame_0008.jpg
VID_15,VID_15.mp4,13,135,9,custom_dataset\processed\VID_15\013\frame_0009.jpg
VID_15,VID_15.mp4,13,150,10,custom_dataset\processed\VID_15\013\frame_0010.jpg
VID_15,VID_15.mp4,13,165,11,custom_dataset\processed\VID_15\013\frame_0011.jpg
VID_15,VID_15.mp4,13,180,12,custom_dataset\processed\VID_15\013\frame_0012.jpg
VID_15,VID_15.mp4,19,255,17,custom_dataset\processed\VID_15\019\frame_0017.jpg
VID_15,VID_15.mp4,19,270,18,custom_dataset\processed\VID_15\019\frame_0018.jpg
VID_15,VID_15.mp4,19,300,20,custom_dataset\processed\VID_15\019\frame_0020.jpg
VID_15,VID_15.mp4,19,315,21,custom_dataset\processed\VID_15\019\frame_0021.jpg
VID_15,VID_15.mp4,19,330,22,custom_dataset\processed\VID_15\019\frame_0022.jpg
VID_15,VID_15.mp4,19,345,23,custom_dataset\processed\VID_15\019\frame_0023.jpg
VID_15,VID_15.mp4,19,360,24,custom_dataset\processed\VID_15\019\frame_0024.jpg
VID_15,VID_15.mp4,19,375,25,custom_dataset\processed\VID_15\019\frame_0025.jpg
VID_15,VID_15.mp4,19,390,26,custom_dataset\processed\VID_15\019\frame_0026.jpg
VID_15,VID_15.mp4,19,405,27,custom_dataset\processed\VID_15\019\frame_0027.jpg
VID_15,VID_15.mp4,19,420,28,custom_dataset\processed\VID_15\019\frame_0028.jpg
VID_15,VID_15.mp4,19,435,29,custom_dataset\processed\VID_15\019\frame_0029.jpg
VID_15,VID_15.mp4,19,450,30,custom_dataset\processed\VID_15\019\frame_0030.jpg
VID_15,VID_15.mp4,19,465,31,custom_dataset\processed\VID_15\019\frame_0031.jpg
VID_15,VID_15.mp4,19,480,32,custom_dataset\processed\VID_15\019\frame_0032.jpg
VID_15,VID_15.mp4,19,495,33,custom_dataset\processed\VID_15\019\frame_0033.jpg
VID_15,VID_15.mp4,19,510,34,custom_dataset\processed\VID_15\019\frame_0034.jpg
VID_15,VID_15.mp4,19,525,35,custom_dataset\processed\VID_15\019\frame_0035.jpg
VID_15,VID_15.mp4,19,540,36,custom_dataset\processed\VID_15\019\frame_0036.jpg
VID_15,VID_15.mp4,19,555,37,custom_dataset\processed\VID_15\019\frame_0037.jpg
VID_15,VID_15.mp4,21,345,23,custom_dataset\processed\VID_15\021\frame_0023.jpg
VID_15,VID_15.mp4,21,375,25,custom_dataset\processed\VID_15\021\frame_0025.jpg
VID_15,VID_15.mp4,21,390,26,custom_dataset\processed\VID_15\021\frame_0026.jpg
VID_15,VID_15.mp4,21,405,27,custom_dataset\processed\VID_15\021\frame_0027.jpg
VID_15,VID_15.mp4,21,420,28,custom_dataset\processed\VID_15\021\frame_0028.jpg
VID_15,VID_15.mp4,21,435,29,custom_dataset\processed\VID_15\021\frame_0029.jpg
VID_15,VID_15.mp4,21,450,30,custom_dataset\processed\VID_15\021\frame_0030.jpg
VID_15,VID_15.mp4,21,465,31,custom_dataset\processed\VID_15\021\frame_0031.jpg
VID_15,VID_15.mp4,21,480,32,custom_dataset\processed\VID_15\021\frame_0032.jpg
VID_15,VID_15.mp4,21,495,33,custom_dataset\processed\VID_15\021\frame_0033.jpg
VID_15,VID_15.mp4,21,510,34,custom_dataset\processed\VID_15\021\frame_0034.jpg
VID_15,VID_15.mp4,21,525,35,custom_dataset\processed\VID_15\021\frame_0035.jpg
VID_15,VID_15.mp4,21,540,36,custom_dataset\processed\VID_15\021\frame_0036.jpg
VID_15,VID_15.mp4,21,555,37,custom_dataset\processed\VID_15\021\frame_0037.jpg
VID_15,VID_15.mp4,21,570,38,custom_dataset\processed\VID_15\021\frame_0038.jpg
VID_15,VID_15.mp4,21,585,39,custom_dataset\processed\VID_15\021\frame_0039.jpg
VID_15,VID_15.mp4,21,600,40,custom_dataset\processed\VID_15\021\frame_0040.jpg
VID_15,VID_15.mp4,22,345,23,custom_dataset\processed\VID_15\022\frame_0023.jpg
VID_15,VID_15.mp4,22,390,26,custom_dataset\processed\VID_15\022\frame_0026.jpg
VID_15,VID_15.mp4,22,435,29,custom_dataset\processed\VID_15\022\frame_0029.jpg
VID_15,VID_15.mp4,22,450,30,custom_dataset\processed\VID_15\022\frame_0030.jpg
VID_15,VID_15.mp4,22,465,31,custom_dataset\processed\VID_15\022\frame_0031.jpg
VID_15,VID_15.mp4,22,525,35,custom_dataset\processed\VID_15\022\frame_0035.jpg
VID_15,VID_15.mp4,22,540,36,custom_dataset\processed\VID_15\022\frame_0036.jpg
VID_15,VID_15.mp4,22,570,38,custom_dataset\processed\VID_15\022\frame_0038.jpg
VID_15,VID_15.mp4,22,585,39,custom_dataset\processed\VID_15\022\frame_0039.jpg
VID_15,VID_15.mp4,22,600,40,custom_dataset\processed\VID_15\022\frame_0040.jpg
VID_15,VID_15.mp4,23,360,24,custom_dataset\processed\VID_15\023\frame_0024.jpg
VID_15,VID_15.mp4,23,375,25,custom_dataset\processed\VID_15\023\frame_0025.jpg
VID_15,VID_15.mp4,23,405,27,custom_dataset\processed\VID_15\023\frame_0027.jpg
VID_15,VID_15.mp4,23,420,28,custom_dataset\processed\VID_15\023\frame_0028.jpg
VID_15,VID_15.mp4,23,435,29,custom_dataset\processed\VID_15\023\frame_0029.jpg
VID_15,VID_15.mp4,23,450,30,custom_dataset\processed\VID_15\023\frame_0030.jpg
VID_15,VID_15.mp4,23,465,31,custom_dataset\processed\VID_15\023\frame_0031.jpg
VID_15,VID_15.mp4,23,480,32,custom_dataset\processed\VID_15\023\frame_0032.jpg
VID_15,VID_15.mp4,23,525,35,custom_dataset\processed\VID_15\023\frame_0035.jpg
VID_15,VID_15.mp4,23,570,38,custom_dataset\processed\VID_15\023\frame_0038.jpg
VID_15,VID_15.mp4,23,585,39,custom_dataset\processed\VID_15\023\frame_0039.jpg
VID_15,VID_15.mp4,28,480,32,custom_dataset\processed\VID_15\028\frame_0032.jpg
VID_15,VID_15.mp4,28,495,33,custom_dataset\processed\VID_15\028\frame_0033.jpg
VID_15,VID_15.mp4,28,510,34,custom_dataset\processed\VID_15\028\frame_0034.jpg
VID_15,VID_15.mp4,28,525,35,custom_dataset\processed\VID_15\028\frame_0035.jpg
VID_15,VID_15.mp4,28,540,36,custom_dataset\processed\VID_15\028\frame_0036.jpg
VID_15,VID_15.mp4,28,555,37,custom_dataset\processed\VID_15\028\frame_0037.jpg
VID_15,VID_15.mp4,28,570,38,custom_dataset\processed\VID_15\028\frame_0038.jpg
VID_15,VID_15.mp4,28,585,39,custom_dataset\processed\VID_15\028\frame_0039.jpg
VID_15,VID_15.mp4,28,600,40,custom_dataset\processed\VID_15\028\frame_0040.jpg
VID_16,VID_16.mp4,1,0,0,custom_dataset\processed\VID_16\001\frame_0000.jpg
VID_16,VID_16.mp4,1,15,1,custom_dataset\processed\VID_16\001\frame_0001.jpg
VID_16,VID_16.mp4,1,30,2,custom_dataset\processed\VID_16\001\frame_0002.jpg
VID_16,VID_16.mp4,1,45,3,custom_dataset\processed\VID_16\001\frame_0003.jpg
VID_16,VID_16.mp4,1,60,4,custom_dataset\processed\VID_16\001\frame_0004.jpg
VID_16,VID_16.mp4,1,75,5,custom_dataset\processed\VID_16\001\frame_0005.jpg
VID_16,VID_16.mp4,1,90,6,custom_dataset\processed\VID_16\001\frame_0006.jpg
VID_16,VID_16.mp4,1,105,7,custom_dataset\processed\VID_16\001\frame_0007.jpg
VID_16,VID_16.mp4,1,120,8,custom_dataset\processed\VID_16\001\frame_0008.jpg
VID_16,VID_16.mp4,1,135,9,custom_dataset\processed\VID_16\001\frame_0009.jpg
VID_16,VID_16.mp4,1,150,10,custom_dataset\processed\VID_16\001\frame_0010.jpg
VID_16,VID_16.mp4,1,165,11,custom_dataset\processed\VID_16\001\frame_0011.jpg
VID_16,VID_16.mp4,1,180,12,custom_dataset\processed\VID_16\001\frame_0012.jpg
VID_16,VID_16.mp4,1,195,13,custom_dataset\processed\VID_16\001\frame_0013.jpg
VID_16,VID_16.mp4,1,210,14,custom_dataset\processed\VID_16\001\frame_0014.jpg
VID_16,VID_16.mp4,1,225,15,custom_dataset\processed\VID_16\001\frame_0015.jpg
VID_16,VID_16.mp4,1,240,16,custom_dataset\processed\VID_16\001\frame_0016.jpg
VID_16,VID_16.mp4,1,255,17,custom_dataset\processed\VID_16\001\frame_0017.jpg
VID_16,VID_16.mp4,1,270,18,custom_dataset\processed\VID_16\001\frame_0018.jpg
VID_16,VID_16.mp4,1,285,19,custom_dataset\processed\VID_16\001\frame_0019.jpg
VID_16,VID_16.mp4,1,300,20,custom_dataset\processed\VID_16\001\frame_0020.jpg
VID_16,VID_16.mp4,1,315,21,custom_dataset\processed\VID_16\001\frame_0021.jpg
VID_16,VID_16.mp4,1,330,22,custom_dataset\processed\VID_16\001\frame_0022.jpg
VID_16,VID_16.mp4,1,345,23,custom_dataset\processed\VID_16\001\frame_0023.jpg
VID_16,VID_16.mp4,1,360,24,custom_dataset\processed\VID_16\001\frame_0024.jpg
VID_16,VID_16.mp4,1,375,25,custom_dataset\processed\VID_16\001\frame_0025.jpg
VID_16,VID_16.mp4,1,390,26,custom_dataset\processed\VID_16\001\frame_0026.jpg
VID_16,VID_16.mp4,1,405,27,custom_dataset\processed\VID_16\001\frame_0027.jpg
VID_16,VID_16.mp4,1,420,28,custom_dataset\processed\VID_16\001\frame_0028.jpg
VID_16,VID_16.mp4,1,435,29,custom_dataset\processed\VID_16\001\frame_0029.jpg
VID_16,VID_16.mp4,1,450,30,custom_dataset\processed\VID_16\001\frame_0030.jpg
VID_16,VID_16.mp4,1,465,31,custom_dataset\processed\VID_16\001\frame_0031.jpg
VID_16,VID_16.mp4,1,480,32,custom_dataset\processed\VID_16\001\frame_0032.jpg
VID_16,VID_16.mp4,1,495,33,custom_dataset\processed\VID_16\001\frame_0033.jpg
VID_16,VID_16.mp4,1,510,34,custom_dataset\processed\VID_16\001\frame_0034.jpg
VID_16,VID_16.mp4,1,525,35,custom_dataset\processed\VID_16\001\frame_0035.jpg
VID_16,VID_16.mp4,1,540,36,custom_dataset\processed\VID_16\001\frame_0036.jpg
VID_16,VID_16.mp4,1,555,37,custom_dataset\processed\VID_16\001\frame_0037.jpg
VID_16,VID_16.mp4,1,570,38,custom_dataset\processed\VID_16\001\frame_0038.jpg
VID_16,VID_16.mp4,1,585,39,custom_dataset\processed\VID_16\001\frame_0039.jpg
VID_16,VID_16.mp4,1,600,40,custom_dataset\processed\VID_16\001\frame_0040.jpg
VID_16,VID_16.mp4,1,615,41,custom_dataset\processed\VID_16\001\frame_0041.jpg
VID_16,VID_16.mp4,2,0,0,custom_dataset\processed\VID_16\002\frame_0000.jpg
VID_16,VID_16.mp4,2,15,1,custom_dataset\processed\VID_16\002\frame_0001.jpg
VID_16,VID_16.mp4,2,30,2,custom_dataset\processed\VID_16\002\frame_0002.jpg
VID_16,VID_16.mp4,2,45,3,custom_dataset\processed\VID_16\002\frame_0003.jpg
VID_16,VID_16.mp4,2,60,4,custom_dataset\processed\VID_16\002\frame_0004.jpg
VID_16,VID_16.mp4,2,75,5,custom_dataset\processed\VID_16\002\frame_0005.jpg
VID_16,VID_16.mp4,2,90,6,custom_dataset\processed\VID_16\002\frame_0006.jpg
VID_16,VID_16.mp4,2,105,7,custom_dataset\processed\VID_16\002\frame_0007.jpg
VID_16,VID_16.mp4,2,120,8,custom_dataset\processed\VID_16\002\frame_0008.jpg
VID_16,VID_16.mp4,2,135,9,custom_dataset\processed\VID_16\002\frame_0009.jpg
VID_16,VID_16.mp4,2,150,10,custom_dataset\processed\VID_16\002\frame_0010.jpg
VID_16,VID_16.mp4,2,165,11,custom_dataset\processed\VID_16\002\frame_0011.jpg
VID_16,VID_16.mp4,2,180,12,custom_dataset\processed\VID_16\002\frame_0012.jpg
VID_16,VID_16.mp4,2,195,13,custom_dataset\processed\VID_16\002\frame_0013.jpg
VID_16,VID_16.mp4,2,210,14,custom_dataset\processed\VID_16\002\frame_0014.jpg
VID_16,VID_16.mp4,2,225,15,custom_dataset\processed\VID_16\002\frame_0015.jpg
VID_16,VID_16.mp4,2,240,16,custom_dataset\processed\VID_16\002\frame_0016.jpg
VID_16,VID_16.mp4,2,255,17,custom_dataset\processed\VID_16\002\frame_0017.jpg
VID_16,VID_16.mp4,2,270,18,custom_dataset\processed\VID_16\002\frame_0018.jpg
VID_16,VID_16.mp4,2,285,19,custom_dataset\processed\VID_16\002\frame_0019.jpg
VID_16,VID_16.mp4,2,300,20,custom_dataset\processed\VID_16\002\frame_0020.jpg
VID_16,VID_16.mp4,2,315,21,custom_dataset\processed\VID_16\002\frame_0021.jpg
VID_16,VID_16.mp4,2,330,22,custom_dataset\processed\VID_16\002\frame_0022.jpg
VID_16,VID_16.mp4,2,345,23,custom_dataset\processed\VID_16\002\frame_0023.jpg
VID_16,VID_16.mp4,2,360,24,custom_dataset\processed\VID_16\002\frame_0024.jpg
VID_16,VID_16.mp4,2,375,25,custom_dataset\processed\VID_16\002\frame_0025.jpg
VID_16,VID_16.mp4,2,390,26,custom_dataset\processed\VID_16\002\frame_0026.jpg
VID_16,VID_16.mp4,2,405,27,custom_dataset\processed\VID_16\002\frame_0027.jpg
VID_16,VID_16.mp4,2,420,28,custom_dataset\processed\VID_16\002\frame_0028.jpg
VID_16,VID_16.mp4,2,435,29,custom_dataset\processed\VID_16\002\frame_0029.jpg
VID_16,VID_16.mp4,2,450,30,custom_dataset\processed\VID_16\002\frame_0030.jpg
VID_16,VID_16.mp4,2,465,31,custom_dataset\processed\VID_16\002\frame_0031.jpg
VID_16,VID_16.mp4,2,480,32,custom_dataset\processed\VID_16\002\frame_0032.jpg
VID_16,VID_16.mp4,2,495,33,custom_dataset\processed\VID_16\002\frame_0033.jpg
VID_16,VID_16.mp4,2,510,34,custom_dataset\processed\VID_16\002\frame_0034.jpg
VID_16,VID_16.mp4,2,525,35,custom_dataset\processed\VID_16\002\frame_0035.jpg
VID_16,VID_16.mp4,2,540,36,custom_dataset\processed\VID_16\002\frame_0036.jpg
VID_16,VID_16.mp4,2,555,37,custom_dataset\processed\VID_16\002\frame_0037.jpg
VID_16,VID_16.mp4,2,570,38,custom_dataset\processed\VID_16\002\frame_0038.jpg
VID_16,VID_16.mp4,2,585,39,custom_dataset\processed\VID_16\002\frame_0039.jpg
VID_16,VID_16.mp4,2,600,40,custom_dataset\processed\VID_16\002\frame_0040.jpg
VID_16,VID_16.mp4,2,615,41,custom_dataset\processed\VID_16\002\frame_0041.jpg
VID_16,VID_16.mp4,3,0,0,custom_dataset\processed\VID_16\003\frame_0000.jpg
VID_16,VID_16.mp4,3,30,2,custom_dataset\processed\VID_16\003\frame_0002.jpg
VID_16,VID_16.mp4,3,45,3,custom_dataset\processed\VID_16\003\frame_0003.jpg
VID_16,VID_16.mp4,3,60,4,custom_dataset\processed\VID_16\003\frame_0004.jpg
VID_16,VID_16.mp4,3,90,6,custom_dataset\processed\VID_16\003\frame_0006.jpg
VID_16,VID_16.mp4,3,105,7,custom_dataset\processed\VID_16\003\frame_0007.jpg
VID_16,VID_16.mp4,3,120,8,custom_dataset\processed\VID_16\003\frame_0008.jpg
VID_16,VID_16.mp4,3,135,9,custom_dataset\processed\VID_16\003\frame_0009.jpg
VID_16,VID_16.mp4,3,150,10,custom_dataset\processed\VID_16\003\frame_0010.jpg
VID_16,VID_16.mp4,3,165,11,custom_dataset\processed\VID_16\003\frame_0011.jpg
VID_16,VID_16.mp4,3,195,13,custom_dataset\processed\VID_16\003\frame_0013.jpg
VID_16,VID_16.mp4,3,225,15,custom_dataset\processed\VID_16\003\frame_0015.jpg
VID_16,VID_16.mp4,3,255,17,custom_dataset\processed\VID_16\003\frame_0017.jpg
VID_16,VID_16.mp4,3,270,18,custom_dataset\processed\VID_16\003\frame_0018.jpg
VID_16,VID_16.mp4,3,285,19,custom_dataset\processed\VID_16\003\frame_0019.jpg
VID_16,VID_16.mp4,3,300,20,custom_dataset\processed\VID_16\003\frame_0020.jpg
VID_16,VID_16.mp4,3,315,21,custom_dataset\processed\VID_16\003\frame_0021.jpg
VID_16,VID_16.mp4,3,330,22,custom_dataset\processed\VID_16\003\frame_0022.jpg
VID_16,VID_16.mp4,3,345,23,custom_dataset\processed\VID_16\003\frame_0023.jpg
VID_16,VID_16.mp4,3,360,24,custom_dataset\processed\VID_16\003\frame_0024.jpg
VID_16,VID_16.mp4,3,375,25,custom_dataset\processed\VID_16\003\frame_0025.jpg
VID_16,VID_16.mp4,3,390,26,custom_dataset\processed\VID_16\003\frame_0026.jpg
VID_16,VID_16.mp4,3,405,27,custom_dataset\processed\VID_16\003\frame_0027.jpg
VID_16,VID_16.mp4,3,420,28,custom_dataset\processed\VID_16\003\frame_0028.jpg
VID_16,VID_16.mp4,3,435,29,custom_dataset\processed\VID_16\003\frame_0029.jpg
VID_16,VID_16.mp4,3,450,30,custom_dataset\processed\VID_16\003\frame_0030.jpg
VID_16,VID_16.mp4,3,465,31,custom_dataset\processed\VID_16\003\frame_0031.jpg
VID_16,VID_16.mp4,3,480,32,custom_dataset\processed\VID_16\003\frame_0032.jpg
VID_16,VID_16.mp4,3,495,33,custom_dataset\processed\VID_16\003\frame_0033.jpg
VID_16,VID_16.mp4,3,510,34,custom_dataset\processed\VID_16\003\frame_0034.jpg
VID_16,VID_16.mp4,3,525,35,custom_dataset\processed\VID_16\003\frame_0035.jpg
VID_16,VID_16.mp4,3,540,36,custom_dataset\processed\VID_16\003\frame_0036.jpg
VID_16,VID_16.mp4,3,555,37,custom_dataset\processed\VID_16\003\frame_0037.jpg
VID_16,VID_16.mp4,3,570,38,custom_dataset\processed\VID_16\003\frame_0038.jpg
VID_16,VID_16.mp4,3,585,39,custom_dataset\processed\VID_16\003\frame_0039.jpg
VID_16,VID_16.mp4,3,600,40,custom_dataset\processed\VID_16\003\frame_0040.jpg
VID_16,VID_16.mp4,3,615,41,custom_dataset\processed\VID_16\003\frame_0041.jpg
VID_16,VID_16.mp4,4,0,0,custom_dataset\processed\VID_16\004\frame_0000.jpg
VID_16,VID_16.mp4,4,15,1,custom_dataset\processed\VID_16\004\frame_0001.jpg
VID_16,VID_16.mp4,4,30,2,custom_dataset\processed\VID_16\004\frame_0002.jpg
VID_16,VID_16.mp4,4,45,3,custom_dataset\processed\VID_16\004\frame_0003.jpg
VID_16,VID_16.mp4,4,60,4,custom_dataset\processed\VID_16\004\frame_0004.jpg
VID_16,VID_16.mp4,4,75,5,custom_dataset\processed\VID_16\004\frame_0005.jpg
VID_16,VID_16.mp4,4,90,6,custom_dataset\processed\VID_16\004\frame_0006.jpg
VID_16,VID_16.mp4,4,105,7,custom_dataset\processed\VID_16\004\frame_0007.jpg
VID_16,VID_16.mp4,4,120,8,custom_dataset\processed\VID_16\004\frame_0008.jpg
VID_16,VID_16.mp4,4,135,9,custom_dataset\processed\VID_16\004\frame_0009.jpg
VID_16,VID_16.mp4,4,150,10,custom_dataset\processed\VID_16\004\frame_0010.jpg
VID_16,VID_16.mp4,4,165,11,custom_dataset\processed\VID_16\004\frame_0011.jpg
VID_16,VID_16.mp4,4,180,12,custom_dataset\processed\VID_16\004\frame_0012.jpg
VID_16,VID_16.mp4,4,195,13,custom_dataset\processed\VID_16\004\frame_0013.jpg
VID_16,VID_16.mp4,4,210,14,custom_dataset\processed\VID_16\004\frame_0014.jpg
VID_16,VID_16.mp4,4,225,15,custom_dataset\processed\VID_16\004\frame_0015.jpg
VID_16,VID_16.mp4,4,240,16,custom_dataset\processed\VID_16\004\frame_0016.jpg
VID_16,VID_16.mp4,4,255,17,custom_dataset\processed\VID_16\004\frame_0017.jpg
VID_16,VID_16.mp4,4,270,18,custom_dataset\processed\VID_16\004\frame_0018.jpg
VID_16,VID_16.mp4,4,285,19,custom_dataset\processed\VID_16\004\frame_0019.jpg
VID_16,VID_16.mp4,4,300,20,custom_dataset\processed\VID_16\004\frame_0020.jpg
VID_16,VID_16.mp4,4,315,21,custom_dataset\processed\VID_16\004\frame_0021.jpg
VID_16,VID_16.mp4,4,330,22,custom_dataset\processed\VID_16\004\frame_0022.jpg
VID_16,VID_16.mp4,4,345,23,custom_dataset\processed\VID_16\004\frame_0023.jpg
VID_16,VID_16.mp4,4,360,24,custom_dataset\processed\VID_16\004\frame_0024.jpg
VID_16,VID_16.mp4,4,375,25,custom_dataset\processed\VID_16\004\frame_0025.jpg
VID_16,VID_16.mp4,4,390,26,custom_dataset\processed\VID_16\004\frame_0026.jpg
VID_16,VID_16.mp4,4,405,27,custom_dataset\processed\VID_16\004\frame_0027.jpg
VID_16,VID_16.mp4,4,420,28,custom_dataset\processed\VID_16\004\frame_0028.jpg
VID_16,VID_16.mp4,4,435,29,custom_dataset\processed\VID_16\004\frame_0029.jpg
VID_16,VID_16.mp4,4,450,30,custom_dataset\processed\VID_16\004\frame_0030.jpg
VID_16,VID_16.mp4,4,465,31,custom_dataset\processed\VID_16\004\frame_0031.jpg
VID_16,VID_16.mp4,4,480,32,custom_dataset\processed\VID_16\004\frame_0032.jpg
VID_16,VID_16.mp4,4,495,33,custom_dataset\processed\VID_16\004\frame_0033.jpg
VID_16,VID_16.mp4,4,510,34,custom_dataset\processed\VID_16\004\frame_0034.jpg
VID_16,VID_16.mp4,4,525,35,custom_dataset\processed\VID_16\004\frame_0035.jpg
VID_16,VID_16.mp4,4,540,36,custom_dataset\processed\VID_16\004\frame_0036.jpg
VID_16,VID_16.mp4,4,555,37,custom_dataset\processed\VID_16\004\frame_0037.jpg
VID_16,VID_16.mp4,4,570,38,custom_dataset\processed\VID_16\004\frame_0038.jpg
VID_16,VID_16.mp4,4,585,39,custom_dataset\processed\VID_16\004\frame_0039.jpg
VID_16,VID_16.mp4,4,600,40,custom_dataset\processed\VID_16\004\frame_0040.jpg
VID_16,VID_16.mp4,4,615,41,custom_dataset\processed\VID_16\004\frame_0041.jpg
VID_16,VID_16.mp4,5,0,0,custom_dataset\processed\VID_16\005\frame_0000.jpg
VID_16,VID_16.mp4,5,15,1,custom_dataset\processed\VID_16\005\frame_0001.jpg
VID_16,VID_16.mp4,5,30,2,custom_dataset\processed\VID_16\005\frame_0002.jpg
VID_16,VID_16.mp4,5,45,3,custom_dataset\processed\VID_16\005\frame_0003.jpg
VID_16,VID_16.mp4,5,60,4,custom_dataset\processed\VID_16\005\frame_0004.jpg
VID_16,VID_16.mp4,5,75,5,custom_dataset\processed\VID_16\005\frame_0005.jpg
VID_16,VID_16.mp4,5,90,6,custom_dataset\processed\VID_16\005\frame_0006.jpg
VID_16,VID_16.mp4,5,105,7,custom_dataset\processed\VID_16\005\frame_0007.jpg
VID_16,VID_16.mp4,5,120,8,custom_dataset\processed\VID_16\005\frame_0008.jpg
VID_16,VID_16.mp4,5,135,9,custom_dataset\processed\VID_16\005\frame_0009.jpg
VID_16,VID_16.mp4,5,150,10,custom_dataset\processed\VID_16\005\frame_0010.jpg
VID_16,VID_16.mp4,5,165,11,custom_dataset\processed\VID_16\005\frame_0011.jpg
VID_16,VID_16.mp4,5,180,12,custom_dataset\processed\VID_16\005\frame_0012.jpg
VID_16,VID_16.mp4,5,195,13,custom_dataset\processed\VID_16\005\frame_0013.jpg
VID_16,VID_16.mp4,5,210,14,custom_dataset\processed\VID_16\005\frame_0014.jpg
VID_16,VID_16.mp4,5,225,15,custom_dataset\processed\VID_16\005\frame_0015.jpg
VID_16,VID_16.mp4,5,240,16,custom_dataset\processed\VID_16\005\frame_0016.jpg
VID_16,VID_16.mp4,5,255,17,custom_dataset\processed\VID_16\005\frame_0017.jpg
VID_16,VID_16.mp4,5,270,18,custom_dataset\processed\VID_16\005\frame_0018.jpg
VID_16,VID_16.mp4,5,285,19,custom_dataset\processed\VID_16\005\frame_0019.jpg
VID_16,VID_16.mp4,5,300,20,custom_dataset\processed\VID_16\005\frame_0020.jpg
VID_16,VID_16.mp4,5,315,21,custom_dataset\processed\VID_16\005\frame_0021.jpg
VID_16,VID_16.mp4,5,330,22,custom_dataset\processed\VID_16\005\frame_0022.jpg
VID_16,VID_16.mp4,5,345,23,custom_dataset\processed\VID_16\005\frame_0023.jpg
VID_16,VID_16.mp4,5,360,24,custom_dataset\processed\VID_16\005\frame_0024.jpg
VID_16,VID_16.mp4,5,375,25,custom_dataset\processed\VID_16\005\frame_0025.jpg
VID_16,VID_16.mp4,5,390,26,custom_dataset\processed\VID_16\005\frame_0026.jpg
VID_16,VID_16.mp4,5,405,27,custom_dataset\processed\VID_16\005\frame_0027.jpg
VID_16,VID_16.mp4,5,420,28,custom_dataset\processed\VID_16\005\frame_0028.jpg
VID_16,VID_16.mp4,5,435,29,custom_dataset\processed\VID_16\005\frame_0029.jpg
VID_16,VID_16.mp4,5,450,30,custom_dataset\processed\VID_16\005\frame_0030.jpg
VID_16,VID_16.mp4,5,465,31,custom_dataset\processed\VID_16\005\frame_0031.jpg
VID_16,VID_16.mp4,5,480,32,custom_dataset\processed\VID_16\005\frame_0032.jpg
VID_16,VID_16.mp4,5,495,33,custom_dataset\processed\VID_16\005\frame_0033.jpg
VID_16,VID_16.mp4,5,510,34,custom_dataset\processed\VID_16\005\frame_0034.jpg
VID_16,VID_16.mp4,5,525,35,custom_dataset\processed\VID_16\005\frame_0035.jpg
VID_16,VID_16.mp4,5,540,36,custom_dataset\processed\VID_16\005\frame_0036.jpg
VID_16,VID_16.mp4,5,555,37,custom_dataset\processed\VID_16\005\frame_0037.jpg
VID_16,VID_16.mp4,5,570,38,custom_dataset\processed\VID_16\005\frame_0038.jpg
VID_16,VID_16.mp4,5,585,39,custom_dataset\processed\VID_16\005\frame_0039.jpg
VID_16,VID_16.mp4,5,600,40,custom_dataset\processed\VID_16\005\frame_0040.jpg
VID_16,VID_16.mp4,5,615,41,custom_dataset\processed\VID_16\005\frame_0041.jpg
VID_16,VID_16.mp4,6,0,0,custom_dataset\processed\VID_16\006\frame_0000.jpg
VID_16,VID_16.mp4,6,15,1,custom_dataset\processed\VID_16\006\frame_0001.jpg
VID_16,VID_16.mp4,6,30,2,custom_dataset\processed\VID_16\006\frame_0002.jpg
VID_16,VID_16.mp4,6,45,3,custom_dataset\processed\VID_16\006\frame_0003.jpg
VID_16,VID_16.mp4,6,60,4,custom_dataset\processed\VID_16\006\frame_0004.jpg
VID_16,VID_16.mp4,6,75,5,custom_dataset\processed\VID_16\006\frame_0005.jpg
VID_16,VID_16.mp4,6,90,6,custom_dataset\processed\VID_16\006\frame_0006.jpg
VID_16,VID_16.mp4,6,105,7,custom_dataset\processed\VID_16\006\frame_0007.jpg
VID_16,VID_16.mp4,6,120,8,custom_dataset\processed\VID_16\006\frame_0008.jpg
VID_16,VID_16.mp4,6,135,9,custom_dataset\processed\VID_16\006\frame_0009.jpg
VID_16,VID_16.mp4,6,150,10,custom_dataset\processed\VID_16\006\frame_0010.jpg
VID_16,VID_16.mp4,6,165,11,custom_dataset\processed\VID_16\006\frame_0011.jpg
VID_16,VID_16.mp4,6,180,12,custom_dataset\processed\VID_16\006\frame_0012.jpg
VID_16,VID_16.mp4,6,195,13,custom_dataset\processed\VID_16\006\frame_0013.jpg
VID_16,VID_16.mp4,6,210,14,custom_dataset\processed\VID_16\006\frame_0014.jpg
VID_16,VID_16.mp4,6,225,15,custom_dataset\processed\VID_16\006\frame_0015.jpg
VID_16,VID_16.mp4,6,240,16,custom_dataset\processed\VID_16\006\frame_0016.jpg
VID_16,VID_16.mp4,6,255,17,custom_dataset\processed\VID_16\006\frame_0017.jpg
VID_16,VID_16.mp4,6,270,18,custom_dataset\processed\VID_16\006\frame_0018.jpg
VID_16,VID_16.mp4,6,285,19,custom_dataset\processed\VID_16\006\frame_0019.jpg
VID_16,VID_16.mp4,6,300,20,custom_dataset\processed\VID_16\006\frame_0020.jpg
VID_16,VID_16.mp4,6,315,21,custom_dataset\processed\VID_16\006\frame_0021.jpg
VID_16,VID_16.mp4,6,330,22,custom_dataset\processed\VID_16\006\frame_0022.jpg
VID_16,VID_16.mp4,6,345,23,custom_dataset\processed\VID_16\006\frame_0023.jpg
VID_16,VID_16.mp4,6,360,24,custom_dataset\processed\VID_16\006\frame_0024.jpg
VID_16,VID_16.mp4,6,375,25,custom_dataset\processed\VID_16\006\frame_0025.jpg
VID_16,VID_16.mp4,6,390,26,custom_dataset\processed\VID_16\006\frame_0026.jpg
VID_16,VID_16.mp4,6,405,27,custom_dataset\processed\VID_16\006\frame_0027.jpg
VID_16,VID_16.mp4,6,420,28,custom_dataset\processed\VID_16\006\frame_0028.jpg
VID_16,VID_16.mp4,6,435,29,custom_dataset\processed\VID_16\006\frame_0029.jpg
VID_16,VID_16.mp4,6,450,30,custom_dataset\processed\VID_16\006\frame_0030.jpg
VID_16,VID_16.mp4,6,465,31,custom_dataset\processed\VID_16\006\frame_0031.jpg
VID_16,VID_16.mp4,6,480,32,custom_dataset\processed\VID_16\006\frame_0032.jpg
VID_16,VID_16.mp4,6,495,33,custom_dataset\processed\VID_16\006\frame_0033.jpg
VID_16,VID_16.mp4,6,510,34,custom_dataset\processed\VID_16\006\frame_0034.jpg
VID_16,VID_16.mp4,6,525,35,custom_dataset\processed\VID_16\006\frame_0035.jpg
VID_16,VID_16.mp4,6,540,36,custom_dataset\processed\VID_16\006\frame_0036.jpg
VID_16,VID_16.mp4,6,555,37,custom_dataset\processed\VID_16\006\frame_0037.jpg
VID_16,VID_16.mp4,6,570,38,custom_dataset\processed\VID_16\006\frame_0038.jpg
VID_16,VID_16.mp4,6,585,39,custom_dataset\processed\VID_16\006\frame_0039.jpg
VID_16,VID_16.mp4,6,600,40,custom_dataset\processed\VID_16\006\frame_0040.jpg
VID_16,VID_16.mp4,6,615,41,custom_dataset\processed\VID_16\006\frame_0041.jpg
VID_16,VID_16.mp4,7,0,0,custom_dataset\processed\VID_16\007\frame_0000.jpg
VID_16,VID_16.mp4,7,15,1,custom_dataset\processed\VID_16\007\frame_0001.jpg
VID_16,VID_16.mp4,7,30,2,custom_dataset\processed\VID_16\007\frame_0002.jpg
VID_16,VID_16.mp4,7,45,3,custom_dataset\processed\VID_16\007\frame_0003.jpg
VID_16,VID_16.mp4,7,60,4,custom_dataset\processed\VID_16\007\frame_0004.jpg
VID_16,VID_16.mp4,7,75,5,custom_dataset\processed\VID_16\007\frame_0005.jpg
VID_16,VID_16.mp4,7,90,6,custom_dataset\processed\VID_16\007\frame_0006.jpg
VID_16,VID_16.mp4,7,105,7,custom_dataset\processed\VID_16\007\frame_0007.jpg
VID_16,VID_16.mp4,7,120,8,custom_dataset\processed\VID_16\007\frame_0008.jpg
VID_16,VID_16.mp4,7,135,9,custom_dataset\processed\VID_16\007\frame_0009.jpg
VID_16,VID_16.mp4,7,150,10,custom_dataset\processed\VID_16\007\frame_0010.jpg
VID_16,VID_16.mp4,7,165,11,custom_dataset\processed\VID_16\007\frame_0011.jpg
VID_16,VID_16.mp4,7,180,12,custom_dataset\processed\VID_16\007\frame_0012.jpg
VID_16,VID_16.mp4,7,195,13,custom_dataset\processed\VID_16\007\frame_0013.jpg
VID_16,VID_16.mp4,7,210,14,custom_dataset\processed\VID_16\007\frame_0014.jpg
VID_16,VID_16.mp4,7,225,15,custom_dataset\processed\VID_16\007\frame_0015.jpg
VID_16,VID_16.mp4,7,240,16,custom_dataset\processed\VID_16\007\frame_0016.jpg
VID_16,VID_16.mp4,7,255,17,custom_dataset\processed\VID_16\007\frame_0017.jpg
VID_16,VID_16.mp4,7,270,18,custom_dataset\processed\VID_16\007\frame_0018.jpg
VID_16,VID_16.mp4,7,285,19,custom_dataset\processed\VID_16\007\frame_0019.jpg
VID_16,VID_16.mp4,7,300,20,custom_dataset\processed\VID_16\007\frame_0020.jpg
VID_16,VID_16.mp4,7,315,21,custom_dataset\processed\VID_16\007\frame_0021.jpg
VID_16,VID_16.mp4,7,330,22,custom_dataset\processed\VID_16\007\frame_0022.jpg
VID_16,VID_16.mp4,7,345,23,custom_dataset\processed\VID_16\007\frame_0023.jpg
VID_16,VID_16.mp4,7,360,24,custom_dataset\processed\VID_16\007\frame_0024.jpg
VID_16,VID_16.mp4,7,375,25,custom_dataset\processed\VID_16\007\frame_0025.jpg
VID_16,VID_16.mp4,7,390,26,custom_dataset\processed\VID_16\007\frame_0026.jpg
VID_16,VID_16.mp4,7,405,27,custom_dataset\processed\VID_16\007\frame_0027.jpg
VID_16,VID_16.mp4,7,420,28,custom_dataset\processed\VID_16\007\frame_0028.jpg
VID_16,VID_16.mp4,7,435,29,custom_dataset\processed\VID_16\007\frame_0029.jpg
VID_16,VID_16.mp4,7,450,30,custom_dataset\processed\VID_16\007\frame_0030.jpg
VID_16,VID_16.mp4,7,465,31,custom_dataset\processed\VID_16\007\frame_0031.jpg
VID_16,VID_16.mp4,7,480,32,custom_dataset\processed\VID_16\007\frame_0032.jpg
VID_16,VID_16.mp4,7,495,33,custom_dataset\processed\VID_16\007\frame_0033.jpg
VID_16,VID_16.mp4,7,510,34,custom_dataset\processed\VID_16\007\frame_0034.jpg
VID_16,VID_16.mp4,7,525,35,custom_dataset\processed\VID_16\007\frame_0035.jpg
VID_16,VID_16.mp4,7,540,36,custom_dataset\processed\VID_16\007\frame_0036.jpg
VID_16,VID_16.mp4,7,555,37,custom_dataset\processed\VID_16\007\frame_0037.jpg
VID_16,VID_16.mp4,7,570,38,custom_dataset\processed\VID_16\007\frame_0038.jpg
VID_16,VID_16.mp4,7,585,39,custom_dataset\processed\VID_16\007\frame_0039.jpg
VID_16,VID_16.mp4,7,600,40,custom_dataset\processed\VID_16\007\frame_0040.jpg
VID_16,VID_16.mp4,7,615,41,custom_dataset\processed\VID_16\007\frame_0041.jpg
VID_16,VID_16.mp4,8,0,0,custom_dataset\processed\VID_16\008\frame_0000.jpg
VID_16,VID_16.mp4,8,15,1,custom_dataset\processed\VID_16\008\frame_0001.jpg
VID_16,VID_16.mp4,8,30,2,custom_dataset\processed\VID_16\008\frame_0002.jpg
VID_16,VID_16.mp4,8,45,3,custom_dataset\processed\VID_16\008\frame_0003.jpg
VID_16,VID_16.mp4,8,60,4,custom_dataset\processed\VID_16\008\frame_0004.jpg
VID_16,VID_16.mp4,8,75,5,custom_dataset\processed\VID_16\008\frame_0005.jpg
VID_16,VID_16.mp4,8,90,6,custom_dataset\processed\VID_16\008\frame_0006.jpg
VID_16,VID_16.mp4,8,105,7,custom_dataset\processed\VID_16\008\frame_0007.jpg
VID_16,VID_16.mp4,8,120,8,custom_dataset\processed\VID_16\008\frame_0008.jpg
VID_16,VID_16.mp4,8,135,9,custom_dataset\processed\VID_16\008\frame_0009.jpg
VID_16,VID_16.mp4,8,150,10,custom_dataset\processed\VID_16\008\frame_0010.jpg
VID_16,VID_16.mp4,8,165,11,custom_dataset\processed\VID_16\008\frame_0011.jpg
VID_16,VID_16.mp4,8,180,12,custom_dataset\processed\VID_16\008\frame_0012.jpg
VID_16,VID_16.mp4,8,195,13,custom_dataset\processed\VID_16\008\frame_0013.jpg
VID_16,VID_16.mp4,8,210,14,custom_dataset\processed\VID_16\008\frame_0014.jpg
VID_16,VID_16.mp4,8,225,15,custom_dataset\processed\VID_16\008\frame_0015.jpg
VID_16,VID_16.mp4,8,240,16,custom_dataset\processed\VID_16\008\frame_0016.jpg
VID_16,VID_16.mp4,8,255,17,custom_dataset\processed\VID_16\008\frame_0017.jpg
VID_16,VID_16.mp4,8,270,18,custom_dataset\processed\VID_16\008\frame_0018.jpg
VID_16,VID_16.mp4,8,285,19,custom_dataset\processed\VID_16\008\frame_0019.jpg
VID_16,VID_16.mp4,8,300,20,custom_dataset\processed\VID_16\008\frame_0020.jpg
VID_16,VID_16.mp4,8,315,21,custom_dataset\processed\VID_16\008\frame_0021.jpg
VID_16,VID_16.mp4,8,360,24,custom_dataset\processed\VID_16\008\frame_0024.jpg
VID_16,VID_16.mp4,9,0,0,custom_dataset\processed\VID_16\009\frame_0000.jpg
VID_16,VID_16.mp4,9,15,1,custom_dataset\processed\VID_16\009\frame_0001.jpg
VID_16,VID_16.mp4,9,30,2,custom_dataset\processed\VID_16\009\frame_0002.jpg
VID_16,VID_16.mp4,9,45,3,custom_dataset\processed\VID_16\009\frame_0003.jpg
VID_16,VID_16.mp4,9,60,4,custom_dataset\processed\VID_16\009\frame_0004.jpg
VID_16,VID_16.mp4,9,75,5,custom_dataset\processed\VID_16\009\frame_0005.jpg
VID_16,VID_16.mp4,9,90,6,custom_dataset\processed\VID_16\009\frame_0006.jpg
VID_16,VID_16.mp4,9,105,7,custom_dataset\processed\VID_16\009\frame_0007.jpg
VID_16,VID_16.mp4,9,120,8,custom_dataset\processed\VID_16\009\frame_0008.jpg
VID_16,VID_16.mp4,9,135,9,custom_dataset\processed\VID_16\009\frame_0009.jpg
VID_16,VID_16.mp4,9,150,10,custom_dataset\processed\VID_16\009\frame_0010.jpg
VID_16,VID_16.mp4,9,165,11,custom_dataset\processed\VID_16\009\frame_0011.jpg
VID_16,VID_16.mp4,9,180,12,custom_dataset\processed\VID_16\009\frame_0012.jpg
VID_16,VID_16.mp4,9,195,13,custom_dataset\processed\VID_16\009\frame_0013.jpg
VID_16,VID_16.mp4,9,210,14,custom_dataset\processed\VID_16\009\frame_0014.jpg
VID_16,VID_16.mp4,9,225,15,custom_dataset\processed\VID_16\009\frame_0015.jpg
VID_16,VID_16.mp4,9,240,16,custom_dataset\processed\VID_16\009\frame_0016.jpg
VID_16,VID_16.mp4,9,255,17,custom_dataset\processed\VID_16\009\frame_0017.jpg
VID_16,VID_16.mp4,9,270,18,custom_dataset\processed\VID_16\009\frame_0018.jpg
VID_16,VID_16.mp4,9,285,19,custom_dataset\processed\VID_16\009\frame_0019.jpg
VID_16,VID_16.mp4,9,300,20,custom_dataset\processed\VID_16\009\frame_0020.jpg
VID_16,VID_16.mp4,9,315,21,custom_dataset\processed\VID_16\009\frame_0021.jpg
VID_16,VID_16.mp4,9,330,22,custom_dataset\processed\VID_16\009\frame_0022.jpg
VID_16,VID_16.mp4,9,345,23,custom_dataset\processed\VID_16\009\frame_0023.jpg
VID_16,VID_16.mp4,9,360,24,custom_dataset\processed\VID_16\009\frame_0024.jpg
VID_16,VID_16.mp4,9,375,25,custom_dataset\processed\VID_16\009\frame_0025.jpg
VID_16,VID_16.mp4,9,390,26,custom_dataset\processed\VID_16\009\frame_0026.jpg
VID_16,VID_16.mp4,9,405,27,custom_dataset\processed\VID_16\009\frame_0027.jpg
VID_16,VID_16.mp4,9,420,28,custom_dataset\processed\VID_16\009\frame_0028.jpg
VID_16,VID_16.mp4,9,435,29,custom_dataset\processed\VID_16\009\frame_0029.jpg
VID_16,VID_16.mp4,9,450,30,custom_dataset\processed\VID_16\009\frame_0030.jpg
VID_16,VID_16.mp4,9,465,31,custom_dataset\processed\VID_16\009\frame_0031.jpg
VID_16,VID_16.mp4,9,480,32,custom_dataset\processed\VID_16\009\frame_0032.jpg
VID_16,VID_16.mp4,9,495,33,custom_dataset\processed\VID_16\009\frame_0033.jpg
VID_16,VID_16.mp4,9,510,34,custom_dataset\processed\VID_16\009\frame_0034.jpg
VID_16,VID_16.mp4,9,525,35,custom_dataset\processed\VID_16\009\frame_0035.jpg
VID_16,VID_16.mp4,9,540,36,custom_dataset\processed\VID_16\009\frame_0036.jpg
VID_16,VID_16.mp4,9,555,37,custom_dataset\processed\VID_16\009\frame_0037.jpg
VID_16,VID_16.mp4,9,570,38,custom_dataset\processed\VID_16\009\frame_0038.jpg
VID_16,VID_16.mp4,9,585,39,custom_dataset\processed\VID_16\009\frame_0039.jpg
VID_16,VID_16.mp4,9,600,40,custom_dataset\processed\VID_16\009\frame_0040.jpg
VID_16,VID_16.mp4,11,0,0,custom_dataset\processed\VID_16\011\frame_0000.jpg
VID_16,VID_16.mp4,11,0,0,custom_dataset\processed\VID_16\011\frame_0000.jpg
VID_16,VID_16.mp4,11,15,1,custom_dataset\processed\VID_16\011\frame_0001.jpg
VID_16,VID_16.mp4,11,30,2,custom_dataset\processed\VID_16\011\frame_0002.jpg
VID_16,VID_16.mp4,11,45,3,custom_dataset\processed\VID_16\011\frame_0003.jpg
VID_16,VID_16.mp4,11,60,4,custom_dataset\processed\VID_16\011\frame_0004.jpg
VID_16,VID_16.mp4,11,75,5,custom_dataset\processed\VID_16\011\frame_0005.jpg
VID_16,VID_16.mp4,11,90,6,custom_dataset\processed\VID_16\011\frame_0006.jpg
VID_16,VID_16.mp4,11,105,7,custom_dataset\processed\VID_16\011\frame_0007.jpg
VID_16,VID_16.mp4,11,135,9,custom_dataset\processed\VID_16\011\frame_0009.jpg
VID_16,VID_16.mp4,11,150,10,custom_dataset\processed\VID_16\011\frame_0010.jpg
VID_16,VID_16.mp4,11,165,11,custom_dataset\processed\VID_16\011\frame_0011.jpg
VID_16,VID_16.mp4,11,180,12,custom_dataset\processed\VID_16\011\frame_0012.jpg
VID_16,VID_16.mp4,11,195,13,custom_dataset\processed\VID_16\011\frame_0013.jpg
VID_16,VID_16.mp4,13,30,2,custom_dataset\processed\VID_16\013\frame_0002.jpg
VID_16,VID_16.mp4,13,60,4,custom_dataset\processed\VID_16\013\frame_0004.jpg
VID_16,VID_16.mp4,13,75,5,custom_dataset\processed\VID_16\013\frame_0005.jpg
VID_16,VID_16.mp4,13,90,6,custom_dataset\processed\VID_16\013\frame_0006.jpg
VID_16,VID_16.mp4,13,105,7,custom_dataset\processed\VID_16\013\frame_0007.jpg
VID_16,VID_16.mp4,13,120,8,custom_dataset\processed\VID_16\013\frame_0008.jpg
VID_16,VID_16.mp4,13,135,9,custom_dataset\processed\VID_16\013\frame_0009.jpg
VID_16,VID_16.mp4,13,150,10,custom_dataset\processed\VID_16\013\frame_0010.jpg
VID_16,VID_16.mp4,13,165,11,custom_dataset\processed\VID_16\013\frame_0011.jpg
VID_16,VID_16.mp4,13,180,12,custom_dataset\processed\VID_16\013\frame_0012.jpg
VID_16,VID_16.mp4,13,195,13,custom_dataset\processed\VID_16\013\frame_0013.jpg
VID_16,VID_16.mp4,13,210,14,custom_dataset\processed\VID_16\013\frame_0014.jpg
VID_16,VID_16.mp4,13,225,15,custom_dataset\processed\VID_16\013\frame_0015.jpg
VID_16,VID_16.mp4,13,240,16,custom_dataset\processed\VID_16\013\frame_0016.jpg
VID_16,VID_16.mp4,13,255,17,custom_dataset\processed\VID_16\013\frame_0017.jpg
VID_16,VID_16.mp4,13,270,18,custom_dataset\processed\VID_16\013\frame_0018.jpg
VID_16,VID_16.mp4,13,285,19,custom_dataset\processed\VID_16\013\frame_0019.jpg
VID_16,VID_16.mp4,13,300,20,custom_dataset\processed\VID_16\013\frame_0020.jpg
VID_16,VID_16.mp4,13,330,22,custom_dataset\processed\VID_16\013\frame_0022.jpg
VID_16,VID_16.mp4,13,345,23,custom_dataset\processed\VID_16\013\frame_0023.jpg
VID_16,VID_16.mp4,13,360,24,custom_dataset\processed\VID_16\013\frame_0024.jpg
VID_16,VID_16.mp4,13,375,25,custom_dataset\processed\VID_16\013\frame_0025.jpg
VID_16,VID_16.mp4,13,390,26,custom_dataset\processed\VID_16\013\frame_0026.jpg
VID_16,VID_16.mp4,13,405,27,custom_dataset\processed\VID_16\013\frame_0027.jpg
VID_16,VID_16.mp4,13,420,28,custom_dataset\processed\VID_16\013\frame_0028.jpg
VID_16,VID_16.mp4,13,435,29,custom_dataset\processed\VID_16\013\frame_0029.jpg
VID_16,VID_16.mp4,13,450,30,custom_dataset\processed\VID_16\013\frame_0030.jpg
VID_16,VID_16.mp4,13,465,31,custom_dataset\processed\VID_16\013\frame_0031.jpg
VID_16,VID_16.mp4,13,480,32,custom_dataset\processed\VID_16\013\frame_0032.jpg
VID_16,VID_16.mp4,13,495,33,custom_dataset\processed\VID_16\013\frame_0033.jpg
VID_16,VID_16.mp4,13,510,34,custom_dataset\processed\VID_16\013\frame_0034.jpg
VID_16,VID_16.mp4,13,555,37,custom_dataset\processed\VID_16\013\frame_0037.jpg
VID_16,VID_16.mp4,13,570,38,custom_dataset\processed\VID_16\013\frame_0038.jpg
VID_16,VID_16.mp4,13,600,40,custom_dataset\processed\VID_16\013\frame_0040.jpg
VID_16,VID_16.mp4,13,615,41,custom_dataset\processed\VID_16\013\frame_0041.jpg
VID_16,VID_16.mp4,14,30,2,custom_dataset\processed\VID_16\014\frame_0002.jpg
VID_16,VID_16.mp4,14,75,5,custom_dataset\processed\VID_16\014\frame_0005.jpg
VID_16,VID_16.mp4,14,90,6,custom_dataset\processed\VID_16\014\frame_0006.jpg
VID_16,VID_16.mp4,14,105,7,custom_dataset\processed\VID_16\014\frame_0007.jpg
VID_16,VID_16.mp4,14,120,8,custom_dataset\processed\VID_16\014\frame_0008.jpg
VID_16,VID_16.mp4,14,135,9,custom_dataset\processed\VID_16\014\frame_0009.jpg
VID_16,VID_16.mp4,14,150,10,custom_dataset\processed\VID_16\014\frame_0010.jpg
VID_16,VID_16.mp4,14,165,11,custom_dataset\processed\VID_16\014\frame_0011.jpg
VID_16,VID_16.mp4,14,180,12,custom_dataset\processed\VID_16\014\frame_0012.jpg
VID_16,VID_16.mp4,14,195,13,custom_dataset\processed\VID_16\014\frame_0013.jpg
VID_16,VID_16.mp4,14,210,14,custom_dataset\processed\VID_16\014\frame_0014.jpg
VID_16,VID_16.mp4,14,240,16,custom_dataset\processed\VID_16\014\frame_0016.jpg
VID_16,VID_16.mp4,14,255,17,custom_dataset\processed\VID_16\014\frame_0017.jpg
VID_16,VID_16.mp4,14,270,18,custom_dataset\processed\VID_16\014\frame_0018.jpg
VID_16,VID_16.mp4,14,285,19,custom_dataset\processed\VID_16\014\frame_0019.jpg
VID_16,VID_16.mp4,14,300,20,custom_dataset\processed\VID_16\014\frame_0020.jpg
VID_16,VID_16.mp4,14,315,21,custom_dataset\processed\VID_16\014\frame_0021.jpg
VID_16,VID_16.mp4,14,330,22,custom_dataset\processed\VID_16\014\frame_0022.jpg
VID_16,VID_16.mp4,14,345,23,custom_dataset\processed\VID_16\014\frame_0023.jpg
VID_16,VID_16.mp4,14,405,27,custom_dataset\processed\VID_16\014\frame_0027.jpg
VID_16,VID_16.mp4,14,420,28,custom_dataset\processed\VID_16\014\frame_0028.jpg
VID_16,VID_16.mp4,14,435,29,custom_dataset\processed\VID_16\014\frame_0029.jpg
VID_16,VID_16.mp4,14,450,30,custom_dataset\processed\VID_16\014\frame_0030.jpg
VID_16,VID_16.mp4,16,30,2,custom_dataset\processed\VID_16\016\frame_0002.jpg
VID_16,VID_16.mp4,16,45,3,custom_dataset\processed\VID_16\016\frame_0003.jpg
VID_16,VID_16.mp4,16,60,4,custom_dataset\processed\VID_16\016\frame_0004.jpg
VID_16,VID_16.mp4,16,75,5,custom_dataset\processed\VID_16\016\frame_0005.jpg
VID_16,VID_16.mp4,16,90,6,custom_dataset\processed\VID_16\016\frame_0006.jpg
VID_16,VID_16.mp4,16,105,7,custom_dataset\processed\VID_16\016\frame_0007.jpg
VID_16,VID_16.mp4,16,120,8,custom_dataset\processed\VID_16\016\frame_0008.jpg
VID_16,VID_16.mp4,16,135,9,custom_dataset\processed\VID_16\016\frame_0009.jpg
VID_16,VID_16.mp4,16,150,10,custom_dataset\processed\VID_16\016\frame_0010.jpg
VID_16,VID_16.mp4,16,180,12,custom_dataset\processed\VID_16\016\frame_0012.jpg
VID_16,VID_16.mp4,16,195,13,custom_dataset\processed\VID_16\016\frame_0013.jpg
VID_16,VID_16.mp4,16,210,14,custom_dataset\processed\VID_16\016\frame_0014.jpg
VID_16,VID_16.mp4,22,210,14,custom_dataset\processed\VID_16\022\frame_0014.jpg
VID_16,VID_16.mp4,22,225,15,custom_dataset\processed\VID_16\022\frame_0015.jpg
VID_16,VID_16.mp4,22,240,16,custom_dataset\processed\VID_16\022\frame_0016.jpg
VID_16,VID_16.mp4,22,255,17,custom_dataset\processed\VID_16\022\frame_0017.jpg
VID_16,VID_16.mp4,22,270,18,custom_dataset\processed\VID_16\022\frame_0018.jpg
VID_16,VID_16.mp4,22,285,19,custom_dataset\processed\VID_16\022\frame_0019.jpg
VID_16,VID_16.mp4,22,300,20,custom_dataset\processed\VID_16\022\frame_0020.jpg
VID_16,VID_16.mp4,22,315,21,custom_dataset\processed\VID_16\022\frame_0021.jpg
VID_16,VID_16.mp4,22,360,24,custom_dataset\processed\VID_16\022\frame_0024.jpg
VID_16,VID_16.mp4,22,375,25,custom_dataset\processed\VID_16\022\frame_0025.jpg
VID_16,VID_16.mp4,27,300,20,custom_dataset\processed\VID_16\027\frame_0020.jpg
VID_16,VID_16.mp4,27,345,23,custom_dataset\processed\VID_16\027\frame_0023.jpg
VID_16,VID_16.mp4,27,360,24,custom_dataset\processed\VID_16\027\frame_0024.jpg
VID_16,VID_16.mp4,27,375,25,custom_dataset\processed\VID_16\027\frame_0025.jpg
VID_16,VID_16.mp4,27,390,26,custom_dataset\processed\VID_16\027\frame_0026.jpg
VID_16,VID_16.mp4,27,405,27,custom_dataset\processed\VID_16\027\frame_0027.jpg
VID_16,VID_16.mp4,27,420,28,custom_dataset\processed\VID_16\027\frame_0028.jpg
VID_16,VID_16.mp4,27,435,29,custom_dataset\processed\VID_16\027\frame_0029.jpg
VID_16,VID_16.mp4,27,450,30,custom_dataset\processed\VID_16\027\frame_0030.jpg
VID_16,VID_16.mp4,27,465,31,custom_dataset\processed\VID_16\027\frame_0031.jpg
VID_16,VID_16.mp4,27,480,32,custom_dataset\processed\VID_16\027\frame_0032.jpg
VID_16,VID_16.mp4,27,510,34,custom_dataset\processed\VID_16\027\frame_0034.jpg
VID_16,VID_16.mp4,27,525,35,custom_dataset\processed\VID_16\027\frame_0035.jpg
VID_16,VID_16.mp4,31,450,30,custom_dataset\processed\VID_16\031\frame_0030.jpg
VID_16,VID_16.mp4,31,465,31,custom_dataset\processed\VID_16\031\frame_0031.jpg
VID_16,VID_16.mp4,31,495,33,custom_dataset\processed\VID_16\031\frame_0033.jpg
VID_16,VID_16.mp4,31,510,34,custom_dataset\processed\VID_16\031\frame_0034.jpg
VID_16,VID_16.mp4,31,525,35,custom_dataset\processed\VID_16\031\frame_0035.jpg
VID_16,VID_16.mp4,31,540,36,custom_dataset\processed\VID_16\031\frame_0036.jpg
VID_16,VID_16.mp4,31,570,38,custom_dataset\processed\VID_16\031\frame_0038.jpg
VID_16,VID_16.mp4,31,585,39,custom_dataset\processed\VID_16\031\frame_0039.jpg
VID_16,VID_16.mp4,31,600,40,custom_dataset\processed\VID_16\031\frame_0040.jpg
VID_16,VID_16.mp4,31,615,41,custom_dataset\processed\VID_16\031\frame_0041.jpg
VID_17,VID_17.mp4,1,0,0,custom_dataset\processed\VID_17\001\frame_0000.jpg
VID_17,VID_17.mp4,1,15,1,custom_dataset\processed\VID_17\001\frame_0001.jpg
VID_17,VID_17.mp4,1,30,2,custom_dataset\processed\VID_17\001\frame_0002.jpg
VID_17,VID_17.mp4,1,45,3,custom_dataset\processed\VID_17\001\frame_0003.jpg
VID_17,VID_17.mp4,1,60,4,custom_dataset\processed\VID_17\001\frame_0004.jpg
VID_17,VID_17.mp4,1,75,5,custom_dataset\processed\VID_17\001\frame_0005.jpg
VID_17,VID_17.mp4,1,90,6,custom_dataset\processed\VID_17\001\frame_0006.jpg
VID_17,VID_17.mp4,1,105,7,custom_dataset\processed\VID_17\001\frame_0007.jpg
VID_17,VID_17.mp4,1,120,8,custom_dataset\processed\VID_17\001\frame_0008.jpg
VID_17,VID_17.mp4,1,135,9,custom_dataset\processed\VID_17\001\frame_0009.jpg
VID_17,VID_17.mp4,1,150,10,custom_dataset\processed\VID_17\001\frame_0010.jpg
VID_17,VID_17.mp4,1,165,11,custom_dataset\processed\VID_17\001\frame_0011.jpg
VID_17,VID_17.mp4,1,180,12,custom_dataset\processed\VID_17\001\frame_0012.jpg
VID_17,VID_17.mp4,1,195,13,custom_dataset\processed\VID_17\001\frame_0013.jpg
VID_17,VID_17.mp4,1,210,14,custom_dataset\processed\VID_17\001\frame_0014.jpg
VID_17,VID_17.mp4,1,225,15,custom_dataset\processed\VID_17\001\frame_0015.jpg
VID_17,VID_17.mp4,1,240,16,custom_dataset\processed\VID_17\001\frame_0016.jpg
VID_17,VID_17.mp4,1,255,17,custom_dataset\processed\VID_17\001\frame_0017.jpg
VID_17,VID_17.mp4,1,270,18,custom_dataset\processed\VID_17\001\frame_0018.jpg
VID_17,VID_17.mp4,1,285,19,custom_dataset\processed\VID_17\001\frame_0019.jpg
VID_17,VID_17.mp4,1,300,20,custom_dataset\processed\VID_17\001\frame_0020.jpg
VID_17,VID_17.mp4,1,315,21,custom_dataset\processed\VID_17\001\frame_0021.jpg
VID_17,VID_17.mp4,1,330,22,custom_dataset\processed\VID_17\001\frame_0022.jpg
VID_17,VID_17.mp4,1,345,23,custom_dataset\processed\VID_17\001\frame_0023.jpg
VID_17,VID_17.mp4,1,360,24,custom_dataset\processed\VID_17\001\frame_0024.jpg
VID_17,VID_17.mp4,1,375,25,custom_dataset\processed\VID_17\001\frame_0025.jpg
VID_17,VID_17.mp4,1,390,26,custom_dataset\processed\VID_17\001\frame_0026.jpg
VID_17,VID_17.mp4,1,405,27,custom_dataset\processed\VID_17\001\frame_0027.jpg
VID_17,VID_17.mp4,1,420,28,custom_dataset\processed\VID_17\001\frame_0028.jpg
VID_17,VID_17.mp4,1,435,29,custom_dataset\processed\VID_17\001\frame_0029.jpg
VID_17,VID_17.mp4,1,450,30,custom_dataset\processed\VID_17\001\frame_0030.jpg
VID_17,VID_17.mp4,1,465,31,custom_dataset\processed\VID_17\001\frame_0031.jpg
VID_17,VID_17.mp4,1,480,32,custom_dataset\processed\VID_17\001\frame_0032.jpg
VID_17,VID_17.mp4,1,495,33,custom_dataset\processed\VID_17\001\frame_0033.jpg
VID_17,VID_17.mp4,1,510,34,custom_dataset\processed\VID_17\001\frame_0034.jpg
VID_17,VID_17.mp4,1,525,35,custom_dataset\processed\VID_17\001\frame_0035.jpg
VID_17,VID_17.mp4,1,540,36,custom_dataset\processed\VID_17\001\frame_0036.jpg
VID_17,VID_17.mp4,1,555,37,custom_dataset\processed\VID_17\001\frame_0037.jpg
VID_17,VID_17.mp4,1,570,38,custom_dataset\processed\VID_17\001\frame_0038.jpg
VID_17,VID_17.mp4,1,585,39,custom_dataset\processed\VID_17\001\frame_0039.jpg
VID_17,VID_17.mp4,1,600,40,custom_dataset\processed\VID_17\001\frame_0040.jpg
VID_17,VID_17.mp4,1,615,41,custom_dataset\processed\VID_17\001\frame_0041.jpg
VID_17,VID_17.mp4,2,0,0,custom_dataset\processed\VID_17\002\frame_0000.jpg
VID_17,VID_17.mp4,2,15,1,custom_dataset\processed\VID_17\002\frame_0001.jpg
VID_17,VID_17.mp4,2,30,2,custom_dataset\processed\VID_17\002\frame_0002.jpg
VID_17,VID_17.mp4,2,45,3,custom_dataset\processed\VID_17\002\frame_0003.jpg
VID_17,VID_17.mp4,2,60,4,custom_dataset\processed\VID_17\002\frame_0004.jpg
VID_17,VID_17.mp4,2,75,5,custom_dataset\processed\VID_17\002\frame_0005.jpg
VID_17,VID_17.mp4,2,90,6,custom_dataset\processed\VID_17\002\frame_0006.jpg
VID_17,VID_17.mp4,2,105,7,custom_dataset\processed\VID_17\002\frame_0007.jpg
VID_17,VID_17.mp4,2,120,8,custom_dataset\processed\VID_17\002\frame_0008.jpg
VID_17,VID_17.mp4,2,135,9,custom_dataset\processed\VID_17\002\frame_0009.jpg
VID_17,VID_17.mp4,2,150,10,custom_dataset\processed\VID_17\002\frame_0010.jpg
VID_17,VID_17.mp4,2,165,11,custom_dataset\processed\VID_17\002\frame_0011.jpg
VID_17,VID_17.mp4,2,180,12,custom_dataset\processed\VID_17\002\frame_0012.jpg
VID_17,VID_17.mp4,2,195,13,custom_dataset\processed\VID_17\002\frame_0013.jpg
VID_17,VID_17.mp4,2,210,14,custom_dataset\processed\VID_17\002\frame_0014.jpg
VID_17,VID_17.mp4,2,225,15,custom_dataset\processed\VID_17\002\frame_0015.jpg
VID_17,VID_17.mp4,2,240,16,custom_dataset\processed\VID_17\002\frame_0016.jpg
VID_17,VID_17.mp4,2,255,17,custom_dataset\processed\VID_17\002\frame_0017.jpg
VID_17,VID_17.mp4,2,270,18,custom_dataset\processed\VID_17\002\frame_0018.jpg
VID_17,VID_17.mp4,2,285,19,custom_dataset\processed\VID_17\002\frame_0019.jpg
VID_17,VID_17.mp4,2,300,20,custom_dataset\processed\VID_17\002\frame_0020.jpg
VID_17,VID_17.mp4,2,315,21,custom_dataset\processed\VID_17\002\frame_0021.jpg
VID_17,VID_17.mp4,2,330,22,custom_dataset\processed\VID_17\002\frame_0022.jpg
VID_17,VID_17.mp4,2,345,23,custom_dataset\processed\VID_17\002\frame_0023.jpg
VID_17,VID_17.mp4,2,360,24,custom_dataset\processed\VID_17\002\frame_0024.jpg
VID_17,VID_17.mp4,2,375,25,custom_dataset\processed\VID_17\002\frame_0025.jpg
VID_17,VID_17.mp4,2,390,26,custom_dataset\processed\VID_17\002\frame_0026.jpg
VID_17,VID_17.mp4,2,405,27,custom_dataset\processed\VID_17\002\frame_0027.jpg
VID_17,VID_17.mp4,2,420,28,custom_dataset\processed\VID_17\002\frame_0028.jpg
VID_17,VID_17.mp4,2,435,29,custom_dataset\processed\VID_17\002\frame_0029.jpg
VID_17,VID_17.mp4,2,450,30,custom_dataset\processed\VID_17\002\frame_0030.jpg
VID_17,VID_17.mp4,2,465,31,custom_dataset\processed\VID_17\002\frame_0031.jpg
VID_17,VID_17.mp4,2,480,32,custom_dataset\processed\VID_17\002\frame_0032.jpg
VID_17,VID_17.mp4,2,495,33,custom_dataset\processed\VID_17\002\frame_0033.jpg
VID_17,VID_17.mp4,2,510,34,custom_dataset\processed\VID_17\002\frame_0034.jpg
VID_17,VID_17.mp4,2,525,35,custom_dataset\processed\VID_17\002\frame_0035.jpg
VID_17,VID_17.mp4,2,540,36,custom_dataset\processed\VID_17\002\frame_0036.jpg
VID_17,VID_17.mp4,2,555,37,custom_dataset\processed\VID_17\002\frame_0037.jpg
VID_17,VID_17.mp4,2,570,38,custom_dataset\processed\VID_17\002\frame_0038.jpg
VID_17,VID_17.mp4,2,585,39,custom_dataset\processed\VID_17\002\frame_0039.jpg
VID_17,VID_17.mp4,2,600,40,custom_dataset\processed\VID_17\002\frame_0040.jpg
VID_17,VID_17.mp4,2,615,41,custom_dataset\processed\VID_17\002\frame_0041.jpg
VID_17,VID_17.mp4,3,0,0,custom_dataset\processed\VID_17\003\frame_0000.jpg
VID_17,VID_17.mp4,3,15,1,custom_dataset\processed\VID_17\003\frame_0001.jpg
VID_17,VID_17.mp4,3,30,2,custom_dataset\processed\VID_17\003\frame_0002.jpg
VID_17,VID_17.mp4,3,45,3,custom_dataset\processed\VID_17\003\frame_0003.jpg
VID_17,VID_17.mp4,3,60,4,custom_dataset\processed\VID_17\003\frame_0004.jpg
VID_17,VID_17.mp4,3,75,5,custom_dataset\processed\VID_17\003\frame_0005.jpg
VID_17,VID_17.mp4,3,90,6,custom_dataset\processed\VID_17\003\frame_0006.jpg
VID_17,VID_17.mp4,3,105,7,custom_dataset\processed\VID_17\003\frame_0007.jpg
VID_17,VID_17.mp4,3,120,8,custom_dataset\processed\VID_17\003\frame_0008.jpg
VID_17,VID_17.mp4,3,135,9,custom_dataset\processed\VID_17\003\frame_0009.jpg
VID_17,VID_17.mp4,3,150,10,custom_dataset\processed\VID_17\003\frame_0010.jpg
VID_17,VID_17.mp4,3,165,11,custom_dataset\processed\VID_17\003\frame_0011.jpg
VID_17,VID_17.mp4,3,180,12,custom_dataset\processed\VID_17\003\frame_0012.jpg
VID_17,VID_17.mp4,3,195,13,custom_dataset\processed\VID_17\003\frame_0013.jpg
VID_17,VID_17.mp4,3,210,14,custom_dataset\processed\VID_17\003\frame_0014.jpg
VID_17,VID_17.mp4,3,225,15,custom_dataset\processed\VID_17\003\frame_0015.jpg
VID_17,VID_17.mp4,3,240,16,custom_dataset\processed\VID_17\003\frame_0016.jpg
VID_17,VID_17.mp4,3,255,17,custom_dataset\processed\VID_17\003\frame_0017.jpg
VID_17,VID_17.mp4,3,270,18,custom_dataset\processed\VID_17\003\frame_0018.jpg
VID_17,VID_17.mp4,3,285,19,custom_dataset\processed\VID_17\003\frame_0019.jpg
VID_17,VID_17.mp4,3,300,20,custom_dataset\processed\VID_17\003\frame_0020.jpg
VID_17,VID_17.mp4,3,315,21,custom_dataset\processed\VID_17\003\frame_0021.jpg
VID_17,VID_17.mp4,3,330,22,custom_dataset\processed\VID_17\003\frame_0022.jpg
VID_17,VID_17.mp4,3,345,23,custom_dataset\processed\VID_17\003\frame_0023.jpg
VID_17,VID_17.mp4,3,360,24,custom_dataset\processed\VID_17\003\frame_0024.jpg
VID_17,VID_17.mp4,3,375,25,custom_dataset\processed\VID_17\003\frame_0025.jpg
VID_17,VID_17.mp4,3,390,26,custom_dataset\processed\VID_17\003\frame_0026.jpg
VID_17,VID_17.mp4,3,405,27,custom_dataset\processed\VID_17\003\frame_0027.jpg
VID_17,VID_17.mp4,3,420,28,custom_dataset\processed\VID_17\003\frame_0028.jpg
VID_17,VID_17.mp4,3,435,29,custom_dataset\processed\VID_17\003\frame_0029.jpg
VID_17,VID_17.mp4,3,450,30,custom_dataset\processed\VID_17\003\frame_0030.jpg
VID_17,VID_17.mp4,3,465,31,custom_dataset\processed\VID_17\003\frame_0031.jpg
VID_17,VID_17.mp4,3,480,32,custom_dataset\processed\VID_17\003\frame_0032.jpg
VID_17,VID_17.mp4,3,495,33,custom_dataset\processed\VID_17\003\frame_0033.jpg
VID_17,VID_17.mp4,3,510,34,custom_dataset\processed\VID_17\003\frame_0034.jpg
VID_17,VID_17.mp4,3,525,35,custom_dataset\processed\VID_17\003\frame_0035.jpg
VID_17,VID_17.mp4,3,540,36,custom_dataset\processed\VID_17\003\frame_0036.jpg
VID_17,VID_17.mp4,3,555,37,custom_dataset\processed\VID_17\003\frame_0037.jpg
VID_17,VID_17.mp4,3,570,38,custom_dataset\processed\VID_17\003\frame_0038.jpg
VID_17,VID_17.mp4,3,585,39,custom_dataset\processed\VID_17\003\frame_0039.jpg
VID_17,VID_17.mp4,3,600,40,custom_dataset\processed\VID_17\003\frame_0040.jpg
VID_17,VID_17.mp4,3,615,41,custom_dataset\processed\VID_17\003\frame_0041.jpg
VID_17,VID_17.mp4,4,0,0,custom_dataset\processed\VID_17\004\frame_0000.jpg
VID_17,VID_17.mp4,4,15,1,custom_dataset\processed\VID_17\004\frame_0001.jpg
VID_17,VID_17.mp4,4,30,2,custom_dataset\processed\VID_17\004\frame_0002.jpg
VID_17,VID_17.mp4,4,45,3,custom_dataset\processed\VID_17\004\frame_0003.jpg
VID_17,VID_17.mp4,4,60,4,custom_dataset\processed\VID_17\004\frame_0004.jpg
VID_17,VID_17.mp4,4,75,5,custom_dataset\processed\VID_17\004\frame_0005.jpg
VID_17,VID_17.mp4,4,90,6,custom_dataset\processed\VID_17\004\frame_0006.jpg
VID_17,VID_17.mp4,4,105,7,custom_dataset\processed\VID_17\004\frame_0007.jpg
VID_17,VID_17.mp4,4,120,8,custom_dataset\processed\VID_17\004\frame_0008.jpg
VID_17,VID_17.mp4,4,135,9,custom_dataset\processed\VID_17\004\frame_0009.jpg
VID_17,VID_17.mp4,4,150,10,custom_dataset\processed\VID_17\004\frame_0010.jpg
VID_17,VID_17.mp4,4,210,14,custom_dataset\processed\VID_17\004\frame_0014.jpg
VID_17,VID_17.mp4,4,225,15,custom_dataset\processed\VID_17\004\frame_0015.jpg
VID_17,VID_17.mp4,4,240,16,custom_dataset\processed\VID_17\004\frame_0016.jpg
VID_17,VID_17.mp4,4,255,17,custom_dataset\processed\VID_17\004\frame_0017.jpg
VID_17,VID_17.mp4,4,270,18,custom_dataset\processed\VID_17\004\frame_0018.jpg
VID_17,VID_17.mp4,4,285,19,custom_dataset\processed\VID_17\004\frame_0019.jpg
VID_17,VID_17.mp4,4,300,20,custom_dataset\processed\VID_17\004\frame_0020.jpg
VID_17,VID_17.mp4,4,315,21,custom_dataset\processed\VID_17\004\frame_0021.jpg
VID_17,VID_17.mp4,4,330,22,custom_dataset\processed\VID_17\004\frame_0022.jpg
VID_17,VID_17.mp4,4,345,23,custom_dataset\processed\VID_17\004\frame_0023.jpg
VID_17,VID_17.mp4,4,360,24,custom_dataset\processed\VID_17\004\frame_0024.jpg
VID_17,VID_17.mp4,4,375,25,custom_dataset\processed\VID_17\004\frame_0025.jpg
VID_17,VID_17.mp4,4,390,26,custom_dataset\processed\VID_17\004\frame_0026.jpg
VID_17,VID_17.mp4,4,405,27,custom_dataset\processed\VID_17\004\frame_0027.jpg
VID_17,VID_17.mp4,4,420,28,custom_dataset\processed\VID_17\004\frame_0028.jpg
VID_17,VID_17.mp4,4,435,29,custom_dataset\processed\VID_17\004\frame_0029.jpg
VID_17,VID_17.mp4,4,450,30,custom_dataset\processed\VID_17\004\frame_0030.jpg
VID_17,VID_17.mp4,4,465,31,custom_dataset\processed\VID_17\004\frame_0031.jpg
VID_17,VID_17.mp4,4,480,32,custom_dataset\processed\VID_17\004\frame_0032.jpg
VID_17,VID_17.mp4,4,495,33,custom_dataset\processed\VID_17\004\frame_0033.jpg
VID_17,VID_17.mp4,4,510,34,custom_dataset\processed\VID_17\004\frame_0034.jpg
VID_17,VID_17.mp4,4,525,35,custom_dataset\processed\VID_17\004\frame_0035.jpg
VID_17,VID_17.mp4,4,540,36,custom_dataset\processed\VID_17\004\frame_0036.jpg
VID_17,VID_17.mp4,4,555,37,custom_dataset\processed\VID_17\004\frame_0037.jpg
VID_17,VID_17.mp4,4,570,38,custom_dataset\processed\VID_17\004\frame_0038.jpg
VID_17,VID_17.mp4,4,585,39,custom_dataset\processed\VID_17\004\frame_0039.jpg
VID_17,VID_17.mp4,4,600,40,custom_dataset\processed\VID_17\004\frame_0040.jpg
VID_17,VID_17.mp4,4,615,41,custom_dataset\processed\VID_17\004\frame_0041.jpg
VID_17,VID_17.mp4,5,0,0,custom_dataset\processed\VID_17\005\frame_0000.jpg
VID_17,VID_17.mp4,5,15,1,custom_dataset\processed\VID_17\005\frame_0001.jpg
VID_17,VID_17.mp4,5,30,2,custom_dataset\processed\VID_17\005\frame_0002.jpg
VID_17,VID_17.mp4,5,45,3,custom_dataset\processed\VID_17\005\frame_0003.jpg
VID_17,VID_17.mp4,5,60,4,custom_dataset\processed\VID_17\005\frame_0004.jpg
VID_17,VID_17.mp4,5,75,5,custom_dataset\processed\VID_17\005\frame_0005.jpg
VID_17,VID_17.mp4,5,90,6,custom_dataset\processed\VID_17\005\frame_0006.jpg
VID_17,VID_17.mp4,5,105,7,custom_dataset\processed\VID_17\005\frame_0007.jpg
VID_17,VID_17.mp4,5,120,8,custom_dataset\processed\VID_17\005\frame_0008.jpg
VID_17,VID_17.mp4,5,135,9,custom_dataset\processed\VID_17\005\frame_0009.jpg
VID_17,VID_17.mp4,5,150,10,custom_dataset\processed\VID_17\005\frame_0010.jpg
VID_17,VID_17.mp4,5,165,11,custom_dataset\processed\VID_17\005\frame_0011.jpg
VID_17,VID_17.mp4,5,180,12,custom_dataset\processed\VID_17\005\frame_0012.jpg
VID_17,VID_17.mp4,5,195,13,custom_dataset\processed\VID_17\005\frame_0013.jpg
VID_17,VID_17.mp4,5,210,14,custom_dataset\processed\VID_17\005\frame_0014.jpg
VID_17,VID_17.mp4,5,225,15,custom_dataset\processed\VID_17\005\frame_0015.jpg
VID_17,VID_17.mp4,5,240,16,custom_dataset\processed\VID_17\005\frame_0016.jpg
VID_17,VID_17.mp4,5,255,17,custom_dataset\processed\VID_17\005\frame_0017.jpg
VID_17,VID_17.mp4,5,270,18,custom_dataset\processed\VID_17\005\frame_0018.jpg
VID_17,VID_17.mp4,5,285,19,custom_dataset\processed\VID_17\005\frame_0019.jpg
VID_17,VID_17.mp4,5,300,20,custom_dataset\processed\VID_17\005\frame_0020.jpg
VID_17,VID_17.mp4,5,315,21,custom_dataset\processed\VID_17\005\frame_0021.jpg
VID_17,VID_17.mp4,5,330,22,custom_dataset\processed\VID_17\005\frame_0022.jpg
VID_17,VID_17.mp4,5,345,23,custom_dataset\processed\VID_17\005\frame_0023.jpg
VID_17,VID_17.mp4,5,360,24,custom_dataset\processed\VID_17\005\frame_0024.jpg
VID_17,VID_17.mp4,5,375,25,custom_dataset\processed\VID_17\005\frame_0025.jpg
VID_17,VID_17.mp4,5,390,26,custom_dataset\processed\VID_17\005\frame_0026.jpg
VID_17,VID_17.mp4,5,405,27,custom_dataset\processed\VID_17\005\frame_0027.jpg
VID_17,VID_17.mp4,5,420,28,custom_dataset\processed\VID_17\005\frame_0028.jpg
VID_17,VID_17.mp4,5,435,29,custom_dataset\processed\VID_17\005\frame_0029.jpg
VID_17,VID_17.mp4,5,450,30,custom_dataset\processed\VID_17\005\frame_0030.jpg
VID_17,VID_17.mp4,5,465,31,custom_dataset\processed\VID_17\005\frame_0031.jpg
VID_17,VID_17.mp4,5,480,32,custom_dataset\processed\VID_17\005\frame_0032.jpg
VID_17,VID_17.mp4,5,495,33,custom_dataset\processed\VID_17\005\frame_0033.jpg
VID_17,VID_17.mp4,5,510,34,custom_dataset\processed\VID_17\005\frame_0034.jpg
VID_17,VID_17.mp4,5,525,35,custom_dataset\processed\VID_17\005\frame_0035.jpg
VID_17,VID_17.mp4,5,540,36,custom_dataset\processed\VID_17\005\frame_0036.jpg
VID_17,VID_17.mp4,5,555,37,custom_dataset\processed\VID_17\005\frame_0037.jpg
VID_17,VID_17.mp4,5,570,38,custom_dataset\processed\VID_17\005\frame_0038.jpg
VID_17,VID_17.mp4,5,585,39,custom_dataset\processed\VID_17\005\frame_0039.jpg
VID_17,VID_17.mp4,5,600,40,custom_dataset\processed\VID_17\005\frame_0040.jpg
VID_17,VID_17.mp4,5,615,41,custom_dataset\processed\VID_17\005\frame_0041.jpg
VID_17,VID_17.mp4,6,0,0,custom_dataset\processed\VID_17\006\frame_0000.jpg
VID_17,VID_17.mp4,6,15,1,custom_dataset\processed\VID_17\006\frame_0001.jpg
VID_17,VID_17.mp4,6,30,2,custom_dataset\processed\VID_17\006\frame_0002.jpg
VID_17,VID_17.mp4,6,45,3,custom_dataset\processed\VID_17\006\frame_0003.jpg
VID_17,VID_17.mp4,6,60,4,custom_dataset\processed\VID_17\006\frame_0004.jpg
VID_17,VID_17.mp4,6,75,5,custom_dataset\processed\VID_17\006\frame_0005.jpg
VID_17,VID_17.mp4,6,90,6,custom_dataset\processed\VID_17\006\frame_0006.jpg
VID_17,VID_17.mp4,6,105,7,custom_dataset\processed\VID_17\006\frame_0007.jpg
VID_17,VID_17.mp4,6,120,8,custom_dataset\processed\VID_17\006\frame_0008.jpg
VID_17,VID_17.mp4,6,165,11,custom_dataset\processed\VID_17\006\frame_0011.jpg
VID_17,VID_17.mp4,6,180,12,custom_dataset\processed\VID_17\006\frame_0012.jpg
VID_17,VID_17.mp4,6,195,13,custom_dataset\processed\VID_17\006\frame_0013.jpg
VID_17,VID_17.mp4,6,210,14,custom_dataset\processed\VID_17\006\frame_0014.jpg
VID_17,VID_17.mp4,6,240,16,custom_dataset\processed\VID_17\006\frame_0016.jpg
VID_17,VID_17.mp4,7,0,0,custom_dataset\processed\VID_17\007\frame_0000.jpg
VID_17,VID_17.mp4,7,15,1,custom_dataset\processed\VID_17\007\frame_0001.jpg
VID_17,VID_17.mp4,7,30,2,custom_dataset\processed\VID_17\007\frame_0002.jpg
VID_17,VID_17.mp4,7,45,3,custom_dataset\processed\VID_17\007\frame_0003.jpg
VID_17,VID_17.mp4,7,60,4,custom_dataset\processed\VID_17\007\frame_0004.jpg
VID_17,VID_17.mp4,7,75,5,custom_dataset\processed\VID_17\007\frame_0005.jpg
VID_17,VID_17.mp4,7,90,6,custom_dataset\processed\VID_17\007\frame_0006.jpg
VID_17,VID_17.mp4,7,105,7,custom_dataset\processed\VID_17\007\frame_0007.jpg
VID_17,VID_17.mp4,7,120,8,custom_dataset\processed\VID_17\007\frame_0008.jpg
VID_17,VID_17.mp4,7,135,9,custom_dataset\processed\VID_17\007\frame_0009.jpg
VID_17,VID_17.mp4,7,150,10,custom_dataset\processed\VID_17\007\frame_0010.jpg
VID_17,VID_17.mp4,7,165,11,custom_dataset\processed\VID_17\007\frame_0011.jpg
VID_17,VID_17.mp4,7,180,12,custom_dataset\processed\VID_17\007\frame_0012.jpg
VID_17,VID_17.mp4,7,195,13,custom_dataset\processed\VID_17\007\frame_0013.jpg
VID_17,VID_17.mp4,7,210,14,custom_dataset\processed\VID_17\007\frame_0014.jpg
VID_17,VID_17.mp4,7,225,15,custom_dataset\processed\VID_17\007\frame_0015.jpg
VID_17,VID_17.mp4,7,240,16,custom_dataset\processed\VID_17\007\frame_0016.jpg
VID_17,VID_17.mp4,7,255,17,custom_dataset\processed\VID_17\007\frame_0017.jpg
VID_17,VID_17.mp4,7,270,18,custom_dataset\processed\VID_17\007\frame_0018.jpg
VID_17,VID_17.mp4,7,285,19,custom_dataset\processed\VID_17\007\frame_0019.jpg
VID_17,VID_17.mp4,7,300,20,custom_dataset\processed\VID_17\007\frame_0020.jpg
VID_17,VID_17.mp4,7,315,21,custom_dataset\processed\VID_17\007\frame_0021.jpg
VID_17,VID_17.mp4,7,330,22,custom_dataset\processed\VID_17\007\frame_0022.jpg
VID_17,VID_17.mp4,7,345,23,custom_dataset\processed\VID_17\007\frame_0023.jpg
VID_17,VID_17.mp4,7,360,24,custom_dataset\processed\VID_17\007\frame_0024.jpg
VID_17,VID_17.mp4,7,375,25,custom_dataset\processed\VID_17\007\frame_0025.jpg
VID_17,VID_17.mp4,7,390,26,custom_dataset\processed\VID_17\007\frame_0026.jpg
VID_17,VID_17.mp4,7,405,27,custom_dataset\processed\VID_17\007\frame_0027.jpg
VID_17,VID_17.mp4,7,420,28,custom_dataset\processed\VID_17\007\frame_0028.jpg
VID_17,VID_17.mp4,7,435,29,custom_dataset\processed\VID_17\007\frame_0029.jpg
VID_17,VID_17.mp4,7,450,30,custom_dataset\processed\VID_17\007\frame_0030.jpg
VID_17,VID_17.mp4,7,465,31,custom_dataset\processed\VID_17\007\frame_0031.jpg
VID_17,VID_17.mp4,7,480,32,custom_dataset\processed\VID_17\007\frame_0032.jpg
VID_17,VID_17.mp4,7,495,33,custom_dataset\processed\VID_17\007\frame_0033.jpg
VID_17,VID_17.mp4,7,510,34,custom_dataset\processed\VID_17\007\frame_0034.jpg
VID_17,VID_17.mp4,7,525,35,custom_dataset\processed\VID_17\007\frame_0035.jpg
VID_17,VID_17.mp4,7,540,36,custom_dataset\processed\VID_17\007\frame_0036.jpg
VID_17,VID_17.mp4,7,555,37,custom_dataset\processed\VID_17\007\frame_0037.jpg
VID_17,VID_17.mp4,7,570,38,custom_dataset\processed\VID_17\007\frame_0038.jpg
VID_17,VID_17.mp4,7,585,39,custom_dataset\processed\VID_17\007\frame_0039.jpg
VID_17,VID_17.mp4,7,600,40,custom_dataset\processed\VID_17\007\frame_0040.jpg
VID_17,VID_17.mp4,7,615,41,custom_dataset\processed\VID_17\007\frame_0041.jpg
VID_17,VID_17.mp4,8,0,0,custom_dataset\processed\VID_17\008\frame_0000.jpg
VID_17,VID_17.mp4,8,15,1,custom_dataset\processed\VID_17\008\frame_0001.jpg
VID_17,VID_17.mp4,8,30,2,custom_dataset\processed\VID_17\008\frame_0002.jpg
VID_17,VID_17.mp4,8,75,5,custom_dataset\processed\VID_17\008\frame_0005.jpg
VID_17,VID_17.mp4,8,90,6,custom_dataset\processed\VID_17\008\frame_0006.jpg
VID_17,VID_17.mp4,8,105,7,custom_dataset\processed\VID_17\008\frame_0007.jpg
VID_17,VID_17.mp4,8,120,8,custom_dataset\processed\VID_17\008\frame_0008.jpg
VID_17,VID_17.mp4,8,135,9,custom_dataset\processed\VID_17\008\frame_0009.jpg
VID_17,VID_17.mp4,8,150,10,custom_dataset\processed\VID_17\008\frame_0010.jpg
VID_17,VID_17.mp4,8,165,11,custom_dataset\processed\VID_17\008\frame_0011.jpg
VID_17,VID_17.mp4,8,180,12,custom_dataset\processed\VID_17\008\frame_0012.jpg
VID_17,VID_17.mp4,8,195,13,custom_dataset\processed\VID_17\008\frame_0013.jpg
VID_17,VID_17.mp4,8,210,14,custom_dataset\processed\VID_17\008\frame_0014.jpg
VID_17,VID_17.mp4,8,225,15,custom_dataset\processed\VID_17\008\frame_0015.jpg
VID_17,VID_17.mp4,8,240,16,custom_dataset\processed\VID_17\008\frame_0016.jpg
VID_17,VID_17.mp4,8,255,17,custom_dataset\processed\VID_17\008\frame_0017.jpg
VID_17,VID_17.mp4,8,270,18,custom_dataset\processed\VID_17\008\frame_0018.jpg
VID_17,VID_17.mp4,8,285,19,custom_dataset\processed\VID_17\008\frame_0019.jpg
VID_17,VID_17.mp4,8,345,23,custom_dataset\processed\VID_17\008\frame_0023.jpg
VID_17,VID_17.mp4,8,390,26,custom_dataset\processed\VID_17\008\frame_0026.jpg
VID_17,VID_17.mp4,8,405,27,custom_dataset\processed\VID_17\008\frame_0027.jpg
VID_17,VID_17.mp4,8,420,28,custom_dataset\processed\VID_17\008\frame_0028.jpg
VID_17,VID_17.mp4,8,435,29,custom_dataset\processed\VID_17\008\frame_0029.jpg
VID_17,VID_17.mp4,8,450,30,custom_dataset\processed\VID_17\008\frame_0030.jpg
VID_17,VID_17.mp4,8,465,31,custom_dataset\processed\VID_17\008\frame_0031.jpg
VID_17,VID_17.mp4,8,480,32,custom_dataset\processed\VID_17\008\frame_0032.jpg
VID_17,VID_17.mp4,8,495,33,custom_dataset\processed\VID_17\008\frame_0033.jpg
VID_17,VID_17.mp4,8,510,34,custom_dataset\processed\VID_17\008\frame_0034.jpg
VID_17,VID_17.mp4,8,525,35,custom_dataset\processed\VID_17\008\frame_0035.jpg
VID_17,VID_17.mp4,8,540,36,custom_dataset\processed\VID_17\008\frame_0036.jpg
VID_17,VID_17.mp4,8,555,37,custom_dataset\processed\VID_17\008\frame_0037.jpg
VID_17,VID_17.mp4,8,570,38,custom_dataset\processed\VID_17\008\frame_0038.jpg
VID_17,VID_17.mp4,8,585,39,custom_dataset\processed\VID_17\008\frame_0039.jpg
VID_17,VID_17.mp4,8,600,40,custom_dataset\processed\VID_17\008\frame_0040.jpg
VID_17,VID_17.mp4,8,615,41,custom_dataset\processed\VID_17\008\frame_0041.jpg
VID_17,VID_17.mp4,9,0,0,custom_dataset\processed\VID_17\009\frame_0000.jpg
VID_17,VID_17.mp4,9,0,0,custom_dataset\processed\VID_17\009\frame_0000.jpg
VID_17,VID_17.mp4,9,15,1,custom_dataset\processed\VID_17\009\frame_0001.jpg
VID_17,VID_17.mp4,9,30,2,custom_dataset\processed\VID_17\009\frame_0002.jpg
VID_17,VID_17.mp4,9,45,3,custom_dataset\processed\VID_17\009\frame_0003.jpg
VID_17,VID_17.mp4,9,60,4,custom_dataset\processed\VID_17\009\frame_0004.jpg
VID_17,VID_17.mp4,9,75,5,custom_dataset\processed\VID_17\009\frame_0005.jpg
VID_17,VID_17.mp4,9,90,6,custom_dataset\processed\VID_17\009\frame_0006.jpg
VID_17,VID_17.mp4,9,105,7,custom_dataset\processed\VID_17\009\frame_0007.jpg
VID_17,VID_17.mp4,9,120,8,custom_dataset\processed\VID_17\009\frame_0008.jpg
VID_17,VID_17.mp4,9,150,10,custom_dataset\processed\VID_17\009\frame_0010.jpg
VID_17,VID_17.mp4,9,195,13,custom_dataset\processed\VID_17\009\frame_0013.jpg
VID_17,VID_17.mp4,9,240,16,custom_dataset\processed\VID_17\009\frame_0016.jpg
VID_17,VID_17.mp4,9,255,17,custom_dataset\processed\VID_17\009\frame_0017.jpg
VID_17,VID_17.mp4,9,270,18,custom_dataset\processed\VID_17\009\frame_0018.jpg
VID_17,VID_17.mp4,9,285,19,custom_dataset\processed\VID_17\009\frame_0019.jpg
VID_17,VID_17.mp4,9,300,20,custom_dataset\processed\VID_17\009\frame_0020.jpg
VID_17,VID_17.mp4,9,315,21,custom_dataset\processed\VID_17\009\frame_0021.jpg
VID_17,VID_17.mp4,9,330,22,custom_dataset\processed\VID_17\009\frame_0022.jpg
VID_17,VID_17.mp4,9,345,23,custom_dataset\processed\VID_17\009\frame_0023.jpg
VID_17,VID_17.mp4,9,360,24,custom_dataset\processed\VID_17\009\frame_0024.jpg
VID_17,VID_17.mp4,9,375,25,custom_dataset\processed\VID_17\009\frame_0025.jpg
VID_17,VID_17.mp4,9,390,26,custom_dataset\processed\VID_17\009\frame_0026.jpg
VID_17,VID_17.mp4,9,405,27,custom_dataset\processed\VID_17\009\frame_0027.jpg
VID_17,VID_17.mp4,9,450,30,custom_dataset\processed\VID_17\009\frame_0030.jpg
VID_17,VID_17.mp4,9,465,31,custom_dataset\processed\VID_17\009\frame_0031.jpg
VID_17,VID_17.mp4,9,480,32,custom_dataset\processed\VID_17\009\frame_0032.jpg
VID_17,VID_17.mp4,9,525,35,custom_dataset\processed\VID_17\009\frame_0035.jpg
VID_17,VID_17.mp4,9,540,36,custom_dataset\processed\VID_17\009\frame_0036.jpg
VID_17,VID_17.mp4,9,585,39,custom_dataset\processed\VID_17\009\frame_0039.jpg
VID_17,VID_17.mp4,12,45,3,custom_dataset\processed\VID_17\012\frame_0003.jpg
VID_17,VID_17.mp4,12,60,4,custom_dataset\processed\VID_17\012\frame_0004.jpg
VID_17,VID_17.mp4,12,75,5,custom_dataset\processed\VID_17\012\frame_0005.jpg
VID_17,VID_17.mp4,12,90,6,custom_dataset\processed\VID_17\012\frame_0006.jpg
VID_17,VID_17.mp4,12,105,7,custom_dataset\processed\VID_17\012\frame_0007.jpg
VID_17,VID_17.mp4,12,120,8,custom_dataset\processed\VID_17\012\frame_0008.jpg
VID_17,VID_17.mp4,12,150,10,custom_dataset\processed\VID_17\012\frame_0010.jpg
VID_17,VID_17.mp4,12,180,12,custom_dataset\processed\VID_17\012\frame_0012.jpg
VID_17,VID_17.mp4,12,225,15,custom_dataset\processed\VID_17\012\frame_0015.jpg
VID_17,VID_17.mp4,12,240,16,custom_dataset\processed\VID_17\012\frame_0016.jpg
VID_17,VID_17.mp4,12,255,17,custom_dataset\processed\VID_17\012\frame_0017.jpg
VID_17,VID_17.mp4,12,270,18,custom_dataset\processed\VID_17\012\frame_0018.jpg
VID_17,VID_17.mp4,12,300,20,custom_dataset\processed\VID_17\012\frame_0020.jpg
VID_17,VID_17.mp4,12,315,21,custom_dataset\processed\VID_17\012\frame_0021.jpg
VID_17,VID_17.mp4,12,330,22,custom_dataset\processed\VID_17\012\frame_0022.jpg
VID_17,VID_17.mp4,12,345,23,custom_dataset\processed\VID_17\012\frame_0023.jpg
VID_17,VID_17.mp4,12,360,24,custom_dataset\processed\VID_17\012\frame_0024.jpg
VID_17,VID_17.mp4,12,375,25,custom_dataset\processed\VID_17\012\frame_0025.jpg
VID_17,VID_17.mp4,12,390,26,custom_dataset\processed\VID_17\012\frame_0026.jpg
VID_17,VID_17.mp4,12,405,27,custom_dataset\processed\VID_17\012\frame_0027.jpg
VID_17,VID_17.mp4,12,420,28,custom_dataset\processed\VID_17\012\frame_0028.jpg
VID_17,VID_17.mp4,12,435,29,custom_dataset\processed\VID_17\012\frame_0029.jpg
VID_17,VID_17.mp4,12,450,30,custom_dataset\processed\VID_17\012\frame_0030.jpg
VID_17,VID_17.mp4,12,465,31,custom_dataset\processed\VID_17\012\frame_0031.jpg
VID_17,VID_17.mp4,12,480,32,custom_dataset\processed\VID_17\012\frame_0032.jpg
VID_17,VID_17.mp4,12,495,33,custom_dataset\processed\VID_17\012\frame_0033.jpg
VID_17,VID_17.mp4,12,510,34,custom_dataset\processed\VID_17\012\frame_0034.jpg
VID_17,VID_17.mp4,12,525,35,custom_dataset\processed\VID_17\012\frame_0035.jpg
VID_17,VID_17.mp4,12,540,36,custom_dataset\processed\VID_17\012\frame_0036.jpg
VID_17,VID_17.mp4,12,555,37,custom_dataset\processed\VID_17\012\frame_0037.jpg
VID_17,VID_17.mp4,12,570,38,custom_dataset\processed\VID_17\012\frame_0038.jpg
VID_17,VID_17.mp4,12,585,39,custom_dataset\processed\VID_17\012\frame_0039.jpg
VID_17,VID_17.mp4,12,600,40,custom_dataset\processed\VID_17\012\frame_0040.jpg
VID_17,VID_17.mp4,12,615,41,custom_dataset\processed\VID_17\012\frame_0041.jpg
VID_17,VID_17.mp4,15,120,8,custom_dataset\processed\VID_17\015\frame_0008.jpg
VID_17,VID_17.mp4,15,135,9,custom_dataset\processed\VID_17\015\frame_0009.jpg
VID_17,VID_17.mp4,15,150,10,custom_dataset\processed\VID_17\015\frame_0010.jpg
VID_17,VID_17.mp4,15,165,11,custom_dataset\processed\VID_17\015\frame_0011.jpg
VID_17,VID_17.mp4,15,180,12,custom_dataset\processed\VID_17\015\frame_0012.jpg
VID_17,VID_17.mp4,15,195,13,custom_dataset\processed\VID_17\015\frame_0013.jpg
VID_17,VID_17.mp4,15,210,14,custom_dataset\processed\VID_17\015\frame_0014.jpg
VID_17,VID_17.mp4,15,225,15,custom_dataset\processed\VID_17\015\frame_0015.jpg
VID_17,VID_17.mp4,20,300,20,custom_dataset\processed\VID_17\020\frame_0020.jpg
VID_17,VID_17.mp4,20,330,22,custom_dataset\processed\VID_17\020\frame_0022.jpg
VID_17,VID_17.mp4,20,345,23,custom_dataset\processed\VID_17\020\frame_0023.jpg
VID_17,VID_17.mp4,20,360,24,custom_dataset\processed\VID_17\020\frame_0024.jpg
VID_17,VID_17.mp4,20,375,25,custom_dataset\processed\VID_17\020\frame_0025.jpg
VID_17,VID_17.mp4,20,390,26,custom_dataset\processed\VID_17\020\frame_0026.jpg
VID_17,VID_17.mp4,20,435,29,custom_dataset\processed\VID_17\020\frame_0029.jpg
VID_17,VID_17.mp4,20,450,30,custom_dataset\processed\VID_17\020\frame_0030.jpg
VID_17,VID_17.mp4,20,465,31,custom_dataset\processed\VID_17\020\frame_0031.jpg
VID_17,VID_17.mp4,22,315,21,custom_dataset\processed\VID_17\022\frame_0021.jpg
VID_17,VID_17.mp4,22,345,23,custom_dataset\processed\VID_17\022\frame_0023.jpg
VID_17,VID_17.mp4,22,375,25,custom_dataset\processed\VID_17\022\frame_0025.jpg
VID_17,VID_17.mp4,22,390,26,custom_dataset\processed\VID_17\022\frame_0026.jpg
VID_17,VID_17.mp4,22,405,27,custom_dataset\processed\VID_17\022\frame_0027.jpg
VID_17,VID_17.mp4,22,420,28,custom_dataset\processed\VID_17\022\frame_0028.jpg
VID_17,VID_17.mp4,22,435,29,custom_dataset\processed\VID_17\022\frame_0029.jpg
VID_17,VID_17.mp4,22,450,30,custom_dataset\processed\VID_17\022\frame_0030.jpg
VID_17,VID_17.mp4,22,465,31,custom_dataset\processed\VID_17\022\frame_0031.jpg
VID_17,VID_17.mp4,22,480,32,custom_dataset\processed\VID_17\022\frame_0032.jpg
VID_17,VID_17.mp4,22,495,33,custom_dataset\processed\VID_17\022\frame_0033.jpg
VID_17,VID_17.mp4,22,510,34,custom_dataset\processed\VID_17\022\frame_0034.jpg
VID_17,VID_17.mp4,22,525,35,custom_dataset\processed\VID_17\022\frame_0035.jpg
VID_17,VID_17.mp4,22,540,36,custom_dataset\processed\VID_17\022\frame_0036.jpg
VID_17,VID_17.mp4,22,555,37,custom_dataset\processed\VID_17\022\frame_0037.jpg
VID_17,VID_17.mp4,22,570,38,custom_dataset\processed\VID_17\022\frame_0038.jpg
VID_17,VID_17.mp4,22,585,39,custom_dataset\processed\VID_17\022\frame_0039.jpg
VID_18,VID_18.mp4,1,0,0,custom_dataset\processed\VID_18\001\frame_0000.jpg
VID_18,VID_18.mp4,1,15,1,custom_dataset\processed\VID_18\001\frame_0001.jpg
VID_18,VID_18.mp4,1,30,2,custom_dataset\processed\VID_18\001\frame_0002.jpg
VID_18,VID_18.mp4,1,45,3,custom_dataset\processed\VID_18\001\frame_0003.jpg
VID_18,VID_18.mp4,1,60,4,custom_dataset\processed\VID_18\001\frame_0004.jpg
VID_18,VID_18.mp4,1,75,5,custom_dataset\processed\VID_18\001\frame_0005.jpg
VID_18,VID_18.mp4,1,90,6,custom_dataset\processed\VID_18\001\frame_0006.jpg
VID_18,VID_18.mp4,1,105,7,custom_dataset\processed\VID_18\001\frame_0007.jpg
VID_18,VID_18.mp4,1,120,8,custom_dataset\processed\VID_18\001\frame_0008.jpg
VID_18,VID_18.mp4,1,135,9,custom_dataset\processed\VID_18\001\frame_0009.jpg
VID_18,VID_18.mp4,1,150,10,custom_dataset\processed\VID_18\001\frame_0010.jpg
VID_18,VID_18.mp4,1,165,11,custom_dataset\processed\VID_18\001\frame_0011.jpg
VID_18,VID_18.mp4,1,180,12,custom_dataset\processed\VID_18\001\frame_0012.jpg
VID_18,VID_18.mp4,1,195,13,custom_dataset\processed\VID_18\001\frame_0013.jpg
VID_18,VID_18.mp4,1,210,14,custom_dataset\processed\VID_18\001\frame_0014.jpg
VID_18,VID_18.mp4,1,225,15,custom_dataset\processed\VID_18\001\frame_0015.jpg
VID_18,VID_18.mp4,1,240,16,custom_dataset\processed\VID_18\001\frame_0016.jpg
VID_18,VID_18.mp4,1,255,17,custom_dataset\processed\VID_18\001\frame_0017.jpg
VID_18,VID_18.mp4,1,270,18,custom_dataset\processed\VID_18\001\frame_0018.jpg
VID_18,VID_18.mp4,1,285,19,custom_dataset\processed\VID_18\001\frame_0019.jpg
VID_18,VID_18.mp4,1,300,20,custom_dataset\processed\VID_18\001\frame_0020.jpg
VID_18,VID_18.mp4,1,315,21,custom_dataset\processed\VID_18\001\frame_0021.jpg
VID_18,VID_18.mp4,1,330,22,custom_dataset\processed\VID_18\001\frame_0022.jpg
VID_18,VID_18.mp4,1,345,23,custom_dataset\processed\VID_18\001\frame_0023.jpg
VID_18,VID_18.mp4,1,360,24,custom_dataset\processed\VID_18\001\frame_0024.jpg
VID_18,VID_18.mp4,1,375,25,custom_dataset\processed\VID_18\001\frame_0025.jpg
VID_18,VID_18.mp4,1,390,26,custom_dataset\processed\VID_18\001\frame_0026.jpg
VID_18,VID_18.mp4,1,405,27,custom_dataset\processed\VID_18\001\frame_0027.jpg
VID_18,VID_18.mp4,1,420,28,custom_dataset\processed\VID_18\001\frame_0028.jpg
VID_18,VID_18.mp4,1,435,29,custom_dataset\processed\VID_18\001\frame_0029.jpg
VID_18,VID_18.mp4,1,450,30,custom_dataset\processed\VID_18\001\frame_0030.jpg
VID_18,VID_18.mp4,1,465,31,custom_dataset\processed\VID_18\001\frame_0031.jpg
VID_18,VID_18.mp4,1,480,32,custom_dataset\processed\VID_18\001\frame_0032.jpg
VID_18,VID_18.mp4,1,495,33,custom_dataset\processed\VID_18\001\frame_0033.jpg
VID_18,VID_18.mp4,1,510,34,custom_dataset\processed\VID_18\001\frame_0034.jpg
VID_18,VID_18.mp4,1,525,35,custom_dataset\processed\VID_18\001\frame_0035.jpg
VID_18,VID_18.mp4,1,540,36,custom_dataset\processed\VID_18\001\frame_0036.jpg
VID_18,VID_18.mp4,1,555,37,custom_dataset\processed\VID_18\001\frame_0037.jpg
VID_18,VID_18.mp4,1,570,38,custom_dataset\processed\VID_18\001\frame_0038.jpg
VID_18,VID_18.mp4,1,585,39,custom_dataset\processed\VID_18\001\frame_0039.jpg
VID_18,VID_18.mp4,1,600,40,custom_dataset\processed\VID_18\001\frame_0040.jpg
VID_18,VID_18.mp4,1,615,41,custom_dataset\processed\VID_18\001\frame_0041.jpg
VID_18,VID_18.mp4,2,0,0,custom_dataset\processed\VID_18\002\frame_0000.jpg
VID_18,VID_18.mp4,2,15,1,custom_dataset\processed\VID_18\002\frame_0001.jpg
VID_18,VID_18.mp4,2,30,2,custom_dataset\processed\VID_18\002\frame_0002.jpg
VID_18,VID_18.mp4,2,45,3,custom_dataset\processed\VID_18\002\frame_0003.jpg
VID_18,VID_18.mp4,2,60,4,custom_dataset\processed\VID_18\002\frame_0004.jpg
VID_18,VID_18.mp4,2,75,5,custom_dataset\processed\VID_18\002\frame_0005.jpg
VID_18,VID_18.mp4,2,90,6,custom_dataset\processed\VID_18\002\frame_0006.jpg
VID_18,VID_18.mp4,2,105,7,custom_dataset\processed\VID_18\002\frame_0007.jpg
VID_18,VID_18.mp4,2,120,8,custom_dataset\processed\VID_18\002\frame_0008.jpg
VID_18,VID_18.mp4,2,135,9,custom_dataset\processed\VID_18\002\frame_0009.jpg
VID_18,VID_18.mp4,2,150,10,custom_dataset\processed\VID_18\002\frame_0010.jpg
VID_18,VID_18.mp4,2,165,11,custom_dataset\processed\VID_18\002\frame_0011.jpg
VID_18,VID_18.mp4,2,180,12,custom_dataset\processed\VID_18\002\frame_0012.jpg
VID_18,VID_18.mp4,2,195,13,custom_dataset\processed\VID_18\002\frame_0013.jpg
VID_18,VID_18.mp4,2,210,14,custom_dataset\processed\VID_18\002\frame_0014.jpg
VID_18,VID_18.mp4,2,225,15,custom_dataset\processed\VID_18\002\frame_0015.jpg
VID_18,VID_18.mp4,2,240,16,custom_dataset\processed\VID_18\002\frame_0016.jpg
VID_18,VID_18.mp4,2,255,17,custom_dataset\processed\VID_18\002\frame_0017.jpg
VID_18,VID_18.mp4,2,270,18,custom_dataset\processed\VID_18\002\frame_0018.jpg
VID_18,VID_18.mp4,2,285,19,custom_dataset\processed\VID_18\002\frame_0019.jpg
VID_18,VID_18.mp4,2,300,20,custom_dataset\processed\VID_18\002\frame_0020.jpg
VID_18,VID_18.mp4,2,315,21,custom_dataset\processed\VID_18\002\frame_0021.jpg
VID_18,VID_18.mp4,2,330,22,custom_dataset\processed\VID_18\002\frame_0022.jpg
VID_18,VID_18.mp4,2,345,23,custom_dataset\processed\VID_18\002\frame_0023.jpg
VID_18,VID_18.mp4,2,360,24,custom_dataset\processed\VID_18\002\frame_0024.jpg
VID_18,VID_18.mp4,2,375,25,custom_dataset\processed\VID_18\002\frame_0025.jpg
VID_18,VID_18.mp4,2,390,26,custom_dataset\processed\VID_18\002\frame_0026.jpg
VID_18,VID_18.mp4,2,405,27,custom_dataset\processed\VID_18\002\frame_0027.jpg
VID_18,VID_18.mp4,2,420,28,custom_dataset\processed\VID_18\002\frame_0028.jpg
VID_18,VID_18.mp4,2,435,29,custom_dataset\processed\VID_18\002\frame_0029.jpg
VID_18,VID_18.mp4,2,450,30,custom_dataset\processed\VID_18\002\frame_0030.jpg
VID_18,VID_18.mp4,2,465,31,custom_dataset\processed\VID_18\002\frame_0031.jpg
VID_18,VID_18.mp4,2,480,32,custom_dataset\processed\VID_18\002\frame_0032.jpg
VID_18,VID_18.mp4,2,495,33,custom_dataset\processed\VID_18\002\frame_0033.jpg
VID_18,VID_18.mp4,2,510,34,custom_dataset\processed\VID_18\002\frame_0034.jpg
VID_18,VID_18.mp4,2,525,35,custom_dataset\processed\VID_18\002\frame_0035.jpg
VID_18,VID_18.mp4,2,540,36,custom_dataset\processed\VID_18\002\frame_0036.jpg
VID_18,VID_18.mp4,2,555,37,custom_dataset\processed\VID_18\002\frame_0037.jpg
VID_18,VID_18.mp4,2,570,38,custom_dataset\processed\VID_18\002\frame_0038.jpg
VID_18,VID_18.mp4,2,585,39,custom_dataset\processed\VID_18\002\frame_0039.jpg
VID_18,VID_18.mp4,2,600,40,custom_dataset\processed\VID_18\002\frame_0040.jpg
VID_18,VID_18.mp4,2,615,41,custom_dataset\processed\VID_18\002\frame_0041.jpg
VID_18,VID_18.mp4,3,0,0,custom_dataset\processed\VID_18\003\frame_0000.jpg
VID_18,VID_18.mp4,3,15,1,custom_dataset\processed\VID_18\003\frame_0001.jpg
VID_18,VID_18.mp4,3,30,2,custom_dataset\processed\VID_18\003\frame_0002.jpg
VID_18,VID_18.mp4,3,45,3,custom_dataset\processed\VID_18\003\frame_0003.jpg
VID_18,VID_18.mp4,3,60,4,custom_dataset\processed\VID_18\003\frame_0004.jpg
VID_18,VID_18.mp4,3,75,5,custom_dataset\processed\VID_18\003\frame_0005.jpg
VID_18,VID_18.mp4,3,90,6,custom_dataset\processed\VID_18\003\frame_0006.jpg
VID_18,VID_18.mp4,3,105,7,custom_dataset\processed\VID_18\003\frame_0007.jpg
VID_18,VID_18.mp4,3,120,8,custom_dataset\processed\VID_18\003\frame_0008.jpg
VID_18,VID_18.mp4,3,135,9,custom_dataset\processed\VID_18\003\frame_0009.jpg
VID_18,VID_18.mp4,3,150,10,custom_dataset\processed\VID_18\003\frame_0010.jpg
VID_18,VID_18.mp4,3,165,11,custom_dataset\processed\VID_18\003\frame_0011.jpg
VID_18,VID_18.mp4,3,180,12,custom_dataset\processed\VID_18\003\frame_0012.jpg
VID_18,VID_18.mp4,3,195,13,custom_dataset\processed\VID_18\003\frame_0013.jpg
VID_18,VID_18.mp4,3,210,14,custom_dataset\processed\VID_18\003\frame_0014.jpg
VID_18,VID_18.mp4,3,225,15,custom_dataset\processed\VID_18\003\frame_0015.jpg
VID_18,VID_18.mp4,3,240,16,custom_dataset\processed\VID_18\003\frame_0016.jpg
VID_18,VID_18.mp4,3,255,17,custom_dataset\processed\VID_18\003\frame_0017.jpg
VID_18,VID_18.mp4,3,270,18,custom_dataset\processed\VID_18\003\frame_0018.jpg
VID_18,VID_18.mp4,3,285,19,custom_dataset\processed\VID_18\003\frame_0019.jpg
VID_18,VID_18.mp4,3,300,20,custom_dataset\processed\VID_18\003\frame_0020.jpg
VID_18,VID_18.mp4,3,315,21,custom_dataset\processed\VID_18\003\frame_0021.jpg
VID_18,VID_18.mp4,3,330,22,custom_dataset\processed\VID_18\003\frame_0022.jpg
VID_18,VID_18.mp4,3,345,23,custom_dataset\processed\VID_18\003\frame_0023.jpg
VID_18,VID_18.mp4,3,360,24,custom_dataset\processed\VID_18\003\frame_0024.jpg
VID_18,VID_18.mp4,3,375,25,custom_dataset\processed\VID_18\003\frame_0025.jpg
VID_18,VID_18.mp4,3,390,26,custom_dataset\processed\VID_18\003\frame_0026.jpg
VID_18,VID_18.mp4,3,405,27,custom_dataset\processed\VID_18\003\frame_0027.jpg
VID_18,VID_18.mp4,3,420,28,custom_dataset\processed\VID_18\003\frame_0028.jpg
VID_18,VID_18.mp4,3,435,29,custom_dataset\processed\VID_18\003\frame_0029.jpg
VID_18,VID_18.mp4,3,450,30,custom_dataset\processed\VID_18\003\frame_0030.jpg
VID_18,VID_18.mp4,3,465,31,custom_dataset\processed\VID_18\003\frame_0031.jpg
VID_18,VID_18.mp4,3,480,32,custom_dataset\processed\VID_18\003\frame_0032.jpg
VID_18,VID_18.mp4,3,495,33,custom_dataset\processed\VID_18\003\frame_0033.jpg
VID_18,VID_18.mp4,3,510,34,custom_dataset\processed\VID_18\003\frame_0034.jpg
VID_18,VID_18.mp4,3,525,35,custom_dataset\processed\VID_18\003\frame_0035.jpg
VID_18,VID_18.mp4,3,540,36,custom_dataset\processed\VID_18\003\frame_0036.jpg
VID_18,VID_18.mp4,3,555,37,custom_dataset\processed\VID_18\003\frame_0037.jpg
VID_18,VID_18.mp4,3,570,38,custom_dataset\processed\VID_18\003\frame_0038.jpg
VID_18,VID_18.mp4,3,585,39,custom_dataset\processed\VID_18\003\frame_0039.jpg
VID_18,VID_18.mp4,3,600,40,custom_dataset\processed\VID_18\003\frame_0040.jpg
VID_18,VID_18.mp4,3,615,41,custom_dataset\processed\VID_18\003\frame_0041.jpg
VID_18,VID_18.mp4,4,0,0,custom_dataset\processed\VID_18\004\frame_0000.jpg
VID_18,VID_18.mp4,4,15,1,custom_dataset\processed\VID_18\004\frame_0001.jpg
VID_18,VID_18.mp4,4,30,2,custom_dataset\processed\VID_18\004\frame_0002.jpg
VID_18,VID_18.mp4,4,45,3,custom_dataset\processed\VID_18\004\frame_0003.jpg
VID_18,VID_18.mp4,4,60,4,custom_dataset\processed\VID_18\004\frame_0004.jpg
VID_18,VID_18.mp4,4,75,5,custom_dataset\processed\VID_18\004\frame_0005.jpg
VID_18,VID_18.mp4,4,90,6,custom_dataset\processed\VID_18\004\frame_0006.jpg
VID_18,VID_18.mp4,4,105,7,custom_dataset\processed\VID_18\004\frame_0007.jpg
VID_18,VID_18.mp4,4,120,8,custom_dataset\processed\VID_18\004\frame_0008.jpg
VID_18,VID_18.mp4,4,135,9,custom_dataset\processed\VID_18\004\frame_0009.jpg
VID_18,VID_18.mp4,4,150,10,custom_dataset\processed\VID_18\004\frame_0010.jpg
VID_18,VID_18.mp4,4,165,11,custom_dataset\processed\VID_18\004\frame_0011.jpg
VID_18,VID_18.mp4,4,180,12,custom_dataset\processed\VID_18\004\frame_0012.jpg
VID_18,VID_18.mp4,4,195,13,custom_dataset\processed\VID_18\004\frame_0013.jpg
VID_18,VID_18.mp4,4,210,14,custom_dataset\processed\VID_18\004\frame_0014.jpg
VID_18,VID_18.mp4,4,225,15,custom_dataset\processed\VID_18\004\frame_0015.jpg
VID_18,VID_18.mp4,4,240,16,custom_dataset\processed\VID_18\004\frame_0016.jpg
VID_18,VID_18.mp4,4,255,17,custom_dataset\processed\VID_18\004\frame_0017.jpg
VID_18,VID_18.mp4,4,270,18,custom_dataset\processed\VID_18\004\frame_0018.jpg
VID_18,VID_18.mp4,4,285,19,custom_dataset\processed\VID_18\004\frame_0019.jpg
VID_18,VID_18.mp4,4,300,20,custom_dataset\processed\VID_18\004\frame_0020.jpg
VID_18,VID_18.mp4,4,315,21,custom_dataset\processed\VID_18\004\frame_0021.jpg
VID_18,VID_18.mp4,4,330,22,custom_dataset\processed\VID_18\004\frame_0022.jpg
VID_18,VID_18.mp4,4,345,23,custom_dataset\processed\VID_18\004\frame_0023.jpg
VID_18,VID_18.mp4,4,360,24,custom_dataset\processed\VID_18\004\frame_0024.jpg
VID_18,VID_18.mp4,4,375,25,custom_dataset\processed\VID_18\004\frame_0025.jpg
VID_18,VID_18.mp4,4,390,26,custom_dataset\processed\VID_18\004\frame_0026.jpg
VID_18,VID_18.mp4,4,405,27,custom_dataset\processed\VID_18\004\frame_0027.jpg
VID_18,VID_18.mp4,4,420,28,custom_dataset\processed\VID_18\004\frame_0028.jpg
VID_18,VID_18.mp4,4,435,29,custom_dataset\processed\VID_18\004\frame_0029.jpg
VID_18,VID_18.mp4,4,450,30,custom_dataset\processed\VID_18\004\frame_0030.jpg
VID_18,VID_18.mp4,4,465,31,custom_dataset\processed\VID_18\004\frame_0031.jpg
VID_18,VID_18.mp4,4,480,32,custom_dataset\processed\VID_18\004\frame_0032.jpg
VID_18,VID_18.mp4,4,495,33,custom_dataset\processed\VID_18\004\frame_0033.jpg
VID_18,VID_18.mp4,4,510,34,custom_dataset\processed\VID_18\004\frame_0034.jpg
VID_18,VID_18.mp4,4,525,35,custom_dataset\processed\VID_18\004\frame_0035.jpg
VID_18,VID_18.mp4,4,540,36,custom_dataset\processed\VID_18\004\frame_0036.jpg
VID_18,VID_18.mp4,4,555,37,custom_dataset\processed\VID_18\004\frame_0037.jpg
VID_18,VID_18.mp4,4,570,38,custom_dataset\processed\VID_18\004\frame_0038.jpg
VID_18,VID_18.mp4,4,585,39,custom_dataset\processed\VID_18\004\frame_0039.jpg
VID_18,VID_18.mp4,4,600,40,custom_dataset\processed\VID_18\004\frame_0040.jpg
VID_18,VID_18.mp4,4,615,41,custom_dataset\processed\VID_18\004\frame_0041.jpg
VID_18,VID_18.mp4,5,0,0,custom_dataset\processed\VID_18\005\frame_0000.jpg
VID_18,VID_18.mp4,5,15,1,custom_dataset\processed\VID_18\005\frame_0001.jpg
VID_18,VID_18.mp4,5,30,2,custom_dataset\processed\VID_18\005\frame_0002.jpg
VID_18,VID_18.mp4,5,45,3,custom_dataset\processed\VID_18\005\frame_0003.jpg
VID_18,VID_18.mp4,5,60,4,custom_dataset\processed\VID_18\005\frame_0004.jpg
VID_18,VID_18.mp4,5,75,5,custom_dataset\processed\VID_18\005\frame_0005.jpg
VID_18,VID_18.mp4,5,90,6,custom_dataset\processed\VID_18\005\frame_0006.jpg
VID_18,VID_18.mp4,5,105,7,custom_dataset\processed\VID_18\005\frame_0007.jpg
VID_18,VID_18.mp4,5,120,8,custom_dataset\processed\VID_18\005\frame_0008.jpg
VID_18,VID_18.mp4,5,135,9,custom_dataset\processed\VID_18\005\frame_0009.jpg
VID_18,VID_18.mp4,5,150,10,custom_dataset\processed\VID_18\005\frame_0010.jpg
VID_18,VID_18.mp4,5,165,11,custom_dataset\processed\VID_18\005\frame_0011.jpg
VID_18,VID_18.mp4,5,180,12,custom_dataset\processed\VID_18\005\frame_0012.jpg
VID_18,VID_18.mp4,5,195,13,custom_dataset\processed\VID_18\005\frame_0013.jpg
VID_18,VID_18.mp4,5,210,14,custom_dataset\processed\VID_18\005\frame_0014.jpg
VID_18,VID_18.mp4,5,225,15,custom_dataset\processed\VID_18\005\frame_0015.jpg
VID_18,VID_18.mp4,5,240,16,custom_dataset\processed\VID_18\005\frame_0016.jpg
VID_18,VID_18.mp4,5,255,17,custom_dataset\processed\VID_18\005\frame_0017.jpg
VID_18,VID_18.mp4,5,270,18,custom_dataset\processed\VID_18\005\frame_0018.jpg
VID_18,VID_18.mp4,5,285,19,custom_dataset\processed\VID_18\005\frame_0019.jpg
VID_18,VID_18.mp4,5,300,20,custom_dataset\processed\VID_18\005\frame_0020.jpg
VID_18,VID_18.mp4,5,315,21,custom_dataset\processed\VID_18\005\frame_0021.jpg
VID_18,VID_18.mp4,5,330,22,custom_dataset\processed\VID_18\005\frame_0022.jpg
VID_18,VID_18.mp4,5,345,23,custom_dataset\processed\VID_18\005\frame_0023.jpg
VID_18,VID_18.mp4,5,360,24,custom_dataset\processed\VID_18\005\frame_0024.jpg
VID_18,VID_18.mp4,5,375,25,custom_dataset\processed\VID_18\005\frame_0025.jpg
VID_18,VID_18.mp4,5,390,26,custom_dataset\processed\VID_18\005\frame_0026.jpg
VID_18,VID_18.mp4,5,405,27,custom_dataset\processed\VID_18\005\frame_0027.jpg
VID_18,VID_18.mp4,5,420,28,custom_dataset\processed\VID_18\005\frame_0028.jpg
VID_18,VID_18.mp4,5,435,29,custom_dataset\processed\VID_18\005\frame_0029.jpg
VID_18,VID_18.mp4,5,450,30,custom_dataset\processed\VID_18\005\frame_0030.jpg
VID_18,VID_18.mp4,5,465,31,custom_dataset\processed\VID_18\005\frame_0031.jpg
VID_18,VID_18.mp4,5,480,32,custom_dataset\processed\VID_18\005\frame_0032.jpg
VID_18,VID_18.mp4,5,495,33,custom_dataset\processed\VID_18\005\frame_0033.jpg
VID_18,VID_18.mp4,5,510,34,custom_dataset\processed\VID_18\005\frame_0034.jpg
VID_18,VID_18.mp4,5,525,35,custom_dataset\processed\VID_18\005\frame_0035.jpg
VID_18,VID_18.mp4,5,540,36,custom_dataset\processed\VID_18\005\frame_0036.jpg
VID_18,VID_18.mp4,5,555,37,custom_dataset\processed\VID_18\005\frame_0037.jpg
VID_18,VID_18.mp4,5,570,38,custom_dataset\processed\VID_18\005\frame_0038.jpg
VID_18,VID_18.mp4,5,585,39,custom_dataset\processed\VID_18\005\frame_0039.jpg
VID_18,VID_18.mp4,5,600,40,custom_dataset\processed\VID_18\005\frame_0040.jpg
VID_18,VID_18.mp4,6,0,0,custom_dataset\processed\VID_18\006\frame_0000.jpg
VID_18,VID_18.mp4,6,15,1,custom_dataset\processed\VID_18\006\frame_0001.jpg
VID_18,VID_18.mp4,6,30,2,custom_dataset\processed\VID_18\006\frame_0002.jpg
VID_18,VID_18.mp4,6,45,3,custom_dataset\processed\VID_18\006\frame_0003.jpg
VID_18,VID_18.mp4,6,60,4,custom_dataset\processed\VID_18\006\frame_0004.jpg
VID_18,VID_18.mp4,6,75,5,custom_dataset\processed\VID_18\006\frame_0005.jpg
VID_18,VID_18.mp4,6,90,6,custom_dataset\processed\VID_18\006\frame_0006.jpg
VID_18,VID_18.mp4,6,105,7,custom_dataset\processed\VID_18\006\frame_0007.jpg
VID_18,VID_18.mp4,6,120,8,custom_dataset\processed\VID_18\006\frame_0008.jpg
VID_18,VID_18.mp4,6,135,9,custom_dataset\processed\VID_18\006\frame_0009.jpg
VID_18,VID_18.mp4,6,150,10,custom_dataset\processed\VID_18\006\frame_0010.jpg
VID_18,VID_18.mp4,6,165,11,custom_dataset\processed\VID_18\006\frame_0011.jpg
VID_18,VID_18.mp4,6,180,12,custom_dataset\processed\VID_18\006\frame_0012.jpg
VID_18,VID_18.mp4,6,195,13,custom_dataset\processed\VID_18\006\frame_0013.jpg
VID_18,VID_18.mp4,6,210,14,custom_dataset\processed\VID_18\006\frame_0014.jpg
VID_18,VID_18.mp4,6,225,15,custom_dataset\processed\VID_18\006\frame_0015.jpg
VID_18,VID_18.mp4,6,240,16,custom_dataset\processed\VID_18\006\frame_0016.jpg
VID_18,VID_18.mp4,6,255,17,custom_dataset\processed\VID_18\006\frame_0017.jpg
VID_18,VID_18.mp4,6,270,18,custom_dataset\processed\VID_18\006\frame_0018.jpg
VID_18,VID_18.mp4,6,285,19,custom_dataset\processed\VID_18\006\frame_0019.jpg
VID_18,VID_18.mp4,6,300,20,custom_dataset\processed\VID_18\006\frame_0020.jpg
VID_18,VID_18.mp4,6,315,21,custom_dataset\processed\VID_18\006\frame_0021.jpg
VID_18,VID_18.mp4,6,330,22,custom_dataset\processed\VID_18\006\frame_0022.jpg
VID_18,VID_18.mp4,6,345,23,custom_dataset\processed\VID_18\006\frame_0023.jpg
VID_18,VID_18.mp4,6,360,24,custom_dataset\processed\VID_18\006\frame_0024.jpg
VID_18,VID_18.mp4,6,375,25,custom_dataset\processed\VID_18\006\frame_0025.jpg
VID_18,VID_18.mp4,6,390,26,custom_dataset\processed\VID_18\006\frame_0026.jpg
VID_18,VID_18.mp4,6,405,27,custom_dataset\processed\VID_18\006\frame_0027.jpg
VID_18,VID_18.mp4,6,420,28,custom_dataset\processed\VID_18\006\frame_0028.jpg
VID_18,VID_18.mp4,6,435,29,custom_dataset\processed\VID_18\006\frame_0029.jpg
VID_18,VID_18.mp4,6,450,30,custom_dataset\processed\VID_18\006\frame_0030.jpg
VID_18,VID_18.mp4,6,465,31,custom_dataset\processed\VID_18\006\frame_0031.jpg
VID_18,VID_18.mp4,6,480,32,custom_dataset\processed\VID_18\006\frame_0032.jpg
VID_18,VID_18.mp4,6,495,33,custom_dataset\processed\VID_18\006\frame_0033.jpg
VID_18,VID_18.mp4,6,510,34,custom_dataset\processed\VID_18\006\frame_0034.jpg
VID_18,VID_18.mp4,6,525,35,custom_dataset\processed\VID_18\006\frame_0035.jpg
VID_18,VID_18.mp4,6,540,36,custom_dataset\processed\VID_18\006\frame_0036.jpg
VID_18,VID_18.mp4,6,555,37,custom_dataset\processed\VID_18\006\frame_0037.jpg
VID_18,VID_18.mp4,6,570,38,custom_dataset\processed\VID_18\006\frame_0038.jpg
VID_18,VID_18.mp4,6,585,39,custom_dataset\processed\VID_18\006\frame_0039.jpg
VID_18,VID_18.mp4,6,600,40,custom_dataset\processed\VID_18\006\frame_0040.jpg
VID_18,VID_18.mp4,6,615,41,custom_dataset\processed\VID_18\006\frame_0041.jpg
VID_18,VID_18.mp4,8,0,0,custom_dataset\processed\VID_18\008\frame_0000.jpg
VID_18,VID_18.mp4,8,15,1,custom_dataset\processed\VID_18\008\frame_0001.jpg
VID_18,VID_18.mp4,8,30,2,custom_dataset\processed\VID_18\008\frame_0002.jpg
VID_18,VID_18.mp4,8,45,3,custom_dataset\processed\VID_18\008\frame_0003.jpg
VID_18,VID_18.mp4,8,60,4,custom_dataset\processed\VID_18\008\frame_0004.jpg
VID_18,VID_18.mp4,8,75,5,custom_dataset\processed\VID_18\008\frame_0005.jpg
VID_18,VID_18.mp4,8,120,8,custom_dataset\processed\VID_18\008\frame_0008.jpg
VID_18,VID_18.mp4,8,135,9,custom_dataset\processed\VID_18\008\frame_0009.jpg
VID_18,VID_18.mp4,8,150,10,custom_dataset\processed\VID_18\008\frame_0010.jpg
VID_18,VID_18.mp4,8,165,11,custom_dataset\processed\VID_18\008\frame_0011.jpg
VID_18,VID_18.mp4,8,180,12,custom_dataset\processed\VID_18\008\frame_0012.jpg
VID_18,VID_18.mp4,8,195,13,custom_dataset\processed\VID_18\008\frame_0013.jpg
VID_18,VID_18.mp4,8,210,14,custom_dataset\processed\VID_18\008\frame_0014.jpg
VID_18,VID_18.mp4,8,225,15,custom_dataset\processed\VID_18\008\frame_0015.jpg
VID_18,VID_18.mp4,8,240,16,custom_dataset\processed\VID_18\008\frame_0016.jpg
VID_18,VID_18.mp4,8,255,17,custom_dataset\processed\VID_18\008\frame_0017.jpg
VID_18,VID_18.mp4,8,285,19,custom_dataset\processed\VID_18\008\frame_0019.jpg
VID_18,VID_18.mp4,8,300,20,custom_dataset\processed\VID_18\008\frame_0020.jpg
VID_18,VID_18.mp4,8,315,21,custom_dataset\processed\VID_18\008\frame_0021.jpg
VID_18,VID_18.mp4,8,330,22,custom_dataset\processed\VID_18\008\frame_0022.jpg
VID_18,VID_18.mp4,8,345,23,custom_dataset\processed\VID_18\008\frame_0023.jpg
VID_18,VID_18.mp4,8,360,24,custom_dataset\processed\VID_18\008\frame_0024.jpg
VID_18,VID_18.mp4,8,390,26,custom_dataset\processed\VID_18\008\frame_0026.jpg
VID_18,VID_18.mp4,8,420,28,custom_dataset\processed\VID_18\008\frame_0028.jpg
VID_18,VID_18.mp4,8,435,29,custom_dataset\processed\VID_18\008\frame_0029.jpg
VID_18,VID_18.mp4,8,450,30,custom_dataset\processed\VID_18\008\frame_0030.jpg
VID_18,VID_18.mp4,8,465,31,custom_dataset\processed\VID_18\008\frame_0031.jpg
VID_18,VID_18.mp4,8,480,32,custom_dataset\processed\VID_18\008\frame_0032.jpg
VID_18,VID_18.mp4,8,495,33,custom_dataset\processed\VID_18\008\frame_0033.jpg
VID_18,VID_18.mp4,8,510,34,custom_dataset\processed\VID_18\008\frame_0034.jpg
VID_18,VID_18.mp4,8,525,35,custom_dataset\processed\VID_18\008\frame_0035.jpg
VID_18,VID_18.mp4,8,540,36,custom_dataset\processed\VID_18\008\frame_0036.jpg
VID_18,VID_18.mp4,8,555,37,custom_dataset\processed\VID_18\008\frame_0037.jpg
VID_18,VID_18.mp4,8,570,38,custom_dataset\processed\VID_18\008\frame_0038.jpg
VID_18,VID_18.mp4,8,585,39,custom_dataset\processed\VID_18\008\frame_0039.jpg
VID_18,VID_18.mp4,8,600,40,custom_dataset\processed\VID_18\008\frame_0040.jpg
VID_18,VID_18.mp4,8,615,41,custom_dataset\processed\VID_18\008\frame_0041.jpg
VID_18,VID_18.mp4,9,0,0,custom_dataset\processed\VID_18\009\frame_0000.jpg
VID_18,VID_18.mp4,9,15,1,custom_dataset\processed\VID_18\009\frame_0001.jpg
VID_18,VID_18.mp4,9,30,2,custom_dataset\processed\VID_18\009\frame_0002.jpg
VID_18,VID_18.mp4,9,45,3,custom_dataset\processed\VID_18\009\frame_0003.jpg
VID_18,VID_18.mp4,9,60,4,custom_dataset\processed\VID_18\009\frame_0004.jpg
VID_18,VID_18.mp4,9,75,5,custom_dataset\processed\VID_18\009\frame_0005.jpg
VID_18,VID_18.mp4,9,90,6,custom_dataset\processed\VID_18\009\frame_0006.jpg
VID_18,VID_18.mp4,9,105,7,custom_dataset\processed\VID_18\009\frame_0007.jpg
VID_18,VID_18.mp4,9,120,8,custom_dataset\processed\VID_18\009\frame_0008.jpg
VID_18,VID_18.mp4,9,135,9,custom_dataset\processed\VID_18\009\frame_0009.jpg
VID_18,VID_18.mp4,9,150,10,custom_dataset\processed\VID_18\009\frame_0010.jpg
VID_18,VID_18.mp4,9,165,11,custom_dataset\processed\VID_18\009\frame_0011.jpg
VID_18,VID_18.mp4,9,180,12,custom_dataset\processed\VID_18\009\frame_0012.jpg
VID_18,VID_18.mp4,9,225,15,custom_dataset\processed\VID_18\009\frame_0015.jpg
VID_18,VID_18.mp4,9,240,16,custom_dataset\processed\VID_18\009\frame_0016.jpg
VID_18,VID_18.mp4,9,255,17,custom_dataset\processed\VID_18\009\frame_0017.jpg
VID_18,VID_18.mp4,9,270,18,custom_dataset\processed\VID_18\009\frame_0018.jpg
VID_18,VID_18.mp4,9,285,19,custom_dataset\processed\VID_18\009\frame_0019.jpg
VID_18,VID_18.mp4,9,300,20,custom_dataset\processed\VID_18\009\frame_0020.jpg
VID_18,VID_18.mp4,9,315,21,custom_dataset\processed\VID_18\009\frame_0021.jpg
VID_18,VID_18.mp4,9,330,22,custom_dataset\processed\VID_18\009\frame_0022.jpg
VID_18,VID_18.mp4,9,345,23,custom_dataset\processed\VID_18\009\frame_0023.jpg
VID_18,VID_18.mp4,9,360,24,custom_dataset\processed\VID_18\009\frame_0024.jpg
VID_18,VID_18.mp4,9,375,25,custom_dataset\processed\VID_18\009\frame_0025.jpg
VID_18,VID_18.mp4,9,405,27,custom_dataset\processed\VID_18\009\frame_0027.jpg
VID_18,VID_18.mp4,9,420,28,custom_dataset\processed\VID_18\009\frame_0028.jpg
VID_18,VID_18.mp4,9,435,29,custom_dataset\processed\VID_18\009\frame_0029.jpg
VID_18,VID_18.mp4,9,465,31,custom_dataset\processed\VID_18\009\frame_0031.jpg
VID_18,VID_18.mp4,9,480,32,custom_dataset\processed\VID_18\009\frame_0032.jpg
VID_18,VID_18.mp4,9,495,33,custom_dataset\processed\VID_18\009\frame_0033.jpg
VID_18,VID_18.mp4,9,510,34,custom_dataset\processed\VID_18\009\frame_0034.jpg
VID_18,VID_18.mp4,9,525,35,custom_dataset\processed\VID_18\009\frame_0035.jpg
VID_18,VID_18.mp4,9,540,36,custom_dataset\processed\VID_18\009\frame_0036.jpg
VID_18,VID_18.mp4,9,555,37,custom_dataset\processed\VID_18\009\frame_0037.jpg
VID_18,VID_18.mp4,9,570,38,custom_dataset\processed\VID_18\009\frame_0038.jpg
VID_18,VID_18.mp4,9,585,39,custom_dataset\processed\VID_18\009\frame_0039.jpg
VID_18,VID_18.mp4,9,600,40,custom_dataset\processed\VID_18\009\frame_0040.jpg
VID_18,VID_18.mp4,9,615,41,custom_dataset\processed\VID_18\009\frame_0041.jpg
VID_18,VID_18.mp4,11,0,0,custom_dataset\processed\VID_18\011\frame_0000.jpg
VID_18,VID_18.mp4,11,15,1,custom_dataset\processed\VID_18\011\frame_0001.jpg
VID_18,VID_18.mp4,11,30,2,custom_dataset\processed\VID_18\011\frame_0002.jpg
VID_18,VID_18.mp4,11,45,3,custom_dataset\processed\VID_18\011\frame_0003.jpg
VID_18,VID_18.mp4,11,60,4,custom_dataset\processed\VID_18\011\frame_0004.jpg
VID_18,VID_18.mp4,11,75,5,custom_dataset\processed\VID_18\011\frame_0005.jpg
VID_18,VID_18.mp4,11,90,6,custom_dataset\processed\VID_18\011\frame_0006.jpg
VID_18,VID_18.mp4,11,105,7,custom_dataset\processed\VID_18\011\frame_0007.jpg
VID_18,VID_18.mp4,11,120,8,custom_dataset\processed\VID_18\011\frame_0008.jpg
VID_18,VID_18.mp4,11,135,9,custom_dataset\processed\VID_18\011\frame_0009.jpg
VID_18,VID_18.mp4,11,150,10,custom_dataset\processed\VID_18\011\frame_0010.jpg
VID_18,VID_18.mp4,11,165,11,custom_dataset\processed\VID_18\011\frame_0011.jpg
VID_18,VID_18.mp4,11,180,12,custom_dataset\processed\VID_18\011\frame_0012.jpg
VID_18,VID_18.mp4,11,195,13,custom_dataset\processed\VID_18\011\frame_0013.jpg
VID_18,VID_18.mp4,11,225,15,custom_dataset\processed\VID_18\011\frame_0015.jpg
VID_18,VID_18.mp4,11,240,16,custom_dataset\processed\VID_18\011\frame_0016.jpg
VID_18,VID_18.mp4,11,255,17,custom_dataset\processed\VID_18\011\frame_0017.jpg
VID_18,VID_18.mp4,11,285,19,custom_dataset\processed\VID_18\011\frame_0019.jpg
VID_18,VID_18.mp4,11,300,20,custom_dataset\processed\VID_18\011\frame_0020.jpg
VID_18,VID_18.mp4,11,315,21,custom_dataset\processed\VID_18\011\frame_0021.jpg
VID_18,VID_18.mp4,11,330,22,custom_dataset\processed\VID_18\011\frame_0022.jpg
VID_18,VID_18.mp4,11,345,23,custom_dataset\processed\VID_18\011\frame_0023.jpg
VID_18,VID_18.mp4,11,360,24,custom_dataset\processed\VID_18\011\frame_0024.jpg
VID_18,VID_18.mp4,11,375,25,custom_dataset\processed\VID_18\011\frame_0025.jpg
VID_18,VID_18.mp4,11,390,26,custom_dataset\processed\VID_18\011\frame_0026.jpg
VID_18,VID_18.mp4,11,405,27,custom_dataset\processed\VID_18\011\frame_0027.jpg
VID_18,VID_18.mp4,11,420,28,custom_dataset\processed\VID_18\011\frame_0028.jpg
VID_18,VID_18.mp4,11,435,29,custom_dataset\processed\VID_18\011\frame_0029.jpg
VID_18,VID_18.mp4,11,450,30,custom_dataset\processed\VID_18\011\frame_0030.jpg
VID_18,VID_18.mp4,11,465,31,custom_dataset\processed\VID_18\011\frame_0031.jpg
VID_18,VID_18.mp4,11,480,32,custom_dataset\processed\VID_18\011\frame_0032.jpg
VID_18,VID_18.mp4,11,495,33,custom_dataset\processed\VID_18\011\frame_0033.jpg
VID_18,VID_18.mp4,11,510,34,custom_dataset\processed\VID_18\011\frame_0034.jpg
VID_18,VID_18.mp4,11,525,35,custom_dataset\processed\VID_18\011\frame_0035.jpg
VID_18,VID_18.mp4,11,540,36,custom_dataset\processed\VID_18\011\frame_0036.jpg
VID_18,VID_18.mp4,11,555,37,custom_dataset\processed\VID_18\011\frame_0037.jpg
VID_18,VID_18.mp4,11,570,38,custom_dataset\processed\VID_18\011\frame_0038.jpg
VID_18,VID_18.mp4,11,585,39,custom_dataset\processed\VID_18\011\frame_0039.jpg
VID_18,VID_18.mp4,11,600,40,custom_dataset\processed\VID_18\011\frame_0040.jpg
VID_18,VID_18.mp4,11,615,41,custom_dataset\processed\VID_18\011\frame_0041.jpg
VID_18,VID_18.mp4,13,60,4,custom_dataset\processed\VID_18\013\frame_0004.jpg
VID_18,VID_18.mp4,13,75,5,custom_dataset\processed\VID_18\013\frame_0005.jpg
VID_18,VID_18.mp4,13,90,6,custom_dataset\processed\VID_18\013\frame_0006.jpg
VID_18,VID_18.mp4,13,105,7,custom_dataset\processed\VID_18\013\frame_0007.jpg
VID_18,VID_18.mp4,13,120,8,custom_dataset\processed\VID_18\013\frame_0008.jpg
VID_18,VID_18.mp4,13,135,9,custom_dataset\processed\VID_18\013\frame_0009.jpg
VID_18,VID_18.mp4,13,150,10,custom_dataset\processed\VID_18\013\frame_0010.jpg
VID_18,VID_18.mp4,13,165,11,custom_dataset\processed\VID_18\013\frame_0011.jpg
VID_18,VID_18.mp4,13,180,12,custom_dataset\processed\VID_18\013\frame_0012.jpg
VID_18,VID_18.mp4,13,195,13,custom_dataset\processed\VID_18\013\frame_0013.jpg
VID_18,VID_18.mp4,13,210,14,custom_dataset\processed\VID_18\013\frame_0014.jpg
VID_18,VID_18.mp4,13,225,15,custom_dataset\processed\VID_18\013\frame_0015.jpg
VID_18,VID_18.mp4,13,240,16,custom_dataset\processed\VID_18\013\frame_0016.jpg
VID_18,VID_18.mp4,13,270,18,custom_dataset\processed\VID_18\013\frame_0018.jpg
VID_18,VID_18.mp4,17,180,12,custom_dataset\processed\VID_18\017\frame_0012.jpg
VID_18,VID_18.mp4,17,195,13,custom_dataset\processed\VID_18\017\frame_0013.jpg
VID_18,VID_18.mp4,17,210,14,custom_dataset\processed\VID_18\017\frame_0014.jpg
VID_18,VID_18.mp4,17,225,15,custom_dataset\processed\VID_18\017\frame_0015.jpg
VID_18,VID_18.mp4,17,240,16,custom_dataset\processed\VID_18\017\frame_0016.jpg
VID_18,VID_18.mp4,17,285,19,custom_dataset\processed\VID_18\017\frame_0019.jpg
VID_18,VID_18.mp4,17,300,20,custom_dataset\processed\VID_18\017\frame_0020.jpg
VID_18,VID_18.mp4,17,315,21,custom_dataset\processed\VID_18\017\frame_0021.jpg
VID_18,VID_18.mp4,17,330,22,custom_dataset\processed\VID_18\017\frame_0022.jpg
VID_18,VID_18.mp4,17,345,23,custom_dataset\processed\VID_18\017\frame_0023.jpg
VID_18,VID_18.mp4,17,360,24,custom_dataset\processed\VID_18\017\frame_0024.jpg
VID_18,VID_18.mp4,17,375,25,custom_dataset\processed\VID_18\017\frame_0025.jpg
VID_18,VID_18.mp4,17,390,26,custom_dataset\processed\VID_18\017\frame_0026.jpg
VID_18,VID_18.mp4,17,405,27,custom_dataset\processed\VID_18\017\frame_0027.jpg
VID_18,VID_18.mp4,17,465,31,custom_dataset\processed\VID_18\017\frame_0031.jpg
VID_18,VID_18.mp4,17,480,32,custom_dataset\processed\VID_18\017\frame_0032.jpg
VID_18,VID_18.mp4,17,495,33,custom_dataset\processed\VID_18\017\frame_0033.jpg
VID_18,VID_18.mp4,17,510,34,custom_dataset\processed\VID_18\017\frame_0034.jpg
VID_18,VID_18.mp4,17,525,35,custom_dataset\processed\VID_18\017\frame_0035.jpg
VID_18,VID_18.mp4,17,540,36,custom_dataset\processed\VID_18\017\frame_0036.jpg
VID_18,VID_18.mp4,17,555,37,custom_dataset\processed\VID_18\017\frame_0037.jpg
VID_18,VID_18.mp4,17,570,38,custom_dataset\processed\VID_18\017\frame_0038.jpg
VID_18,VID_18.mp4,17,585,39,custom_dataset\processed\VID_18\017\frame_0039.jpg
VID_18,VID_18.mp4,17,600,40,custom_dataset\processed\VID_18\017\frame_0040.jpg
VID_18,VID_18.mp4,17,615,41,custom_dataset\processed\VID_18\017\frame_0041.jpg
VID_19,VID_19.mp4,1,0,0,custom_dataset\processed\VID_19\001\frame_0000.jpg
VID_19,VID_19.mp4,1,15,1,custom_dataset\processed\VID_19\001\frame_0001.jpg
VID_19,VID_19.mp4,1,30,2,custom_dataset\processed\VID_19\001\frame_0002.jpg
VID_19,VID_19.mp4,1,45,3,custom_dataset\processed\VID_19\001\frame_0003.jpg
VID_19,VID_19.mp4,1,60,4,custom_dataset\processed\VID_19\001\frame_0004.jpg
VID_19,VID_19.mp4,1,75,5,custom_dataset\processed\VID_19\001\frame_0005.jpg
VID_19,VID_19.mp4,1,90,6,custom_dataset\processed\VID_19\001\frame_0006.jpg
VID_19,VID_19.mp4,1,105,7,custom_dataset\processed\VID_19\001\frame_0007.jpg
VID_19,VID_19.mp4,1,120,8,custom_dataset\processed\VID_19\001\frame_0008.jpg
VID_19,VID_19.mp4,1,135,9,custom_dataset\processed\VID_19\001\frame_0009.jpg
VID_19,VID_19.mp4,1,150,10,custom_dataset\processed\VID_19\001\frame_0010.jpg
VID_19,VID_19.mp4,1,165,11,custom_dataset\processed\VID_19\001\frame_0011.jpg
VID_19,VID_19.mp4,1,180,12,custom_dataset\processed\VID_19\001\frame_0012.jpg
VID_19,VID_19.mp4,1,195,13,custom_dataset\processed\VID_19\001\frame_0013.jpg
VID_19,VID_19.mp4,1,210,14,custom_dataset\processed\VID_19\001\frame_0014.jpg
VID_19,VID_19.mp4,1,225,15,custom_dataset\processed\VID_19\001\frame_0015.jpg
VID_19,VID_19.mp4,1,240,16,custom_dataset\processed\VID_19\001\frame_0016.jpg
VID_19,VID_19.mp4,1,255,17,custom_dataset\processed\VID_19\001\frame_0017.jpg
VID_19,VID_19.mp4,1,270,18,custom_dataset\processed\VID_19\001\frame_0018.jpg
VID_19,VID_19.mp4,1,285,19,custom_dataset\processed\VID_19\001\frame_0019.jpg
VID_19,VID_19.mp4,1,300,20,custom_dataset\processed\VID_19\001\frame_0020.jpg
VID_19,VID_19.mp4,1,315,21,custom_dataset\processed\VID_19\001\frame_0021.jpg
VID_19,VID_19.mp4,1,330,22,custom_dataset\processed\VID_19\001\frame_0022.jpg
VID_19,VID_19.mp4,1,345,23,custom_dataset\processed\VID_19\001\frame_0023.jpg
VID_19,VID_19.mp4,1,360,24,custom_dataset\processed\VID_19\001\frame_0024.jpg
VID_19,VID_19.mp4,1,375,25,custom_dataset\processed\VID_19\001\frame_0025.jpg
VID_19,VID_19.mp4,1,390,26,custom_dataset\processed\VID_19\001\frame_0026.jpg
VID_19,VID_19.mp4,1,405,27,custom_dataset\processed\VID_19\001\frame_0027.jpg
VID_19,VID_19.mp4,1,420,28,custom_dataset\processed\VID_19\001\frame_0028.jpg
VID_19,VID_19.mp4,1,435,29,custom_dataset\processed\VID_19\001\frame_0029.jpg
VID_19,VID_19.mp4,1,450,30,custom_dataset\processed\VID_19\001\frame_0030.jpg
VID_19,VID_19.mp4,1,465,31,custom_dataset\processed\VID_19\001\frame_0031.jpg
VID_19,VID_19.mp4,1,480,32,custom_dataset\processed\VID_19\001\frame_0032.jpg
VID_19,VID_19.mp4,1,495,33,custom_dataset\processed\VID_19\001\frame_0033.jpg
VID_19,VID_19.mp4,1,510,34,custom_dataset\processed\VID_19\001\frame_0034.jpg
VID_19,VID_19.mp4,1,525,35,custom_dataset\processed\VID_19\001\frame_0035.jpg
VID_19,VID_19.mp4,1,540,36,custom_dataset\processed\VID_19\001\frame_0036.jpg
VID_19,VID_19.mp4,1,555,37,custom_dataset\processed\VID_19\001\frame_0037.jpg
VID_19,VID_19.mp4,1,570,38,custom_dataset\processed\VID_19\001\frame_0038.jpg
VID_19,VID_19.mp4,1,585,39,custom_dataset\processed\VID_19\001\frame_0039.jpg
VID_19,VID_19.mp4,1,600,40,custom_dataset\processed\VID_19\001\frame_0040.jpg
VID_19,VID_19.mp4,2,0,0,custom_dataset\processed\VID_19\002\frame_0000.jpg
VID_19,VID_19.mp4,2,15,1,custom_dataset\processed\VID_19\002\frame_0001.jpg
VID_19,VID_19.mp4,2,30,2,custom_dataset\processed\VID_19\002\frame_0002.jpg
VID_19,VID_19.mp4,2,45,3,custom_dataset\processed\VID_19\002\frame_0003.jpg
VID_19,VID_19.mp4,2,60,4,custom_dataset\processed\VID_19\002\frame_0004.jpg
VID_19,VID_19.mp4,2,75,5,custom_dataset\processed\VID_19\002\frame_0005.jpg
VID_19,VID_19.mp4,2,90,6,custom_dataset\processed\VID_19\002\frame_0006.jpg
VID_19,VID_19.mp4,2,105,7,custom_dataset\processed\VID_19\002\frame_0007.jpg
VID_19,VID_19.mp4,2,120,8,custom_dataset\processed\VID_19\002\frame_0008.jpg
VID_19,VID_19.mp4,2,135,9,custom_dataset\processed\VID_19\002\frame_0009.jpg
VID_19,VID_19.mp4,2,150,10,custom_dataset\processed\VID_19\002\frame_0010.jpg
VID_19,VID_19.mp4,2,165,11,custom_dataset\processed\VID_19\002\frame_0011.jpg
VID_19,VID_19.mp4,2,180,12,custom_dataset\processed\VID_19\002\frame_0012.jpg
VID_19,VID_19.mp4,2,195,13,custom_dataset\processed\VID_19\002\frame_0013.jpg
VID_19,VID_19.mp4,2,210,14,custom_dataset\processed\VID_19\002\frame_0014.jpg
VID_19,VID_19.mp4,2,225,15,custom_dataset\processed\VID_19\002\frame_0015.jpg
VID_19,VID_19.mp4,2,240,16,custom_dataset\processed\VID_19\002\frame_0016.jpg
VID_19,VID_19.mp4,2,255,17,custom_dataset\processed\VID_19\002\frame_0017.jpg
VID_19,VID_19.mp4,2,270,18,custom_dataset\processed\VID_19\002\frame_0018.jpg
VID_19,VID_19.mp4,2,285,19,custom_dataset\processed\VID_19\002\frame_0019.jpg
VID_19,VID_19.mp4,2,300,20,custom_dataset\processed\VID_19\002\frame_0020.jpg
VID_19,VID_19.mp4,2,315,21,custom_dataset\processed\VID_19\002\frame_0021.jpg
VID_19,VID_19.mp4,2,330,22,custom_dataset\processed\VID_19\002\frame_0022.jpg
VID_19,VID_19.mp4,2,345,23,custom_dataset\processed\VID_19\002\frame_0023.jpg
VID_19,VID_19.mp4,2,360,24,custom_dataset\processed\VID_19\002\frame_0024.jpg
VID_19,VID_19.mp4,2,375,25,custom_dataset\processed\VID_19\002\frame_0025.jpg
VID_19,VID_19.mp4,2,390,26,custom_dataset\processed\VID_19\002\frame_0026.jpg
VID_19,VID_19.mp4,2,405,27,custom_dataset\processed\VID_19\002\frame_0027.jpg
VID_19,VID_19.mp4,2,420,28,custom_dataset\processed\VID_19\002\frame_0028.jpg
VID_19,VID_19.mp4,2,435,29,custom_dataset\processed\VID_19\002\frame_0029.jpg
VID_19,VID_19.mp4,2,450,30,custom_dataset\processed\VID_19\002\frame_0030.jpg
VID_19,VID_19.mp4,2,465,31,custom_dataset\processed\VID_19\002\frame_0031.jpg
VID_19,VID_19.mp4,2,480,32,custom_dataset\processed\VID_19\002\frame_0032.jpg
VID_19,VID_19.mp4,2,495,33,custom_dataset\processed\VID_19\002\frame_0033.jpg
VID_19,VID_19.mp4,2,510,34,custom_dataset\processed\VID_19\002\frame_0034.jpg
VID_19,VID_19.mp4,2,525,35,custom_dataset\processed\VID_19\002\frame_0035.jpg
VID_19,VID_19.mp4,2,540,36,custom_dataset\processed\VID_19\002\frame_0036.jpg
VID_19,VID_19.mp4,2,555,37,custom_dataset\processed\VID_19\002\frame_0037.jpg
VID_19,VID_19.mp4,2,570,38,custom_dataset\processed\VID_19\002\frame_0038.jpg
VID_19,VID_19.mp4,2,585,39,custom_dataset\processed\VID_19\002\frame_0039.jpg
VID_19,VID_19.mp4,2,600,40,custom_dataset\processed\VID_19\002\frame_0040.jpg
VID_19,VID_19.mp4,3,0,0,custom_dataset\processed\VID_19\003\frame_0000.jpg
VID_19,VID_19.mp4,3,15,1,custom_dataset\processed\VID_19\003\frame_0001.jpg
VID_19,VID_19.mp4,3,30,2,custom_dataset\processed\VID_19\003\frame_0002.jpg
VID_19,VID_19.mp4,3,45,3,custom_dataset\processed\VID_19\003\frame_0003.jpg
VID_19,VID_19.mp4,3,60,4,custom_dataset\processed\VID_19\003\frame_0004.jpg
VID_19,VID_19.mp4,3,75,5,custom_dataset\processed\VID_19\003\frame_0005.jpg
VID_19,VID_19.mp4,3,90,6,custom_dataset\processed\VID_19\003\frame_0006.jpg
VID_19,VID_19.mp4,3,105,7,custom_dataset\processed\VID_19\003\frame_0007.jpg
VID_19,VID_19.mp4,3,120,8,custom_dataset\processed\VID_19\003\frame_0008.jpg
VID_19,VID_19.mp4,3,135,9,custom_dataset\processed\VID_19\003\frame_0009.jpg
VID_19,VID_19.mp4,3,150,10,custom_dataset\processed\VID_19\003\frame_0010.jpg
VID_19,VID_19.mp4,3,165,11,custom_dataset\processed\VID_19\003\frame_0011.jpg
VID_19,VID_19.mp4,3,180,12,custom_dataset\processed\VID_19\003\frame_0012.jpg
VID_19,VID_19.mp4,3,195,13,custom_dataset\processed\VID_19\003\frame_0013.jpg
VID_19,VID_19.mp4,3,210,14,custom_dataset\processed\VID_19\003\frame_0014.jpg
VID_19,VID_19.mp4,3,225,15,custom_dataset\processed\VID_19\003\frame_0015.jpg
VID_19,VID_19.mp4,3,240,16,custom_dataset\processed\VID_19\003\frame_0016.jpg
VID_19,VID_19.mp4,3,255,17,custom_dataset\processed\VID_19\003\frame_0017.jpg
VID_19,VID_19.mp4,3,270,18,custom_dataset\processed\VID_19\003\frame_0018.jpg
VID_19,VID_19.mp4,3,285,19,custom_dataset\processed\VID_19\003\frame_0019.jpg
VID_19,VID_19.mp4,3,300,20,custom_dataset\processed\VID_19\003\frame_0020.jpg
VID_19,VID_19.mp4,3,315,21,custom_dataset\processed\VID_19\003\frame_0021.jpg
VID_19,VID_19.mp4,3,330,22,custom_dataset\processed\VID_19\003\frame_0022.jpg
VID_19,VID_19.mp4,3,345,23,custom_dataset\processed\VID_19\003\frame_0023.jpg
VID_19,VID_19.mp4,3,360,24,custom_dataset\processed\VID_19\003\frame_0024.jpg
VID_19,VID_19.mp4,3,375,25,custom_dataset\processed\VID_19\003\frame_0025.jpg
VID_19,VID_19.mp4,3,390,26,custom_dataset\processed\VID_19\003\frame_0026.jpg
VID_19,VID_19.mp4,3,405,27,custom_dataset\processed\VID_19\003\frame_0027.jpg
VID_19,VID_19.mp4,3,420,28,custom_dataset\processed\VID_19\003\frame_0028.jpg
VID_19,VID_19.mp4,3,435,29,custom_dataset\processed\VID_19\003\frame_0029.jpg
VID_19,VID_19.mp4,3,450,30,custom_dataset\processed\VID_19\003\frame_0030.jpg
VID_19,VID_19.mp4,3,465,31,custom_dataset\processed\VID_19\003\frame_0031.jpg
VID_19,VID_19.mp4,3,480,32,custom_dataset\processed\VID_19\003\frame_0032.jpg
VID_19,VID_19.mp4,3,495,33,custom_dataset\processed\VID_19\003\frame_0033.jpg
VID_19,VID_19.mp4,3,510,34,custom_dataset\processed\VID_19\003\frame_0034.jpg
VID_19,VID_19.mp4,3,525,35,custom_dataset\processed\VID_19\003\frame_0035.jpg
VID_19,VID_19.mp4,3,540,36,custom_dataset\processed\VID_19\003\frame_0036.jpg
VID_19,VID_19.mp4,3,555,37,custom_dataset\processed\VID_19\003\frame_0037.jpg
VID_19,VID_19.mp4,3,570,38,custom_dataset\processed\VID_19\003\frame_0038.jpg
VID_19,VID_19.mp4,3,585,39,custom_dataset\processed\VID_19\003\frame_0039.jpg
VID_19,VID_19.mp4,3,600,40,custom_dataset\processed\VID_19\003\frame_0040.jpg
VID_19,VID_19.mp4,4,0,0,custom_dataset\processed\VID_19\004\frame_0000.jpg
VID_19,VID_19.mp4,4,15,1,custom_dataset\processed\VID_19\004\frame_0001.jpg
VID_19,VID_19.mp4,4,30,2,custom_dataset\processed\VID_19\004\frame_0002.jpg
VID_19,VID_19.mp4,4,45,3,custom_dataset\processed\VID_19\004\frame_0003.jpg
VID_19,VID_19.mp4,4,60,4,custom_dataset\processed\VID_19\004\frame_0004.jpg
VID_19,VID_19.mp4,4,75,5,custom_dataset\processed\VID_19\004\frame_0005.jpg
VID_19,VID_19.mp4,4,90,6,custom_dataset\processed\VID_19\004\frame_0006.jpg
VID_19,VID_19.mp4,4,105,7,custom_dataset\processed\VID_19\004\frame_0007.jpg
VID_19,VID_19.mp4,4,120,8,custom_dataset\processed\VID_19\004\frame_0008.jpg
VID_19,VID_19.mp4,4,135,9,custom_dataset\processed\VID_19\004\frame_0009.jpg
VID_19,VID_19.mp4,4,150,10,custom_dataset\processed\VID_19\004\frame_0010.jpg
VID_19,VID_19.mp4,4,165,11,custom_dataset\processed\VID_19\004\frame_0011.jpg
VID_19,VID_19.mp4,4,180,12,custom_dataset\processed\VID_19\004\frame_0012.jpg
VID_19,VID_19.mp4,4,195,13,custom_dataset\processed\VID_19\004\frame_0013.jpg
VID_19,VID_19.mp4,4,210,14,custom_dataset\processed\VID_19\004\frame_0014.jpg
VID_19,VID_19.mp4,4,225,15,custom_dataset\processed\VID_19\004\frame_0015.jpg
VID_19,VID_19.mp4,4,240,16,custom_dataset\processed\VID_19\004\frame_0016.jpg
VID_19,VID_19.mp4,4,255,17,custom_dataset\processed\VID_19\004\frame_0017.jpg
VID_19,VID_19.mp4,4,270,18,custom_dataset\processed\VID_19\004\frame_0018.jpg
VID_19,VID_19.mp4,4,285,19,custom_dataset\processed\VID_19\004\frame_0019.jpg
VID_19,VID_19.mp4,4,300,20,custom_dataset\processed\VID_19\004\frame_0020.jpg
VID_19,VID_19.mp4,4,315,21,custom_dataset\processed\VID_19\004\frame_0021.jpg
VID_19,VID_19.mp4,4,330,22,custom_dataset\processed\VID_19\004\frame_0022.jpg
VID_19,VID_19.mp4,4,345,23,custom_dataset\processed\VID_19\004\frame_0023.jpg
VID_19,VID_19.mp4,4,360,24,custom_dataset\processed\VID_19\004\frame_0024.jpg
VID_19,VID_19.mp4,4,375,25,custom_dataset\processed\VID_19\004\frame_0025.jpg
VID_19,VID_19.mp4,4,390,26,custom_dataset\processed\VID_19\004\frame_0026.jpg
VID_19,VID_19.mp4,4,405,27,custom_dataset\processed\VID_19\004\frame_0027.jpg
VID_19,VID_19.mp4,4,420,28,custom_dataset\processed\VID_19\004\frame_0028.jpg
VID_19,VID_19.mp4,4,435,29,custom_dataset\processed\VID_19\004\frame_0029.jpg
VID_19,VID_19.mp4,4,450,30,custom_dataset\processed\VID_19\004\frame_0030.jpg
VID_19,VID_19.mp4,4,465,31,custom_dataset\processed\VID_19\004\frame_0031.jpg
VID_19,VID_19.mp4,4,480,32,custom_dataset\processed\VID_19\004\frame_0032.jpg
VID_19,VID_19.mp4,4,495,33,custom_dataset\processed\VID_19\004\frame_0033.jpg
VID_19,VID_19.mp4,4,510,34,custom_dataset\processed\VID_19\004\frame_0034.jpg
VID_19,VID_19.mp4,4,525,35,custom_dataset\processed\VID_19\004\frame_0035.jpg
VID_19,VID_19.mp4,4,540,36,custom_dataset\processed\VID_19\004\frame_0036.jpg
VID_19,VID_19.mp4,4,555,37,custom_dataset\processed\VID_19\004\frame_0037.jpg
VID_19,VID_19.mp4,4,570,38,custom_dataset\processed\VID_19\004\frame_0038.jpg
VID_19,VID_19.mp4,4,585,39,custom_dataset\processed\VID_19\004\frame_0039.jpg
VID_19,VID_19.mp4,4,600,40,custom_dataset\processed\VID_19\004\frame_0040.jpg
VID_19,VID_19.mp4,5,0,0,custom_dataset\processed\VID_19\005\frame_0000.jpg
VID_19,VID_19.mp4,5,15,1,custom_dataset\processed\VID_19\005\frame_0001.jpg
VID_19,VID_19.mp4,5,30,2,custom_dataset\processed\VID_19\005\frame_0002.jpg
VID_19,VID_19.mp4,5,45,3,custom_dataset\processed\VID_19\005\frame_0003.jpg
VID_19,VID_19.mp4,5,60,4,custom_dataset\processed\VID_19\005\frame_0004.jpg
VID_19,VID_19.mp4,5,90,6,custom_dataset\processed\VID_19\005\frame_0006.jpg
VID_19,VID_19.mp4,5,105,7,custom_dataset\processed\VID_19\005\frame_0007.jpg
VID_19,VID_19.mp4,5,120,8,custom_dataset\processed\VID_19\005\frame_0008.jpg
VID_19,VID_19.mp4,5,135,9,custom_dataset\processed\VID_19\005\frame_0009.jpg
VID_19,VID_19.mp4,5,150,10,custom_dataset\processed\VID_19\005\frame_0010.jpg
VID_19,VID_19.mp4,5,165,11,custom_dataset\processed\VID_19\005\frame_0011.jpg
VID_19,VID_19.mp4,5,180,12,custom_dataset\processed\VID_19\005\frame_0012.jpg
VID_19,VID_19.mp4,5,210,14,custom_dataset\processed\VID_19\005\frame_0014.jpg
VID_19,VID_19.mp4,5,225,15,custom_dataset\processed\VID_19\005\frame_0015.jpg
VID_19,VID_19.mp4,5,240,16,custom_dataset\processed\VID_19\005\frame_0016.jpg
VID_19,VID_19.mp4,5,255,17,custom_dataset\processed\VID_19\005\frame_0017.jpg
VID_19,VID_19.mp4,5,270,18,custom_dataset\processed\VID_19\005\frame_0018.jpg
VID_19,VID_19.mp4,5,285,19,custom_dataset\processed\VID_19\005\frame_0019.jpg
VID_19,VID_19.mp4,5,300,20,custom_dataset\processed\VID_19\005\frame_0020.jpg
VID_19,VID_19.mp4,5,315,21,custom_dataset\processed\VID_19\005\frame_0021.jpg
VID_19,VID_19.mp4,5,330,22,custom_dataset\processed\VID_19\005\frame_0022.jpg
VID_19,VID_19.mp4,5,345,23,custom_dataset\processed\VID_19\005\frame_0023.jpg
VID_19,VID_19.mp4,5,360,24,custom_dataset\processed\VID_19\005\frame_0024.jpg
VID_19,VID_19.mp4,5,375,25,custom_dataset\processed\VID_19\005\frame_0025.jpg
VID_19,VID_19.mp4,5,390,26,custom_dataset\processed\VID_19\005\frame_0026.jpg
VID_19,VID_19.mp4,5,405,27,custom_dataset\processed\VID_19\005\frame_0027.jpg
VID_19,VID_19.mp4,5,420,28,custom_dataset\processed\VID_19\005\frame_0028.jpg
VID_19,VID_19.mp4,5,435,29,custom_dataset\processed\VID_19\005\frame_0029.jpg
VID_19,VID_19.mp4,5,450,30,custom_dataset\processed\VID_19\005\frame_0030.jpg
VID_19,VID_19.mp4,5,465,31,custom_dataset\processed\VID_19\005\frame_0031.jpg
VID_19,VID_19.mp4,5,480,32,custom_dataset\processed\VID_19\005\frame_0032.jpg
VID_19,VID_19.mp4,5,495,33,custom_dataset\processed\VID_19\005\frame_0033.jpg
VID_19,VID_19.mp4,5,510,34,custom_dataset\processed\VID_19\005\frame_0034.jpg
VID_19,VID_19.mp4,5,525,35,custom_dataset\processed\VID_19\005\frame_0035.jpg
VID_19,VID_19.mp4,5,540,36,custom_dataset\processed\VID_19\005\frame_0036.jpg
VID_19,VID_19.mp4,5,555,37,custom_dataset\processed\VID_19\005\frame_0037.jpg
VID_19,VID_19.mp4,5,570,38,custom_dataset\processed\VID_19\005\frame_0038.jpg
VID_19,VID_19.mp4,5,585,39,custom_dataset\processed\VID_19\005\frame_0039.jpg
VID_19,VID_19.mp4,5,600,40,custom_dataset\processed\VID_19\005\frame_0040.jpg
VID_19,VID_19.mp4,6,0,0,custom_dataset\processed\VID_19\006\frame_0000.jpg
VID_19,VID_19.mp4,6,15,1,custom_dataset\processed\VID_19\006\frame_0001.jpg
VID_19,VID_19.mp4,6,30,2,custom_dataset\processed\VID_19\006\frame_0002.jpg
VID_19,VID_19.mp4,6,45,3,custom_dataset\processed\VID_19\006\frame_0003.jpg
VID_19,VID_19.mp4,6,60,4,custom_dataset\processed\VID_19\006\frame_0004.jpg
VID_19,VID_19.mp4,6,75,5,custom_dataset\processed\VID_19\006\frame_0005.jpg
VID_19,VID_19.mp4,6,90,6,custom_dataset\processed\VID_19\006\frame_0006.jpg
VID_19,VID_19.mp4,6,105,7,custom_dataset\processed\VID_19\006\frame_0007.jpg
VID_19,VID_19.mp4,6,120,8,custom_dataset\processed\VID_19\006\frame_0008.jpg
VID_19,VID_19.mp4,6,135,9,custom_dataset\processed\VID_19\006\frame_0009.jpg
VID_19,VID_19.mp4,6,150,10,custom_dataset\processed\VID_19\006\frame_0010.jpg
VID_19,VID_19.mp4,6,165,11,custom_dataset\processed\VID_19\006\frame_0011.jpg
VID_19,VID_19.mp4,6,180,12,custom_dataset\processed\VID_19\006\frame_0012.jpg
VID_19,VID_19.mp4,6,195,13,custom_dataset\processed\VID_19\006\frame_0013.jpg
VID_19,VID_19.mp4,6,210,14,custom_dataset\processed\VID_19\006\frame_0014.jpg
VID_19,VID_19.mp4,6,225,15,custom_dataset\processed\VID_19\006\frame_0015.jpg
VID_19,VID_19.mp4,6,240,16,custom_dataset\processed\VID_19\006\frame_0016.jpg
VID_19,VID_19.mp4,6,255,17,custom_dataset\processed\VID_19\006\frame_0017.jpg
VID_19,VID_19.mp4,6,270,18,custom_dataset\processed\VID_19\006\frame_0018.jpg
VID_19,VID_19.mp4,6,285,19,custom_dataset\processed\VID_19\006\frame_0019.jpg
VID_19,VID_19.mp4,6,300,20,custom_dataset\processed\VID_19\006\frame_0020.jpg
VID_19,VID_19.mp4,6,315,21,custom_dataset\processed\VID_19\006\frame_0021.jpg
VID_19,VID_19.mp4,6,330,22,custom_dataset\processed\VID_19\006\frame_0022.jpg
VID_19,VID_19.mp4,6,345,23,custom_dataset\processed\VID_19\006\frame_0023.jpg
VID_19,VID_19.mp4,6,360,24,custom_dataset\processed\VID_19\006\frame_0024.jpg
VID_19,VID_19.mp4,6,375,25,custom_dataset\processed\VID_19\006\frame_0025.jpg
VID_19,VID_19.mp4,6,390,26,custom_dataset\processed\VID_19\006\frame_0026.jpg
VID_19,VID_19.mp4,6,405,27,custom_dataset\processed\VID_19\006\frame_0027.jpg
VID_19,VID_19.mp4,6,420,28,custom_dataset\processed\VID_19\006\frame_0028.jpg
VID_19,VID_19.mp4,6,435,29,custom_dataset\processed\VID_19\006\frame_0029.jpg
VID_19,VID_19.mp4,6,450,30,custom_dataset\processed\VID_19\006\frame_0030.jpg
VID_19,VID_19.mp4,6,465,31,custom_dataset\processed\VID_19\006\frame_0031.jpg
VID_19,VID_19.mp4,6,480,32,custom_dataset\processed\VID_19\006\frame_0032.jpg
VID_19,VID_19.mp4,6,495,33,custom_dataset\processed\VID_19\006\frame_0033.jpg
VID_19,VID_19.mp4,6,510,34,custom_dataset\processed\VID_19\006\frame_0034.jpg
VID_19,VID_19.mp4,6,525,35,custom_dataset\processed\VID_19\006\frame_0035.jpg
VID_19,VID_19.mp4,6,540,36,custom_dataset\processed\VID_19\006\frame_0036.jpg
VID_19,VID_19.mp4,6,570,38,custom_dataset\processed\VID_19\006\frame_0038.jpg
VID_19,VID_19.mp4,6,585,39,custom_dataset\processed\VID_19\006\frame_0039.jpg
VID_19,VID_19.mp4,6,600,40,custom_dataset\processed\VID_19\006\frame_0040.jpg
VID_19,VID_19.mp4,7,0,0,custom_dataset\processed\VID_19\007\frame_0000.jpg
VID_19,VID_19.mp4,7,0,0,custom_dataset\processed\VID_19\007\frame_0000.jpg
VID_19,VID_19.mp4,7,15,1,custom_dataset\processed\VID_19\007\frame_0001.jpg
VID_19,VID_19.mp4,7,30,2,custom_dataset\processed\VID_19\007\frame_0002.jpg
VID_19,VID_19.mp4,7,45,3,custom_dataset\processed\VID_19\007\frame_0003.jpg
VID_19,VID_19.mp4,7,60,4,custom_dataset\processed\VID_19\007\frame_0004.jpg
VID_19,VID_19.mp4,7,75,5,custom_dataset\processed\VID_19\007\frame_0005.jpg
VID_19,VID_19.mp4,7,90,6,custom_dataset\processed\VID_19\007\frame_0006.jpg
VID_19,VID_19.mp4,7,105,7,custom_dataset\processed\VID_19\007\frame_0007.jpg
VID_19,VID_19.mp4,7,120,8,custom_dataset\processed\VID_19\007\frame_0008.jpg
VID_19,VID_19.mp4,7,135,9,custom_dataset\processed\VID_19\007\frame_0009.jpg
VID_19,VID_19.mp4,7,165,11,custom_dataset\processed\VID_19\007\frame_0011.jpg
VID_19,VID_19.mp4,7,180,12,custom_dataset\processed\VID_19\007\frame_0012.jpg
VID_19,VID_19.mp4,7,195,13,custom_dataset\processed\VID_19\007\frame_0013.jpg
VID_19,VID_19.mp4,7,210,14,custom_dataset\processed\VID_19\007\frame_0014.jpg
VID_19,VID_19.mp4,7,225,15,custom_dataset\processed\VID_19\007\frame_0015.jpg
VID_19,VID_19.mp4,7,240,16,custom_dataset\processed\VID_19\007\frame_0016.jpg
VID_19,VID_19.mp4,7,255,17,custom_dataset\processed\VID_19\007\frame_0017.jpg
VID_19,VID_19.mp4,7,270,18,custom_dataset\processed\VID_19\007\frame_0018.jpg
VID_19,VID_19.mp4,7,300,20,custom_dataset\processed\VID_19\007\frame_0020.jpg
VID_19,VID_19.mp4,7,315,21,custom_dataset\processed\VID_19\007\frame_0021.jpg
VID_19,VID_19.mp4,7,330,22,custom_dataset\processed\VID_19\007\frame_0022.jpg
VID_19,VID_19.mp4,7,345,23,custom_dataset\processed\VID_19\007\frame_0023.jpg
VID_19,VID_19.mp4,8,0,0,custom_dataset\processed\VID_19\008\frame_0000.jpg
VID_19,VID_19.mp4,8,15,1,custom_dataset\processed\VID_19\008\frame_0001.jpg
VID_19,VID_19.mp4,8,30,2,custom_dataset\processed\VID_19\008\frame_0002.jpg
VID_19,VID_19.mp4,8,45,3,custom_dataset\processed\VID_19\008\frame_0003.jpg
VID_19,VID_19.mp4,8,60,4,custom_dataset\processed\VID_19\008\frame_0004.jpg
VID_19,VID_19.mp4,8,90,6,custom_dataset\processed\VID_19\008\frame_0006.jpg
VID_19,VID_19.mp4,8,105,7,custom_dataset\processed\VID_19\008\frame_0007.jpg
VID_19,VID_19.mp4,8,120,8,custom_dataset\processed\VID_19\008\frame_0008.jpg
VID_19,VID_19.mp4,8,150,10,custom_dataset\processed\VID_19\008\frame_0010.jpg
VID_19,VID_19.mp4,8,165,11,custom_dataset\processed\VID_19\008\frame_0011.jpg
VID_19,VID_19.mp4,8,180,12,custom_dataset\processed\VID_19\008\frame_0012.jpg
VID_19,VID_19.mp4,8,195,13,custom_dataset\processed\VID_19\008\frame_0013.jpg
VID_19,VID_19.mp4,8,210,14,custom_dataset\processed\VID_19\008\frame_0014.jpg
VID_19,VID_19.mp4,8,225,15,custom_dataset\processed\VID_19\008\frame_0015.jpg
VID_19,VID_19.mp4,8,255,17,custom_dataset\processed\VID_19\008\frame_0017.jpg
VID_19,VID_19.mp4,8,270,18,custom_dataset\processed\VID_19\008\frame_0018.jpg
VID_19,VID_19.mp4,8,285,19,custom_dataset\processed\VID_19\008\frame_0019.jpg
VID_19,VID_19.mp4,9,0,0,custom_dataset\processed\VID_19\009\frame_0000.jpg
VID_19,VID_19.mp4,9,15,1,custom_dataset\processed\VID_19\009\frame_0001.jpg
VID_19,VID_19.mp4,9,30,2,custom_dataset\processed\VID_19\009\frame_0002.jpg
VID_19,VID_19.mp4,9,45,3,custom_dataset\processed\VID_19\009\frame_0003.jpg
VID_19,VID_19.mp4,9,60,4,custom_dataset\processed\VID_19\009\frame_0004.jpg
VID_19,VID_19.mp4,9,75,5,custom_dataset\processed\VID_19\009\frame_0005.jpg
VID_19,VID_19.mp4,9,90,6,custom_dataset\processed\VID_19\009\frame_0006.jpg
VID_19,VID_19.mp4,9,105,7,custom_dataset\processed\VID_19\009\frame_0007.jpg
VID_19,VID_19.mp4,9,120,8,custom_dataset\processed\VID_19\009\frame_0008.jpg
VID_19,VID_19.mp4,9,165,11,custom_dataset\processed\VID_19\009\frame_0011.jpg
VID_19,VID_19.mp4,9,180,12,custom_dataset\processed\VID_19\009\frame_0012.jpg
VID_19,VID_19.mp4,9,240,16,custom_dataset\processed\VID_19\009\frame_0016.jpg
VID_19,VID_19.mp4,9,255,17,custom_dataset\processed\VID_19\009\frame_0017.jpg
VID_19,VID_19.mp4,9,270,18,custom_dataset\processed\VID_19\009\frame_0018.jpg
VID_19,VID_19.mp4,9,285,19,custom_dataset\processed\VID_19\009\frame_0019.jpg
VID_19,VID_19.mp4,9,300,20,custom_dataset\processed\VID_19\009\frame_0020.jpg
VID_19,VID_19.mp4,9,315,21,custom_dataset\processed\VID_19\009\frame_0021.jpg
VID_19,VID_19.mp4,9,330,22,custom_dataset\processed\VID_19\009\frame_0022.jpg
VID_19,VID_19.mp4,9,360,24,custom_dataset\processed\VID_19\009\frame_0024.jpg
VID_19,VID_19.mp4,9,375,25,custom_dataset\processed\VID_19\009\frame_0025.jpg
VID_19,VID_19.mp4,9,390,26,custom_dataset\processed\VID_19\009\frame_0026.jpg
VID_19,VID_19.mp4,9,405,27,custom_dataset\processed\VID_19\009\frame_0027.jpg
VID_19,VID_19.mp4,9,420,28,custom_dataset\processed\VID_19\009\frame_0028.jpg
VID_19,VID_19.mp4,9,435,29,custom_dataset\processed\VID_19\009\frame_0029.jpg
VID_19,VID_19.mp4,9,450,30,custom_dataset\processed\VID_19\009\frame_0030.jpg
VID_19,VID_19.mp4,9,465,31,custom_dataset\processed\VID_19\009\frame_0031.jpg
VID_19,VID_19.mp4,9,480,32,custom_dataset\processed\VID_19\009\frame_0032.jpg
VID_19,VID_19.mp4,9,495,33,custom_dataset\processed\VID_19\009\frame_0033.jpg
VID_19,VID_19.mp4,9,510,34,custom_dataset\processed\VID_19\009\frame_0034.jpg
VID_19,VID_19.mp4,9,525,35,custom_dataset\processed\VID_19\009\frame_0035.jpg
VID_19,VID_19.mp4,9,540,36,custom_dataset\processed\VID_19\009\frame_0036.jpg
VID_19,VID_19.mp4,11,0,0,custom_dataset\processed\VID_19\011\frame_0000.jpg
VID_19,VID_19.mp4,11,30,2,custom_dataset\processed\VID_19\011\frame_0002.jpg
VID_19,VID_19.mp4,11,45,3,custom_dataset\processed\VID_19\011\frame_0003.jpg
VID_19,VID_19.mp4,11,60,4,custom_dataset\processed\VID_19\011\frame_0004.jpg
VID_19,VID_19.mp4,11,75,5,custom_dataset\processed\VID_19\011\frame_0005.jpg
VID_19,VID_19.mp4,11,90,6,custom_dataset\processed\VID_19\011\frame_0006.jpg
VID_19,VID_19.mp4,11,105,7,custom_dataset\processed\VID_19\011\frame_0007.jpg
VID_19,VID_19.mp4,11,120,8,custom_dataset\processed\VID_19\011\frame_0008.jpg
VID_19,VID_19.mp4,11,135,9,custom_dataset\processed\VID_19\011\frame_0009.jpg
VID_19,VID_19.mp4,11,150,10,custom_dataset\processed\VID_19\011\frame_0010.jpg
VID_19,VID_19.mp4,11,180,12,custom_dataset\processed\VID_19\011\frame_0012.jpg
VID_19,VID_19.mp4,11,210,14,custom_dataset\processed\VID_19\011\frame_0014.jpg
VID_19,VID_19.mp4,11,225,15,custom_dataset\processed\VID_19\011\frame_0015.jpg
VID_19,VID_19.mp4,11,240,16,custom_dataset\processed\VID_19\011\frame_0016.jpg
VID_19,VID_19.mp4,11,255,17,custom_dataset\processed\VID_19\011\frame_0017.jpg
VID_19,VID_19.mp4,11,270,18,custom_dataset\processed\VID_19\011\frame_0018.jpg
VID_19,VID_19.mp4,11,285,19,custom_dataset\processed\VID_19\011\frame_0019.jpg
VID_19,VID_19.mp4,11,300,20,custom_dataset\processed\VID_19\011\frame_0020.jpg
VID_19,VID_19.mp4,11,315,21,custom_dataset\processed\VID_19\011\frame_0021.jpg
VID_19,VID_19.mp4,11,330,22,custom_dataset\processed\VID_19\011\frame_0022.jpg
VID_19,VID_19.mp4,17,90,6,custom_dataset\processed\VID_19\017\frame_0006.jpg
VID_19,VID_19.mp4,17,105,7,custom_dataset\processed\VID_19\017\frame_0007.jpg
VID_19,VID_19.mp4,17,120,8,custom_dataset\processed\VID_19\017\frame_0008.jpg
VID_19,VID_19.mp4,17,135,9,custom_dataset\processed\VID_19\017\frame_0009.jpg
VID_19,VID_19.mp4,17,150,10,custom_dataset\processed\VID_19\017\frame_0010.jpg
VID_19,VID_19.mp4,17,165,11,custom_dataset\processed\VID_19\017\frame_0011.jpg
VID_19,VID_19.mp4,17,180,12,custom_dataset\processed\VID_19\017\frame_0012.jpg
VID_19,VID_19.mp4,17,195,13,custom_dataset\processed\VID_19\017\frame_0013.jpg
VID_19,VID_19.mp4,17,210,14,custom_dataset\processed\VID_19\017\frame_0014.jpg
VID_19,VID_19.mp4,17,225,15,custom_dataset\processed\VID_19\017\frame_0015.jpg
VID_19,VID_19.mp4,17,240,16,custom_dataset\processed\VID_19\017\frame_0016.jpg
VID_19,VID_19.mp4,17,255,17,custom_dataset\processed\VID_19\017\frame_0017.jpg
VID_19,VID_19.mp4,17,270,18,custom_dataset\processed\VID_19\017\frame_0018.jpg
VID_19,VID_19.mp4,17,285,19,custom_dataset\processed\VID_19\017\frame_0019.jpg
VID_19,VID_19.mp4,17,300,20,custom_dataset\processed\VID_19\017\frame_0020.jpg
VID_19,VID_19.mp4,17,315,21,custom_dataset\processed\VID_19\017\frame_0021.jpg
VID_19,VID_19.mp4,17,330,22,custom_dataset\processed\VID_19\017\frame_0022.jpg
VID_19,VID_19.mp4,17,345,23,custom_dataset\processed\VID_19\017\frame_0023.jpg
VID_19,VID_19.mp4,19,120,8,custom_dataset\processed\VID_19\019\frame_0008.jpg
VID_19,VID_19.mp4,19,135,9,custom_dataset\processed\VID_19\019\frame_0009.jpg
VID_19,VID_19.mp4,19,150,10,custom_dataset\processed\VID_19\019\frame_0010.jpg
VID_19,VID_19.mp4,19,165,11,custom_dataset\processed\VID_19\019\frame_0011.jpg
VID_19,VID_19.mp4,19,195,13,custom_dataset\processed\VID_19\019\frame_0013.jpg
VID_19,VID_19.mp4,19,210,14,custom_dataset\processed\VID_19\019\frame_0014.jpg
VID_19,VID_19.mp4,19,225,15,custom_dataset\processed\VID_19\019\frame_0015.jpg
VID_19,VID_19.mp4,19,240,16,custom_dataset\processed\VID_19\019\frame_0016.jpg
VID_19,VID_19.mp4,19,255,17,custom_dataset\processed\VID_19\019\frame_0017.jpg
VID_19,VID_19.mp4,19,270,18,custom_dataset\processed\VID_19\019\frame_0018.jpg
VID_19,VID_19.mp4,19,285,19,custom_dataset\processed\VID_19\019\frame_0019.jpg
VID_19,VID_19.mp4,19,315,21,custom_dataset\processed\VID_19\019\frame_0021.jpg
VID_19,VID_19.mp4,19,330,22,custom_dataset\processed\VID_19\019\frame_0022.jpg
VID_19,VID_19.mp4,19,360,24,custom_dataset\processed\VID_19\019\frame_0024.jpg
VID_19,VID_19.mp4,19,390,26,custom_dataset\processed\VID_19\019\frame_0026.jpg
VID_19,VID_19.mp4,19,405,27,custom_dataset\processed\VID_19\019\frame_0027.jpg
VID_19,VID_19.mp4,19,420,28,custom_dataset\processed\VID_19\019\frame_0028.jpg
VID_19,VID_19.mp4,19,435,29,custom_dataset\processed\VID_19\019\frame_0029.jpg
VID_19,VID_19.mp4,19,450,30,custom_dataset\processed\VID_19\019\frame_0030.jpg
VID_19,VID_19.mp4,19,465,31,custom_dataset\processed\VID_19\019\frame_0031.jpg
VID_19,VID_19.mp4,19,480,32,custom_dataset\processed\VID_19\019\frame_0032.jpg
VID_19,VID_19.mp4,19,495,33,custom_dataset\processed\VID_19\019\frame_0033.jpg
VID_19,VID_19.mp4,19,510,34,custom_dataset\processed\VID_19\019\frame_0034.jpg
VID_19,VID_19.mp4,19,525,35,custom_dataset\processed\VID_19\019\frame_0035.jpg
VID_19,VID_19.mp4,19,540,36,custom_dataset\processed\VID_19\019\frame_0036.jpg
VID_19,VID_19.mp4,19,570,38,custom_dataset\processed\VID_19\019\frame_0038.jpg
VID_19,VID_19.mp4,19,585,39,custom_dataset\processed\VID_19\019\frame_0039.jpg
VID_19,VID_19.mp4,19,600,40,custom_dataset\processed\VID_19\019\frame_0040.jpg
VID_2,VID_2.mp4,1,0,0,custom_dataset\processed\VID_2\001\frame_0000.jpg
VID_2,VID_2.mp4,1,15,1,custom_dataset\processed\VID_2\001\frame_0001.jpg
VID_2,VID_2.mp4,1,30,2,custom_dataset\processed\VID_2\001\frame_0002.jpg
VID_2,VID_2.mp4,1,45,3,custom_dataset\processed\VID_2\001\frame_0003.jpg
VID_2,VID_2.mp4,1,60,4,custom_dataset\processed\VID_2\001\frame_0004.jpg
VID_2,VID_2.mp4,1,75,5,custom_dataset\processed\VID_2\001\frame_0005.jpg
VID_2,VID_2.mp4,1,90,6,custom_dataset\processed\VID_2\001\frame_0006.jpg
VID_2,VID_2.mp4,1,105,7,custom_dataset\processed\VID_2\001\frame_0007.jpg
VID_2,VID_2.mp4,1,120,8,custom_dataset\processed\VID_2\001\frame_0008.jpg
VID_2,VID_2.mp4,1,135,9,custom_dataset\processed\VID_2\001\frame_0009.jpg
VID_2,VID_2.mp4,1,150,10,custom_dataset\processed\VID_2\001\frame_0010.jpg
VID_2,VID_2.mp4,1,165,11,custom_dataset\processed\VID_2\001\frame_0011.jpg
VID_2,VID_2.mp4,1,180,12,custom_dataset\processed\VID_2\001\frame_0012.jpg
VID_2,VID_2.mp4,1,195,13,custom_dataset\processed\VID_2\001\frame_0013.jpg
VID_2,VID_2.mp4,1,210,14,custom_dataset\processed\VID_2\001\frame_0014.jpg
VID_2,VID_2.mp4,1,225,15,custom_dataset\processed\VID_2\001\frame_0015.jpg
VID_2,VID_2.mp4,1,240,16,custom_dataset\processed\VID_2\001\frame_0016.jpg
VID_2,VID_2.mp4,1,255,17,custom_dataset\processed\VID_2\001\frame_0017.jpg
VID_2,VID_2.mp4,1,270,18,custom_dataset\processed\VID_2\001\frame_0018.jpg
VID_2,VID_2.mp4,1,285,19,custom_dataset\processed\VID_2\001\frame_0019.jpg
VID_2,VID_2.mp4,1,300,20,custom_dataset\processed\VID_2\001\frame_0020.jpg
VID_2,VID_2.mp4,1,315,21,custom_dataset\processed\VID_2\001\frame_0021.jpg
VID_2,VID_2.mp4,1,330,22,custom_dataset\processed\VID_2\001\frame_0022.jpg
VID_2,VID_2.mp4,1,345,23,custom_dataset\processed\VID_2\001\frame_0023.jpg
VID_2,VID_2.mp4,1,360,24,custom_dataset\processed\VID_2\001\frame_0024.jpg
VID_2,VID_2.mp4,1,375,25,custom_dataset\processed\VID_2\001\frame_0025.jpg
VID_2,VID_2.mp4,1,390,26,custom_dataset\processed\VID_2\001\frame_0026.jpg
VID_2,VID_2.mp4,1,405,27,custom_dataset\processed\VID_2\001\frame_0027.jpg
VID_2,VID_2.mp4,1,420,28,custom_dataset\processed\VID_2\001\frame_0028.jpg
VID_2,VID_2.mp4,1,435,29,custom_dataset\processed\VID_2\001\frame_0029.jpg
VID_2,VID_2.mp4,1,450,30,custom_dataset\processed\VID_2\001\frame_0030.jpg
VID_2,VID_2.mp4,1,465,31,custom_dataset\processed\VID_2\001\frame_0031.jpg
VID_2,VID_2.mp4,1,480,32,custom_dataset\processed\VID_2\001\frame_0032.jpg
VID_2,VID_2.mp4,2,0,0,custom_dataset\processed\VID_2\002\frame_0000.jpg
VID_2,VID_2.mp4,2,15,1,custom_dataset\processed\VID_2\002\frame_0001.jpg
VID_2,VID_2.mp4,2,30,2,custom_dataset\processed\VID_2\002\frame_0002.jpg
VID_2,VID_2.mp4,2,45,3,custom_dataset\processed\VID_2\002\frame_0003.jpg
VID_2,VID_2.mp4,2,60,4,custom_dataset\processed\VID_2\002\frame_0004.jpg
VID_2,VID_2.mp4,2,75,5,custom_dataset\processed\VID_2\002\frame_0005.jpg
VID_2,VID_2.mp4,2,90,6,custom_dataset\processed\VID_2\002\frame_0006.jpg
VID_2,VID_2.mp4,2,105,7,custom_dataset\processed\VID_2\002\frame_0007.jpg
VID_2,VID_2.mp4,2,120,8,custom_dataset\processed\VID_2\002\frame_0008.jpg
VID_2,VID_2.mp4,2,135,9,custom_dataset\processed\VID_2\002\frame_0009.jpg
VID_2,VID_2.mp4,2,150,10,custom_dataset\processed\VID_2\002\frame_0010.jpg
VID_2,VID_2.mp4,2,165,11,custom_dataset\processed\VID_2\002\frame_0011.jpg
VID_2,VID_2.mp4,2,180,12,custom_dataset\processed\VID_2\002\frame_0012.jpg
VID_2,VID_2.mp4,2,195,13,custom_dataset\processed\VID_2\002\frame_0013.jpg
VID_2,VID_2.mp4,2,210,14,custom_dataset\processed\VID_2\002\frame_0014.jpg
VID_2,VID_2.mp4,2,225,15,custom_dataset\processed\VID_2\002\frame_0015.jpg
VID_2,VID_2.mp4,2,240,16,custom_dataset\processed\VID_2\002\frame_0016.jpg
VID_2,VID_2.mp4,2,255,17,custom_dataset\processed\VID_2\002\frame_0017.jpg
VID_2,VID_2.mp4,2,270,18,custom_dataset\processed\VID_2\002\frame_0018.jpg
VID_2,VID_2.mp4,2,285,19,custom_dataset\processed\VID_2\002\frame_0019.jpg
VID_2,VID_2.mp4,2,300,20,custom_dataset\processed\VID_2\002\frame_0020.jpg
VID_2,VID_2.mp4,2,315,21,custom_dataset\processed\VID_2\002\frame_0021.jpg
VID_2,VID_2.mp4,2,330,22,custom_dataset\processed\VID_2\002\frame_0022.jpg
VID_2,VID_2.mp4,2,345,23,custom_dataset\processed\VID_2\002\frame_0023.jpg
VID_2,VID_2.mp4,2,360,24,custom_dataset\processed\VID_2\002\frame_0024.jpg
VID_2,VID_2.mp4,2,375,25,custom_dataset\processed\VID_2\002\frame_0025.jpg
VID_2,VID_2.mp4,2,390,26,custom_dataset\processed\VID_2\002\frame_0026.jpg
VID_2,VID_2.mp4,2,405,27,custom_dataset\processed\VID_2\002\frame_0027.jpg
VID_2,VID_2.mp4,2,420,28,custom_dataset\processed\VID_2\002\frame_0028.jpg
VID_2,VID_2.mp4,2,435,29,custom_dataset\processed\VID_2\002\frame_0029.jpg
VID_2,VID_2.mp4,2,450,30,custom_dataset\processed\VID_2\002\frame_0030.jpg
VID_2,VID_2.mp4,2,465,31,custom_dataset\processed\VID_2\002\frame_0031.jpg
VID_2,VID_2.mp4,2,480,32,custom_dataset\processed\VID_2\002\frame_0032.jpg
VID_2,VID_2.mp4,3,0,0,custom_dataset\processed\VID_2\003\frame_0000.jpg
VID_2,VID_2.mp4,3,15,1,custom_dataset\processed\VID_2\003\frame_0001.jpg
VID_2,VID_2.mp4,3,30,2,custom_dataset\processed\VID_2\003\frame_0002.jpg
VID_2,VID_2.mp4,3,45,3,custom_dataset\processed\VID_2\003\frame_0003.jpg
VID_2,VID_2.mp4,3,60,4,custom_dataset\processed\VID_2\003\frame_0004.jpg
VID_2,VID_2.mp4,3,75,5,custom_dataset\processed\VID_2\003\frame_0005.jpg
VID_2,VID_2.mp4,3,90,6,custom_dataset\processed\VID_2\003\frame_0006.jpg
VID_2,VID_2.mp4,3,105,7,custom_dataset\processed\VID_2\003\frame_0007.jpg
VID_2,VID_2.mp4,3,120,8,custom_dataset\processed\VID_2\003\frame_0008.jpg
VID_2,VID_2.mp4,3,135,9,custom_dataset\processed\VID_2\003\frame_0009.jpg
VID_2,VID_2.mp4,3,150,10,custom_dataset\processed\VID_2\003\frame_0010.jpg
VID_2,VID_2.mp4,3,165,11,custom_dataset\processed\VID_2\003\frame_0011.jpg
VID_2,VID_2.mp4,3,180,12,custom_dataset\processed\VID_2\003\frame_0012.jpg
VID_2,VID_2.mp4,3,195,13,custom_dataset\processed\VID_2\003\frame_0013.jpg
VID_2,VID_2.mp4,3,210,14,custom_dataset\processed\VID_2\003\frame_0014.jpg
VID_2,VID_2.mp4,3,225,15,custom_dataset\processed\VID_2\003\frame_0015.jpg
VID_2,VID_2.mp4,3,240,16,custom_dataset\processed\VID_2\003\frame_0016.jpg
VID_2,VID_2.mp4,3,255,17,custom_dataset\processed\VID_2\003\frame_0017.jpg
VID_2,VID_2.mp4,3,270,18,custom_dataset\processed\VID_2\003\frame_0018.jpg
VID_2,VID_2.mp4,3,285,19,custom_dataset\processed\VID_2\003\frame_0019.jpg
VID_2,VID_2.mp4,3,300,20,custom_dataset\processed\VID_2\003\frame_0020.jpg
VID_2,VID_2.mp4,3,315,21,custom_dataset\processed\VID_2\003\frame_0021.jpg
VID_2,VID_2.mp4,3,330,22,custom_dataset\processed\VID_2\003\frame_0022.jpg
VID_2,VID_2.mp4,3,345,23,custom_dataset\processed\VID_2\003\frame_0023.jpg
VID_2,VID_2.mp4,3,360,24,custom_dataset\processed\VID_2\003\frame_0024.jpg
VID_2,VID_2.mp4,3,375,25,custom_dataset\processed\VID_2\003\frame_0025.jpg
VID_2,VID_2.mp4,3,390,26,custom_dataset\processed\VID_2\003\frame_0026.jpg
VID_2,VID_2.mp4,3,405,27,custom_dataset\processed\VID_2\003\frame_0027.jpg
VID_2,VID_2.mp4,3,420,28,custom_dataset\processed\VID_2\003\frame_0028.jpg
VID_2,VID_2.mp4,3,435,29,custom_dataset\processed\VID_2\003\frame_0029.jpg
VID_2,VID_2.mp4,3,450,30,custom_dataset\processed\VID_2\003\frame_0030.jpg
VID_2,VID_2.mp4,3,465,31,custom_dataset\processed\VID_2\003\frame_0031.jpg
VID_2,VID_2.mp4,3,480,32,custom_dataset\processed\VID_2\003\frame_0032.jpg
VID_2,VID_2.mp4,4,0,0,custom_dataset\processed\VID_2\004\frame_0000.jpg
VID_2,VID_2.mp4,4,15,1,custom_dataset\processed\VID_2\004\frame_0001.jpg
VID_2,VID_2.mp4,4,30,2,custom_dataset\processed\VID_2\004\frame_0002.jpg
VID_2,VID_2.mp4,4,45,3,custom_dataset\processed\VID_2\004\frame_0003.jpg
VID_2,VID_2.mp4,4,60,4,custom_dataset\processed\VID_2\004\frame_0004.jpg
VID_2,VID_2.mp4,4,75,5,custom_dataset\processed\VID_2\004\frame_0005.jpg
VID_2,VID_2.mp4,4,90,6,custom_dataset\processed\VID_2\004\frame_0006.jpg
VID_2,VID_2.mp4,4,105,7,custom_dataset\processed\VID_2\004\frame_0007.jpg
VID_2,VID_2.mp4,4,120,8,custom_dataset\processed\VID_2\004\frame_0008.jpg
VID_2,VID_2.mp4,4,135,9,custom_dataset\processed\VID_2\004\frame_0009.jpg
VID_2,VID_2.mp4,4,150,10,custom_dataset\processed\VID_2\004\frame_0010.jpg
VID_2,VID_2.mp4,4,165,11,custom_dataset\processed\VID_2\004\frame_0011.jpg
VID_2,VID_2.mp4,4,180,12,custom_dataset\processed\VID_2\004\frame_0012.jpg
VID_2,VID_2.mp4,4,195,13,custom_dataset\processed\VID_2\004\frame_0013.jpg
VID_2,VID_2.mp4,4,210,14,custom_dataset\processed\VID_2\004\frame_0014.jpg
VID_2,VID_2.mp4,4,225,15,custom_dataset\processed\VID_2\004\frame_0015.jpg
VID_2,VID_2.mp4,4,240,16,custom_dataset\processed\VID_2\004\frame_0016.jpg
VID_2,VID_2.mp4,4,255,17,custom_dataset\processed\VID_2\004\frame_0017.jpg
VID_2,VID_2.mp4,4,270,18,custom_dataset\processed\VID_2\004\frame_0018.jpg
VID_2,VID_2.mp4,4,285,19,custom_dataset\processed\VID_2\004\frame_0019.jpg
VID_2,VID_2.mp4,4,300,20,custom_dataset\processed\VID_2\004\frame_0020.jpg
VID_2,VID_2.mp4,4,315,21,custom_dataset\processed\VID_2\004\frame_0021.jpg
VID_2,VID_2.mp4,4,330,22,custom_dataset\processed\VID_2\004\frame_0022.jpg
VID_2,VID_2.mp4,4,345,23,custom_dataset\processed\VID_2\004\frame_0023.jpg
VID_2,VID_2.mp4,4,360,24,custom_dataset\processed\VID_2\004\frame_0024.jpg
VID_2,VID_2.mp4,4,375,25,custom_dataset\processed\VID_2\004\frame_0025.jpg
VID_2,VID_2.mp4,4,390,26,custom_dataset\processed\VID_2\004\frame_0026.jpg
VID_2,VID_2.mp4,4,405,27,custom_dataset\processed\VID_2\004\frame_0027.jpg
VID_2,VID_2.mp4,4,420,28,custom_dataset\processed\VID_2\004\frame_0028.jpg
VID_2,VID_2.mp4,4,435,29,custom_dataset\processed\VID_2\004\frame_0029.jpg
VID_2,VID_2.mp4,4,450,30,custom_dataset\processed\VID_2\004\frame_0030.jpg
VID_2,VID_2.mp4,4,465,31,custom_dataset\processed\VID_2\004\frame_0031.jpg
VID_2,VID_2.mp4,4,480,32,custom_dataset\processed\VID_2\004\frame_0032.jpg
VID_2,VID_2.mp4,5,0,0,custom_dataset\processed\VID_2\005\frame_0000.jpg
VID_2,VID_2.mp4,5,15,1,custom_dataset\processed\VID_2\005\frame_0001.jpg
VID_2,VID_2.mp4,5,30,2,custom_dataset\processed\VID_2\005\frame_0002.jpg
VID_2,VID_2.mp4,5,45,3,custom_dataset\processed\VID_2\005\frame_0003.jpg
VID_2,VID_2.mp4,5,60,4,custom_dataset\processed\VID_2\005\frame_0004.jpg
VID_2,VID_2.mp4,5,75,5,custom_dataset\processed\VID_2\005\frame_0005.jpg
VID_2,VID_2.mp4,5,90,6,custom_dataset\processed\VID_2\005\frame_0006.jpg
VID_2,VID_2.mp4,5,105,7,custom_dataset\processed\VID_2\005\frame_0007.jpg
VID_2,VID_2.mp4,5,120,8,custom_dataset\processed\VID_2\005\frame_0008.jpg
VID_2,VID_2.mp4,5,135,9,custom_dataset\processed\VID_2\005\frame_0009.jpg
VID_2,VID_2.mp4,5,150,10,custom_dataset\processed\VID_2\005\frame_0010.jpg
VID_2,VID_2.mp4,5,165,11,custom_dataset\processed\VID_2\005\frame_0011.jpg
VID_2,VID_2.mp4,5,180,12,custom_dataset\processed\VID_2\005\frame_0012.jpg
VID_2,VID_2.mp4,5,195,13,custom_dataset\processed\VID_2\005\frame_0013.jpg
VID_2,VID_2.mp4,5,210,14,custom_dataset\processed\VID_2\005\frame_0014.jpg
VID_2,VID_2.mp4,5,225,15,custom_dataset\processed\VID_2\005\frame_0015.jpg
VID_2,VID_2.mp4,5,240,16,custom_dataset\processed\VID_2\005\frame_0016.jpg
VID_2,VID_2.mp4,5,255,17,custom_dataset\processed\VID_2\005\frame_0017.jpg
VID_2,VID_2.mp4,5,270,18,custom_dataset\processed\VID_2\005\frame_0018.jpg
VID_2,VID_2.mp4,5,285,19,custom_dataset\processed\VID_2\005\frame_0019.jpg
VID_2,VID_2.mp4,5,300,20,custom_dataset\processed\VID_2\005\frame_0020.jpg
VID_2,VID_2.mp4,5,315,21,custom_dataset\processed\VID_2\005\frame_0021.jpg
VID_2,VID_2.mp4,5,330,22,custom_dataset\processed\VID_2\005\frame_0022.jpg
VID_2,VID_2.mp4,5,345,23,custom_dataset\processed\VID_2\005\frame_0023.jpg
VID_2,VID_2.mp4,5,360,24,custom_dataset\processed\VID_2\005\frame_0024.jpg
VID_2,VID_2.mp4,5,375,25,custom_dataset\processed\VID_2\005\frame_0025.jpg
VID_2,VID_2.mp4,5,390,26,custom_dataset\processed\VID_2\005\frame_0026.jpg
VID_2,VID_2.mp4,5,405,27,custom_dataset\processed\VID_2\005\frame_0027.jpg
VID_2,VID_2.mp4,5,420,28,custom_dataset\processed\VID_2\005\frame_0028.jpg
VID_2,VID_2.mp4,5,435,29,custom_dataset\processed\VID_2\005\frame_0029.jpg
VID_2,VID_2.mp4,5,450,30,custom_dataset\processed\VID_2\005\frame_0030.jpg
VID_2,VID_2.mp4,5,465,31,custom_dataset\processed\VID_2\005\frame_0031.jpg
VID_2,VID_2.mp4,5,480,32,custom_dataset\processed\VID_2\005\frame_0032.jpg
VID_2,VID_2.mp4,7,0,0,custom_dataset\processed\VID_2\007\frame_0000.jpg
VID_2,VID_2.mp4,7,0,0,custom_dataset\processed\VID_2\007\frame_0000.jpg
VID_2,VID_2.mp4,7,15,1,custom_dataset\processed\VID_2\007\frame_0001.jpg
VID_2,VID_2.mp4,7,30,2,custom_dataset\processed\VID_2\007\frame_0002.jpg
VID_2,VID_2.mp4,7,45,3,custom_dataset\processed\VID_2\007\frame_0003.jpg
VID_2,VID_2.mp4,7,60,4,custom_dataset\processed\VID_2\007\frame_0004.jpg
VID_2,VID_2.mp4,7,75,5,custom_dataset\processed\VID_2\007\frame_0005.jpg
VID_2,VID_2.mp4,7,90,6,custom_dataset\processed\VID_2\007\frame_0006.jpg
VID_2,VID_2.mp4,7,105,7,custom_dataset\processed\VID_2\007\frame_0007.jpg
VID_2,VID_2.mp4,7,120,8,custom_dataset\processed\VID_2\007\frame_0008.jpg
VID_2,VID_2.mp4,7,135,9,custom_dataset\processed\VID_2\007\frame_0009.jpg
VID_2,VID_2.mp4,7,150,10,custom_dataset\processed\VID_2\007\frame_0010.jpg
VID_2,VID_2.mp4,7,165,11,custom_dataset\processed\VID_2\007\frame_0011.jpg
VID_2,VID_2.mp4,7,180,12,custom_dataset\processed\VID_2\007\frame_0012.jpg
VID_2,VID_2.mp4,7,195,13,custom_dataset\processed\VID_2\007\frame_0013.jpg
VID_2,VID_2.mp4,7,210,14,custom_dataset\processed\VID_2\007\frame_0014.jpg
VID_2,VID_2.mp4,7,225,15,custom_dataset\processed\VID_2\007\frame_0015.jpg
VID_2,VID_2.mp4,7,240,16,custom_dataset\processed\VID_2\007\frame_0016.jpg
VID_2,VID_2.mp4,7,300,20,custom_dataset\processed\VID_2\007\frame_0020.jpg
VID_2,VID_2.mp4,7,330,22,custom_dataset\processed\VID_2\007\frame_0022.jpg
VID_2,VID_2.mp4,7,375,25,custom_dataset\processed\VID_2\007\frame_0025.jpg
VID_2,VID_2.mp4,7,390,26,custom_dataset\processed\VID_2\007\frame_0026.jpg
VID_2,VID_2.mp4,8,0,0,custom_dataset\processed\VID_2\008\frame_0000.jpg
VID_2,VID_2.mp4,8,15,1,custom_dataset\processed\VID_2\008\frame_0001.jpg
VID_2,VID_2.mp4,8,30,2,custom_dataset\processed\VID_2\008\frame_0002.jpg
VID_2,VID_2.mp4,8,45,3,custom_dataset\processed\VID_2\008\frame_0003.jpg
VID_2,VID_2.mp4,8,60,4,custom_dataset\processed\VID_2\008\frame_0004.jpg
VID_2,VID_2.mp4,8,75,5,custom_dataset\processed\VID_2\008\frame_0005.jpg
VID_2,VID_2.mp4,8,135,9,custom_dataset\processed\VID_2\008\frame_0009.jpg
VID_2,VID_2.mp4,8,150,10,custom_dataset\processed\VID_2\008\frame_0010.jpg
VID_2,VID_2.mp4,8,165,11,custom_dataset\processed\VID_2\008\frame_0011.jpg
VID_2,VID_2.mp4,8,180,12,custom_dataset\processed\VID_2\008\frame_0012.jpg
VID_2,VID_2.mp4,8,195,13,custom_dataset\processed\VID_2\008\frame_0013.jpg
VID_2,VID_2.mp4,8,210,14,custom_dataset\processed\VID_2\008\frame_0014.jpg
VID_2,VID_2.mp4,8,225,15,custom_dataset\processed\VID_2\008\frame_0015.jpg
VID_2,VID_2.mp4,8,255,17,custom_dataset\processed\VID_2\008\frame_0017.jpg
VID_2,VID_2.mp4,8,270,18,custom_dataset\processed\VID_2\008\frame_0018.jpg
VID_2,VID_2.mp4,8,285,19,custom_dataset\processed\VID_2\008\frame_0019.jpg
VID_2,VID_2.mp4,8,300,20,custom_dataset\processed\VID_2\008\frame_0020.jpg
VID_2,VID_2.mp4,8,315,21,custom_dataset\processed\VID_2\008\frame_0021.jpg
VID_2,VID_2.mp4,8,330,22,custom_dataset\processed\VID_2\008\frame_0022.jpg
VID_2,VID_2.mp4,8,345,23,custom_dataset\processed\VID_2\008\frame_0023.jpg
VID_2,VID_2.mp4,8,360,24,custom_dataset\processed\VID_2\008\frame_0024.jpg
VID_2,VID_2.mp4,8,375,25,custom_dataset\processed\VID_2\008\frame_0025.jpg
VID_2,VID_2.mp4,8,390,26,custom_dataset\processed\VID_2\008\frame_0026.jpg
VID_2,VID_2.mp4,8,405,27,custom_dataset\processed\VID_2\008\frame_0027.jpg
VID_2,VID_2.mp4,8,420,28,custom_dataset\processed\VID_2\008\frame_0028.jpg
VID_2,VID_2.mp4,8,465,31,custom_dataset\processed\VID_2\008\frame_0031.jpg
VID_2,VID_2.mp4,8,480,32,custom_dataset\processed\VID_2\008\frame_0032.jpg
VID_2,VID_2.mp4,9,0,0,custom_dataset\processed\VID_2\009\frame_0000.jpg
VID_2,VID_2.mp4,9,15,1,custom_dataset\processed\VID_2\009\frame_0001.jpg
VID_2,VID_2.mp4,9,30,2,custom_dataset\processed\VID_2\009\frame_0002.jpg
VID_2,VID_2.mp4,9,45,3,custom_dataset\processed\VID_2\009\frame_0003.jpg
VID_2,VID_2.mp4,9,60,4,custom_dataset\processed\VID_2\009\frame_0004.jpg
VID_2,VID_2.mp4,9,75,5,custom_dataset\processed\VID_2\009\frame_0005.jpg
VID_2,VID_2.mp4,9,90,6,custom_dataset\processed\VID_2\009\frame_0006.jpg
VID_2,VID_2.mp4,9,105,7,custom_dataset\processed\VID_2\009\frame_0007.jpg
VID_2,VID_2.mp4,9,120,8,custom_dataset\processed\VID_2\009\frame_0008.jpg
VID_2,VID_2.mp4,14,30,2,custom_dataset\processed\VID_2\014\frame_0002.jpg
VID_2,VID_2.mp4,14,45,3,custom_dataset\processed\VID_2\014\frame_0003.jpg
VID_2,VID_2.mp4,14,60,4,custom_dataset\processed\VID_2\014\frame_0004.jpg
VID_2,VID_2.mp4,14,75,5,custom_dataset\processed\VID_2\014\frame_0005.jpg
VID_2,VID_2.mp4,14,90,6,custom_dataset\processed\VID_2\014\frame_0006.jpg
VID_2,VID_2.mp4,14,105,7,custom_dataset\processed\VID_2\014\frame_0007.jpg
VID_2,VID_2.mp4,14,120,8,custom_dataset\processed\VID_2\014\frame_0008.jpg
VID_2,VID_2.mp4,14,135,9,custom_dataset\processed\VID_2\014\frame_0009.jpg
VID_2,VID_2.mp4,14,150,10,custom_dataset\processed\VID_2\014\frame_0010.jpg
VID_2,VID_2.mp4,14,165,11,custom_dataset\processed\VID_2\014\frame_0011.jpg
VID_2,VID_2.mp4,14,180,12,custom_dataset\processed\VID_2\014\frame_0012.jpg
VID_2,VID_2.mp4,14,195,13,custom_dataset\processed\VID_2\014\frame_0013.jpg
VID_2,VID_2.mp4,14,210,14,custom_dataset\processed\VID_2\014\frame_0014.jpg
VID_2,VID_2.mp4,14,225,15,custom_dataset\processed\VID_2\014\frame_0015.jpg
VID_2,VID_2.mp4,14,240,16,custom_dataset\processed\VID_2\014\frame_0016.jpg
VID_2,VID_2.mp4,14,255,17,custom_dataset\processed\VID_2\014\frame_0017.jpg
VID_2,VID_2.mp4,14,270,18,custom_dataset\processed\VID_2\014\frame_0018.jpg
VID_2,VID_2.mp4,14,285,19,custom_dataset\processed\VID_2\014\frame_0019.jpg
VID_2,VID_2.mp4,14,300,20,custom_dataset\processed\VID_2\014\frame_0020.jpg
VID_2,VID_2.mp4,14,315,21,custom_dataset\processed\VID_2\014\frame_0021.jpg
VID_2,VID_2.mp4,14,330,22,custom_dataset\processed\VID_2\014\frame_0022.jpg
VID_2,VID_2.mp4,14,375,25,custom_dataset\processed\VID_2\014\frame_0025.jpg
VID_2,VID_2.mp4,14,390,26,custom_dataset\processed\VID_2\014\frame_0026.jpg
VID_2,VID_2.mp4,14,405,27,custom_dataset\processed\VID_2\014\frame_0027.jpg
VID_2,VID_2.mp4,14,420,28,custom_dataset\processed\VID_2\014\frame_0028.jpg
VID_2,VID_2.mp4,14,435,29,custom_dataset\processed\VID_2\014\frame_0029.jpg
VID_2,VID_2.mp4,14,450,30,custom_dataset\processed\VID_2\014\frame_0030.jpg
VID_2,VID_2.mp4,14,465,31,custom_dataset\processed\VID_2\014\frame_0031.jpg
VID_2,VID_2.mp4,14,480,32,custom_dataset\processed\VID_2\014\frame_0032.jpg
VID_2,VID_2.mp4,15,120,8,custom_dataset\processed\VID_2\015\frame_0008.jpg
VID_2,VID_2.mp4,15,150,10,custom_dataset\processed\VID_2\015\frame_0010.jpg
VID_2,VID_2.mp4,15,165,11,custom_dataset\processed\VID_2\015\frame_0011.jpg
VID_2,VID_2.mp4,15,180,12,custom_dataset\processed\VID_2\015\frame_0012.jpg
VID_2,VID_2.mp4,15,225,15,custom_dataset\processed\VID_2\015\frame_0015.jpg
VID_2,VID_2.mp4,15,240,16,custom_dataset\processed\VID_2\015\frame_0016.jpg
VID_2,VID_2.mp4,15,255,17,custom_dataset\processed\VID_2\015\frame_0017.jpg
VID_2,VID_2.mp4,15,270,18,custom_dataset\processed\VID_2\015\frame_0018.jpg
VID_2,VID_2.mp4,15,300,20,custom_dataset\processed\VID_2\015\frame_0020.jpg
VID_2,VID_2.mp4,15,315,21,custom_dataset\processed\VID_2\015\frame_0021.jpg
VID_2,VID_2.mp4,15,330,22,custom_dataset\processed\VID_2\015\frame_0022.jpg
VID_2,VID_2.mp4,15,345,23,custom_dataset\processed\VID_2\015\frame_0023.jpg
VID_2,VID_2.mp4,15,360,24,custom_dataset\processed\VID_2\015\frame_0024.jpg
VID_2,VID_2.mp4,15,375,25,custom_dataset\processed\VID_2\015\frame_0025.jpg
VID_2,VID_2.mp4,15,390,26,custom_dataset\processed\VID_2\015\frame_0026.jpg
VID_2,VID_2.mp4,15,405,27,custom_dataset\processed\VID_2\015\frame_0027.jpg
VID_2,VID_2.mp4,15,420,28,custom_dataset\processed\VID_2\015\frame_0028.jpg
VID_2,VID_2.mp4,15,435,29,custom_dataset\processed\VID_2\015\frame_0029.jpg
VID_2,VID_2.mp4,15,450,30,custom_dataset\processed\VID_2\015\frame_0030.jpg
VID_2,VID_2.mp4,15,480,32,custom_dataset\processed\VID_2\015\frame_0032.jpg
VID_2,VID_2.mp4,18,225,15,custom_dataset\processed\VID_2\018\frame_0015.jpg
VID_2,VID_2.mp4,18,240,16,custom_dataset\processed\VID_2\018\frame_0016.jpg
VID_2,VID_2.mp4,18,255,17,custom_dataset\processed\VID_2\018\frame_0017.jpg
VID_2,VID_2.mp4,18,270,18,custom_dataset\processed\VID_2\018\frame_0018.jpg
VID_2,VID_2.mp4,18,300,20,custom_dataset\processed\VID_2\018\frame_0020.jpg
VID_2,VID_2.mp4,18,360,24,custom_dataset\processed\VID_2\018\frame_0024.jpg
VID_2,VID_2.mp4,18,375,25,custom_dataset\processed\VID_2\018\frame_0025.jpg
VID_2,VID_2.mp4,18,390,26,custom_dataset\processed\VID_2\018\frame_0026.jpg
VID_2,VID_2.mp4,18,405,27,custom_dataset\processed\VID_2\018\frame_0027.jpg
VID_2,VID_2.mp4,18,420,28,custom_dataset\processed\VID_2\018\frame_0028.jpg
VID_2,VID_2.mp4,18,435,29,custom_dataset\processed\VID_2\018\frame_0029.jpg
VID_2,VID_2.mp4,18,450,30,custom_dataset\processed\VID_2\018\frame_0030.jpg
VID_2,VID_2.mp4,18,465,31,custom_dataset\processed\VID_2\018\frame_0031.jpg
VID_2,VID_2.mp4,18,480,32,custom_dataset\processed\VID_2\018\frame_0032.jpg
VID_2,VID_2.mp4,19,240,16,custom_dataset\processed\VID_2\019\frame_0016.jpg
VID_2,VID_2.mp4,19,255,17,custom_dataset\processed\VID_2\019\frame_0017.jpg
VID_2,VID_2.mp4,19,270,18,custom_dataset\processed\VID_2\019\frame_0018.jpg
VID_2,VID_2.mp4,19,285,19,custom_dataset\processed\VID_2\019\frame_0019.jpg
VID_2,VID_2.mp4,19,315,21,custom_dataset\processed\VID_2\019\frame_0021.jpg
VID_2,VID_2.mp4,19,345,23,custom_dataset\processed\VID_2\019\frame_0023.jpg
VID_2,VID_2.mp4,19,360,24,custom_dataset\processed\VID_2\019\frame_0024.jpg
VID_2,VID_2.mp4,19,405,27,custom_dataset\processed\VID_2\019\frame_0027.jpg
VID_2,VID_2.mp4,19,420,28,custom_dataset\processed\VID_2\019\frame_0028.jpg
VID_2,VID_2.mp4,19,435,29,custom_dataset\processed\VID_2\019\frame_0029.jpg
VID_2,VID_2.mp4,19,450,30,custom_dataset\processed\VID_2\019\frame_0030.jpg
VID_2,VID_2.mp4,19,465,31,custom_dataset\processed\VID_2\019\frame_0031.jpg
VID_2,VID_2.mp4,19,480,32,custom_dataset\processed\VID_2\019\frame_0032.jpg
VID_2,VID_2.mp4,23,330,22,custom_dataset\processed\VID_2\023\frame_0022.jpg
VID_2,VID_2.mp4,23,345,23,custom_dataset\processed\VID_2\023\frame_0023.jpg
VID_2,VID_2.mp4,23,375,25,custom_dataset\processed\VID_2\023\frame_0025.jpg
VID_2,VID_2.mp4,23,405,27,custom_dataset\processed\VID_2\023\frame_0027.jpg
VID_2,VID_2.mp4,23,420,28,custom_dataset\processed\VID_2\023\frame_0028.jpg
VID_2,VID_2.mp4,23,435,29,custom_dataset\processed\VID_2\023\frame_0029.jpg
VID_2,VID_2.mp4,23,450,30,custom_dataset\processed\VID_2\023\frame_0030.jpg
VID_2,VID_2.mp4,23,465,31,custom_dataset\processed\VID_2\023\frame_0031.jpg
VID_20,VID_20.mp4,1,0,0,custom_dataset\processed\VID_20\001\frame_0000.jpg
VID_20,VID_20.mp4,1,15,1,custom_dataset\processed\VID_20\001\frame_0001.jpg
VID_20,VID_20.mp4,1,30,2,custom_dataset\processed\VID_20\001\frame_0002.jpg
VID_20,VID_20.mp4,1,45,3,custom_dataset\processed\VID_20\001\frame_0003.jpg
VID_20,VID_20.mp4,1,60,4,custom_dataset\processed\VID_20\001\frame_0004.jpg
VID_20,VID_20.mp4,1,75,5,custom_dataset\processed\VID_20\001\frame_0005.jpg
VID_20,VID_20.mp4,1,90,6,custom_dataset\processed\VID_20\001\frame_0006.jpg
VID_20,VID_20.mp4,1,105,7,custom_dataset\processed\VID_20\001\frame_0007.jpg
VID_20,VID_20.mp4,1,120,8,custom_dataset\processed\VID_20\001\frame_0008.jpg
VID_20,VID_20.mp4,1,135,9,custom_dataset\processed\VID_20\001\frame_0009.jpg
VID_20,VID_20.mp4,1,150,10,custom_dataset\processed\VID_20\001\frame_0010.jpg
VID_20,VID_20.mp4,1,165,11,custom_dataset\processed\VID_20\001\frame_0011.jpg
VID_20,VID_20.mp4,1,180,12,custom_dataset\processed\VID_20\001\frame_0012.jpg
VID_20,VID_20.mp4,1,195,13,custom_dataset\processed\VID_20\001\frame_0013.jpg
VID_20,VID_20.mp4,1,210,14,custom_dataset\processed\VID_20\001\frame_0014.jpg
VID_20,VID_20.mp4,1,225,15,custom_dataset\processed\VID_20\001\frame_0015.jpg
VID_20,VID_20.mp4,1,240,16,custom_dataset\processed\VID_20\001\frame_0016.jpg
VID_20,VID_20.mp4,1,255,17,custom_dataset\processed\VID_20\001\frame_0017.jpg
VID_20,VID_20.mp4,1,270,18,custom_dataset\processed\VID_20\001\frame_0018.jpg
VID_20,VID_20.mp4,1,285,19,custom_dataset\processed\VID_20\001\frame_0019.jpg
VID_20,VID_20.mp4,1,300,20,custom_dataset\processed\VID_20\001\frame_0020.jpg
VID_20,VID_20.mp4,1,315,21,custom_dataset\processed\VID_20\001\frame_0021.jpg
VID_20,VID_20.mp4,1,330,22,custom_dataset\processed\VID_20\001\frame_0022.jpg
VID_20,VID_20.mp4,1,345,23,custom_dataset\processed\VID_20\001\frame_0023.jpg
VID_20,VID_20.mp4,1,360,24,custom_dataset\processed\VID_20\001\frame_0024.jpg
VID_20,VID_20.mp4,1,375,25,custom_dataset\processed\VID_20\001\frame_0025.jpg
VID_20,VID_20.mp4,1,390,26,custom_dataset\processed\VID_20\001\frame_0026.jpg
VID_20,VID_20.mp4,1,405,27,custom_dataset\processed\VID_20\001\frame_0027.jpg
VID_20,VID_20.mp4,1,420,28,custom_dataset\processed\VID_20\001\frame_0028.jpg
VID_20,VID_20.mp4,1,435,29,custom_dataset\processed\VID_20\001\frame_0029.jpg
VID_20,VID_20.mp4,1,450,30,custom_dataset\processed\VID_20\001\frame_0030.jpg
VID_20,VID_20.mp4,1,465,31,custom_dataset\processed\VID_20\001\frame_0031.jpg
VID_20,VID_20.mp4,1,480,32,custom_dataset\processed\VID_20\001\frame_0032.jpg
VID_20,VID_20.mp4,1,495,33,custom_dataset\processed\VID_20\001\frame_0033.jpg
VID_20,VID_20.mp4,1,510,34,custom_dataset\processed\VID_20\001\frame_0034.jpg
VID_20,VID_20.mp4,1,525,35,custom_dataset\processed\VID_20\001\frame_0035.jpg
VID_20,VID_20.mp4,1,540,36,custom_dataset\processed\VID_20\001\frame_0036.jpg
VID_20,VID_20.mp4,1,555,37,custom_dataset\processed\VID_20\001\frame_0037.jpg
VID_20,VID_20.mp4,1,570,38,custom_dataset\processed\VID_20\001\frame_0038.jpg
VID_20,VID_20.mp4,1,585,39,custom_dataset\processed\VID_20\001\frame_0039.jpg
VID_20,VID_20.mp4,1,600,40,custom_dataset\processed\VID_20\001\frame_0040.jpg
VID_20,VID_20.mp4,1,615,41,custom_dataset\processed\VID_20\001\frame_0041.jpg
VID_20,VID_20.mp4,2,0,0,custom_dataset\processed\VID_20\002\frame_0000.jpg
VID_20,VID_20.mp4,2,0,0,custom_dataset\processed\VID_20\002\frame_0000.jpg
VID_20,VID_20.mp4,2,15,1,custom_dataset\processed\VID_20\002\frame_0001.jpg
VID_20,VID_20.mp4,2,30,2,custom_dataset\processed\VID_20\002\frame_0002.jpg
VID_20,VID_20.mp4,2,45,3,custom_dataset\processed\VID_20\002\frame_0003.jpg
VID_20,VID_20.mp4,2,60,4,custom_dataset\processed\VID_20\002\frame_0004.jpg
VID_20,VID_20.mp4,2,75,5,custom_dataset\processed\VID_20\002\frame_0005.jpg
VID_20,VID_20.mp4,2,90,6,custom_dataset\processed\VID_20\002\frame_0006.jpg
VID_20,VID_20.mp4,2,105,7,custom_dataset\processed\VID_20\002\frame_0007.jpg
VID_20,VID_20.mp4,2,120,8,custom_dataset\processed\VID_20\002\frame_0008.jpg
VID_20,VID_20.mp4,2,135,9,custom_dataset\processed\VID_20\002\frame_0009.jpg
VID_20,VID_20.mp4,2,150,10,custom_dataset\processed\VID_20\002\frame_0010.jpg
VID_20,VID_20.mp4,2,165,11,custom_dataset\processed\VID_20\002\frame_0011.jpg
VID_20,VID_20.mp4,2,180,12,custom_dataset\processed\VID_20\002\frame_0012.jpg
VID_20,VID_20.mp4,2,195,13,custom_dataset\processed\VID_20\002\frame_0013.jpg
VID_20,VID_20.mp4,2,210,14,custom_dataset\processed\VID_20\002\frame_0014.jpg
VID_20,VID_20.mp4,2,225,15,custom_dataset\processed\VID_20\002\frame_0015.jpg
VID_20,VID_20.mp4,2,240,16,custom_dataset\processed\VID_20\002\frame_0016.jpg
VID_20,VID_20.mp4,2,255,17,custom_dataset\processed\VID_20\002\frame_0017.jpg
VID_20,VID_20.mp4,2,270,18,custom_dataset\processed\VID_20\002\frame_0018.jpg
VID_20,VID_20.mp4,2,285,19,custom_dataset\processed\VID_20\002\frame_0019.jpg
VID_20,VID_20.mp4,2,300,20,custom_dataset\processed\VID_20\002\frame_0020.jpg
VID_20,VID_20.mp4,2,315,21,custom_dataset\processed\VID_20\002\frame_0021.jpg
VID_20,VID_20.mp4,2,330,22,custom_dataset\processed\VID_20\002\frame_0022.jpg
VID_20,VID_20.mp4,2,345,23,custom_dataset\processed\VID_20\002\frame_0023.jpg
VID_20,VID_20.mp4,2,360,24,custom_dataset\processed\VID_20\002\frame_0024.jpg
VID_20,VID_20.mp4,2,375,25,custom_dataset\processed\VID_20\002\frame_0025.jpg
VID_20,VID_20.mp4,2,390,26,custom_dataset\processed\VID_20\002\frame_0026.jpg
VID_20,VID_20.mp4,2,405,27,custom_dataset\processed\VID_20\002\frame_0027.jpg
VID_20,VID_20.mp4,2,420,28,custom_dataset\processed\VID_20\002\frame_0028.jpg
VID_20,VID_20.mp4,2,435,29,custom_dataset\processed\VID_20\002\frame_0029.jpg
VID_20,VID_20.mp4,2,450,30,custom_dataset\processed\VID_20\002\frame_0030.jpg
VID_20,VID_20.mp4,2,465,31,custom_dataset\processed\VID_20\002\frame_0031.jpg
VID_20,VID_20.mp4,2,480,32,custom_dataset\processed\VID_20\002\frame_0032.jpg
VID_20,VID_20.mp4,2,495,33,custom_dataset\processed\VID_20\002\frame_0033.jpg
VID_20,VID_20.mp4,2,510,34,custom_dataset\processed\VID_20\002\frame_0034.jpg
VID_20,VID_20.mp4,2,525,35,custom_dataset\processed\VID_20\002\frame_0035.jpg
VID_20,VID_20.mp4,2,540,36,custom_dataset\processed\VID_20\002\frame_0036.jpg
VID_20,VID_20.mp4,2,555,37,custom_dataset\processed\VID_20\002\frame_0037.jpg
VID_20,VID_20.mp4,2,570,38,custom_dataset\processed\VID_20\002\frame_0038.jpg
VID_20,VID_20.mp4,2,585,39,custom_dataset\processed\VID_20\002\frame_0039.jpg
VID_20,VID_20.mp4,2,600,40,custom_dataset\processed\VID_20\002\frame_0040.jpg
VID_20,VID_20.mp4,2,615,41,custom_dataset\processed\VID_20\002\frame_0041.jpg
VID_20,VID_20.mp4,3,0,0,custom_dataset\processed\VID_20\003\frame_0000.jpg
VID_20,VID_20.mp4,3,15,1,custom_dataset\processed\VID_20\003\frame_0001.jpg
VID_20,VID_20.mp4,3,30,2,custom_dataset\processed\VID_20\003\frame_0002.jpg
VID_20,VID_20.mp4,3,45,3,custom_dataset\processed\VID_20\003\frame_0003.jpg
VID_20,VID_20.mp4,3,60,4,custom_dataset\processed\VID_20\003\frame_0004.jpg
VID_20,VID_20.mp4,3,75,5,custom_dataset\processed\VID_20\003\frame_0005.jpg
VID_20,VID_20.mp4,3,90,6,custom_dataset\processed\VID_20\003\frame_0006.jpg
VID_20,VID_20.mp4,3,105,7,custom_dataset\processed\VID_20\003\frame_0007.jpg
VID_20,VID_20.mp4,3,120,8,custom_dataset\processed\VID_20\003\frame_0008.jpg
VID_20,VID_20.mp4,3,135,9,custom_dataset\processed\VID_20\003\frame_0009.jpg
VID_20,VID_20.mp4,3,150,10,custom_dataset\processed\VID_20\003\frame_0010.jpg
VID_20,VID_20.mp4,3,165,11,custom_dataset\processed\VID_20\003\frame_0011.jpg
VID_20,VID_20.mp4,3,180,12,custom_dataset\processed\VID_20\003\frame_0012.jpg
VID_20,VID_20.mp4,3,195,13,custom_dataset\processed\VID_20\003\frame_0013.jpg
VID_20,VID_20.mp4,3,210,14,custom_dataset\processed\VID_20\003\frame_0014.jpg
VID_20,VID_20.mp4,3,225,15,custom_dataset\processed\VID_20\003\frame_0015.jpg
VID_20,VID_20.mp4,3,240,16,custom_dataset\processed\VID_20\003\frame_0016.jpg
VID_20,VID_20.mp4,3,255,17,custom_dataset\processed\VID_20\003\frame_0017.jpg
VID_20,VID_20.mp4,3,270,18,custom_dataset\processed\VID_20\003\frame_0018.jpg
VID_20,VID_20.mp4,3,285,19,custom_dataset\processed\VID_20\003\frame_0019.jpg
VID_20,VID_20.mp4,3,300,20,custom_dataset\processed\VID_20\003\frame_0020.jpg
VID_20,VID_20.mp4,3,315,21,custom_dataset\processed\VID_20\003\frame_0021.jpg
VID_20,VID_20.mp4,3,330,22,custom_dataset\processed\VID_20\003\frame_0022.jpg
VID_20,VID_20.mp4,3,345,23,custom_dataset\processed\VID_20\003\frame_0023.jpg
VID_20,VID_20.mp4,3,360,24,custom_dataset\processed\VID_20\003\frame_0024.jpg
VID_20,VID_20.mp4,3,375,25,custom_dataset\processed\VID_20\003\frame_0025.jpg
VID_20,VID_20.mp4,3,390,26,custom_dataset\processed\VID_20\003\frame_0026.jpg
VID_20,VID_20.mp4,3,405,27,custom_dataset\processed\VID_20\003\frame_0027.jpg
VID_20,VID_20.mp4,3,420,28,custom_dataset\processed\VID_20\003\frame_0028.jpg
VID_20,VID_20.mp4,3,435,29,custom_dataset\processed\VID_20\003\frame_0029.jpg
VID_20,VID_20.mp4,3,450,30,custom_dataset\processed\VID_20\003\frame_0030.jpg
VID_20,VID_20.mp4,3,465,31,custom_dataset\processed\VID_20\003\frame_0031.jpg
VID_20,VID_20.mp4,3,480,32,custom_dataset\processed\VID_20\003\frame_0032.jpg
VID_20,VID_20.mp4,3,495,33,custom_dataset\processed\VID_20\003\frame_0033.jpg
VID_20,VID_20.mp4,3,510,34,custom_dataset\processed\VID_20\003\frame_0034.jpg
VID_20,VID_20.mp4,3,525,35,custom_dataset\processed\VID_20\003\frame_0035.jpg
VID_20,VID_20.mp4,3,540,36,custom_dataset\processed\VID_20\003\frame_0036.jpg
VID_20,VID_20.mp4,3,555,37,custom_dataset\processed\VID_20\003\frame_0037.jpg
VID_20,VID_20.mp4,3,570,38,custom_dataset\processed\VID_20\003\frame_0038.jpg
VID_20,VID_20.mp4,3,585,39,custom_dataset\processed\VID_20\003\frame_0039.jpg
VID_20,VID_20.mp4,3,600,40,custom_dataset\processed\VID_20\003\frame_0040.jpg
VID_20,VID_20.mp4,3,615,41,custom_dataset\processed\VID_20\003\frame_0041.jpg
VID_20,VID_20.mp4,5,0,0,custom_dataset\processed\VID_20\005\frame_0000.jpg
VID_20,VID_20.mp4,5,15,1,custom_dataset\processed\VID_20\005\frame_0001.jpg
VID_20,VID_20.mp4,5,30,2,custom_dataset\processed\VID_20\005\frame_0002.jpg
VID_20,VID_20.mp4,5,45,3,custom_dataset\processed\VID_20\005\frame_0003.jpg
VID_20,VID_20.mp4,5,60,4,custom_dataset\processed\VID_20\005\frame_0004.jpg
VID_20,VID_20.mp4,5,75,5,custom_dataset\processed\VID_20\005\frame_0005.jpg
VID_20,VID_20.mp4,5,90,6,custom_dataset\processed\VID_20\005\frame_0006.jpg
VID_20,VID_20.mp4,5,105,7,custom_dataset\processed\VID_20\005\frame_0007.jpg
VID_20,VID_20.mp4,5,120,8,custom_dataset\processed\VID_20\005\frame_0008.jpg
VID_20,VID_20.mp4,5,135,9,custom_dataset\processed\VID_20\005\frame_0009.jpg
VID_20,VID_20.mp4,5,150,10,custom_dataset\processed\VID_20\005\frame_0010.jpg
VID_20,VID_20.mp4,5,165,11,custom_dataset\processed\VID_20\005\frame_0011.jpg
VID_20,VID_20.mp4,5,180,12,custom_dataset\processed\VID_20\005\frame_0012.jpg
VID_20,VID_20.mp4,5,195,13,custom_dataset\processed\VID_20\005\frame_0013.jpg
VID_20,VID_20.mp4,5,210,14,custom_dataset\processed\VID_20\005\frame_0014.jpg
VID_20,VID_20.mp4,5,225,15,custom_dataset\processed\VID_20\005\frame_0015.jpg
VID_20,VID_20.mp4,5,240,16,custom_dataset\processed\VID_20\005\frame_0016.jpg
VID_20,VID_20.mp4,5,255,17,custom_dataset\processed\VID_20\005\frame_0017.jpg
VID_20,VID_20.mp4,5,270,18,custom_dataset\processed\VID_20\005\frame_0018.jpg
VID_20,VID_20.mp4,5,285,19,custom_dataset\processed\VID_20\005\frame_0019.jpg
VID_20,VID_20.mp4,5,300,20,custom_dataset\processed\VID_20\005\frame_0020.jpg
VID_20,VID_20.mp4,5,315,21,custom_dataset\processed\VID_20\005\frame_0021.jpg
VID_20,VID_20.mp4,5,330,22,custom_dataset\processed\VID_20\005\frame_0022.jpg
VID_20,VID_20.mp4,5,345,23,custom_dataset\processed\VID_20\005\frame_0023.jpg
VID_20,VID_20.mp4,5,360,24,custom_dataset\processed\VID_20\005\frame_0024.jpg
VID_20,VID_20.mp4,5,375,25,custom_dataset\processed\VID_20\005\frame_0025.jpg
VID_20,VID_20.mp4,5,390,26,custom_dataset\processed\VID_20\005\frame_0026.jpg
VID_20,VID_20.mp4,5,405,27,custom_dataset\processed\VID_20\005\frame_0027.jpg
VID_20,VID_20.mp4,5,420,28,custom_dataset\processed\VID_20\005\frame_0028.jpg
VID_20,VID_20.mp4,5,435,29,custom_dataset\processed\VID_20\005\frame_0029.jpg
VID_20,VID_20.mp4,5,450,30,custom_dataset\processed\VID_20\005\frame_0030.jpg
VID_20,VID_20.mp4,5,465,31,custom_dataset\processed\VID_20\005\frame_0031.jpg
VID_20,VID_20.mp4,5,480,32,custom_dataset\processed\VID_20\005\frame_0032.jpg
VID_20,VID_20.mp4,5,495,33,custom_dataset\processed\VID_20\005\frame_0033.jpg
VID_20,VID_20.mp4,5,510,34,custom_dataset\processed\VID_20\005\frame_0034.jpg
VID_20,VID_20.mp4,5,525,35,custom_dataset\processed\VID_20\005\frame_0035.jpg
VID_20,VID_20.mp4,5,540,36,custom_dataset\processed\VID_20\005\frame_0036.jpg
VID_20,VID_20.mp4,5,555,37,custom_dataset\processed\VID_20\005\frame_0037.jpg
VID_20,VID_20.mp4,5,570,38,custom_dataset\processed\VID_20\005\frame_0038.jpg
VID_20,VID_20.mp4,5,585,39,custom_dataset\processed\VID_20\005\frame_0039.jpg
VID_20,VID_20.mp4,5,600,40,custom_dataset\processed\VID_20\005\frame_0040.jpg
VID_20,VID_20.mp4,5,615,41,custom_dataset\processed\VID_20\005\frame_0041.jpg
VID_20,VID_20.mp4,8,30,2,custom_dataset\processed\VID_20\008\frame_0002.jpg
VID_20,VID_20.mp4,8,45,3,custom_dataset\processed\VID_20\008\frame_0003.jpg
VID_20,VID_20.mp4,8,75,5,custom_dataset\processed\VID_20\008\frame_0005.jpg
VID_20,VID_20.mp4,8,90,6,custom_dataset\processed\VID_20\008\frame_0006.jpg
VID_20,VID_20.mp4,8,105,7,custom_dataset\processed\VID_20\008\frame_0007.jpg
VID_20,VID_20.mp4,8,120,8,custom_dataset\processed\VID_20\008\frame_0008.jpg
VID_20,VID_20.mp4,8,135,9,custom_dataset\processed\VID_20\008\frame_0009.jpg
VID_20,VID_20.mp4,8,150,10,custom_dataset\processed\VID_20\008\frame_0010.jpg
VID_20,VID_20.mp4,9,60,4,custom_dataset\processed\VID_20\009\frame_0004.jpg
VID_20,VID_20.mp4,9,75,5,custom_dataset\processed\VID_20\009\frame_0005.jpg
VID_20,VID_20.mp4,9,90,6,custom_dataset\processed\VID_20\009\frame_0006.jpg
VID_20,VID_20.mp4,9,105,7,custom_dataset\processed\VID_20\009\frame_0007.jpg
VID_20,VID_20.mp4,9,120,8,custom_dataset\processed\VID_20\009\frame_0008.jpg
VID_20,VID_20.mp4,9,135,9,custom_dataset\processed\VID_20\009\frame_0009.jpg
VID_20,VID_20.mp4,9,150,10,custom_dataset\processed\VID_20\009\frame_0010.jpg
VID_20,VID_20.mp4,9,165,11,custom_dataset\processed\VID_20\009\frame_0011.jpg
VID_20,VID_20.mp4,9,180,12,custom_dataset\processed\VID_20\009\frame_0012.jpg
VID_20,VID_20.mp4,9,195,13,custom_dataset\processed\VID_20\009\frame_0013.jpg
VID_20,VID_20.mp4,9,210,14,custom_dataset\processed\VID_20\009\frame_0014.jpg
VID_20,VID_20.mp4,9,225,15,custom_dataset\processed\VID_20\009\frame_0015.jpg
VID_20,VID_20.mp4,9,240,16,custom_dataset\processed\VID_20\009\frame_0016.jpg
VID_20,VID_20.mp4,9,255,17,custom_dataset\processed\VID_20\009\frame_0017.jpg
VID_20,VID_20.mp4,9,270,18,custom_dataset\processed\VID_20\009\frame_0018.jpg
VID_20,VID_20.mp4,9,285,19,custom_dataset\processed\VID_20\009\frame_0019.jpg
VID_20,VID_20.mp4,9,300,20,custom_dataset\processed\VID_20\009\frame_0020.jpg
VID_20,VID_20.mp4,9,315,21,custom_dataset\processed\VID_20\009\frame_0021.jpg
VID_20,VID_20.mp4,9,330,22,custom_dataset\processed\VID_20\009\frame_0022.jpg
VID_20,VID_20.mp4,9,345,23,custom_dataset\processed\VID_20\009\frame_0023.jpg
VID_20,VID_20.mp4,9,360,24,custom_dataset\processed\VID_20\009\frame_0024.jpg
VID_20,VID_20.mp4,9,375,25,custom_dataset\processed\VID_20\009\frame_0025.jpg
VID_20,VID_20.mp4,9,390,26,custom_dataset\processed\VID_20\009\frame_0026.jpg
VID_20,VID_20.mp4,9,405,27,custom_dataset\processed\VID_20\009\frame_0027.jpg
VID_20,VID_20.mp4,9,435,29,custom_dataset\processed\VID_20\009\frame_0029.jpg
VID_20,VID_20.mp4,9,450,30,custom_dataset\processed\VID_20\009\frame_0030.jpg
VID_20,VID_20.mp4,9,465,31,custom_dataset\processed\VID_20\009\frame_0031.jpg
VID_20,VID_20.mp4,9,480,32,custom_dataset\processed\VID_20\009\frame_0032.jpg
VID_20,VID_20.mp4,9,495,33,custom_dataset\processed\VID_20\009\frame_0033.jpg
VID_20,VID_20.mp4,9,510,34,custom_dataset\processed\VID_20\009\frame_0034.jpg
VID_20,VID_20.mp4,9,525,35,custom_dataset\processed\VID_20\009\frame_0035.jpg
VID_20,VID_20.mp4,9,540,36,custom_dataset\processed\VID_20\009\frame_0036.jpg
VID_20,VID_20.mp4,9,555,37,custom_dataset\processed\VID_20\009\frame_0037.jpg
VID_20,VID_20.mp4,9,570,38,custom_dataset\processed\VID_20\009\frame_0038.jpg
VID_20,VID_20.mp4,9,585,39,custom_dataset\processed\VID_20\009\frame_0039.jpg
VID_20,VID_20.mp4,9,600,40,custom_dataset\processed\VID_20\009\frame_0040.jpg
VID_20,VID_20.mp4,9,615,41,custom_dataset\processed\VID_20\009\frame_0041.jpg
VID_20,VID_20.mp4,18,300,20,custom_dataset\processed\VID_20\018\frame_0020.jpg
VID_20,VID_20.mp4,18,315,21,custom_dataset\processed\VID_20\018\frame_0021.jpg
VID_20,VID_20.mp4,18,375,25,custom_dataset\processed\VID_20\018\frame_0025.jpg
VID_20,VID_20.mp4,18,390,26,custom_dataset\processed\VID_20\018\frame_0026.jpg
VID_20,VID_20.mp4,18,435,29,custom_dataset\processed\VID_20\018\frame_0029.jpg
VID_20,VID_20.mp4,18,450,30,custom_dataset\processed\VID_20\018\frame_0030.jpg
VID_20,VID_20.mp4,18,465,31,custom_dataset\processed\VID_20\018\frame_0031.jpg
VID_20,VID_20.mp4,18,480,32,custom_dataset\processed\VID_20\018\frame_0032.jpg
VID_20,VID_20.mp4,18,495,33,custom_dataset\processed\VID_20\018\frame_0033.jpg
VID_20,VID_20.mp4,18,510,34,custom_dataset\processed\VID_20\018\frame_0034.jpg
VID_20,VID_20.mp4,18,540,36,custom_dataset\processed\VID_20\018\frame_0036.jpg
VID_20,VID_20.mp4,18,570,38,custom_dataset\processed\VID_20\018\frame_0038.jpg
VID_20,VID_20.mp4,18,585,39,custom_dataset\processed\VID_20\018\frame_0039.jpg
VID_20,VID_20.mp4,18,615,41,custom_dataset\processed\VID_20\018\frame_0041.jpg
VID_20,VID_20.mp4,19,315,21,custom_dataset\processed\VID_20\019\frame_0021.jpg
VID_20,VID_20.mp4,19,315,21,custom_dataset\processed\VID_20\019\frame_0021.jpg
VID_20,VID_20.mp4,19,330,22,custom_dataset\processed\VID_20\019\frame_0022.jpg
VID_20,VID_20.mp4,19,345,23,custom_dataset\processed\VID_20\019\frame_0023.jpg
VID_20,VID_20.mp4,19,360,24,custom_dataset\processed\VID_20\019\frame_0024.jpg
VID_20,VID_20.mp4,19,375,25,custom_dataset\processed\VID_20\019\frame_0025.jpg
VID_20,VID_20.mp4,19,390,26,custom_dataset\processed\VID_20\019\frame_0026.jpg
VID_20,VID_20.mp4,19,405,27,custom_dataset\processed\VID_20\019\frame_0027.jpg
VID_20,VID_20.mp4,19,420,28,custom_dataset\processed\VID_20\019\frame_0028.jpg
VID_20,VID_20.mp4,19,435,29,custom_dataset\processed\VID_20\019\frame_0029.jpg
VID_20,VID_20.mp4,19,450,30,custom_dataset\processed\VID_20\019\frame_0030.jpg
VID_20,VID_20.mp4,19,465,31,custom_dataset\processed\VID_20\019\frame_0031.jpg
VID_20,VID_20.mp4,19,480,32,custom_dataset\processed\VID_20\019\frame_0032.jpg
VID_20,VID_20.mp4,19,495,33,custom_dataset\processed\VID_20\019\frame_0033.jpg
VID_20,VID_20.mp4,19,510,34,custom_dataset\processed\VID_20\019\frame_0034.jpg
VID_20,VID_20.mp4,19,525,35,custom_dataset\processed\VID_20\019\frame_0035.jpg
VID_20,VID_20.mp4,19,540,36,custom_dataset\processed\VID_20\019\frame_0036.jpg
VID_20,VID_20.mp4,19,555,37,custom_dataset\processed\VID_20\019\frame_0037.jpg
VID_20,VID_20.mp4,19,570,38,custom_dataset\processed\VID_20\019\frame_0038.jpg
VID_20,VID_20.mp4,19,600,40,custom_dataset\processed\VID_20\019\frame_0040.jpg
VID_20,VID_20.mp4,19,615,41,custom_dataset\processed\VID_20\019\frame_0041.jpg
VID_21,VID_21.mp4,1,0,0,custom_dataset\processed\VID_21\001\frame_0000.jpg
VID_21,VID_21.mp4,1,15,1,custom_dataset\processed\VID_21\001\frame_0001.jpg
VID_21,VID_21.mp4,1,30,2,custom_dataset\processed\VID_21\001\frame_0002.jpg
VID_21,VID_21.mp4,1,45,3,custom_dataset\processed\VID_21\001\frame_0003.jpg
VID_21,VID_21.mp4,1,60,4,custom_dataset\processed\VID_21\001\frame_0004.jpg
VID_21,VID_21.mp4,1,75,5,custom_dataset\processed\VID_21\001\frame_0005.jpg
VID_21,VID_21.mp4,1,90,6,custom_dataset\processed\VID_21\001\frame_0006.jpg
VID_21,VID_21.mp4,1,120,8,custom_dataset\processed\VID_21\001\frame_0008.jpg
VID_21,VID_21.mp4,1,135,9,custom_dataset\processed\VID_21\001\frame_0009.jpg
VID_21,VID_21.mp4,1,150,10,custom_dataset\processed\VID_21\001\frame_0010.jpg
VID_21,VID_21.mp4,1,165,11,custom_dataset\processed\VID_21\001\frame_0011.jpg
VID_21,VID_21.mp4,1,180,12,custom_dataset\processed\VID_21\001\frame_0012.jpg
VID_21,VID_21.mp4,1,195,13,custom_dataset\processed\VID_21\001\frame_0013.jpg
VID_21,VID_21.mp4,1,210,14,custom_dataset\processed\VID_21\001\frame_0014.jpg
VID_21,VID_21.mp4,1,225,15,custom_dataset\processed\VID_21\001\frame_0015.jpg
VID_21,VID_21.mp4,1,240,16,custom_dataset\processed\VID_21\001\frame_0016.jpg
VID_21,VID_21.mp4,1,255,17,custom_dataset\processed\VID_21\001\frame_0017.jpg
VID_21,VID_21.mp4,1,270,18,custom_dataset\processed\VID_21\001\frame_0018.jpg
VID_21,VID_21.mp4,1,285,19,custom_dataset\processed\VID_21\001\frame_0019.jpg
VID_21,VID_21.mp4,1,300,20,custom_dataset\processed\VID_21\001\frame_0020.jpg
VID_21,VID_21.mp4,1,315,21,custom_dataset\processed\VID_21\001\frame_0021.jpg
VID_21,VID_21.mp4,1,330,22,custom_dataset\processed\VID_21\001\frame_0022.jpg
VID_21,VID_21.mp4,1,345,23,custom_dataset\processed\VID_21\001\frame_0023.jpg
VID_21,VID_21.mp4,1,360,24,custom_dataset\processed\VID_21\001\frame_0024.jpg
VID_21,VID_21.mp4,1,375,25,custom_dataset\processed\VID_21\001\frame_0025.jpg
VID_21,VID_21.mp4,1,390,26,custom_dataset\processed\VID_21\001\frame_0026.jpg
VID_21,VID_21.mp4,1,405,27,custom_dataset\processed\VID_21\001\frame_0027.jpg
VID_21,VID_21.mp4,1,420,28,custom_dataset\processed\VID_21\001\frame_0028.jpg
VID_21,VID_21.mp4,1,435,29,custom_dataset\processed\VID_21\001\frame_0029.jpg
VID_21,VID_21.mp4,1,450,30,custom_dataset\processed\VID_21\001\frame_0030.jpg
VID_21,VID_21.mp4,1,465,31,custom_dataset\processed\VID_21\001\frame_0031.jpg
VID_21,VID_21.mp4,1,480,32,custom_dataset\processed\VID_21\001\frame_0032.jpg
VID_21,VID_21.mp4,1,495,33,custom_dataset\processed\VID_21\001\frame_0033.jpg
VID_21,VID_21.mp4,1,510,34,custom_dataset\processed\VID_21\001\frame_0034.jpg
VID_21,VID_21.mp4,1,525,35,custom_dataset\processed\VID_21\001\frame_0035.jpg
VID_21,VID_21.mp4,1,540,36,custom_dataset\processed\VID_21\001\frame_0036.jpg
VID_21,VID_21.mp4,1,555,37,custom_dataset\processed\VID_21\001\frame_0037.jpg
VID_21,VID_21.mp4,1,570,38,custom_dataset\processed\VID_21\001\frame_0038.jpg
VID_21,VID_21.mp4,1,585,39,custom_dataset\processed\VID_21\001\frame_0039.jpg
VID_21,VID_21.mp4,1,600,40,custom_dataset\processed\VID_21\001\frame_0040.jpg
VID_21,VID_21.mp4,1,615,41,custom_dataset\processed\VID_21\001\frame_0041.jpg
VID_21,VID_21.mp4,1,630,42,custom_dataset\processed\VID_21\001\frame_0042.jpg
VID_21,VID_21.mp4,1,645,43,custom_dataset\processed\VID_21\001\frame_0043.jpg
VID_21,VID_21.mp4,2,0,0,custom_dataset\processed\VID_21\002\frame_0000.jpg
VID_21,VID_21.mp4,2,15,1,custom_dataset\processed\VID_21\002\frame_0001.jpg
VID_21,VID_21.mp4,2,30,2,custom_dataset\processed\VID_21\002\frame_0002.jpg
VID_21,VID_21.mp4,2,45,3,custom_dataset\processed\VID_21\002\frame_0003.jpg
VID_21,VID_21.mp4,2,60,4,custom_dataset\processed\VID_21\002\frame_0004.jpg
VID_21,VID_21.mp4,2,75,5,custom_dataset\processed\VID_21\002\frame_0005.jpg
VID_21,VID_21.mp4,2,90,6,custom_dataset\processed\VID_21\002\frame_0006.jpg
VID_21,VID_21.mp4,2,105,7,custom_dataset\processed\VID_21\002\frame_0007.jpg
VID_21,VID_21.mp4,2,120,8,custom_dataset\processed\VID_21\002\frame_0008.jpg
VID_21,VID_21.mp4,2,135,9,custom_dataset\processed\VID_21\002\frame_0009.jpg
VID_21,VID_21.mp4,2,150,10,custom_dataset\processed\VID_21\002\frame_0010.jpg
VID_21,VID_21.mp4,2,165,11,custom_dataset\processed\VID_21\002\frame_0011.jpg
VID_21,VID_21.mp4,2,180,12,custom_dataset\processed\VID_21\002\frame_0012.jpg
VID_21,VID_21.mp4,2,195,13,custom_dataset\processed\VID_21\002\frame_0013.jpg
VID_21,VID_21.mp4,2,210,14,custom_dataset\processed\VID_21\002\frame_0014.jpg
VID_21,VID_21.mp4,2,225,15,custom_dataset\processed\VID_21\002\frame_0015.jpg
VID_21,VID_21.mp4,2,240,16,custom_dataset\processed\VID_21\002\frame_0016.jpg
VID_21,VID_21.mp4,2,255,17,custom_dataset\processed\VID_21\002\frame_0017.jpg
VID_21,VID_21.mp4,2,270,18,custom_dataset\processed\VID_21\002\frame_0018.jpg
VID_21,VID_21.mp4,2,285,19,custom_dataset\processed\VID_21\002\frame_0019.jpg
VID_21,VID_21.mp4,2,300,20,custom_dataset\processed\VID_21\002\frame_0020.jpg
VID_21,VID_21.mp4,2,315,21,custom_dataset\processed\VID_21\002\frame_0021.jpg
VID_21,VID_21.mp4,2,330,22,custom_dataset\processed\VID_21\002\frame_0022.jpg
VID_21,VID_21.mp4,2,345,23,custom_dataset\processed\VID_21\002\frame_0023.jpg
VID_21,VID_21.mp4,2,360,24,custom_dataset\processed\VID_21\002\frame_0024.jpg
VID_21,VID_21.mp4,2,375,25,custom_dataset\processed\VID_21\002\frame_0025.jpg
VID_21,VID_21.mp4,2,390,26,custom_dataset\processed\VID_21\002\frame_0026.jpg
VID_21,VID_21.mp4,2,405,27,custom_dataset\processed\VID_21\002\frame_0027.jpg
VID_21,VID_21.mp4,2,420,28,custom_dataset\processed\VID_21\002\frame_0028.jpg
VID_21,VID_21.mp4,2,435,29,custom_dataset\processed\VID_21\002\frame_0029.jpg
VID_21,VID_21.mp4,2,450,30,custom_dataset\processed\VID_21\002\frame_0030.jpg
VID_21,VID_21.mp4,2,465,31,custom_dataset\processed\VID_21\002\frame_0031.jpg
VID_21,VID_21.mp4,2,480,32,custom_dataset\processed\VID_21\002\frame_0032.jpg
VID_21,VID_21.mp4,2,495,33,custom_dataset\processed\VID_21\002\frame_0033.jpg
VID_21,VID_21.mp4,2,510,34,custom_dataset\processed\VID_21\002\frame_0034.jpg
VID_21,VID_21.mp4,2,525,35,custom_dataset\processed\VID_21\002\frame_0035.jpg
VID_21,VID_21.mp4,2,540,36,custom_dataset\processed\VID_21\002\frame_0036.jpg
VID_21,VID_21.mp4,2,555,37,custom_dataset\processed\VID_21\002\frame_0037.jpg
VID_21,VID_21.mp4,2,570,38,custom_dataset\processed\VID_21\002\frame_0038.jpg
VID_21,VID_21.mp4,2,585,39,custom_dataset\processed\VID_21\002\frame_0039.jpg
VID_21,VID_21.mp4,2,600,40,custom_dataset\processed\VID_21\002\frame_0040.jpg
VID_21,VID_21.mp4,2,615,41,custom_dataset\processed\VID_21\002\frame_0041.jpg
VID_21,VID_21.mp4,2,630,42,custom_dataset\processed\VID_21\002\frame_0042.jpg
VID_21,VID_21.mp4,2,645,43,custom_dataset\processed\VID_21\002\frame_0043.jpg
VID_21,VID_21.mp4,3,0,0,custom_dataset\processed\VID_21\003\frame_0000.jpg
VID_21,VID_21.mp4,3,15,1,custom_dataset\processed\VID_21\003\frame_0001.jpg
VID_21,VID_21.mp4,3,30,2,custom_dataset\processed\VID_21\003\frame_0002.jpg
VID_21,VID_21.mp4,3,45,3,custom_dataset\processed\VID_21\003\frame_0003.jpg
VID_21,VID_21.mp4,3,60,4,custom_dataset\processed\VID_21\003\frame_0004.jpg
VID_21,VID_21.mp4,3,75,5,custom_dataset\processed\VID_21\003\frame_0005.jpg
VID_21,VID_21.mp4,3,90,6,custom_dataset\processed\VID_21\003\frame_0006.jpg
VID_21,VID_21.mp4,3,105,7,custom_dataset\processed\VID_21\003\frame_0007.jpg
VID_21,VID_21.mp4,3,120,8,custom_dataset\processed\VID_21\003\frame_0008.jpg
VID_21,VID_21.mp4,3,135,9,custom_dataset\processed\VID_21\003\frame_0009.jpg
VID_21,VID_21.mp4,3,150,10,custom_dataset\processed\VID_21\003\frame_0010.jpg
VID_21,VID_21.mp4,3,165,11,custom_dataset\processed\VID_21\003\frame_0011.jpg
VID_21,VID_21.mp4,3,180,12,custom_dataset\processed\VID_21\003\frame_0012.jpg
VID_21,VID_21.mp4,3,195,13,custom_dataset\processed\VID_21\003\frame_0013.jpg
VID_21,VID_21.mp4,3,210,14,custom_dataset\processed\VID_21\003\frame_0014.jpg
VID_21,VID_21.mp4,3,225,15,custom_dataset\processed\VID_21\003\frame_0015.jpg
VID_21,VID_21.mp4,3,240,16,custom_dataset\processed\VID_21\003\frame_0016.jpg
VID_21,VID_21.mp4,3,255,17,custom_dataset\processed\VID_21\003\frame_0017.jpg
VID_21,VID_21.mp4,3,270,18,custom_dataset\processed\VID_21\003\frame_0018.jpg
VID_21,VID_21.mp4,3,285,19,custom_dataset\processed\VID_21\003\frame_0019.jpg
VID_21,VID_21.mp4,3,300,20,custom_dataset\processed\VID_21\003\frame_0020.jpg
VID_21,VID_21.mp4,3,315,21,custom_dataset\processed\VID_21\003\frame_0021.jpg
VID_21,VID_21.mp4,3,330,22,custom_dataset\processed\VID_21\003\frame_0022.jpg
VID_21,VID_21.mp4,3,345,23,custom_dataset\processed\VID_21\003\frame_0023.jpg
VID_21,VID_21.mp4,3,360,24,custom_dataset\processed\VID_21\003\frame_0024.jpg
VID_21,VID_21.mp4,3,375,25,custom_dataset\processed\VID_21\003\frame_0025.jpg
VID_21,VID_21.mp4,3,390,26,custom_dataset\processed\VID_21\003\frame_0026.jpg
VID_21,VID_21.mp4,3,405,27,custom_dataset\processed\VID_21\003\frame_0027.jpg
VID_21,VID_21.mp4,3,420,28,custom_dataset\processed\VID_21\003\frame_0028.jpg
VID_21,VID_21.mp4,3,435,29,custom_dataset\processed\VID_21\003\frame_0029.jpg
VID_21,VID_21.mp4,3,450,30,custom_dataset\processed\VID_21\003\frame_0030.jpg
VID_21,VID_21.mp4,3,465,31,custom_dataset\processed\VID_21\003\frame_0031.jpg
VID_21,VID_21.mp4,3,480,32,custom_dataset\processed\VID_21\003\frame_0032.jpg
VID_21,VID_21.mp4,3,495,33,custom_dataset\processed\VID_21\003\frame_0033.jpg
VID_21,VID_21.mp4,3,510,34,custom_dataset\processed\VID_21\003\frame_0034.jpg
VID_21,VID_21.mp4,3,525,35,custom_dataset\processed\VID_21\003\frame_0035.jpg
VID_21,VID_21.mp4,3,540,36,custom_dataset\processed\VID_21\003\frame_0036.jpg
VID_21,VID_21.mp4,3,555,37,custom_dataset\processed\VID_21\003\frame_0037.jpg
VID_21,VID_21.mp4,3,570,38,custom_dataset\processed\VID_21\003\frame_0038.jpg
VID_21,VID_21.mp4,3,585,39,custom_dataset\processed\VID_21\003\frame_0039.jpg
VID_21,VID_21.mp4,3,600,40,custom_dataset\processed\VID_21\003\frame_0040.jpg
VID_21,VID_21.mp4,3,615,41,custom_dataset\processed\VID_21\003\frame_0041.jpg
VID_21,VID_21.mp4,3,630,42,custom_dataset\processed\VID_21\003\frame_0042.jpg
VID_21,VID_21.mp4,3,645,43,custom_dataset\processed\VID_21\003\frame_0043.jpg
VID_21,VID_21.mp4,4,0,0,custom_dataset\processed\VID_21\004\frame_0000.jpg
VID_21,VID_21.mp4,4,15,1,custom_dataset\processed\VID_21\004\frame_0001.jpg
VID_21,VID_21.mp4,4,30,2,custom_dataset\processed\VID_21\004\frame_0002.jpg
VID_21,VID_21.mp4,4,45,3,custom_dataset\processed\VID_21\004\frame_0003.jpg
VID_21,VID_21.mp4,4,60,4,custom_dataset\processed\VID_21\004\frame_0004.jpg
VID_21,VID_21.mp4,4,75,5,custom_dataset\processed\VID_21\004\frame_0005.jpg
VID_21,VID_21.mp4,4,90,6,custom_dataset\processed\VID_21\004\frame_0006.jpg
VID_21,VID_21.mp4,4,105,7,custom_dataset\processed\VID_21\004\frame_0007.jpg
VID_21,VID_21.mp4,4,120,8,custom_dataset\processed\VID_21\004\frame_0008.jpg
VID_21,VID_21.mp4,4,135,9,custom_dataset\processed\VID_21\004\frame_0009.jpg
VID_21,VID_21.mp4,4,150,10,custom_dataset\processed\VID_21\004\frame_0010.jpg
VID_21,VID_21.mp4,4,165,11,custom_dataset\processed\VID_21\004\frame_0011.jpg
VID_21,VID_21.mp4,4,180,12,custom_dataset\processed\VID_21\004\frame_0012.jpg
VID_21,VID_21.mp4,4,195,13,custom_dataset\processed\VID_21\004\frame_0013.jpg
VID_21,VID_21.mp4,4,210,14,custom_dataset\processed\VID_21\004\frame_0014.jpg
VID_21,VID_21.mp4,4,225,15,custom_dataset\processed\VID_21\004\frame_0015.jpg
VID_21,VID_21.mp4,4,240,16,custom_dataset\processed\VID_21\004\frame_0016.jpg
VID_21,VID_21.mp4,4,255,17,custom_dataset\processed\VID_21\004\frame_0017.jpg
VID_21,VID_21.mp4,4,270,18,custom_dataset\processed\VID_21\004\frame_0018.jpg
VID_21,VID_21.mp4,4,285,19,custom_dataset\processed\VID_21\004\frame_0019.jpg
VID_21,VID_21.mp4,4,300,20,custom_dataset\processed\VID_21\004\frame_0020.jpg
VID_21,VID_21.mp4,4,315,21,custom_dataset\processed\VID_21\004\frame_0021.jpg
VID_21,VID_21.mp4,4,330,22,custom_dataset\processed\VID_21\004\frame_0022.jpg
VID_21,VID_21.mp4,4,345,23,custom_dataset\processed\VID_21\004\frame_0023.jpg
VID_21,VID_21.mp4,4,360,24,custom_dataset\processed\VID_21\004\frame_0024.jpg
VID_21,VID_21.mp4,4,375,25,custom_dataset\processed\VID_21\004\frame_0025.jpg
VID_21,VID_21.mp4,4,390,26,custom_dataset\processed\VID_21\004\frame_0026.jpg
VID_21,VID_21.mp4,4,405,27,custom_dataset\processed\VID_21\004\frame_0027.jpg
VID_21,VID_21.mp4,4,420,28,custom_dataset\processed\VID_21\004\frame_0028.jpg
VID_21,VID_21.mp4,4,435,29,custom_dataset\processed\VID_21\004\frame_0029.jpg
VID_21,VID_21.mp4,4,450,30,custom_dataset\processed\VID_21\004\frame_0030.jpg
VID_21,VID_21.mp4,4,465,31,custom_dataset\processed\VID_21\004\frame_0031.jpg
VID_21,VID_21.mp4,4,480,32,custom_dataset\processed\VID_21\004\frame_0032.jpg
VID_21,VID_21.mp4,4,495,33,custom_dataset\processed\VID_21\004\frame_0033.jpg
VID_21,VID_21.mp4,4,510,34,custom_dataset\processed\VID_21\004\frame_0034.jpg
VID_21,VID_21.mp4,4,525,35,custom_dataset\processed\VID_21\004\frame_0035.jpg
VID_21,VID_21.mp4,4,540,36,custom_dataset\processed\VID_21\004\frame_0036.jpg
VID_21,VID_21.mp4,4,555,37,custom_dataset\processed\VID_21\004\frame_0037.jpg
VID_21,VID_21.mp4,4,570,38,custom_dataset\processed\VID_21\004\frame_0038.jpg
VID_21,VID_21.mp4,4,585,39,custom_dataset\processed\VID_21\004\frame_0039.jpg
VID_21,VID_21.mp4,4,600,40,custom_dataset\processed\VID_21\004\frame_0040.jpg
VID_21,VID_21.mp4,4,615,41,custom_dataset\processed\VID_21\004\frame_0041.jpg
VID_21,VID_21.mp4,4,630,42,custom_dataset\processed\VID_21\004\frame_0042.jpg
VID_21,VID_21.mp4,4,645,43,custom_dataset\processed\VID_21\004\frame_0043.jpg
VID_21,VID_21.mp4,5,0,0,custom_dataset\processed\VID_21\005\frame_0000.jpg
VID_21,VID_21.mp4,5,15,1,custom_dataset\processed\VID_21\005\frame_0001.jpg
VID_21,VID_21.mp4,5,30,2,custom_dataset\processed\VID_21\005\frame_0002.jpg
VID_21,VID_21.mp4,5,45,3,custom_dataset\processed\VID_21\005\frame_0003.jpg
VID_21,VID_21.mp4,5,60,4,custom_dataset\processed\VID_21\005\frame_0004.jpg
VID_21,VID_21.mp4,5,75,5,custom_dataset\processed\VID_21\005\frame_0005.jpg
VID_21,VID_21.mp4,5,90,6,custom_dataset\processed\VID_21\005\frame_0006.jpg
VID_21,VID_21.mp4,5,105,7,custom_dataset\processed\VID_21\005\frame_0007.jpg
VID_21,VID_21.mp4,5,120,8,custom_dataset\processed\VID_21\005\frame_0008.jpg
VID_21,VID_21.mp4,5,135,9,custom_dataset\processed\VID_21\005\frame_0009.jpg
VID_21,VID_21.mp4,5,150,10,custom_dataset\processed\VID_21\005\frame_0010.jpg
VID_21,VID_21.mp4,10,120,8,custom_dataset\processed\VID_21\010\frame_0008.jpg
VID_21,VID_21.mp4,10,135,9,custom_dataset\processed\VID_21\010\frame_0009.jpg
VID_21,VID_21.mp4,10,150,10,custom_dataset\processed\VID_21\010\frame_0010.jpg
VID_21,VID_21.mp4,10,180,12,custom_dataset\processed\VID_21\010\frame_0012.jpg
VID_21,VID_21.mp4,10,240,16,custom_dataset\processed\VID_21\010\frame_0016.jpg
VID_21,VID_21.mp4,10,255,17,custom_dataset\processed\VID_21\010\frame_0017.jpg
VID_21,VID_21.mp4,10,270,18,custom_dataset\processed\VID_21\010\frame_0018.jpg
VID_21,VID_21.mp4,10,285,19,custom_dataset\processed\VID_21\010\frame_0019.jpg
VID_21,VID_21.mp4,10,300,20,custom_dataset\processed\VID_21\010\frame_0020.jpg
VID_21,VID_21.mp4,10,315,21,custom_dataset\processed\VID_21\010\frame_0021.jpg
VID_21,VID_21.mp4,10,330,22,custom_dataset\processed\VID_21\010\frame_0022.jpg
VID_21,VID_21.mp4,10,345,23,custom_dataset\processed\VID_21\010\frame_0023.jpg
VID_21,VID_21.mp4,10,360,24,custom_dataset\processed\VID_21\010\frame_0024.jpg
VID_21,VID_21.mp4,10,375,25,custom_dataset\processed\VID_21\010\frame_0025.jpg
VID_21,VID_21.mp4,10,390,26,custom_dataset\processed\VID_21\010\frame_0026.jpg
VID_21,VID_21.mp4,10,405,27,custom_dataset\processed\VID_21\010\frame_0027.jpg
VID_21,VID_21.mp4,10,420,28,custom_dataset\processed\VID_21\010\frame_0028.jpg
VID_21,VID_21.mp4,10,435,29,custom_dataset\processed\VID_21\010\frame_0029.jpg
VID_21,VID_21.mp4,10,450,30,custom_dataset\processed\VID_21\010\frame_0030.jpg
VID_21,VID_21.mp4,10,465,31,custom_dataset\processed\VID_21\010\frame_0031.jpg
VID_21,VID_21.mp4,10,495,33,custom_dataset\processed\VID_21\010\frame_0033.jpg
VID_21,VID_21.mp4,10,510,34,custom_dataset\processed\VID_21\010\frame_0034.jpg
VID_21,VID_21.mp4,10,525,35,custom_dataset\processed\VID_21\010\frame_0035.jpg
VID_21,VID_21.mp4,10,540,36,custom_dataset\processed\VID_21\010\frame_0036.jpg
VID_21,VID_21.mp4,10,555,37,custom_dataset\processed\VID_21\010\frame_0037.jpg
VID_21,VID_21.mp4,10,570,38,custom_dataset\processed\VID_21\010\frame_0038.jpg
VID_21,VID_21.mp4,10,585,39,custom_dataset\processed\VID_21\010\frame_0039.jpg
VID_21,VID_21.mp4,10,600,40,custom_dataset\processed\VID_21\010\frame_0040.jpg
VID_21,VID_21.mp4,10,615,41,custom_dataset\processed\VID_21\010\frame_0041.jpg
VID_21,VID_21.mp4,10,630,42,custom_dataset\processed\VID_21\010\frame_0042.jpg
VID_21,VID_21.mp4,10,645,43,custom_dataset\processed\VID_21\010\frame_0043.jpg
VID_21,VID_21.mp4,17,495,33,custom_dataset\processed\VID_21\017\frame_0033.jpg
VID_21,VID_21.mp4,17,510,34,custom_dataset\processed\VID_21\017\frame_0034.jpg
VID_21,VID_21.mp4,17,525,35,custom_dataset\processed\VID_21\017\frame_0035.jpg
VID_21,VID_21.mp4,17,540,36,custom_dataset\processed\VID_21\017\frame_0036.jpg
VID_21,VID_21.mp4,17,585,39,custom_dataset\processed\VID_21\017\frame_0039.jpg
VID_21,VID_21.mp4,17,600,40,custom_dataset\processed\VID_21\017\frame_0040.jpg
VID_21,VID_21.mp4,17,615,41,custom_dataset\processed\VID_21\017\frame_0041.jpg
VID_21,VID_21.mp4,17,630,42,custom_dataset\processed\VID_21\017\frame_0042.jpg
VID_21,VID_21.mp4,17,645,43,custom_dataset\processed\VID_21\017\frame_0043.jpg
VID_22,VID_22.mp4,1,0,0,custom_dataset\processed\VID_22\001\frame_0000.jpg
VID_22,VID_22.mp4,1,15,1,custom_dataset\processed\VID_22\001\frame_0001.jpg
VID_22,VID_22.mp4,1,30,2,custom_dataset\processed\VID_22\001\frame_0002.jpg
VID_22,VID_22.mp4,1,45,3,custom_dataset\processed\VID_22\001\frame_0003.jpg
VID_22,VID_22.mp4,1,60,4,custom_dataset\processed\VID_22\001\frame_0004.jpg
VID_22,VID_22.mp4,1,75,5,custom_dataset\processed\VID_22\001\frame_0005.jpg
VID_22,VID_22.mp4,1,90,6,custom_dataset\processed\VID_22\001\frame_0006.jpg
VID_22,VID_22.mp4,1,105,7,custom_dataset\processed\VID_22\001\frame_0007.jpg
VID_22,VID_22.mp4,1,120,8,custom_dataset\processed\VID_22\001\frame_0008.jpg
VID_22,VID_22.mp4,1,135,9,custom_dataset\processed\VID_22\001\frame_0009.jpg
VID_22,VID_22.mp4,1,150,10,custom_dataset\processed\VID_22\001\frame_0010.jpg
VID_22,VID_22.mp4,1,165,11,custom_dataset\processed\VID_22\001\frame_0011.jpg
VID_22,VID_22.mp4,1,180,12,custom_dataset\processed\VID_22\001\frame_0012.jpg
VID_22,VID_22.mp4,1,195,13,custom_dataset\processed\VID_22\001\frame_0013.jpg
VID_22,VID_22.mp4,1,210,14,custom_dataset\processed\VID_22\001\frame_0014.jpg
VID_22,VID_22.mp4,1,225,15,custom_dataset\processed\VID_22\001\frame_0015.jpg
VID_22,VID_22.mp4,1,240,16,custom_dataset\processed\VID_22\001\frame_0016.jpg
VID_22,VID_22.mp4,1,255,17,custom_dataset\processed\VID_22\001\frame_0017.jpg
VID_22,VID_22.mp4,1,270,18,custom_dataset\processed\VID_22\001\frame_0018.jpg
VID_22,VID_22.mp4,1,285,19,custom_dataset\processed\VID_22\001\frame_0019.jpg
VID_22,VID_22.mp4,1,300,20,custom_dataset\processed\VID_22\001\frame_0020.jpg
VID_22,VID_22.mp4,1,315,21,custom_dataset\processed\VID_22\001\frame_0021.jpg
VID_22,VID_22.mp4,1,330,22,custom_dataset\processed\VID_22\001\frame_0022.jpg
VID_22,VID_22.mp4,1,345,23,custom_dataset\processed\VID_22\001\frame_0023.jpg
VID_22,VID_22.mp4,1,360,24,custom_dataset\processed\VID_22\001\frame_0024.jpg
VID_22,VID_22.mp4,1,375,25,custom_dataset\processed\VID_22\001\frame_0025.jpg
VID_22,VID_22.mp4,1,390,26,custom_dataset\processed\VID_22\001\frame_0026.jpg
VID_22,VID_22.mp4,1,405,27,custom_dataset\processed\VID_22\001\frame_0027.jpg
VID_22,VID_22.mp4,1,420,28,custom_dataset\processed\VID_22\001\frame_0028.jpg
VID_22,VID_22.mp4,1,435,29,custom_dataset\processed\VID_22\001\frame_0029.jpg
VID_22,VID_22.mp4,1,450,30,custom_dataset\processed\VID_22\001\frame_0030.jpg
VID_22,VID_22.mp4,1,465,31,custom_dataset\processed\VID_22\001\frame_0031.jpg
VID_22,VID_22.mp4,1,480,32,custom_dataset\processed\VID_22\001\frame_0032.jpg
VID_22,VID_22.mp4,1,495,33,custom_dataset\processed\VID_22\001\frame_0033.jpg
VID_22,VID_22.mp4,1,510,34,custom_dataset\processed\VID_22\001\frame_0034.jpg
VID_22,VID_22.mp4,1,525,35,custom_dataset\processed\VID_22\001\frame_0035.jpg
VID_22,VID_22.mp4,1,540,36,custom_dataset\processed\VID_22\001\frame_0036.jpg
VID_22,VID_22.mp4,1,555,37,custom_dataset\processed\VID_22\001\frame_0037.jpg
VID_22,VID_22.mp4,1,570,38,custom_dataset\processed\VID_22\001\frame_0038.jpg
VID_22,VID_22.mp4,1,585,39,custom_dataset\processed\VID_22\001\frame_0039.jpg
VID_22,VID_22.mp4,1,600,40,custom_dataset\processed\VID_22\001\frame_0040.jpg
VID_22,VID_22.mp4,1,615,41,custom_dataset\processed\VID_22\001\frame_0041.jpg
VID_22,VID_22.mp4,2,0,0,custom_dataset\processed\VID_22\002\frame_0000.jpg
VID_22,VID_22.mp4,2,15,1,custom_dataset\processed\VID_22\002\frame_0001.jpg
VID_22,VID_22.mp4,2,30,2,custom_dataset\processed\VID_22\002\frame_0002.jpg
VID_22,VID_22.mp4,2,45,3,custom_dataset\processed\VID_22\002\frame_0003.jpg
VID_22,VID_22.mp4,2,60,4,custom_dataset\processed\VID_22\002\frame_0004.jpg
VID_22,VID_22.mp4,2,75,5,custom_dataset\processed\VID_22\002\frame_0005.jpg
VID_22,VID_22.mp4,2,90,6,custom_dataset\processed\VID_22\002\frame_0006.jpg
VID_22,VID_22.mp4,2,105,7,custom_dataset\processed\VID_22\002\frame_0007.jpg
VID_22,VID_22.mp4,2,120,8,custom_dataset\processed\VID_22\002\frame_0008.jpg
VID_22,VID_22.mp4,2,135,9,custom_dataset\processed\VID_22\002\frame_0009.jpg
VID_22,VID_22.mp4,2,150,10,custom_dataset\processed\VID_22\002\frame_0010.jpg
VID_22,VID_22.mp4,2,165,11,custom_dataset\processed\VID_22\002\frame_0011.jpg
VID_22,VID_22.mp4,2,180,12,custom_dataset\processed\VID_22\002\frame_0012.jpg
VID_22,VID_22.mp4,2,195,13,custom_dataset\processed\VID_22\002\frame_0013.jpg
VID_22,VID_22.mp4,2,210,14,custom_dataset\processed\VID_22\002\frame_0014.jpg
VID_22,VID_22.mp4,2,225,15,custom_dataset\processed\VID_22\002\frame_0015.jpg
VID_22,VID_22.mp4,2,240,16,custom_dataset\processed\VID_22\002\frame_0016.jpg
VID_22,VID_22.mp4,2,255,17,custom_dataset\processed\VID_22\002\frame_0017.jpg
VID_22,VID_22.mp4,2,270,18,custom_dataset\processed\VID_22\002\frame_0018.jpg
VID_22,VID_22.mp4,2,285,19,custom_dataset\processed\VID_22\002\frame_0019.jpg
VID_22,VID_22.mp4,2,300,20,custom_dataset\processed\VID_22\002\frame_0020.jpg
VID_22,VID_22.mp4,2,315,21,custom_dataset\processed\VID_22\002\frame_0021.jpg
VID_22,VID_22.mp4,2,330,22,custom_dataset\processed\VID_22\002\frame_0022.jpg
VID_22,VID_22.mp4,2,345,23,custom_dataset\processed\VID_22\002\frame_0023.jpg
VID_22,VID_22.mp4,2,360,24,custom_dataset\processed\VID_22\002\frame_0024.jpg
VID_22,VID_22.mp4,2,375,25,custom_dataset\processed\VID_22\002\frame_0025.jpg
VID_22,VID_22.mp4,2,390,26,custom_dataset\processed\VID_22\002\frame_0026.jpg
VID_22,VID_22.mp4,2,405,27,custom_dataset\processed\VID_22\002\frame_0027.jpg
VID_22,VID_22.mp4,2,420,28,custom_dataset\processed\VID_22\002\frame_0028.jpg
VID_22,VID_22.mp4,2,435,29,custom_dataset\processed\VID_22\002\frame_0029.jpg
VID_22,VID_22.mp4,2,450,30,custom_dataset\processed\VID_22\002\frame_0030.jpg
VID_22,VID_22.mp4,2,465,31,custom_dataset\processed\VID_22\002\frame_0031.jpg
VID_22,VID_22.mp4,2,480,32,custom_dataset\processed\VID_22\002\frame_0032.jpg
VID_22,VID_22.mp4,2,495,33,custom_dataset\processed\VID_22\002\frame_0033.jpg
VID_22,VID_22.mp4,2,510,34,custom_dataset\processed\VID_22\002\frame_0034.jpg
VID_22,VID_22.mp4,2,525,35,custom_dataset\processed\VID_22\002\frame_0035.jpg
VID_22,VID_22.mp4,2,540,36,custom_dataset\processed\VID_22\002\frame_0036.jpg
VID_22,VID_22.mp4,2,555,37,custom_dataset\processed\VID_22\002\frame_0037.jpg
VID_22,VID_22.mp4,2,570,38,custom_dataset\processed\VID_22\002\frame_0038.jpg
VID_22,VID_22.mp4,2,585,39,custom_dataset\processed\VID_22\002\frame_0039.jpg
VID_22,VID_22.mp4,2,600,40,custom_dataset\processed\VID_22\002\frame_0040.jpg
VID_22,VID_22.mp4,2,615,41,custom_dataset\processed\VID_22\002\frame_0041.jpg
VID_22,VID_22.mp4,3,0,0,custom_dataset\processed\VID_22\003\frame_0000.jpg
VID_22,VID_22.mp4,3,15,1,custom_dataset\processed\VID_22\003\frame_0001.jpg
VID_22,VID_22.mp4,3,30,2,custom_dataset\processed\VID_22\003\frame_0002.jpg
VID_22,VID_22.mp4,3,45,3,custom_dataset\processed\VID_22\003\frame_0003.jpg
VID_22,VID_22.mp4,3,60,4,custom_dataset\processed\VID_22\003\frame_0004.jpg
VID_22,VID_22.mp4,3,75,5,custom_dataset\processed\VID_22\003\frame_0005.jpg
VID_22,VID_22.mp4,3,90,6,custom_dataset\processed\VID_22\003\frame_0006.jpg
VID_22,VID_22.mp4,3,105,7,custom_dataset\processed\VID_22\003\frame_0007.jpg
VID_22,VID_22.mp4,3,120,8,custom_dataset\processed\VID_22\003\frame_0008.jpg
VID_22,VID_22.mp4,3,135,9,custom_dataset\processed\VID_22\003\frame_0009.jpg
VID_22,VID_22.mp4,3,150,10,custom_dataset\processed\VID_22\003\frame_0010.jpg
VID_22,VID_22.mp4,3,165,11,custom_dataset\processed\VID_22\003\frame_0011.jpg
VID_22,VID_22.mp4,3,180,12,custom_dataset\processed\VID_22\003\frame_0012.jpg
VID_22,VID_22.mp4,3,195,13,custom_dataset\processed\VID_22\003\frame_0013.jpg
VID_22,VID_22.mp4,3,210,14,custom_dataset\processed\VID_22\003\frame_0014.jpg
VID_22,VID_22.mp4,3,225,15,custom_dataset\processed\VID_22\003\frame_0015.jpg
VID_22,VID_22.mp4,3,240,16,custom_dataset\processed\VID_22\003\frame_0016.jpg
VID_22,VID_22.mp4,3,255,17,custom_dataset\processed\VID_22\003\frame_0017.jpg
VID_22,VID_22.mp4,3,270,18,custom_dataset\processed\VID_22\003\frame_0018.jpg
VID_22,VID_22.mp4,3,285,19,custom_dataset\processed\VID_22\003\frame_0019.jpg
VID_22,VID_22.mp4,3,300,20,custom_dataset\processed\VID_22\003\frame_0020.jpg
VID_22,VID_22.mp4,3,315,21,custom_dataset\processed\VID_22\003\frame_0021.jpg
VID_22,VID_22.mp4,3,330,22,custom_dataset\processed\VID_22\003\frame_0022.jpg
VID_22,VID_22.mp4,3,345,23,custom_dataset\processed\VID_22\003\frame_0023.jpg
VID_22,VID_22.mp4,3,360,24,custom_dataset\processed\VID_22\003\frame_0024.jpg
VID_22,VID_22.mp4,3,375,25,custom_dataset\processed\VID_22\003\frame_0025.jpg
VID_22,VID_22.mp4,3,390,26,custom_dataset\processed\VID_22\003\frame_0026.jpg
VID_22,VID_22.mp4,3,405,27,custom_dataset\processed\VID_22\003\frame_0027.jpg
VID_22,VID_22.mp4,3,420,28,custom_dataset\processed\VID_22\003\frame_0028.jpg
VID_22,VID_22.mp4,3,435,29,custom_dataset\processed\VID_22\003\frame_0029.jpg
VID_22,VID_22.mp4,3,450,30,custom_dataset\processed\VID_22\003\frame_0030.jpg
VID_22,VID_22.mp4,3,465,31,custom_dataset\processed\VID_22\003\frame_0031.jpg
VID_22,VID_22.mp4,3,480,32,custom_dataset\processed\VID_22\003\frame_0032.jpg
VID_22,VID_22.mp4,3,495,33,custom_dataset\processed\VID_22\003\frame_0033.jpg
VID_22,VID_22.mp4,3,510,34,custom_dataset\processed\VID_22\003\frame_0034.jpg
VID_22,VID_22.mp4,3,525,35,custom_dataset\processed\VID_22\003\frame_0035.jpg
VID_22,VID_22.mp4,3,540,36,custom_dataset\processed\VID_22\003\frame_0036.jpg
VID_22,VID_22.mp4,3,555,37,custom_dataset\processed\VID_22\003\frame_0037.jpg
VID_22,VID_22.mp4,3,570,38,custom_dataset\processed\VID_22\003\frame_0038.jpg
VID_22,VID_22.mp4,3,585,39,custom_dataset\processed\VID_22\003\frame_0039.jpg
VID_22,VID_22.mp4,3,600,40,custom_dataset\processed\VID_22\003\frame_0040.jpg
VID_22,VID_22.mp4,3,615,41,custom_dataset\processed\VID_22\003\frame_0041.jpg
VID_22,VID_22.mp4,4,0,0,custom_dataset\processed\VID_22\004\frame_0000.jpg
VID_22,VID_22.mp4,4,15,1,custom_dataset\processed\VID_22\004\frame_0001.jpg
VID_22,VID_22.mp4,4,30,2,custom_dataset\processed\VID_22\004\frame_0002.jpg
VID_22,VID_22.mp4,4,45,3,custom_dataset\processed\VID_22\004\frame_0003.jpg
VID_22,VID_22.mp4,4,60,4,custom_dataset\processed\VID_22\004\frame_0004.jpg
VID_22,VID_22.mp4,4,75,5,custom_dataset\processed\VID_22\004\frame_0005.jpg
VID_22,VID_22.mp4,4,90,6,custom_dataset\processed\VID_22\004\frame_0006.jpg
VID_22,VID_22.mp4,4,105,7,custom_dataset\processed\VID_22\004\frame_0007.jpg
VID_22,VID_22.mp4,4,120,8,custom_dataset\processed\VID_22\004\frame_0008.jpg
VID_22,VID_22.mp4,4,135,9,custom_dataset\processed\VID_22\004\frame_0009.jpg
VID_22,VID_22.mp4,4,150,10,custom_dataset\processed\VID_22\004\frame_0010.jpg
VID_22,VID_22.mp4,4,165,11,custom_dataset\processed\VID_22\004\frame_0011.jpg
VID_22,VID_22.mp4,4,180,12,custom_dataset\processed\VID_22\004\frame_0012.jpg
VID_22,VID_22.mp4,4,195,13,custom_dataset\processed\VID_22\004\frame_0013.jpg
VID_22,VID_22.mp4,4,210,14,custom_dataset\processed\VID_22\004\frame_0014.jpg
VID_22,VID_22.mp4,4,225,15,custom_dataset\processed\VID_22\004\frame_0015.jpg
VID_22,VID_22.mp4,4,240,16,custom_dataset\processed\VID_22\004\frame_0016.jpg
VID_22,VID_22.mp4,4,255,17,custom_dataset\processed\VID_22\004\frame_0017.jpg
VID_22,VID_22.mp4,4,270,18,custom_dataset\processed\VID_22\004\frame_0018.jpg
VID_22,VID_22.mp4,4,285,19,custom_dataset\processed\VID_22\004\frame_0019.jpg
VID_22,VID_22.mp4,4,300,20,custom_dataset\processed\VID_22\004\frame_0020.jpg
VID_22,VID_22.mp4,4,315,21,custom_dataset\processed\VID_22\004\frame_0021.jpg
VID_22,VID_22.mp4,4,330,22,custom_dataset\processed\VID_22\004\frame_0022.jpg
VID_22,VID_22.mp4,4,345,23,custom_dataset\processed\VID_22\004\frame_0023.jpg
VID_22,VID_22.mp4,4,360,24,custom_dataset\processed\VID_22\004\frame_0024.jpg
VID_22,VID_22.mp4,4,375,25,custom_dataset\processed\VID_22\004\frame_0025.jpg
VID_22,VID_22.mp4,4,390,26,custom_dataset\processed\VID_22\004\frame_0026.jpg
VID_22,VID_22.mp4,4,405,27,custom_dataset\processed\VID_22\004\frame_0027.jpg
VID_22,VID_22.mp4,4,420,28,custom_dataset\processed\VID_22\004\frame_0028.jpg
VID_22,VID_22.mp4,4,435,29,custom_dataset\processed\VID_22\004\frame_0029.jpg
VID_22,VID_22.mp4,4,450,30,custom_dataset\processed\VID_22\004\frame_0030.jpg
VID_22,VID_22.mp4,4,465,31,custom_dataset\processed\VID_22\004\frame_0031.jpg
VID_22,VID_22.mp4,4,480,32,custom_dataset\processed\VID_22\004\frame_0032.jpg
VID_22,VID_22.mp4,4,495,33,custom_dataset\processed\VID_22\004\frame_0033.jpg
VID_22,VID_22.mp4,4,510,34,custom_dataset\processed\VID_22\004\frame_0034.jpg
VID_22,VID_22.mp4,4,525,35,custom_dataset\processed\VID_22\004\frame_0035.jpg
VID_22,VID_22.mp4,4,540,36,custom_dataset\processed\VID_22\004\frame_0036.jpg
VID_22,VID_22.mp4,4,555,37,custom_dataset\processed\VID_22\004\frame_0037.jpg
VID_22,VID_22.mp4,4,570,38,custom_dataset\processed\VID_22\004\frame_0038.jpg
VID_22,VID_22.mp4,4,585,39,custom_dataset\processed\VID_22\004\frame_0039.jpg
VID_22,VID_22.mp4,4,600,40,custom_dataset\processed\VID_22\004\frame_0040.jpg
VID_22,VID_22.mp4,4,615,41,custom_dataset\processed\VID_22\004\frame_0041.jpg
VID_22,VID_22.mp4,5,0,0,custom_dataset\processed\VID_22\005\frame_0000.jpg
VID_22,VID_22.mp4,5,15,1,custom_dataset\processed\VID_22\005\frame_0001.jpg
VID_22,VID_22.mp4,5,30,2,custom_dataset\processed\VID_22\005\frame_0002.jpg
VID_22,VID_22.mp4,5,45,3,custom_dataset\processed\VID_22\005\frame_0003.jpg
VID_22,VID_22.mp4,5,60,4,custom_dataset\processed\VID_22\005\frame_0004.jpg
VID_22,VID_22.mp4,5,75,5,custom_dataset\processed\VID_22\005\frame_0005.jpg
VID_22,VID_22.mp4,5,90,6,custom_dataset\processed\VID_22\005\frame_0006.jpg
VID_22,VID_22.mp4,5,105,7,custom_dataset\processed\VID_22\005\frame_0007.jpg
VID_22,VID_22.mp4,5,120,8,custom_dataset\processed\VID_22\005\frame_0008.jpg
VID_22,VID_22.mp4,5,135,9,custom_dataset\processed\VID_22\005\frame_0009.jpg
VID_22,VID_22.mp4,5,150,10,custom_dataset\processed\VID_22\005\frame_0010.jpg
VID_22,VID_22.mp4,5,165,11,custom_dataset\processed\VID_22\005\frame_0011.jpg
VID_22,VID_22.mp4,5,180,12,custom_dataset\processed\VID_22\005\frame_0012.jpg
VID_22,VID_22.mp4,5,195,13,custom_dataset\processed\VID_22\005\frame_0013.jpg
VID_22,VID_22.mp4,5,255,17,custom_dataset\processed\VID_22\005\frame_0017.jpg
VID_22,VID_22.mp4,5,285,19,custom_dataset\processed\VID_22\005\frame_0019.jpg
VID_22,VID_22.mp4,6,0,0,custom_dataset\processed\VID_22\006\frame_0000.jpg
VID_22,VID_22.mp4,6,15,1,custom_dataset\processed\VID_22\006\frame_0001.jpg
VID_22,VID_22.mp4,6,30,2,custom_dataset\processed\VID_22\006\frame_0002.jpg
VID_22,VID_22.mp4,6,45,3,custom_dataset\processed\VID_22\006\frame_0003.jpg
VID_22,VID_22.mp4,6,60,4,custom_dataset\processed\VID_22\006\frame_0004.jpg
VID_22,VID_22.mp4,6,75,5,custom_dataset\processed\VID_22\006\frame_0005.jpg
VID_22,VID_22.mp4,6,90,6,custom_dataset\processed\VID_22\006\frame_0006.jpg
VID_22,VID_22.mp4,6,105,7,custom_dataset\processed\VID_22\006\frame_0007.jpg
VID_22,VID_22.mp4,6,120,8,custom_dataset\processed\VID_22\006\frame_0008.jpg
VID_22,VID_22.mp4,6,150,10,custom_dataset\processed\VID_22\006\frame_0010.jpg
VID_22,VID_22.mp4,6,180,12,custom_dataset\processed\VID_22\006\frame_0012.jpg
VID_22,VID_22.mp4,6,195,13,custom_dataset\processed\VID_22\006\frame_0013.jpg
VID_22,VID_22.mp4,6,210,14,custom_dataset\processed\VID_22\006\frame_0014.jpg
VID_22,VID_22.mp4,6,225,15,custom_dataset\processed\VID_22\006\frame_0015.jpg
VID_22,VID_22.mp4,6,255,17,custom_dataset\processed\VID_22\006\frame_0017.jpg
VID_22,VID_22.mp4,6,285,19,custom_dataset\processed\VID_22\006\frame_0019.jpg
VID_22,VID_22.mp4,6,315,21,custom_dataset\processed\VID_22\006\frame_0021.jpg
VID_22,VID_22.mp4,6,330,22,custom_dataset\processed\VID_22\006\frame_0022.jpg
VID_22,VID_22.mp4,6,345,23,custom_dataset\processed\VID_22\006\frame_0023.jpg
VID_22,VID_22.mp4,6,360,24,custom_dataset\processed\VID_22\006\frame_0024.jpg
VID_22,VID_22.mp4,6,375,25,custom_dataset\processed\VID_22\006\frame_0025.jpg
VID_22,VID_22.mp4,6,390,26,custom_dataset\processed\VID_22\006\frame_0026.jpg
VID_22,VID_22.mp4,6,405,27,custom_dataset\processed\VID_22\006\frame_0027.jpg
VID_22,VID_22.mp4,6,420,28,custom_dataset\processed\VID_22\006\frame_0028.jpg
VID_22,VID_22.mp4,6,435,29,custom_dataset\processed\VID_22\006\frame_0029.jpg
VID_22,VID_22.mp4,6,465,31,custom_dataset\processed\VID_22\006\frame_0031.jpg
VID_22,VID_22.mp4,6,480,32,custom_dataset\processed\VID_22\006\frame_0032.jpg
VID_22,VID_22.mp4,6,510,34,custom_dataset\processed\VID_22\006\frame_0034.jpg
VID_22,VID_22.mp4,6,525,35,custom_dataset\processed\VID_22\006\frame_0035.jpg
VID_22,VID_22.mp4,6,540,36,custom_dataset\processed\VID_22\006\frame_0036.jpg
VID_22,VID_22.mp4,6,555,37,custom_dataset\processed\VID_22\006\frame_0037.jpg
VID_22,VID_22.mp4,6,570,38,custom_dataset\processed\VID_22\006\frame_0038.jpg
VID_22,VID_22.mp4,6,585,39,custom_dataset\processed\VID_22\006\frame_0039.jpg
VID_22,VID_22.mp4,6,600,40,custom_dataset\processed\VID_22\006\frame_0040.jpg
VID_22,VID_22.mp4,6,615,41,custom_dataset\processed\VID_22\006\frame_0041.jpg
VID_22,VID_22.mp4,8,0,0,custom_dataset\processed\VID_22\008\frame_0000.jpg
VID_22,VID_22.mp4,8,15,1,custom_dataset\processed\VID_22\008\frame_0001.jpg
VID_22,VID_22.mp4,8,30,2,custom_dataset\processed\VID_22\008\frame_0002.jpg
VID_22,VID_22.mp4,8,75,5,custom_dataset\processed\VID_22\008\frame_0005.jpg
VID_22,VID_22.mp4,8,90,6,custom_dataset\processed\VID_22\008\frame_0006.jpg
VID_22,VID_22.mp4,8,105,7,custom_dataset\processed\VID_22\008\frame_0007.jpg
VID_22,VID_22.mp4,8,120,8,custom_dataset\processed\VID_22\008\frame_0008.jpg
VID_22,VID_22.mp4,8,135,9,custom_dataset\processed\VID_22\008\frame_0009.jpg
VID_22,VID_22.mp4,8,150,10,custom_dataset\processed\VID_22\008\frame_0010.jpg
VID_22,VID_22.mp4,8,165,11,custom_dataset\processed\VID_22\008\frame_0011.jpg
VID_22,VID_22.mp4,8,180,12,custom_dataset\processed\VID_22\008\frame_0012.jpg
VID_22,VID_22.mp4,8,195,13,custom_dataset\processed\VID_22\008\frame_0013.jpg
VID_22,VID_22.mp4,8,210,14,custom_dataset\processed\VID_22\008\frame_0014.jpg
VID_22,VID_22.mp4,8,225,15,custom_dataset\processed\VID_22\008\frame_0015.jpg
VID_22,VID_22.mp4,8,240,16,custom_dataset\processed\VID_22\008\frame_0016.jpg
VID_22,VID_22.mp4,8,255,17,custom_dataset\processed\VID_22\008\frame_0017.jpg
VID_22,VID_22.mp4,8,270,18,custom_dataset\processed\VID_22\008\frame_0018.jpg
VID_22,VID_22.mp4,8,285,19,custom_dataset\processed\VID_22\008\frame_0019.jpg
VID_22,VID_22.mp4,8,300,20,custom_dataset\processed\VID_22\008\frame_0020.jpg
VID_22,VID_22.mp4,8,315,21,custom_dataset\processed\VID_22\008\frame_0021.jpg
VID_22,VID_22.mp4,8,330,22,custom_dataset\processed\VID_22\008\frame_0022.jpg
VID_22,VID_22.mp4,8,345,23,custom_dataset\processed\VID_22\008\frame_0023.jpg
VID_22,VID_22.mp4,8,360,24,custom_dataset\processed\VID_22\008\frame_0024.jpg
VID_22,VID_22.mp4,8,375,25,custom_dataset\processed\VID_22\008\frame_0025.jpg
VID_22,VID_22.mp4,8,390,26,custom_dataset\processed\VID_22\008\frame_0026.jpg
VID_22,VID_22.mp4,8,405,27,custom_dataset\processed\VID_22\008\frame_0027.jpg
VID_22,VID_22.mp4,8,420,28,custom_dataset\processed\VID_22\008\frame_0028.jpg
VID_22,VID_22.mp4,8,435,29,custom_dataset\processed\VID_22\008\frame_0029.jpg
VID_22,VID_22.mp4,8,450,30,custom_dataset\processed\VID_22\008\frame_0030.jpg
VID_22,VID_22.mp4,8,465,31,custom_dataset\processed\VID_22\008\frame_0031.jpg
VID_22,VID_22.mp4,8,480,32,custom_dataset\processed\VID_22\008\frame_0032.jpg
VID_22,VID_22.mp4,8,495,33,custom_dataset\processed\VID_22\008\frame_0033.jpg
VID_22,VID_22.mp4,8,510,34,custom_dataset\processed\VID_22\008\frame_0034.jpg
VID_22,VID_22.mp4,8,525,35,custom_dataset\processed\VID_22\008\frame_0035.jpg
VID_22,VID_22.mp4,8,540,36,custom_dataset\processed\VID_22\008\frame_0036.jpg
VID_22,VID_22.mp4,8,555,37,custom_dataset\processed\VID_22\008\frame_0037.jpg
VID_22,VID_22.mp4,8,570,38,custom_dataset\processed\VID_22\008\frame_0038.jpg
VID_22,VID_22.mp4,8,585,39,custom_dataset\processed\VID_22\008\frame_0039.jpg
VID_22,VID_22.mp4,8,600,40,custom_dataset\processed\VID_22\008\frame_0040.jpg
VID_22,VID_22.mp4,8,615,41,custom_dataset\processed\VID_22\008\frame_0041.jpg
VID_22,VID_22.mp4,10,195,13,custom_dataset\processed\VID_22\010\frame_0013.jpg
VID_22,VID_22.mp4,10,210,14,custom_dataset\processed\VID_22\010\frame_0014.jpg
VID_22,VID_22.mp4,10,225,15,custom_dataset\processed\VID_22\010\frame_0015.jpg
VID_22,VID_22.mp4,10,240,16,custom_dataset\processed\VID_22\010\frame_0016.jpg
VID_22,VID_22.mp4,10,270,18,custom_dataset\processed\VID_22\010\frame_0018.jpg
VID_22,VID_22.mp4,10,315,21,custom_dataset\processed\VID_22\010\frame_0021.jpg
VID_22,VID_22.mp4,10,375,25,custom_dataset\processed\VID_22\010\frame_0025.jpg
VID_22,VID_22.mp4,10,390,26,custom_dataset\processed\VID_22\010\frame_0026.jpg
VID_22,VID_22.mp4,10,405,27,custom_dataset\processed\VID_22\010\frame_0027.jpg
VID_22,VID_22.mp4,10,435,29,custom_dataset\processed\VID_22\010\frame_0029.jpg
VID_22,VID_22.mp4,10,450,30,custom_dataset\processed\VID_22\010\frame_0030.jpg
VID_22,VID_22.mp4,10,465,31,custom_dataset\processed\VID_22\010\frame_0031.jpg
VID_22,VID_22.mp4,10,480,32,custom_dataset\processed\VID_22\010\frame_0032.jpg
VID_22,VID_22.mp4,10,495,33,custom_dataset\processed\VID_22\010\frame_0033.jpg
VID_22,VID_22.mp4,10,510,34,custom_dataset\processed\VID_22\010\frame_0034.jpg
VID_22,VID_22.mp4,10,525,35,custom_dataset\processed\VID_22\010\frame_0035.jpg
VID_22,VID_22.mp4,10,540,36,custom_dataset\processed\VID_22\010\frame_0036.jpg
VID_22,VID_22.mp4,10,555,37,custom_dataset\processed\VID_22\010\frame_0037.jpg
VID_22,VID_22.mp4,10,570,38,custom_dataset\processed\VID_22\010\frame_0038.jpg
VID_22,VID_22.mp4,10,585,39,custom_dataset\processed\VID_22\010\frame_0039.jpg
VID_22,VID_22.mp4,10,600,40,custom_dataset\processed\VID_22\010\frame_0040.jpg
VID_22,VID_22.mp4,10,615,41,custom_dataset\processed\VID_22\010\frame_0041.jpg
VID_23,VID_23.mp4,1,0,0,custom_dataset\processed\VID_23\001\frame_0000.jpg
VID_23,VID_23.mp4,1,15,1,custom_dataset\processed\VID_23\001\frame_0001.jpg
VID_23,VID_23.mp4,1,30,2,custom_dataset\processed\VID_23\001\frame_0002.jpg
VID_23,VID_23.mp4,1,45,3,custom_dataset\processed\VID_23\001\frame_0003.jpg
VID_23,VID_23.mp4,1,60,4,custom_dataset\processed\VID_23\001\frame_0004.jpg
VID_23,VID_23.mp4,1,75,5,custom_dataset\processed\VID_23\001\frame_0005.jpg
VID_23,VID_23.mp4,1,90,6,custom_dataset\processed\VID_23\001\frame_0006.jpg
VID_23,VID_23.mp4,1,105,7,custom_dataset\processed\VID_23\001\frame_0007.jpg
VID_23,VID_23.mp4,1,120,8,custom_dataset\processed\VID_23\001\frame_0008.jpg
VID_23,VID_23.mp4,1,135,9,custom_dataset\processed\VID_23\001\frame_0009.jpg
VID_23,VID_23.mp4,1,150,10,custom_dataset\processed\VID_23\001\frame_0010.jpg
VID_23,VID_23.mp4,1,165,11,custom_dataset\processed\VID_23\001\frame_0011.jpg
VID_23,VID_23.mp4,1,180,12,custom_dataset\processed\VID_23\001\frame_0012.jpg
VID_23,VID_23.mp4,1,195,13,custom_dataset\processed\VID_23\001\frame_0013.jpg
VID_23,VID_23.mp4,1,210,14,custom_dataset\processed\VID_23\001\frame_0014.jpg
VID_23,VID_23.mp4,1,225,15,custom_dataset\processed\VID_23\001\frame_0015.jpg
VID_23,VID_23.mp4,1,240,16,custom_dataset\processed\VID_23\001\frame_0016.jpg
VID_23,VID_23.mp4,1,255,17,custom_dataset\processed\VID_23\001\frame_0017.jpg
VID_23,VID_23.mp4,1,270,18,custom_dataset\processed\VID_23\001\frame_0018.jpg
VID_23,VID_23.mp4,1,285,19,custom_dataset\processed\VID_23\001\frame_0019.jpg
VID_23,VID_23.mp4,1,300,20,custom_dataset\processed\VID_23\001\frame_0020.jpg
VID_23,VID_23.mp4,1,315,21,custom_dataset\processed\VID_23\001\frame_0021.jpg
VID_23,VID_23.mp4,1,330,22,custom_dataset\processed\VID_23\001\frame_0022.jpg
VID_23,VID_23.mp4,1,345,23,custom_dataset\processed\VID_23\001\frame_0023.jpg
VID_23,VID_23.mp4,1,360,24,custom_dataset\processed\VID_23\001\frame_0024.jpg
VID_23,VID_23.mp4,1,375,25,custom_dataset\processed\VID_23\001\frame_0025.jpg
VID_23,VID_23.mp4,1,390,26,custom_dataset\processed\VID_23\001\frame_0026.jpg
VID_23,VID_23.mp4,1,405,27,custom_dataset\processed\VID_23\001\frame_0027.jpg
VID_23,VID_23.mp4,1,420,28,custom_dataset\processed\VID_23\001\frame_0028.jpg
VID_23,VID_23.mp4,1,435,29,custom_dataset\processed\VID_23\001\frame_0029.jpg
VID_23,VID_23.mp4,1,450,30,custom_dataset\processed\VID_23\001\frame_0030.jpg
VID_23,VID_23.mp4,1,465,31,custom_dataset\processed\VID_23\001\frame_0031.jpg
VID_23,VID_23.mp4,1,480,32,custom_dataset\processed\VID_23\001\frame_0032.jpg
VID_23,VID_23.mp4,1,495,33,custom_dataset\processed\VID_23\001\frame_0033.jpg
VID_23,VID_23.mp4,1,510,34,custom_dataset\processed\VID_23\001\frame_0034.jpg
VID_23,VID_23.mp4,1,525,35,custom_dataset\processed\VID_23\001\frame_0035.jpg
VID_23,VID_23.mp4,1,540,36,custom_dataset\processed\VID_23\001\frame_0036.jpg
VID_23,VID_23.mp4,1,555,37,custom_dataset\processed\VID_23\001\frame_0037.jpg
VID_23,VID_23.mp4,1,570,38,custom_dataset\processed\VID_23\001\frame_0038.jpg
VID_23,VID_23.mp4,1,585,39,custom_dataset\processed\VID_23\001\frame_0039.jpg
VID_23,VID_23.mp4,1,600,40,custom_dataset\processed\VID_23\001\frame_0040.jpg
VID_23,VID_23.mp4,1,615,41,custom_dataset\processed\VID_23\001\frame_0041.jpg
VID_23,VID_23.mp4,1,630,42,custom_dataset\processed\VID_23\001\frame_0042.jpg
VID_23,VID_23.mp4,1,645,43,custom_dataset\processed\VID_23\001\frame_0043.jpg
VID_23,VID_23.mp4,1,660,44,custom_dataset\processed\VID_23\001\frame_0044.jpg
VID_23,VID_23.mp4,1,675,45,custom_dataset\processed\VID_23\001\frame_0045.jpg
VID_23,VID_23.mp4,1,690,46,custom_dataset\processed\VID_23\001\frame_0046.jpg
VID_23,VID_23.mp4,1,705,47,custom_dataset\processed\VID_23\001\frame_0047.jpg
VID_23,VID_23.mp4,2,0,0,custom_dataset\processed\VID_23\002\frame_0000.jpg
VID_23,VID_23.mp4,2,15,1,custom_dataset\processed\VID_23\002\frame_0001.jpg
VID_23,VID_23.mp4,2,30,2,custom_dataset\processed\VID_23\002\frame_0002.jpg
VID_23,VID_23.mp4,2,45,3,custom_dataset\processed\VID_23\002\frame_0003.jpg
VID_23,VID_23.mp4,2,60,4,custom_dataset\processed\VID_23\002\frame_0004.jpg
VID_23,VID_23.mp4,2,75,5,custom_dataset\processed\VID_23\002\frame_0005.jpg
VID_23,VID_23.mp4,2,90,6,custom_dataset\processed\VID_23\002\frame_0006.jpg
VID_23,VID_23.mp4,2,105,7,custom_dataset\processed\VID_23\002\frame_0007.jpg
VID_23,VID_23.mp4,2,120,8,custom_dataset\processed\VID_23\002\frame_0008.jpg
VID_23,VID_23.mp4,2,135,9,custom_dataset\processed\VID_23\002\frame_0009.jpg
VID_23,VID_23.mp4,2,150,10,custom_dataset\processed\VID_23\002\frame_0010.jpg
VID_23,VID_23.mp4,2,165,11,custom_dataset\processed\VID_23\002\frame_0011.jpg
VID_23,VID_23.mp4,2,180,12,custom_dataset\processed\VID_23\002\frame_0012.jpg
VID_23,VID_23.mp4,2,195,13,custom_dataset\processed\VID_23\002\frame_0013.jpg
VID_23,VID_23.mp4,2,210,14,custom_dataset\processed\VID_23\002\frame_0014.jpg
VID_23,VID_23.mp4,2,225,15,custom_dataset\processed\VID_23\002\frame_0015.jpg
VID_23,VID_23.mp4,2,240,16,custom_dataset\processed\VID_23\002\frame_0016.jpg
VID_23,VID_23.mp4,2,255,17,custom_dataset\processed\VID_23\002\frame_0017.jpg
VID_23,VID_23.mp4,2,270,18,custom_dataset\processed\VID_23\002\frame_0018.jpg
VID_23,VID_23.mp4,2,285,19,custom_dataset\processed\VID_23\002\frame_0019.jpg
VID_23,VID_23.mp4,2,300,20,custom_dataset\processed\VID_23\002\frame_0020.jpg
VID_23,VID_23.mp4,2,315,21,custom_dataset\processed\VID_23\002\frame_0021.jpg
VID_23,VID_23.mp4,2,330,22,custom_dataset\processed\VID_23\002\frame_0022.jpg
VID_23,VID_23.mp4,2,345,23,custom_dataset\processed\VID_23\002\frame_0023.jpg
VID_23,VID_23.mp4,2,360,24,custom_dataset\processed\VID_23\002\frame_0024.jpg
VID_23,VID_23.mp4,2,375,25,custom_dataset\processed\VID_23\002\frame_0025.jpg
VID_23,VID_23.mp4,2,390,26,custom_dataset\processed\VID_23\002\frame_0026.jpg
VID_23,VID_23.mp4,2,405,27,custom_dataset\processed\VID_23\002\frame_0027.jpg
VID_23,VID_23.mp4,2,420,28,custom_dataset\processed\VID_23\002\frame_0028.jpg
VID_23,VID_23.mp4,2,435,29,custom_dataset\processed\VID_23\002\frame_0029.jpg
VID_23,VID_23.mp4,2,450,30,custom_dataset\processed\VID_23\002\frame_0030.jpg
VID_23,VID_23.mp4,2,465,31,custom_dataset\processed\VID_23\002\frame_0031.jpg
VID_23,VID_23.mp4,2,480,32,custom_dataset\processed\VID_23\002\frame_0032.jpg
VID_23,VID_23.mp4,2,495,33,custom_dataset\processed\VID_23\002\frame_0033.jpg
VID_23,VID_23.mp4,2,510,34,custom_dataset\processed\VID_23\002\frame_0034.jpg
VID_23,VID_23.mp4,2,525,35,custom_dataset\processed\VID_23\002\frame_0035.jpg
VID_23,VID_23.mp4,2,540,36,custom_dataset\processed\VID_23\002\frame_0036.jpg
VID_23,VID_23.mp4,2,555,37,custom_dataset\processed\VID_23\002\frame_0037.jpg
VID_23,VID_23.mp4,2,570,38,custom_dataset\processed\VID_23\002\frame_0038.jpg
VID_23,VID_23.mp4,2,585,39,custom_dataset\processed\VID_23\002\frame_0039.jpg
VID_23,VID_23.mp4,2,600,40,custom_dataset\processed\VID_23\002\frame_0040.jpg
VID_23,VID_23.mp4,2,615,41,custom_dataset\processed\VID_23\002\frame_0041.jpg
VID_23,VID_23.mp4,2,630,42,custom_dataset\processed\VID_23\002\frame_0042.jpg
VID_23,VID_23.mp4,2,645,43,custom_dataset\processed\VID_23\002\frame_0043.jpg
VID_23,VID_23.mp4,2,660,44,custom_dataset\processed\VID_23\002\frame_0044.jpg
VID_23,VID_23.mp4,2,675,45,custom_dataset\processed\VID_23\002\frame_0045.jpg
VID_23,VID_23.mp4,2,690,46,custom_dataset\processed\VID_23\002\frame_0046.jpg
VID_23,VID_23.mp4,2,705,47,custom_dataset\processed\VID_23\002\frame_0047.jpg
VID_23,VID_23.mp4,3,0,0,custom_dataset\processed\VID_23\003\frame_0000.jpg
VID_23,VID_23.mp4,3,15,1,custom_dataset\processed\VID_23\003\frame_0001.jpg
VID_23,VID_23.mp4,3,30,2,custom_dataset\processed\VID_23\003\frame_0002.jpg
VID_23,VID_23.mp4,3,45,3,custom_dataset\processed\VID_23\003\frame_0003.jpg
VID_23,VID_23.mp4,3,60,4,custom_dataset\processed\VID_23\003\frame_0004.jpg
VID_23,VID_23.mp4,3,75,5,custom_dataset\processed\VID_23\003\frame_0005.jpg
VID_23,VID_23.mp4,3,90,6,custom_dataset\processed\VID_23\003\frame_0006.jpg
VID_23,VID_23.mp4,3,105,7,custom_dataset\processed\VID_23\003\frame_0007.jpg
VID_23,VID_23.mp4,3,120,8,custom_dataset\processed\VID_23\003\frame_0008.jpg
VID_23,VID_23.mp4,3,135,9,custom_dataset\processed\VID_23\003\frame_0009.jpg
VID_23,VID_23.mp4,3,150,10,custom_dataset\processed\VID_23\003\frame_0010.jpg
VID_23,VID_23.mp4,3,165,11,custom_dataset\processed\VID_23\003\frame_0011.jpg
VID_23,VID_23.mp4,3,180,12,custom_dataset\processed\VID_23\003\frame_0012.jpg
VID_23,VID_23.mp4,3,195,13,custom_dataset\processed\VID_23\003\frame_0013.jpg
VID_23,VID_23.mp4,3,210,14,custom_dataset\processed\VID_23\003\frame_0014.jpg
VID_23,VID_23.mp4,3,225,15,custom_dataset\processed\VID_23\003\frame_0015.jpg
VID_23,VID_23.mp4,3,240,16,custom_dataset\processed\VID_23\003\frame_0016.jpg
VID_23,VID_23.mp4,3,255,17,custom_dataset\processed\VID_23\003\frame_0017.jpg
VID_23,VID_23.mp4,3,270,18,custom_dataset\processed\VID_23\003\frame_0018.jpg
VID_23,VID_23.mp4,3,285,19,custom_dataset\processed\VID_23\003\frame_0019.jpg
VID_23,VID_23.mp4,3,300,20,custom_dataset\processed\VID_23\003\frame_0020.jpg
VID_23,VID_23.mp4,3,315,21,custom_dataset\processed\VID_23\003\frame_0021.jpg
VID_23,VID_23.mp4,3,330,22,custom_dataset\processed\VID_23\003\frame_0022.jpg
VID_23,VID_23.mp4,3,345,23,custom_dataset\processed\VID_23\003\frame_0023.jpg
VID_23,VID_23.mp4,3,360,24,custom_dataset\processed\VID_23\003\frame_0024.jpg
VID_23,VID_23.mp4,3,375,25,custom_dataset\processed\VID_23\003\frame_0025.jpg
VID_23,VID_23.mp4,3,390,26,custom_dataset\processed\VID_23\003\frame_0026.jpg
VID_23,VID_23.mp4,3,405,27,custom_dataset\processed\VID_23\003\frame_0027.jpg
VID_23,VID_23.mp4,3,420,28,custom_dataset\processed\VID_23\003\frame_0028.jpg
VID_23,VID_23.mp4,3,435,29,custom_dataset\processed\VID_23\003\frame_0029.jpg
VID_23,VID_23.mp4,3,450,30,custom_dataset\processed\VID_23\003\frame_0030.jpg
VID_23,VID_23.mp4,3,465,31,custom_dataset\processed\VID_23\003\frame_0031.jpg
VID_23,VID_23.mp4,3,480,32,custom_dataset\processed\VID_23\003\frame_0032.jpg
VID_23,VID_23.mp4,3,495,33,custom_dataset\processed\VID_23\003\frame_0033.jpg
VID_23,VID_23.mp4,3,510,34,custom_dataset\processed\VID_23\003\frame_0034.jpg
VID_23,VID_23.mp4,3,525,35,custom_dataset\processed\VID_23\003\frame_0035.jpg
VID_23,VID_23.mp4,3,540,36,custom_dataset\processed\VID_23\003\frame_0036.jpg
VID_23,VID_23.mp4,3,555,37,custom_dataset\processed\VID_23\003\frame_0037.jpg
VID_23,VID_23.mp4,3,570,38,custom_dataset\processed\VID_23\003\frame_0038.jpg
VID_23,VID_23.mp4,3,585,39,custom_dataset\processed\VID_23\003\frame_0039.jpg
VID_23,VID_23.mp4,3,600,40,custom_dataset\processed\VID_23\003\frame_0040.jpg
VID_23,VID_23.mp4,3,615,41,custom_dataset\processed\VID_23\003\frame_0041.jpg
VID_23,VID_23.mp4,3,630,42,custom_dataset\processed\VID_23\003\frame_0042.jpg
VID_23,VID_23.mp4,3,645,43,custom_dataset\processed\VID_23\003\frame_0043.jpg
VID_23,VID_23.mp4,3,660,44,custom_dataset\processed\VID_23\003\frame_0044.jpg
VID_23,VID_23.mp4,3,675,45,custom_dataset\processed\VID_23\003\frame_0045.jpg
VID_23,VID_23.mp4,3,690,46,custom_dataset\processed\VID_23\003\frame_0046.jpg
VID_23,VID_23.mp4,3,705,47,custom_dataset\processed\VID_23\003\frame_0047.jpg
VID_23,VID_23.mp4,4,0,0,custom_dataset\processed\VID_23\004\frame_0000.jpg
VID_23,VID_23.mp4,4,15,1,custom_dataset\processed\VID_23\004\frame_0001.jpg
VID_23,VID_23.mp4,4,30,2,custom_dataset\processed\VID_23\004\frame_0002.jpg
VID_23,VID_23.mp4,4,45,3,custom_dataset\processed\VID_23\004\frame_0003.jpg
VID_23,VID_23.mp4,4,60,4,custom_dataset\processed\VID_23\004\frame_0004.jpg
VID_23,VID_23.mp4,4,75,5,custom_dataset\processed\VID_23\004\frame_0005.jpg
VID_23,VID_23.mp4,4,90,6,custom_dataset\processed\VID_23\004\frame_0006.jpg
VID_23,VID_23.mp4,4,105,7,custom_dataset\processed\VID_23\004\frame_0007.jpg
VID_23,VID_23.mp4,4,120,8,custom_dataset\processed\VID_23\004\frame_0008.jpg
VID_23,VID_23.mp4,4,135,9,custom_dataset\processed\VID_23\004\frame_0009.jpg
VID_23,VID_23.mp4,4,150,10,custom_dataset\processed\VID_23\004\frame_0010.jpg
VID_23,VID_23.mp4,4,165,11,custom_dataset\processed\VID_23\004\frame_0011.jpg
VID_23,VID_23.mp4,4,180,12,custom_dataset\processed\VID_23\004\frame_0012.jpg
VID_23,VID_23.mp4,4,195,13,custom_dataset\processed\VID_23\004\frame_0013.jpg
VID_23,VID_23.mp4,4,210,14,custom_dataset\processed\VID_23\004\frame_0014.jpg
VID_23,VID_23.mp4,4,225,15,custom_dataset\processed\VID_23\004\frame_0015.jpg
VID_23,VID_23.mp4,4,240,16,custom_dataset\processed\VID_23\004\frame_0016.jpg
VID_23,VID_23.mp4,4,255,17,custom_dataset\processed\VID_23\004\frame_0017.jpg
VID_23,VID_23.mp4,4,270,18,custom_dataset\processed\VID_23\004\frame_0018.jpg
VID_23,VID_23.mp4,4,285,19,custom_dataset\processed\VID_23\004\frame_0019.jpg
VID_23,VID_23.mp4,4,300,20,custom_dataset\processed\VID_23\004\frame_0020.jpg
VID_23,VID_23.mp4,4,315,21,custom_dataset\processed\VID_23\004\frame_0021.jpg
VID_23,VID_23.mp4,4,330,22,custom_dataset\processed\VID_23\004\frame_0022.jpg
VID_23,VID_23.mp4,4,345,23,custom_dataset\processed\VID_23\004\frame_0023.jpg
VID_23,VID_23.mp4,4,360,24,custom_dataset\processed\VID_23\004\frame_0024.jpg
VID_23,VID_23.mp4,4,375,25,custom_dataset\processed\VID_23\004\frame_0025.jpg
VID_23,VID_23.mp4,4,390,26,custom_dataset\processed\VID_23\004\frame_0026.jpg
VID_23,VID_23.mp4,4,405,27,custom_dataset\processed\VID_23\004\frame_0027.jpg
VID_23,VID_23.mp4,4,420,28,custom_dataset\processed\VID_23\004\frame_0028.jpg
VID_23,VID_23.mp4,4,435,29,custom_dataset\processed\VID_23\004\frame_0029.jpg
VID_23,VID_23.mp4,4,450,30,custom_dataset\processed\VID_23\004\frame_0030.jpg
VID_23,VID_23.mp4,4,465,31,custom_dataset\processed\VID_23\004\frame_0031.jpg
VID_23,VID_23.mp4,4,480,32,custom_dataset\processed\VID_23\004\frame_0032.jpg
VID_23,VID_23.mp4,4,495,33,custom_dataset\processed\VID_23\004\frame_0033.jpg
VID_23,VID_23.mp4,4,510,34,custom_dataset\processed\VID_23\004\frame_0034.jpg
VID_23,VID_23.mp4,4,525,35,custom_dataset\processed\VID_23\004\frame_0035.jpg
VID_23,VID_23.mp4,4,540,36,custom_dataset\processed\VID_23\004\frame_0036.jpg
VID_23,VID_23.mp4,4,555,37,custom_dataset\processed\VID_23\004\frame_0037.jpg
VID_23,VID_23.mp4,4,570,38,custom_dataset\processed\VID_23\004\frame_0038.jpg
VID_23,VID_23.mp4,4,585,39,custom_dataset\processed\VID_23\004\frame_0039.jpg
VID_23,VID_23.mp4,4,600,40,custom_dataset\processed\VID_23\004\frame_0040.jpg
VID_23,VID_23.mp4,4,615,41,custom_dataset\processed\VID_23\004\frame_0041.jpg
VID_23,VID_23.mp4,4,630,42,custom_dataset\processed\VID_23\004\frame_0042.jpg
VID_23,VID_23.mp4,4,645,43,custom_dataset\processed\VID_23\004\frame_0043.jpg
VID_23,VID_23.mp4,4,660,44,custom_dataset\processed\VID_23\004\frame_0044.jpg
VID_23,VID_23.mp4,4,675,45,custom_dataset\processed\VID_23\004\frame_0045.jpg
VID_23,VID_23.mp4,4,690,46,custom_dataset\processed\VID_23\004\frame_0046.jpg
VID_23,VID_23.mp4,4,705,47,custom_dataset\processed\VID_23\004\frame_0047.jpg
VID_23,VID_23.mp4,5,0,0,custom_dataset\processed\VID_23\005\frame_0000.jpg
VID_23,VID_23.mp4,5,15,1,custom_dataset\processed\VID_23\005\frame_0001.jpg
VID_23,VID_23.mp4,5,30,2,custom_dataset\processed\VID_23\005\frame_0002.jpg
VID_23,VID_23.mp4,5,45,3,custom_dataset\processed\VID_23\005\frame_0003.jpg
VID_23,VID_23.mp4,5,60,4,custom_dataset\processed\VID_23\005\frame_0004.jpg
VID_23,VID_23.mp4,5,75,5,custom_dataset\processed\VID_23\005\frame_0005.jpg
VID_23,VID_23.mp4,5,90,6,custom_dataset\processed\VID_23\005\frame_0006.jpg
VID_23,VID_23.mp4,5,105,7,custom_dataset\processed\VID_23\005\frame_0007.jpg
VID_23,VID_23.mp4,5,120,8,custom_dataset\processed\VID_23\005\frame_0008.jpg
VID_23,VID_23.mp4,5,135,9,custom_dataset\processed\VID_23\005\frame_0009.jpg
VID_23,VID_23.mp4,5,150,10,custom_dataset\processed\VID_23\005\frame_0010.jpg
VID_23,VID_23.mp4,5,165,11,custom_dataset\processed\VID_23\005\frame_0011.jpg
VID_23,VID_23.mp4,5,180,12,custom_dataset\processed\VID_23\005\frame_0012.jpg
VID_23,VID_23.mp4,5,195,13,custom_dataset\processed\VID_23\005\frame_0013.jpg
VID_23,VID_23.mp4,5,225,15,custom_dataset\processed\VID_23\005\frame_0015.jpg
VID_23,VID_23.mp4,5,240,16,custom_dataset\processed\VID_23\005\frame_0016.jpg
VID_23,VID_23.mp4,5,255,17,custom_dataset\processed\VID_23\005\frame_0017.jpg
VID_23,VID_23.mp4,5,270,18,custom_dataset\processed\VID_23\005\frame_0018.jpg
VID_23,VID_23.mp4,5,285,19,custom_dataset\processed\VID_23\005\frame_0019.jpg
VID_23,VID_23.mp4,5,300,20,custom_dataset\processed\VID_23\005\frame_0020.jpg
VID_23,VID_23.mp4,5,315,21,custom_dataset\processed\VID_23\005\frame_0021.jpg
VID_23,VID_23.mp4,5,330,22,custom_dataset\processed\VID_23\005\frame_0022.jpg
VID_23,VID_23.mp4,5,345,23,custom_dataset\processed\VID_23\005\frame_0023.jpg
VID_23,VID_23.mp4,5,360,24,custom_dataset\processed\VID_23\005\frame_0024.jpg
VID_23,VID_23.mp4,5,375,25,custom_dataset\processed\VID_23\005\frame_0025.jpg
VID_23,VID_23.mp4,5,390,26,custom_dataset\processed\VID_23\005\frame_0026.jpg
VID_23,VID_23.mp4,5,405,27,custom_dataset\processed\VID_23\005\frame_0027.jpg
VID_23,VID_23.mp4,5,420,28,custom_dataset\processed\VID_23\005\frame_0028.jpg
VID_23,VID_23.mp4,5,435,29,custom_dataset\processed\VID_23\005\frame_0029.jpg
VID_23,VID_23.mp4,5,450,30,custom_dataset\processed\VID_23\005\frame_0030.jpg
VID_23,VID_23.mp4,5,465,31,custom_dataset\processed\VID_23\005\frame_0031.jpg
VID_23,VID_23.mp4,5,480,32,custom_dataset\processed\VID_23\005\frame_0032.jpg
VID_23,VID_23.mp4,5,495,33,custom_dataset\processed\VID_23\005\frame_0033.jpg
VID_23,VID_23.mp4,5,510,34,custom_dataset\processed\VID_23\005\frame_0034.jpg
VID_23,VID_23.mp4,5,525,35,custom_dataset\processed\VID_23\005\frame_0035.jpg
VID_23,VID_23.mp4,5,540,36,custom_dataset\processed\VID_23\005\frame_0036.jpg
VID_23,VID_23.mp4,5,555,37,custom_dataset\processed\VID_23\005\frame_0037.jpg
VID_23,VID_23.mp4,5,570,38,custom_dataset\processed\VID_23\005\frame_0038.jpg
VID_23,VID_23.mp4,5,585,39,custom_dataset\processed\VID_23\005\frame_0039.jpg
VID_23,VID_23.mp4,5,600,40,custom_dataset\processed\VID_23\005\frame_0040.jpg
VID_23,VID_23.mp4,5,615,41,custom_dataset\processed\VID_23\005\frame_0041.jpg
VID_23,VID_23.mp4,5,630,42,custom_dataset\processed\VID_23\005\frame_0042.jpg
VID_23,VID_23.mp4,5,645,43,custom_dataset\processed\VID_23\005\frame_0043.jpg
VID_23,VID_23.mp4,5,660,44,custom_dataset\processed\VID_23\005\frame_0044.jpg
VID_23,VID_23.mp4,5,675,45,custom_dataset\processed\VID_23\005\frame_0045.jpg
VID_23,VID_23.mp4,5,690,46,custom_dataset\processed\VID_23\005\frame_0046.jpg
VID_23,VID_23.mp4,5,705,47,custom_dataset\processed\VID_23\005\frame_0047.jpg
VID_23,VID_23.mp4,7,45,3,custom_dataset\processed\VID_23\007\frame_0003.jpg
VID_23,VID_23.mp4,7,60,4,custom_dataset\processed\VID_23\007\frame_0004.jpg
VID_23,VID_23.mp4,7,120,8,custom_dataset\processed\VID_23\007\frame_0008.jpg
VID_23,VID_23.mp4,7,135,9,custom_dataset\processed\VID_23\007\frame_0009.jpg
VID_23,VID_23.mp4,7,150,10,custom_dataset\processed\VID_23\007\frame_0010.jpg
VID_23,VID_23.mp4,7,165,11,custom_dataset\processed\VID_23\007\frame_0011.jpg
VID_23,VID_23.mp4,7,180,12,custom_dataset\processed\VID_23\007\frame_0012.jpg
VID_23,VID_23.mp4,7,195,13,custom_dataset\processed\VID_23\007\frame_0013.jpg
VID_23,VID_23.mp4,7,210,14,custom_dataset\processed\VID_23\007\frame_0014.jpg
VID_23,VID_23.mp4,7,225,15,custom_dataset\processed\VID_23\007\frame_0015.jpg
VID_23,VID_23.mp4,7,255,17,custom_dataset\processed\VID_23\007\frame_0017.jpg
VID_23,VID_23.mp4,7,285,19,custom_dataset\processed\VID_23\007\frame_0019.jpg
VID_23,VID_23.mp4,7,300,20,custom_dataset\processed\VID_23\007\frame_0020.jpg
VID_23,VID_23.mp4,7,315,21,custom_dataset\processed\VID_23\007\frame_0021.jpg
VID_23,VID_23.mp4,7,330,22,custom_dataset\processed\VID_23\007\frame_0022.jpg
VID_23,VID_23.mp4,7,345,23,custom_dataset\processed\VID_23\007\frame_0023.jpg
VID_23,VID_23.mp4,7,390,26,custom_dataset\processed\VID_23\007\frame_0026.jpg
VID_23,VID_23.mp4,7,405,27,custom_dataset\processed\VID_23\007\frame_0027.jpg
VID_23,VID_23.mp4,7,420,28,custom_dataset\processed\VID_23\007\frame_0028.jpg
VID_23,VID_23.mp4,7,435,29,custom_dataset\processed\VID_23\007\frame_0029.jpg
VID_23,VID_23.mp4,7,450,30,custom_dataset\processed\VID_23\007\frame_0030.jpg
VID_23,VID_23.mp4,7,465,31,custom_dataset\processed\VID_23\007\frame_0031.jpg
VID_23,VID_23.mp4,7,480,32,custom_dataset\processed\VID_23\007\frame_0032.jpg
VID_23,VID_23.mp4,7,495,33,custom_dataset\processed\VID_23\007\frame_0033.jpg
VID_23,VID_23.mp4,7,510,34,custom_dataset\processed\VID_23\007\frame_0034.jpg
VID_23,VID_23.mp4,8,105,7,custom_dataset\processed\VID_23\008\frame_0007.jpg
VID_23,VID_23.mp4,8,120,8,custom_dataset\processed\VID_23\008\frame_0008.jpg
VID_23,VID_23.mp4,8,135,9,custom_dataset\processed\VID_23\008\frame_0009.jpg
VID_23,VID_23.mp4,8,150,10,custom_dataset\processed\VID_23\008\frame_0010.jpg
VID_23,VID_23.mp4,8,180,12,custom_dataset\processed\VID_23\008\frame_0012.jpg
VID_23,VID_23.mp4,8,195,13,custom_dataset\processed\VID_23\008\frame_0013.jpg
VID_23,VID_23.mp4,8,210,14,custom_dataset\processed\VID_23\008\frame_0014.jpg
VID_23,VID_23.mp4,8,225,15,custom_dataset\processed\VID_23\008\frame_0015.jpg
VID_23,VID_23.mp4,8,240,16,custom_dataset\processed\VID_23\008\frame_0016.jpg
VID_23,VID_23.mp4,8,255,17,custom_dataset\processed\VID_23\008\frame_0017.jpg
VID_23,VID_23.mp4,8,270,18,custom_dataset\processed\VID_23\008\frame_0018.jpg
VID_23,VID_23.mp4,8,285,19,custom_dataset\processed\VID_23\008\frame_0019.jpg
VID_23,VID_23.mp4,8,300,20,custom_dataset\processed\VID_23\008\frame_0020.jpg
VID_23,VID_23.mp4,8,315,21,custom_dataset\processed\VID_23\008\frame_0021.jpg
VID_23,VID_23.mp4,8,330,22,custom_dataset\processed\VID_23\008\frame_0022.jpg
VID_23,VID_23.mp4,8,345,23,custom_dataset\processed\VID_23\008\frame_0023.jpg
VID_23,VID_23.mp4,8,360,24,custom_dataset\processed\VID_23\008\frame_0024.jpg
VID_23,VID_23.mp4,8,375,25,custom_dataset\processed\VID_23\008\frame_0025.jpg
VID_23,VID_23.mp4,8,390,26,custom_dataset\processed\VID_23\008\frame_0026.jpg
VID_23,VID_23.mp4,8,405,27,custom_dataset\processed\VID_23\008\frame_0027.jpg
VID_23,VID_23.mp4,8,420,28,custom_dataset\processed\VID_23\008\frame_0028.jpg
VID_23,VID_23.mp4,8,435,29,custom_dataset\processed\VID_23\008\frame_0029.jpg
VID_23,VID_23.mp4,8,450,30,custom_dataset\processed\VID_23\008\frame_0030.jpg
VID_23,VID_23.mp4,8,465,31,custom_dataset\processed\VID_23\008\frame_0031.jpg
VID_23,VID_23.mp4,8,480,32,custom_dataset\processed\VID_23\008\frame_0032.jpg
VID_23,VID_23.mp4,8,495,33,custom_dataset\processed\VID_23\008\frame_0033.jpg
VID_23,VID_23.mp4,8,510,34,custom_dataset\processed\VID_23\008\frame_0034.jpg
VID_23,VID_23.mp4,8,525,35,custom_dataset\processed\VID_23\008\frame_0035.jpg
VID_23,VID_23.mp4,8,540,36,custom_dataset\processed\VID_23\008\frame_0036.jpg
VID_23,VID_23.mp4,8,555,37,custom_dataset\processed\VID_23\008\frame_0037.jpg
VID_23,VID_23.mp4,8,615,41,custom_dataset\processed\VID_23\008\frame_0041.jpg
VID_23,VID_23.mp4,8,630,42,custom_dataset\processed\VID_23\008\frame_0042.jpg
VID_23,VID_23.mp4,8,645,43,custom_dataset\processed\VID_23\008\frame_0043.jpg
VID_23,VID_23.mp4,8,660,44,custom_dataset\processed\VID_23\008\frame_0044.jpg
VID_23,VID_23.mp4,8,675,45,custom_dataset\processed\VID_23\008\frame_0045.jpg
VID_23,VID_23.mp4,8,690,46,custom_dataset\processed\VID_23\008\frame_0046.jpg
VID_23,VID_23.mp4,8,705,47,custom_dataset\processed\VID_23\008\frame_0047.jpg
VID_23,VID_23.mp4,18,315,21,custom_dataset\processed\VID_23\018\frame_0021.jpg
VID_23,VID_23.mp4,18,345,23,custom_dataset\processed\VID_23\018\frame_0023.jpg
VID_23,VID_23.mp4,18,375,25,custom_dataset\processed\VID_23\018\frame_0025.jpg
VID_23,VID_23.mp4,18,405,27,custom_dataset\processed\VID_23\018\frame_0027.jpg
VID_23,VID_23.mp4,18,420,28,custom_dataset\processed\VID_23\018\frame_0028.jpg
VID_23,VID_23.mp4,18,435,29,custom_dataset\processed\VID_23\018\frame_0029.jpg
VID_23,VID_23.mp4,18,450,30,custom_dataset\processed\VID_23\018\frame_0030.jpg
VID_23,VID_23.mp4,18,465,31,custom_dataset\processed\VID_23\018\frame_0031.jpg
VID_23,VID_23.mp4,18,480,32,custom_dataset\processed\VID_23\018\frame_0032.jpg
VID_23,VID_23.mp4,18,495,33,custom_dataset\processed\VID_23\018\frame_0033.jpg
VID_23,VID_23.mp4,18,510,34,custom_dataset\processed\VID_23\018\frame_0034.jpg
VID_23,VID_23.mp4,18,525,35,custom_dataset\processed\VID_23\018\frame_0035.jpg
VID_23,VID_23.mp4,18,540,36,custom_dataset\processed\VID_23\018\frame_0036.jpg
VID_23,VID_23.mp4,18,555,37,custom_dataset\processed\VID_23\018\frame_0037.jpg
VID_23,VID_23.mp4,18,570,38,custom_dataset\processed\VID_23\018\frame_0038.jpg
VID_23,VID_23.mp4,18,585,39,custom_dataset\processed\VID_23\018\frame_0039.jpg
VID_23,VID_23.mp4,18,600,40,custom_dataset\processed\VID_23\018\frame_0040.jpg
VID_23,VID_23.mp4,18,615,41,custom_dataset\processed\VID_23\018\frame_0041.jpg
VID_23,VID_23.mp4,18,630,42,custom_dataset\processed\VID_23\018\frame_0042.jpg
VID_23,VID_23.mp4,18,645,43,custom_dataset\processed\VID_23\018\frame_0043.jpg
VID_23,VID_23.mp4,18,660,44,custom_dataset\processed\VID_23\018\frame_0044.jpg
VID_23,VID_23.mp4,18,675,45,custom_dataset\processed\VID_23\018\frame_0045.jpg
VID_23,VID_23.mp4,18,690,46,custom_dataset\processed\VID_23\018\frame_0046.jpg
VID_23,VID_23.mp4,18,705,47,custom_dataset\processed\VID_23\018\frame_0047.jpg
VID_24,VID_24.mp4,1,0,0,custom_dataset\processed\VID_24\001\frame_0000.jpg
VID_24,VID_24.mp4,1,0,0,custom_dataset\processed\VID_24\001\frame_0000.jpg
VID_24,VID_24.mp4,1,15,1,custom_dataset\processed\VID_24\001\frame_0001.jpg
VID_24,VID_24.mp4,1,30,2,custom_dataset\processed\VID_24\001\frame_0002.jpg
VID_24,VID_24.mp4,1,45,3,custom_dataset\processed\VID_24\001\frame_0003.jpg
VID_24,VID_24.mp4,1,60,4,custom_dataset\processed\VID_24\001\frame_0004.jpg
VID_24,VID_24.mp4,1,75,5,custom_dataset\processed\VID_24\001\frame_0005.jpg
VID_24,VID_24.mp4,1,90,6,custom_dataset\processed\VID_24\001\frame_0006.jpg
VID_24,VID_24.mp4,1,105,7,custom_dataset\processed\VID_24\001\frame_0007.jpg
VID_24,VID_24.mp4,1,120,8,custom_dataset\processed\VID_24\001\frame_0008.jpg
VID_24,VID_24.mp4,1,135,9,custom_dataset\processed\VID_24\001\frame_0009.jpg
VID_24,VID_24.mp4,1,150,10,custom_dataset\processed\VID_24\001\frame_0010.jpg
VID_24,VID_24.mp4,1,165,11,custom_dataset\processed\VID_24\001\frame_0011.jpg
VID_24,VID_24.mp4,1,180,12,custom_dataset\processed\VID_24\001\frame_0012.jpg
VID_24,VID_24.mp4,1,195,13,custom_dataset\processed\VID_24\001\frame_0013.jpg
VID_24,VID_24.mp4,1,210,14,custom_dataset\processed\VID_24\001\frame_0014.jpg
VID_24,VID_24.mp4,1,225,15,custom_dataset\processed\VID_24\001\frame_0015.jpg
VID_24,VID_24.mp4,1,240,16,custom_dataset\processed\VID_24\001\frame_0016.jpg
VID_24,VID_24.mp4,1,255,17,custom_dataset\processed\VID_24\001\frame_0017.jpg
VID_24,VID_24.mp4,1,270,18,custom_dataset\processed\VID_24\001\frame_0018.jpg
VID_24,VID_24.mp4,1,285,19,custom_dataset\processed\VID_24\001\frame_0019.jpg
VID_24,VID_24.mp4,1,300,20,custom_dataset\processed\VID_24\001\frame_0020.jpg
VID_24,VID_24.mp4,1,315,21,custom_dataset\processed\VID_24\001\frame_0021.jpg
VID_24,VID_24.mp4,1,330,22,custom_dataset\processed\VID_24\001\frame_0022.jpg
VID_24,VID_24.mp4,1,345,23,custom_dataset\processed\VID_24\001\frame_0023.jpg
VID_24,VID_24.mp4,1,360,24,custom_dataset\processed\VID_24\001\frame_0024.jpg
VID_24,VID_24.mp4,1,375,25,custom_dataset\processed\VID_24\001\frame_0025.jpg
VID_24,VID_24.mp4,1,390,26,custom_dataset\processed\VID_24\001\frame_0026.jpg
VID_24,VID_24.mp4,1,405,27,custom_dataset\processed\VID_24\001\frame_0027.jpg
VID_24,VID_24.mp4,1,420,28,custom_dataset\processed\VID_24\001\frame_0028.jpg
VID_24,VID_24.mp4,1,435,29,custom_dataset\processed\VID_24\001\frame_0029.jpg
VID_24,VID_24.mp4,1,450,30,custom_dataset\processed\VID_24\001\frame_0030.jpg
VID_24,VID_24.mp4,1,465,31,custom_dataset\processed\VID_24\001\frame_0031.jpg
VID_24,VID_24.mp4,1,480,32,custom_dataset\processed\VID_24\001\frame_0032.jpg
VID_24,VID_24.mp4,1,495,33,custom_dataset\processed\VID_24\001\frame_0033.jpg
VID_24,VID_24.mp4,1,510,34,custom_dataset\processed\VID_24\001\frame_0034.jpg
VID_24,VID_24.mp4,1,525,35,custom_dataset\processed\VID_24\001\frame_0035.jpg
VID_24,VID_24.mp4,1,540,36,custom_dataset\processed\VID_24\001\frame_0036.jpg
VID_24,VID_24.mp4,1,555,37,custom_dataset\processed\VID_24\001\frame_0037.jpg
VID_24,VID_24.mp4,1,570,38,custom_dataset\processed\VID_24\001\frame_0038.jpg
VID_24,VID_24.mp4,1,585,39,custom_dataset\processed\VID_24\001\frame_0039.jpg
VID_24,VID_24.mp4,1,600,40,custom_dataset\processed\VID_24\001\frame_0040.jpg
VID_24,VID_24.mp4,2,0,0,custom_dataset\processed\VID_24\002\frame_0000.jpg
VID_24,VID_24.mp4,2,15,1,custom_dataset\processed\VID_24\002\frame_0001.jpg
VID_24,VID_24.mp4,2,30,2,custom_dataset\processed\VID_24\002\frame_0002.jpg
VID_24,VID_24.mp4,2,45,3,custom_dataset\processed\VID_24\002\frame_0003.jpg
VID_24,VID_24.mp4,2,60,4,custom_dataset\processed\VID_24\002\frame_0004.jpg
VID_24,VID_24.mp4,2,75,5,custom_dataset\processed\VID_24\002\frame_0005.jpg
VID_24,VID_24.mp4,2,90,6,custom_dataset\processed\VID_24\002\frame_0006.jpg
VID_24,VID_24.mp4,2,105,7,custom_dataset\processed\VID_24\002\frame_0007.jpg
VID_24,VID_24.mp4,2,120,8,custom_dataset\processed\VID_24\002\frame_0008.jpg
VID_24,VID_24.mp4,2,135,9,custom_dataset\processed\VID_24\002\frame_0009.jpg
VID_24,VID_24.mp4,2,150,10,custom_dataset\processed\VID_24\002\frame_0010.jpg
VID_24,VID_24.mp4,2,165,11,custom_dataset\processed\VID_24\002\frame_0011.jpg
VID_24,VID_24.mp4,2,180,12,custom_dataset\processed\VID_24\002\frame_0012.jpg
VID_24,VID_24.mp4,2,195,13,custom_dataset\processed\VID_24\002\frame_0013.jpg
VID_24,VID_24.mp4,2,210,14,custom_dataset\processed\VID_24\002\frame_0014.jpg
VID_24,VID_24.mp4,2,225,15,custom_dataset\processed\VID_24\002\frame_0015.jpg
VID_24,VID_24.mp4,2,240,16,custom_dataset\processed\VID_24\002\frame_0016.jpg
VID_24,VID_24.mp4,2,255,17,custom_dataset\processed\VID_24\002\frame_0017.jpg
VID_24,VID_24.mp4,2,270,18,custom_dataset\processed\VID_24\002\frame_0018.jpg
VID_24,VID_24.mp4,2,285,19,custom_dataset\processed\VID_24\002\frame_0019.jpg
VID_24,VID_24.mp4,2,300,20,custom_dataset\processed\VID_24\002\frame_0020.jpg
VID_24,VID_24.mp4,2,315,21,custom_dataset\processed\VID_24\002\frame_0021.jpg
VID_24,VID_24.mp4,2,330,22,custom_dataset\processed\VID_24\002\frame_0022.jpg
VID_24,VID_24.mp4,2,345,23,custom_dataset\processed\VID_24\002\frame_0023.jpg
VID_24,VID_24.mp4,2,360,24,custom_dataset\processed\VID_24\002\frame_0024.jpg
VID_24,VID_24.mp4,2,375,25,custom_dataset\processed\VID_24\002\frame_0025.jpg
VID_24,VID_24.mp4,2,390,26,custom_dataset\processed\VID_24\002\frame_0026.jpg
VID_24,VID_24.mp4,2,405,27,custom_dataset\processed\VID_24\002\frame_0027.jpg
VID_24,VID_24.mp4,2,420,28,custom_dataset\processed\VID_24\002\frame_0028.jpg
VID_24,VID_24.mp4,2,435,29,custom_dataset\processed\VID_24\002\frame_0029.jpg
VID_24,VID_24.mp4,2,450,30,custom_dataset\processed\VID_24\002\frame_0030.jpg
VID_24,VID_24.mp4,2,465,31,custom_dataset\processed\VID_24\002\frame_0031.jpg
VID_24,VID_24.mp4,2,480,32,custom_dataset\processed\VID_24\002\frame_0032.jpg
VID_24,VID_24.mp4,2,495,33,custom_dataset\processed\VID_24\002\frame_0033.jpg
VID_24,VID_24.mp4,2,510,34,custom_dataset\processed\VID_24\002\frame_0034.jpg
VID_24,VID_24.mp4,2,525,35,custom_dataset\processed\VID_24\002\frame_0035.jpg
VID_24,VID_24.mp4,2,540,36,custom_dataset\processed\VID_24\002\frame_0036.jpg
VID_24,VID_24.mp4,2,555,37,custom_dataset\processed\VID_24\002\frame_0037.jpg
VID_24,VID_24.mp4,2,570,38,custom_dataset\processed\VID_24\002\frame_0038.jpg
VID_24,VID_24.mp4,2,585,39,custom_dataset\processed\VID_24\002\frame_0039.jpg
VID_24,VID_24.mp4,2,600,40,custom_dataset\processed\VID_24\002\frame_0040.jpg
VID_24,VID_24.mp4,3,0,0,custom_dataset\processed\VID_24\003\frame_0000.jpg
VID_24,VID_24.mp4,3,15,1,custom_dataset\processed\VID_24\003\frame_0001.jpg
VID_24,VID_24.mp4,3,30,2,custom_dataset\processed\VID_24\003\frame_0002.jpg
VID_24,VID_24.mp4,3,45,3,custom_dataset\processed\VID_24\003\frame_0003.jpg
VID_24,VID_24.mp4,3,60,4,custom_dataset\processed\VID_24\003\frame_0004.jpg
VID_24,VID_24.mp4,3,75,5,custom_dataset\processed\VID_24\003\frame_0005.jpg
VID_24,VID_24.mp4,3,90,6,custom_dataset\processed\VID_24\003\frame_0006.jpg
VID_24,VID_24.mp4,3,105,7,custom_dataset\processed\VID_24\003\frame_0007.jpg
VID_24,VID_24.mp4,3,120,8,custom_dataset\processed\VID_24\003\frame_0008.jpg
VID_24,VID_24.mp4,3,135,9,custom_dataset\processed\VID_24\003\frame_0009.jpg
VID_24,VID_24.mp4,3,150,10,custom_dataset\processed\VID_24\003\frame_0010.jpg
VID_24,VID_24.mp4,3,165,11,custom_dataset\processed\VID_24\003\frame_0011.jpg
VID_24,VID_24.mp4,3,180,12,custom_dataset\processed\VID_24\003\frame_0012.jpg
VID_24,VID_24.mp4,3,195,13,custom_dataset\processed\VID_24\003\frame_0013.jpg
VID_24,VID_24.mp4,3,210,14,custom_dataset\processed\VID_24\003\frame_0014.jpg
VID_24,VID_24.mp4,3,225,15,custom_dataset\processed\VID_24\003\frame_0015.jpg
VID_24,VID_24.mp4,3,240,16,custom_dataset\processed\VID_24\003\frame_0016.jpg
VID_24,VID_24.mp4,3,255,17,custom_dataset\processed\VID_24\003\frame_0017.jpg
VID_24,VID_24.mp4,3,270,18,custom_dataset\processed\VID_24\003\frame_0018.jpg
VID_24,VID_24.mp4,3,285,19,custom_dataset\processed\VID_24\003\frame_0019.jpg
VID_24,VID_24.mp4,3,300,20,custom_dataset\processed\VID_24\003\frame_0020.jpg
VID_24,VID_24.mp4,3,315,21,custom_dataset\processed\VID_24\003\frame_0021.jpg
VID_24,VID_24.mp4,3,330,22,custom_dataset\processed\VID_24\003\frame_0022.jpg
VID_24,VID_24.mp4,3,345,23,custom_dataset\processed\VID_24\003\frame_0023.jpg
VID_24,VID_24.mp4,3,360,24,custom_dataset\processed\VID_24\003\frame_0024.jpg
VID_24,VID_24.mp4,3,375,25,custom_dataset\processed\VID_24\003\frame_0025.jpg
VID_24,VID_24.mp4,3,390,26,custom_dataset\processed\VID_24\003\frame_0026.jpg
VID_24,VID_24.mp4,3,405,27,custom_dataset\processed\VID_24\003\frame_0027.jpg
VID_24,VID_24.mp4,3,420,28,custom_dataset\processed\VID_24\003\frame_0028.jpg
VID_24,VID_24.mp4,3,435,29,custom_dataset\processed\VID_24\003\frame_0029.jpg
VID_24,VID_24.mp4,3,450,30,custom_dataset\processed\VID_24\003\frame_0030.jpg
VID_24,VID_24.mp4,3,465,31,custom_dataset\processed\VID_24\003\frame_0031.jpg
VID_24,VID_24.mp4,3,480,32,custom_dataset\processed\VID_24\003\frame_0032.jpg
VID_24,VID_24.mp4,3,495,33,custom_dataset\processed\VID_24\003\frame_0033.jpg
VID_24,VID_24.mp4,3,510,34,custom_dataset\processed\VID_24\003\frame_0034.jpg
VID_24,VID_24.mp4,3,525,35,custom_dataset\processed\VID_24\003\frame_0035.jpg
VID_24,VID_24.mp4,3,540,36,custom_dataset\processed\VID_24\003\frame_0036.jpg
VID_24,VID_24.mp4,3,555,37,custom_dataset\processed\VID_24\003\frame_0037.jpg
VID_24,VID_24.mp4,3,570,38,custom_dataset\processed\VID_24\003\frame_0038.jpg
VID_24,VID_24.mp4,3,585,39,custom_dataset\processed\VID_24\003\frame_0039.jpg
VID_24,VID_24.mp4,3,600,40,custom_dataset\processed\VID_24\003\frame_0040.jpg
VID_24,VID_24.mp4,4,15,1,custom_dataset\processed\VID_24\004\frame_0001.jpg
VID_24,VID_24.mp4,4,30,2,custom_dataset\processed\VID_24\004\frame_0002.jpg
VID_24,VID_24.mp4,4,45,3,custom_dataset\processed\VID_24\004\frame_0003.jpg
VID_24,VID_24.mp4,4,60,4,custom_dataset\processed\VID_24\004\frame_0004.jpg
VID_24,VID_24.mp4,4,75,5,custom_dataset\processed\VID_24\004\frame_0005.jpg
VID_24,VID_24.mp4,4,90,6,custom_dataset\processed\VID_24\004\frame_0006.jpg
VID_24,VID_24.mp4,4,105,7,custom_dataset\processed\VID_24\004\frame_0007.jpg
VID_24,VID_24.mp4,4,120,8,custom_dataset\processed\VID_24\004\frame_0008.jpg
VID_24,VID_24.mp4,4,135,9,custom_dataset\processed\VID_24\004\frame_0009.jpg
VID_24,VID_24.mp4,4,150,10,custom_dataset\processed\VID_24\004\frame_0010.jpg
VID_24,VID_24.mp4,4,165,11,custom_dataset\processed\VID_24\004\frame_0011.jpg
VID_24,VID_24.mp4,4,180,12,custom_dataset\processed\VID_24\004\frame_0012.jpg
VID_24,VID_24.mp4,4,195,13,custom_dataset\processed\VID_24\004\frame_0013.jpg
VID_24,VID_24.mp4,4,210,14,custom_dataset\processed\VID_24\004\frame_0014.jpg
VID_24,VID_24.mp4,4,225,15,custom_dataset\processed\VID_24\004\frame_0015.jpg
VID_24,VID_24.mp4,4,240,16,custom_dataset\processed\VID_24\004\frame_0016.jpg
VID_24,VID_24.mp4,4,255,17,custom_dataset\processed\VID_24\004\frame_0017.jpg
VID_24,VID_24.mp4,4,270,18,custom_dataset\processed\VID_24\004\frame_0018.jpg
VID_24,VID_24.mp4,4,285,19,custom_dataset\processed\VID_24\004\frame_0019.jpg
VID_24,VID_24.mp4,4,300,20,custom_dataset\processed\VID_24\004\frame_0020.jpg
VID_24,VID_24.mp4,4,315,21,custom_dataset\processed\VID_24\004\frame_0021.jpg
VID_24,VID_24.mp4,4,330,22,custom_dataset\processed\VID_24\004\frame_0022.jpg
VID_24,VID_24.mp4,4,345,23,custom_dataset\processed\VID_24\004\frame_0023.jpg
VID_24,VID_24.mp4,4,360,24,custom_dataset\processed\VID_24\004\frame_0024.jpg
VID_24,VID_24.mp4,4,375,25,custom_dataset\processed\VID_24\004\frame_0025.jpg
VID_24,VID_24.mp4,4,390,26,custom_dataset\processed\VID_24\004\frame_0026.jpg
VID_24,VID_24.mp4,4,405,27,custom_dataset\processed\VID_24\004\frame_0027.jpg
VID_24,VID_24.mp4,4,420,28,custom_dataset\processed\VID_24\004\frame_0028.jpg
VID_24,VID_24.mp4,4,435,29,custom_dataset\processed\VID_24\004\frame_0029.jpg
VID_24,VID_24.mp4,4,450,30,custom_dataset\processed\VID_24\004\frame_0030.jpg
VID_24,VID_24.mp4,4,465,31,custom_dataset\processed\VID_24\004\frame_0031.jpg
VID_24,VID_24.mp4,4,480,32,custom_dataset\processed\VID_24\004\frame_0032.jpg
VID_24,VID_24.mp4,4,495,33,custom_dataset\processed\VID_24\004\frame_0033.jpg
VID_24,VID_24.mp4,4,510,34,custom_dataset\processed\VID_24\004\frame_0034.jpg
VID_24,VID_24.mp4,4,525,35,custom_dataset\processed\VID_24\004\frame_0035.jpg
VID_24,VID_24.mp4,4,540,36,custom_dataset\processed\VID_24\004\frame_0036.jpg
VID_24,VID_24.mp4,4,555,37,custom_dataset\processed\VID_24\004\frame_0037.jpg
VID_24,VID_24.mp4,4,570,38,custom_dataset\processed\VID_24\004\frame_0038.jpg
VID_24,VID_24.mp4,4,585,39,custom_dataset\processed\VID_24\004\frame_0039.jpg
VID_24,VID_24.mp4,4,600,40,custom_dataset\processed\VID_24\004\frame_0040.jpg
VID_24,VID_24.mp4,5,75,5,custom_dataset\processed\VID_24\005\frame_0005.jpg
VID_24,VID_24.mp4,5,90,6,custom_dataset\processed\VID_24\005\frame_0006.jpg
VID_24,VID_24.mp4,5,105,7,custom_dataset\processed\VID_24\005\frame_0007.jpg
VID_24,VID_24.mp4,5,120,8,custom_dataset\processed\VID_24\005\frame_0008.jpg
VID_24,VID_24.mp4,5,135,9,custom_dataset\processed\VID_24\005\frame_0009.jpg
VID_24,VID_24.mp4,5,150,10,custom_dataset\processed\VID_24\005\frame_0010.jpg
VID_24,VID_24.mp4,5,165,11,custom_dataset\processed\VID_24\005\frame_0011.jpg
VID_24,VID_24.mp4,5,180,12,custom_dataset\processed\VID_24\005\frame_0012.jpg
VID_24,VID_24.mp4,5,195,13,custom_dataset\processed\VID_24\005\frame_0013.jpg
VID_24,VID_24.mp4,5,210,14,custom_dataset\processed\VID_24\005\frame_0014.jpg
VID_24,VID_24.mp4,5,225,15,custom_dataset\processed\VID_24\005\frame_0015.jpg
VID_24,VID_24.mp4,5,240,16,custom_dataset\processed\VID_24\005\frame_0016.jpg
VID_24,VID_24.mp4,5,255,17,custom_dataset\processed\VID_24\005\frame_0017.jpg
VID_24,VID_24.mp4,5,270,18,custom_dataset\processed\VID_24\005\frame_0018.jpg
VID_24,VID_24.mp4,5,285,19,custom_dataset\processed\VID_24\005\frame_0019.jpg
VID_24,VID_24.mp4,5,300,20,custom_dataset\processed\VID_24\005\frame_0020.jpg
VID_24,VID_24.mp4,5,315,21,custom_dataset\processed\VID_24\005\frame_0021.jpg
VID_24,VID_24.mp4,5,330,22,custom_dataset\processed\VID_24\005\frame_0022.jpg
VID_24,VID_24.mp4,5,345,23,custom_dataset\processed\VID_24\005\frame_0023.jpg
VID_24,VID_24.mp4,5,360,24,custom_dataset\processed\VID_24\005\frame_0024.jpg
VID_24,VID_24.mp4,5,375,25,custom_dataset\processed\VID_24\005\frame_0025.jpg
VID_24,VID_24.mp4,5,405,27,custom_dataset\processed\VID_24\005\frame_0027.jpg
VID_24,VID_24.mp4,5,420,28,custom_dataset\processed\VID_24\005\frame_0028.jpg
VID_24,VID_24.mp4,5,435,29,custom_dataset\processed\VID_24\005\frame_0029.jpg
VID_24,VID_24.mp4,5,450,30,custom_dataset\processed\VID_24\005\frame_0030.jpg
VID_24,VID_24.mp4,5,465,31,custom_dataset\processed\VID_24\005\frame_0031.jpg
VID_24,VID_24.mp4,5,480,32,custom_dataset\processed\VID_24\005\frame_0032.jpg
VID_24,VID_24.mp4,5,495,33,custom_dataset\processed\VID_24\005\frame_0033.jpg
VID_24,VID_24.mp4,5,510,34,custom_dataset\processed\VID_24\005\frame_0034.jpg
VID_24,VID_24.mp4,5,525,35,custom_dataset\processed\VID_24\005\frame_0035.jpg
VID_24,VID_24.mp4,5,540,36,custom_dataset\processed\VID_24\005\frame_0036.jpg
VID_24,VID_24.mp4,5,555,37,custom_dataset\processed\VID_24\005\frame_0037.jpg
VID_24,VID_24.mp4,5,570,38,custom_dataset\processed\VID_24\005\frame_0038.jpg
VID_24,VID_24.mp4,5,585,39,custom_dataset\processed\VID_24\005\frame_0039.jpg
VID_24,VID_24.mp4,6,90,6,custom_dataset\processed\VID_24\006\frame_0006.jpg
VID_24,VID_24.mp4,6,105,7,custom_dataset\processed\VID_24\006\frame_0007.jpg
VID_24,VID_24.mp4,6,120,8,custom_dataset\processed\VID_24\006\frame_0008.jpg
VID_24,VID_24.mp4,6,150,10,custom_dataset\processed\VID_24\006\frame_0010.jpg
VID_24,VID_24.mp4,6,165,11,custom_dataset\processed\VID_24\006\frame_0011.jpg
VID_24,VID_24.mp4,6,180,12,custom_dataset\processed\VID_24\006\frame_0012.jpg
VID_24,VID_24.mp4,6,195,13,custom_dataset\processed\VID_24\006\frame_0013.jpg
VID_24,VID_24.mp4,6,210,14,custom_dataset\processed\VID_24\006\frame_0014.jpg
VID_25,VID_25.mp4,1,0,0,custom_dataset\processed\VID_25\001\frame_0000.jpg
VID_25,VID_25.mp4,1,0,0,custom_dataset\processed\VID_25\001\frame_0000.jpg
VID_25,VID_25.mp4,1,14,1,custom_dataset\processed\VID_25\001\frame_0001.jpg
VID_25,VID_25.mp4,1,28,2,custom_dataset\processed\VID_25\001\frame_0002.jpg
VID_25,VID_25.mp4,1,42,3,custom_dataset\processed\VID_25\001\frame_0003.jpg
VID_25,VID_25.mp4,1,56,4,custom_dataset\processed\VID_25\001\frame_0004.jpg
VID_25,VID_25.mp4,1,70,5,custom_dataset\processed\VID_25\001\frame_0005.jpg
VID_25,VID_25.mp4,1,84,6,custom_dataset\processed\VID_25\001\frame_0006.jpg
VID_25,VID_25.mp4,1,98,7,custom_dataset\processed\VID_25\001\frame_0007.jpg
VID_25,VID_25.mp4,1,112,8,custom_dataset\processed\VID_25\001\frame_0008.jpg
VID_25,VID_25.mp4,1,126,9,custom_dataset\processed\VID_25\001\frame_0009.jpg
VID_25,VID_25.mp4,1,140,10,custom_dataset\processed\VID_25\001\frame_0010.jpg
VID_25,VID_25.mp4,1,154,11,custom_dataset\processed\VID_25\001\frame_0011.jpg
VID_25,VID_25.mp4,1,168,12,custom_dataset\processed\VID_25\001\frame_0012.jpg
VID_25,VID_25.mp4,1,182,13,custom_dataset\processed\VID_25\001\frame_0013.jpg
VID_25,VID_25.mp4,1,196,14,custom_dataset\processed\VID_25\001\frame_0014.jpg
VID_25,VID_25.mp4,1,210,15,custom_dataset\processed\VID_25\001\frame_0015.jpg
VID_25,VID_25.mp4,1,224,16,custom_dataset\processed\VID_25\001\frame_0016.jpg
VID_25,VID_25.mp4,1,238,17,custom_dataset\processed\VID_25\001\frame_0017.jpg
VID_25,VID_25.mp4,1,252,18,custom_dataset\processed\VID_25\001\frame_0018.jpg
VID_25,VID_25.mp4,1,266,19,custom_dataset\processed\VID_25\001\frame_0019.jpg
VID_25,VID_25.mp4,1,280,20,custom_dataset\processed\VID_25\001\frame_0020.jpg
VID_25,VID_25.mp4,1,294,21,custom_dataset\processed\VID_25\001\frame_0021.jpg
VID_25,VID_25.mp4,1,308,22,custom_dataset\processed\VID_25\001\frame_0022.jpg
VID_25,VID_25.mp4,1,322,23,custom_dataset\processed\VID_25\001\frame_0023.jpg
VID_25,VID_25.mp4,1,336,24,custom_dataset\processed\VID_25\001\frame_0024.jpg
VID_25,VID_25.mp4,1,350,25,custom_dataset\processed\VID_25\001\frame_0025.jpg
VID_25,VID_25.mp4,1,364,26,custom_dataset\processed\VID_25\001\frame_0026.jpg
VID_25,VID_25.mp4,1,378,27,custom_dataset\processed\VID_25\001\frame_0027.jpg
VID_25,VID_25.mp4,1,392,28,custom_dataset\processed\VID_25\001\frame_0028.jpg
VID_25,VID_25.mp4,1,406,29,custom_dataset\processed\VID_25\001\frame_0029.jpg
VID_25,VID_25.mp4,1,420,30,custom_dataset\processed\VID_25\001\frame_0030.jpg
VID_25,VID_25.mp4,1,434,31,custom_dataset\processed\VID_25\001\frame_0031.jpg
VID_25,VID_25.mp4,1,448,32,custom_dataset\processed\VID_25\001\frame_0032.jpg
VID_25,VID_25.mp4,1,462,33,custom_dataset\processed\VID_25\001\frame_0033.jpg
VID_25,VID_25.mp4,1,476,34,custom_dataset\processed\VID_25\001\frame_0034.jpg
VID_25,VID_25.mp4,1,490,35,custom_dataset\processed\VID_25\001\frame_0035.jpg
VID_25,VID_25.mp4,1,504,36,custom_dataset\processed\VID_25\001\frame_0036.jpg
VID_25,VID_25.mp4,1,518,37,custom_dataset\processed\VID_25\001\frame_0037.jpg
VID_25,VID_25.mp4,1,532,38,custom_dataset\processed\VID_25\001\frame_0038.jpg
VID_25,VID_25.mp4,1,546,39,custom_dataset\processed\VID_25\001\frame_0039.jpg
VID_25,VID_25.mp4,1,560,40,custom_dataset\processed\VID_25\001\frame_0040.jpg
VID_25,VID_25.mp4,1,574,41,custom_dataset\processed\VID_25\001\frame_0041.jpg
VID_25,VID_25.mp4,2,0,0,custom_dataset\processed\VID_25\002\frame_0000.jpg
VID_25,VID_25.mp4,2,14,1,custom_dataset\processed\VID_25\002\frame_0001.jpg
VID_25,VID_25.mp4,2,28,2,custom_dataset\processed\VID_25\002\frame_0002.jpg
VID_25,VID_25.mp4,2,42,3,custom_dataset\processed\VID_25\002\frame_0003.jpg
VID_25,VID_25.mp4,2,56,4,custom_dataset\processed\VID_25\002\frame_0004.jpg
VID_25,VID_25.mp4,2,70,5,custom_dataset\processed\VID_25\002\frame_0005.jpg
VID_25,VID_25.mp4,2,84,6,custom_dataset\processed\VID_25\002\frame_0006.jpg
VID_25,VID_25.mp4,2,98,7,custom_dataset\processed\VID_25\002\frame_0007.jpg
VID_25,VID_25.mp4,2,112,8,custom_dataset\processed\VID_25\002\frame_0008.jpg
VID_25,VID_25.mp4,2,126,9,custom_dataset\processed\VID_25\002\frame_0009.jpg
VID_25,VID_25.mp4,2,140,10,custom_dataset\processed\VID_25\002\frame_0010.jpg
VID_25,VID_25.mp4,2,154,11,custom_dataset\processed\VID_25\002\frame_0011.jpg
VID_25,VID_25.mp4,2,168,12,custom_dataset\processed\VID_25\002\frame_0012.jpg
VID_25,VID_25.mp4,2,182,13,custom_dataset\processed\VID_25\002\frame_0013.jpg
VID_25,VID_25.mp4,2,196,14,custom_dataset\processed\VID_25\002\frame_0014.jpg
VID_25,VID_25.mp4,2,210,15,custom_dataset\processed\VID_25\002\frame_0015.jpg
VID_25,VID_25.mp4,2,224,16,custom_dataset\processed\VID_25\002\frame_0016.jpg
VID_25,VID_25.mp4,2,238,17,custom_dataset\processed\VID_25\002\frame_0017.jpg
VID_25,VID_25.mp4,2,252,18,custom_dataset\processed\VID_25\002\frame_0018.jpg
VID_25,VID_25.mp4,2,266,19,custom_dataset\processed\VID_25\002\frame_0019.jpg
VID_25,VID_25.mp4,2,280,20,custom_dataset\processed\VID_25\002\frame_0020.jpg
VID_25,VID_25.mp4,2,294,21,custom_dataset\processed\VID_25\002\frame_0021.jpg
VID_25,VID_25.mp4,2,308,22,custom_dataset\processed\VID_25\002\frame_0022.jpg
VID_25,VID_25.mp4,2,322,23,custom_dataset\processed\VID_25\002\frame_0023.jpg
VID_25,VID_25.mp4,2,336,24,custom_dataset\processed\VID_25\002\frame_0024.jpg
VID_25,VID_25.mp4,2,350,25,custom_dataset\processed\VID_25\002\frame_0025.jpg
VID_25,VID_25.mp4,2,364,26,custom_dataset\processed\VID_25\002\frame_0026.jpg
VID_25,VID_25.mp4,2,378,27,custom_dataset\processed\VID_25\002\frame_0027.jpg
VID_25,VID_25.mp4,2,392,28,custom_dataset\processed\VID_25\002\frame_0028.jpg
VID_25,VID_25.mp4,2,406,29,custom_dataset\processed\VID_25\002\frame_0029.jpg
VID_25,VID_25.mp4,2,420,30,custom_dataset\processed\VID_25\002\frame_0030.jpg
VID_25,VID_25.mp4,2,434,31,custom_dataset\processed\VID_25\002\frame_0031.jpg
VID_25,VID_25.mp4,2,448,32,custom_dataset\processed\VID_25\002\frame_0032.jpg
VID_25,VID_25.mp4,2,462,33,custom_dataset\processed\VID_25\002\frame_0033.jpg
VID_25,VID_25.mp4,2,476,34,custom_dataset\processed\VID_25\002\frame_0034.jpg
VID_25,VID_25.mp4,2,490,35,custom_dataset\processed\VID_25\002\frame_0035.jpg
VID_25,VID_25.mp4,2,504,36,custom_dataset\processed\VID_25\002\frame_0036.jpg
VID_25,VID_25.mp4,2,518,37,custom_dataset\processed\VID_25\002\frame_0037.jpg
VID_25,VID_25.mp4,2,532,38,custom_dataset\processed\VID_25\002\frame_0038.jpg
VID_25,VID_25.mp4,2,546,39,custom_dataset\processed\VID_25\002\frame_0039.jpg
VID_25,VID_25.mp4,2,560,40,custom_dataset\processed\VID_25\002\frame_0040.jpg
VID_25,VID_25.mp4,2,574,41,custom_dataset\processed\VID_25\002\frame_0041.jpg
VID_25,VID_25.mp4,3,0,0,custom_dataset\processed\VID_25\003\frame_0000.jpg
VID_25,VID_25.mp4,3,14,1,custom_dataset\processed\VID_25\003\frame_0001.jpg
VID_25,VID_25.mp4,3,28,2,custom_dataset\processed\VID_25\003\frame_0002.jpg
VID_25,VID_25.mp4,3,42,3,custom_dataset\processed\VID_25\003\frame_0003.jpg
VID_25,VID_25.mp4,3,56,4,custom_dataset\processed\VID_25\003\frame_0004.jpg
VID_25,VID_25.mp4,3,70,5,custom_dataset\processed\VID_25\003\frame_0005.jpg
VID_25,VID_25.mp4,3,84,6,custom_dataset\processed\VID_25\003\frame_0006.jpg
VID_25,VID_25.mp4,3,98,7,custom_dataset\processed\VID_25\003\frame_0007.jpg
VID_25,VID_25.mp4,3,112,8,custom_dataset\processed\VID_25\003\frame_0008.jpg
VID_25,VID_25.mp4,3,126,9,custom_dataset\processed\VID_25\003\frame_0009.jpg
VID_25,VID_25.mp4,3,140,10,custom_dataset\processed\VID_25\003\frame_0010.jpg
VID_25,VID_25.mp4,3,154,11,custom_dataset\processed\VID_25\003\frame_0011.jpg
VID_25,VID_25.mp4,3,168,12,custom_dataset\processed\VID_25\003\frame_0012.jpg
VID_25,VID_25.mp4,3,182,13,custom_dataset\processed\VID_25\003\frame_0013.jpg
VID_25,VID_25.mp4,3,196,14,custom_dataset\processed\VID_25\003\frame_0014.jpg
VID_25,VID_25.mp4,3,210,15,custom_dataset\processed\VID_25\003\frame_0015.jpg
VID_25,VID_25.mp4,3,224,16,custom_dataset\processed\VID_25\003\frame_0016.jpg
VID_25,VID_25.mp4,3,238,17,custom_dataset\processed\VID_25\003\frame_0017.jpg
VID_25,VID_25.mp4,3,252,18,custom_dataset\processed\VID_25\003\frame_0018.jpg
VID_25,VID_25.mp4,3,266,19,custom_dataset\processed\VID_25\003\frame_0019.jpg
VID_25,VID_25.mp4,3,280,20,custom_dataset\processed\VID_25\003\frame_0020.jpg
VID_25,VID_25.mp4,3,294,21,custom_dataset\processed\VID_25\003\frame_0021.jpg
VID_25,VID_25.mp4,3,308,22,custom_dataset\processed\VID_25\003\frame_0022.jpg
VID_25,VID_25.mp4,3,322,23,custom_dataset\processed\VID_25\003\frame_0023.jpg
VID_25,VID_25.mp4,3,336,24,custom_dataset\processed\VID_25\003\frame_0024.jpg
VID_25,VID_25.mp4,3,350,25,custom_dataset\processed\VID_25\003\frame_0025.jpg
VID_25,VID_25.mp4,3,364,26,custom_dataset\processed\VID_25\003\frame_0026.jpg
VID_25,VID_25.mp4,3,378,27,custom_dataset\processed\VID_25\003\frame_0027.jpg
VID_25,VID_25.mp4,3,392,28,custom_dataset\processed\VID_25\003\frame_0028.jpg
VID_25,VID_25.mp4,3,406,29,custom_dataset\processed\VID_25\003\frame_0029.jpg
VID_25,VID_25.mp4,3,420,30,custom_dataset\processed\VID_25\003\frame_0030.jpg
VID_25,VID_25.mp4,3,434,31,custom_dataset\processed\VID_25\003\frame_0031.jpg
VID_25,VID_25.mp4,3,448,32,custom_dataset\processed\VID_25\003\frame_0032.jpg
VID_25,VID_25.mp4,3,462,33,custom_dataset\processed\VID_25\003\frame_0033.jpg
VID_25,VID_25.mp4,3,476,34,custom_dataset\processed\VID_25\003\frame_0034.jpg
VID_25,VID_25.mp4,3,490,35,custom_dataset\processed\VID_25\003\frame_0035.jpg
VID_25,VID_25.mp4,3,504,36,custom_dataset\processed\VID_25\003\frame_0036.jpg
VID_25,VID_25.mp4,3,518,37,custom_dataset\processed\VID_25\003\frame_0037.jpg
VID_25,VID_25.mp4,3,532,38,custom_dataset\processed\VID_25\003\frame_0038.jpg
VID_25,VID_25.mp4,3,546,39,custom_dataset\processed\VID_25\003\frame_0039.jpg
VID_25,VID_25.mp4,3,560,40,custom_dataset\processed\VID_25\003\frame_0040.jpg
VID_25,VID_25.mp4,3,574,41,custom_dataset\processed\VID_25\003\frame_0041.jpg
VID_25,VID_25.mp4,4,14,1,custom_dataset\processed\VID_25\004\frame_0001.jpg
VID_25,VID_25.mp4,4,28,2,custom_dataset\processed\VID_25\004\frame_0002.jpg
VID_25,VID_25.mp4,4,42,3,custom_dataset\processed\VID_25\004\frame_0003.jpg
VID_25,VID_25.mp4,4,56,4,custom_dataset\processed\VID_25\004\frame_0004.jpg
VID_25,VID_25.mp4,4,70,5,custom_dataset\processed\VID_25\004\frame_0005.jpg
VID_25,VID_25.mp4,4,84,6,custom_dataset\processed\VID_25\004\frame_0006.jpg
VID_25,VID_25.mp4,4,98,7,custom_dataset\processed\VID_25\004\frame_0007.jpg
VID_25,VID_25.mp4,4,112,8,custom_dataset\processed\VID_25\004\frame_0008.jpg
VID_25,VID_25.mp4,4,126,9,custom_dataset\processed\VID_25\004\frame_0009.jpg
VID_25,VID_25.mp4,4,140,10,custom_dataset\processed\VID_25\004\frame_0010.jpg
VID_25,VID_25.mp4,4,154,11,custom_dataset\processed\VID_25\004\frame_0011.jpg
VID_25,VID_25.mp4,4,168,12,custom_dataset\processed\VID_25\004\frame_0012.jpg
VID_25,VID_25.mp4,4,182,13,custom_dataset\processed\VID_25\004\frame_0013.jpg
VID_25,VID_25.mp4,4,196,14,custom_dataset\processed\VID_25\004\frame_0014.jpg
VID_25,VID_25.mp4,4,210,15,custom_dataset\processed\VID_25\004\frame_0015.jpg
VID_25,VID_25.mp4,4,224,16,custom_dataset\processed\VID_25\004\frame_0016.jpg
VID_25,VID_25.mp4,4,238,17,custom_dataset\processed\VID_25\004\frame_0017.jpg
VID_25,VID_25.mp4,4,252,18,custom_dataset\processed\VID_25\004\frame_0018.jpg
VID_25,VID_25.mp4,4,266,19,custom_dataset\processed\VID_25\004\frame_0019.jpg
VID_25,VID_25.mp4,4,280,20,custom_dataset\processed\VID_25\004\frame_0020.jpg
VID_25,VID_25.mp4,4,294,21,custom_dataset\processed\VID_25\004\frame_0021.jpg
VID_25,VID_25.mp4,4,308,22,custom_dataset\processed\VID_25\004\frame_0022.jpg
VID_25,VID_25.mp4,4,322,23,custom_dataset\processed\VID_25\004\frame_0023.jpg
VID_25,VID_25.mp4,4,350,25,custom_dataset\processed\VID_25\004\frame_0025.jpg
VID_25,VID_25.mp4,4,364,26,custom_dataset\processed\VID_25\004\frame_0026.jpg
VID_25,VID_25.mp4,4,378,27,custom_dataset\processed\VID_25\004\frame_0027.jpg
VID_25,VID_25.mp4,4,392,28,custom_dataset\processed\VID_25\004\frame_0028.jpg
VID_25,VID_25.mp4,4,406,29,custom_dataset\processed\VID_25\004\frame_0029.jpg
VID_25,VID_25.mp4,4,420,30,custom_dataset\processed\VID_25\004\frame_0030.jpg
VID_25,VID_25.mp4,4,434,31,custom_dataset\processed\VID_25\004\frame_0031.jpg
VID_25,VID_25.mp4,4,448,32,custom_dataset\processed\VID_25\004\frame_0032.jpg
VID_25,VID_25.mp4,4,462,33,custom_dataset\processed\VID_25\004\frame_0033.jpg
VID_25,VID_25.mp4,4,476,34,custom_dataset\processed\VID_25\004\frame_0034.jpg
VID_25,VID_25.mp4,4,490,35,custom_dataset\processed\VID_25\004\frame_0035.jpg
VID_25,VID_25.mp4,4,504,36,custom_dataset\processed\VID_25\004\frame_0036.jpg
VID_25,VID_25.mp4,4,518,37,custom_dataset\processed\VID_25\004\frame_0037.jpg
VID_25,VID_25.mp4,4,532,38,custom_dataset\processed\VID_25\004\frame_0038.jpg
VID_25,VID_25.mp4,4,546,39,custom_dataset\processed\VID_25\004\frame_0039.jpg
VID_25,VID_25.mp4,4,560,40,custom_dataset\processed\VID_25\004\frame_0040.jpg
VID_25,VID_25.mp4,4,574,41,custom_dataset\processed\VID_25\004\frame_0041.jpg
VID_25,VID_25.mp4,5,364,26,custom_dataset\processed\VID_25\005\frame_0026.jpg
VID_25,VID_25.mp4,5,378,27,custom_dataset\processed\VID_25\005\frame_0027.jpg
VID_25,VID_25.mp4,5,392,28,custom_dataset\processed\VID_25\005\frame_0028.jpg
VID_25,VID_25.mp4,5,406,29,custom_dataset\processed\VID_25\005\frame_0029.jpg
VID_25,VID_25.mp4,5,420,30,custom_dataset\processed\VID_25\005\frame_0030.jpg
VID_25,VID_25.mp4,5,434,31,custom_dataset\processed\VID_25\005\frame_0031.jpg
VID_25,VID_25.mp4,5,448,32,custom_dataset\processed\VID_25\005\frame_0032.jpg
VID_25,VID_25.mp4,5,462,33,custom_dataset\processed\VID_25\005\frame_0033.jpg
VID_25,VID_25.mp4,5,476,34,custom_dataset\processed\VID_25\005\frame_0034.jpg
VID_25,VID_25.mp4,5,490,35,custom_dataset\processed\VID_25\005\frame_0035.jpg
VID_25,VID_25.mp4,5,504,36,custom_dataset\processed\VID_25\005\frame_0036.jpg
VID_25,VID_25.mp4,5,518,37,custom_dataset\processed\VID_25\005\frame_0037.jpg
VID_25,VID_25.mp4,5,532,38,custom_dataset\processed\VID_25\005\frame_0038.jpg
VID_25,VID_25.mp4,5,546,39,custom_dataset\processed\VID_25\005\frame_0039.jpg
VID_25,VID_25.mp4,5,560,40,custom_dataset\processed\VID_25\005\frame_0040.jpg
VID_25,VID_25.mp4,5,574,41,custom_dataset\processed\VID_25\005\frame_0041.jpg
VID_26,VID_26.mp4,1,0,0,custom_dataset\processed\VID_26\001\frame_0000.jpg
VID_26,VID_26.mp4,1,0,0,custom_dataset\processed\VID_26\001\frame_0000.jpg
VID_26,VID_26.mp4,1,15,1,custom_dataset\processed\VID_26\001\frame_0001.jpg
VID_26,VID_26.mp4,1,30,2,custom_dataset\processed\VID_26\001\frame_0002.jpg
VID_26,VID_26.mp4,1,45,3,custom_dataset\processed\VID_26\001\frame_0003.jpg
VID_26,VID_26.mp4,1,60,4,custom_dataset\processed\VID_26\001\frame_0004.jpg
VID_26,VID_26.mp4,1,75,5,custom_dataset\processed\VID_26\001\frame_0005.jpg
VID_26,VID_26.mp4,1,90,6,custom_dataset\processed\VID_26\001\frame_0006.jpg
VID_26,VID_26.mp4,1,105,7,custom_dataset\processed\VID_26\001\frame_0007.jpg
VID_26,VID_26.mp4,1,120,8,custom_dataset\processed\VID_26\001\frame_0008.jpg
VID_26,VID_26.mp4,1,135,9,custom_dataset\processed\VID_26\001\frame_0009.jpg
VID_26,VID_26.mp4,1,150,10,custom_dataset\processed\VID_26\001\frame_0010.jpg
VID_26,VID_26.mp4,1,165,11,custom_dataset\processed\VID_26\001\frame_0011.jpg
VID_26,VID_26.mp4,1,180,12,custom_dataset\processed\VID_26\001\frame_0012.jpg
VID_26,VID_26.mp4,1,195,13,custom_dataset\processed\VID_26\001\frame_0013.jpg
VID_26,VID_26.mp4,1,210,14,custom_dataset\processed\VID_26\001\frame_0014.jpg
VID_26,VID_26.mp4,1,225,15,custom_dataset\processed\VID_26\001\frame_0015.jpg
VID_26,VID_26.mp4,1,240,16,custom_dataset\processed\VID_26\001\frame_0016.jpg
VID_26,VID_26.mp4,1,255,17,custom_dataset\processed\VID_26\001\frame_0017.jpg
VID_26,VID_26.mp4,1,270,18,custom_dataset\processed\VID_26\001\frame_0018.jpg
VID_26,VID_26.mp4,1,285,19,custom_dataset\processed\VID_26\001\frame_0019.jpg
VID_26,VID_26.mp4,1,300,20,custom_dataset\processed\VID_26\001\frame_0020.jpg
VID_26,VID_26.mp4,1,315,21,custom_dataset\processed\VID_26\001\frame_0021.jpg
VID_26,VID_26.mp4,1,330,22,custom_dataset\processed\VID_26\001\frame_0022.jpg
VID_26,VID_26.mp4,1,345,23,custom_dataset\processed\VID_26\001\frame_0023.jpg
VID_26,VID_26.mp4,1,360,24,custom_dataset\processed\VID_26\001\frame_0024.jpg
VID_26,VID_26.mp4,1,375,25,custom_dataset\processed\VID_26\001\frame_0025.jpg
VID_26,VID_26.mp4,1,390,26,custom_dataset\processed\VID_26\001\frame_0026.jpg
VID_26,VID_26.mp4,1,405,27,custom_dataset\processed\VID_26\001\frame_0027.jpg
VID_26,VID_26.mp4,1,420,28,custom_dataset\processed\VID_26\001\frame_0028.jpg
VID_26,VID_26.mp4,1,435,29,custom_dataset\processed\VID_26\001\frame_0029.jpg
VID_26,VID_26.mp4,1,450,30,custom_dataset\processed\VID_26\001\frame_0030.jpg
VID_26,VID_26.mp4,1,465,31,custom_dataset\processed\VID_26\001\frame_0031.jpg
VID_26,VID_26.mp4,1,480,32,custom_dataset\processed\VID_26\001\frame_0032.jpg
VID_26,VID_26.mp4,1,495,33,custom_dataset\processed\VID_26\001\frame_0033.jpg
VID_26,VID_26.mp4,1,510,34,custom_dataset\processed\VID_26\001\frame_0034.jpg
VID_26,VID_26.mp4,1,525,35,custom_dataset\processed\VID_26\001\frame_0035.jpg
VID_26,VID_26.mp4,1,540,36,custom_dataset\processed\VID_26\001\frame_0036.jpg
VID_26,VID_26.mp4,1,555,37,custom_dataset\processed\VID_26\001\frame_0037.jpg
VID_26,VID_26.mp4,1,570,38,custom_dataset\processed\VID_26\001\frame_0038.jpg
VID_26,VID_26.mp4,1,585,39,custom_dataset\processed\VID_26\001\frame_0039.jpg
VID_26,VID_26.mp4,1,600,40,custom_dataset\processed\VID_26\001\frame_0040.jpg
VID_26,VID_26.mp4,1,615,41,custom_dataset\processed\VID_26\001\frame_0041.jpg
VID_26,VID_26.mp4,1,630,42,custom_dataset\processed\VID_26\001\frame_0042.jpg
VID_26,VID_26.mp4,1,645,43,custom_dataset\processed\VID_26\001\frame_0043.jpg
VID_26,VID_26.mp4,1,660,44,custom_dataset\processed\VID_26\001\frame_0044.jpg
VID_26,VID_26.mp4,1,675,45,custom_dataset\processed\VID_26\001\frame_0045.jpg
VID_26,VID_26.mp4,1,690,46,custom_dataset\processed\VID_26\001\frame_0046.jpg
VID_26,VID_26.mp4,1,705,47,custom_dataset\processed\VID_26\001\frame_0047.jpg
VID_26,VID_26.mp4,2,0,0,custom_dataset\processed\VID_26\002\frame_0000.jpg
VID_26,VID_26.mp4,2,15,1,custom_dataset\processed\VID_26\002\frame_0001.jpg
VID_26,VID_26.mp4,2,30,2,custom_dataset\processed\VID_26\002\frame_0002.jpg
VID_26,VID_26.mp4,2,45,3,custom_dataset\processed\VID_26\002\frame_0003.jpg
VID_26,VID_26.mp4,2,60,4,custom_dataset\processed\VID_26\002\frame_0004.jpg
VID_26,VID_26.mp4,2,75,5,custom_dataset\processed\VID_26\002\frame_0005.jpg
VID_26,VID_26.mp4,2,90,6,custom_dataset\processed\VID_26\002\frame_0006.jpg
VID_26,VID_26.mp4,2,105,7,custom_dataset\processed\VID_26\002\frame_0007.jpg
VID_26,VID_26.mp4,2,120,8,custom_dataset\processed\VID_26\002\frame_0008.jpg
VID_26,VID_26.mp4,2,135,9,custom_dataset\processed\VID_26\002\frame_0009.jpg
VID_26,VID_26.mp4,2,150,10,custom_dataset\processed\VID_26\002\frame_0010.jpg
VID_26,VID_26.mp4,2,165,11,custom_dataset\processed\VID_26\002\frame_0011.jpg
VID_26,VID_26.mp4,2,180,12,custom_dataset\processed\VID_26\002\frame_0012.jpg
VID_26,VID_26.mp4,2,195,13,custom_dataset\processed\VID_26\002\frame_0013.jpg
VID_26,VID_26.mp4,2,210,14,custom_dataset\processed\VID_26\002\frame_0014.jpg
VID_26,VID_26.mp4,2,225,15,custom_dataset\processed\VID_26\002\frame_0015.jpg
VID_26,VID_26.mp4,2,240,16,custom_dataset\processed\VID_26\002\frame_0016.jpg
VID_26,VID_26.mp4,2,255,17,custom_dataset\processed\VID_26\002\frame_0017.jpg
VID_26,VID_26.mp4,2,270,18,custom_dataset\processed\VID_26\002\frame_0018.jpg
VID_26,VID_26.mp4,2,285,19,custom_dataset\processed\VID_26\002\frame_0019.jpg
VID_26,VID_26.mp4,2,300,20,custom_dataset\processed\VID_26\002\frame_0020.jpg
VID_26,VID_26.mp4,2,315,21,custom_dataset\processed\VID_26\002\frame_0021.jpg
VID_26,VID_26.mp4,2,330,22,custom_dataset\processed\VID_26\002\frame_0022.jpg
VID_26,VID_26.mp4,2,345,23,custom_dataset\processed\VID_26\002\frame_0023.jpg
VID_26,VID_26.mp4,2,360,24,custom_dataset\processed\VID_26\002\frame_0024.jpg
VID_26,VID_26.mp4,2,375,25,custom_dataset\processed\VID_26\002\frame_0025.jpg
VID_26,VID_26.mp4,2,390,26,custom_dataset\processed\VID_26\002\frame_0026.jpg
VID_26,VID_26.mp4,2,405,27,custom_dataset\processed\VID_26\002\frame_0027.jpg
VID_26,VID_26.mp4,2,420,28,custom_dataset\processed\VID_26\002\frame_0028.jpg
VID_26,VID_26.mp4,2,435,29,custom_dataset\processed\VID_26\002\frame_0029.jpg
VID_26,VID_26.mp4,2,450,30,custom_dataset\processed\VID_26\002\frame_0030.jpg
VID_26,VID_26.mp4,2,465,31,custom_dataset\processed\VID_26\002\frame_0031.jpg
VID_26,VID_26.mp4,2,480,32,custom_dataset\processed\VID_26\002\frame_0032.jpg
VID_26,VID_26.mp4,2,495,33,custom_dataset\processed\VID_26\002\frame_0033.jpg
VID_26,VID_26.mp4,2,510,34,custom_dataset\processed\VID_26\002\frame_0034.jpg
VID_26,VID_26.mp4,2,525,35,custom_dataset\processed\VID_26\002\frame_0035.jpg
VID_26,VID_26.mp4,2,540,36,custom_dataset\processed\VID_26\002\frame_0036.jpg
VID_26,VID_26.mp4,2,555,37,custom_dataset\processed\VID_26\002\frame_0037.jpg
VID_26,VID_26.mp4,2,570,38,custom_dataset\processed\VID_26\002\frame_0038.jpg
VID_26,VID_26.mp4,2,585,39,custom_dataset\processed\VID_26\002\frame_0039.jpg
VID_26,VID_26.mp4,2,600,40,custom_dataset\processed\VID_26\002\frame_0040.jpg
VID_26,VID_26.mp4,2,615,41,custom_dataset\processed\VID_26\002\frame_0041.jpg
VID_26,VID_26.mp4,2,630,42,custom_dataset\processed\VID_26\002\frame_0042.jpg
VID_26,VID_26.mp4,2,645,43,custom_dataset\processed\VID_26\002\frame_0043.jpg
VID_26,VID_26.mp4,2,660,44,custom_dataset\processed\VID_26\002\frame_0044.jpg
VID_26,VID_26.mp4,2,675,45,custom_dataset\processed\VID_26\002\frame_0045.jpg
VID_26,VID_26.mp4,2,690,46,custom_dataset\processed\VID_26\002\frame_0046.jpg
VID_26,VID_26.mp4,2,705,47,custom_dataset\processed\VID_26\002\frame_0047.jpg
VID_26,VID_26.mp4,3,0,0,custom_dataset\processed\VID_26\003\frame_0000.jpg
VID_26,VID_26.mp4,3,15,1,custom_dataset\processed\VID_26\003\frame_0001.jpg
VID_26,VID_26.mp4,3,30,2,custom_dataset\processed\VID_26\003\frame_0002.jpg
VID_26,VID_26.mp4,3,45,3,custom_dataset\processed\VID_26\003\frame_0003.jpg
VID_26,VID_26.mp4,3,60,4,custom_dataset\processed\VID_26\003\frame_0004.jpg
VID_26,VID_26.mp4,3,75,5,custom_dataset\processed\VID_26\003\frame_0005.jpg
VID_26,VID_26.mp4,3,90,6,custom_dataset\processed\VID_26\003\frame_0006.jpg
VID_26,VID_26.mp4,3,135,9,custom_dataset\processed\VID_26\003\frame_0009.jpg
VID_26,VID_26.mp4,3,165,11,custom_dataset\processed\VID_26\003\frame_0011.jpg
VID_26,VID_26.mp4,3,225,15,custom_dataset\processed\VID_26\003\frame_0015.jpg
VID_26,VID_26.mp4,3,255,17,custom_dataset\processed\VID_26\003\frame_0017.jpg
VID_26,VID_26.mp4,3,270,18,custom_dataset\processed\VID_26\003\frame_0018.jpg
VID_26,VID_26.mp4,3,285,19,custom_dataset\processed\VID_26\003\frame_0019.jpg
VID_26,VID_26.mp4,3,315,21,custom_dataset\processed\VID_26\003\frame_0021.jpg
VID_26,VID_26.mp4,3,330,22,custom_dataset\processed\VID_26\003\frame_0022.jpg
VID_26,VID_26.mp4,3,360,24,custom_dataset\processed\VID_26\003\frame_0024.jpg
VID_26,VID_26.mp4,4,15,1,custom_dataset\processed\VID_26\004\frame_0001.jpg
VID_26,VID_26.mp4,4,30,2,custom_dataset\processed\VID_26\004\frame_0002.jpg
VID_26,VID_26.mp4,4,45,3,custom_dataset\processed\VID_26\004\frame_0003.jpg
VID_26,VID_26.mp4,4,60,4,custom_dataset\processed\VID_26\004\frame_0004.jpg
VID_26,VID_26.mp4,4,75,5,custom_dataset\processed\VID_26\004\frame_0005.jpg
VID_26,VID_26.mp4,4,90,6,custom_dataset\processed\VID_26\004\frame_0006.jpg
VID_26,VID_26.mp4,4,105,7,custom_dataset\processed\VID_26\004\frame_0007.jpg
VID_26,VID_26.mp4,4,120,8,custom_dataset\processed\VID_26\004\frame_0008.jpg
VID_26,VID_26.mp4,4,135,9,custom_dataset\processed\VID_26\004\frame_0009.jpg
VID_26,VID_26.mp4,4,150,10,custom_dataset\processed\VID_26\004\frame_0010.jpg
VID_26,VID_26.mp4,4,165,11,custom_dataset\processed\VID_26\004\frame_0011.jpg
VID_26,VID_26.mp4,4,180,12,custom_dataset\processed\VID_26\004\frame_0012.jpg
VID_26,VID_26.mp4,4,195,13,custom_dataset\processed\VID_26\004\frame_0013.jpg
VID_26,VID_26.mp4,4,210,14,custom_dataset\processed\VID_26\004\frame_0014.jpg
VID_26,VID_26.mp4,4,225,15,custom_dataset\processed\VID_26\004\frame_0015.jpg
VID_26,VID_26.mp4,4,240,16,custom_dataset\processed\VID_26\004\frame_0016.jpg
VID_26,VID_26.mp4,4,255,17,custom_dataset\processed\VID_26\004\frame_0017.jpg
VID_26,VID_26.mp4,4,270,18,custom_dataset\processed\VID_26\004\frame_0018.jpg
VID_26,VID_26.mp4,4,285,19,custom_dataset\processed\VID_26\004\frame_0019.jpg
VID_26,VID_26.mp4,4,300,20,custom_dataset\processed\VID_26\004\frame_0020.jpg
VID_26,VID_26.mp4,4,315,21,custom_dataset\processed\VID_26\004\frame_0021.jpg
VID_26,VID_26.mp4,4,330,22,custom_dataset\processed\VID_26\004\frame_0022.jpg
VID_26,VID_26.mp4,4,345,23,custom_dataset\processed\VID_26\004\frame_0023.jpg
VID_26,VID_26.mp4,4,360,24,custom_dataset\processed\VID_26\004\frame_0024.jpg
VID_26,VID_26.mp4,4,375,25,custom_dataset\processed\VID_26\004\frame_0025.jpg
VID_26,VID_26.mp4,4,390,26,custom_dataset\processed\VID_26\004\frame_0026.jpg
VID_26,VID_26.mp4,4,405,27,custom_dataset\processed\VID_26\004\frame_0027.jpg
VID_26,VID_26.mp4,4,420,28,custom_dataset\processed\VID_26\004\frame_0028.jpg
VID_26,VID_26.mp4,4,435,29,custom_dataset\processed\VID_26\004\frame_0029.jpg
VID_26,VID_26.mp4,4,450,30,custom_dataset\processed\VID_26\004\frame_0030.jpg
VID_26,VID_26.mp4,4,465,31,custom_dataset\processed\VID_26\004\frame_0031.jpg
VID_26,VID_26.mp4,4,480,32,custom_dataset\processed\VID_26\004\frame_0032.jpg
VID_26,VID_26.mp4,4,495,33,custom_dataset\processed\VID_26\004\frame_0033.jpg
VID_26,VID_26.mp4,4,510,34,custom_dataset\processed\VID_26\004\frame_0034.jpg
VID_26,VID_26.mp4,4,525,35,custom_dataset\processed\VID_26\004\frame_0035.jpg
VID_26,VID_26.mp4,4,540,36,custom_dataset\processed\VID_26\004\frame_0036.jpg
VID_26,VID_26.mp4,4,555,37,custom_dataset\processed\VID_26\004\frame_0037.jpg
VID_26,VID_26.mp4,4,570,38,custom_dataset\processed\VID_26\004\frame_0038.jpg
VID_26,VID_26.mp4,4,585,39,custom_dataset\processed\VID_26\004\frame_0039.jpg
VID_26,VID_26.mp4,4,600,40,custom_dataset\processed\VID_26\004\frame_0040.jpg
VID_26,VID_26.mp4,4,615,41,custom_dataset\processed\VID_26\004\frame_0041.jpg
VID_26,VID_26.mp4,4,630,42,custom_dataset\processed\VID_26\004\frame_0042.jpg
VID_26,VID_26.mp4,4,645,43,custom_dataset\processed\VID_26\004\frame_0043.jpg
VID_26,VID_26.mp4,4,660,44,custom_dataset\processed\VID_26\004\frame_0044.jpg
VID_26,VID_26.mp4,4,675,45,custom_dataset\processed\VID_26\004\frame_0045.jpg
VID_26,VID_26.mp4,4,690,46,custom_dataset\processed\VID_26\004\frame_0046.jpg
VID_26,VID_26.mp4,4,705,47,custom_dataset\processed\VID_26\004\frame_0047.jpg
VID_26,VID_26.mp4,6,90,6,custom_dataset\processed\VID_26\006\frame_0006.jpg
VID_26,VID_26.mp4,6,105,7,custom_dataset\processed\VID_26\006\frame_0007.jpg
VID_26,VID_26.mp4,6,120,8,custom_dataset\processed\VID_26\006\frame_0008.jpg
VID_26,VID_26.mp4,6,150,10,custom_dataset\processed\VID_26\006\frame_0010.jpg
VID_26,VID_26.mp4,6,180,12,custom_dataset\processed\VID_26\006\frame_0012.jpg
VID_26,VID_26.mp4,6,195,13,custom_dataset\processed\VID_26\006\frame_0013.jpg
VID_26,VID_26.mp4,6,210,14,custom_dataset\processed\VID_26\006\frame_0014.jpg
VID_26,VID_26.mp4,6,240,16,custom_dataset\processed\VID_26\006\frame_0016.jpg
VID_26,VID_26.mp4,6,300,20,custom_dataset\processed\VID_26\006\frame_0020.jpg
VID_26,VID_26.mp4,6,345,23,custom_dataset\processed\VID_26\006\frame_0023.jpg
VID_26,VID_26.mp4,6,375,25,custom_dataset\processed\VID_26\006\frame_0025.jpg
VID_26,VID_26.mp4,6,390,26,custom_dataset\processed\VID_26\006\frame_0026.jpg
VID_26,VID_26.mp4,6,405,27,custom_dataset\processed\VID_26\006\frame_0027.jpg
VID_26,VID_26.mp4,6,420,28,custom_dataset\processed\VID_26\006\frame_0028.jpg
VID_26,VID_26.mp4,6,435,29,custom_dataset\processed\VID_26\006\frame_0029.jpg
VID_26,VID_26.mp4,6,450,30,custom_dataset\processed\VID_26\006\frame_0030.jpg
VID_26,VID_26.mp4,6,465,31,custom_dataset\processed\VID_26\006\frame_0031.jpg
VID_26,VID_26.mp4,6,480,32,custom_dataset\processed\VID_26\006\frame_0032.jpg
VID_26,VID_26.mp4,6,495,33,custom_dataset\processed\VID_26\006\frame_0033.jpg
VID_26,VID_26.mp4,6,510,34,custom_dataset\processed\VID_26\006\frame_0034.jpg
VID_26,VID_26.mp4,6,525,35,custom_dataset\processed\VID_26\006\frame_0035.jpg
VID_26,VID_26.mp4,6,540,36,custom_dataset\processed\VID_26\006\frame_0036.jpg
VID_26,VID_26.mp4,6,555,37,custom_dataset\processed\VID_26\006\frame_0037.jpg
VID_26,VID_26.mp4,6,570,38,custom_dataset\processed\VID_26\006\frame_0038.jpg
VID_26,VID_26.mp4,6,585,39,custom_dataset\processed\VID_26\006\frame_0039.jpg
VID_26,VID_26.mp4,6,600,40,custom_dataset\processed\VID_26\006\frame_0040.jpg
VID_26,VID_26.mp4,6,615,41,custom_dataset\processed\VID_26\006\frame_0041.jpg
VID_26,VID_26.mp4,6,630,42,custom_dataset\processed\VID_26\006\frame_0042.jpg
VID_26,VID_26.mp4,6,645,43,custom_dataset\processed\VID_26\006\frame_0043.jpg
VID_26,VID_26.mp4,6,660,44,custom_dataset\processed\VID_26\006\frame_0044.jpg
VID_26,VID_26.mp4,6,675,45,custom_dataset\processed\VID_26\006\frame_0045.jpg
VID_26,VID_26.mp4,6,690,46,custom_dataset\processed\VID_26\006\frame_0046.jpg
VID_26,VID_26.mp4,6,705,47,custom_dataset\processed\VID_26\006\frame_0047.jpg
VID_26,VID_26.mp4,7,510,34,custom_dataset\processed\VID_26\007\frame_0034.jpg
VID_26,VID_26.mp4,7,525,35,custom_dataset\processed\VID_26\007\frame_0035.jpg
VID_26,VID_26.mp4,7,540,36,custom_dataset\processed\VID_26\007\frame_0036.jpg
VID_26,VID_26.mp4,7,555,37,custom_dataset\processed\VID_26\007\frame_0037.jpg
VID_26,VID_26.mp4,7,570,38,custom_dataset\processed\VID_26\007\frame_0038.jpg
VID_26,VID_26.mp4,7,585,39,custom_dataset\processed\VID_26\007\frame_0039.jpg
VID_26,VID_26.mp4,7,600,40,custom_dataset\processed\VID_26\007\frame_0040.jpg
VID_26,VID_26.mp4,7,615,41,custom_dataset\processed\VID_26\007\frame_0041.jpg
VID_26,VID_26.mp4,7,630,42,custom_dataset\processed\VID_26\007\frame_0042.jpg
VID_26,VID_26.mp4,7,645,43,custom_dataset\processed\VID_26\007\frame_0043.jpg
VID_26,VID_26.mp4,7,660,44,custom_dataset\processed\VID_26\007\frame_0044.jpg
VID_27,VID_27.mp4,1,0,0,custom_dataset\processed\VID_27\001\frame_0000.jpg
VID_27,VID_27.mp4,1,15,1,custom_dataset\processed\VID_27\001\frame_0001.jpg
VID_27,VID_27.mp4,1,30,2,custom_dataset\processed\VID_27\001\frame_0002.jpg
VID_27,VID_27.mp4,1,45,3,custom_dataset\processed\VID_27\001\frame_0003.jpg
VID_27,VID_27.mp4,1,60,4,custom_dataset\processed\VID_27\001\frame_0004.jpg
VID_27,VID_27.mp4,1,75,5,custom_dataset\processed\VID_27\001\frame_0005.jpg
VID_27,VID_27.mp4,1,90,6,custom_dataset\processed\VID_27\001\frame_0006.jpg
VID_27,VID_27.mp4,1,105,7,custom_dataset\processed\VID_27\001\frame_0007.jpg
VID_27,VID_27.mp4,1,120,8,custom_dataset\processed\VID_27\001\frame_0008.jpg
VID_27,VID_27.mp4,1,135,9,custom_dataset\processed\VID_27\001\frame_0009.jpg
VID_27,VID_27.mp4,1,150,10,custom_dataset\processed\VID_27\001\frame_0010.jpg
VID_27,VID_27.mp4,1,165,11,custom_dataset\processed\VID_27\001\frame_0011.jpg
VID_27,VID_27.mp4,1,180,12,custom_dataset\processed\VID_27\001\frame_0012.jpg
VID_27,VID_27.mp4,1,195,13,custom_dataset\processed\VID_27\001\frame_0013.jpg
VID_27,VID_27.mp4,1,210,14,custom_dataset\processed\VID_27\001\frame_0014.jpg
VID_27,VID_27.mp4,1,225,15,custom_dataset\processed\VID_27\001\frame_0015.jpg
VID_27,VID_27.mp4,1,240,16,custom_dataset\processed\VID_27\001\frame_0016.jpg
VID_27,VID_27.mp4,1,255,17,custom_dataset\processed\VID_27\001\frame_0017.jpg
VID_27,VID_27.mp4,1,270,18,custom_dataset\processed\VID_27\001\frame_0018.jpg
VID_27,VID_27.mp4,1,285,19,custom_dataset\processed\VID_27\001\frame_0019.jpg
VID_27,VID_27.mp4,1,300,20,custom_dataset\processed\VID_27\001\frame_0020.jpg
VID_27,VID_27.mp4,1,315,21,custom_dataset\processed\VID_27\001\frame_0021.jpg
VID_27,VID_27.mp4,1,330,22,custom_dataset\processed\VID_27\001\frame_0022.jpg
VID_27,VID_27.mp4,1,345,23,custom_dataset\processed\VID_27\001\frame_0023.jpg
VID_27,VID_27.mp4,1,360,24,custom_dataset\processed\VID_27\001\frame_0024.jpg
VID_27,VID_27.mp4,1,375,25,custom_dataset\processed\VID_27\001\frame_0025.jpg
VID_27,VID_27.mp4,1,390,26,custom_dataset\processed\VID_27\001\frame_0026.jpg
VID_27,VID_27.mp4,1,405,27,custom_dataset\processed\VID_27\001\frame_0027.jpg
VID_27,VID_27.mp4,1,420,28,custom_dataset\processed\VID_27\001\frame_0028.jpg
VID_27,VID_27.mp4,1,435,29,custom_dataset\processed\VID_27\001\frame_0029.jpg
VID_27,VID_27.mp4,1,450,30,custom_dataset\processed\VID_27\001\frame_0030.jpg
VID_27,VID_27.mp4,1,465,31,custom_dataset\processed\VID_27\001\frame_0031.jpg
VID_27,VID_27.mp4,1,480,32,custom_dataset\processed\VID_27\001\frame_0032.jpg
VID_27,VID_27.mp4,1,495,33,custom_dataset\processed\VID_27\001\frame_0033.jpg
VID_27,VID_27.mp4,1,510,34,custom_dataset\processed\VID_27\001\frame_0034.jpg
VID_27,VID_27.mp4,1,525,35,custom_dataset\processed\VID_27\001\frame_0035.jpg
VID_27,VID_27.mp4,1,540,36,custom_dataset\processed\VID_27\001\frame_0036.jpg
VID_27,VID_27.mp4,1,555,37,custom_dataset\processed\VID_27\001\frame_0037.jpg
VID_27,VID_27.mp4,1,570,38,custom_dataset\processed\VID_27\001\frame_0038.jpg
VID_27,VID_27.mp4,1,585,39,custom_dataset\processed\VID_27\001\frame_0039.jpg
VID_27,VID_27.mp4,1,600,40,custom_dataset\processed\VID_27\001\frame_0040.jpg
VID_27,VID_27.mp4,1,615,41,custom_dataset\processed\VID_27\001\frame_0041.jpg
VID_27,VID_27.mp4,1,630,42,custom_dataset\processed\VID_27\001\frame_0042.jpg
VID_27,VID_27.mp4,2,0,0,custom_dataset\processed\VID_27\002\frame_0000.jpg
VID_27,VID_27.mp4,2,0,0,custom_dataset\processed\VID_27\002\frame_0000.jpg
VID_27,VID_27.mp4,2,15,1,custom_dataset\processed\VID_27\002\frame_0001.jpg
VID_27,VID_27.mp4,2,30,2,custom_dataset\processed\VID_27\002\frame_0002.jpg
VID_27,VID_27.mp4,2,45,3,custom_dataset\processed\VID_27\002\frame_0003.jpg
VID_27,VID_27.mp4,2,60,4,custom_dataset\processed\VID_27\002\frame_0004.jpg
VID_27,VID_27.mp4,2,75,5,custom_dataset\processed\VID_27\002\frame_0005.jpg
VID_27,VID_27.mp4,2,90,6,custom_dataset\processed\VID_27\002\frame_0006.jpg
VID_27,VID_27.mp4,2,105,7,custom_dataset\processed\VID_27\002\frame_0007.jpg
VID_27,VID_27.mp4,2,120,8,custom_dataset\processed\VID_27\002\frame_0008.jpg
VID_27,VID_27.mp4,2,135,9,custom_dataset\processed\VID_27\002\frame_0009.jpg
VID_27,VID_27.mp4,2,150,10,custom_dataset\processed\VID_27\002\frame_0010.jpg
VID_27,VID_27.mp4,2,165,11,custom_dataset\processed\VID_27\002\frame_0011.jpg
VID_27,VID_27.mp4,2,180,12,custom_dataset\processed\VID_27\002\frame_0012.jpg
VID_27,VID_27.mp4,2,195,13,custom_dataset\processed\VID_27\002\frame_0013.jpg
VID_27,VID_27.mp4,2,210,14,custom_dataset\processed\VID_27\002\frame_0014.jpg
VID_27,VID_27.mp4,2,225,15,custom_dataset\processed\VID_27\002\frame_0015.jpg
VID_27,VID_27.mp4,2,240,16,custom_dataset\processed\VID_27\002\frame_0016.jpg
VID_27,VID_27.mp4,2,255,17,custom_dataset\processed\VID_27\002\frame_0017.jpg
VID_27,VID_27.mp4,2,270,18,custom_dataset\processed\VID_27\002\frame_0018.jpg
VID_27,VID_27.mp4,2,285,19,custom_dataset\processed\VID_27\002\frame_0019.jpg
VID_27,VID_27.mp4,2,300,20,custom_dataset\processed\VID_27\002\frame_0020.jpg
VID_27,VID_27.mp4,2,315,21,custom_dataset\processed\VID_27\002\frame_0021.jpg
VID_27,VID_27.mp4,2,330,22,custom_dataset\processed\VID_27\002\frame_0022.jpg
VID_27,VID_27.mp4,2,345,23,custom_dataset\processed\VID_27\002\frame_0023.jpg
VID_27,VID_27.mp4,2,360,24,custom_dataset\processed\VID_27\002\frame_0024.jpg
VID_27,VID_27.mp4,2,375,25,custom_dataset\processed\VID_27\002\frame_0025.jpg
VID_27,VID_27.mp4,2,390,26,custom_dataset\processed\VID_27\002\frame_0026.jpg
VID_27,VID_27.mp4,2,405,27,custom_dataset\processed\VID_27\002\frame_0027.jpg
VID_27,VID_27.mp4,2,420,28,custom_dataset\processed\VID_27\002\frame_0028.jpg
VID_27,VID_27.mp4,2,435,29,custom_dataset\processed\VID_27\002\frame_0029.jpg
VID_27,VID_27.mp4,2,450,30,custom_dataset\processed\VID_27\002\frame_0030.jpg
VID_27,VID_27.mp4,2,465,31,custom_dataset\processed\VID_27\002\frame_0031.jpg
VID_27,VID_27.mp4,2,480,32,custom_dataset\processed\VID_27\002\frame_0032.jpg
VID_27,VID_27.mp4,2,495,33,custom_dataset\processed\VID_27\002\frame_0033.jpg
VID_27,VID_27.mp4,2,510,34,custom_dataset\processed\VID_27\002\frame_0034.jpg
VID_27,VID_27.mp4,2,525,35,custom_dataset\processed\VID_27\002\frame_0035.jpg
VID_27,VID_27.mp4,2,540,36,custom_dataset\processed\VID_27\002\frame_0036.jpg
VID_27,VID_27.mp4,2,555,37,custom_dataset\processed\VID_27\002\frame_0037.jpg
VID_27,VID_27.mp4,2,570,38,custom_dataset\processed\VID_27\002\frame_0038.jpg
VID_27,VID_27.mp4,2,585,39,custom_dataset\processed\VID_27\002\frame_0039.jpg
VID_27,VID_27.mp4,2,600,40,custom_dataset\processed\VID_27\002\frame_0040.jpg
VID_27,VID_27.mp4,2,615,41,custom_dataset\processed\VID_27\002\frame_0041.jpg
VID_27,VID_27.mp4,2,630,42,custom_dataset\processed\VID_27\002\frame_0042.jpg
VID_27,VID_27.mp4,3,0,0,custom_dataset\processed\VID_27\003\frame_0000.jpg
VID_27,VID_27.mp4,3,0,0,custom_dataset\processed\VID_27\003\frame_0000.jpg
VID_27,VID_27.mp4,3,15,1,custom_dataset\processed\VID_27\003\frame_0001.jpg
VID_27,VID_27.mp4,3,30,2,custom_dataset\processed\VID_27\003\frame_0002.jpg
VID_27,VID_27.mp4,3,45,3,custom_dataset\processed\VID_27\003\frame_0003.jpg
VID_27,VID_27.mp4,3,60,4,custom_dataset\processed\VID_27\003\frame_0004.jpg
VID_27,VID_27.mp4,3,75,5,custom_dataset\processed\VID_27\003\frame_0005.jpg
VID_27,VID_27.mp4,3,90,6,custom_dataset\processed\VID_27\003\frame_0006.jpg
VID_27,VID_27.mp4,3,105,7,custom_dataset\processed\VID_27\003\frame_0007.jpg
VID_27,VID_27.mp4,3,120,8,custom_dataset\processed\VID_27\003\frame_0008.jpg
VID_27,VID_27.mp4,3,150,10,custom_dataset\processed\VID_27\003\frame_0010.jpg
VID_27,VID_27.mp4,3,165,11,custom_dataset\processed\VID_27\003\frame_0011.jpg
VID_27,VID_27.mp4,3,180,12,custom_dataset\processed\VID_27\003\frame_0012.jpg
VID_27,VID_27.mp4,3,195,13,custom_dataset\processed\VID_27\003\frame_0013.jpg
VID_27,VID_27.mp4,3,210,14,custom_dataset\processed\VID_27\003\frame_0014.jpg
VID_27,VID_27.mp4,3,225,15,custom_dataset\processed\VID_27\003\frame_0015.jpg
VID_27,VID_27.mp4,3,240,16,custom_dataset\processed\VID_27\003\frame_0016.jpg
VID_27,VID_27.mp4,3,255,17,custom_dataset\processed\VID_27\003\frame_0017.jpg
VID_27,VID_27.mp4,3,270,18,custom_dataset\processed\VID_27\003\frame_0018.jpg
VID_27,VID_27.mp4,3,285,19,custom_dataset\processed\VID_27\003\frame_0019.jpg
VID_27,VID_27.mp4,3,300,20,custom_dataset\processed\VID_27\003\frame_0020.jpg
VID_27,VID_27.mp4,3,315,21,custom_dataset\processed\VID_27\003\frame_0021.jpg
VID_27,VID_27.mp4,3,330,22,custom_dataset\processed\VID_27\003\frame_0022.jpg
VID_27,VID_27.mp4,3,345,23,custom_dataset\processed\VID_27\003\frame_0023.jpg
VID_27,VID_27.mp4,3,360,24,custom_dataset\processed\VID_27\003\frame_0024.jpg
VID_27,VID_27.mp4,3,375,25,custom_dataset\processed\VID_27\003\frame_0025.jpg
VID_27,VID_27.mp4,3,390,26,custom_dataset\processed\VID_27\003\frame_0026.jpg
VID_27,VID_27.mp4,3,405,27,custom_dataset\processed\VID_27\003\frame_0027.jpg
VID_27,VID_27.mp4,3,420,28,custom_dataset\processed\VID_27\003\frame_0028.jpg
VID_27,VID_27.mp4,3,435,29,custom_dataset\processed\VID_27\003\frame_0029.jpg
VID_27,VID_27.mp4,3,450,30,custom_dataset\processed\VID_27\003\frame_0030.jpg
VID_27,VID_27.mp4,3,465,31,custom_dataset\processed\VID_27\003\frame_0031.jpg
VID_27,VID_27.mp4,3,480,32,custom_dataset\processed\VID_27\003\frame_0032.jpg
VID_27,VID_27.mp4,3,495,33,custom_dataset\processed\VID_27\003\frame_0033.jpg
VID_27,VID_27.mp4,3,510,34,custom_dataset\processed\VID_27\003\frame_0034.jpg
VID_27,VID_27.mp4,3,525,35,custom_dataset\processed\VID_27\003\frame_0035.jpg
VID_27,VID_27.mp4,3,540,36,custom_dataset\processed\VID_27\003\frame_0036.jpg
VID_27,VID_27.mp4,3,555,37,custom_dataset\processed\VID_27\003\frame_0037.jpg
VID_27,VID_27.mp4,3,570,38,custom_dataset\processed\VID_27\003\frame_0038.jpg
VID_27,VID_27.mp4,3,585,39,custom_dataset\processed\VID_27\003\frame_0039.jpg
VID_27,VID_27.mp4,3,600,40,custom_dataset\processed\VID_27\003\frame_0040.jpg
VID_27,VID_27.mp4,3,615,41,custom_dataset\processed\VID_27\003\frame_0041.jpg
VID_27,VID_27.mp4,3,630,42,custom_dataset\processed\VID_27\003\frame_0042.jpg
VID_27,VID_27.mp4,4,15,1,custom_dataset\processed\VID_27\004\frame_0001.jpg
VID_27,VID_27.mp4,4,30,2,custom_dataset\processed\VID_27\004\frame_0002.jpg
VID_27,VID_27.mp4,4,45,3,custom_dataset\processed\VID_27\004\frame_0003.jpg
VID_27,VID_27.mp4,4,60,4,custom_dataset\processed\VID_27\004\frame_0004.jpg
VID_27,VID_27.mp4,4,75,5,custom_dataset\processed\VID_27\004\frame_0005.jpg
VID_27,VID_27.mp4,4,90,6,custom_dataset\processed\VID_27\004\frame_0006.jpg
VID_27,VID_27.mp4,4,105,7,custom_dataset\processed\VID_27\004\frame_0007.jpg
VID_27,VID_27.mp4,4,120,8,custom_dataset\processed\VID_27\004\frame_0008.jpg
VID_27,VID_27.mp4,4,135,9,custom_dataset\processed\VID_27\004\frame_0009.jpg
VID_27,VID_27.mp4,4,150,10,custom_dataset\processed\VID_27\004\frame_0010.jpg
VID_27,VID_27.mp4,4,165,11,custom_dataset\processed\VID_27\004\frame_0011.jpg
VID_27,VID_27.mp4,4,180,12,custom_dataset\processed\VID_27\004\frame_0012.jpg
VID_27,VID_27.mp4,4,195,13,custom_dataset\processed\VID_27\004\frame_0013.jpg
VID_27,VID_27.mp4,4,210,14,custom_dataset\processed\VID_27\004\frame_0014.jpg
VID_27,VID_27.mp4,4,225,15,custom_dataset\processed\VID_27\004\frame_0015.jpg
VID_27,VID_27.mp4,4,255,17,custom_dataset\processed\VID_27\004\frame_0017.jpg
VID_27,VID_27.mp4,4,270,18,custom_dataset\processed\VID_27\004\frame_0018.jpg
VID_27,VID_27.mp4,4,285,19,custom_dataset\processed\VID_27\004\frame_0019.jpg
VID_27,VID_27.mp4,4,300,20,custom_dataset\processed\VID_27\004\frame_0020.jpg
VID_27,VID_27.mp4,4,315,21,custom_dataset\processed\VID_27\004\frame_0021.jpg
VID_27,VID_27.mp4,4,330,22,custom_dataset\processed\VID_27\004\frame_0022.jpg
VID_27,VID_27.mp4,4,345,23,custom_dataset\processed\VID_27\004\frame_0023.jpg
VID_27,VID_27.mp4,4,360,24,custom_dataset\processed\VID_27\004\frame_0024.jpg
VID_27,VID_27.mp4,4,375,25,custom_dataset\processed\VID_27\004\frame_0025.jpg
VID_27,VID_27.mp4,4,390,26,custom_dataset\processed\VID_27\004\frame_0026.jpg
VID_27,VID_27.mp4,4,405,27,custom_dataset\processed\VID_27\004\frame_0027.jpg
VID_27,VID_27.mp4,4,420,28,custom_dataset\processed\VID_27\004\frame_0028.jpg
VID_27,VID_27.mp4,4,435,29,custom_dataset\processed\VID_27\004\frame_0029.jpg
VID_27,VID_27.mp4,4,450,30,custom_dataset\processed\VID_27\004\frame_0030.jpg
VID_27,VID_27.mp4,4,465,31,custom_dataset\processed\VID_27\004\frame_0031.jpg
VID_27,VID_27.mp4,4,480,32,custom_dataset\processed\VID_27\004\frame_0032.jpg
VID_27,VID_27.mp4,4,495,33,custom_dataset\processed\VID_27\004\frame_0033.jpg
VID_27,VID_27.mp4,4,510,34,custom_dataset\processed\VID_27\004\frame_0034.jpg
VID_27,VID_27.mp4,4,525,35,custom_dataset\processed\VID_27\004\frame_0035.jpg
VID_27,VID_27.mp4,4,540,36,custom_dataset\processed\VID_27\004\frame_0036.jpg
VID_27,VID_27.mp4,4,555,37,custom_dataset\processed\VID_27\004\frame_0037.jpg
VID_27,VID_27.mp4,4,570,38,custom_dataset\processed\VID_27\004\frame_0038.jpg
VID_27,VID_27.mp4,4,585,39,custom_dataset\processed\VID_27\004\frame_0039.jpg
VID_27,VID_27.mp4,4,600,40,custom_dataset\processed\VID_27\004\frame_0040.jpg
VID_27,VID_27.mp4,4,615,41,custom_dataset\processed\VID_27\004\frame_0041.jpg
VID_27,VID_27.mp4,4,630,42,custom_dataset\processed\VID_27\004\frame_0042.jpg
VID_27,VID_27.mp4,5,15,1,custom_dataset\processed\VID_27\005\frame_0001.jpg
VID_27,VID_27.mp4,5,45,3,custom_dataset\processed\VID_27\005\frame_0003.jpg
VID_27,VID_27.mp4,5,60,4,custom_dataset\processed\VID_27\005\frame_0004.jpg
VID_27,VID_27.mp4,5,75,5,custom_dataset\processed\VID_27\005\frame_0005.jpg
VID_27,VID_27.mp4,5,90,6,custom_dataset\processed\VID_27\005\frame_0006.jpg
VID_27,VID_27.mp4,5,105,7,custom_dataset\processed\VID_27\005\frame_0007.jpg
VID_27,VID_27.mp4,5,120,8,custom_dataset\processed\VID_27\005\frame_0008.jpg
VID_27,VID_27.mp4,5,135,9,custom_dataset\processed\VID_27\005\frame_0009.jpg
VID_27,VID_27.mp4,5,150,10,custom_dataset\processed\VID_27\005\frame_0010.jpg
VID_27,VID_27.mp4,8,240,16,custom_dataset\processed\VID_27\008\frame_0016.jpg
VID_27,VID_27.mp4,8,270,18,custom_dataset\processed\VID_27\008\frame_0018.jpg
VID_27,VID_27.mp4,8,285,19,custom_dataset\processed\VID_27\008\frame_0019.jpg
VID_27,VID_27.mp4,8,330,22,custom_dataset\processed\VID_27\008\frame_0022.jpg
VID_27,VID_27.mp4,8,345,23,custom_dataset\processed\VID_27\008\frame_0023.jpg
VID_27,VID_27.mp4,8,390,26,custom_dataset\processed\VID_27\008\frame_0026.jpg
VID_27,VID_27.mp4,8,405,27,custom_dataset\processed\VID_27\008\frame_0027.jpg
VID_27,VID_27.mp4,8,420,28,custom_dataset\processed\VID_27\008\frame_0028.jpg
VID_27,VID_27.mp4,8,435,29,custom_dataset\processed\VID_27\008\frame_0029.jpg
VID_27,VID_27.mp4,8,465,31,custom_dataset\processed\VID_27\008\frame_0031.jpg
VID_27,VID_27.mp4,8,480,32,custom_dataset\processed\VID_27\008\frame_0032.jpg
VID_28,VID_28.mp4,1,0,0,custom_dataset\processed\VID_28\001\frame_0000.jpg
VID_28,VID_28.mp4,1,15,1,custom_dataset\processed\VID_28\001\frame_0001.jpg
VID_28,VID_28.mp4,1,30,2,custom_dataset\processed\VID_28\001\frame_0002.jpg
VID_28,VID_28.mp4,1,45,3,custom_dataset\processed\VID_28\001\frame_0003.jpg
VID_28,VID_28.mp4,1,60,4,custom_dataset\processed\VID_28\001\frame_0004.jpg
VID_28,VID_28.mp4,1,75,5,custom_dataset\processed\VID_28\001\frame_0005.jpg
VID_28,VID_28.mp4,1,90,6,custom_dataset\processed\VID_28\001\frame_0006.jpg
VID_28,VID_28.mp4,1,105,7,custom_dataset\processed\VID_28\001\frame_0007.jpg
VID_28,VID_28.mp4,1,120,8,custom_dataset\processed\VID_28\001\frame_0008.jpg
VID_28,VID_28.mp4,1,135,9,custom_dataset\processed\VID_28\001\frame_0009.jpg
VID_28,VID_28.mp4,1,150,10,custom_dataset\processed\VID_28\001\frame_0010.jpg
VID_28,VID_28.mp4,1,165,11,custom_dataset\processed\VID_28\001\frame_0011.jpg
VID_28,VID_28.mp4,1,180,12,custom_dataset\processed\VID_28\001\frame_0012.jpg
VID_28,VID_28.mp4,1,195,13,custom_dataset\processed\VID_28\001\frame_0013.jpg
VID_28,VID_28.mp4,1,210,14,custom_dataset\processed\VID_28\001\frame_0014.jpg
VID_28,VID_28.mp4,1,225,15,custom_dataset\processed\VID_28\001\frame_0015.jpg
VID_28,VID_28.mp4,1,240,16,custom_dataset\processed\VID_28\001\frame_0016.jpg
VID_28,VID_28.mp4,1,255,17,custom_dataset\processed\VID_28\001\frame_0017.jpg
VID_28,VID_28.mp4,1,270,18,custom_dataset\processed\VID_28\001\frame_0018.jpg
VID_28,VID_28.mp4,1,285,19,custom_dataset\processed\VID_28\001\frame_0019.jpg
VID_28,VID_28.mp4,1,300,20,custom_dataset\processed\VID_28\001\frame_0020.jpg
VID_28,VID_28.mp4,1,315,21,custom_dataset\processed\VID_28\001\frame_0021.jpg
VID_28,VID_28.mp4,1,330,22,custom_dataset\processed\VID_28\001\frame_0022.jpg
VID_28,VID_28.mp4,1,345,23,custom_dataset\processed\VID_28\001\frame_0023.jpg
VID_28,VID_28.mp4,1,360,24,custom_dataset\processed\VID_28\001\frame_0024.jpg
VID_28,VID_28.mp4,1,375,25,custom_dataset\processed\VID_28\001\frame_0025.jpg
VID_28,VID_28.mp4,1,390,26,custom_dataset\processed\VID_28\001\frame_0026.jpg
VID_28,VID_28.mp4,1,405,27,custom_dataset\processed\VID_28\001\frame_0027.jpg
VID_28,VID_28.mp4,1,420,28,custom_dataset\processed\VID_28\001\frame_0028.jpg
VID_28,VID_28.mp4,1,435,29,custom_dataset\processed\VID_28\001\frame_0029.jpg
VID_28,VID_28.mp4,1,450,30,custom_dataset\processed\VID_28\001\frame_0030.jpg
VID_28,VID_28.mp4,1,465,31,custom_dataset\processed\VID_28\001\frame_0031.jpg
VID_28,VID_28.mp4,1,480,32,custom_dataset\processed\VID_28\001\frame_0032.jpg
VID_28,VID_28.mp4,1,495,33,custom_dataset\processed\VID_28\001\frame_0033.jpg
VID_28,VID_28.mp4,1,510,34,custom_dataset\processed\VID_28\001\frame_0034.jpg
VID_28,VID_28.mp4,1,525,35,custom_dataset\processed\VID_28\001\frame_0035.jpg
VID_28,VID_28.mp4,1,540,36,custom_dataset\processed\VID_28\001\frame_0036.jpg
VID_28,VID_28.mp4,1,555,37,custom_dataset\processed\VID_28\001\frame_0037.jpg
VID_28,VID_28.mp4,1,570,38,custom_dataset\processed\VID_28\001\frame_0038.jpg
VID_28,VID_28.mp4,1,585,39,custom_dataset\processed\VID_28\001\frame_0039.jpg
VID_28,VID_28.mp4,1,600,40,custom_dataset\processed\VID_28\001\frame_0040.jpg
VID_28,VID_28.mp4,1,615,41,custom_dataset\processed\VID_28\001\frame_0041.jpg
VID_28,VID_28.mp4,1,630,42,custom_dataset\processed\VID_28\001\frame_0042.jpg
VID_28,VID_28.mp4,1,645,43,custom_dataset\processed\VID_28\001\frame_0043.jpg
VID_28,VID_28.mp4,1,660,44,custom_dataset\processed\VID_28\001\frame_0044.jpg
VID_28,VID_28.mp4,2,0,0,custom_dataset\processed\VID_28\002\frame_0000.jpg
VID_28,VID_28.mp4,2,0,0,custom_dataset\processed\VID_28\002\frame_0000.jpg
VID_28,VID_28.mp4,2,15,1,custom_dataset\processed\VID_28\002\frame_0001.jpg
VID_28,VID_28.mp4,2,30,2,custom_dataset\processed\VID_28\002\frame_0002.jpg
VID_28,VID_28.mp4,2,45,3,custom_dataset\processed\VID_28\002\frame_0003.jpg
VID_28,VID_28.mp4,2,60,4,custom_dataset\processed\VID_28\002\frame_0004.jpg
VID_28,VID_28.mp4,2,75,5,custom_dataset\processed\VID_28\002\frame_0005.jpg
VID_28,VID_28.mp4,2,90,6,custom_dataset\processed\VID_28\002\frame_0006.jpg
VID_28,VID_28.mp4,2,105,7,custom_dataset\processed\VID_28\002\frame_0007.jpg
VID_28,VID_28.mp4,2,120,8,custom_dataset\processed\VID_28\002\frame_0008.jpg
VID_28,VID_28.mp4,2,135,9,custom_dataset\processed\VID_28\002\frame_0009.jpg
VID_28,VID_28.mp4,2,150,10,custom_dataset\processed\VID_28\002\frame_0010.jpg
VID_28,VID_28.mp4,2,165,11,custom_dataset\processed\VID_28\002\frame_0011.jpg
VID_28,VID_28.mp4,2,180,12,custom_dataset\processed\VID_28\002\frame_0012.jpg
VID_28,VID_28.mp4,2,195,13,custom_dataset\processed\VID_28\002\frame_0013.jpg
VID_28,VID_28.mp4,2,210,14,custom_dataset\processed\VID_28\002\frame_0014.jpg
VID_28,VID_28.mp4,2,225,15,custom_dataset\processed\VID_28\002\frame_0015.jpg
VID_28,VID_28.mp4,2,240,16,custom_dataset\processed\VID_28\002\frame_0016.jpg
VID_28,VID_28.mp4,2,255,17,custom_dataset\processed\VID_28\002\frame_0017.jpg
VID_28,VID_28.mp4,2,270,18,custom_dataset\processed\VID_28\002\frame_0018.jpg
VID_28,VID_28.mp4,2,285,19,custom_dataset\processed\VID_28\002\frame_0019.jpg
VID_28,VID_28.mp4,2,300,20,custom_dataset\processed\VID_28\002\frame_0020.jpg
VID_28,VID_28.mp4,2,315,21,custom_dataset\processed\VID_28\002\frame_0021.jpg
VID_28,VID_28.mp4,2,330,22,custom_dataset\processed\VID_28\002\frame_0022.jpg
VID_28,VID_28.mp4,2,345,23,custom_dataset\processed\VID_28\002\frame_0023.jpg
VID_28,VID_28.mp4,2,360,24,custom_dataset\processed\VID_28\002\frame_0024.jpg
VID_28,VID_28.mp4,2,375,25,custom_dataset\processed\VID_28\002\frame_0025.jpg
VID_28,VID_28.mp4,2,390,26,custom_dataset\processed\VID_28\002\frame_0026.jpg
VID_28,VID_28.mp4,2,405,27,custom_dataset\processed\VID_28\002\frame_0027.jpg
VID_28,VID_28.mp4,2,420,28,custom_dataset\processed\VID_28\002\frame_0028.jpg
VID_28,VID_28.mp4,2,435,29,custom_dataset\processed\VID_28\002\frame_0029.jpg
VID_28,VID_28.mp4,2,450,30,custom_dataset\processed\VID_28\002\frame_0030.jpg
VID_28,VID_28.mp4,2,465,31,custom_dataset\processed\VID_28\002\frame_0031.jpg
VID_28,VID_28.mp4,2,480,32,custom_dataset\processed\VID_28\002\frame_0032.jpg
VID_28,VID_28.mp4,2,495,33,custom_dataset\processed\VID_28\002\frame_0033.jpg
VID_28,VID_28.mp4,2,510,34,custom_dataset\processed\VID_28\002\frame_0034.jpg
VID_28,VID_28.mp4,2,525,35,custom_dataset\processed\VID_28\002\frame_0035.jpg
VID_28,VID_28.mp4,2,540,36,custom_dataset\processed\VID_28\002\frame_0036.jpg
VID_28,VID_28.mp4,2,555,37,custom_dataset\processed\VID_28\002\frame_0037.jpg
VID_28,VID_28.mp4,2,570,38,custom_dataset\processed\VID_28\002\frame_0038.jpg
VID_28,VID_28.mp4,2,585,39,custom_dataset\processed\VID_28\002\frame_0039.jpg
VID_28,VID_28.mp4,2,600,40,custom_dataset\processed\VID_28\002\frame_0040.jpg
VID_28,VID_28.mp4,2,615,41,custom_dataset\processed\VID_28\002\frame_0041.jpg
VID_28,VID_28.mp4,2,630,42,custom_dataset\processed\VID_28\002\frame_0042.jpg
VID_28,VID_28.mp4,2,645,43,custom_dataset\processed\VID_28\002\frame_0043.jpg
VID_28,VID_28.mp4,2,660,44,custom_dataset\processed\VID_28\002\frame_0044.jpg
VID_28,VID_28.mp4,5,30,2,custom_dataset\processed\VID_28\005\frame_0002.jpg
VID_28,VID_28.mp4,5,45,3,custom_dataset\processed\VID_28\005\frame_0003.jpg
VID_28,VID_28.mp4,5,60,4,custom_dataset\processed\VID_28\005\frame_0004.jpg
VID_28,VID_28.mp4,5,90,6,custom_dataset\processed\VID_28\005\frame_0006.jpg
VID_28,VID_28.mp4,5,105,7,custom_dataset\processed\VID_28\005\frame_0007.jpg
VID_28,VID_28.mp4,5,120,8,custom_dataset\processed\VID_28\005\frame_0008.jpg
VID_28,VID_28.mp4,5,135,9,custom_dataset\processed\VID_28\005\frame_0009.jpg
VID_28,VID_28.mp4,5,150,10,custom_dataset\processed\VID_28\005\frame_0010.jpg
VID_28,VID_28.mp4,5,165,11,custom_dataset\processed\VID_28\005\frame_0011.jpg
VID_28,VID_28.mp4,5,180,12,custom_dataset\processed\VID_28\005\frame_0012.jpg
VID_28,VID_28.mp4,5,195,13,custom_dataset\processed\VID_28\005\frame_0013.jpg
VID_28,VID_28.mp4,5,210,14,custom_dataset\processed\VID_28\005\frame_0014.jpg
VID_28,VID_28.mp4,5,225,15,custom_dataset\processed\VID_28\005\frame_0015.jpg
VID_28,VID_28.mp4,5,240,16,custom_dataset\processed\VID_28\005\frame_0016.jpg
VID_28,VID_28.mp4,5,255,17,custom_dataset\processed\VID_28\005\frame_0017.jpg
VID_28,VID_28.mp4,5,270,18,custom_dataset\processed\VID_28\005\frame_0018.jpg
VID_28,VID_28.mp4,5,285,19,custom_dataset\processed\VID_28\005\frame_0019.jpg
VID_28,VID_28.mp4,5,300,20,custom_dataset\processed\VID_28\005\frame_0020.jpg
VID_28,VID_28.mp4,5,315,21,custom_dataset\processed\VID_28\005\frame_0021.jpg
VID_28,VID_28.mp4,5,330,22,custom_dataset\processed\VID_28\005\frame_0022.jpg
VID_28,VID_28.mp4,5,345,23,custom_dataset\processed\VID_28\005\frame_0023.jpg
VID_28,VID_28.mp4,5,360,24,custom_dataset\processed\VID_28\005\frame_0024.jpg
VID_28,VID_28.mp4,5,375,25,custom_dataset\processed\VID_28\005\frame_0025.jpg
VID_28,VID_28.mp4,5,390,26,custom_dataset\processed\VID_28\005\frame_0026.jpg
VID_28,VID_28.mp4,5,405,27,custom_dataset\processed\VID_28\005\frame_0027.jpg
VID_28,VID_28.mp4,5,420,28,custom_dataset\processed\VID_28\005\frame_0028.jpg
VID_28,VID_28.mp4,5,435,29,custom_dataset\processed\VID_28\005\frame_0029.jpg
VID_28,VID_28.mp4,5,465,31,custom_dataset\processed\VID_28\005\frame_0031.jpg
VID_28,VID_28.mp4,5,480,32,custom_dataset\processed\VID_28\005\frame_0032.jpg
VID_28,VID_28.mp4,5,495,33,custom_dataset\processed\VID_28\005\frame_0033.jpg
VID_28,VID_28.mp4,5,510,34,custom_dataset\processed\VID_28\005\frame_0034.jpg
VID_28,VID_28.mp4,5,525,35,custom_dataset\processed\VID_28\005\frame_0035.jpg
VID_28,VID_28.mp4,5,540,36,custom_dataset\processed\VID_28\005\frame_0036.jpg
VID_28,VID_28.mp4,5,570,38,custom_dataset\processed\VID_28\005\frame_0038.jpg
VID_28,VID_28.mp4,6,75,5,custom_dataset\processed\VID_28\006\frame_0005.jpg
VID_28,VID_28.mp4,6,90,6,custom_dataset\processed\VID_28\006\frame_0006.jpg
VID_28,VID_28.mp4,6,105,7,custom_dataset\processed\VID_28\006\frame_0007.jpg
VID_28,VID_28.mp4,6,120,8,custom_dataset\processed\VID_28\006\frame_0008.jpg
VID_28,VID_28.mp4,6,135,9,custom_dataset\processed\VID_28\006\frame_0009.jpg
VID_28,VID_28.mp4,6,150,10,custom_dataset\processed\VID_28\006\frame_0010.jpg
VID_28,VID_28.mp4,6,165,11,custom_dataset\processed\VID_28\006\frame_0011.jpg
VID_28,VID_28.mp4,6,180,12,custom_dataset\processed\VID_28\006\frame_0012.jpg
VID_28,VID_28.mp4,6,195,13,custom_dataset\processed\VID_28\006\frame_0013.jpg
VID_28,VID_28.mp4,6,210,14,custom_dataset\processed\VID_28\006\frame_0014.jpg
VID_28,VID_28.mp4,6,225,15,custom_dataset\processed\VID_28\006\frame_0015.jpg
VID_28,VID_28.mp4,6,240,16,custom_dataset\processed\VID_28\006\frame_0016.jpg
VID_28,VID_28.mp4,6,255,17,custom_dataset\processed\VID_28\006\frame_0017.jpg
VID_28,VID_28.mp4,6,270,18,custom_dataset\processed\VID_28\006\frame_0018.jpg
VID_28,VID_28.mp4,6,285,19,custom_dataset\processed\VID_28\006\frame_0019.jpg
VID_28,VID_28.mp4,6,300,20,custom_dataset\processed\VID_28\006\frame_0020.jpg
VID_28,VID_28.mp4,6,315,21,custom_dataset\processed\VID_28\006\frame_0021.jpg
VID_28,VID_28.mp4,6,330,22,custom_dataset\processed\VID_28\006\frame_0022.jpg
VID_28,VID_28.mp4,6,345,23,custom_dataset\processed\VID_28\006\frame_0023.jpg
VID_28,VID_28.mp4,6,360,24,custom_dataset\processed\VID_28\006\frame_0024.jpg
VID_28,VID_28.mp4,6,375,25,custom_dataset\processed\VID_28\006\frame_0025.jpg
VID_28,VID_28.mp4,6,390,26,custom_dataset\processed\VID_28\006\frame_0026.jpg
VID_28,VID_28.mp4,6,405,27,custom_dataset\processed\VID_28\006\frame_0027.jpg
VID_28,VID_28.mp4,6,435,29,custom_dataset\processed\VID_28\006\frame_0029.jpg
VID_28,VID_28.mp4,6,450,30,custom_dataset\processed\VID_28\006\frame_0030.jpg
VID_28,VID_28.mp4,6,465,31,custom_dataset\processed\VID_28\006\frame_0031.jpg
VID_28,VID_28.mp4,6,480,32,custom_dataset\processed\VID_28\006\frame_0032.jpg
VID_28,VID_28.mp4,6,495,33,custom_dataset\processed\VID_28\006\frame_0033.jpg
VID_28,VID_28.mp4,6,510,34,custom_dataset\processed\VID_28\006\frame_0034.jpg
VID_28,VID_28.mp4,6,540,36,custom_dataset\processed\VID_28\006\frame_0036.jpg
VID_28,VID_28.mp4,6,555,37,custom_dataset\processed\VID_28\006\frame_0037.jpg
VID_28,VID_28.mp4,6,585,39,custom_dataset\processed\VID_28\006\frame_0039.jpg
VID_28,VID_28.mp4,6,600,40,custom_dataset\processed\VID_28\006\frame_0040.jpg
VID_28,VID_28.mp4,6,615,41,custom_dataset\processed\VID_28\006\frame_0041.jpg
VID_28,VID_28.mp4,6,630,42,custom_dataset\processed\VID_28\006\frame_0042.jpg
VID_28,VID_28.mp4,6,660,44,custom_dataset\processed\VID_28\006\frame_0044.jpg
VID_28,VID_28.mp4,7,150,10,custom_dataset\processed\VID_28\007\frame_0010.jpg
VID_28,VID_28.mp4,7,165,11,custom_dataset\processed\VID_28\007\frame_0011.jpg
VID_28,VID_28.mp4,7,180,12,custom_dataset\processed\VID_28\007\frame_0012.jpg
VID_28,VID_28.mp4,7,195,13,custom_dataset\processed\VID_28\007\frame_0013.jpg
VID_28,VID_28.mp4,7,210,14,custom_dataset\processed\VID_28\007\frame_0014.jpg
VID_28,VID_28.mp4,7,225,15,custom_dataset\processed\VID_28\007\frame_0015.jpg
VID_28,VID_28.mp4,7,240,16,custom_dataset\processed\VID_28\007\frame_0016.jpg
VID_28,VID_28.mp4,7,255,17,custom_dataset\processed\VID_28\007\frame_0017.jpg
VID_28,VID_28.mp4,7,270,18,custom_dataset\processed\VID_28\007\frame_0018.jpg
VID_28,VID_28.mp4,7,285,19,custom_dataset\processed\VID_28\007\frame_0019.jpg
VID_28,VID_28.mp4,7,300,20,custom_dataset\processed\VID_28\007\frame_0020.jpg
VID_28,VID_28.mp4,7,315,21,custom_dataset\processed\VID_28\007\frame_0021.jpg
VID_28,VID_28.mp4,7,330,22,custom_dataset\processed\VID_28\007\frame_0022.jpg
VID_28,VID_28.mp4,7,345,23,custom_dataset\processed\VID_28\007\frame_0023.jpg
VID_28,VID_28.mp4,7,360,24,custom_dataset\processed\VID_28\007\frame_0024.jpg
VID_28,VID_28.mp4,7,375,25,custom_dataset\processed\VID_28\007\frame_0025.jpg
VID_28,VID_28.mp4,7,390,26,custom_dataset\processed\VID_28\007\frame_0026.jpg
VID_28,VID_28.mp4,7,405,27,custom_dataset\processed\VID_28\007\frame_0027.jpg
VID_28,VID_28.mp4,7,420,28,custom_dataset\processed\VID_28\007\frame_0028.jpg
VID_28,VID_28.mp4,7,435,29,custom_dataset\processed\VID_28\007\frame_0029.jpg
VID_28,VID_28.mp4,7,450,30,custom_dataset\processed\VID_28\007\frame_0030.jpg
VID_28,VID_28.mp4,7,465,31,custom_dataset\processed\VID_28\007\frame_0031.jpg
VID_28,VID_28.mp4,7,480,32,custom_dataset\processed\VID_28\007\frame_0032.jpg
VID_28,VID_28.mp4,7,495,33,custom_dataset\processed\VID_28\007\frame_0033.jpg
VID_28,VID_28.mp4,7,510,34,custom_dataset\processed\VID_28\007\frame_0034.jpg
VID_28,VID_28.mp4,7,525,35,custom_dataset\processed\VID_28\007\frame_0035.jpg
VID_28,VID_28.mp4,7,540,36,custom_dataset\processed\VID_28\007\frame_0036.jpg
VID_28,VID_28.mp4,7,555,37,custom_dataset\processed\VID_28\007\frame_0037.jpg
VID_28,VID_28.mp4,7,570,38,custom_dataset\processed\VID_28\007\frame_0038.jpg
VID_28,VID_28.mp4,7,585,39,custom_dataset\processed\VID_28\007\frame_0039.jpg
VID_28,VID_28.mp4,7,600,40,custom_dataset\processed\VID_28\007\frame_0040.jpg
VID_28,VID_28.mp4,7,615,41,custom_dataset\processed\VID_28\007\frame_0041.jpg
VID_28,VID_28.mp4,7,630,42,custom_dataset\processed\VID_28\007\frame_0042.jpg
VID_28,VID_28.mp4,7,645,43,custom_dataset\processed\VID_28\007\frame_0043.jpg
VID_28,VID_28.mp4,7,660,44,custom_dataset\processed\VID_28\007\frame_0044.jpg
VID_28,VID_28.mp4,8,210,14,custom_dataset\processed\VID_28\008\frame_0014.jpg
VID_28,VID_28.mp4,8,225,15,custom_dataset\processed\VID_28\008\frame_0015.jpg
VID_28,VID_28.mp4,8,240,16,custom_dataset\processed\VID_28\008\frame_0016.jpg
VID_28,VID_28.mp4,8,255,17,custom_dataset\processed\VID_28\008\frame_0017.jpg
VID_28,VID_28.mp4,8,300,20,custom_dataset\processed\VID_28\008\frame_0020.jpg
VID_28,VID_28.mp4,8,315,21,custom_dataset\processed\VID_28\008\frame_0021.jpg
VID_28,VID_28.mp4,8,330,22,custom_dataset\processed\VID_28\008\frame_0022.jpg
VID_28,VID_28.mp4,8,345,23,custom_dataset\processed\VID_28\008\frame_0023.jpg
VID_28,VID_28.mp4,8,360,24,custom_dataset\processed\VID_28\008\frame_0024.jpg
VID_28,VID_28.mp4,8,375,25,custom_dataset\processed\VID_28\008\frame_0025.jpg
VID_28,VID_28.mp4,8,390,26,custom_dataset\processed\VID_28\008\frame_0026.jpg
VID_28,VID_28.mp4,8,405,27,custom_dataset\processed\VID_28\008\frame_0027.jpg
VID_28,VID_28.mp4,8,420,28,custom_dataset\processed\VID_28\008\frame_0028.jpg
VID_28,VID_28.mp4,8,450,30,custom_dataset\processed\VID_28\008\frame_0030.jpg
VID_28,VID_28.mp4,8,465,31,custom_dataset\processed\VID_28\008\frame_0031.jpg
VID_28,VID_28.mp4,8,480,32,custom_dataset\processed\VID_28\008\frame_0032.jpg
VID_28,VID_28.mp4,8,495,33,custom_dataset\processed\VID_28\008\frame_0033.jpg
VID_28,VID_28.mp4,8,510,34,custom_dataset\processed\VID_28\008\frame_0034.jpg
VID_28,VID_28.mp4,8,525,35,custom_dataset\processed\VID_28\008\frame_0035.jpg
VID_28,VID_28.mp4,8,540,36,custom_dataset\processed\VID_28\008\frame_0036.jpg
VID_28,VID_28.mp4,8,555,37,custom_dataset\processed\VID_28\008\frame_0037.jpg
VID_28,VID_28.mp4,8,570,38,custom_dataset\processed\VID_28\008\frame_0038.jpg
VID_28,VID_28.mp4,8,585,39,custom_dataset\processed\VID_28\008\frame_0039.jpg
VID_28,VID_28.mp4,8,600,40,custom_dataset\processed\VID_28\008\frame_0040.jpg
VID_28,VID_28.mp4,8,615,41,custom_dataset\processed\VID_28\008\frame_0041.jpg
VID_28,VID_28.mp4,8,630,42,custom_dataset\processed\VID_28\008\frame_0042.jpg
VID_28,VID_28.mp4,8,645,43,custom_dataset\processed\VID_28\008\frame_0043.jpg
VID_28,VID_28.mp4,8,660,44,custom_dataset\processed\VID_28\008\frame_0044.jpg
VID_3,VID_3.mp4,1,0,0,custom_dataset\processed\VID_3\001\frame_0000.jpg
VID_3,VID_3.mp4,1,0,0,custom_dataset\processed\VID_3\001\frame_0000.jpg
VID_3,VID_3.mp4,1,15,1,custom_dataset\processed\VID_3\001\frame_0001.jpg
VID_3,VID_3.mp4,1,30,2,custom_dataset\processed\VID_3\001\frame_0002.jpg
VID_3,VID_3.mp4,1,45,3,custom_dataset\processed\VID_3\001\frame_0003.jpg
VID_3,VID_3.mp4,1,60,4,custom_dataset\processed\VID_3\001\frame_0004.jpg
VID_3,VID_3.mp4,1,75,5,custom_dataset\processed\VID_3\001\frame_0005.jpg
VID_3,VID_3.mp4,1,90,6,custom_dataset\processed\VID_3\001\frame_0006.jpg
VID_3,VID_3.mp4,1,105,7,custom_dataset\processed\VID_3\001\frame_0007.jpg
VID_3,VID_3.mp4,1,120,8,custom_dataset\processed\VID_3\001\frame_0008.jpg
VID_3,VID_3.mp4,1,135,9,custom_dataset\processed\VID_3\001\frame_0009.jpg
VID_3,VID_3.mp4,1,150,10,custom_dataset\processed\VID_3\001\frame_0010.jpg
VID_3,VID_3.mp4,1,165,11,custom_dataset\processed\VID_3\001\frame_0011.jpg
VID_3,VID_3.mp4,1,180,12,custom_dataset\processed\VID_3\001\frame_0012.jpg
VID_3,VID_3.mp4,1,195,13,custom_dataset\processed\VID_3\001\frame_0013.jpg
VID_3,VID_3.mp4,1,210,14,custom_dataset\processed\VID_3\001\frame_0014.jpg
VID_3,VID_3.mp4,1,225,15,custom_dataset\processed\VID_3\001\frame_0015.jpg
VID_3,VID_3.mp4,1,240,16,custom_dataset\processed\VID_3\001\frame_0016.jpg
VID_3,VID_3.mp4,1,255,17,custom_dataset\processed\VID_3\001\frame_0017.jpg
VID_3,VID_3.mp4,1,270,18,custom_dataset\processed\VID_3\001\frame_0018.jpg
VID_3,VID_3.mp4,1,285,19,custom_dataset\processed\VID_3\001\frame_0019.jpg
VID_3,VID_3.mp4,1,300,20,custom_dataset\processed\VID_3\001\frame_0020.jpg
VID_3,VID_3.mp4,1,315,21,custom_dataset\processed\VID_3\001\frame_0021.jpg
VID_3,VID_3.mp4,1,330,22,custom_dataset\processed\VID_3\001\frame_0022.jpg
VID_3,VID_3.mp4,1,345,23,custom_dataset\processed\VID_3\001\frame_0023.jpg
VID_3,VID_3.mp4,1,360,24,custom_dataset\processed\VID_3\001\frame_0024.jpg
VID_3,VID_3.mp4,1,375,25,custom_dataset\processed\VID_3\001\frame_0025.jpg
VID_3,VID_3.mp4,1,390,26,custom_dataset\processed\VID_3\001\frame_0026.jpg
VID_3,VID_3.mp4,1,405,27,custom_dataset\processed\VID_3\001\frame_0027.jpg
VID_3,VID_3.mp4,1,420,28,custom_dataset\processed\VID_3\001\frame_0028.jpg
VID_3,VID_3.mp4,1,435,29,custom_dataset\processed\VID_3\001\frame_0029.jpg
VID_3,VID_3.mp4,1,450,30,custom_dataset\processed\VID_3\001\frame_0030.jpg
VID_3,VID_3.mp4,1,465,31,custom_dataset\processed\VID_3\001\frame_0031.jpg
VID_3,VID_3.mp4,1,480,32,custom_dataset\processed\VID_3\001\frame_0032.jpg
VID_3,VID_3.mp4,1,495,33,custom_dataset\processed\VID_3\001\frame_0033.jpg
VID_3,VID_3.mp4,1,510,34,custom_dataset\processed\VID_3\001\frame_0034.jpg
VID_3,VID_3.mp4,1,525,35,custom_dataset\processed\VID_3\001\frame_0035.jpg
VID_3,VID_3.mp4,1,540,36,custom_dataset\processed\VID_3\001\frame_0036.jpg
VID_3,VID_3.mp4,1,555,37,custom_dataset\processed\VID_3\001\frame_0037.jpg
VID_3,VID_3.mp4,1,570,38,custom_dataset\processed\VID_3\001\frame_0038.jpg
VID_3,VID_3.mp4,1,585,39,custom_dataset\processed\VID_3\001\frame_0039.jpg
VID_3,VID_3.mp4,1,600,40,custom_dataset\processed\VID_3\001\frame_0040.jpg
VID_3,VID_3.mp4,1,615,41,custom_dataset\processed\VID_3\001\frame_0041.jpg
VID_3,VID_3.mp4,1,630,42,custom_dataset\processed\VID_3\001\frame_0042.jpg
VID_3,VID_3.mp4,1,645,43,custom_dataset\processed\VID_3\001\frame_0043.jpg
VID_3,VID_3.mp4,2,0,0,custom_dataset\processed\VID_3\002\frame_0000.jpg
VID_3,VID_3.mp4,2,15,1,custom_dataset\processed\VID_3\002\frame_0001.jpg
VID_3,VID_3.mp4,2,30,2,custom_dataset\processed\VID_3\002\frame_0002.jpg
VID_3,VID_3.mp4,2,45,3,custom_dataset\processed\VID_3\002\frame_0003.jpg
VID_3,VID_3.mp4,2,60,4,custom_dataset\processed\VID_3\002\frame_0004.jpg
VID_3,VID_3.mp4,2,75,5,custom_dataset\processed\VID_3\002\frame_0005.jpg
VID_3,VID_3.mp4,2,90,6,custom_dataset\processed\VID_3\002\frame_0006.jpg
VID_3,VID_3.mp4,2,105,7,custom_dataset\processed\VID_3\002\frame_0007.jpg
VID_3,VID_3.mp4,2,120,8,custom_dataset\processed\VID_3\002\frame_0008.jpg
VID_3,VID_3.mp4,2,135,9,custom_dataset\processed\VID_3\002\frame_0009.jpg
VID_3,VID_3.mp4,2,150,10,custom_dataset\processed\VID_3\002\frame_0010.jpg
VID_3,VID_3.mp4,2,165,11,custom_dataset\processed\VID_3\002\frame_0011.jpg
VID_3,VID_3.mp4,2,180,12,custom_dataset\processed\VID_3\002\frame_0012.jpg
VID_3,VID_3.mp4,2,195,13,custom_dataset\processed\VID_3\002\frame_0013.jpg
VID_3,VID_3.mp4,2,210,14,custom_dataset\processed\VID_3\002\frame_0014.jpg
VID_3,VID_3.mp4,2,225,15,custom_dataset\processed\VID_3\002\frame_0015.jpg
VID_3,VID_3.mp4,2,240,16,custom_dataset\processed\VID_3\002\frame_0016.jpg
VID_3,VID_3.mp4,2,255,17,custom_dataset\processed\VID_3\002\frame_0017.jpg
VID_3,VID_3.mp4,2,270,18,custom_dataset\processed\VID_3\002\frame_0018.jpg
VID_3,VID_3.mp4,2,285,19,custom_dataset\processed\VID_3\002\frame_0019.jpg
VID_3,VID_3.mp4,2,300,20,custom_dataset\processed\VID_3\002\frame_0020.jpg
VID_3,VID_3.mp4,2,315,21,custom_dataset\processed\VID_3\002\frame_0021.jpg
VID_3,VID_3.mp4,2,330,22,custom_dataset\processed\VID_3\002\frame_0022.jpg
VID_3,VID_3.mp4,2,345,23,custom_dataset\processed\VID_3\002\frame_0023.jpg
VID_3,VID_3.mp4,2,360,24,custom_dataset\processed\VID_3\002\frame_0024.jpg
VID_3,VID_3.mp4,2,375,25,custom_dataset\processed\VID_3\002\frame_0025.jpg
VID_3,VID_3.mp4,2,390,26,custom_dataset\processed\VID_3\002\frame_0026.jpg
VID_3,VID_3.mp4,2,405,27,custom_dataset\processed\VID_3\002\frame_0027.jpg
VID_3,VID_3.mp4,2,420,28,custom_dataset\processed\VID_3\002\frame_0028.jpg
VID_3,VID_3.mp4,2,435,29,custom_dataset\processed\VID_3\002\frame_0029.jpg
VID_3,VID_3.mp4,2,450,30,custom_dataset\processed\VID_3\002\frame_0030.jpg
VID_3,VID_3.mp4,2,465,31,custom_dataset\processed\VID_3\002\frame_0031.jpg
VID_3,VID_3.mp4,2,480,32,custom_dataset\processed\VID_3\002\frame_0032.jpg
VID_3,VID_3.mp4,2,495,33,custom_dataset\processed\VID_3\002\frame_0033.jpg
VID_3,VID_3.mp4,2,510,34,custom_dataset\processed\VID_3\002\frame_0034.jpg
VID_3,VID_3.mp4,2,525,35,custom_dataset\processed\VID_3\002\frame_0035.jpg
VID_3,VID_3.mp4,2,540,36,custom_dataset\processed\VID_3\002\frame_0036.jpg
VID_3,VID_3.mp4,2,555,37,custom_dataset\processed\VID_3\002\frame_0037.jpg
VID_3,VID_3.mp4,2,570,38,custom_dataset\processed\VID_3\002\frame_0038.jpg
VID_3,VID_3.mp4,2,585,39,custom_dataset\processed\VID_3\002\frame_0039.jpg
VID_3,VID_3.mp4,2,600,40,custom_dataset\processed\VID_3\002\frame_0040.jpg
VID_3,VID_3.mp4,2,615,41,custom_dataset\processed\VID_3\002\frame_0041.jpg
VID_3,VID_3.mp4,2,630,42,custom_dataset\processed\VID_3\002\frame_0042.jpg
VID_3,VID_3.mp4,2,645,43,custom_dataset\processed\VID_3\002\frame_0043.jpg
VID_3,VID_3.mp4,3,0,0,custom_dataset\processed\VID_3\003\frame_0000.jpg
VID_3,VID_3.mp4,3,15,1,custom_dataset\processed\VID_3\003\frame_0001.jpg
VID_3,VID_3.mp4,3,30,2,custom_dataset\processed\VID_3\003\frame_0002.jpg
VID_3,VID_3.mp4,3,45,3,custom_dataset\processed\VID_3\003\frame_0003.jpg
VID_3,VID_3.mp4,3,60,4,custom_dataset\processed\VID_3\003\frame_0004.jpg
VID_3,VID_3.mp4,3,75,5,custom_dataset\processed\VID_3\003\frame_0005.jpg
VID_3,VID_3.mp4,3,90,6,custom_dataset\processed\VID_3\003\frame_0006.jpg
VID_3,VID_3.mp4,3,105,7,custom_dataset\processed\VID_3\003\frame_0007.jpg
VID_3,VID_3.mp4,3,120,8,custom_dataset\processed\VID_3\003\frame_0008.jpg
VID_3,VID_3.mp4,3,135,9,custom_dataset\processed\VID_3\003\frame_0009.jpg
VID_3,VID_3.mp4,3,150,10,custom_dataset\processed\VID_3\003\frame_0010.jpg
VID_3,VID_3.mp4,3,165,11,custom_dataset\processed\VID_3\003\frame_0011.jpg
VID_3,VID_3.mp4,3,180,12,custom_dataset\processed\VID_3\003\frame_0012.jpg
VID_3,VID_3.mp4,3,195,13,custom_dataset\processed\VID_3\003\frame_0013.jpg
VID_3,VID_3.mp4,3,210,14,custom_dataset\processed\VID_3\003\frame_0014.jpg
VID_3,VID_3.mp4,3,225,15,custom_dataset\processed\VID_3\003\frame_0015.jpg
VID_3,VID_3.mp4,3,240,16,custom_dataset\processed\VID_3\003\frame_0016.jpg
VID_3,VID_3.mp4,3,255,17,custom_dataset\processed\VID_3\003\frame_0017.jpg
VID_3,VID_3.mp4,3,270,18,custom_dataset\processed\VID_3\003\frame_0018.jpg
VID_3,VID_3.mp4,3,285,19,custom_dataset\processed\VID_3\003\frame_0019.jpg
VID_3,VID_3.mp4,3,300,20,custom_dataset\processed\VID_3\003\frame_0020.jpg
VID_3,VID_3.mp4,3,315,21,custom_dataset\processed\VID_3\003\frame_0021.jpg
VID_3,VID_3.mp4,3,330,22,custom_dataset\processed\VID_3\003\frame_0022.jpg
VID_3,VID_3.mp4,3,345,23,custom_dataset\processed\VID_3\003\frame_0023.jpg
VID_3,VID_3.mp4,3,360,24,custom_dataset\processed\VID_3\003\frame_0024.jpg
VID_3,VID_3.mp4,3,375,25,custom_dataset\processed\VID_3\003\frame_0025.jpg
VID_3,VID_3.mp4,3,390,26,custom_dataset\processed\VID_3\003\frame_0026.jpg
VID_3,VID_3.mp4,3,405,27,custom_dataset\processed\VID_3\003\frame_0027.jpg
VID_3,VID_3.mp4,3,420,28,custom_dataset\processed\VID_3\003\frame_0028.jpg
VID_3,VID_3.mp4,3,435,29,custom_dataset\processed\VID_3\003\frame_0029.jpg
VID_3,VID_3.mp4,3,450,30,custom_dataset\processed\VID_3\003\frame_0030.jpg
VID_3,VID_3.mp4,3,465,31,custom_dataset\processed\VID_3\003\frame_0031.jpg
VID_3,VID_3.mp4,3,480,32,custom_dataset\processed\VID_3\003\frame_0032.jpg
VID_3,VID_3.mp4,3,495,33,custom_dataset\processed\VID_3\003\frame_0033.jpg
VID_3,VID_3.mp4,3,510,34,custom_dataset\processed\VID_3\003\frame_0034.jpg
VID_3,VID_3.mp4,3,525,35,custom_dataset\processed\VID_3\003\frame_0035.jpg
VID_3,VID_3.mp4,3,540,36,custom_dataset\processed\VID_3\003\frame_0036.jpg
VID_3,VID_3.mp4,3,555,37,custom_dataset\processed\VID_3\003\frame_0037.jpg
VID_3,VID_3.mp4,3,570,38,custom_dataset\processed\VID_3\003\frame_0038.jpg
VID_3,VID_3.mp4,3,585,39,custom_dataset\processed\VID_3\003\frame_0039.jpg
VID_3,VID_3.mp4,3,600,40,custom_dataset\processed\VID_3\003\frame_0040.jpg
VID_3,VID_3.mp4,3,615,41,custom_dataset\processed\VID_3\003\frame_0041.jpg
VID_3,VID_3.mp4,3,630,42,custom_dataset\processed\VID_3\003\frame_0042.jpg
VID_3,VID_3.mp4,3,645,43,custom_dataset\processed\VID_3\003\frame_0043.jpg
VID_3,VID_3.mp4,4,0,0,custom_dataset\processed\VID_3\004\frame_0000.jpg
VID_3,VID_3.mp4,4,15,1,custom_dataset\processed\VID_3\004\frame_0001.jpg
VID_3,VID_3.mp4,4,30,2,custom_dataset\processed\VID_3\004\frame_0002.jpg
VID_3,VID_3.mp4,4,45,3,custom_dataset\processed\VID_3\004\frame_0003.jpg
VID_3,VID_3.mp4,4,60,4,custom_dataset\processed\VID_3\004\frame_0004.jpg
VID_3,VID_3.mp4,4,75,5,custom_dataset\processed\VID_3\004\frame_0005.jpg
VID_3,VID_3.mp4,4,90,6,custom_dataset\processed\VID_3\004\frame_0006.jpg
VID_3,VID_3.mp4,4,105,7,custom_dataset\processed\VID_3\004\frame_0007.jpg
VID_3,VID_3.mp4,4,120,8,custom_dataset\processed\VID_3\004\frame_0008.jpg
VID_3,VID_3.mp4,4,135,9,custom_dataset\processed\VID_3\004\frame_0009.jpg
VID_3,VID_3.mp4,4,150,10,custom_dataset\processed\VID_3\004\frame_0010.jpg
VID_3,VID_3.mp4,4,165,11,custom_dataset\processed\VID_3\004\frame_0011.jpg
VID_3,VID_3.mp4,4,180,12,custom_dataset\processed\VID_3\004\frame_0012.jpg
VID_3,VID_3.mp4,4,195,13,custom_dataset\processed\VID_3\004\frame_0013.jpg
VID_3,VID_3.mp4,4,210,14,custom_dataset\processed\VID_3\004\frame_0014.jpg
VID_3,VID_3.mp4,4,225,15,custom_dataset\processed\VID_3\004\frame_0015.jpg
VID_3,VID_3.mp4,4,240,16,custom_dataset\processed\VID_3\004\frame_0016.jpg
VID_3,VID_3.mp4,4,255,17,custom_dataset\processed\VID_3\004\frame_0017.jpg
VID_3,VID_3.mp4,4,270,18,custom_dataset\processed\VID_3\004\frame_0018.jpg
VID_3,VID_3.mp4,4,285,19,custom_dataset\processed\VID_3\004\frame_0019.jpg
VID_3,VID_3.mp4,4,300,20,custom_dataset\processed\VID_3\004\frame_0020.jpg
VID_3,VID_3.mp4,4,315,21,custom_dataset\processed\VID_3\004\frame_0021.jpg
VID_3,VID_3.mp4,4,330,22,custom_dataset\processed\VID_3\004\frame_0022.jpg
VID_3,VID_3.mp4,4,345,23,custom_dataset\processed\VID_3\004\frame_0023.jpg
VID_3,VID_3.mp4,4,360,24,custom_dataset\processed\VID_3\004\frame_0024.jpg
VID_3,VID_3.mp4,4,375,25,custom_dataset\processed\VID_3\004\frame_0025.jpg
VID_3,VID_3.mp4,4,390,26,custom_dataset\processed\VID_3\004\frame_0026.jpg
VID_3,VID_3.mp4,4,405,27,custom_dataset\processed\VID_3\004\frame_0027.jpg
VID_3,VID_3.mp4,4,420,28,custom_dataset\processed\VID_3\004\frame_0028.jpg
VID_3,VID_3.mp4,5,0,0,custom_dataset\processed\VID_3\005\frame_0000.jpg
VID_3,VID_3.mp4,5,15,1,custom_dataset\processed\VID_3\005\frame_0001.jpg
VID_3,VID_3.mp4,5,30,2,custom_dataset\processed\VID_3\005\frame_0002.jpg
VID_3,VID_3.mp4,5,45,3,custom_dataset\processed\VID_3\005\frame_0003.jpg
VID_3,VID_3.mp4,5,60,4,custom_dataset\processed\VID_3\005\frame_0004.jpg
VID_3,VID_3.mp4,5,75,5,custom_dataset\processed\VID_3\005\frame_0005.jpg
VID_3,VID_3.mp4,5,90,6,custom_dataset\processed\VID_3\005\frame_0006.jpg
VID_3,VID_3.mp4,5,105,7,custom_dataset\processed\VID_3\005\frame_0007.jpg
VID_3,VID_3.mp4,5,120,8,custom_dataset\processed\VID_3\005\frame_0008.jpg
VID_3,VID_3.mp4,5,135,9,custom_dataset\processed\VID_3\005\frame_0009.jpg
VID_3,VID_3.mp4,5,150,10,custom_dataset\processed\VID_3\005\frame_0010.jpg
VID_3,VID_3.mp4,5,165,11,custom_dataset\processed\VID_3\005\frame_0011.jpg
VID_3,VID_3.mp4,5,180,12,custom_dataset\processed\VID_3\005\frame_0012.jpg
VID_3,VID_3.mp4,5,195,13,custom_dataset\processed\VID_3\005\frame_0013.jpg
VID_3,VID_3.mp4,5,210,14,custom_dataset\processed\VID_3\005\frame_0014.jpg
VID_3,VID_3.mp4,5,225,15,custom_dataset\processed\VID_3\005\frame_0015.jpg
VID_3,VID_3.mp4,5,240,16,custom_dataset\processed\VID_3\005\frame_0016.jpg
VID_3,VID_3.mp4,5,255,17,custom_dataset\processed\VID_3\005\frame_0017.jpg
VID_3,VID_3.mp4,5,270,18,custom_dataset\processed\VID_3\005\frame_0018.jpg
VID_3,VID_3.mp4,5,285,19,custom_dataset\processed\VID_3\005\frame_0019.jpg
VID_3,VID_3.mp4,5,300,20,custom_dataset\processed\VID_3\005\frame_0020.jpg
VID_3,VID_3.mp4,5,315,21,custom_dataset\processed\VID_3\005\frame_0021.jpg
VID_3,VID_3.mp4,5,330,22,custom_dataset\processed\VID_3\005\frame_0022.jpg
VID_3,VID_3.mp4,5,360,24,custom_dataset\processed\VID_3\005\frame_0024.jpg
VID_3,VID_3.mp4,5,375,25,custom_dataset\processed\VID_3\005\frame_0025.jpg
VID_3,VID_3.mp4,5,390,26,custom_dataset\processed\VID_3\005\frame_0026.jpg
VID_3,VID_3.mp4,5,405,27,custom_dataset\processed\VID_3\005\frame_0027.jpg
VID_3,VID_3.mp4,5,420,28,custom_dataset\processed\VID_3\005\frame_0028.jpg
VID_3,VID_3.mp4,5,435,29,custom_dataset\processed\VID_3\005\frame_0029.jpg
VID_3,VID_3.mp4,5,450,30,custom_dataset\processed\VID_3\005\frame_0030.jpg
VID_3,VID_3.mp4,5,465,31,custom_dataset\processed\VID_3\005\frame_0031.jpg
VID_3,VID_3.mp4,5,480,32,custom_dataset\processed\VID_3\005\frame_0032.jpg
VID_3,VID_3.mp4,5,495,33,custom_dataset\processed\VID_3\005\frame_0033.jpg
VID_3,VID_3.mp4,5,510,34,custom_dataset\processed\VID_3\005\frame_0034.jpg
VID_3,VID_3.mp4,5,525,35,custom_dataset\processed\VID_3\005\frame_0035.jpg
VID_3,VID_3.mp4,5,540,36,custom_dataset\processed\VID_3\005\frame_0036.jpg
VID_3,VID_3.mp4,5,555,37,custom_dataset\processed\VID_3\005\frame_0037.jpg
VID_3,VID_3.mp4,5,570,38,custom_dataset\processed\VID_3\005\frame_0038.jpg
VID_3,VID_3.mp4,5,585,39,custom_dataset\processed\VID_3\005\frame_0039.jpg
VID_3,VID_3.mp4,5,600,40,custom_dataset\processed\VID_3\005\frame_0040.jpg
VID_3,VID_3.mp4,5,615,41,custom_dataset\processed\VID_3\005\frame_0041.jpg
VID_3,VID_3.mp4,5,630,42,custom_dataset\processed\VID_3\005\frame_0042.jpg
VID_3,VID_3.mp4,5,645,43,custom_dataset\processed\VID_3\005\frame_0043.jpg
VID_3,VID_3.mp4,6,0,0,custom_dataset\processed\VID_3\006\frame_0000.jpg
VID_3,VID_3.mp4,6,15,1,custom_dataset\processed\VID_3\006\frame_0001.jpg
VID_3,VID_3.mp4,6,30,2,custom_dataset\processed\VID_3\006\frame_0002.jpg
VID_3,VID_3.mp4,6,45,3,custom_dataset\processed\VID_3\006\frame_0003.jpg
VID_3,VID_3.mp4,6,60,4,custom_dataset\processed\VID_3\006\frame_0004.jpg
VID_3,VID_3.mp4,6,75,5,custom_dataset\processed\VID_3\006\frame_0005.jpg
VID_3,VID_3.mp4,6,90,6,custom_dataset\processed\VID_3\006\frame_0006.jpg
VID_3,VID_3.mp4,6,105,7,custom_dataset\processed\VID_3\006\frame_0007.jpg
VID_3,VID_3.mp4,6,120,8,custom_dataset\processed\VID_3\006\frame_0008.jpg
VID_3,VID_3.mp4,6,135,9,custom_dataset\processed\VID_3\006\frame_0009.jpg
VID_3,VID_3.mp4,6,150,10,custom_dataset\processed\VID_3\006\frame_0010.jpg
VID_3,VID_3.mp4,6,165,11,custom_dataset\processed\VID_3\006\frame_0011.jpg
VID_3,VID_3.mp4,6,180,12,custom_dataset\processed\VID_3\006\frame_0012.jpg
VID_3,VID_3.mp4,6,195,13,custom_dataset\processed\VID_3\006\frame_0013.jpg
VID_3,VID_3.mp4,6,210,14,custom_dataset\processed\VID_3\006\frame_0014.jpg
VID_3,VID_3.mp4,6,225,15,custom_dataset\processed\VID_3\006\frame_0015.jpg
VID_3,VID_3.mp4,6,240,16,custom_dataset\processed\VID_3\006\frame_0016.jpg
VID_3,VID_3.mp4,6,255,17,custom_dataset\processed\VID_3\006\frame_0017.jpg
VID_3,VID_3.mp4,6,270,18,custom_dataset\processed\VID_3\006\frame_0018.jpg
VID_3,VID_3.mp4,6,285,19,custom_dataset\processed\VID_3\006\frame_0019.jpg
VID_3,VID_3.mp4,6,300,20,custom_dataset\processed\VID_3\006\frame_0020.jpg
VID_3,VID_3.mp4,6,315,21,custom_dataset\processed\VID_3\006\frame_0021.jpg
VID_3,VID_3.mp4,6,330,22,custom_dataset\processed\VID_3\006\frame_0022.jpg
VID_3,VID_3.mp4,6,345,23,custom_dataset\processed\VID_3\006\frame_0023.jpg
VID_3,VID_3.mp4,6,360,24,custom_dataset\processed\VID_3\006\frame_0024.jpg
VID_3,VID_3.mp4,6,375,25,custom_dataset\processed\VID_3\006\frame_0025.jpg
VID_3,VID_3.mp4,6,390,26,custom_dataset\processed\VID_3\006\frame_0026.jpg
VID_3,VID_3.mp4,6,405,27,custom_dataset\processed\VID_3\006\frame_0027.jpg
VID_3,VID_3.mp4,6,420,28,custom_dataset\processed\VID_3\006\frame_0028.jpg
VID_3,VID_3.mp4,6,435,29,custom_dataset\processed\VID_3\006\frame_0029.jpg
VID_3,VID_3.mp4,6,450,30,custom_dataset\processed\VID_3\006\frame_0030.jpg
VID_3,VID_3.mp4,6,465,31,custom_dataset\processed\VID_3\006\frame_0031.jpg
VID_3,VID_3.mp4,6,480,32,custom_dataset\processed\VID_3\006\frame_0032.jpg
VID_3,VID_3.mp4,6,495,33,custom_dataset\processed\VID_3\006\frame_0033.jpg
VID_3,VID_3.mp4,6,510,34,custom_dataset\processed\VID_3\006\frame_0034.jpg
VID_3,VID_3.mp4,6,525,35,custom_dataset\processed\VID_3\006\frame_0035.jpg
VID_3,VID_3.mp4,6,540,36,custom_dataset\processed\VID_3\006\frame_0036.jpg
VID_3,VID_3.mp4,6,555,37,custom_dataset\processed\VID_3\006\frame_0037.jpg
VID_3,VID_3.mp4,6,570,38,custom_dataset\processed\VID_3\006\frame_0038.jpg
VID_3,VID_3.mp4,6,585,39,custom_dataset\processed\VID_3\006\frame_0039.jpg
VID_3,VID_3.mp4,6,600,40,custom_dataset\processed\VID_3\006\frame_0040.jpg
VID_3,VID_3.mp4,6,615,41,custom_dataset\processed\VID_3\006\frame_0041.jpg
VID_3,VID_3.mp4,6,630,42,custom_dataset\processed\VID_3\006\frame_0042.jpg
VID_3,VID_3.mp4,6,645,43,custom_dataset\processed\VID_3\006\frame_0043.jpg
VID_3,VID_3.mp4,7,0,0,custom_dataset\processed\VID_3\007\frame_0000.jpg
VID_3,VID_3.mp4,7,15,1,custom_dataset\processed\VID_3\007\frame_0001.jpg
VID_3,VID_3.mp4,7,30,2,custom_dataset\processed\VID_3\007\frame_0002.jpg
VID_3,VID_3.mp4,7,45,3,custom_dataset\processed\VID_3\007\frame_0003.jpg
VID_3,VID_3.mp4,7,60,4,custom_dataset\processed\VID_3\007\frame_0004.jpg
VID_3,VID_3.mp4,7,105,7,custom_dataset\processed\VID_3\007\frame_0007.jpg
VID_3,VID_3.mp4,7,120,8,custom_dataset\processed\VID_3\007\frame_0008.jpg
VID_3,VID_3.mp4,7,135,9,custom_dataset\processed\VID_3\007\frame_0009.jpg
VID_3,VID_3.mp4,7,150,10,custom_dataset\processed\VID_3\007\frame_0010.jpg
VID_3,VID_3.mp4,7,165,11,custom_dataset\processed\VID_3\007\frame_0011.jpg
VID_3,VID_3.mp4,7,180,12,custom_dataset\processed\VID_3\007\frame_0012.jpg
VID_3,VID_3.mp4,7,195,13,custom_dataset\processed\VID_3\007\frame_0013.jpg
VID_3,VID_3.mp4,7,210,14,custom_dataset\processed\VID_3\007\frame_0014.jpg
VID_3,VID_3.mp4,7,225,15,custom_dataset\processed\VID_3\007\frame_0015.jpg
VID_3,VID_3.mp4,7,240,16,custom_dataset\processed\VID_3\007\frame_0016.jpg
VID_3,VID_3.mp4,7,255,17,custom_dataset\processed\VID_3\007\frame_0017.jpg
VID_3,VID_3.mp4,7,270,18,custom_dataset\processed\VID_3\007\frame_0018.jpg
VID_3,VID_3.mp4,7,285,19,custom_dataset\processed\VID_3\007\frame_0019.jpg
VID_3,VID_3.mp4,7,300,20,custom_dataset\processed\VID_3\007\frame_0020.jpg
VID_3,VID_3.mp4,7,315,21,custom_dataset\processed\VID_3\007\frame_0021.jpg
VID_3,VID_3.mp4,7,330,22,custom_dataset\processed\VID_3\007\frame_0022.jpg
VID_3,VID_3.mp4,7,345,23,custom_dataset\processed\VID_3\007\frame_0023.jpg
VID_3,VID_3.mp4,7,360,24,custom_dataset\processed\VID_3\007\frame_0024.jpg
VID_3,VID_3.mp4,7,375,25,custom_dataset\processed\VID_3\007\frame_0025.jpg
VID_3,VID_3.mp4,7,390,26,custom_dataset\processed\VID_3\007\frame_0026.jpg
VID_3,VID_3.mp4,7,405,27,custom_dataset\processed\VID_3\007\frame_0027.jpg
VID_3,VID_3.mp4,7,420,28,custom_dataset\processed\VID_3\007\frame_0028.jpg
VID_3,VID_3.mp4,7,435,29,custom_dataset\processed\VID_3\007\frame_0029.jpg
VID_3,VID_3.mp4,7,450,30,custom_dataset\processed\VID_3\007\frame_0030.jpg
VID_3,VID_3.mp4,7,465,31,custom_dataset\processed\VID_3\007\frame_0031.jpg
VID_3,VID_3.mp4,7,480,32,custom_dataset\processed\VID_3\007\frame_0032.jpg
VID_3,VID_3.mp4,7,495,33,custom_dataset\processed\VID_3\007\frame_0033.jpg
VID_3,VID_3.mp4,7,510,34,custom_dataset\processed\VID_3\007\frame_0034.jpg
VID_3,VID_3.mp4,7,525,35,custom_dataset\processed\VID_3\007\frame_0035.jpg
VID_3,VID_3.mp4,7,540,36,custom_dataset\processed\VID_3\007\frame_0036.jpg
VID_3,VID_3.mp4,7,555,37,custom_dataset\processed\VID_3\007\frame_0037.jpg
VID_3,VID_3.mp4,7,570,38,custom_dataset\processed\VID_3\007\frame_0038.jpg
VID_3,VID_3.mp4,7,585,39,custom_dataset\processed\VID_3\007\frame_0039.jpg
VID_3,VID_3.mp4,7,600,40,custom_dataset\processed\VID_3\007\frame_0040.jpg
VID_3,VID_3.mp4,7,615,41,custom_dataset\processed\VID_3\007\frame_0041.jpg
VID_3,VID_3.mp4,7,630,42,custom_dataset\processed\VID_3\007\frame_0042.jpg
VID_3,VID_3.mp4,7,645,43,custom_dataset\processed\VID_3\007\frame_0043.jpg
VID_3,VID_3.mp4,10,60,4,custom_dataset\processed\VID_3\010\frame_0004.jpg
VID_3,VID_3.mp4,10,75,5,custom_dataset\processed\VID_3\010\frame_0005.jpg
VID_3,VID_3.mp4,10,90,6,custom_dataset\processed\VID_3\010\frame_0006.jpg
VID_3,VID_3.mp4,10,105,7,custom_dataset\processed\VID_3\010\frame_0007.jpg
VID_3,VID_3.mp4,10,120,8,custom_dataset\processed\VID_3\010\frame_0008.jpg
VID_3,VID_3.mp4,10,135,9,custom_dataset\processed\VID_3\010\frame_0009.jpg
VID_3,VID_3.mp4,10,150,10,custom_dataset\processed\VID_3\010\frame_0010.jpg
VID_3,VID_3.mp4,10,165,11,custom_dataset\processed\VID_3\010\frame_0011.jpg
VID_3,VID_3.mp4,10,180,12,custom_dataset\processed\VID_3\010\frame_0012.jpg
VID_3,VID_3.mp4,10,195,13,custom_dataset\processed\VID_3\010\frame_0013.jpg
VID_3,VID_3.mp4,10,210,14,custom_dataset\processed\VID_3\010\frame_0014.jpg
VID_3,VID_3.mp4,10,225,15,custom_dataset\processed\VID_3\010\frame_0015.jpg
VID_3,VID_3.mp4,10,240,16,custom_dataset\processed\VID_3\010\frame_0016.jpg
VID_3,VID_3.mp4,10,255,17,custom_dataset\processed\VID_3\010\frame_0017.jpg
VID_3,VID_3.mp4,10,270,18,custom_dataset\processed\VID_3\010\frame_0018.jpg
VID_3,VID_3.mp4,10,285,19,custom_dataset\processed\VID_3\010\frame_0019.jpg
VID_3,VID_3.mp4,10,300,20,custom_dataset\processed\VID_3\010\frame_0020.jpg
VID_3,VID_3.mp4,10,315,21,custom_dataset\processed\VID_3\010\frame_0021.jpg
VID_3,VID_3.mp4,10,330,22,custom_dataset\processed\VID_3\010\frame_0022.jpg
VID_3,VID_3.mp4,10,345,23,custom_dataset\processed\VID_3\010\frame_0023.jpg
VID_3,VID_3.mp4,10,360,24,custom_dataset\processed\VID_3\010\frame_0024.jpg
VID_3,VID_3.mp4,10,375,25,custom_dataset\processed\VID_3\010\frame_0025.jpg
VID_3,VID_3.mp4,10,390,26,custom_dataset\processed\VID_3\010\frame_0026.jpg
VID_3,VID_3.mp4,10,405,27,custom_dataset\processed\VID_3\010\frame_0027.jpg
VID_3,VID_3.mp4,10,420,28,custom_dataset\processed\VID_3\010\frame_0028.jpg
VID_3,VID_3.mp4,10,435,29,custom_dataset\processed\VID_3\010\frame_0029.jpg
VID_3,VID_3.mp4,10,450,30,custom_dataset\processed\VID_3\010\frame_0030.jpg
VID_3,VID_3.mp4,10,465,31,custom_dataset\processed\VID_3\010\frame_0031.jpg
VID_3,VID_3.mp4,10,480,32,custom_dataset\processed\VID_3\010\frame_0032.jpg
VID_3,VID_3.mp4,12,75,5,custom_dataset\processed\VID_3\012\frame_0005.jpg
VID_3,VID_3.mp4,12,90,6,custom_dataset\processed\VID_3\012\frame_0006.jpg
VID_3,VID_3.mp4,12,135,9,custom_dataset\processed\VID_3\012\frame_0009.jpg
VID_3,VID_3.mp4,12,150,10,custom_dataset\processed\VID_3\012\frame_0010.jpg
VID_3,VID_3.mp4,12,165,11,custom_dataset\processed\VID_3\012\frame_0011.jpg
VID_3,VID_3.mp4,12,180,12,custom_dataset\processed\VID_3\012\frame_0012.jpg
VID_3,VID_3.mp4,12,195,13,custom_dataset\processed\VID_3\012\frame_0013.jpg
VID_3,VID_3.mp4,12,210,14,custom_dataset\processed\VID_3\012\frame_0014.jpg
VID_3,VID_3.mp4,12,225,15,custom_dataset\processed\VID_3\012\frame_0015.jpg
VID_3,VID_3.mp4,12,240,16,custom_dataset\processed\VID_3\012\frame_0016.jpg
VID_3,VID_3.mp4,12,270,18,custom_dataset\processed\VID_3\012\frame_0018.jpg
VID_3,VID_3.mp4,12,285,19,custom_dataset\processed\VID_3\012\frame_0019.jpg
VID_3,VID_3.mp4,12,315,21,custom_dataset\processed\VID_3\012\frame_0021.jpg
VID_3,VID_3.mp4,12,330,22,custom_dataset\processed\VID_3\012\frame_0022.jpg
VID_3,VID_3.mp4,12,345,23,custom_dataset\processed\VID_3\012\frame_0023.jpg
VID_3,VID_3.mp4,12,360,24,custom_dataset\processed\VID_3\012\frame_0024.jpg
VID_3,VID_3.mp4,12,375,25,custom_dataset\processed\VID_3\012\frame_0025.jpg
VID_3,VID_3.mp4,12,390,26,custom_dataset\processed\VID_3\012\frame_0026.jpg
VID_3,VID_3.mp4,12,420,28,custom_dataset\processed\VID_3\012\frame_0028.jpg
VID_3,VID_3.mp4,12,465,31,custom_dataset\processed\VID_3\012\frame_0031.jpg
VID_3,VID_3.mp4,12,480,32,custom_dataset\processed\VID_3\012\frame_0032.jpg
VID_3,VID_3.mp4,12,510,34,custom_dataset\processed\VID_3\012\frame_0034.jpg
VID_3,VID_3.mp4,12,540,36,custom_dataset\processed\VID_3\012\frame_0036.jpg
VID_3,VID_3.mp4,12,570,38,custom_dataset\processed\VID_3\012\frame_0038.jpg
VID_3,VID_3.mp4,12,585,39,custom_dataset\processed\VID_3\012\frame_0039.jpg
VID_3,VID_3.mp4,16,150,10,custom_dataset\processed\VID_3\016\frame_0010.jpg
VID_3,VID_3.mp4,16,165,11,custom_dataset\processed\VID_3\016\frame_0011.jpg
VID_3,VID_3.mp4,16,180,12,custom_dataset\processed\VID_3\016\frame_0012.jpg
VID_3,VID_3.mp4,16,210,14,custom_dataset\processed\VID_3\016\frame_0014.jpg
VID_3,VID_3.mp4,16,225,15,custom_dataset\processed\VID_3\016\frame_0015.jpg
VID_3,VID_3.mp4,16,240,16,custom_dataset\processed\VID_3\016\frame_0016.jpg
VID_3,VID_3.mp4,16,255,17,custom_dataset\processed\VID_3\016\frame_0017.jpg
VID_3,VID_3.mp4,16,270,18,custom_dataset\processed\VID_3\016\frame_0018.jpg
VID_3,VID_3.mp4,16,285,19,custom_dataset\processed\VID_3\016\frame_0019.jpg
VID_3,VID_3.mp4,16,300,20,custom_dataset\processed\VID_3\016\frame_0020.jpg
VID_3,VID_3.mp4,16,315,21,custom_dataset\processed\VID_3\016\frame_0021.jpg
VID_3,VID_3.mp4,16,330,22,custom_dataset\processed\VID_3\016\frame_0022.jpg
VID_3,VID_3.mp4,16,345,23,custom_dataset\processed\VID_3\016\frame_0023.jpg
VID_3,VID_3.mp4,16,360,24,custom_dataset\processed\VID_3\016\frame_0024.jpg
VID_3,VID_3.mp4,16,375,25,custom_dataset\processed\VID_3\016\frame_0025.jpg
VID_3,VID_3.mp4,16,390,26,custom_dataset\processed\VID_3\016\frame_0026.jpg
VID_3,VID_3.mp4,16,405,27,custom_dataset\processed\VID_3\016\frame_0027.jpg
VID_3,VID_3.mp4,16,420,28,custom_dataset\processed\VID_3\016\frame_0028.jpg
VID_3,VID_3.mp4,16,435,29,custom_dataset\processed\VID_3\016\frame_0029.jpg
VID_3,VID_3.mp4,16,450,30,custom_dataset\processed\VID_3\016\frame_0030.jpg
VID_3,VID_3.mp4,16,465,31,custom_dataset\processed\VID_3\016\frame_0031.jpg
VID_3,VID_3.mp4,16,480,32,custom_dataset\processed\VID_3\016\frame_0032.jpg
VID_3,VID_3.mp4,16,495,33,custom_dataset\processed\VID_3\016\frame_0033.jpg
VID_3,VID_3.mp4,16,510,34,custom_dataset\processed\VID_3\016\frame_0034.jpg
VID_3,VID_3.mp4,16,525,35,custom_dataset\processed\VID_3\016\frame_0035.jpg
VID_3,VID_3.mp4,16,540,36,custom_dataset\processed\VID_3\016\frame_0036.jpg
VID_3,VID_3.mp4,16,555,37,custom_dataset\processed\VID_3\016\frame_0037.jpg
VID_3,VID_3.mp4,16,570,38,custom_dataset\processed\VID_3\016\frame_0038.jpg
VID_3,VID_3.mp4,16,585,39,custom_dataset\processed\VID_3\016\frame_0039.jpg
VID_3,VID_3.mp4,16,600,40,custom_dataset\processed\VID_3\016\frame_0040.jpg
VID_3,VID_3.mp4,16,615,41,custom_dataset\processed\VID_3\016\frame_0041.jpg
VID_3,VID_3.mp4,16,630,42,custom_dataset\processed\VID_3\016\frame_0042.jpg
VID_3,VID_3.mp4,16,645,43,custom_dataset\processed\VID_3\016\frame_0043.jpg
VID_3,VID_3.mp4,17,195,13,custom_dataset\processed\VID_3\017\frame_0013.jpg
VID_3,VID_3.mp4,17,210,14,custom_dataset\processed\VID_3\017\frame_0014.jpg
VID_3,VID_3.mp4,17,225,15,custom_dataset\processed\VID_3\017\frame_0015.jpg
VID_3,VID_3.mp4,17,240,16,custom_dataset\processed\VID_3\017\frame_0016.jpg
VID_3,VID_3.mp4,17,255,17,custom_dataset\processed\VID_3\017\frame_0017.jpg
VID_3,VID_3.mp4,17,270,18,custom_dataset\processed\VID_3\017\frame_0018.jpg
VID_3,VID_3.mp4,17,285,19,custom_dataset\processed\VID_3\017\frame_0019.jpg
VID_3,VID_3.mp4,17,300,20,custom_dataset\processed\VID_3\017\frame_0020.jpg
VID_3,VID_3.mp4,17,345,23,custom_dataset\processed\VID_3\017\frame_0023.jpg
VID_3,VID_3.mp4,17,390,26,custom_dataset\processed\VID_3\017\frame_0026.jpg
VID_3,VID_3.mp4,17,405,27,custom_dataset\processed\VID_3\017\frame_0027.jpg
VID_3,VID_3.mp4,17,420,28,custom_dataset\processed\VID_3\017\frame_0028.jpg
VID_3,VID_3.mp4,17,435,29,custom_dataset\processed\VID_3\017\frame_0029.jpg
VID_3,VID_3.mp4,17,450,30,custom_dataset\processed\VID_3\017\frame_0030.jpg
VID_3,VID_3.mp4,17,465,31,custom_dataset\processed\VID_3\017\frame_0031.jpg
VID_3,VID_3.mp4,17,480,32,custom_dataset\processed\VID_3\017\frame_0032.jpg
VID_3,VID_3.mp4,17,495,33,custom_dataset\processed\VID_3\017\frame_0033.jpg
VID_3,VID_3.mp4,17,510,34,custom_dataset\processed\VID_3\017\frame_0034.jpg
VID_3,VID_3.mp4,17,525,35,custom_dataset\processed\VID_3\017\frame_0035.jpg
VID_3,VID_3.mp4,17,540,36,custom_dataset\processed\VID_3\017\frame_0036.jpg
VID_3,VID_3.mp4,19,285,19,custom_dataset\processed\VID_3\019\frame_0019.jpg
VID_3,VID_3.mp4,19,300,20,custom_dataset\processed\VID_3\019\frame_0020.jpg
VID_3,VID_3.mp4,19,315,21,custom_dataset\processed\VID_3\019\frame_0021.jpg
VID_3,VID_3.mp4,19,375,25,custom_dataset\processed\VID_3\019\frame_0025.jpg
VID_3,VID_3.mp4,19,420,28,custom_dataset\processed\VID_3\019\frame_0028.jpg
VID_3,VID_3.mp4,19,435,29,custom_dataset\processed\VID_3\019\frame_0029.jpg
VID_3,VID_3.mp4,19,450,30,custom_dataset\processed\VID_3\019\frame_0030.jpg
VID_3,VID_3.mp4,19,465,31,custom_dataset\processed\VID_3\019\frame_0031.jpg
VID_3,VID_3.mp4,19,480,32,custom_dataset\processed\VID_3\019\frame_0032.jpg
VID_3,VID_3.mp4,19,495,33,custom_dataset\processed\VID_3\019\frame_0033.jpg
VID_3,VID_3.mp4,19,510,34,custom_dataset\processed\VID_3\019\frame_0034.jpg
VID_3,VID_3.mp4,19,525,35,custom_dataset\processed\VID_3\019\frame_0035.jpg
VID_3,VID_3.mp4,19,540,36,custom_dataset\processed\VID_3\019\frame_0036.jpg
VID_3,VID_3.mp4,19,570,38,custom_dataset\processed\VID_3\019\frame_0038.jpg
VID_3,VID_3.mp4,19,585,39,custom_dataset\processed\VID_3\019\frame_0039.jpg
VID_3,VID_3.mp4,19,600,40,custom_dataset\processed\VID_3\019\frame_0040.jpg
VID_3,VID_3.mp4,19,615,41,custom_dataset\processed\VID_3\019\frame_0041.jpg
VID_3,VID_3.mp4,19,645,43,custom_dataset\processed\VID_3\019\frame_0043.jpg
VID_3,VID_3.mp4,23,435,29,custom_dataset\processed\VID_3\023\frame_0029.jpg
VID_3,VID_3.mp4,23,465,31,custom_dataset\processed\VID_3\023\frame_0031.jpg
VID_3,VID_3.mp4,23,480,32,custom_dataset\processed\VID_3\023\frame_0032.jpg
VID_3,VID_3.mp4,23,495,33,custom_dataset\processed\VID_3\023\frame_0033.jpg
VID_3,VID_3.mp4,23,510,34,custom_dataset\processed\VID_3\023\frame_0034.jpg
VID_3,VID_3.mp4,23,525,35,custom_dataset\processed\VID_3\023\frame_0035.jpg
VID_3,VID_3.mp4,23,570,38,custom_dataset\processed\VID_3\023\frame_0038.jpg
VID_3,VID_3.mp4,23,585,39,custom_dataset\processed\VID_3\023\frame_0039.jpg
VID_3,VID_3.mp4,23,600,40,custom_dataset\processed\VID_3\023\frame_0040.jpg
VID_3,VID_3.mp4,23,645,43,custom_dataset\processed\VID_3\023\frame_0043.jpg
VID_4,VID_4.mp4,1,0,0,custom_dataset\processed\VID_4\001\frame_0000.jpg
VID_4,VID_4.mp4,1,15,1,custom_dataset\processed\VID_4\001\frame_0001.jpg
VID_4,VID_4.mp4,1,30,2,custom_dataset\processed\VID_4\001\frame_0002.jpg
VID_4,VID_4.mp4,1,45,3,custom_dataset\processed\VID_4\001\frame_0003.jpg
VID_4,VID_4.mp4,1,60,4,custom_dataset\processed\VID_4\001\frame_0004.jpg
VID_4,VID_4.mp4,1,75,5,custom_dataset\processed\VID_4\001\frame_0005.jpg
VID_4,VID_4.mp4,1,90,6,custom_dataset\processed\VID_4\001\frame_0006.jpg
VID_4,VID_4.mp4,1,105,7,custom_dataset\processed\VID_4\001\frame_0007.jpg
VID_4,VID_4.mp4,1,120,8,custom_dataset\processed\VID_4\001\frame_0008.jpg
VID_4,VID_4.mp4,1,135,9,custom_dataset\processed\VID_4\001\frame_0009.jpg
VID_4,VID_4.mp4,1,150,10,custom_dataset\processed\VID_4\001\frame_0010.jpg
VID_4,VID_4.mp4,1,165,11,custom_dataset\processed\VID_4\001\frame_0011.jpg
VID_4,VID_4.mp4,1,180,12,custom_dataset\processed\VID_4\001\frame_0012.jpg
VID_4,VID_4.mp4,1,195,13,custom_dataset\processed\VID_4\001\frame_0013.jpg
VID_4,VID_4.mp4,1,210,14,custom_dataset\processed\VID_4\001\frame_0014.jpg
VID_4,VID_4.mp4,1,225,15,custom_dataset\processed\VID_4\001\frame_0015.jpg
VID_4,VID_4.mp4,1,240,16,custom_dataset\processed\VID_4\001\frame_0016.jpg
VID_4,VID_4.mp4,1,255,17,custom_dataset\processed\VID_4\001\frame_0017.jpg
VID_4,VID_4.mp4,1,270,18,custom_dataset\processed\VID_4\001\frame_0018.jpg
VID_4,VID_4.mp4,1,285,19,custom_dataset\processed\VID_4\001\frame_0019.jpg
VID_4,VID_4.mp4,1,300,20,custom_dataset\processed\VID_4\001\frame_0020.jpg
VID_4,VID_4.mp4,1,315,21,custom_dataset\processed\VID_4\001\frame_0021.jpg
VID_4,VID_4.mp4,1,330,22,custom_dataset\processed\VID_4\001\frame_0022.jpg
VID_4,VID_4.mp4,1,345,23,custom_dataset\processed\VID_4\001\frame_0023.jpg
VID_4,VID_4.mp4,1,360,24,custom_dataset\processed\VID_4\001\frame_0024.jpg
VID_4,VID_4.mp4,1,375,25,custom_dataset\processed\VID_4\001\frame_0025.jpg
VID_4,VID_4.mp4,1,390,26,custom_dataset\processed\VID_4\001\frame_0026.jpg
VID_4,VID_4.mp4,1,405,27,custom_dataset\processed\VID_4\001\frame_0027.jpg
VID_4,VID_4.mp4,1,420,28,custom_dataset\processed\VID_4\001\frame_0028.jpg
VID_4,VID_4.mp4,1,435,29,custom_dataset\processed\VID_4\001\frame_0029.jpg
VID_4,VID_4.mp4,1,450,30,custom_dataset\processed\VID_4\001\frame_0030.jpg
VID_4,VID_4.mp4,1,465,31,custom_dataset\processed\VID_4\001\frame_0031.jpg
VID_4,VID_4.mp4,1,480,32,custom_dataset\processed\VID_4\001\frame_0032.jpg
VID_4,VID_4.mp4,1,495,33,custom_dataset\processed\VID_4\001\frame_0033.jpg
VID_4,VID_4.mp4,1,510,34,custom_dataset\processed\VID_4\001\frame_0034.jpg
VID_4,VID_4.mp4,1,525,35,custom_dataset\processed\VID_4\001\frame_0035.jpg
VID_4,VID_4.mp4,1,540,36,custom_dataset\processed\VID_4\001\frame_0036.jpg
VID_4,VID_4.mp4,1,555,37,custom_dataset\processed\VID_4\001\frame_0037.jpg
VID_4,VID_4.mp4,1,570,38,custom_dataset\processed\VID_4\001\frame_0038.jpg
VID_4,VID_4.mp4,1,585,39,custom_dataset\processed\VID_4\001\frame_0039.jpg
VID_4,VID_4.mp4,1,600,40,custom_dataset\processed\VID_4\001\frame_0040.jpg
VID_4,VID_4.mp4,1,615,41,custom_dataset\processed\VID_4\001\frame_0041.jpg
VID_4,VID_4.mp4,2,0,0,custom_dataset\processed\VID_4\002\frame_0000.jpg
VID_4,VID_4.mp4,2,15,1,custom_dataset\processed\VID_4\002\frame_0001.jpg
VID_4,VID_4.mp4,2,30,2,custom_dataset\processed\VID_4\002\frame_0002.jpg
VID_4,VID_4.mp4,2,45,3,custom_dataset\processed\VID_4\002\frame_0003.jpg
VID_4,VID_4.mp4,2,60,4,custom_dataset\processed\VID_4\002\frame_0004.jpg
VID_4,VID_4.mp4,2,75,5,custom_dataset\processed\VID_4\002\frame_0005.jpg
VID_4,VID_4.mp4,2,90,6,custom_dataset\processed\VID_4\002\frame_0006.jpg
VID_4,VID_4.mp4,2,105,7,custom_dataset\processed\VID_4\002\frame_0007.jpg
VID_4,VID_4.mp4,2,120,8,custom_dataset\processed\VID_4\002\frame_0008.jpg
VID_4,VID_4.mp4,2,135,9,custom_dataset\processed\VID_4\002\frame_0009.jpg
VID_4,VID_4.mp4,2,150,10,custom_dataset\processed\VID_4\002\frame_0010.jpg
VID_4,VID_4.mp4,2,165,11,custom_dataset\processed\VID_4\002\frame_0011.jpg
VID_4,VID_4.mp4,2,180,12,custom_dataset\processed\VID_4\002\frame_0012.jpg
VID_4,VID_4.mp4,2,195,13,custom_dataset\processed\VID_4\002\frame_0013.jpg
VID_4,VID_4.mp4,2,210,14,custom_dataset\processed\VID_4\002\frame_0014.jpg
VID_4,VID_4.mp4,2,225,15,custom_dataset\processed\VID_4\002\frame_0015.jpg
VID_4,VID_4.mp4,2,240,16,custom_dataset\processed\VID_4\002\frame_0016.jpg
VID_4,VID_4.mp4,2,255,17,custom_dataset\processed\VID_4\002\frame_0017.jpg
VID_4,VID_4.mp4,2,270,18,custom_dataset\processed\VID_4\002\frame_0018.jpg
VID_4,VID_4.mp4,2,285,19,custom_dataset\processed\VID_4\002\frame_0019.jpg
VID_4,VID_4.mp4,2,300,20,custom_dataset\processed\VID_4\002\frame_0020.jpg
VID_4,VID_4.mp4,2,315,21,custom_dataset\processed\VID_4\002\frame_0021.jpg
VID_4,VID_4.mp4,2,330,22,custom_dataset\processed\VID_4\002\frame_0022.jpg
VID_4,VID_4.mp4,2,345,23,custom_dataset\processed\VID_4\002\frame_0023.jpg
VID_4,VID_4.mp4,2,360,24,custom_dataset\processed\VID_4\002\frame_0024.jpg
VID_4,VID_4.mp4,2,375,25,custom_dataset\processed\VID_4\002\frame_0025.jpg
VID_4,VID_4.mp4,2,390,26,custom_dataset\processed\VID_4\002\frame_0026.jpg
VID_4,VID_4.mp4,2,405,27,custom_dataset\processed\VID_4\002\frame_0027.jpg
VID_4,VID_4.mp4,2,420,28,custom_dataset\processed\VID_4\002\frame_0028.jpg
VID_4,VID_4.mp4,2,435,29,custom_dataset\processed\VID_4\002\frame_0029.jpg
VID_4,VID_4.mp4,2,450,30,custom_dataset\processed\VID_4\002\frame_0030.jpg
VID_4,VID_4.mp4,2,465,31,custom_dataset\processed\VID_4\002\frame_0031.jpg
VID_4,VID_4.mp4,2,480,32,custom_dataset\processed\VID_4\002\frame_0032.jpg
VID_4,VID_4.mp4,2,495,33,custom_dataset\processed\VID_4\002\frame_0033.jpg
VID_4,VID_4.mp4,2,510,34,custom_dataset\processed\VID_4\002\frame_0034.jpg
VID_4,VID_4.mp4,2,525,35,custom_dataset\processed\VID_4\002\frame_0035.jpg
VID_4,VID_4.mp4,2,540,36,custom_dataset\processed\VID_4\002\frame_0036.jpg
VID_4,VID_4.mp4,2,555,37,custom_dataset\processed\VID_4\002\frame_0037.jpg
VID_4,VID_4.mp4,2,570,38,custom_dataset\processed\VID_4\002\frame_0038.jpg
VID_4,VID_4.mp4,2,585,39,custom_dataset\processed\VID_4\002\frame_0039.jpg
VID_4,VID_4.mp4,2,600,40,custom_dataset\processed\VID_4\002\frame_0040.jpg
VID_4,VID_4.mp4,2,615,41,custom_dataset\processed\VID_4\002\frame_0041.jpg
VID_4,VID_4.mp4,3,0,0,custom_dataset\processed\VID_4\003\frame_0000.jpg
VID_4,VID_4.mp4,3,15,1,custom_dataset\processed\VID_4\003\frame_0001.jpg
VID_4,VID_4.mp4,3,30,2,custom_dataset\processed\VID_4\003\frame_0002.jpg
VID_4,VID_4.mp4,3,45,3,custom_dataset\processed\VID_4\003\frame_0003.jpg
VID_4,VID_4.mp4,3,60,4,custom_dataset\processed\VID_4\003\frame_0004.jpg
VID_4,VID_4.mp4,3,75,5,custom_dataset\processed\VID_4\003\frame_0005.jpg
VID_4,VID_4.mp4,3,90,6,custom_dataset\processed\VID_4\003\frame_0006.jpg
VID_4,VID_4.mp4,3,105,7,custom_dataset\processed\VID_4\003\frame_0007.jpg
VID_4,VID_4.mp4,3,120,8,custom_dataset\processed\VID_4\003\frame_0008.jpg
VID_4,VID_4.mp4,3,135,9,custom_dataset\processed\VID_4\003\frame_0009.jpg
VID_4,VID_4.mp4,3,150,10,custom_dataset\processed\VID_4\003\frame_0010.jpg
VID_4,VID_4.mp4,3,165,11,custom_dataset\processed\VID_4\003\frame_0011.jpg
VID_4,VID_4.mp4,3,180,12,custom_dataset\processed\VID_4\003\frame_0012.jpg
VID_4,VID_4.mp4,3,195,13,custom_dataset\processed\VID_4\003\frame_0013.jpg
VID_4,VID_4.mp4,3,210,14,custom_dataset\processed\VID_4\003\frame_0014.jpg
VID_4,VID_4.mp4,3,225,15,custom_dataset\processed\VID_4\003\frame_0015.jpg
VID_4,VID_4.mp4,3,240,16,custom_dataset\processed\VID_4\003\frame_0016.jpg
VID_4,VID_4.mp4,3,255,17,custom_dataset\processed\VID_4\003\frame_0017.jpg
VID_4,VID_4.mp4,3,270,18,custom_dataset\processed\VID_4\003\frame_0018.jpg
VID_4,VID_4.mp4,3,285,19,custom_dataset\processed\VID_4\003\frame_0019.jpg
VID_4,VID_4.mp4,3,300,20,custom_dataset\processed\VID_4\003\frame_0020.jpg
VID_4,VID_4.mp4,3,315,21,custom_dataset\processed\VID_4\003\frame_0021.jpg
VID_4,VID_4.mp4,3,330,22,custom_dataset\processed\VID_4\003\frame_0022.jpg
VID_4,VID_4.mp4,3,345,23,custom_dataset\processed\VID_4\003\frame_0023.jpg
VID_4,VID_4.mp4,3,360,24,custom_dataset\processed\VID_4\003\frame_0024.jpg
VID_4,VID_4.mp4,3,375,25,custom_dataset\processed\VID_4\003\frame_0025.jpg
VID_4,VID_4.mp4,3,390,26,custom_dataset\processed\VID_4\003\frame_0026.jpg
VID_4,VID_4.mp4,3,405,27,custom_dataset\processed\VID_4\003\frame_0027.jpg
VID_4,VID_4.mp4,3,420,28,custom_dataset\processed\VID_4\003\frame_0028.jpg
VID_4,VID_4.mp4,3,435,29,custom_dataset\processed\VID_4\003\frame_0029.jpg
VID_4,VID_4.mp4,3,450,30,custom_dataset\processed\VID_4\003\frame_0030.jpg
VID_4,VID_4.mp4,3,465,31,custom_dataset\processed\VID_4\003\frame_0031.jpg
VID_4,VID_4.mp4,3,480,32,custom_dataset\processed\VID_4\003\frame_0032.jpg
VID_4,VID_4.mp4,3,495,33,custom_dataset\processed\VID_4\003\frame_0033.jpg
VID_4,VID_4.mp4,3,510,34,custom_dataset\processed\VID_4\003\frame_0034.jpg
VID_4,VID_4.mp4,3,525,35,custom_dataset\processed\VID_4\003\frame_0035.jpg
VID_4,VID_4.mp4,3,540,36,custom_dataset\processed\VID_4\003\frame_0036.jpg
VID_4,VID_4.mp4,3,555,37,custom_dataset\processed\VID_4\003\frame_0037.jpg
VID_4,VID_4.mp4,3,570,38,custom_dataset\processed\VID_4\003\frame_0038.jpg
VID_4,VID_4.mp4,3,585,39,custom_dataset\processed\VID_4\003\frame_0039.jpg
VID_4,VID_4.mp4,3,600,40,custom_dataset\processed\VID_4\003\frame_0040.jpg
VID_4,VID_4.mp4,3,615,41,custom_dataset\processed\VID_4\003\frame_0041.jpg
VID_4,VID_4.mp4,4,0,0,custom_dataset\processed\VID_4\004\frame_0000.jpg
VID_4,VID_4.mp4,4,15,1,custom_dataset\processed\VID_4\004\frame_0001.jpg
VID_4,VID_4.mp4,4,30,2,custom_dataset\processed\VID_4\004\frame_0002.jpg
VID_4,VID_4.mp4,4,45,3,custom_dataset\processed\VID_4\004\frame_0003.jpg
VID_4,VID_4.mp4,4,60,4,custom_dataset\processed\VID_4\004\frame_0004.jpg
VID_4,VID_4.mp4,4,75,5,custom_dataset\processed\VID_4\004\frame_0005.jpg
VID_4,VID_4.mp4,4,90,6,custom_dataset\processed\VID_4\004\frame_0006.jpg
VID_4,VID_4.mp4,4,105,7,custom_dataset\processed\VID_4\004\frame_0007.jpg
VID_4,VID_4.mp4,4,120,8,custom_dataset\processed\VID_4\004\frame_0008.jpg
VID_4,VID_4.mp4,4,135,9,custom_dataset\processed\VID_4\004\frame_0009.jpg
VID_4,VID_4.mp4,4,150,10,custom_dataset\processed\VID_4\004\frame_0010.jpg
VID_4,VID_4.mp4,4,165,11,custom_dataset\processed\VID_4\004\frame_0011.jpg
VID_4,VID_4.mp4,4,180,12,custom_dataset\processed\VID_4\004\frame_0012.jpg
VID_4,VID_4.mp4,4,195,13,custom_dataset\processed\VID_4\004\frame_0013.jpg
VID_4,VID_4.mp4,4,225,15,custom_dataset\processed\VID_4\004\frame_0015.jpg
VID_4,VID_4.mp4,4,270,18,custom_dataset\processed\VID_4\004\frame_0018.jpg
VID_4,VID_4.mp4,4,285,19,custom_dataset\processed\VID_4\004\frame_0019.jpg
VID_4,VID_4.mp4,4,300,20,custom_dataset\processed\VID_4\004\frame_0020.jpg
VID_4,VID_4.mp4,4,330,22,custom_dataset\processed\VID_4\004\frame_0022.jpg
VID_4,VID_4.mp4,4,375,25,custom_dataset\processed\VID_4\004\frame_0025.jpg
VID_4,VID_4.mp4,4,390,26,custom_dataset\processed\VID_4\004\frame_0026.jpg
VID_4,VID_4.mp4,4,405,27,custom_dataset\processed\VID_4\004\frame_0027.jpg
VID_4,VID_4.mp4,4,420,28,custom_dataset\processed\VID_4\004\frame_0028.jpg
VID_4,VID_4.mp4,4,435,29,custom_dataset\processed\VID_4\004\frame_0029.jpg
VID_4,VID_4.mp4,4,480,32,custom_dataset\processed\VID_4\004\frame_0032.jpg
VID_4,VID_4.mp4,5,0,0,custom_dataset\processed\VID_4\005\frame_0000.jpg
VID_4,VID_4.mp4,5,15,1,custom_dataset\processed\VID_4\005\frame_0001.jpg
VID_4,VID_4.mp4,5,30,2,custom_dataset\processed\VID_4\005\frame_0002.jpg
VID_4,VID_4.mp4,5,60,4,custom_dataset\processed\VID_4\005\frame_0004.jpg
VID_4,VID_4.mp4,5,75,5,custom_dataset\processed\VID_4\005\frame_0005.jpg
VID_4,VID_4.mp4,5,90,6,custom_dataset\processed\VID_4\005\frame_0006.jpg
VID_4,VID_4.mp4,5,105,7,custom_dataset\processed\VID_4\005\frame_0007.jpg
VID_4,VID_4.mp4,5,120,8,custom_dataset\processed\VID_4\005\frame_0008.jpg
VID_4,VID_4.mp4,5,135,9,custom_dataset\processed\VID_4\005\frame_0009.jpg
VID_4,VID_4.mp4,5,150,10,custom_dataset\processed\VID_4\005\frame_0010.jpg
VID_4,VID_4.mp4,5,165,11,custom_dataset\processed\VID_4\005\frame_0011.jpg
VID_4,VID_4.mp4,5,180,12,custom_dataset\processed\VID_4\005\frame_0012.jpg
VID_4,VID_4.mp4,5,195,13,custom_dataset\processed\VID_4\005\frame_0013.jpg
VID_4,VID_4.mp4,5,210,14,custom_dataset\processed\VID_4\005\frame_0014.jpg
VID_4,VID_4.mp4,5,225,15,custom_dataset\processed\VID_4\005\frame_0015.jpg
VID_4,VID_4.mp4,5,240,16,custom_dataset\processed\VID_4\005\frame_0016.jpg
VID_4,VID_4.mp4,5,255,17,custom_dataset\processed\VID_4\005\frame_0017.jpg
VID_4,VID_4.mp4,5,270,18,custom_dataset\processed\VID_4\005\frame_0018.jpg
VID_4,VID_4.mp4,5,285,19,custom_dataset\processed\VID_4\005\frame_0019.jpg
VID_4,VID_4.mp4,5,300,20,custom_dataset\processed\VID_4\005\frame_0020.jpg
VID_4,VID_4.mp4,5,315,21,custom_dataset\processed\VID_4\005\frame_0021.jpg
VID_4,VID_4.mp4,5,330,22,custom_dataset\processed\VID_4\005\frame_0022.jpg
VID_4,VID_4.mp4,5,345,23,custom_dataset\processed\VID_4\005\frame_0023.jpg
VID_4,VID_4.mp4,5,360,24,custom_dataset\processed\VID_4\005\frame_0024.jpg
VID_4,VID_4.mp4,5,375,25,custom_dataset\processed\VID_4\005\frame_0025.jpg
VID_4,VID_4.mp4,5,390,26,custom_dataset\processed\VID_4\005\frame_0026.jpg
VID_4,VID_4.mp4,5,405,27,custom_dataset\processed\VID_4\005\frame_0027.jpg
VID_4,VID_4.mp4,5,420,28,custom_dataset\processed\VID_4\005\frame_0028.jpg
VID_4,VID_4.mp4,5,435,29,custom_dataset\processed\VID_4\005\frame_0029.jpg
VID_4,VID_4.mp4,5,450,30,custom_dataset\processed\VID_4\005\frame_0030.jpg
VID_4,VID_4.mp4,5,465,31,custom_dataset\processed\VID_4\005\frame_0031.jpg
VID_4,VID_4.mp4,5,480,32,custom_dataset\processed\VID_4\005\frame_0032.jpg
VID_4,VID_4.mp4,5,495,33,custom_dataset\processed\VID_4\005\frame_0033.jpg
VID_4,VID_4.mp4,5,510,34,custom_dataset\processed\VID_4\005\frame_0034.jpg
VID_4,VID_4.mp4,5,525,35,custom_dataset\processed\VID_4\005\frame_0035.jpg
VID_4,VID_4.mp4,5,540,36,custom_dataset\processed\VID_4\005\frame_0036.jpg
VID_4,VID_4.mp4,5,555,37,custom_dataset\processed\VID_4\005\frame_0037.jpg
VID_4,VID_4.mp4,5,570,38,custom_dataset\processed\VID_4\005\frame_0038.jpg
VID_4,VID_4.mp4,5,585,39,custom_dataset\processed\VID_4\005\frame_0039.jpg
VID_4,VID_4.mp4,5,600,40,custom_dataset\processed\VID_4\005\frame_0040.jpg
VID_4,VID_4.mp4,5,615,41,custom_dataset\processed\VID_4\005\frame_0041.jpg
VID_4,VID_4.mp4,6,0,0,custom_dataset\processed\VID_4\006\frame_0000.jpg
VID_4,VID_4.mp4,6,15,1,custom_dataset\processed\VID_4\006\frame_0001.jpg
VID_4,VID_4.mp4,6,30,2,custom_dataset\processed\VID_4\006\frame_0002.jpg
VID_4,VID_4.mp4,6,45,3,custom_dataset\processed\VID_4\006\frame_0003.jpg
VID_4,VID_4.mp4,6,60,4,custom_dataset\processed\VID_4\006\frame_0004.jpg
VID_4,VID_4.mp4,6,75,5,custom_dataset\processed\VID_4\006\frame_0005.jpg
VID_4,VID_4.mp4,6,90,6,custom_dataset\processed\VID_4\006\frame_0006.jpg
VID_4,VID_4.mp4,6,105,7,custom_dataset\processed\VID_4\006\frame_0007.jpg
VID_4,VID_4.mp4,6,120,8,custom_dataset\processed\VID_4\006\frame_0008.jpg
VID_4,VID_4.mp4,6,135,9,custom_dataset\processed\VID_4\006\frame_0009.jpg
VID_4,VID_4.mp4,6,150,10,custom_dataset\processed\VID_4\006\frame_0010.jpg
VID_4,VID_4.mp4,6,165,11,custom_dataset\processed\VID_4\006\frame_0011.jpg
VID_4,VID_4.mp4,6,180,12,custom_dataset\processed\VID_4\006\frame_0012.jpg
VID_4,VID_4.mp4,6,195,13,custom_dataset\processed\VID_4\006\frame_0013.jpg
VID_4,VID_4.mp4,6,210,14,custom_dataset\processed\VID_4\006\frame_0014.jpg
VID_4,VID_4.mp4,6,225,15,custom_dataset\processed\VID_4\006\frame_0015.jpg
VID_4,VID_4.mp4,6,240,16,custom_dataset\processed\VID_4\006\frame_0016.jpg
VID_4,VID_4.mp4,6,255,17,custom_dataset\processed\VID_4\006\frame_0017.jpg
VID_4,VID_4.mp4,6,270,18,custom_dataset\processed\VID_4\006\frame_0018.jpg
VID_4,VID_4.mp4,6,285,19,custom_dataset\processed\VID_4\006\frame_0019.jpg
VID_4,VID_4.mp4,6,300,20,custom_dataset\processed\VID_4\006\frame_0020.jpg
VID_4,VID_4.mp4,6,315,21,custom_dataset\processed\VID_4\006\frame_0021.jpg
VID_4,VID_4.mp4,6,330,22,custom_dataset\processed\VID_4\006\frame_0022.jpg
VID_4,VID_4.mp4,6,345,23,custom_dataset\processed\VID_4\006\frame_0023.jpg
VID_4,VID_4.mp4,6,360,24,custom_dataset\processed\VID_4\006\frame_0024.jpg
VID_4,VID_4.mp4,6,375,25,custom_dataset\processed\VID_4\006\frame_0025.jpg
VID_4,VID_4.mp4,6,390,26,custom_dataset\processed\VID_4\006\frame_0026.jpg
VID_4,VID_4.mp4,6,405,27,custom_dataset\processed\VID_4\006\frame_0027.jpg
VID_4,VID_4.mp4,6,420,28,custom_dataset\processed\VID_4\006\frame_0028.jpg
VID_4,VID_4.mp4,6,435,29,custom_dataset\processed\VID_4\006\frame_0029.jpg
VID_4,VID_4.mp4,6,450,30,custom_dataset\processed\VID_4\006\frame_0030.jpg
VID_4,VID_4.mp4,6,465,31,custom_dataset\processed\VID_4\006\frame_0031.jpg
VID_4,VID_4.mp4,6,480,32,custom_dataset\processed\VID_4\006\frame_0032.jpg
VID_4,VID_4.mp4,6,495,33,custom_dataset\processed\VID_4\006\frame_0033.jpg
VID_4,VID_4.mp4,6,510,34,custom_dataset\processed\VID_4\006\frame_0034.jpg
VID_4,VID_4.mp4,6,525,35,custom_dataset\processed\VID_4\006\frame_0035.jpg
VID_4,VID_4.mp4,6,540,36,custom_dataset\processed\VID_4\006\frame_0036.jpg
VID_4,VID_4.mp4,6,555,37,custom_dataset\processed\VID_4\006\frame_0037.jpg
VID_4,VID_4.mp4,6,570,38,custom_dataset\processed\VID_4\006\frame_0038.jpg
VID_4,VID_4.mp4,6,585,39,custom_dataset\processed\VID_4\006\frame_0039.jpg
VID_4,VID_4.mp4,6,600,40,custom_dataset\processed\VID_4\006\frame_0040.jpg
VID_4,VID_4.mp4,6,615,41,custom_dataset\processed\VID_4\006\frame_0041.jpg
VID_4,VID_4.mp4,7,0,0,custom_dataset\processed\VID_4\007\frame_0000.jpg
VID_4,VID_4.mp4,7,15,1,custom_dataset\processed\VID_4\007\frame_0001.jpg
VID_4,VID_4.mp4,7,30,2,custom_dataset\processed\VID_4\007\frame_0002.jpg
VID_4,VID_4.mp4,7,45,3,custom_dataset\processed\VID_4\007\frame_0003.jpg
VID_4,VID_4.mp4,7,60,4,custom_dataset\processed\VID_4\007\frame_0004.jpg
VID_4,VID_4.mp4,7,75,5,custom_dataset\processed\VID_4\007\frame_0005.jpg
VID_4,VID_4.mp4,7,90,6,custom_dataset\processed\VID_4\007\frame_0006.jpg
VID_4,VID_4.mp4,7,105,7,custom_dataset\processed\VID_4\007\frame_0007.jpg
VID_4,VID_4.mp4,7,120,8,custom_dataset\processed\VID_4\007\frame_0008.jpg
VID_4,VID_4.mp4,7,135,9,custom_dataset\processed\VID_4\007\frame_0009.jpg
VID_4,VID_4.mp4,7,150,10,custom_dataset\processed\VID_4\007\frame_0010.jpg
VID_4,VID_4.mp4,7,165,11,custom_dataset\processed\VID_4\007\frame_0011.jpg
VID_4,VID_4.mp4,7,180,12,custom_dataset\processed\VID_4\007\frame_0012.jpg
VID_4,VID_4.mp4,7,195,13,custom_dataset\processed\VID_4\007\frame_0013.jpg
VID_4,VID_4.mp4,7,210,14,custom_dataset\processed\VID_4\007\frame_0014.jpg
VID_4,VID_4.mp4,7,225,15,custom_dataset\processed\VID_4\007\frame_0015.jpg
VID_4,VID_4.mp4,7,240,16,custom_dataset\processed\VID_4\007\frame_0016.jpg
VID_4,VID_4.mp4,7,255,17,custom_dataset\processed\VID_4\007\frame_0017.jpg
VID_4,VID_4.mp4,7,270,18,custom_dataset\processed\VID_4\007\frame_0018.jpg
VID_4,VID_4.mp4,7,285,19,custom_dataset\processed\VID_4\007\frame_0019.jpg
VID_4,VID_4.mp4,7,300,20,custom_dataset\processed\VID_4\007\frame_0020.jpg
VID_4,VID_4.mp4,7,315,21,custom_dataset\processed\VID_4\007\frame_0021.jpg
VID_4,VID_4.mp4,7,330,22,custom_dataset\processed\VID_4\007\frame_0022.jpg
VID_4,VID_4.mp4,7,345,23,custom_dataset\processed\VID_4\007\frame_0023.jpg
VID_4,VID_4.mp4,7,360,24,custom_dataset\processed\VID_4\007\frame_0024.jpg
VID_4,VID_4.mp4,7,375,25,custom_dataset\processed\VID_4\007\frame_0025.jpg
VID_4,VID_4.mp4,7,390,26,custom_dataset\processed\VID_4\007\frame_0026.jpg
VID_4,VID_4.mp4,7,405,27,custom_dataset\processed\VID_4\007\frame_0027.jpg
VID_4,VID_4.mp4,7,420,28,custom_dataset\processed\VID_4\007\frame_0028.jpg
VID_4,VID_4.mp4,7,435,29,custom_dataset\processed\VID_4\007\frame_0029.jpg
VID_4,VID_4.mp4,7,450,30,custom_dataset\processed\VID_4\007\frame_0030.jpg
VID_4,VID_4.mp4,7,465,31,custom_dataset\processed\VID_4\007\frame_0031.jpg
VID_4,VID_4.mp4,8,0,0,custom_dataset\processed\VID_4\008\frame_0000.jpg
VID_4,VID_4.mp4,8,15,1,custom_dataset\processed\VID_4\008\frame_0001.jpg
VID_4,VID_4.mp4,8,30,2,custom_dataset\processed\VID_4\008\frame_0002.jpg
VID_4,VID_4.mp4,8,45,3,custom_dataset\processed\VID_4\008\frame_0003.jpg
VID_4,VID_4.mp4,8,60,4,custom_dataset\processed\VID_4\008\frame_0004.jpg
VID_4,VID_4.mp4,8,75,5,custom_dataset\processed\VID_4\008\frame_0005.jpg
VID_4,VID_4.mp4,8,90,6,custom_dataset\processed\VID_4\008\frame_0006.jpg
VID_4,VID_4.mp4,8,105,7,custom_dataset\processed\VID_4\008\frame_0007.jpg
VID_4,VID_4.mp4,8,165,11,custom_dataset\processed\VID_4\008\frame_0011.jpg
VID_4,VID_4.mp4,14,225,15,custom_dataset\processed\VID_4\014\frame_0015.jpg
VID_4,VID_4.mp4,14,255,17,custom_dataset\processed\VID_4\014\frame_0017.jpg
VID_4,VID_4.mp4,14,270,18,custom_dataset\processed\VID_4\014\frame_0018.jpg
VID_4,VID_4.mp4,14,285,19,custom_dataset\processed\VID_4\014\frame_0019.jpg
VID_4,VID_4.mp4,14,300,20,custom_dataset\processed\VID_4\014\frame_0020.jpg
VID_4,VID_4.mp4,14,315,21,custom_dataset\processed\VID_4\014\frame_0021.jpg
VID_4,VID_4.mp4,14,330,22,custom_dataset\processed\VID_4\014\frame_0022.jpg
VID_4,VID_4.mp4,14,345,23,custom_dataset\processed\VID_4\014\frame_0023.jpg
VID_4,VID_4.mp4,15,240,16,custom_dataset\processed\VID_4\015\frame_0016.jpg
VID_4,VID_4.mp4,15,255,17,custom_dataset\processed\VID_4\015\frame_0017.jpg
VID_4,VID_4.mp4,15,270,18,custom_dataset\processed\VID_4\015\frame_0018.jpg
VID_4,VID_4.mp4,15,285,19,custom_dataset\processed\VID_4\015\frame_0019.jpg
VID_4,VID_4.mp4,15,300,20,custom_dataset\processed\VID_4\015\frame_0020.jpg
VID_4,VID_4.mp4,15,315,21,custom_dataset\processed\VID_4\015\frame_0021.jpg
VID_4,VID_4.mp4,15,330,22,custom_dataset\processed\VID_4\015\frame_0022.jpg
VID_4,VID_4.mp4,15,345,23,custom_dataset\processed\VID_4\015\frame_0023.jpg
VID_4,VID_4.mp4,15,360,24,custom_dataset\processed\VID_4\015\frame_0024.jpg
VID_4,VID_4.mp4,15,375,25,custom_dataset\processed\VID_4\015\frame_0025.jpg
VID_4,VID_4.mp4,15,390,26,custom_dataset\processed\VID_4\015\frame_0026.jpg
VID_4,VID_4.mp4,15,405,27,custom_dataset\processed\VID_4\015\frame_0027.jpg
VID_4,VID_4.mp4,15,420,28,custom_dataset\processed\VID_4\015\frame_0028.jpg
VID_4,VID_4.mp4,15,435,29,custom_dataset\processed\VID_4\015\frame_0029.jpg
VID_4,VID_4.mp4,15,450,30,custom_dataset\processed\VID_4\015\frame_0030.jpg
VID_4,VID_4.mp4,15,465,31,custom_dataset\processed\VID_4\015\frame_0031.jpg
VID_4,VID_4.mp4,15,480,32,custom_dataset\processed\VID_4\015\frame_0032.jpg
VID_4,VID_4.mp4,15,495,33,custom_dataset\processed\VID_4\015\frame_0033.jpg
VID_4,VID_4.mp4,15,510,34,custom_dataset\processed\VID_4\015\frame_0034.jpg
VID_4,VID_4.mp4,15,525,35,custom_dataset\processed\VID_4\015\frame_0035.jpg
VID_4,VID_4.mp4,15,540,36,custom_dataset\processed\VID_4\015\frame_0036.jpg
VID_4,VID_4.mp4,15,555,37,custom_dataset\processed\VID_4\015\frame_0037.jpg
VID_4,VID_4.mp4,15,570,38,custom_dataset\processed\VID_4\015\frame_0038.jpg
VID_4,VID_4.mp4,15,585,39,custom_dataset\processed\VID_4\015\frame_0039.jpg
VID_4,VID_4.mp4,15,600,40,custom_dataset\processed\VID_4\015\frame_0040.jpg
VID_4,VID_4.mp4,15,615,41,custom_dataset\processed\VID_4\015\frame_0041.jpg
VID_4,VID_4.mp4,18,435,29,custom_dataset\processed\VID_4\018\frame_0029.jpg
VID_4,VID_4.mp4,18,465,31,custom_dataset\processed\VID_4\018\frame_0031.jpg
VID_4,VID_4.mp4,18,525,35,custom_dataset\processed\VID_4\018\frame_0035.jpg
VID_4,VID_4.mp4,18,540,36,custom_dataset\processed\VID_4\018\frame_0036.jpg
VID_4,VID_4.mp4,18,555,37,custom_dataset\processed\VID_4\018\frame_0037.jpg
VID_4,VID_4.mp4,18,570,38,custom_dataset\processed\VID_4\018\frame_0038.jpg
VID_4,VID_4.mp4,18,585,39,custom_dataset\processed\VID_4\018\frame_0039.jpg
VID_4,VID_4.mp4,18,600,40,custom_dataset\processed\VID_4\018\frame_0040.jpg
VID_4,VID_4.mp4,18,615,41,custom_dataset\processed\VID_4\018\frame_0041.jpg
VID_5,VID_5.mp4,1,0,0,custom_dataset\processed\VID_5\001\frame_0000.jpg
VID_5,VID_5.mp4,1,15,1,custom_dataset\processed\VID_5\001\frame_0001.jpg
VID_5,VID_5.mp4,1,30,2,custom_dataset\processed\VID_5\001\frame_0002.jpg
VID_5,VID_5.mp4,1,45,3,custom_dataset\processed\VID_5\001\frame_0003.jpg
VID_5,VID_5.mp4,1,60,4,custom_dataset\processed\VID_5\001\frame_0004.jpg
VID_5,VID_5.mp4,1,75,5,custom_dataset\processed\VID_5\001\frame_0005.jpg
VID_5,VID_5.mp4,1,90,6,custom_dataset\processed\VID_5\001\frame_0006.jpg
VID_5,VID_5.mp4,1,105,7,custom_dataset\processed\VID_5\001\frame_0007.jpg
VID_5,VID_5.mp4,1,120,8,custom_dataset\processed\VID_5\001\frame_0008.jpg
VID_5,VID_5.mp4,1,135,9,custom_dataset\processed\VID_5\001\frame_0009.jpg
VID_5,VID_5.mp4,1,150,10,custom_dataset\processed\VID_5\001\frame_0010.jpg
VID_5,VID_5.mp4,1,165,11,custom_dataset\processed\VID_5\001\frame_0011.jpg
VID_5,VID_5.mp4,1,180,12,custom_dataset\processed\VID_5\001\frame_0012.jpg
VID_5,VID_5.mp4,1,195,13,custom_dataset\processed\VID_5\001\frame_0013.jpg
VID_5,VID_5.mp4,1,210,14,custom_dataset\processed\VID_5\001\frame_0014.jpg
VID_5,VID_5.mp4,1,225,15,custom_dataset\processed\VID_5\001\frame_0015.jpg
VID_5,VID_5.mp4,1,240,16,custom_dataset\processed\VID_5\001\frame_0016.jpg
VID_5,VID_5.mp4,1,255,17,custom_dataset\processed\VID_5\001\frame_0017.jpg
VID_5,VID_5.mp4,1,270,18,custom_dataset\processed\VID_5\001\frame_0018.jpg
VID_5,VID_5.mp4,1,285,19,custom_dataset\processed\VID_5\001\frame_0019.jpg
VID_5,VID_5.mp4,1,300,20,custom_dataset\processed\VID_5\001\frame_0020.jpg
VID_5,VID_5.mp4,1,315,21,custom_dataset\processed\VID_5\001\frame_0021.jpg
VID_5,VID_5.mp4,1,330,22,custom_dataset\processed\VID_5\001\frame_0022.jpg
VID_5,VID_5.mp4,1,345,23,custom_dataset\processed\VID_5\001\frame_0023.jpg
VID_5,VID_5.mp4,1,360,24,custom_dataset\processed\VID_5\001\frame_0024.jpg
VID_5,VID_5.mp4,1,375,25,custom_dataset\processed\VID_5\001\frame_0025.jpg
VID_5,VID_5.mp4,1,390,26,custom_dataset\processed\VID_5\001\frame_0026.jpg
VID_5,VID_5.mp4,1,405,27,custom_dataset\processed\VID_5\001\frame_0027.jpg
VID_5,VID_5.mp4,1,420,28,custom_dataset\processed\VID_5\001\frame_0028.jpg
VID_5,VID_5.mp4,1,435,29,custom_dataset\processed\VID_5\001\frame_0029.jpg
VID_5,VID_5.mp4,1,450,30,custom_dataset\processed\VID_5\001\frame_0030.jpg
VID_5,VID_5.mp4,1,465,31,custom_dataset\processed\VID_5\001\frame_0031.jpg
VID_5,VID_5.mp4,1,480,32,custom_dataset\processed\VID_5\001\frame_0032.jpg
VID_5,VID_5.mp4,1,495,33,custom_dataset\processed\VID_5\001\frame_0033.jpg
VID_5,VID_5.mp4,1,510,34,custom_dataset\processed\VID_5\001\frame_0034.jpg
VID_5,VID_5.mp4,1,525,35,custom_dataset\processed\VID_5\001\frame_0035.jpg
VID_5,VID_5.mp4,1,540,36,custom_dataset\processed\VID_5\001\frame_0036.jpg
VID_5,VID_5.mp4,1,555,37,custom_dataset\processed\VID_5\001\frame_0037.jpg
VID_5,VID_5.mp4,1,570,38,custom_dataset\processed\VID_5\001\frame_0038.jpg
VID_5,VID_5.mp4,1,585,39,custom_dataset\processed\VID_5\001\frame_0039.jpg
VID_5,VID_5.mp4,1,600,40,custom_dataset\processed\VID_5\001\frame_0040.jpg
VID_5,VID_5.mp4,1,615,41,custom_dataset\processed\VID_5\001\frame_0041.jpg
VID_5,VID_5.mp4,1,630,42,custom_dataset\processed\VID_5\001\frame_0042.jpg
VID_5,VID_5.mp4,1,645,43,custom_dataset\processed\VID_5\001\frame_0043.jpg
VID_5,VID_5.mp4,1,660,44,custom_dataset\processed\VID_5\001\frame_0044.jpg
VID_5,VID_5.mp4,1,675,45,custom_dataset\processed\VID_5\001\frame_0045.jpg
VID_5,VID_5.mp4,1,690,46,custom_dataset\processed\VID_5\001\frame_0046.jpg
VID_5,VID_5.mp4,1,705,47,custom_dataset\processed\VID_5\001\frame_0047.jpg
VID_5,VID_5.mp4,2,0,0,custom_dataset\processed\VID_5\002\frame_0000.jpg
VID_5,VID_5.mp4,2,15,1,custom_dataset\processed\VID_5\002\frame_0001.jpg
VID_5,VID_5.mp4,2,30,2,custom_dataset\processed\VID_5\002\frame_0002.jpg
VID_5,VID_5.mp4,2,45,3,custom_dataset\processed\VID_5\002\frame_0003.jpg
VID_5,VID_5.mp4,2,60,4,custom_dataset\processed\VID_5\002\frame_0004.jpg
VID_5,VID_5.mp4,2,75,5,custom_dataset\processed\VID_5\002\frame_0005.jpg
VID_5,VID_5.mp4,2,90,6,custom_dataset\processed\VID_5\002\frame_0006.jpg
VID_5,VID_5.mp4,2,105,7,custom_dataset\processed\VID_5\002\frame_0007.jpg
VID_5,VID_5.mp4,2,120,8,custom_dataset\processed\VID_5\002\frame_0008.jpg
VID_5,VID_5.mp4,2,135,9,custom_dataset\processed\VID_5\002\frame_0009.jpg
VID_5,VID_5.mp4,2,150,10,custom_dataset\processed\VID_5\002\frame_0010.jpg
VID_5,VID_5.mp4,2,165,11,custom_dataset\processed\VID_5\002\frame_0011.jpg
VID_5,VID_5.mp4,2,180,12,custom_dataset\processed\VID_5\002\frame_0012.jpg
VID_5,VID_5.mp4,2,195,13,custom_dataset\processed\VID_5\002\frame_0013.jpg
VID_5,VID_5.mp4,2,210,14,custom_dataset\processed\VID_5\002\frame_0014.jpg
VID_5,VID_5.mp4,2,225,15,custom_dataset\processed\VID_5\002\frame_0015.jpg
VID_5,VID_5.mp4,2,240,16,custom_dataset\processed\VID_5\002\frame_0016.jpg
VID_5,VID_5.mp4,2,255,17,custom_dataset\processed\VID_5\002\frame_0017.jpg
VID_5,VID_5.mp4,2,270,18,custom_dataset\processed\VID_5\002\frame_0018.jpg
VID_5,VID_5.mp4,2,285,19,custom_dataset\processed\VID_5\002\frame_0019.jpg
VID_5,VID_5.mp4,2,300,20,custom_dataset\processed\VID_5\002\frame_0020.jpg
VID_5,VID_5.mp4,2,315,21,custom_dataset\processed\VID_5\002\frame_0021.jpg
VID_5,VID_5.mp4,2,330,22,custom_dataset\processed\VID_5\002\frame_0022.jpg
VID_5,VID_5.mp4,2,345,23,custom_dataset\processed\VID_5\002\frame_0023.jpg
VID_5,VID_5.mp4,2,360,24,custom_dataset\processed\VID_5\002\frame_0024.jpg
VID_5,VID_5.mp4,2,375,25,custom_dataset\processed\VID_5\002\frame_0025.jpg
VID_5,VID_5.mp4,2,390,26,custom_dataset\processed\VID_5\002\frame_0026.jpg
VID_5,VID_5.mp4,2,405,27,custom_dataset\processed\VID_5\002\frame_0027.jpg
VID_5,VID_5.mp4,2,420,28,custom_dataset\processed\VID_5\002\frame_0028.jpg
VID_5,VID_5.mp4,2,435,29,custom_dataset\processed\VID_5\002\frame_0029.jpg
VID_5,VID_5.mp4,2,450,30,custom_dataset\processed\VID_5\002\frame_0030.jpg
VID_5,VID_5.mp4,2,465,31,custom_dataset\processed\VID_5\002\frame_0031.jpg
VID_5,VID_5.mp4,2,480,32,custom_dataset\processed\VID_5\002\frame_0032.jpg
VID_5,VID_5.mp4,2,495,33,custom_dataset\processed\VID_5\002\frame_0033.jpg
VID_5,VID_5.mp4,2,510,34,custom_dataset\processed\VID_5\002\frame_0034.jpg
VID_5,VID_5.mp4,2,525,35,custom_dataset\processed\VID_5\002\frame_0035.jpg
VID_5,VID_5.mp4,2,540,36,custom_dataset\processed\VID_5\002\frame_0036.jpg
VID_5,VID_5.mp4,2,555,37,custom_dataset\processed\VID_5\002\frame_0037.jpg
VID_5,VID_5.mp4,2,570,38,custom_dataset\processed\VID_5\002\frame_0038.jpg
VID_5,VID_5.mp4,2,585,39,custom_dataset\processed\VID_5\002\frame_0039.jpg
VID_5,VID_5.mp4,2,600,40,custom_dataset\processed\VID_5\002\frame_0040.jpg
VID_5,VID_5.mp4,2,615,41,custom_dataset\processed\VID_5\002\frame_0041.jpg
VID_5,VID_5.mp4,2,630,42,custom_dataset\processed\VID_5\002\frame_0042.jpg
VID_5,VID_5.mp4,2,645,43,custom_dataset\processed\VID_5\002\frame_0043.jpg
VID_5,VID_5.mp4,2,660,44,custom_dataset\processed\VID_5\002\frame_0044.jpg
VID_5,VID_5.mp4,2,675,45,custom_dataset\processed\VID_5\002\frame_0045.jpg
VID_5,VID_5.mp4,2,690,46,custom_dataset\processed\VID_5\002\frame_0046.jpg
VID_5,VID_5.mp4,2,705,47,custom_dataset\processed\VID_5\002\frame_0047.jpg
VID_5,VID_5.mp4,3,0,0,custom_dataset\processed\VID_5\003\frame_0000.jpg
VID_5,VID_5.mp4,3,15,1,custom_dataset\processed\VID_5\003\frame_0001.jpg
VID_5,VID_5.mp4,3,30,2,custom_dataset\processed\VID_5\003\frame_0002.jpg
VID_5,VID_5.mp4,3,45,3,custom_dataset\processed\VID_5\003\frame_0003.jpg
VID_5,VID_5.mp4,3,60,4,custom_dataset\processed\VID_5\003\frame_0004.jpg
VID_5,VID_5.mp4,3,75,5,custom_dataset\processed\VID_5\003\frame_0005.jpg
VID_5,VID_5.mp4,3,90,6,custom_dataset\processed\VID_5\003\frame_0006.jpg
VID_5,VID_5.mp4,3,105,7,custom_dataset\processed\VID_5\003\frame_0007.jpg
VID_5,VID_5.mp4,3,120,8,custom_dataset\processed\VID_5\003\frame_0008.jpg
VID_5,VID_5.mp4,3,135,9,custom_dataset\processed\VID_5\003\frame_0009.jpg
VID_5,VID_5.mp4,3,150,10,custom_dataset\processed\VID_5\003\frame_0010.jpg
VID_5,VID_5.mp4,3,165,11,custom_dataset\processed\VID_5\003\frame_0011.jpg
VID_5,VID_5.mp4,3,180,12,custom_dataset\processed\VID_5\003\frame_0012.jpg
VID_5,VID_5.mp4,3,195,13,custom_dataset\processed\VID_5\003\frame_0013.jpg
VID_5,VID_5.mp4,3,210,14,custom_dataset\processed\VID_5\003\frame_0014.jpg
VID_5,VID_5.mp4,3,225,15,custom_dataset\processed\VID_5\003\frame_0015.jpg
VID_5,VID_5.mp4,3,240,16,custom_dataset\processed\VID_5\003\frame_0016.jpg
VID_5,VID_5.mp4,3,255,17,custom_dataset\processed\VID_5\003\frame_0017.jpg
VID_5,VID_5.mp4,3,270,18,custom_dataset\processed\VID_5\003\frame_0018.jpg
VID_5,VID_5.mp4,3,285,19,custom_dataset\processed\VID_5\003\frame_0019.jpg
VID_5,VID_5.mp4,3,300,20,custom_dataset\processed\VID_5\003\frame_0020.jpg
VID_5,VID_5.mp4,3,315,21,custom_dataset\processed\VID_5\003\frame_0021.jpg
VID_5,VID_5.mp4,3,330,22,custom_dataset\processed\VID_5\003\frame_0022.jpg
VID_5,VID_5.mp4,3,345,23,custom_dataset\processed\VID_5\003\frame_0023.jpg
VID_5,VID_5.mp4,3,360,24,custom_dataset\processed\VID_5\003\frame_0024.jpg
VID_5,VID_5.mp4,3,375,25,custom_dataset\processed\VID_5\003\frame_0025.jpg
VID_5,VID_5.mp4,3,390,26,custom_dataset\processed\VID_5\003\frame_0026.jpg
VID_5,VID_5.mp4,3,405,27,custom_dataset\processed\VID_5\003\frame_0027.jpg
VID_5,VID_5.mp4,3,420,28,custom_dataset\processed\VID_5\003\frame_0028.jpg
VID_5,VID_5.mp4,3,435,29,custom_dataset\processed\VID_5\003\frame_0029.jpg
VID_5,VID_5.mp4,3,450,30,custom_dataset\processed\VID_5\003\frame_0030.jpg
VID_5,VID_5.mp4,3,465,31,custom_dataset\processed\VID_5\003\frame_0031.jpg
VID_5,VID_5.mp4,3,480,32,custom_dataset\processed\VID_5\003\frame_0032.jpg
VID_5,VID_5.mp4,3,495,33,custom_dataset\processed\VID_5\003\frame_0033.jpg
VID_5,VID_5.mp4,3,510,34,custom_dataset\processed\VID_5\003\frame_0034.jpg
VID_5,VID_5.mp4,3,525,35,custom_dataset\processed\VID_5\003\frame_0035.jpg
VID_5,VID_5.mp4,3,540,36,custom_dataset\processed\VID_5\003\frame_0036.jpg
VID_5,VID_5.mp4,3,555,37,custom_dataset\processed\VID_5\003\frame_0037.jpg
VID_5,VID_5.mp4,3,570,38,custom_dataset\processed\VID_5\003\frame_0038.jpg
VID_5,VID_5.mp4,3,585,39,custom_dataset\processed\VID_5\003\frame_0039.jpg
VID_5,VID_5.mp4,3,600,40,custom_dataset\processed\VID_5\003\frame_0040.jpg
VID_5,VID_5.mp4,3,615,41,custom_dataset\processed\VID_5\003\frame_0041.jpg
VID_5,VID_5.mp4,3,630,42,custom_dataset\processed\VID_5\003\frame_0042.jpg
VID_5,VID_5.mp4,3,645,43,custom_dataset\processed\VID_5\003\frame_0043.jpg
VID_5,VID_5.mp4,3,660,44,custom_dataset\processed\VID_5\003\frame_0044.jpg
VID_5,VID_5.mp4,3,675,45,custom_dataset\processed\VID_5\003\frame_0045.jpg
VID_5,VID_5.mp4,3,690,46,custom_dataset\processed\VID_5\003\frame_0046.jpg
VID_5,VID_5.mp4,3,705,47,custom_dataset\processed\VID_5\003\frame_0047.jpg
VID_5,VID_5.mp4,4,0,0,custom_dataset\processed\VID_5\004\frame_0000.jpg
VID_5,VID_5.mp4,4,15,1,custom_dataset\processed\VID_5\004\frame_0001.jpg
VID_5,VID_5.mp4,4,30,2,custom_dataset\processed\VID_5\004\frame_0002.jpg
VID_5,VID_5.mp4,4,45,3,custom_dataset\processed\VID_5\004\frame_0003.jpg
VID_5,VID_5.mp4,4,60,4,custom_dataset\processed\VID_5\004\frame_0004.jpg
VID_5,VID_5.mp4,4,75,5,custom_dataset\processed\VID_5\004\frame_0005.jpg
VID_5,VID_5.mp4,4,90,6,custom_dataset\processed\VID_5\004\frame_0006.jpg
VID_5,VID_5.mp4,4,105,7,custom_dataset\processed\VID_5\004\frame_0007.jpg
VID_5,VID_5.mp4,4,120,8,custom_dataset\processed\VID_5\004\frame_0008.jpg
VID_5,VID_5.mp4,4,135,9,custom_dataset\processed\VID_5\004\frame_0009.jpg
VID_5,VID_5.mp4,4,150,10,custom_dataset\processed\VID_5\004\frame_0010.jpg
VID_5,VID_5.mp4,4,165,11,custom_dataset\processed\VID_5\004\frame_0011.jpg
VID_5,VID_5.mp4,4,180,12,custom_dataset\processed\VID_5\004\frame_0012.jpg
VID_5,VID_5.mp4,4,195,13,custom_dataset\processed\VID_5\004\frame_0013.jpg
VID_5,VID_5.mp4,4,210,14,custom_dataset\processed\VID_5\004\frame_0014.jpg
VID_5,VID_5.mp4,4,225,15,custom_dataset\processed\VID_5\004\frame_0015.jpg
VID_5,VID_5.mp4,4,240,16,custom_dataset\processed\VID_5\004\frame_0016.jpg
VID_5,VID_5.mp4,4,255,17,custom_dataset\processed\VID_5\004\frame_0017.jpg
VID_5,VID_5.mp4,4,270,18,custom_dataset\processed\VID_5\004\frame_0018.jpg
VID_5,VID_5.mp4,4,285,19,custom_dataset\processed\VID_5\004\frame_0019.jpg
VID_5,VID_5.mp4,4,300,20,custom_dataset\processed\VID_5\004\frame_0020.jpg
VID_5,VID_5.mp4,4,315,21,custom_dataset\processed\VID_5\004\frame_0021.jpg
VID_5,VID_5.mp4,4,330,22,custom_dataset\processed\VID_5\004\frame_0022.jpg
VID_5,VID_5.mp4,4,345,23,custom_dataset\processed\VID_5\004\frame_0023.jpg
VID_5,VID_5.mp4,4,360,24,custom_dataset\processed\VID_5\004\frame_0024.jpg
VID_5,VID_5.mp4,4,375,25,custom_dataset\processed\VID_5\004\frame_0025.jpg
VID_5,VID_5.mp4,4,390,26,custom_dataset\processed\VID_5\004\frame_0026.jpg
VID_5,VID_5.mp4,4,405,27,custom_dataset\processed\VID_5\004\frame_0027.jpg
VID_5,VID_5.mp4,4,420,28,custom_dataset\processed\VID_5\004\frame_0028.jpg
VID_5,VID_5.mp4,4,435,29,custom_dataset\processed\VID_5\004\frame_0029.jpg
VID_5,VID_5.mp4,4,450,30,custom_dataset\processed\VID_5\004\frame_0030.jpg
VID_5,VID_5.mp4,4,465,31,custom_dataset\processed\VID_5\004\frame_0031.jpg
VID_5,VID_5.mp4,4,480,32,custom_dataset\processed\VID_5\004\frame_0032.jpg
VID_5,VID_5.mp4,4,495,33,custom_dataset\processed\VID_5\004\frame_0033.jpg
VID_5,VID_5.mp4,4,510,34,custom_dataset\processed\VID_5\004\frame_0034.jpg
VID_5,VID_5.mp4,4,525,35,custom_dataset\processed\VID_5\004\frame_0035.jpg
VID_5,VID_5.mp4,4,540,36,custom_dataset\processed\VID_5\004\frame_0036.jpg
VID_5,VID_5.mp4,4,555,37,custom_dataset\processed\VID_5\004\frame_0037.jpg
VID_5,VID_5.mp4,4,570,38,custom_dataset\processed\VID_5\004\frame_0038.jpg
VID_5,VID_5.mp4,4,585,39,custom_dataset\processed\VID_5\004\frame_0039.jpg
VID_5,VID_5.mp4,4,600,40,custom_dataset\processed\VID_5\004\frame_0040.jpg
VID_5,VID_5.mp4,4,615,41,custom_dataset\processed\VID_5\004\frame_0041.jpg
VID_5,VID_5.mp4,4,630,42,custom_dataset\processed\VID_5\004\frame_0042.jpg
VID_5,VID_5.mp4,4,645,43,custom_dataset\processed\VID_5\004\frame_0043.jpg
VID_5,VID_5.mp4,4,660,44,custom_dataset\processed\VID_5\004\frame_0044.jpg
VID_5,VID_5.mp4,4,675,45,custom_dataset\processed\VID_5\004\frame_0045.jpg
VID_5,VID_5.mp4,4,690,46,custom_dataset\processed\VID_5\004\frame_0046.jpg
VID_5,VID_5.mp4,4,705,47,custom_dataset\processed\VID_5\004\frame_0047.jpg
VID_5,VID_5.mp4,5,0,0,custom_dataset\processed\VID_5\005\frame_0000.jpg
VID_5,VID_5.mp4,5,0,0,custom_dataset\processed\VID_5\005\frame_0000.jpg
VID_5,VID_5.mp4,5,15,1,custom_dataset\processed\VID_5\005\frame_0001.jpg
VID_5,VID_5.mp4,5,30,2,custom_dataset\processed\VID_5\005\frame_0002.jpg
VID_5,VID_5.mp4,5,45,3,custom_dataset\processed\VID_5\005\frame_0003.jpg
VID_5,VID_5.mp4,5,60,4,custom_dataset\processed\VID_5\005\frame_0004.jpg
VID_5,VID_5.mp4,5,75,5,custom_dataset\processed\VID_5\005\frame_0005.jpg
VID_5,VID_5.mp4,5,90,6,custom_dataset\processed\VID_5\005\frame_0006.jpg
VID_5,VID_5.mp4,5,105,7,custom_dataset\processed\VID_5\005\frame_0007.jpg
VID_5,VID_5.mp4,5,120,8,custom_dataset\processed\VID_5\005\frame_0008.jpg
VID_5,VID_5.mp4,5,135,9,custom_dataset\processed\VID_5\005\frame_0009.jpg
VID_5,VID_5.mp4,5,150,10,custom_dataset\processed\VID_5\005\frame_0010.jpg
VID_5,VID_5.mp4,5,165,11,custom_dataset\processed\VID_5\005\frame_0011.jpg
VID_5,VID_5.mp4,5,180,12,custom_dataset\processed\VID_5\005\frame_0012.jpg
VID_5,VID_5.mp4,5,195,13,custom_dataset\processed\VID_5\005\frame_0013.jpg
VID_5,VID_5.mp4,5,210,14,custom_dataset\processed\VID_5\005\frame_0014.jpg
VID_5,VID_5.mp4,5,225,15,custom_dataset\processed\VID_5\005\frame_0015.jpg
VID_5,VID_5.mp4,5,240,16,custom_dataset\processed\VID_5\005\frame_0016.jpg
VID_5,VID_5.mp4,5,255,17,custom_dataset\processed\VID_5\005\frame_0017.jpg
VID_5,VID_5.mp4,5,270,18,custom_dataset\processed\VID_5\005\frame_0018.jpg
VID_5,VID_5.mp4,5,285,19,custom_dataset\processed\VID_5\005\frame_0019.jpg
VID_5,VID_5.mp4,5,300,20,custom_dataset\processed\VID_5\005\frame_0020.jpg
VID_5,VID_5.mp4,5,315,21,custom_dataset\processed\VID_5\005\frame_0021.jpg
VID_5,VID_5.mp4,5,330,22,custom_dataset\processed\VID_5\005\frame_0022.jpg
VID_5,VID_5.mp4,5,345,23,custom_dataset\processed\VID_5\005\frame_0023.jpg
VID_5,VID_5.mp4,5,360,24,custom_dataset\processed\VID_5\005\frame_0024.jpg
VID_5,VID_5.mp4,5,375,25,custom_dataset\processed\VID_5\005\frame_0025.jpg
VID_5,VID_5.mp4,5,390,26,custom_dataset\processed\VID_5\005\frame_0026.jpg
VID_5,VID_5.mp4,5,405,27,custom_dataset\processed\VID_5\005\frame_0027.jpg
VID_5,VID_5.mp4,5,420,28,custom_dataset\processed\VID_5\005\frame_0028.jpg
VID_5,VID_5.mp4,5,435,29,custom_dataset\processed\VID_5\005\frame_0029.jpg
VID_5,VID_5.mp4,5,450,30,custom_dataset\processed\VID_5\005\frame_0030.jpg
VID_5,VID_5.mp4,5,480,32,custom_dataset\processed\VID_5\005\frame_0032.jpg
VID_5,VID_5.mp4,5,495,33,custom_dataset\processed\VID_5\005\frame_0033.jpg
VID_5,VID_5.mp4,5,510,34,custom_dataset\processed\VID_5\005\frame_0034.jpg
VID_5,VID_5.mp4,6,0,0,custom_dataset\processed\VID_5\006\frame_0000.jpg
VID_5,VID_5.mp4,6,15,1,custom_dataset\processed\VID_5\006\frame_0001.jpg
VID_5,VID_5.mp4,6,30,2,custom_dataset\processed\VID_5\006\frame_0002.jpg
VID_5,VID_5.mp4,6,45,3,custom_dataset\processed\VID_5\006\frame_0003.jpg
VID_5,VID_5.mp4,6,60,4,custom_dataset\processed\VID_5\006\frame_0004.jpg
VID_5,VID_5.mp4,6,75,5,custom_dataset\processed\VID_5\006\frame_0005.jpg
VID_5,VID_5.mp4,6,90,6,custom_dataset\processed\VID_5\006\frame_0006.jpg
VID_5,VID_5.mp4,6,105,7,custom_dataset\processed\VID_5\006\frame_0007.jpg
VID_5,VID_5.mp4,6,120,8,custom_dataset\processed\VID_5\006\frame_0008.jpg
VID_5,VID_5.mp4,6,135,9,custom_dataset\processed\VID_5\006\frame_0009.jpg
VID_5,VID_5.mp4,6,150,10,custom_dataset\processed\VID_5\006\frame_0010.jpg
VID_5,VID_5.mp4,6,165,11,custom_dataset\processed\VID_5\006\frame_0011.jpg
VID_5,VID_5.mp4,6,180,12,custom_dataset\processed\VID_5\006\frame_0012.jpg
VID_5,VID_5.mp4,6,195,13,custom_dataset\processed\VID_5\006\frame_0013.jpg
VID_5,VID_5.mp4,6,210,14,custom_dataset\processed\VID_5\006\frame_0014.jpg
VID_5,VID_5.mp4,6,255,17,custom_dataset\processed\VID_5\006\frame_0017.jpg
VID_5,VID_5.mp4,6,270,18,custom_dataset\processed\VID_5\006\frame_0018.jpg
VID_5,VID_5.mp4,6,285,19,custom_dataset\processed\VID_5\006\frame_0019.jpg
VID_5,VID_5.mp4,6,300,20,custom_dataset\processed\VID_5\006\frame_0020.jpg
VID_5,VID_5.mp4,6,315,21,custom_dataset\processed\VID_5\006\frame_0021.jpg
VID_5,VID_5.mp4,6,330,22,custom_dataset\processed\VID_5\006\frame_0022.jpg
VID_5,VID_5.mp4,7,0,0,custom_dataset\processed\VID_5\007\frame_0000.jpg
VID_5,VID_5.mp4,7,15,1,custom_dataset\processed\VID_5\007\frame_0001.jpg
VID_5,VID_5.mp4,7,30,2,custom_dataset\processed\VID_5\007\frame_0002.jpg
VID_5,VID_5.mp4,7,45,3,custom_dataset\processed\VID_5\007\frame_0003.jpg
VID_5,VID_5.mp4,7,60,4,custom_dataset\processed\VID_5\007\frame_0004.jpg
VID_5,VID_5.mp4,7,75,5,custom_dataset\processed\VID_5\007\frame_0005.jpg
VID_5,VID_5.mp4,7,90,6,custom_dataset\processed\VID_5\007\frame_0006.jpg
VID_5,VID_5.mp4,7,105,7,custom_dataset\processed\VID_5\007\frame_0007.jpg
VID_5,VID_5.mp4,7,120,8,custom_dataset\processed\VID_5\007\frame_0008.jpg
VID_5,VID_5.mp4,7,135,9,custom_dataset\processed\VID_5\007\frame_0009.jpg
VID_5,VID_5.mp4,7,150,10,custom_dataset\processed\VID_5\007\frame_0010.jpg
VID_5,VID_5.mp4,7,165,11,custom_dataset\processed\VID_5\007\frame_0011.jpg
VID_5,VID_5.mp4,7,180,12,custom_dataset\processed\VID_5\007\frame_0012.jpg
VID_5,VID_5.mp4,7,195,13,custom_dataset\processed\VID_5\007\frame_0013.jpg
VID_5,VID_5.mp4,7,210,14,custom_dataset\processed\VID_5\007\frame_0014.jpg
VID_5,VID_5.mp4,7,225,15,custom_dataset\processed\VID_5\007\frame_0015.jpg
VID_5,VID_5.mp4,7,240,16,custom_dataset\processed\VID_5\007\frame_0016.jpg
VID_5,VID_5.mp4,7,255,17,custom_dataset\processed\VID_5\007\frame_0017.jpg
VID_5,VID_5.mp4,7,270,18,custom_dataset\processed\VID_5\007\frame_0018.jpg
VID_5,VID_5.mp4,7,285,19,custom_dataset\processed\VID_5\007\frame_0019.jpg
VID_5,VID_5.mp4,7,300,20,custom_dataset\processed\VID_5\007\frame_0020.jpg
VID_5,VID_5.mp4,7,315,21,custom_dataset\processed\VID_5\007\frame_0021.jpg
VID_5,VID_5.mp4,7,330,22,custom_dataset\processed\VID_5\007\frame_0022.jpg
VID_5,VID_5.mp4,7,345,23,custom_dataset\processed\VID_5\007\frame_0023.jpg
VID_5,VID_5.mp4,7,360,24,custom_dataset\processed\VID_5\007\frame_0024.jpg
VID_5,VID_5.mp4,7,375,25,custom_dataset\processed\VID_5\007\frame_0025.jpg
VID_5,VID_5.mp4,7,390,26,custom_dataset\processed\VID_5\007\frame_0026.jpg
VID_5,VID_5.mp4,7,405,27,custom_dataset\processed\VID_5\007\frame_0027.jpg
VID_5,VID_5.mp4,7,420,28,custom_dataset\processed\VID_5\007\frame_0028.jpg
VID_5,VID_5.mp4,7,435,29,custom_dataset\processed\VID_5\007\frame_0029.jpg
VID_5,VID_5.mp4,7,450,30,custom_dataset\processed\VID_5\007\frame_0030.jpg
VID_5,VID_5.mp4,7,465,31,custom_dataset\processed\VID_5\007\frame_0031.jpg
VID_5,VID_5.mp4,7,480,32,custom_dataset\processed\VID_5\007\frame_0032.jpg
VID_5,VID_5.mp4,7,495,33,custom_dataset\processed\VID_5\007\frame_0033.jpg
VID_5,VID_5.mp4,7,510,34,custom_dataset\processed\VID_5\007\frame_0034.jpg
VID_5,VID_5.mp4,7,525,35,custom_dataset\processed\VID_5\007\frame_0035.jpg
VID_5,VID_5.mp4,7,540,36,custom_dataset\processed\VID_5\007\frame_0036.jpg
VID_5,VID_5.mp4,7,555,37,custom_dataset\processed\VID_5\007\frame_0037.jpg
VID_5,VID_5.mp4,7,570,38,custom_dataset\processed\VID_5\007\frame_0038.jpg
VID_5,VID_5.mp4,7,585,39,custom_dataset\processed\VID_5\007\frame_0039.jpg
VID_5,VID_5.mp4,7,600,40,custom_dataset\processed\VID_5\007\frame_0040.jpg
VID_5,VID_5.mp4,7,615,41,custom_dataset\processed\VID_5\007\frame_0041.jpg
VID_5,VID_5.mp4,8,0,0,custom_dataset\processed\VID_5\008\frame_0000.jpg
VID_5,VID_5.mp4,8,15,1,custom_dataset\processed\VID_5\008\frame_0001.jpg
VID_5,VID_5.mp4,8,30,2,custom_dataset\processed\VID_5\008\frame_0002.jpg
VID_5,VID_5.mp4,8,45,3,custom_dataset\processed\VID_5\008\frame_0003.jpg
VID_5,VID_5.mp4,8,60,4,custom_dataset\processed\VID_5\008\frame_0004.jpg
VID_5,VID_5.mp4,8,75,5,custom_dataset\processed\VID_5\008\frame_0005.jpg
VID_5,VID_5.mp4,8,90,6,custom_dataset\processed\VID_5\008\frame_0006.jpg
VID_5,VID_5.mp4,8,105,7,custom_dataset\processed\VID_5\008\frame_0007.jpg
VID_5,VID_5.mp4,8,120,8,custom_dataset\processed\VID_5\008\frame_0008.jpg
VID_5,VID_5.mp4,9,0,0,custom_dataset\processed\VID_5\009\frame_0000.jpg
VID_5,VID_5.mp4,9,15,1,custom_dataset\processed\VID_5\009\frame_0001.jpg
VID_5,VID_5.mp4,9,30,2,custom_dataset\processed\VID_5\009\frame_0002.jpg
VID_5,VID_5.mp4,9,45,3,custom_dataset\processed\VID_5\009\frame_0003.jpg
VID_5,VID_5.mp4,9,60,4,custom_dataset\processed\VID_5\009\frame_0004.jpg
VID_5,VID_5.mp4,9,75,5,custom_dataset\processed\VID_5\009\frame_0005.jpg
VID_5,VID_5.mp4,9,90,6,custom_dataset\processed\VID_5\009\frame_0006.jpg
VID_5,VID_5.mp4,9,150,10,custom_dataset\processed\VID_5\009\frame_0010.jpg
VID_5,VID_5.mp4,17,150,10,custom_dataset\processed\VID_5\017\frame_0010.jpg
VID_5,VID_5.mp4,17,165,11,custom_dataset\processed\VID_5\017\frame_0011.jpg
VID_5,VID_5.mp4,17,180,12,custom_dataset\processed\VID_5\017\frame_0012.jpg
VID_5,VID_5.mp4,17,195,13,custom_dataset\processed\VID_5\017\frame_0013.jpg
VID_5,VID_5.mp4,17,210,14,custom_dataset\processed\VID_5\017\frame_0014.jpg
VID_5,VID_5.mp4,17,225,15,custom_dataset\processed\VID_5\017\frame_0015.jpg
VID_5,VID_5.mp4,17,240,16,custom_dataset\processed\VID_5\017\frame_0016.jpg
VID_5,VID_5.mp4,17,255,17,custom_dataset\processed\VID_5\017\frame_0017.jpg
VID_5,VID_5.mp4,17,270,18,custom_dataset\processed\VID_5\017\frame_0018.jpg
VID_5,VID_5.mp4,17,285,19,custom_dataset\processed\VID_5\017\frame_0019.jpg
VID_5,VID_5.mp4,17,300,20,custom_dataset\processed\VID_5\017\frame_0020.jpg
VID_5,VID_5.mp4,17,345,23,custom_dataset\processed\VID_5\017\frame_0023.jpg
VID_5,VID_5.mp4,17,360,24,custom_dataset\processed\VID_5\017\frame_0024.jpg
VID_5,VID_5.mp4,17,375,25,custom_dataset\processed\VID_5\017\frame_0025.jpg
VID_5,VID_5.mp4,17,390,26,custom_dataset\processed\VID_5\017\frame_0026.jpg
VID_5,VID_5.mp4,17,405,27,custom_dataset\processed\VID_5\017\frame_0027.jpg
VID_5,VID_5.mp4,17,420,28,custom_dataset\processed\VID_5\017\frame_0028.jpg
VID_5,VID_5.mp4,17,435,29,custom_dataset\processed\VID_5\017\frame_0029.jpg
VID_5,VID_5.mp4,17,450,30,custom_dataset\processed\VID_5\017\frame_0030.jpg
VID_5,VID_5.mp4,18,165,11,custom_dataset\processed\VID_5\018\frame_0011.jpg
VID_5,VID_5.mp4,18,195,13,custom_dataset\processed\VID_5\018\frame_0013.jpg
VID_5,VID_5.mp4,18,210,14,custom_dataset\processed\VID_5\018\frame_0014.jpg
VID_5,VID_5.mp4,18,225,15,custom_dataset\processed\VID_5\018\frame_0015.jpg
VID_5,VID_5.mp4,18,240,16,custom_dataset\processed\VID_5\018\frame_0016.jpg
VID_5,VID_5.mp4,18,255,17,custom_dataset\processed\VID_5\018\frame_0017.jpg
VID_5,VID_5.mp4,18,270,18,custom_dataset\processed\VID_5\018\frame_0018.jpg
VID_5,VID_5.mp4,18,315,21,custom_dataset\processed\VID_5\018\frame_0021.jpg
VID_5,VID_5.mp4,18,330,22,custom_dataset\processed\VID_5\018\frame_0022.jpg
VID_5,VID_5.mp4,18,345,23,custom_dataset\processed\VID_5\018\frame_0023.jpg
VID_5,VID_5.mp4,19,180,12,custom_dataset\processed\VID_5\019\frame_0012.jpg
VID_5,VID_5.mp4,19,195,13,custom_dataset\processed\VID_5\019\frame_0013.jpg
VID_5,VID_5.mp4,19,210,14,custom_dataset\processed\VID_5\019\frame_0014.jpg
VID_5,VID_5.mp4,19,225,15,custom_dataset\processed\VID_5\019\frame_0015.jpg
VID_5,VID_5.mp4,19,240,16,custom_dataset\processed\VID_5\019\frame_0016.jpg
VID_5,VID_5.mp4,19,255,17,custom_dataset\processed\VID_5\019\frame_0017.jpg
VID_5,VID_5.mp4,19,270,18,custom_dataset\processed\VID_5\019\frame_0018.jpg
VID_5,VID_5.mp4,19,285,19,custom_dataset\processed\VID_5\019\frame_0019.jpg
VID_5,VID_5.mp4,19,300,20,custom_dataset\processed\VID_5\019\frame_0020.jpg
VID_5,VID_5.mp4,19,315,21,custom_dataset\processed\VID_5\019\frame_0021.jpg
VID_5,VID_5.mp4,19,330,22,custom_dataset\processed\VID_5\019\frame_0022.jpg
VID_5,VID_5.mp4,19,345,23,custom_dataset\processed\VID_5\019\frame_0023.jpg
VID_5,VID_5.mp4,19,360,24,custom_dataset\processed\VID_5\019\frame_0024.jpg
VID_5,VID_5.mp4,19,375,25,custom_dataset\processed\VID_5\019\frame_0025.jpg
VID_5,VID_5.mp4,19,390,26,custom_dataset\processed\VID_5\019\frame_0026.jpg
VID_5,VID_5.mp4,19,405,27,custom_dataset\processed\VID_5\019\frame_0027.jpg
VID_5,VID_5.mp4,19,420,28,custom_dataset\processed\VID_5\019\frame_0028.jpg
VID_5,VID_5.mp4,19,435,29,custom_dataset\processed\VID_5\019\frame_0029.jpg
VID_5,VID_5.mp4,26,435,29,custom_dataset\processed\VID_5\026\frame_0029.jpg
VID_5,VID_5.mp4,26,450,30,custom_dataset\processed\VID_5\026\frame_0030.jpg
VID_5,VID_5.mp4,26,495,33,custom_dataset\processed\VID_5\026\frame_0033.jpg
VID_5,VID_5.mp4,26,510,34,custom_dataset\processed\VID_5\026\frame_0034.jpg
VID_5,VID_5.mp4,26,525,35,custom_dataset\processed\VID_5\026\frame_0035.jpg
VID_5,VID_5.mp4,26,540,36,custom_dataset\processed\VID_5\026\frame_0036.jpg
VID_5,VID_5.mp4,26,555,37,custom_dataset\processed\VID_5\026\frame_0037.jpg
VID_5,VID_5.mp4,26,585,39,custom_dataset\processed\VID_5\026\frame_0039.jpg
VID_5,VID_5.mp4,26,600,40,custom_dataset\processed\VID_5\026\frame_0040.jpg
VID_5,VID_5.mp4,26,615,41,custom_dataset\processed\VID_5\026\frame_0041.jpg
VID_5,VID_5.mp4,26,630,42,custom_dataset\processed\VID_5\026\frame_0042.jpg
VID_5,VID_5.mp4,26,645,43,custom_dataset\processed\VID_5\026\frame_0043.jpg
VID_5,VID_5.mp4,26,660,44,custom_dataset\processed\VID_5\026\frame_0044.jpg
VID_5,VID_5.mp4,26,690,46,custom_dataset\processed\VID_5\026\frame_0046.jpg
VID_5,VID_5.mp4,26,705,47,custom_dataset\processed\VID_5\026\frame_0047.jpg
VID_5,VID_5.mp4,31,495,33,custom_dataset\processed\VID_5\031\frame_0033.jpg
VID_5,VID_5.mp4,31,510,34,custom_dataset\processed\VID_5\031\frame_0034.jpg
VID_5,VID_5.mp4,31,525,35,custom_dataset\processed\VID_5\031\frame_0035.jpg
VID_5,VID_5.mp4,31,540,36,custom_dataset\processed\VID_5\031\frame_0036.jpg
VID_5,VID_5.mp4,31,555,37,custom_dataset\processed\VID_5\031\frame_0037.jpg
VID_5,VID_5.mp4,31,570,38,custom_dataset\processed\VID_5\031\frame_0038.jpg
VID_5,VID_5.mp4,31,585,39,custom_dataset\processed\VID_5\031\frame_0039.jpg
VID_5,VID_5.mp4,31,600,40,custom_dataset\processed\VID_5\031\frame_0040.jpg
VID_5,VID_5.mp4,31,615,41,custom_dataset\processed\VID_5\031\frame_0041.jpg
VID_5,VID_5.mp4,31,645,43,custom_dataset\processed\VID_5\031\frame_0043.jpg
VID_5,VID_5.mp4,31,675,45,custom_dataset\processed\VID_5\031\frame_0045.jpg
VID_5,VID_5.mp4,31,690,46,custom_dataset\processed\VID_5\031\frame_0046.jpg
VID_5,VID_5.mp4,31,705,47,custom_dataset\processed\VID_5\031\frame_0047.jpg
VID_5,VID_5.mp4,32,510,34,custom_dataset\processed\VID_5\032\frame_0034.jpg
VID_5,VID_5.mp4,32,525,35,custom_dataset\processed\VID_5\032\frame_0035.jpg
VID_5,VID_5.mp4,32,540,36,custom_dataset\processed\VID_5\032\frame_0036.jpg
VID_5,VID_5.mp4,32,555,37,custom_dataset\processed\VID_5\032\frame_0037.jpg
VID_5,VID_5.mp4,32,570,38,custom_dataset\processed\VID_5\032\frame_0038.jpg
VID_5,VID_5.mp4,32,615,41,custom_dataset\processed\VID_5\032\frame_0041.jpg
VID_5,VID_5.mp4,32,630,42,custom_dataset\processed\VID_5\032\frame_0042.jpg
VID_5,VID_5.mp4,32,645,43,custom_dataset\processed\VID_5\032\frame_0043.jpg
VID_5,VID_5.mp4,32,660,44,custom_dataset\processed\VID_5\032\frame_0044.jpg
VID_5,VID_5.mp4,32,675,45,custom_dataset\processed\VID_5\032\frame_0045.jpg
VID_5,VID_5.mp4,32,705,47,custom_dataset\processed\VID_5\032\frame_0047.jpg
VID_5,VID_5.mp4,33,510,34,custom_dataset\processed\VID_5\033\frame_0034.jpg
VID_5,VID_5.mp4,33,525,35,custom_dataset\processed\VID_5\033\frame_0035.jpg
VID_5,VID_5.mp4,33,540,36,custom_dataset\processed\VID_5\033\frame_0036.jpg
VID_5,VID_5.mp4,33,555,37,custom_dataset\processed\VID_5\033\frame_0037.jpg
VID_5,VID_5.mp4,33,570,38,custom_dataset\processed\VID_5\033\frame_0038.jpg
VID_5,VID_5.mp4,33,585,39,custom_dataset\processed\VID_5\033\frame_0039.jpg
VID_5,VID_5.mp4,33,600,40,custom_dataset\processed\VID_5\033\frame_0040.jpg
VID_5,VID_5.mp4,33,615,41,custom_dataset\processed\VID_5\033\frame_0041.jpg
VID_5,VID_5.mp4,33,630,42,custom_dataset\processed\VID_5\033\frame_0042.jpg
VID_5,VID_5.mp4,33,645,43,custom_dataset\processed\VID_5\033\frame_0043.jpg
VID_5,VID_5.mp4,33,660,44,custom_dataset\processed\VID_5\033\frame_0044.jpg
VID_5,VID_5.mp4,33,675,45,custom_dataset\processed\VID_5\033\frame_0045.jpg
VID_5,VID_5.mp4,33,690,46,custom_dataset\processed\VID_5\033\frame_0046.jpg
VID_5,VID_5.mp4,33,705,47,custom_dataset\processed\VID_5\033\frame_0047.jpg
VID_5,VID_5.mp4,34,540,36,custom_dataset\processed\VID_5\034\frame_0036.jpg
VID_5,VID_5.mp4,34,570,38,custom_dataset\processed\VID_5\034\frame_0038.jpg
VID_5,VID_5.mp4,34,585,39,custom_dataset\processed\VID_5\034\frame_0039.jpg
VID_5,VID_5.mp4,34,600,40,custom_dataset\processed\VID_5\034\frame_0040.jpg
VID_5,VID_5.mp4,34,615,41,custom_dataset\processed\VID_5\034\frame_0041.jpg
VID_5,VID_5.mp4,34,630,42,custom_dataset\processed\VID_5\034\frame_0042.jpg
VID_5,VID_5.mp4,34,645,43,custom_dataset\processed\VID_5\034\frame_0043.jpg
VID_5,VID_5.mp4,34,660,44,custom_dataset\processed\VID_5\034\frame_0044.jpg
VID_5,VID_5.mp4,34,675,45,custom_dataset\processed\VID_5\034\frame_0045.jpg
VID_5,VID_5.mp4,34,690,46,custom_dataset\processed\VID_5\034\frame_0046.jpg
VID_5,VID_5.mp4,34,705,47,custom_dataset\processed\VID_5\034\frame_0047.jpg
VID_5,VID_5.mp4,36,555,37,custom_dataset\processed\VID_5\036\frame_0037.jpg
VID_5,VID_5.mp4,36,570,38,custom_dataset\processed\VID_5\036\frame_0038.jpg
VID_5,VID_5.mp4,36,585,39,custom_dataset\processed\VID_5\036\frame_0039.jpg
VID_5,VID_5.mp4,36,600,40,custom_dataset\processed\VID_5\036\frame_0040.jpg
VID_5,VID_5.mp4,36,615,41,custom_dataset\processed\VID_5\036\frame_0041.jpg
VID_5,VID_5.mp4,36,630,42,custom_dataset\processed\VID_5\036\frame_0042.jpg
VID_5,VID_5.mp4,36,645,43,custom_dataset\processed\VID_5\036\frame_0043.jpg
VID_5,VID_5.mp4,36,660,44,custom_dataset\processed\VID_5\036\frame_0044.jpg
VID_5,VID_5.mp4,36,675,45,custom_dataset\processed\VID_5\036\frame_0045.jpg
VID_5,VID_5.mp4,36,690,46,custom_dataset\processed\VID_5\036\frame_0046.jpg
VID_5,VID_5.mp4,36,705,47,custom_dataset\processed\VID_5\036\frame_0047.jpg
VID_6,VID_6.mp4,1,0,0,custom_dataset\processed\VID_6\001\frame_0000.jpg
VID_6,VID_6.mp4,1,15,1,custom_dataset\processed\VID_6\001\frame_0001.jpg
VID_6,VID_6.mp4,1,30,2,custom_dataset\processed\VID_6\001\frame_0002.jpg
VID_6,VID_6.mp4,1,45,3,custom_dataset\processed\VID_6\001\frame_0003.jpg
VID_6,VID_6.mp4,1,60,4,custom_dataset\processed\VID_6\001\frame_0004.jpg
VID_6,VID_6.mp4,1,75,5,custom_dataset\processed\VID_6\001\frame_0005.jpg
VID_6,VID_6.mp4,1,90,6,custom_dataset\processed\VID_6\001\frame_0006.jpg
VID_6,VID_6.mp4,1,105,7,custom_dataset\processed\VID_6\001\frame_0007.jpg
VID_6,VID_6.mp4,1,120,8,custom_dataset\processed\VID_6\001\frame_0008.jpg
VID_6,VID_6.mp4,1,135,9,custom_dataset\processed\VID_6\001\frame_0009.jpg
VID_6,VID_6.mp4,1,150,10,custom_dataset\processed\VID_6\001\frame_0010.jpg
VID_6,VID_6.mp4,1,165,11,custom_dataset\processed\VID_6\001\frame_0011.jpg
VID_6,VID_6.mp4,1,180,12,custom_dataset\processed\VID_6\001\frame_0012.jpg
VID_6,VID_6.mp4,1,195,13,custom_dataset\processed\VID_6\001\frame_0013.jpg
VID_6,VID_6.mp4,1,210,14,custom_dataset\processed\VID_6\001\frame_0014.jpg
VID_6,VID_6.mp4,1,225,15,custom_dataset\processed\VID_6\001\frame_0015.jpg
VID_6,VID_6.mp4,1,240,16,custom_dataset\processed\VID_6\001\frame_0016.jpg
VID_6,VID_6.mp4,1,255,17,custom_dataset\processed\VID_6\001\frame_0017.jpg
VID_6,VID_6.mp4,1,270,18,custom_dataset\processed\VID_6\001\frame_0018.jpg
VID_6,VID_6.mp4,1,285,19,custom_dataset\processed\VID_6\001\frame_0019.jpg
VID_6,VID_6.mp4,1,300,20,custom_dataset\processed\VID_6\001\frame_0020.jpg
VID_6,VID_6.mp4,1,315,21,custom_dataset\processed\VID_6\001\frame_0021.jpg
VID_6,VID_6.mp4,1,330,22,custom_dataset\processed\VID_6\001\frame_0022.jpg
VID_6,VID_6.mp4,1,345,23,custom_dataset\processed\VID_6\001\frame_0023.jpg
VID_6,VID_6.mp4,1,360,24,custom_dataset\processed\VID_6\001\frame_0024.jpg
VID_6,VID_6.mp4,1,375,25,custom_dataset\processed\VID_6\001\frame_0025.jpg
VID_6,VID_6.mp4,1,390,26,custom_dataset\processed\VID_6\001\frame_0026.jpg
VID_6,VID_6.mp4,1,405,27,custom_dataset\processed\VID_6\001\frame_0027.jpg
VID_6,VID_6.mp4,1,420,28,custom_dataset\processed\VID_6\001\frame_0028.jpg
VID_6,VID_6.mp4,1,435,29,custom_dataset\processed\VID_6\001\frame_0029.jpg
VID_6,VID_6.mp4,1,450,30,custom_dataset\processed\VID_6\001\frame_0030.jpg
VID_6,VID_6.mp4,1,465,31,custom_dataset\processed\VID_6\001\frame_0031.jpg
VID_6,VID_6.mp4,1,480,32,custom_dataset\processed\VID_6\001\frame_0032.jpg
VID_6,VID_6.mp4,1,495,33,custom_dataset\processed\VID_6\001\frame_0033.jpg
VID_6,VID_6.mp4,1,510,34,custom_dataset\processed\VID_6\001\frame_0034.jpg
VID_6,VID_6.mp4,1,525,35,custom_dataset\processed\VID_6\001\frame_0035.jpg
VID_6,VID_6.mp4,1,540,36,custom_dataset\processed\VID_6\001\frame_0036.jpg
VID_6,VID_6.mp4,1,555,37,custom_dataset\processed\VID_6\001\frame_0037.jpg
VID_6,VID_6.mp4,1,570,38,custom_dataset\processed\VID_6\001\frame_0038.jpg
VID_6,VID_6.mp4,1,585,39,custom_dataset\processed\VID_6\001\frame_0039.jpg
VID_6,VID_6.mp4,1,600,40,custom_dataset\processed\VID_6\001\frame_0040.jpg
VID_6,VID_6.mp4,1,615,41,custom_dataset\processed\VID_6\001\frame_0041.jpg
VID_6,VID_6.mp4,1,630,42,custom_dataset\processed\VID_6\001\frame_0042.jpg
VID_6,VID_6.mp4,1,645,43,custom_dataset\processed\VID_6\001\frame_0043.jpg
VID_6,VID_6.mp4,1,660,44,custom_dataset\processed\VID_6\001\frame_0044.jpg
VID_6,VID_6.mp4,1,675,45,custom_dataset\processed\VID_6\001\frame_0045.jpg
VID_6,VID_6.mp4,1,690,46,custom_dataset\processed\VID_6\001\frame_0046.jpg
VID_6,VID_6.mp4,2,0,0,custom_dataset\processed\VID_6\002\frame_0000.jpg
VID_6,VID_6.mp4,2,15,1,custom_dataset\processed\VID_6\002\frame_0001.jpg
VID_6,VID_6.mp4,2,30,2,custom_dataset\processed\VID_6\002\frame_0002.jpg
VID_6,VID_6.mp4,2,45,3,custom_dataset\processed\VID_6\002\frame_0003.jpg
VID_6,VID_6.mp4,2,60,4,custom_dataset\processed\VID_6\002\frame_0004.jpg
VID_6,VID_6.mp4,2,75,5,custom_dataset\processed\VID_6\002\frame_0005.jpg
VID_6,VID_6.mp4,2,90,6,custom_dataset\processed\VID_6\002\frame_0006.jpg
VID_6,VID_6.mp4,2,105,7,custom_dataset\processed\VID_6\002\frame_0007.jpg
VID_6,VID_6.mp4,2,120,8,custom_dataset\processed\VID_6\002\frame_0008.jpg
VID_6,VID_6.mp4,2,135,9,custom_dataset\processed\VID_6\002\frame_0009.jpg
VID_6,VID_6.mp4,2,150,10,custom_dataset\processed\VID_6\002\frame_0010.jpg
VID_6,VID_6.mp4,2,165,11,custom_dataset\processed\VID_6\002\frame_0011.jpg
VID_6,VID_6.mp4,2,180,12,custom_dataset\processed\VID_6\002\frame_0012.jpg
VID_6,VID_6.mp4,2,195,13,custom_dataset\processed\VID_6\002\frame_0013.jpg
VID_6,VID_6.mp4,2,210,14,custom_dataset\processed\VID_6\002\frame_0014.jpg
VID_6,VID_6.mp4,2,225,15,custom_dataset\processed\VID_6\002\frame_0015.jpg
VID_6,VID_6.mp4,2,240,16,custom_dataset\processed\VID_6\002\frame_0016.jpg
VID_6,VID_6.mp4,2,255,17,custom_dataset\processed\VID_6\002\frame_0017.jpg
VID_6,VID_6.mp4,2,270,18,custom_dataset\processed\VID_6\002\frame_0018.jpg
VID_6,VID_6.mp4,2,285,19,custom_dataset\processed\VID_6\002\frame_0019.jpg
VID_6,VID_6.mp4,2,300,20,custom_dataset\processed\VID_6\002\frame_0020.jpg
VID_6,VID_6.mp4,2,315,21,custom_dataset\processed\VID_6\002\frame_0021.jpg
VID_6,VID_6.mp4,2,330,22,custom_dataset\processed\VID_6\002\frame_0022.jpg
VID_6,VID_6.mp4,2,345,23,custom_dataset\processed\VID_6\002\frame_0023.jpg
VID_6,VID_6.mp4,2,360,24,custom_dataset\processed\VID_6\002\frame_0024.jpg
VID_6,VID_6.mp4,2,375,25,custom_dataset\processed\VID_6\002\frame_0025.jpg
VID_6,VID_6.mp4,2,390,26,custom_dataset\processed\VID_6\002\frame_0026.jpg
VID_6,VID_6.mp4,2,405,27,custom_dataset\processed\VID_6\002\frame_0027.jpg
VID_6,VID_6.mp4,2,420,28,custom_dataset\processed\VID_6\002\frame_0028.jpg
VID_6,VID_6.mp4,2,435,29,custom_dataset\processed\VID_6\002\frame_0029.jpg
VID_6,VID_6.mp4,2,450,30,custom_dataset\processed\VID_6\002\frame_0030.jpg
VID_6,VID_6.mp4,2,465,31,custom_dataset\processed\VID_6\002\frame_0031.jpg
VID_6,VID_6.mp4,2,480,32,custom_dataset\processed\VID_6\002\frame_0032.jpg
VID_6,VID_6.mp4,2,495,33,custom_dataset\processed\VID_6\002\frame_0033.jpg
VID_6,VID_6.mp4,2,510,34,custom_dataset\processed\VID_6\002\frame_0034.jpg
VID_6,VID_6.mp4,2,525,35,custom_dataset\processed\VID_6\002\frame_0035.jpg
VID_6,VID_6.mp4,2,540,36,custom_dataset\processed\VID_6\002\frame_0036.jpg
VID_6,VID_6.mp4,2,555,37,custom_dataset\processed\VID_6\002\frame_0037.jpg
VID_6,VID_6.mp4,2,570,38,custom_dataset\processed\VID_6\002\frame_0038.jpg
VID_6,VID_6.mp4,2,585,39,custom_dataset\processed\VID_6\002\frame_0039.jpg
VID_6,VID_6.mp4,2,600,40,custom_dataset\processed\VID_6\002\frame_0040.jpg
VID_6,VID_6.mp4,2,615,41,custom_dataset\processed\VID_6\002\frame_0041.jpg
VID_6,VID_6.mp4,2,630,42,custom_dataset\processed\VID_6\002\frame_0042.jpg
VID_6,VID_6.mp4,2,645,43,custom_dataset\processed\VID_6\002\frame_0043.jpg
VID_6,VID_6.mp4,2,660,44,custom_dataset\processed\VID_6\002\frame_0044.jpg
VID_6,VID_6.mp4,2,675,45,custom_dataset\processed\VID_6\002\frame_0045.jpg
VID_6,VID_6.mp4,2,690,46,custom_dataset\processed\VID_6\002\frame_0046.jpg
VID_6,VID_6.mp4,3,0,0,custom_dataset\processed\VID_6\003\frame_0000.jpg
VID_6,VID_6.mp4,3,15,1,custom_dataset\processed\VID_6\003\frame_0001.jpg
VID_6,VID_6.mp4,3,30,2,custom_dataset\processed\VID_6\003\frame_0002.jpg
VID_6,VID_6.mp4,3,45,3,custom_dataset\processed\VID_6\003\frame_0003.jpg
VID_6,VID_6.mp4,3,60,4,custom_dataset\processed\VID_6\003\frame_0004.jpg
VID_6,VID_6.mp4,3,75,5,custom_dataset\processed\VID_6\003\frame_0005.jpg
VID_6,VID_6.mp4,3,90,6,custom_dataset\processed\VID_6\003\frame_0006.jpg
VID_6,VID_6.mp4,3,105,7,custom_dataset\processed\VID_6\003\frame_0007.jpg
VID_6,VID_6.mp4,3,120,8,custom_dataset\processed\VID_6\003\frame_0008.jpg
VID_6,VID_6.mp4,3,135,9,custom_dataset\processed\VID_6\003\frame_0009.jpg
VID_6,VID_6.mp4,3,150,10,custom_dataset\processed\VID_6\003\frame_0010.jpg
VID_6,VID_6.mp4,3,165,11,custom_dataset\processed\VID_6\003\frame_0011.jpg
VID_6,VID_6.mp4,3,180,12,custom_dataset\processed\VID_6\003\frame_0012.jpg
VID_6,VID_6.mp4,3,195,13,custom_dataset\processed\VID_6\003\frame_0013.jpg
VID_6,VID_6.mp4,3,210,14,custom_dataset\processed\VID_6\003\frame_0014.jpg
VID_6,VID_6.mp4,3,225,15,custom_dataset\processed\VID_6\003\frame_0015.jpg
VID_6,VID_6.mp4,3,240,16,custom_dataset\processed\VID_6\003\frame_0016.jpg
VID_6,VID_6.mp4,3,255,17,custom_dataset\processed\VID_6\003\frame_0017.jpg
VID_6,VID_6.mp4,3,270,18,custom_dataset\processed\VID_6\003\frame_0018.jpg
VID_6,VID_6.mp4,3,285,19,custom_dataset\processed\VID_6\003\frame_0019.jpg
VID_6,VID_6.mp4,3,300,20,custom_dataset\processed\VID_6\003\frame_0020.jpg
VID_6,VID_6.mp4,3,315,21,custom_dataset\processed\VID_6\003\frame_0021.jpg
VID_6,VID_6.mp4,3,330,22,custom_dataset\processed\VID_6\003\frame_0022.jpg
VID_6,VID_6.mp4,3,345,23,custom_dataset\processed\VID_6\003\frame_0023.jpg
VID_6,VID_6.mp4,4,0,0,custom_dataset\processed\VID_6\004\frame_0000.jpg
VID_6,VID_6.mp4,4,15,1,custom_dataset\processed\VID_6\004\frame_0001.jpg
VID_6,VID_6.mp4,4,30,2,custom_dataset\processed\VID_6\004\frame_0002.jpg
VID_6,VID_6.mp4,4,45,3,custom_dataset\processed\VID_6\004\frame_0003.jpg
VID_6,VID_6.mp4,4,60,4,custom_dataset\processed\VID_6\004\frame_0004.jpg
VID_6,VID_6.mp4,4,75,5,custom_dataset\processed\VID_6\004\frame_0005.jpg
VID_6,VID_6.mp4,4,90,6,custom_dataset\processed\VID_6\004\frame_0006.jpg
VID_6,VID_6.mp4,4,105,7,custom_dataset\processed\VID_6\004\frame_0007.jpg
VID_6,VID_6.mp4,4,120,8,custom_dataset\processed\VID_6\004\frame_0008.jpg
VID_6,VID_6.mp4,4,135,9,custom_dataset\processed\VID_6\004\frame_0009.jpg
VID_6,VID_6.mp4,4,150,10,custom_dataset\processed\VID_6\004\frame_0010.jpg
VID_6,VID_6.mp4,4,165,11,custom_dataset\processed\VID_6\004\frame_0011.jpg
VID_6,VID_6.mp4,4,180,12,custom_dataset\processed\VID_6\004\frame_0012.jpg
VID_6,VID_6.mp4,4,195,13,custom_dataset\processed\VID_6\004\frame_0013.jpg
VID_6,VID_6.mp4,4,210,14,custom_dataset\processed\VID_6\004\frame_0014.jpg
VID_6,VID_6.mp4,4,225,15,custom_dataset\processed\VID_6\004\frame_0015.jpg
VID_6,VID_6.mp4,4,240,16,custom_dataset\processed\VID_6\004\frame_0016.jpg
VID_6,VID_6.mp4,4,255,17,custom_dataset\processed\VID_6\004\frame_0017.jpg
VID_6,VID_6.mp4,5,0,0,custom_dataset\processed\VID_6\005\frame_0000.jpg
VID_6,VID_6.mp4,5,15,1,custom_dataset\processed\VID_6\005\frame_0001.jpg
VID_6,VID_6.mp4,5,30,2,custom_dataset\processed\VID_6\005\frame_0002.jpg
VID_6,VID_6.mp4,5,45,3,custom_dataset\processed\VID_6\005\frame_0003.jpg
VID_6,VID_6.mp4,5,60,4,custom_dataset\processed\VID_6\005\frame_0004.jpg
VID_6,VID_6.mp4,5,75,5,custom_dataset\processed\VID_6\005\frame_0005.jpg
VID_6,VID_6.mp4,5,90,6,custom_dataset\processed\VID_6\005\frame_0006.jpg
VID_6,VID_6.mp4,5,105,7,custom_dataset\processed\VID_6\005\frame_0007.jpg
VID_6,VID_6.mp4,5,120,8,custom_dataset\processed\VID_6\005\frame_0008.jpg
VID_6,VID_6.mp4,5,135,9,custom_dataset\processed\VID_6\005\frame_0009.jpg
VID_6,VID_6.mp4,5,150,10,custom_dataset\processed\VID_6\005\frame_0010.jpg
VID_6,VID_6.mp4,5,165,11,custom_dataset\processed\VID_6\005\frame_0011.jpg
VID_6,VID_6.mp4,5,180,12,custom_dataset\processed\VID_6\005\frame_0012.jpg
VID_6,VID_6.mp4,5,195,13,custom_dataset\processed\VID_6\005\frame_0013.jpg
VID_6,VID_6.mp4,5,210,14,custom_dataset\processed\VID_6\005\frame_0014.jpg
VID_6,VID_6.mp4,5,225,15,custom_dataset\processed\VID_6\005\frame_0015.jpg
VID_6,VID_6.mp4,5,240,16,custom_dataset\processed\VID_6\005\frame_0016.jpg
VID_6,VID_6.mp4,5,255,17,custom_dataset\processed\VID_6\005\frame_0017.jpg
VID_6,VID_6.mp4,5,270,18,custom_dataset\processed\VID_6\005\frame_0018.jpg
VID_6,VID_6.mp4,5,285,19,custom_dataset\processed\VID_6\005\frame_0019.jpg
VID_6,VID_6.mp4,5,300,20,custom_dataset\processed\VID_6\005\frame_0020.jpg
VID_6,VID_6.mp4,5,315,21,custom_dataset\processed\VID_6\005\frame_0021.jpg
VID_6,VID_6.mp4,5,330,22,custom_dataset\processed\VID_6\005\frame_0022.jpg
VID_6,VID_6.mp4,5,345,23,custom_dataset\processed\VID_6\005\frame_0023.jpg
VID_6,VID_6.mp4,5,360,24,custom_dataset\processed\VID_6\005\frame_0024.jpg
VID_6,VID_6.mp4,5,375,25,custom_dataset\processed\VID_6\005\frame_0025.jpg
VID_6,VID_6.mp4,5,390,26,custom_dataset\processed\VID_6\005\frame_0026.jpg
VID_6,VID_6.mp4,5,405,27,custom_dataset\processed\VID_6\005\frame_0027.jpg
VID_6,VID_6.mp4,5,420,28,custom_dataset\processed\VID_6\005\frame_0028.jpg
VID_6,VID_6.mp4,5,435,29,custom_dataset\processed\VID_6\005\frame_0029.jpg
VID_6,VID_6.mp4,5,450,30,custom_dataset\processed\VID_6\005\frame_0030.jpg
VID_6,VID_6.mp4,5,465,31,custom_dataset\processed\VID_6\005\frame_0031.jpg
VID_6,VID_6.mp4,5,480,32,custom_dataset\processed\VID_6\005\frame_0032.jpg
VID_6,VID_6.mp4,5,495,33,custom_dataset\processed\VID_6\005\frame_0033.jpg
VID_6,VID_6.mp4,5,510,34,custom_dataset\processed\VID_6\005\frame_0034.jpg
VID_6,VID_6.mp4,5,525,35,custom_dataset\processed\VID_6\005\frame_0035.jpg
VID_6,VID_6.mp4,5,540,36,custom_dataset\processed\VID_6\005\frame_0036.jpg
VID_6,VID_6.mp4,5,555,37,custom_dataset\processed\VID_6\005\frame_0037.jpg
VID_6,VID_6.mp4,5,570,38,custom_dataset\processed\VID_6\005\frame_0038.jpg
VID_6,VID_6.mp4,5,585,39,custom_dataset\processed\VID_6\005\frame_0039.jpg
VID_6,VID_6.mp4,5,600,40,custom_dataset\processed\VID_6\005\frame_0040.jpg
VID_6,VID_6.mp4,5,615,41,custom_dataset\processed\VID_6\005\frame_0041.jpg
VID_6,VID_6.mp4,5,630,42,custom_dataset\processed\VID_6\005\frame_0042.jpg
VID_6,VID_6.mp4,5,645,43,custom_dataset\processed\VID_6\005\frame_0043.jpg
VID_6,VID_6.mp4,5,660,44,custom_dataset\processed\VID_6\005\frame_0044.jpg
VID_6,VID_6.mp4,5,675,45,custom_dataset\processed\VID_6\005\frame_0045.jpg
VID_6,VID_6.mp4,5,690,46,custom_dataset\processed\VID_6\005\frame_0046.jpg
VID_6,VID_6.mp4,6,0,0,custom_dataset\processed\VID_6\006\frame_0000.jpg
VID_6,VID_6.mp4,6,0,0,custom_dataset\processed\VID_6\006\frame_0000.jpg
VID_6,VID_6.mp4,6,15,1,custom_dataset\processed\VID_6\006\frame_0001.jpg
VID_6,VID_6.mp4,6,30,2,custom_dataset\processed\VID_6\006\frame_0002.jpg
VID_6,VID_6.mp4,6,45,3,custom_dataset\processed\VID_6\006\frame_0003.jpg
VID_6,VID_6.mp4,6,60,4,custom_dataset\processed\VID_6\006\frame_0004.jpg
VID_6,VID_6.mp4,6,75,5,custom_dataset\processed\VID_6\006\frame_0005.jpg
VID_6,VID_6.mp4,6,90,6,custom_dataset\processed\VID_6\006\frame_0006.jpg
VID_6,VID_6.mp4,6,105,7,custom_dataset\processed\VID_6\006\frame_0007.jpg
VID_6,VID_6.mp4,6,120,8,custom_dataset\processed\VID_6\006\frame_0008.jpg
VID_6,VID_6.mp4,6,135,9,custom_dataset\processed\VID_6\006\frame_0009.jpg
VID_6,VID_6.mp4,6,150,10,custom_dataset\processed\VID_6\006\frame_0010.jpg
VID_6,VID_6.mp4,6,165,11,custom_dataset\processed\VID_6\006\frame_0011.jpg
VID_6,VID_6.mp4,6,180,12,custom_dataset\processed\VID_6\006\frame_0012.jpg
VID_6,VID_6.mp4,6,195,13,custom_dataset\processed\VID_6\006\frame_0013.jpg
VID_6,VID_6.mp4,6,210,14,custom_dataset\processed\VID_6\006\frame_0014.jpg
VID_6,VID_6.mp4,6,225,15,custom_dataset\processed\VID_6\006\frame_0015.jpg
VID_6,VID_6.mp4,6,240,16,custom_dataset\processed\VID_6\006\frame_0016.jpg
VID_6,VID_6.mp4,6,255,17,custom_dataset\processed\VID_6\006\frame_0017.jpg
VID_6,VID_6.mp4,6,270,18,custom_dataset\processed\VID_6\006\frame_0018.jpg
VID_6,VID_6.mp4,6,285,19,custom_dataset\processed\VID_6\006\frame_0019.jpg
VID_6,VID_6.mp4,6,300,20,custom_dataset\processed\VID_6\006\frame_0020.jpg
VID_6,VID_6.mp4,6,315,21,custom_dataset\processed\VID_6\006\frame_0021.jpg
VID_6,VID_6.mp4,6,330,22,custom_dataset\processed\VID_6\006\frame_0022.jpg
VID_6,VID_6.mp4,6,345,23,custom_dataset\processed\VID_6\006\frame_0023.jpg
VID_6,VID_6.mp4,6,360,24,custom_dataset\processed\VID_6\006\frame_0024.jpg
VID_6,VID_6.mp4,6,375,25,custom_dataset\processed\VID_6\006\frame_0025.jpg
VID_6,VID_6.mp4,6,390,26,custom_dataset\processed\VID_6\006\frame_0026.jpg
VID_6,VID_6.mp4,6,405,27,custom_dataset\processed\VID_6\006\frame_0027.jpg
VID_6,VID_6.mp4,6,420,28,custom_dataset\processed\VID_6\006\frame_0028.jpg
VID_6,VID_6.mp4,6,435,29,custom_dataset\processed\VID_6\006\frame_0029.jpg
VID_6,VID_6.mp4,6,450,30,custom_dataset\processed\VID_6\006\frame_0030.jpg
VID_6,VID_6.mp4,6,465,31,custom_dataset\processed\VID_6\006\frame_0031.jpg
VID_6,VID_6.mp4,6,480,32,custom_dataset\processed\VID_6\006\frame_0032.jpg
VID_6,VID_6.mp4,6,495,33,custom_dataset\processed\VID_6\006\frame_0033.jpg
VID_6,VID_6.mp4,6,510,34,custom_dataset\processed\VID_6\006\frame_0034.jpg
VID_6,VID_6.mp4,6,525,35,custom_dataset\processed\VID_6\006\frame_0035.jpg
VID_6,VID_6.mp4,6,540,36,custom_dataset\processed\VID_6\006\frame_0036.jpg
VID_6,VID_6.mp4,6,555,37,custom_dataset\processed\VID_6\006\frame_0037.jpg
VID_6,VID_6.mp4,6,570,38,custom_dataset\processed\VID_6\006\frame_0038.jpg
VID_6,VID_6.mp4,6,585,39,custom_dataset\processed\VID_6\006\frame_0039.jpg
VID_6,VID_6.mp4,6,600,40,custom_dataset\processed\VID_6\006\frame_0040.jpg
VID_6,VID_6.mp4,6,615,41,custom_dataset\processed\VID_6\006\frame_0041.jpg
VID_6,VID_6.mp4,6,630,42,custom_dataset\processed\VID_6\006\frame_0042.jpg
VID_6,VID_6.mp4,6,645,43,custom_dataset\processed\VID_6\006\frame_0043.jpg
VID_6,VID_6.mp4,6,660,44,custom_dataset\processed\VID_6\006\frame_0044.jpg
VID_6,VID_6.mp4,6,690,46,custom_dataset\processed\VID_6\006\frame_0046.jpg
VID_6,VID_6.mp4,7,0,0,custom_dataset\processed\VID_6\007\frame_0000.jpg
VID_6,VID_6.mp4,7,15,1,custom_dataset\processed\VID_6\007\frame_0001.jpg
VID_6,VID_6.mp4,7,30,2,custom_dataset\processed\VID_6\007\frame_0002.jpg
VID_6,VID_6.mp4,7,45,3,custom_dataset\processed\VID_6\007\frame_0003.jpg
VID_6,VID_6.mp4,7,75,5,custom_dataset\processed\VID_6\007\frame_0005.jpg
VID_6,VID_6.mp4,7,105,7,custom_dataset\processed\VID_6\007\frame_0007.jpg
VID_6,VID_6.mp4,7,120,8,custom_dataset\processed\VID_6\007\frame_0008.jpg
VID_6,VID_6.mp4,7,150,10,custom_dataset\processed\VID_6\007\frame_0010.jpg
VID_6,VID_6.mp4,7,210,14,custom_dataset\processed\VID_6\007\frame_0014.jpg
VID_6,VID_6.mp4,7,225,15,custom_dataset\processed\VID_6\007\frame_0015.jpg
VID_6,VID_6.mp4,7,240,16,custom_dataset\processed\VID_6\007\frame_0016.jpg
VID_6,VID_6.mp4,7,285,19,custom_dataset\processed\VID_6\007\frame_0019.jpg
VID_6,VID_6.mp4,7,300,20,custom_dataset\processed\VID_6\007\frame_0020.jpg
VID_6,VID_6.mp4,7,315,21,custom_dataset\processed\VID_6\007\frame_0021.jpg
VID_6,VID_6.mp4,7,330,22,custom_dataset\processed\VID_6\007\frame_0022.jpg
VID_6,VID_6.mp4,7,345,23,custom_dataset\processed\VID_6\007\frame_0023.jpg
VID_6,VID_6.mp4,7,360,24,custom_dataset\processed\VID_6\007\frame_0024.jpg
VID_6,VID_6.mp4,7,375,25,custom_dataset\processed\VID_6\007\frame_0025.jpg
VID_6,VID_6.mp4,7,390,26,custom_dataset\processed\VID_6\007\frame_0026.jpg
VID_6,VID_6.mp4,7,420,28,custom_dataset\processed\VID_6\007\frame_0028.jpg
VID_6,VID_6.mp4,7,435,29,custom_dataset\processed\VID_6\007\frame_0029.jpg
VID_6,VID_6.mp4,7,450,30,custom_dataset\processed\VID_6\007\frame_0030.jpg
VID_6,VID_6.mp4,7,465,31,custom_dataset\processed\VID_6\007\frame_0031.jpg
VID_6,VID_6.mp4,7,480,32,custom_dataset\processed\VID_6\007\frame_0032.jpg
VID_6,VID_6.mp4,7,495,33,custom_dataset\processed\VID_6\007\frame_0033.jpg
VID_6,VID_6.mp4,7,510,34,custom_dataset\processed\VID_6\007\frame_0034.jpg
VID_6,VID_6.mp4,7,525,35,custom_dataset\processed\VID_6\007\frame_0035.jpg
VID_6,VID_6.mp4,7,540,36,custom_dataset\processed\VID_6\007\frame_0036.jpg
VID_6,VID_6.mp4,7,555,37,custom_dataset\processed\VID_6\007\frame_0037.jpg
VID_6,VID_6.mp4,7,570,38,custom_dataset\processed\VID_6\007\frame_0038.jpg
VID_6,VID_6.mp4,9,0,0,custom_dataset\processed\VID_6\009\frame_0000.jpg
VID_6,VID_6.mp4,9,15,1,custom_dataset\processed\VID_6\009\frame_0001.jpg
VID_6,VID_6.mp4,9,30,2,custom_dataset\processed\VID_6\009\frame_0002.jpg
VID_6,VID_6.mp4,9,45,3,custom_dataset\processed\VID_6\009\frame_0003.jpg
VID_6,VID_6.mp4,9,60,4,custom_dataset\processed\VID_6\009\frame_0004.jpg
VID_6,VID_6.mp4,9,75,5,custom_dataset\processed\VID_6\009\frame_0005.jpg
VID_6,VID_6.mp4,9,90,6,custom_dataset\processed\VID_6\009\frame_0006.jpg
VID_6,VID_6.mp4,9,105,7,custom_dataset\processed\VID_6\009\frame_0007.jpg
VID_6,VID_6.mp4,9,120,8,custom_dataset\processed\VID_6\009\frame_0008.jpg
VID_6,VID_6.mp4,9,135,9,custom_dataset\processed\VID_6\009\frame_0009.jpg
VID_6,VID_6.mp4,9,150,10,custom_dataset\processed\VID_6\009\frame_0010.jpg
VID_6,VID_6.mp4,9,165,11,custom_dataset\processed\VID_6\009\frame_0011.jpg
VID_6,VID_6.mp4,9,180,12,custom_dataset\processed\VID_6\009\frame_0012.jpg
VID_6,VID_6.mp4,9,195,13,custom_dataset\processed\VID_6\009\frame_0013.jpg
VID_6,VID_6.mp4,9,210,14,custom_dataset\processed\VID_6\009\frame_0014.jpg
VID_6,VID_6.mp4,9,225,15,custom_dataset\processed\VID_6\009\frame_0015.jpg
VID_6,VID_6.mp4,9,240,16,custom_dataset\processed\VID_6\009\frame_0016.jpg
VID_6,VID_6.mp4,9,255,17,custom_dataset\processed\VID_6\009\frame_0017.jpg
VID_6,VID_6.mp4,9,270,18,custom_dataset\processed\VID_6\009\frame_0018.jpg
VID_6,VID_6.mp4,9,285,19,custom_dataset\processed\VID_6\009\frame_0019.jpg
VID_6,VID_6.mp4,9,300,20,custom_dataset\processed\VID_6\009\frame_0020.jpg
VID_6,VID_6.mp4,9,315,21,custom_dataset\processed\VID_6\009\frame_0021.jpg
VID_6,VID_6.mp4,9,330,22,custom_dataset\processed\VID_6\009\frame_0022.jpg
VID_6,VID_6.mp4,9,345,23,custom_dataset\processed\VID_6\009\frame_0023.jpg
VID_6,VID_6.mp4,9,360,24,custom_dataset\processed\VID_6\009\frame_0024.jpg
VID_6,VID_6.mp4,9,375,25,custom_dataset\processed\VID_6\009\frame_0025.jpg
VID_6,VID_6.mp4,9,390,26,custom_dataset\processed\VID_6\009\frame_0026.jpg
VID_6,VID_6.mp4,9,405,27,custom_dataset\processed\VID_6\009\frame_0027.jpg
VID_6,VID_6.mp4,9,420,28,custom_dataset\processed\VID_6\009\frame_0028.jpg
VID_6,VID_6.mp4,9,435,29,custom_dataset\processed\VID_6\009\frame_0029.jpg
VID_6,VID_6.mp4,9,450,30,custom_dataset\processed\VID_6\009\frame_0030.jpg
VID_6,VID_6.mp4,9,465,31,custom_dataset\processed\VID_6\009\frame_0031.jpg
VID_6,VID_6.mp4,9,480,32,custom_dataset\processed\VID_6\009\frame_0032.jpg
VID_6,VID_6.mp4,9,495,33,custom_dataset\processed\VID_6\009\frame_0033.jpg
VID_6,VID_6.mp4,9,510,34,custom_dataset\processed\VID_6\009\frame_0034.jpg
VID_6,VID_6.mp4,9,525,35,custom_dataset\processed\VID_6\009\frame_0035.jpg
VID_6,VID_6.mp4,9,540,36,custom_dataset\processed\VID_6\009\frame_0036.jpg
VID_6,VID_6.mp4,9,555,37,custom_dataset\processed\VID_6\009\frame_0037.jpg
VID_6,VID_6.mp4,9,570,38,custom_dataset\processed\VID_6\009\frame_0038.jpg
VID_6,VID_6.mp4,9,585,39,custom_dataset\processed\VID_6\009\frame_0039.jpg
VID_6,VID_6.mp4,9,600,40,custom_dataset\processed\VID_6\009\frame_0040.jpg
VID_6,VID_6.mp4,9,615,41,custom_dataset\processed\VID_6\009\frame_0041.jpg
VID_6,VID_6.mp4,9,630,42,custom_dataset\processed\VID_6\009\frame_0042.jpg
VID_6,VID_6.mp4,9,645,43,custom_dataset\processed\VID_6\009\frame_0043.jpg
VID_6,VID_6.mp4,9,660,44,custom_dataset\processed\VID_6\009\frame_0044.jpg
VID_6,VID_6.mp4,9,675,45,custom_dataset\processed\VID_6\009\frame_0045.jpg
VID_6,VID_6.mp4,9,690,46,custom_dataset\processed\VID_6\009\frame_0046.jpg
VID_6,VID_6.mp4,10,0,0,custom_dataset\processed\VID_6\010\frame_0000.jpg
VID_6,VID_6.mp4,10,15,1,custom_dataset\processed\VID_6\010\frame_0001.jpg
VID_6,VID_6.mp4,10,30,2,custom_dataset\processed\VID_6\010\frame_0002.jpg
VID_6,VID_6.mp4,10,45,3,custom_dataset\processed\VID_6\010\frame_0003.jpg
VID_6,VID_6.mp4,10,60,4,custom_dataset\processed\VID_6\010\frame_0004.jpg
VID_6,VID_6.mp4,10,75,5,custom_dataset\processed\VID_6\010\frame_0005.jpg
VID_6,VID_6.mp4,10,90,6,custom_dataset\processed\VID_6\010\frame_0006.jpg
VID_6,VID_6.mp4,10,105,7,custom_dataset\processed\VID_6\010\frame_0007.jpg
VID_6,VID_6.mp4,10,120,8,custom_dataset\processed\VID_6\010\frame_0008.jpg
VID_6,VID_6.mp4,10,135,9,custom_dataset\processed\VID_6\010\frame_0009.jpg
VID_6,VID_6.mp4,10,150,10,custom_dataset\processed\VID_6\010\frame_0010.jpg
VID_6,VID_6.mp4,10,165,11,custom_dataset\processed\VID_6\010\frame_0011.jpg
VID_6,VID_6.mp4,10,180,12,custom_dataset\processed\VID_6\010\frame_0012.jpg
VID_6,VID_6.mp4,10,195,13,custom_dataset\processed\VID_6\010\frame_0013.jpg
VID_6,VID_6.mp4,10,255,17,custom_dataset\processed\VID_6\010\frame_0017.jpg
VID_6,VID_6.mp4,10,270,18,custom_dataset\processed\VID_6\010\frame_0018.jpg
VID_6,VID_6.mp4,10,285,19,custom_dataset\processed\VID_6\010\frame_0019.jpg
VID_6,VID_6.mp4,10,300,20,custom_dataset\processed\VID_6\010\frame_0020.jpg
VID_6,VID_6.mp4,10,315,21,custom_dataset\processed\VID_6\010\frame_0021.jpg
VID_6,VID_6.mp4,10,330,22,custom_dataset\processed\VID_6\010\frame_0022.jpg
VID_6,VID_6.mp4,10,345,23,custom_dataset\processed\VID_6\010\frame_0023.jpg
VID_6,VID_6.mp4,10,360,24,custom_dataset\processed\VID_6\010\frame_0024.jpg
VID_6,VID_6.mp4,10,375,25,custom_dataset\processed\VID_6\010\frame_0025.jpg
VID_6,VID_6.mp4,10,420,28,custom_dataset\processed\VID_6\010\frame_0028.jpg
VID_6,VID_6.mp4,10,435,29,custom_dataset\processed\VID_6\010\frame_0029.jpg
VID_6,VID_6.mp4,10,450,30,custom_dataset\processed\VID_6\010\frame_0030.jpg
VID_6,VID_6.mp4,10,465,31,custom_dataset\processed\VID_6\010\frame_0031.jpg
VID_6,VID_6.mp4,10,480,32,custom_dataset\processed\VID_6\010\frame_0032.jpg
VID_6,VID_6.mp4,10,495,33,custom_dataset\processed\VID_6\010\frame_0033.jpg
VID_6,VID_6.mp4,10,510,34,custom_dataset\processed\VID_6\010\frame_0034.jpg
VID_6,VID_6.mp4,10,525,35,custom_dataset\processed\VID_6\010\frame_0035.jpg
VID_6,VID_6.mp4,10,540,36,custom_dataset\processed\VID_6\010\frame_0036.jpg
VID_6,VID_6.mp4,10,555,37,custom_dataset\processed\VID_6\010\frame_0037.jpg
VID_6,VID_6.mp4,10,570,38,custom_dataset\processed\VID_6\010\frame_0038.jpg
VID_6,VID_6.mp4,10,585,39,custom_dataset\processed\VID_6\010\frame_0039.jpg
VID_6,VID_6.mp4,10,600,40,custom_dataset\processed\VID_6\010\frame_0040.jpg
VID_6,VID_6.mp4,10,615,41,custom_dataset\processed\VID_6\010\frame_0041.jpg
VID_6,VID_6.mp4,10,630,42,custom_dataset\processed\VID_6\010\frame_0042.jpg
VID_6,VID_6.mp4,10,645,43,custom_dataset\processed\VID_6\010\frame_0043.jpg
VID_6,VID_6.mp4,10,660,44,custom_dataset\processed\VID_6\010\frame_0044.jpg
VID_6,VID_6.mp4,10,675,45,custom_dataset\processed\VID_6\010\frame_0045.jpg
VID_6,VID_6.mp4,10,690,46,custom_dataset\processed\VID_6\010\frame_0046.jpg
VID_6,VID_6.mp4,16,210,14,custom_dataset\processed\VID_6\016\frame_0014.jpg
VID_6,VID_6.mp4,16,255,17,custom_dataset\processed\VID_6\016\frame_0017.jpg
VID_6,VID_6.mp4,16,270,18,custom_dataset\processed\VID_6\016\frame_0018.jpg
VID_6,VID_6.mp4,16,285,19,custom_dataset\processed\VID_6\016\frame_0019.jpg
VID_6,VID_6.mp4,16,300,20,custom_dataset\processed\VID_6\016\frame_0020.jpg
VID_6,VID_6.mp4,16,315,21,custom_dataset\processed\VID_6\016\frame_0021.jpg
VID_6,VID_6.mp4,16,330,22,custom_dataset\processed\VID_6\016\frame_0022.jpg
VID_6,VID_6.mp4,16,345,23,custom_dataset\processed\VID_6\016\frame_0023.jpg
VID_6,VID_6.mp4,16,360,24,custom_dataset\processed\VID_6\016\frame_0024.jpg
VID_6,VID_6.mp4,16,375,25,custom_dataset\processed\VID_6\016\frame_0025.jpg
VID_6,VID_6.mp4,16,390,26,custom_dataset\processed\VID_6\016\frame_0026.jpg
VID_6,VID_6.mp4,16,405,27,custom_dataset\processed\VID_6\016\frame_0027.jpg
VID_6,VID_6.mp4,16,420,28,custom_dataset\processed\VID_6\016\frame_0028.jpg
VID_6,VID_6.mp4,16,435,29,custom_dataset\processed\VID_6\016\frame_0029.jpg
VID_6,VID_6.mp4,16,450,30,custom_dataset\processed\VID_6\016\frame_0030.jpg
VID_6,VID_6.mp4,16,465,31,custom_dataset\processed\VID_6\016\frame_0031.jpg
VID_6,VID_6.mp4,16,480,32,custom_dataset\processed\VID_6\016\frame_0032.jpg
VID_6,VID_6.mp4,16,495,33,custom_dataset\processed\VID_6\016\frame_0033.jpg
VID_6,VID_6.mp4,16,510,34,custom_dataset\processed\VID_6\016\frame_0034.jpg
VID_6,VID_6.mp4,16,525,35,custom_dataset\processed\VID_6\016\frame_0035.jpg
VID_6,VID_6.mp4,16,540,36,custom_dataset\processed\VID_6\016\frame_0036.jpg
VID_6,VID_6.mp4,16,555,37,custom_dataset\processed\VID_6\016\frame_0037.jpg
VID_6,VID_6.mp4,16,570,38,custom_dataset\processed\VID_6\016\frame_0038.jpg
VID_6,VID_6.mp4,16,585,39,custom_dataset\processed\VID_6\016\frame_0039.jpg
VID_6,VID_6.mp4,16,600,40,custom_dataset\processed\VID_6\016\frame_0040.jpg
VID_6,VID_6.mp4,16,615,41,custom_dataset\processed\VID_6\016\frame_0041.jpg
VID_6,VID_6.mp4,16,630,42,custom_dataset\processed\VID_6\016\frame_0042.jpg
VID_6,VID_6.mp4,16,645,43,custom_dataset\processed\VID_6\016\frame_0043.jpg
VID_6,VID_6.mp4,16,660,44,custom_dataset\processed\VID_6\016\frame_0044.jpg
VID_6,VID_6.mp4,16,675,45,custom_dataset\processed\VID_6\016\frame_0045.jpg
VID_6,VID_6.mp4,16,690,46,custom_dataset\processed\VID_6\016\frame_0046.jpg
VID_6,VID_6.mp4,19,285,19,custom_dataset\processed\VID_6\019\frame_0019.jpg
VID_6,VID_6.mp4,19,300,20,custom_dataset\processed\VID_6\019\frame_0020.jpg
VID_6,VID_6.mp4,19,345,23,custom_dataset\processed\VID_6\019\frame_0023.jpg
VID_6,VID_6.mp4,19,360,24,custom_dataset\processed\VID_6\019\frame_0024.jpg
VID_6,VID_6.mp4,19,375,25,custom_dataset\processed\VID_6\019\frame_0025.jpg
VID_6,VID_6.mp4,19,390,26,custom_dataset\processed\VID_6\019\frame_0026.jpg
VID_6,VID_6.mp4,19,405,27,custom_dataset\processed\VID_6\019\frame_0027.jpg
VID_6,VID_6.mp4,19,420,28,custom_dataset\processed\VID_6\019\frame_0028.jpg
VID_6,VID_6.mp4,19,435,29,custom_dataset\processed\VID_6\019\frame_0029.jpg
VID_6,VID_6.mp4,19,450,30,custom_dataset\processed\VID_6\019\frame_0030.jpg
VID_6,VID_6.mp4,19,465,31,custom_dataset\processed\VID_6\019\frame_0031.jpg
VID_6,VID_6.mp4,19,480,32,custom_dataset\processed\VID_6\019\frame_0032.jpg
VID_6,VID_6.mp4,19,495,33,custom_dataset\processed\VID_6\019\frame_0033.jpg
VID_6,VID_6.mp4,19,510,34,custom_dataset\processed\VID_6\019\frame_0034.jpg
VID_6,VID_6.mp4,19,525,35,custom_dataset\processed\VID_6\019\frame_0035.jpg
VID_6,VID_6.mp4,19,540,36,custom_dataset\processed\VID_6\019\frame_0036.jpg
VID_6,VID_6.mp4,19,555,37,custom_dataset\processed\VID_6\019\frame_0037.jpg
VID_6,VID_6.mp4,19,570,38,custom_dataset\processed\VID_6\019\frame_0038.jpg
VID_6,VID_6.mp4,19,585,39,custom_dataset\processed\VID_6\019\frame_0039.jpg
VID_6,VID_6.mp4,19,600,40,custom_dataset\processed\VID_6\019\frame_0040.jpg
VID_6,VID_6.mp4,19,615,41,custom_dataset\processed\VID_6\019\frame_0041.jpg
VID_6,VID_6.mp4,19,630,42,custom_dataset\processed\VID_6\019\frame_0042.jpg
VID_6,VID_6.mp4,19,645,43,custom_dataset\processed\VID_6\019\frame_0043.jpg
VID_6,VID_6.mp4,19,660,44,custom_dataset\processed\VID_6\019\frame_0044.jpg
VID_6,VID_6.mp4,19,675,45,custom_dataset\processed\VID_6\019\frame_0045.jpg
VID_6,VID_6.mp4,19,690,46,custom_dataset\processed\VID_6\019\frame_0046.jpg
VID_7,VID_7.mp4,1,0,0,custom_dataset\processed\VID_7\001\frame_0000.jpg
VID_7,VID_7.mp4,1,15,1,custom_dataset\processed\VID_7\001\frame_0001.jpg
VID_7,VID_7.mp4,1,30,2,custom_dataset\processed\VID_7\001\frame_0002.jpg
VID_7,VID_7.mp4,1,45,3,custom_dataset\processed\VID_7\001\frame_0003.jpg
VID_7,VID_7.mp4,1,60,4,custom_dataset\processed\VID_7\001\frame_0004.jpg
VID_7,VID_7.mp4,1,75,5,custom_dataset\processed\VID_7\001\frame_0005.jpg
VID_7,VID_7.mp4,1,90,6,custom_dataset\processed\VID_7\001\frame_0006.jpg
VID_7,VID_7.mp4,1,105,7,custom_dataset\processed\VID_7\001\frame_0007.jpg
VID_7,VID_7.mp4,1,120,8,custom_dataset\processed\VID_7\001\frame_0008.jpg
VID_7,VID_7.mp4,1,135,9,custom_dataset\processed\VID_7\001\frame_0009.jpg
VID_7,VID_7.mp4,1,150,10,custom_dataset\processed\VID_7\001\frame_0010.jpg
VID_7,VID_7.mp4,1,165,11,custom_dataset\processed\VID_7\001\frame_0011.jpg
VID_7,VID_7.mp4,1,180,12,custom_dataset\processed\VID_7\001\frame_0012.jpg
VID_7,VID_7.mp4,1,195,13,custom_dataset\processed\VID_7\001\frame_0013.jpg
VID_7,VID_7.mp4,1,210,14,custom_dataset\processed\VID_7\001\frame_0014.jpg
VID_7,VID_7.mp4,1,225,15,custom_dataset\processed\VID_7\001\frame_0015.jpg
VID_7,VID_7.mp4,1,240,16,custom_dataset\processed\VID_7\001\frame_0016.jpg
VID_7,VID_7.mp4,1,255,17,custom_dataset\processed\VID_7\001\frame_0017.jpg
VID_7,VID_7.mp4,1,270,18,custom_dataset\processed\VID_7\001\frame_0018.jpg
VID_7,VID_7.mp4,1,285,19,custom_dataset\processed\VID_7\001\frame_0019.jpg
VID_7,VID_7.mp4,1,300,20,custom_dataset\processed\VID_7\001\frame_0020.jpg
VID_7,VID_7.mp4,1,315,21,custom_dataset\processed\VID_7\001\frame_0021.jpg
VID_7,VID_7.mp4,1,330,22,custom_dataset\processed\VID_7\001\frame_0022.jpg
VID_7,VID_7.mp4,1,345,23,custom_dataset\processed\VID_7\001\frame_0023.jpg
VID_7,VID_7.mp4,1,360,24,custom_dataset\processed\VID_7\001\frame_0024.jpg
VID_7,VID_7.mp4,1,375,25,custom_dataset\processed\VID_7\001\frame_0025.jpg
VID_7,VID_7.mp4,1,390,26,custom_dataset\processed\VID_7\001\frame_0026.jpg
VID_7,VID_7.mp4,1,405,27,custom_dataset\processed\VID_7\001\frame_0027.jpg
VID_7,VID_7.mp4,1,420,28,custom_dataset\processed\VID_7\001\frame_0028.jpg
VID_7,VID_7.mp4,1,435,29,custom_dataset\processed\VID_7\001\frame_0029.jpg
VID_7,VID_7.mp4,1,450,30,custom_dataset\processed\VID_7\001\frame_0030.jpg
VID_7,VID_7.mp4,1,465,31,custom_dataset\processed\VID_7\001\frame_0031.jpg
VID_7,VID_7.mp4,1,480,32,custom_dataset\processed\VID_7\001\frame_0032.jpg
VID_7,VID_7.mp4,1,495,33,custom_dataset\processed\VID_7\001\frame_0033.jpg
VID_7,VID_7.mp4,1,510,34,custom_dataset\processed\VID_7\001\frame_0034.jpg
VID_7,VID_7.mp4,1,525,35,custom_dataset\processed\VID_7\001\frame_0035.jpg
VID_7,VID_7.mp4,1,540,36,custom_dataset\processed\VID_7\001\frame_0036.jpg
VID_7,VID_7.mp4,1,555,37,custom_dataset\processed\VID_7\001\frame_0037.jpg
VID_7,VID_7.mp4,1,570,38,custom_dataset\processed\VID_7\001\frame_0038.jpg
VID_7,VID_7.mp4,1,585,39,custom_dataset\processed\VID_7\001\frame_0039.jpg
VID_7,VID_7.mp4,1,600,40,custom_dataset\processed\VID_7\001\frame_0040.jpg
VID_7,VID_7.mp4,1,615,41,custom_dataset\processed\VID_7\001\frame_0041.jpg
VID_7,VID_7.mp4,1,630,42,custom_dataset\processed\VID_7\001\frame_0042.jpg
VID_7,VID_7.mp4,1,645,43,custom_dataset\processed\VID_7\001\frame_0043.jpg
VID_7,VID_7.mp4,1,660,44,custom_dataset\processed\VID_7\001\frame_0044.jpg
VID_7,VID_7.mp4,2,0,0,custom_dataset\processed\VID_7\002\frame_0000.jpg
VID_7,VID_7.mp4,2,15,1,custom_dataset\processed\VID_7\002\frame_0001.jpg
VID_7,VID_7.mp4,2,30,2,custom_dataset\processed\VID_7\002\frame_0002.jpg
VID_7,VID_7.mp4,2,45,3,custom_dataset\processed\VID_7\002\frame_0003.jpg
VID_7,VID_7.mp4,2,60,4,custom_dataset\processed\VID_7\002\frame_0004.jpg
VID_7,VID_7.mp4,2,75,5,custom_dataset\processed\VID_7\002\frame_0005.jpg
VID_7,VID_7.mp4,2,90,6,custom_dataset\processed\VID_7\002\frame_0006.jpg
VID_7,VID_7.mp4,2,105,7,custom_dataset\processed\VID_7\002\frame_0007.jpg
VID_7,VID_7.mp4,2,120,8,custom_dataset\processed\VID_7\002\frame_0008.jpg
VID_7,VID_7.mp4,2,135,9,custom_dataset\processed\VID_7\002\frame_0009.jpg
VID_7,VID_7.mp4,2,150,10,custom_dataset\processed\VID_7\002\frame_0010.jpg
VID_7,VID_7.mp4,2,165,11,custom_dataset\processed\VID_7\002\frame_0011.jpg
VID_7,VID_7.mp4,2,180,12,custom_dataset\processed\VID_7\002\frame_0012.jpg
VID_7,VID_7.mp4,2,195,13,custom_dataset\processed\VID_7\002\frame_0013.jpg
VID_7,VID_7.mp4,2,210,14,custom_dataset\processed\VID_7\002\frame_0014.jpg
VID_7,VID_7.mp4,2,225,15,custom_dataset\processed\VID_7\002\frame_0015.jpg
VID_7,VID_7.mp4,2,240,16,custom_dataset\processed\VID_7\002\frame_0016.jpg
VID_7,VID_7.mp4,2,255,17,custom_dataset\processed\VID_7\002\frame_0017.jpg
VID_7,VID_7.mp4,2,270,18,custom_dataset\processed\VID_7\002\frame_0018.jpg
VID_7,VID_7.mp4,2,285,19,custom_dataset\processed\VID_7\002\frame_0019.jpg
VID_7,VID_7.mp4,2,300,20,custom_dataset\processed\VID_7\002\frame_0020.jpg
VID_7,VID_7.mp4,2,315,21,custom_dataset\processed\VID_7\002\frame_0021.jpg
VID_7,VID_7.mp4,2,330,22,custom_dataset\processed\VID_7\002\frame_0022.jpg
VID_7,VID_7.mp4,2,345,23,custom_dataset\processed\VID_7\002\frame_0023.jpg
VID_7,VID_7.mp4,2,360,24,custom_dataset\processed\VID_7\002\frame_0024.jpg
VID_7,VID_7.mp4,2,375,25,custom_dataset\processed\VID_7\002\frame_0025.jpg
VID_7,VID_7.mp4,2,390,26,custom_dataset\processed\VID_7\002\frame_0026.jpg
VID_7,VID_7.mp4,2,405,27,custom_dataset\processed\VID_7\002\frame_0027.jpg
VID_7,VID_7.mp4,2,420,28,custom_dataset\processed\VID_7\002\frame_0028.jpg
VID_7,VID_7.mp4,2,435,29,custom_dataset\processed\VID_7\002\frame_0029.jpg
VID_7,VID_7.mp4,2,450,30,custom_dataset\processed\VID_7\002\frame_0030.jpg
VID_7,VID_7.mp4,2,465,31,custom_dataset\processed\VID_7\002\frame_0031.jpg
VID_7,VID_7.mp4,2,480,32,custom_dataset\processed\VID_7\002\frame_0032.jpg
VID_7,VID_7.mp4,2,495,33,custom_dataset\processed\VID_7\002\frame_0033.jpg
VID_7,VID_7.mp4,2,510,34,custom_dataset\processed\VID_7\002\frame_0034.jpg
VID_7,VID_7.mp4,2,525,35,custom_dataset\processed\VID_7\002\frame_0035.jpg
VID_7,VID_7.mp4,2,540,36,custom_dataset\processed\VID_7\002\frame_0036.jpg
VID_7,VID_7.mp4,2,555,37,custom_dataset\processed\VID_7\002\frame_0037.jpg
VID_7,VID_7.mp4,2,570,38,custom_dataset\processed\VID_7\002\frame_0038.jpg
VID_7,VID_7.mp4,2,585,39,custom_dataset\processed\VID_7\002\frame_0039.jpg
VID_7,VID_7.mp4,2,600,40,custom_dataset\processed\VID_7\002\frame_0040.jpg
VID_7,VID_7.mp4,2,615,41,custom_dataset\processed\VID_7\002\frame_0041.jpg
VID_7,VID_7.mp4,2,630,42,custom_dataset\processed\VID_7\002\frame_0042.jpg
VID_7,VID_7.mp4,2,645,43,custom_dataset\processed\VID_7\002\frame_0043.jpg
VID_7,VID_7.mp4,2,660,44,custom_dataset\processed\VID_7\002\frame_0044.jpg
VID_7,VID_7.mp4,3,0,0,custom_dataset\processed\VID_7\003\frame_0000.jpg
VID_7,VID_7.mp4,3,15,1,custom_dataset\processed\VID_7\003\frame_0001.jpg
VID_7,VID_7.mp4,3,30,2,custom_dataset\processed\VID_7\003\frame_0002.jpg
VID_7,VID_7.mp4,3,45,3,custom_dataset\processed\VID_7\003\frame_0003.jpg
VID_7,VID_7.mp4,3,60,4,custom_dataset\processed\VID_7\003\frame_0004.jpg
VID_7,VID_7.mp4,3,75,5,custom_dataset\processed\VID_7\003\frame_0005.jpg
VID_7,VID_7.mp4,3,90,6,custom_dataset\processed\VID_7\003\frame_0006.jpg
VID_7,VID_7.mp4,3,105,7,custom_dataset\processed\VID_7\003\frame_0007.jpg
VID_7,VID_7.mp4,3,120,8,custom_dataset\processed\VID_7\003\frame_0008.jpg
VID_7,VID_7.mp4,3,135,9,custom_dataset\processed\VID_7\003\frame_0009.jpg
VID_7,VID_7.mp4,3,150,10,custom_dataset\processed\VID_7\003\frame_0010.jpg
VID_7,VID_7.mp4,3,165,11,custom_dataset\processed\VID_7\003\frame_0011.jpg
VID_7,VID_7.mp4,3,180,12,custom_dataset\processed\VID_7\003\frame_0012.jpg
VID_7,VID_7.mp4,3,195,13,custom_dataset\processed\VID_7\003\frame_0013.jpg
VID_7,VID_7.mp4,3,210,14,custom_dataset\processed\VID_7\003\frame_0014.jpg
VID_7,VID_7.mp4,3,225,15,custom_dataset\processed\VID_7\003\frame_0015.jpg
VID_7,VID_7.mp4,3,240,16,custom_dataset\processed\VID_7\003\frame_0016.jpg
VID_7,VID_7.mp4,3,255,17,custom_dataset\processed\VID_7\003\frame_0017.jpg
VID_7,VID_7.mp4,3,270,18,custom_dataset\processed\VID_7\003\frame_0018.jpg
VID_7,VID_7.mp4,3,285,19,custom_dataset\processed\VID_7\003\frame_0019.jpg
VID_7,VID_7.mp4,3,300,20,custom_dataset\processed\VID_7\003\frame_0020.jpg
VID_7,VID_7.mp4,3,315,21,custom_dataset\processed\VID_7\003\frame_0021.jpg
VID_7,VID_7.mp4,3,330,22,custom_dataset\processed\VID_7\003\frame_0022.jpg
VID_7,VID_7.mp4,3,345,23,custom_dataset\processed\VID_7\003\frame_0023.jpg
VID_7,VID_7.mp4,3,360,24,custom_dataset\processed\VID_7\003\frame_0024.jpg
VID_7,VID_7.mp4,3,375,25,custom_dataset\processed\VID_7\003\frame_0025.jpg
VID_7,VID_7.mp4,3,390,26,custom_dataset\processed\VID_7\003\frame_0026.jpg
VID_7,VID_7.mp4,3,405,27,custom_dataset\processed\VID_7\003\frame_0027.jpg
VID_7,VID_7.mp4,3,420,28,custom_dataset\processed\VID_7\003\frame_0028.jpg
VID_7,VID_7.mp4,3,435,29,custom_dataset\processed\VID_7\003\frame_0029.jpg
VID_7,VID_7.mp4,3,450,30,custom_dataset\processed\VID_7\003\frame_0030.jpg
VID_7,VID_7.mp4,3,465,31,custom_dataset\processed\VID_7\003\frame_0031.jpg
VID_7,VID_7.mp4,3,480,32,custom_dataset\processed\VID_7\003\frame_0032.jpg
VID_7,VID_7.mp4,3,495,33,custom_dataset\processed\VID_7\003\frame_0033.jpg
VID_7,VID_7.mp4,3,510,34,custom_dataset\processed\VID_7\003\frame_0034.jpg
VID_7,VID_7.mp4,3,525,35,custom_dataset\processed\VID_7\003\frame_0035.jpg
VID_7,VID_7.mp4,3,540,36,custom_dataset\processed\VID_7\003\frame_0036.jpg
VID_7,VID_7.mp4,3,555,37,custom_dataset\processed\VID_7\003\frame_0037.jpg
VID_7,VID_7.mp4,3,570,38,custom_dataset\processed\VID_7\003\frame_0038.jpg
VID_7,VID_7.mp4,3,585,39,custom_dataset\processed\VID_7\003\frame_0039.jpg
VID_7,VID_7.mp4,3,600,40,custom_dataset\processed\VID_7\003\frame_0040.jpg
VID_7,VID_7.mp4,3,615,41,custom_dataset\processed\VID_7\003\frame_0041.jpg
VID_7,VID_7.mp4,3,630,42,custom_dataset\processed\VID_7\003\frame_0042.jpg
VID_7,VID_7.mp4,3,645,43,custom_dataset\processed\VID_7\003\frame_0043.jpg
VID_7,VID_7.mp4,3,660,44,custom_dataset\processed\VID_7\003\frame_0044.jpg
VID_7,VID_7.mp4,4,0,0,custom_dataset\processed\VID_7\004\frame_0000.jpg
VID_7,VID_7.mp4,4,15,1,custom_dataset\processed\VID_7\004\frame_0001.jpg
VID_7,VID_7.mp4,4,30,2,custom_dataset\processed\VID_7\004\frame_0002.jpg
VID_7,VID_7.mp4,4,45,3,custom_dataset\processed\VID_7\004\frame_0003.jpg
VID_7,VID_7.mp4,4,60,4,custom_dataset\processed\VID_7\004\frame_0004.jpg
VID_7,VID_7.mp4,4,75,5,custom_dataset\processed\VID_7\004\frame_0005.jpg
VID_7,VID_7.mp4,4,90,6,custom_dataset\processed\VID_7\004\frame_0006.jpg
VID_7,VID_7.mp4,4,105,7,custom_dataset\processed\VID_7\004\frame_0007.jpg
VID_7,VID_7.mp4,4,120,8,custom_dataset\processed\VID_7\004\frame_0008.jpg
VID_7,VID_7.mp4,4,135,9,custom_dataset\processed\VID_7\004\frame_0009.jpg
VID_7,VID_7.mp4,4,150,10,custom_dataset\processed\VID_7\004\frame_0010.jpg
VID_7,VID_7.mp4,4,165,11,custom_dataset\processed\VID_7\004\frame_0011.jpg
VID_7,VID_7.mp4,4,180,12,custom_dataset\processed\VID_7\004\frame_0012.jpg
VID_7,VID_7.mp4,4,195,13,custom_dataset\processed\VID_7\004\frame_0013.jpg
VID_7,VID_7.mp4,4,210,14,custom_dataset\processed\VID_7\004\frame_0014.jpg
VID_7,VID_7.mp4,4,225,15,custom_dataset\processed\VID_7\004\frame_0015.jpg
VID_7,VID_7.mp4,4,240,16,custom_dataset\processed\VID_7\004\frame_0016.jpg
VID_7,VID_7.mp4,4,255,17,custom_dataset\processed\VID_7\004\frame_0017.jpg
VID_7,VID_7.mp4,4,270,18,custom_dataset\processed\VID_7\004\frame_0018.jpg
VID_7,VID_7.mp4,4,285,19,custom_dataset\processed\VID_7\004\frame_0019.jpg
VID_7,VID_7.mp4,4,300,20,custom_dataset\processed\VID_7\004\frame_0020.jpg
VID_7,VID_7.mp4,4,315,21,custom_dataset\processed\VID_7\004\frame_0021.jpg
VID_7,VID_7.mp4,4,330,22,custom_dataset\processed\VID_7\004\frame_0022.jpg
VID_7,VID_7.mp4,4,345,23,custom_dataset\processed\VID_7\004\frame_0023.jpg
VID_7,VID_7.mp4,4,360,24,custom_dataset\processed\VID_7\004\frame_0024.jpg
VID_7,VID_7.mp4,4,375,25,custom_dataset\processed\VID_7\004\frame_0025.jpg
VID_7,VID_7.mp4,4,390,26,custom_dataset\processed\VID_7\004\frame_0026.jpg
VID_7,VID_7.mp4,4,405,27,custom_dataset\processed\VID_7\004\frame_0027.jpg
VID_7,VID_7.mp4,4,420,28,custom_dataset\processed\VID_7\004\frame_0028.jpg
VID_7,VID_7.mp4,4,435,29,custom_dataset\processed\VID_7\004\frame_0029.jpg
VID_7,VID_7.mp4,4,450,30,custom_dataset\processed\VID_7\004\frame_0030.jpg
VID_7,VID_7.mp4,4,465,31,custom_dataset\processed\VID_7\004\frame_0031.jpg
VID_7,VID_7.mp4,4,480,32,custom_dataset\processed\VID_7\004\frame_0032.jpg
VID_7,VID_7.mp4,4,495,33,custom_dataset\processed\VID_7\004\frame_0033.jpg
VID_7,VID_7.mp4,4,510,34,custom_dataset\processed\VID_7\004\frame_0034.jpg
VID_7,VID_7.mp4,4,525,35,custom_dataset\processed\VID_7\004\frame_0035.jpg
VID_7,VID_7.mp4,4,540,36,custom_dataset\processed\VID_7\004\frame_0036.jpg
VID_7,VID_7.mp4,4,555,37,custom_dataset\processed\VID_7\004\frame_0037.jpg
VID_7,VID_7.mp4,4,570,38,custom_dataset\processed\VID_7\004\frame_0038.jpg
VID_7,VID_7.mp4,4,585,39,custom_dataset\processed\VID_7\004\frame_0039.jpg
VID_7,VID_7.mp4,4,600,40,custom_dataset\processed\VID_7\004\frame_0040.jpg
VID_7,VID_7.mp4,4,615,41,custom_dataset\processed\VID_7\004\frame_0041.jpg
VID_7,VID_7.mp4,4,630,42,custom_dataset\processed\VID_7\004\frame_0042.jpg
VID_7,VID_7.mp4,4,645,43,custom_dataset\processed\VID_7\004\frame_0043.jpg
VID_7,VID_7.mp4,4,660,44,custom_dataset\processed\VID_7\004\frame_0044.jpg
VID_7,VID_7.mp4,5,0,0,custom_dataset\processed\VID_7\005\frame_0000.jpg
VID_7,VID_7.mp4,5,15,1,custom_dataset\processed\VID_7\005\frame_0001.jpg
VID_7,VID_7.mp4,5,30,2,custom_dataset\processed\VID_7\005\frame_0002.jpg
VID_7,VID_7.mp4,5,45,3,custom_dataset\processed\VID_7\005\frame_0003.jpg
VID_7,VID_7.mp4,5,60,4,custom_dataset\processed\VID_7\005\frame_0004.jpg
VID_7,VID_7.mp4,5,75,5,custom_dataset\processed\VID_7\005\frame_0005.jpg
VID_7,VID_7.mp4,5,90,6,custom_dataset\processed\VID_7\005\frame_0006.jpg
VID_7,VID_7.mp4,5,105,7,custom_dataset\processed\VID_7\005\frame_0007.jpg
VID_7,VID_7.mp4,5,120,8,custom_dataset\processed\VID_7\005\frame_0008.jpg
VID_7,VID_7.mp4,5,135,9,custom_dataset\processed\VID_7\005\frame_0009.jpg
VID_7,VID_7.mp4,5,150,10,custom_dataset\processed\VID_7\005\frame_0010.jpg
VID_7,VID_7.mp4,5,165,11,custom_dataset\processed\VID_7\005\frame_0011.jpg
VID_7,VID_7.mp4,5,180,12,custom_dataset\processed\VID_7\005\frame_0012.jpg
VID_7,VID_7.mp4,5,195,13,custom_dataset\processed\VID_7\005\frame_0013.jpg
VID_7,VID_7.mp4,5,210,14,custom_dataset\processed\VID_7\005\frame_0014.jpg
VID_7,VID_7.mp4,5,225,15,custom_dataset\processed\VID_7\005\frame_0015.jpg
VID_7,VID_7.mp4,5,240,16,custom_dataset\processed\VID_7\005\frame_0016.jpg
VID_7,VID_7.mp4,5,255,17,custom_dataset\processed\VID_7\005\frame_0017.jpg
VID_7,VID_7.mp4,5,270,18,custom_dataset\processed\VID_7\005\frame_0018.jpg
VID_7,VID_7.mp4,5,285,19,custom_dataset\processed\VID_7\005\frame_0019.jpg
VID_7,VID_7.mp4,5,300,20,custom_dataset\processed\VID_7\005\frame_0020.jpg
VID_7,VID_7.mp4,5,315,21,custom_dataset\processed\VID_7\005\frame_0021.jpg
VID_7,VID_7.mp4,5,330,22,custom_dataset\processed\VID_7\005\frame_0022.jpg
VID_7,VID_7.mp4,5,345,23,custom_dataset\processed\VID_7\005\frame_0023.jpg
VID_7,VID_7.mp4,5,360,24,custom_dataset\processed\VID_7\005\frame_0024.jpg
VID_7,VID_7.mp4,5,375,25,custom_dataset\processed\VID_7\005\frame_0025.jpg
VID_7,VID_7.mp4,5,390,26,custom_dataset\processed\VID_7\005\frame_0026.jpg
VID_7,VID_7.mp4,5,405,27,custom_dataset\processed\VID_7\005\frame_0027.jpg
VID_7,VID_7.mp4,5,420,28,custom_dataset\processed\VID_7\005\frame_0028.jpg
VID_7,VID_7.mp4,5,435,29,custom_dataset\processed\VID_7\005\frame_0029.jpg
VID_7,VID_7.mp4,5,450,30,custom_dataset\processed\VID_7\005\frame_0030.jpg
VID_7,VID_7.mp4,5,465,31,custom_dataset\processed\VID_7\005\frame_0031.jpg
VID_7,VID_7.mp4,5,480,32,custom_dataset\processed\VID_7\005\frame_0032.jpg
VID_7,VID_7.mp4,5,495,33,custom_dataset\processed\VID_7\005\frame_0033.jpg
VID_7,VID_7.mp4,5,510,34,custom_dataset\processed\VID_7\005\frame_0034.jpg
VID_7,VID_7.mp4,5,525,35,custom_dataset\processed\VID_7\005\frame_0035.jpg
VID_7,VID_7.mp4,5,540,36,custom_dataset\processed\VID_7\005\frame_0036.jpg
VID_7,VID_7.mp4,5,555,37,custom_dataset\processed\VID_7\005\frame_0037.jpg
VID_7,VID_7.mp4,5,570,38,custom_dataset\processed\VID_7\005\frame_0038.jpg
VID_7,VID_7.mp4,5,585,39,custom_dataset\processed\VID_7\005\frame_0039.jpg
VID_7,VID_7.mp4,5,600,40,custom_dataset\processed\VID_7\005\frame_0040.jpg
VID_7,VID_7.mp4,5,615,41,custom_dataset\processed\VID_7\005\frame_0041.jpg
VID_7,VID_7.mp4,5,630,42,custom_dataset\processed\VID_7\005\frame_0042.jpg
VID_7,VID_7.mp4,5,645,43,custom_dataset\processed\VID_7\005\frame_0043.jpg
VID_7,VID_7.mp4,5,660,44,custom_dataset\processed\VID_7\005\frame_0044.jpg
VID_7,VID_7.mp4,6,0,0,custom_dataset\processed\VID_7\006\frame_0000.jpg
VID_7,VID_7.mp4,6,15,1,custom_dataset\processed\VID_7\006\frame_0001.jpg
VID_7,VID_7.mp4,6,45,3,custom_dataset\processed\VID_7\006\frame_0003.jpg
VID_7,VID_7.mp4,6,60,4,custom_dataset\processed\VID_7\006\frame_0004.jpg
VID_7,VID_7.mp4,6,75,5,custom_dataset\processed\VID_7\006\frame_0005.jpg
VID_7,VID_7.mp4,6,90,6,custom_dataset\processed\VID_7\006\frame_0006.jpg
VID_7,VID_7.mp4,6,105,7,custom_dataset\processed\VID_7\006\frame_0007.jpg
VID_7,VID_7.mp4,6,120,8,custom_dataset\processed\VID_7\006\frame_0008.jpg
VID_7,VID_7.mp4,6,135,9,custom_dataset\processed\VID_7\006\frame_0009.jpg
VID_7,VID_7.mp4,6,150,10,custom_dataset\processed\VID_7\006\frame_0010.jpg
VID_7,VID_7.mp4,6,165,11,custom_dataset\processed\VID_7\006\frame_0011.jpg
VID_7,VID_7.mp4,6,180,12,custom_dataset\processed\VID_7\006\frame_0012.jpg
VID_7,VID_7.mp4,6,195,13,custom_dataset\processed\VID_7\006\frame_0013.jpg
VID_7,VID_7.mp4,6,210,14,custom_dataset\processed\VID_7\006\frame_0014.jpg
VID_7,VID_7.mp4,6,225,15,custom_dataset\processed\VID_7\006\frame_0015.jpg
VID_7,VID_7.mp4,6,240,16,custom_dataset\processed\VID_7\006\frame_0016.jpg
VID_7,VID_7.mp4,6,255,17,custom_dataset\processed\VID_7\006\frame_0017.jpg
VID_7,VID_7.mp4,6,270,18,custom_dataset\processed\VID_7\006\frame_0018.jpg
VID_7,VID_7.mp4,6,285,19,custom_dataset\processed\VID_7\006\frame_0019.jpg
VID_7,VID_7.mp4,6,300,20,custom_dataset\processed\VID_7\006\frame_0020.jpg
VID_7,VID_7.mp4,6,315,21,custom_dataset\processed\VID_7\006\frame_0021.jpg
VID_7,VID_7.mp4,6,330,22,custom_dataset\processed\VID_7\006\frame_0022.jpg
VID_7,VID_7.mp4,6,345,23,custom_dataset\processed\VID_7\006\frame_0023.jpg
VID_7,VID_7.mp4,6,360,24,custom_dataset\processed\VID_7\006\frame_0024.jpg
VID_7,VID_7.mp4,6,375,25,custom_dataset\processed\VID_7\006\frame_0025.jpg
VID_7,VID_7.mp4,6,390,26,custom_dataset\processed\VID_7\006\frame_0026.jpg
VID_7,VID_7.mp4,6,405,27,custom_dataset\processed\VID_7\006\frame_0027.jpg
VID_7,VID_7.mp4,6,420,28,custom_dataset\processed\VID_7\006\frame_0028.jpg
VID_7,VID_7.mp4,6,435,29,custom_dataset\processed\VID_7\006\frame_0029.jpg
VID_7,VID_7.mp4,6,450,30,custom_dataset\processed\VID_7\006\frame_0030.jpg
VID_7,VID_7.mp4,6,465,31,custom_dataset\processed\VID_7\006\frame_0031.jpg
VID_7,VID_7.mp4,6,480,32,custom_dataset\processed\VID_7\006\frame_0032.jpg
VID_7,VID_7.mp4,6,495,33,custom_dataset\processed\VID_7\006\frame_0033.jpg
VID_7,VID_7.mp4,6,510,34,custom_dataset\processed\VID_7\006\frame_0034.jpg
VID_7,VID_7.mp4,6,525,35,custom_dataset\processed\VID_7\006\frame_0035.jpg
VID_7,VID_7.mp4,6,540,36,custom_dataset\processed\VID_7\006\frame_0036.jpg
VID_7,VID_7.mp4,6,555,37,custom_dataset\processed\VID_7\006\frame_0037.jpg
VID_7,VID_7.mp4,6,570,38,custom_dataset\processed\VID_7\006\frame_0038.jpg
VID_7,VID_7.mp4,6,585,39,custom_dataset\processed\VID_7\006\frame_0039.jpg
VID_7,VID_7.mp4,6,600,40,custom_dataset\processed\VID_7\006\frame_0040.jpg
VID_7,VID_7.mp4,6,615,41,custom_dataset\processed\VID_7\006\frame_0041.jpg
VID_7,VID_7.mp4,6,630,42,custom_dataset\processed\VID_7\006\frame_0042.jpg
VID_7,VID_7.mp4,6,645,43,custom_dataset\processed\VID_7\006\frame_0043.jpg
VID_7,VID_7.mp4,6,660,44,custom_dataset\processed\VID_7\006\frame_0044.jpg
VID_7,VID_7.mp4,7,0,0,custom_dataset\processed\VID_7\007\frame_0000.jpg
VID_7,VID_7.mp4,7,15,1,custom_dataset\processed\VID_7\007\frame_0001.jpg
VID_7,VID_7.mp4,7,30,2,custom_dataset\processed\VID_7\007\frame_0002.jpg
VID_7,VID_7.mp4,7,45,3,custom_dataset\processed\VID_7\007\frame_0003.jpg
VID_7,VID_7.mp4,7,60,4,custom_dataset\processed\VID_7\007\frame_0004.jpg
VID_7,VID_7.mp4,7,75,5,custom_dataset\processed\VID_7\007\frame_0005.jpg
VID_7,VID_7.mp4,7,90,6,custom_dataset\processed\VID_7\007\frame_0006.jpg
VID_7,VID_7.mp4,7,105,7,custom_dataset\processed\VID_7\007\frame_0007.jpg
VID_7,VID_7.mp4,7,120,8,custom_dataset\processed\VID_7\007\frame_0008.jpg
VID_7,VID_7.mp4,7,135,9,custom_dataset\processed\VID_7\007\frame_0009.jpg
VID_7,VID_7.mp4,7,150,10,custom_dataset\processed\VID_7\007\frame_0010.jpg
VID_7,VID_7.mp4,7,165,11,custom_dataset\processed\VID_7\007\frame_0011.jpg
VID_7,VID_7.mp4,7,180,12,custom_dataset\processed\VID_7\007\frame_0012.jpg
VID_7,VID_7.mp4,7,195,13,custom_dataset\processed\VID_7\007\frame_0013.jpg
VID_7,VID_7.mp4,7,210,14,custom_dataset\processed\VID_7\007\frame_0014.jpg
VID_7,VID_7.mp4,7,225,15,custom_dataset\processed\VID_7\007\frame_0015.jpg
VID_7,VID_7.mp4,7,240,16,custom_dataset\processed\VID_7\007\frame_0016.jpg
VID_7,VID_7.mp4,7,255,17,custom_dataset\processed\VID_7\007\frame_0017.jpg
VID_7,VID_7.mp4,7,270,18,custom_dataset\processed\VID_7\007\frame_0018.jpg
VID_7,VID_7.mp4,7,285,19,custom_dataset\processed\VID_7\007\frame_0019.jpg
VID_7,VID_7.mp4,7,300,20,custom_dataset\processed\VID_7\007\frame_0020.jpg
VID_7,VID_7.mp4,7,315,21,custom_dataset\processed\VID_7\007\frame_0021.jpg
VID_7,VID_7.mp4,7,330,22,custom_dataset\processed\VID_7\007\frame_0022.jpg
VID_7,VID_7.mp4,7,345,23,custom_dataset\processed\VID_7\007\frame_0023.jpg
VID_7,VID_7.mp4,7,360,24,custom_dataset\processed\VID_7\007\frame_0024.jpg
VID_7,VID_7.mp4,7,375,25,custom_dataset\processed\VID_7\007\frame_0025.jpg
VID_7,VID_7.mp4,7,390,26,custom_dataset\processed\VID_7\007\frame_0026.jpg
VID_7,VID_7.mp4,7,405,27,custom_dataset\processed\VID_7\007\frame_0027.jpg
VID_7,VID_7.mp4,7,420,28,custom_dataset\processed\VID_7\007\frame_0028.jpg
VID_7,VID_7.mp4,7,435,29,custom_dataset\processed\VID_7\007\frame_0029.jpg
VID_7,VID_7.mp4,7,450,30,custom_dataset\processed\VID_7\007\frame_0030.jpg
VID_7,VID_7.mp4,7,465,31,custom_dataset\processed\VID_7\007\frame_0031.jpg
VID_7,VID_7.mp4,7,480,32,custom_dataset\processed\VID_7\007\frame_0032.jpg
VID_7,VID_7.mp4,7,495,33,custom_dataset\processed\VID_7\007\frame_0033.jpg
VID_7,VID_7.mp4,7,510,34,custom_dataset\processed\VID_7\007\frame_0034.jpg
VID_7,VID_7.mp4,7,525,35,custom_dataset\processed\VID_7\007\frame_0035.jpg
VID_7,VID_7.mp4,7,540,36,custom_dataset\processed\VID_7\007\frame_0036.jpg
VID_7,VID_7.mp4,7,555,37,custom_dataset\processed\VID_7\007\frame_0037.jpg
VID_7,VID_7.mp4,7,570,38,custom_dataset\processed\VID_7\007\frame_0038.jpg
VID_7,VID_7.mp4,7,585,39,custom_dataset\processed\VID_7\007\frame_0039.jpg
VID_7,VID_7.mp4,7,600,40,custom_dataset\processed\VID_7\007\frame_0040.jpg
VID_7,VID_7.mp4,7,615,41,custom_dataset\processed\VID_7\007\frame_0041.jpg
VID_7,VID_7.mp4,7,630,42,custom_dataset\processed\VID_7\007\frame_0042.jpg
VID_7,VID_7.mp4,7,645,43,custom_dataset\processed\VID_7\007\frame_0043.jpg
VID_7,VID_7.mp4,7,660,44,custom_dataset\processed\VID_7\007\frame_0044.jpg
VID_7,VID_7.mp4,8,0,0,custom_dataset\processed\VID_7\008\frame_0000.jpg
VID_7,VID_7.mp4,8,15,1,custom_dataset\processed\VID_7\008\frame_0001.jpg
VID_7,VID_7.mp4,8,30,2,custom_dataset\processed\VID_7\008\frame_0002.jpg
VID_7,VID_7.mp4,8,45,3,custom_dataset\processed\VID_7\008\frame_0003.jpg
VID_7,VID_7.mp4,8,60,4,custom_dataset\processed\VID_7\008\frame_0004.jpg
VID_7,VID_7.mp4,8,75,5,custom_dataset\processed\VID_7\008\frame_0005.jpg
VID_7,VID_7.mp4,8,90,6,custom_dataset\processed\VID_7\008\frame_0006.jpg
VID_7,VID_7.mp4,8,105,7,custom_dataset\processed\VID_7\008\frame_0007.jpg
VID_7,VID_7.mp4,8,120,8,custom_dataset\processed\VID_7\008\frame_0008.jpg
VID_7,VID_7.mp4,8,135,9,custom_dataset\processed\VID_7\008\frame_0009.jpg
VID_7,VID_7.mp4,8,150,10,custom_dataset\processed\VID_7\008\frame_0010.jpg
VID_7,VID_7.mp4,8,165,11,custom_dataset\processed\VID_7\008\frame_0011.jpg
VID_7,VID_7.mp4,8,180,12,custom_dataset\processed\VID_7\008\frame_0012.jpg
VID_7,VID_7.mp4,8,195,13,custom_dataset\processed\VID_7\008\frame_0013.jpg
VID_7,VID_7.mp4,8,210,14,custom_dataset\processed\VID_7\008\frame_0014.jpg
VID_7,VID_7.mp4,8,225,15,custom_dataset\processed\VID_7\008\frame_0015.jpg
VID_7,VID_7.mp4,8,240,16,custom_dataset\processed\VID_7\008\frame_0016.jpg
VID_7,VID_7.mp4,8,255,17,custom_dataset\processed\VID_7\008\frame_0017.jpg
VID_7,VID_7.mp4,8,270,18,custom_dataset\processed\VID_7\008\frame_0018.jpg
VID_7,VID_7.mp4,8,285,19,custom_dataset\processed\VID_7\008\frame_0019.jpg
VID_7,VID_7.mp4,8,300,20,custom_dataset\processed\VID_7\008\frame_0020.jpg
VID_7,VID_7.mp4,8,315,21,custom_dataset\processed\VID_7\008\frame_0021.jpg
VID_7,VID_7.mp4,8,330,22,custom_dataset\processed\VID_7\008\frame_0022.jpg
VID_7,VID_7.mp4,8,345,23,custom_dataset\processed\VID_7\008\frame_0023.jpg
VID_7,VID_7.mp4,8,360,24,custom_dataset\processed\VID_7\008\frame_0024.jpg
VID_7,VID_7.mp4,8,375,25,custom_dataset\processed\VID_7\008\frame_0025.jpg
VID_7,VID_7.mp4,8,390,26,custom_dataset\processed\VID_7\008\frame_0026.jpg
VID_7,VID_7.mp4,8,405,27,custom_dataset\processed\VID_7\008\frame_0027.jpg
VID_7,VID_7.mp4,8,420,28,custom_dataset\processed\VID_7\008\frame_0028.jpg
VID_7,VID_7.mp4,8,435,29,custom_dataset\processed\VID_7\008\frame_0029.jpg
VID_7,VID_7.mp4,8,450,30,custom_dataset\processed\VID_7\008\frame_0030.jpg
VID_7,VID_7.mp4,8,465,31,custom_dataset\processed\VID_7\008\frame_0031.jpg
VID_7,VID_7.mp4,8,480,32,custom_dataset\processed\VID_7\008\frame_0032.jpg
VID_7,VID_7.mp4,8,495,33,custom_dataset\processed\VID_7\008\frame_0033.jpg
VID_7,VID_7.mp4,8,510,34,custom_dataset\processed\VID_7\008\frame_0034.jpg
VID_7,VID_7.mp4,8,525,35,custom_dataset\processed\VID_7\008\frame_0035.jpg
VID_7,VID_7.mp4,8,540,36,custom_dataset\processed\VID_7\008\frame_0036.jpg
VID_7,VID_7.mp4,8,555,37,custom_dataset\processed\VID_7\008\frame_0037.jpg
VID_7,VID_7.mp4,8,570,38,custom_dataset\processed\VID_7\008\frame_0038.jpg
VID_7,VID_7.mp4,8,585,39,custom_dataset\processed\VID_7\008\frame_0039.jpg
VID_7,VID_7.mp4,8,600,40,custom_dataset\processed\VID_7\008\frame_0040.jpg
VID_7,VID_7.mp4,8,615,41,custom_dataset\processed\VID_7\008\frame_0041.jpg
VID_7,VID_7.mp4,8,630,42,custom_dataset\processed\VID_7\008\frame_0042.jpg
VID_7,VID_7.mp4,8,645,43,custom_dataset\processed\VID_7\008\frame_0043.jpg
VID_7,VID_7.mp4,8,660,44,custom_dataset\processed\VID_7\008\frame_0044.jpg
VID_7,VID_7.mp4,9,0,0,custom_dataset\processed\VID_7\009\frame_0000.jpg
VID_7,VID_7.mp4,9,15,1,custom_dataset\processed\VID_7\009\frame_0001.jpg
VID_7,VID_7.mp4,9,30,2,custom_dataset\processed\VID_7\009\frame_0002.jpg
VID_7,VID_7.mp4,9,45,3,custom_dataset\processed\VID_7\009\frame_0003.jpg
VID_7,VID_7.mp4,9,60,4,custom_dataset\processed\VID_7\009\frame_0004.jpg
VID_7,VID_7.mp4,9,75,5,custom_dataset\processed\VID_7\009\frame_0005.jpg
VID_7,VID_7.mp4,9,90,6,custom_dataset\processed\VID_7\009\frame_0006.jpg
VID_7,VID_7.mp4,9,105,7,custom_dataset\processed\VID_7\009\frame_0007.jpg
VID_7,VID_7.mp4,9,120,8,custom_dataset\processed\VID_7\009\frame_0008.jpg
VID_7,VID_7.mp4,9,135,9,custom_dataset\processed\VID_7\009\frame_0009.jpg
VID_7,VID_7.mp4,12,150,10,custom_dataset\processed\VID_7\012\frame_0010.jpg
VID_7,VID_7.mp4,12,180,12,custom_dataset\processed\VID_7\012\frame_0012.jpg
VID_7,VID_7.mp4,12,195,13,custom_dataset\processed\VID_7\012\frame_0013.jpg
VID_7,VID_7.mp4,12,210,14,custom_dataset\processed\VID_7\012\frame_0014.jpg
VID_7,VID_7.mp4,12,255,17,custom_dataset\processed\VID_7\012\frame_0017.jpg
VID_7,VID_7.mp4,12,270,18,custom_dataset\processed\VID_7\012\frame_0018.jpg
VID_7,VID_7.mp4,12,285,19,custom_dataset\processed\VID_7\012\frame_0019.jpg
VID_7,VID_7.mp4,12,300,20,custom_dataset\processed\VID_7\012\frame_0020.jpg
VID_7,VID_7.mp4,16,330,22,custom_dataset\processed\VID_7\016\frame_0022.jpg
VID_7,VID_7.mp4,16,360,24,custom_dataset\processed\VID_7\016\frame_0024.jpg
VID_7,VID_7.mp4,16,375,25,custom_dataset\processed\VID_7\016\frame_0025.jpg
VID_7,VID_7.mp4,16,390,26,custom_dataset\processed\VID_7\016\frame_0026.jpg
VID_7,VID_7.mp4,16,435,29,custom_dataset\processed\VID_7\016\frame_0029.jpg
VID_7,VID_7.mp4,16,450,30,custom_dataset\processed\VID_7\016\frame_0030.jpg
VID_7,VID_7.mp4,16,495,33,custom_dataset\processed\VID_7\016\frame_0033.jpg
VID_7,VID_7.mp4,16,555,37,custom_dataset\processed\VID_7\016\frame_0037.jpg
VID_7,VID_7.mp4,16,585,39,custom_dataset\processed\VID_7\016\frame_0039.jpg
VID_7,VID_7.mp4,16,600,40,custom_dataset\processed\VID_7\016\frame_0040.jpg
VID_7,VID_7.mp4,16,630,42,custom_dataset\processed\VID_7\016\frame_0042.jpg
VID_7,VID_7.mp4,16,645,43,custom_dataset\processed\VID_7\016\frame_0043.jpg
VID_8,VID_8.mp4,1,0,0,custom_dataset\processed\VID_8\001\frame_0000.jpg
VID_8,VID_8.mp4,1,15,1,custom_dataset\processed\VID_8\001\frame_0001.jpg
VID_8,VID_8.mp4,1,30,2,custom_dataset\processed\VID_8\001\frame_0002.jpg
VID_8,VID_8.mp4,1,45,3,custom_dataset\processed\VID_8\001\frame_0003.jpg
VID_8,VID_8.mp4,1,60,4,custom_dataset\processed\VID_8\001\frame_0004.jpg
VID_8,VID_8.mp4,1,75,5,custom_dataset\processed\VID_8\001\frame_0005.jpg
VID_8,VID_8.mp4,1,90,6,custom_dataset\processed\VID_8\001\frame_0006.jpg
VID_8,VID_8.mp4,1,105,7,custom_dataset\processed\VID_8\001\frame_0007.jpg
VID_8,VID_8.mp4,1,120,8,custom_dataset\processed\VID_8\001\frame_0008.jpg
VID_8,VID_8.mp4,1,135,9,custom_dataset\processed\VID_8\001\frame_0009.jpg
VID_8,VID_8.mp4,1,150,10,custom_dataset\processed\VID_8\001\frame_0010.jpg
VID_8,VID_8.mp4,1,165,11,custom_dataset\processed\VID_8\001\frame_0011.jpg
VID_8,VID_8.mp4,1,180,12,custom_dataset\processed\VID_8\001\frame_0012.jpg
VID_8,VID_8.mp4,1,195,13,custom_dataset\processed\VID_8\001\frame_0013.jpg
VID_8,VID_8.mp4,1,210,14,custom_dataset\processed\VID_8\001\frame_0014.jpg
VID_8,VID_8.mp4,1,225,15,custom_dataset\processed\VID_8\001\frame_0015.jpg
VID_8,VID_8.mp4,1,240,16,custom_dataset\processed\VID_8\001\frame_0016.jpg
VID_8,VID_8.mp4,1,255,17,custom_dataset\processed\VID_8\001\frame_0017.jpg
VID_8,VID_8.mp4,1,270,18,custom_dataset\processed\VID_8\001\frame_0018.jpg
VID_8,VID_8.mp4,1,285,19,custom_dataset\processed\VID_8\001\frame_0019.jpg
VID_8,VID_8.mp4,1,300,20,custom_dataset\processed\VID_8\001\frame_0020.jpg
VID_8,VID_8.mp4,1,315,21,custom_dataset\processed\VID_8\001\frame_0021.jpg
VID_8,VID_8.mp4,1,330,22,custom_dataset\processed\VID_8\001\frame_0022.jpg
VID_8,VID_8.mp4,1,345,23,custom_dataset\processed\VID_8\001\frame_0023.jpg
VID_8,VID_8.mp4,1,360,24,custom_dataset\processed\VID_8\001\frame_0024.jpg
VID_8,VID_8.mp4,1,375,25,custom_dataset\processed\VID_8\001\frame_0025.jpg
VID_8,VID_8.mp4,1,390,26,custom_dataset\processed\VID_8\001\frame_0026.jpg
VID_8,VID_8.mp4,1,405,27,custom_dataset\processed\VID_8\001\frame_0027.jpg
VID_8,VID_8.mp4,1,420,28,custom_dataset\processed\VID_8\001\frame_0028.jpg
VID_8,VID_8.mp4,1,435,29,custom_dataset\processed\VID_8\001\frame_0029.jpg
VID_8,VID_8.mp4,1,450,30,custom_dataset\processed\VID_8\001\frame_0030.jpg
VID_8,VID_8.mp4,1,465,31,custom_dataset\processed\VID_8\001\frame_0031.jpg
VID_8,VID_8.mp4,1,480,32,custom_dataset\processed\VID_8\001\frame_0032.jpg
VID_8,VID_8.mp4,1,495,33,custom_dataset\processed\VID_8\001\frame_0033.jpg
VID_8,VID_8.mp4,1,510,34,custom_dataset\processed\VID_8\001\frame_0034.jpg
VID_8,VID_8.mp4,1,525,35,custom_dataset\processed\VID_8\001\frame_0035.jpg
VID_8,VID_8.mp4,1,540,36,custom_dataset\processed\VID_8\001\frame_0036.jpg
VID_8,VID_8.mp4,1,555,37,custom_dataset\processed\VID_8\001\frame_0037.jpg
VID_8,VID_8.mp4,1,570,38,custom_dataset\processed\VID_8\001\frame_0038.jpg
VID_8,VID_8.mp4,1,585,39,custom_dataset\processed\VID_8\001\frame_0039.jpg
VID_8,VID_8.mp4,1,600,40,custom_dataset\processed\VID_8\001\frame_0040.jpg
VID_8,VID_8.mp4,1,615,41,custom_dataset\processed\VID_8\001\frame_0041.jpg
VID_8,VID_8.mp4,1,630,42,custom_dataset\processed\VID_8\001\frame_0042.jpg
VID_8,VID_8.mp4,2,0,0,custom_dataset\processed\VID_8\002\frame_0000.jpg
VID_8,VID_8.mp4,2,15,1,custom_dataset\processed\VID_8\002\frame_0001.jpg
VID_8,VID_8.mp4,2,30,2,custom_dataset\processed\VID_8\002\frame_0002.jpg
VID_8,VID_8.mp4,2,45,3,custom_dataset\processed\VID_8\002\frame_0003.jpg
VID_8,VID_8.mp4,2,60,4,custom_dataset\processed\VID_8\002\frame_0004.jpg
VID_8,VID_8.mp4,2,75,5,custom_dataset\processed\VID_8\002\frame_0005.jpg
VID_8,VID_8.mp4,2,90,6,custom_dataset\processed\VID_8\002\frame_0006.jpg
VID_8,VID_8.mp4,2,105,7,custom_dataset\processed\VID_8\002\frame_0007.jpg
VID_8,VID_8.mp4,2,120,8,custom_dataset\processed\VID_8\002\frame_0008.jpg
VID_8,VID_8.mp4,2,135,9,custom_dataset\processed\VID_8\002\frame_0009.jpg
VID_8,VID_8.mp4,2,150,10,custom_dataset\processed\VID_8\002\frame_0010.jpg
VID_8,VID_8.mp4,2,165,11,custom_dataset\processed\VID_8\002\frame_0011.jpg
VID_8,VID_8.mp4,2,180,12,custom_dataset\processed\VID_8\002\frame_0012.jpg
VID_8,VID_8.mp4,2,195,13,custom_dataset\processed\VID_8\002\frame_0013.jpg
VID_8,VID_8.mp4,2,210,14,custom_dataset\processed\VID_8\002\frame_0014.jpg
VID_8,VID_8.mp4,2,225,15,custom_dataset\processed\VID_8\002\frame_0015.jpg
VID_8,VID_8.mp4,2,240,16,custom_dataset\processed\VID_8\002\frame_0016.jpg
VID_8,VID_8.mp4,2,255,17,custom_dataset\processed\VID_8\002\frame_0017.jpg
VID_8,VID_8.mp4,2,270,18,custom_dataset\processed\VID_8\002\frame_0018.jpg
VID_8,VID_8.mp4,2,285,19,custom_dataset\processed\VID_8\002\frame_0019.jpg
VID_8,VID_8.mp4,2,300,20,custom_dataset\processed\VID_8\002\frame_0020.jpg
VID_8,VID_8.mp4,2,315,21,custom_dataset\processed\VID_8\002\frame_0021.jpg
VID_8,VID_8.mp4,2,330,22,custom_dataset\processed\VID_8\002\frame_0022.jpg
VID_8,VID_8.mp4,2,345,23,custom_dataset\processed\VID_8\002\frame_0023.jpg
VID_8,VID_8.mp4,2,360,24,custom_dataset\processed\VID_8\002\frame_0024.jpg
VID_8,VID_8.mp4,2,375,25,custom_dataset\processed\VID_8\002\frame_0025.jpg
VID_8,VID_8.mp4,2,390,26,custom_dataset\processed\VID_8\002\frame_0026.jpg
VID_8,VID_8.mp4,2,405,27,custom_dataset\processed\VID_8\002\frame_0027.jpg
VID_8,VID_8.mp4,2,420,28,custom_dataset\processed\VID_8\002\frame_0028.jpg
VID_8,VID_8.mp4,2,435,29,custom_dataset\processed\VID_8\002\frame_0029.jpg
VID_8,VID_8.mp4,2,450,30,custom_dataset\processed\VID_8\002\frame_0030.jpg
VID_8,VID_8.mp4,2,465,31,custom_dataset\processed\VID_8\002\frame_0031.jpg
VID_8,VID_8.mp4,2,480,32,custom_dataset\processed\VID_8\002\frame_0032.jpg
VID_8,VID_8.mp4,2,495,33,custom_dataset\processed\VID_8\002\frame_0033.jpg
VID_8,VID_8.mp4,2,510,34,custom_dataset\processed\VID_8\002\frame_0034.jpg
VID_8,VID_8.mp4,2,525,35,custom_dataset\processed\VID_8\002\frame_0035.jpg
VID_8,VID_8.mp4,2,540,36,custom_dataset\processed\VID_8\002\frame_0036.jpg
VID_8,VID_8.mp4,2,555,37,custom_dataset\processed\VID_8\002\frame_0037.jpg
VID_8,VID_8.mp4,2,570,38,custom_dataset\processed\VID_8\002\frame_0038.jpg
VID_8,VID_8.mp4,2,585,39,custom_dataset\processed\VID_8\002\frame_0039.jpg
VID_8,VID_8.mp4,2,600,40,custom_dataset\processed\VID_8\002\frame_0040.jpg
VID_8,VID_8.mp4,2,615,41,custom_dataset\processed\VID_8\002\frame_0041.jpg
VID_8,VID_8.mp4,2,630,42,custom_dataset\processed\VID_8\002\frame_0042.jpg
VID_8,VID_8.mp4,3,0,0,custom_dataset\processed\VID_8\003\frame_0000.jpg
VID_8,VID_8.mp4,3,15,1,custom_dataset\processed\VID_8\003\frame_0001.jpg
VID_8,VID_8.mp4,3,30,2,custom_dataset\processed\VID_8\003\frame_0002.jpg
VID_8,VID_8.mp4,3,45,3,custom_dataset\processed\VID_8\003\frame_0003.jpg
VID_8,VID_8.mp4,3,60,4,custom_dataset\processed\VID_8\003\frame_0004.jpg
VID_8,VID_8.mp4,3,75,5,custom_dataset\processed\VID_8\003\frame_0005.jpg
VID_8,VID_8.mp4,3,90,6,custom_dataset\processed\VID_8\003\frame_0006.jpg
VID_8,VID_8.mp4,3,105,7,custom_dataset\processed\VID_8\003\frame_0007.jpg
VID_8,VID_8.mp4,3,120,8,custom_dataset\processed\VID_8\003\frame_0008.jpg
VID_8,VID_8.mp4,3,135,9,custom_dataset\processed\VID_8\003\frame_0009.jpg
VID_8,VID_8.mp4,3,150,10,custom_dataset\processed\VID_8\003\frame_0010.jpg
VID_8,VID_8.mp4,3,165,11,custom_dataset\processed\VID_8\003\frame_0011.jpg
VID_8,VID_8.mp4,3,180,12,custom_dataset\processed\VID_8\003\frame_0012.jpg
VID_8,VID_8.mp4,3,195,13,custom_dataset\processed\VID_8\003\frame_0013.jpg
VID_8,VID_8.mp4,3,210,14,custom_dataset\processed\VID_8\003\frame_0014.jpg
VID_8,VID_8.mp4,3,225,15,custom_dataset\processed\VID_8\003\frame_0015.jpg
VID_8,VID_8.mp4,3,240,16,custom_dataset\processed\VID_8\003\frame_0016.jpg
VID_8,VID_8.mp4,3,255,17,custom_dataset\processed\VID_8\003\frame_0017.jpg
VID_8,VID_8.mp4,3,270,18,custom_dataset\processed\VID_8\003\frame_0018.jpg
VID_8,VID_8.mp4,3,285,19,custom_dataset\processed\VID_8\003\frame_0019.jpg
VID_8,VID_8.mp4,3,300,20,custom_dataset\processed\VID_8\003\frame_0020.jpg
VID_8,VID_8.mp4,3,315,21,custom_dataset\processed\VID_8\003\frame_0021.jpg
VID_8,VID_8.mp4,3,330,22,custom_dataset\processed\VID_8\003\frame_0022.jpg
VID_8,VID_8.mp4,3,345,23,custom_dataset\processed\VID_8\003\frame_0023.jpg
VID_8,VID_8.mp4,3,360,24,custom_dataset\processed\VID_8\003\frame_0024.jpg
VID_8,VID_8.mp4,3,375,25,custom_dataset\processed\VID_8\003\frame_0025.jpg
VID_8,VID_8.mp4,3,390,26,custom_dataset\processed\VID_8\003\frame_0026.jpg
VID_8,VID_8.mp4,3,405,27,custom_dataset\processed\VID_8\003\frame_0027.jpg
VID_8,VID_8.mp4,3,420,28,custom_dataset\processed\VID_8\003\frame_0028.jpg
VID_8,VID_8.mp4,3,450,30,custom_dataset\processed\VID_8\003\frame_0030.jpg
VID_8,VID_8.mp4,4,0,0,custom_dataset\processed\VID_8\004\frame_0000.jpg
VID_8,VID_8.mp4,4,15,1,custom_dataset\processed\VID_8\004\frame_0001.jpg
VID_8,VID_8.mp4,4,30,2,custom_dataset\processed\VID_8\004\frame_0002.jpg
VID_8,VID_8.mp4,4,45,3,custom_dataset\processed\VID_8\004\frame_0003.jpg
VID_8,VID_8.mp4,4,60,4,custom_dataset\processed\VID_8\004\frame_0004.jpg
VID_8,VID_8.mp4,4,75,5,custom_dataset\processed\VID_8\004\frame_0005.jpg
VID_8,VID_8.mp4,4,90,6,custom_dataset\processed\VID_8\004\frame_0006.jpg
VID_8,VID_8.mp4,4,105,7,custom_dataset\processed\VID_8\004\frame_0007.jpg
VID_8,VID_8.mp4,4,120,8,custom_dataset\processed\VID_8\004\frame_0008.jpg
VID_8,VID_8.mp4,4,135,9,custom_dataset\processed\VID_8\004\frame_0009.jpg
VID_8,VID_8.mp4,4,150,10,custom_dataset\processed\VID_8\004\frame_0010.jpg
VID_8,VID_8.mp4,4,165,11,custom_dataset\processed\VID_8\004\frame_0011.jpg
VID_8,VID_8.mp4,4,180,12,custom_dataset\processed\VID_8\004\frame_0012.jpg
VID_8,VID_8.mp4,4,195,13,custom_dataset\processed\VID_8\004\frame_0013.jpg
VID_8,VID_8.mp4,4,210,14,custom_dataset\processed\VID_8\004\frame_0014.jpg
VID_8,VID_8.mp4,4,225,15,custom_dataset\processed\VID_8\004\frame_0015.jpg
VID_8,VID_8.mp4,4,240,16,custom_dataset\processed\VID_8\004\frame_0016.jpg
VID_8,VID_8.mp4,4,255,17,custom_dataset\processed\VID_8\004\frame_0017.jpg
VID_8,VID_8.mp4,4,270,18,custom_dataset\processed\VID_8\004\frame_0018.jpg
VID_8,VID_8.mp4,4,285,19,custom_dataset\processed\VID_8\004\frame_0019.jpg
VID_8,VID_8.mp4,4,300,20,custom_dataset\processed\VID_8\004\frame_0020.jpg
VID_8,VID_8.mp4,4,315,21,custom_dataset\processed\VID_8\004\frame_0021.jpg
VID_8,VID_8.mp4,4,330,22,custom_dataset\processed\VID_8\004\frame_0022.jpg
VID_8,VID_8.mp4,4,345,23,custom_dataset\processed\VID_8\004\frame_0023.jpg
VID_8,VID_8.mp4,4,360,24,custom_dataset\processed\VID_8\004\frame_0024.jpg
VID_8,VID_8.mp4,4,375,25,custom_dataset\processed\VID_8\004\frame_0025.jpg
VID_8,VID_8.mp4,4,390,26,custom_dataset\processed\VID_8\004\frame_0026.jpg
VID_8,VID_8.mp4,4,405,27,custom_dataset\processed\VID_8\004\frame_0027.jpg
VID_8,VID_8.mp4,4,420,28,custom_dataset\processed\VID_8\004\frame_0028.jpg
VID_8,VID_8.mp4,4,435,29,custom_dataset\processed\VID_8\004\frame_0029.jpg
VID_8,VID_8.mp4,4,450,30,custom_dataset\processed\VID_8\004\frame_0030.jpg
VID_8,VID_8.mp4,4,465,31,custom_dataset\processed\VID_8\004\frame_0031.jpg
VID_8,VID_8.mp4,4,480,32,custom_dataset\processed\VID_8\004\frame_0032.jpg
VID_8,VID_8.mp4,4,495,33,custom_dataset\processed\VID_8\004\frame_0033.jpg
VID_8,VID_8.mp4,4,510,34,custom_dataset\processed\VID_8\004\frame_0034.jpg
VID_8,VID_8.mp4,4,525,35,custom_dataset\processed\VID_8\004\frame_0035.jpg
VID_8,VID_8.mp4,4,540,36,custom_dataset\processed\VID_8\004\frame_0036.jpg
VID_8,VID_8.mp4,4,555,37,custom_dataset\processed\VID_8\004\frame_0037.jpg
VID_8,VID_8.mp4,4,570,38,custom_dataset\processed\VID_8\004\frame_0038.jpg
VID_8,VID_8.mp4,4,585,39,custom_dataset\processed\VID_8\004\frame_0039.jpg
VID_8,VID_8.mp4,4,600,40,custom_dataset\processed\VID_8\004\frame_0040.jpg
VID_8,VID_8.mp4,4,615,41,custom_dataset\processed\VID_8\004\frame_0041.jpg
VID_8,VID_8.mp4,4,630,42,custom_dataset\processed\VID_8\004\frame_0042.jpg
VID_8,VID_8.mp4,5,0,0,custom_dataset\processed\VID_8\005\frame_0000.jpg
VID_8,VID_8.mp4,5,15,1,custom_dataset\processed\VID_8\005\frame_0001.jpg
VID_8,VID_8.mp4,5,30,2,custom_dataset\processed\VID_8\005\frame_0002.jpg
VID_8,VID_8.mp4,5,45,3,custom_dataset\processed\VID_8\005\frame_0003.jpg
VID_8,VID_8.mp4,5,60,4,custom_dataset\processed\VID_8\005\frame_0004.jpg
VID_8,VID_8.mp4,5,75,5,custom_dataset\processed\VID_8\005\frame_0005.jpg
VID_8,VID_8.mp4,5,90,6,custom_dataset\processed\VID_8\005\frame_0006.jpg
VID_8,VID_8.mp4,5,105,7,custom_dataset\processed\VID_8\005\frame_0007.jpg
VID_8,VID_8.mp4,5,120,8,custom_dataset\processed\VID_8\005\frame_0008.jpg
VID_8,VID_8.mp4,5,135,9,custom_dataset\processed\VID_8\005\frame_0009.jpg
VID_8,VID_8.mp4,5,150,10,custom_dataset\processed\VID_8\005\frame_0010.jpg
VID_8,VID_8.mp4,5,165,11,custom_dataset\processed\VID_8\005\frame_0011.jpg
VID_8,VID_8.mp4,6,0,0,custom_dataset\processed\VID_8\006\frame_0000.jpg
VID_8,VID_8.mp4,6,15,1,custom_dataset\processed\VID_8\006\frame_0001.jpg
VID_8,VID_8.mp4,6,30,2,custom_dataset\processed\VID_8\006\frame_0002.jpg
VID_8,VID_8.mp4,6,45,3,custom_dataset\processed\VID_8\006\frame_0003.jpg
VID_8,VID_8.mp4,6,60,4,custom_dataset\processed\VID_8\006\frame_0004.jpg
VID_8,VID_8.mp4,6,75,5,custom_dataset\processed\VID_8\006\frame_0005.jpg
VID_8,VID_8.mp4,6,90,6,custom_dataset\processed\VID_8\006\frame_0006.jpg
VID_8,VID_8.mp4,6,105,7,custom_dataset\processed\VID_8\006\frame_0007.jpg
VID_8,VID_8.mp4,6,150,10,custom_dataset\processed\VID_8\006\frame_0010.jpg
VID_8,VID_8.mp4,6,180,12,custom_dataset\processed\VID_8\006\frame_0012.jpg
VID_8,VID_8.mp4,6,195,13,custom_dataset\processed\VID_8\006\frame_0013.jpg
VID_8,VID_8.mp4,6,210,14,custom_dataset\processed\VID_8\006\frame_0014.jpg
VID_8,VID_8.mp4,6,225,15,custom_dataset\processed\VID_8\006\frame_0015.jpg
VID_8,VID_8.mp4,6,240,16,custom_dataset\processed\VID_8\006\frame_0016.jpg
VID_8,VID_8.mp4,6,255,17,custom_dataset\processed\VID_8\006\frame_0017.jpg
VID_8,VID_8.mp4,6,270,18,custom_dataset\processed\VID_8\006\frame_0018.jpg
VID_8,VID_8.mp4,6,285,19,custom_dataset\processed\VID_8\006\frame_0019.jpg
VID_8,VID_8.mp4,6,300,20,custom_dataset\processed\VID_8\006\frame_0020.jpg
VID_8,VID_8.mp4,6,315,21,custom_dataset\processed\VID_8\006\frame_0021.jpg
VID_8,VID_8.mp4,6,330,22,custom_dataset\processed\VID_8\006\frame_0022.jpg
VID_8,VID_8.mp4,6,345,23,custom_dataset\processed\VID_8\006\frame_0023.jpg
VID_8,VID_8.mp4,6,360,24,custom_dataset\processed\VID_8\006\frame_0024.jpg
VID_8,VID_8.mp4,6,375,25,custom_dataset\processed\VID_8\006\frame_0025.jpg
VID_8,VID_8.mp4,6,390,26,custom_dataset\processed\VID_8\006\frame_0026.jpg
VID_8,VID_8.mp4,6,405,27,custom_dataset\processed\VID_8\006\frame_0027.jpg
VID_8,VID_8.mp4,6,420,28,custom_dataset\processed\VID_8\006\frame_0028.jpg
VID_8,VID_8.mp4,6,435,29,custom_dataset\processed\VID_8\006\frame_0029.jpg
VID_8,VID_8.mp4,6,450,30,custom_dataset\processed\VID_8\006\frame_0030.jpg
VID_8,VID_8.mp4,6,465,31,custom_dataset\processed\VID_8\006\frame_0031.jpg
VID_8,VID_8.mp4,6,480,32,custom_dataset\processed\VID_8\006\frame_0032.jpg
VID_8,VID_8.mp4,6,495,33,custom_dataset\processed\VID_8\006\frame_0033.jpg
VID_8,VID_8.mp4,6,510,34,custom_dataset\processed\VID_8\006\frame_0034.jpg
VID_8,VID_8.mp4,6,525,35,custom_dataset\processed\VID_8\006\frame_0035.jpg
VID_8,VID_8.mp4,6,540,36,custom_dataset\processed\VID_8\006\frame_0036.jpg
VID_8,VID_8.mp4,6,555,37,custom_dataset\processed\VID_8\006\frame_0037.jpg
VID_8,VID_8.mp4,6,570,38,custom_dataset\processed\VID_8\006\frame_0038.jpg
VID_8,VID_8.mp4,6,585,39,custom_dataset\processed\VID_8\006\frame_0039.jpg
VID_8,VID_8.mp4,6,600,40,custom_dataset\processed\VID_8\006\frame_0040.jpg
VID_8,VID_8.mp4,6,615,41,custom_dataset\processed\VID_8\006\frame_0041.jpg
VID_8,VID_8.mp4,6,630,42,custom_dataset\processed\VID_8\006\frame_0042.jpg
VID_8,VID_8.mp4,7,0,0,custom_dataset\processed\VID_8\007\frame_0000.jpg
VID_8,VID_8.mp4,7,15,1,custom_dataset\processed\VID_8\007\frame_0001.jpg
VID_8,VID_8.mp4,7,30,2,custom_dataset\processed\VID_8\007\frame_0002.jpg
VID_8,VID_8.mp4,7,60,4,custom_dataset\processed\VID_8\007\frame_0004.jpg
VID_8,VID_8.mp4,7,75,5,custom_dataset\processed\VID_8\007\frame_0005.jpg
VID_8,VID_8.mp4,7,90,6,custom_dataset\processed\VID_8\007\frame_0006.jpg
VID_8,VID_8.mp4,7,105,7,custom_dataset\processed\VID_8\007\frame_0007.jpg
VID_8,VID_8.mp4,7,120,8,custom_dataset\processed\VID_8\007\frame_0008.jpg
VID_8,VID_8.mp4,7,135,9,custom_dataset\processed\VID_8\007\frame_0009.jpg
VID_8,VID_8.mp4,7,150,10,custom_dataset\processed\VID_8\007\frame_0010.jpg
VID_8,VID_8.mp4,7,165,11,custom_dataset\processed\VID_8\007\frame_0011.jpg
VID_8,VID_8.mp4,7,180,12,custom_dataset\processed\VID_8\007\frame_0012.jpg
VID_8,VID_8.mp4,7,195,13,custom_dataset\processed\VID_8\007\frame_0013.jpg
VID_8,VID_8.mp4,7,210,14,custom_dataset\processed\VID_8\007\frame_0014.jpg
VID_8,VID_8.mp4,7,225,15,custom_dataset\processed\VID_8\007\frame_0015.jpg
VID_8,VID_8.mp4,7,240,16,custom_dataset\processed\VID_8\007\frame_0016.jpg
VID_8,VID_8.mp4,7,255,17,custom_dataset\processed\VID_8\007\frame_0017.jpg
VID_8,VID_8.mp4,7,270,18,custom_dataset\processed\VID_8\007\frame_0018.jpg
VID_8,VID_8.mp4,7,285,19,custom_dataset\processed\VID_8\007\frame_0019.jpg
VID_8,VID_8.mp4,7,300,20,custom_dataset\processed\VID_8\007\frame_0020.jpg
VID_8,VID_8.mp4,8,0,0,custom_dataset\processed\VID_8\008\frame_0000.jpg
VID_8,VID_8.mp4,8,15,1,custom_dataset\processed\VID_8\008\frame_0001.jpg
VID_8,VID_8.mp4,8,30,2,custom_dataset\processed\VID_8\008\frame_0002.jpg
VID_8,VID_8.mp4,8,45,3,custom_dataset\processed\VID_8\008\frame_0003.jpg
VID_8,VID_8.mp4,8,90,6,custom_dataset\processed\VID_8\008\frame_0006.jpg
VID_8,VID_8.mp4,8,120,8,custom_dataset\processed\VID_8\008\frame_0008.jpg
VID_8,VID_8.mp4,8,135,9,custom_dataset\processed\VID_8\008\frame_0009.jpg
VID_8,VID_8.mp4,8,150,10,custom_dataset\processed\VID_8\008\frame_0010.jpg
VID_8,VID_8.mp4,8,165,11,custom_dataset\processed\VID_8\008\frame_0011.jpg
VID_8,VID_8.mp4,8,180,12,custom_dataset\processed\VID_8\008\frame_0012.jpg
VID_8,VID_8.mp4,8,195,13,custom_dataset\processed\VID_8\008\frame_0013.jpg
VID_8,VID_8.mp4,8,210,14,custom_dataset\processed\VID_8\008\frame_0014.jpg
VID_8,VID_8.mp4,8,225,15,custom_dataset\processed\VID_8\008\frame_0015.jpg
VID_8,VID_8.mp4,8,240,16,custom_dataset\processed\VID_8\008\frame_0016.jpg
VID_8,VID_8.mp4,8,270,18,custom_dataset\processed\VID_8\008\frame_0018.jpg
VID_8,VID_8.mp4,8,285,19,custom_dataset\processed\VID_8\008\frame_0019.jpg
VID_8,VID_8.mp4,8,300,20,custom_dataset\processed\VID_8\008\frame_0020.jpg
VID_8,VID_8.mp4,8,345,23,custom_dataset\processed\VID_8\008\frame_0023.jpg
VID_8,VID_8.mp4,8,375,25,custom_dataset\processed\VID_8\008\frame_0025.jpg
VID_8,VID_8.mp4,8,390,26,custom_dataset\processed\VID_8\008\frame_0026.jpg
VID_8,VID_8.mp4,8,420,28,custom_dataset\processed\VID_8\008\frame_0028.jpg
VID_8,VID_8.mp4,8,435,29,custom_dataset\processed\VID_8\008\frame_0029.jpg
VID_8,VID_8.mp4,8,465,31,custom_dataset\processed\VID_8\008\frame_0031.jpg
VID_8,VID_8.mp4,8,480,32,custom_dataset\processed\VID_8\008\frame_0032.jpg
VID_8,VID_8.mp4,8,495,33,custom_dataset\processed\VID_8\008\frame_0033.jpg
VID_8,VID_8.mp4,8,510,34,custom_dataset\processed\VID_8\008\frame_0034.jpg
VID_8,VID_8.mp4,8,525,35,custom_dataset\processed\VID_8\008\frame_0035.jpg
VID_8,VID_8.mp4,8,540,36,custom_dataset\processed\VID_8\008\frame_0036.jpg
VID_8,VID_8.mp4,8,570,38,custom_dataset\processed\VID_8\008\frame_0038.jpg
VID_8,VID_8.mp4,8,585,39,custom_dataset\processed\VID_8\008\frame_0039.jpg
VID_8,VID_8.mp4,8,600,40,custom_dataset\processed\VID_8\008\frame_0040.jpg
VID_8,VID_8.mp4,8,615,41,custom_dataset\processed\VID_8\008\frame_0041.jpg
VID_8,VID_8.mp4,9,0,0,custom_dataset\processed\VID_8\009\frame_0000.jpg
VID_8,VID_8.mp4,9,30,2,custom_dataset\processed\VID_8\009\frame_0002.jpg
VID_8,VID_8.mp4,9,60,4,custom_dataset\processed\VID_8\009\frame_0004.jpg
VID_8,VID_8.mp4,9,105,7,custom_dataset\processed\VID_8\009\frame_0007.jpg
VID_8,VID_8.mp4,9,120,8,custom_dataset\processed\VID_8\009\frame_0008.jpg
VID_8,VID_8.mp4,9,165,11,custom_dataset\processed\VID_8\009\frame_0011.jpg
VID_8,VID_8.mp4,9,180,12,custom_dataset\processed\VID_8\009\frame_0012.jpg
VID_8,VID_8.mp4,9,210,14,custom_dataset\processed\VID_8\009\frame_0014.jpg
VID_8,VID_8.mp4,9,270,18,custom_dataset\processed\VID_8\009\frame_0018.jpg
VID_8,VID_8.mp4,9,300,20,custom_dataset\processed\VID_8\009\frame_0020.jpg
VID_8,VID_8.mp4,9,315,21,custom_dataset\processed\VID_8\009\frame_0021.jpg
VID_8,VID_8.mp4,9,330,22,custom_dataset\processed\VID_8\009\frame_0022.jpg
VID_8,VID_8.mp4,9,345,23,custom_dataset\processed\VID_8\009\frame_0023.jpg
VID_8,VID_8.mp4,15,90,6,custom_dataset\processed\VID_8\015\frame_0006.jpg
VID_8,VID_8.mp4,15,105,7,custom_dataset\processed\VID_8\015\frame_0007.jpg
VID_8,VID_8.mp4,15,120,8,custom_dataset\processed\VID_8\015\frame_0008.jpg
VID_8,VID_8.mp4,15,135,9,custom_dataset\processed\VID_8\015\frame_0009.jpg
VID_8,VID_8.mp4,15,150,10,custom_dataset\processed\VID_8\015\frame_0010.jpg
VID_8,VID_8.mp4,15,165,11,custom_dataset\processed\VID_8\015\frame_0011.jpg
VID_8,VID_8.mp4,15,180,12,custom_dataset\processed\VID_8\015\frame_0012.jpg
VID_8,VID_8.mp4,15,195,13,custom_dataset\processed\VID_8\015\frame_0013.jpg
VID_8,VID_8.mp4,15,210,14,custom_dataset\processed\VID_8\015\frame_0014.jpg
VID_8,VID_8.mp4,15,225,15,custom_dataset\processed\VID_8\015\frame_0015.jpg
VID_8,VID_8.mp4,15,240,16,custom_dataset\processed\VID_8\015\frame_0016.jpg
VID_8,VID_8.mp4,15,255,17,custom_dataset\processed\VID_8\015\frame_0017.jpg
VID_8,VID_8.mp4,15,270,18,custom_dataset\processed\VID_8\015\frame_0018.jpg
VID_8,VID_8.mp4,15,285,19,custom_dataset\processed\VID_8\015\frame_0019.jpg
VID_8,VID_8.mp4,15,300,20,custom_dataset\processed\VID_8\015\frame_0020.jpg
VID_8,VID_8.mp4,15,315,21,custom_dataset\processed\VID_8\015\frame_0021.jpg
VID_8,VID_8.mp4,15,330,22,custom_dataset\processed\VID_8\015\frame_0022.jpg
VID_8,VID_8.mp4,15,345,23,custom_dataset\processed\VID_8\015\frame_0023.jpg
VID_8,VID_8.mp4,15,360,24,custom_dataset\processed\VID_8\015\frame_0024.jpg
VID_8,VID_8.mp4,15,375,25,custom_dataset\processed\VID_8\015\frame_0025.jpg
VID_8,VID_8.mp4,15,390,26,custom_dataset\processed\VID_8\015\frame_0026.jpg
VID_8,VID_8.mp4,15,405,27,custom_dataset\processed\VID_8\015\frame_0027.jpg
VID_8,VID_8.mp4,15,420,28,custom_dataset\processed\VID_8\015\frame_0028.jpg
VID_8,VID_8.mp4,15,435,29,custom_dataset\processed\VID_8\015\frame_0029.jpg
VID_8,VID_8.mp4,15,450,30,custom_dataset\processed\VID_8\015\frame_0030.jpg
VID_8,VID_8.mp4,15,465,31,custom_dataset\processed\VID_8\015\frame_0031.jpg
VID_8,VID_8.mp4,15,480,32,custom_dataset\processed\VID_8\015\frame_0032.jpg
VID_8,VID_8.mp4,15,495,33,custom_dataset\processed\VID_8\015\frame_0033.jpg
VID_8,VID_8.mp4,15,510,34,custom_dataset\processed\VID_8\015\frame_0034.jpg
VID_8,VID_8.mp4,15,525,35,custom_dataset\processed\VID_8\015\frame_0035.jpg
VID_8,VID_8.mp4,15,540,36,custom_dataset\processed\VID_8\015\frame_0036.jpg
VID_8,VID_8.mp4,15,555,37,custom_dataset\processed\VID_8\015\frame_0037.jpg
VID_8,VID_8.mp4,15,570,38,custom_dataset\processed\VID_8\015\frame_0038.jpg
VID_8,VID_8.mp4,15,585,39,custom_dataset\processed\VID_8\015\frame_0039.jpg
VID_8,VID_8.mp4,15,600,40,custom_dataset\processed\VID_8\015\frame_0040.jpg
VID_8,VID_8.mp4,15,615,41,custom_dataset\processed\VID_8\015\frame_0041.jpg
VID_8,VID_8.mp4,15,630,42,custom_dataset\processed\VID_8\015\frame_0042.jpg
VID_8,VID_8.mp4,16,105,7,custom_dataset\processed\VID_8\016\frame_0007.jpg
VID_8,VID_8.mp4,16,120,8,custom_dataset\processed\VID_8\016\frame_0008.jpg
VID_8,VID_8.mp4,16,135,9,custom_dataset\processed\VID_8\016\frame_0009.jpg
VID_8,VID_8.mp4,16,150,10,custom_dataset\processed\VID_8\016\frame_0010.jpg
VID_8,VID_8.mp4,16,165,11,custom_dataset\processed\VID_8\016\frame_0011.jpg
VID_8,VID_8.mp4,16,180,12,custom_dataset\processed\VID_8\016\frame_0012.jpg
VID_8,VID_8.mp4,16,195,13,custom_dataset\processed\VID_8\016\frame_0013.jpg
VID_8,VID_8.mp4,16,210,14,custom_dataset\processed\VID_8\016\frame_0014.jpg
VID_8,VID_8.mp4,16,225,15,custom_dataset\processed\VID_8\016\frame_0015.jpg
VID_8,VID_8.mp4,16,240,16,custom_dataset\processed\VID_8\016\frame_0016.jpg
VID_8,VID_8.mp4,16,255,17,custom_dataset\processed\VID_8\016\frame_0017.jpg
VID_8,VID_8.mp4,16,270,18,custom_dataset\processed\VID_8\016\frame_0018.jpg
VID_8,VID_8.mp4,16,285,19,custom_dataset\processed\VID_8\016\frame_0019.jpg
VID_8,VID_8.mp4,16,300,20,custom_dataset\processed\VID_8\016\frame_0020.jpg
VID_8,VID_8.mp4,16,315,21,custom_dataset\processed\VID_8\016\frame_0021.jpg
VID_8,VID_8.mp4,16,330,22,custom_dataset\processed\VID_8\016\frame_0022.jpg
VID_8,VID_8.mp4,16,345,23,custom_dataset\processed\VID_8\016\frame_0023.jpg
VID_8,VID_8.mp4,16,360,24,custom_dataset\processed\VID_8\016\frame_0024.jpg
VID_8,VID_8.mp4,16,375,25,custom_dataset\processed\VID_8\016\frame_0025.jpg
VID_8,VID_8.mp4,16,390,26,custom_dataset\processed\VID_8\016\frame_0026.jpg
VID_8,VID_8.mp4,20,285,19,custom_dataset\processed\VID_8\020\frame_0019.jpg
VID_8,VID_8.mp4,20,300,20,custom_dataset\processed\VID_8\020\frame_0020.jpg
VID_8,VID_8.mp4,20,315,21,custom_dataset\processed\VID_8\020\frame_0021.jpg
VID_8,VID_8.mp4,20,330,22,custom_dataset\processed\VID_8\020\frame_0022.jpg
VID_8,VID_8.mp4,20,345,23,custom_dataset\processed\VID_8\020\frame_0023.jpg
VID_8,VID_8.mp4,20,360,24,custom_dataset\processed\VID_8\020\frame_0024.jpg
VID_8,VID_8.mp4,20,375,25,custom_dataset\processed\VID_8\020\frame_0025.jpg
VID_8,VID_8.mp4,20,390,26,custom_dataset\processed\VID_8\020\frame_0026.jpg
VID_8,VID_8.mp4,20,405,27,custom_dataset\processed\VID_8\020\frame_0027.jpg
VID_8,VID_8.mp4,20,420,28,custom_dataset\processed\VID_8\020\frame_0028.jpg
VID_8,VID_8.mp4,20,450,30,custom_dataset\processed\VID_8\020\frame_0030.jpg
VID_8,VID_8.mp4,20,465,31,custom_dataset\processed\VID_8\020\frame_0031.jpg
VID_8,VID_8.mp4,22,345,23,custom_dataset\processed\VID_8\022\frame_0023.jpg
VID_8,VID_8.mp4,22,375,25,custom_dataset\processed\VID_8\022\frame_0025.jpg
VID_8,VID_8.mp4,22,390,26,custom_dataset\processed\VID_8\022\frame_0026.jpg
VID_8,VID_8.mp4,22,420,28,custom_dataset\processed\VID_8\022\frame_0028.jpg
VID_8,VID_8.mp4,22,435,29,custom_dataset\processed\VID_8\022\frame_0029.jpg
VID_8,VID_8.mp4,22,465,31,custom_dataset\processed\VID_8\022\frame_0031.jpg
VID_8,VID_8.mp4,22,480,32,custom_dataset\processed\VID_8\022\frame_0032.jpg
VID_8,VID_8.mp4,22,495,33,custom_dataset\processed\VID_8\022\frame_0033.jpg
VID_8,VID_8.mp4,22,510,34,custom_dataset\processed\VID_8\022\frame_0034.jpg
VID_8,VID_8.mp4,22,525,35,custom_dataset\processed\VID_8\022\frame_0035.jpg
VID_8,VID_8.mp4,22,540,36,custom_dataset\processed\VID_8\022\frame_0036.jpg
VID_8,VID_8.mp4,22,555,37,custom_dataset\processed\VID_8\022\frame_0037.jpg
VID_8,VID_8.mp4,22,570,38,custom_dataset\processed\VID_8\022\frame_0038.jpg
VID_8,VID_8.mp4,22,585,39,custom_dataset\processed\VID_8\022\frame_0039.jpg
VID_8,VID_8.mp4,22,600,40,custom_dataset\processed\VID_8\022\frame_0040.jpg
VID_8,VID_8.mp4,22,615,41,custom_dataset\processed\VID_8\022\frame_0041.jpg
VID_8,VID_8.mp4,22,630,42,custom_dataset\processed\VID_8\022\frame_0042.jpg
VID_8,VID_8.mp4,23,390,26,custom_dataset\processed\VID_8\023\frame_0026.jpg
VID_8,VID_8.mp4,23,405,27,custom_dataset\processed\VID_8\023\frame_0027.jpg
VID_8,VID_8.mp4,23,435,29,custom_dataset\processed\VID_8\023\frame_0029.jpg
VID_8,VID_8.mp4,23,450,30,custom_dataset\processed\VID_8\023\frame_0030.jpg
VID_8,VID_8.mp4,23,465,31,custom_dataset\processed\VID_8\023\frame_0031.jpg
VID_8,VID_8.mp4,23,480,32,custom_dataset\processed\VID_8\023\frame_0032.jpg
VID_8,VID_8.mp4,23,495,33,custom_dataset\processed\VID_8\023\frame_0033.jpg
VID_8,VID_8.mp4,23,510,34,custom_dataset\processed\VID_8\023\frame_0034.jpg
VID_8,VID_8.mp4,23,525,35,custom_dataset\processed\VID_8\023\frame_0035.jpg
VID_8,VID_8.mp4,23,540,36,custom_dataset\processed\VID_8\023\frame_0036.jpg
VID_8,VID_8.mp4,25,435,29,custom_dataset\processed\VID_8\025\frame_0029.jpg
VID_8,VID_8.mp4,25,480,32,custom_dataset\processed\VID_8\025\frame_0032.jpg
VID_8,VID_8.mp4,25,525,35,custom_dataset\processed\VID_8\025\frame_0035.jpg
VID_8,VID_8.mp4,25,540,36,custom_dataset\processed\VID_8\025\frame_0036.jpg
VID_8,VID_8.mp4,25,570,38,custom_dataset\processed\VID_8\025\frame_0038.jpg
VID_8,VID_8.mp4,25,585,39,custom_dataset\processed\VID_8\025\frame_0039.jpg
VID_8,VID_8.mp4,25,600,40,custom_dataset\processed\VID_8\025\frame_0040.jpg
VID_8,VID_8.mp4,25,615,41,custom_dataset\processed\VID_8\025\frame_0041.jpg
VID_8,VID_8.mp4,25,630,42,custom_dataset\processed\VID_8\025\frame_0042.jpg
VID_8,VID_8.mp4,26,480,32,custom_dataset\processed\VID_8\026\frame_0032.jpg
VID_8,VID_8.mp4,26,495,33,custom_dataset\processed\VID_8\026\frame_0033.jpg
VID_8,VID_8.mp4,26,510,34,custom_dataset\processed\VID_8\026\frame_0034.jpg
VID_8,VID_8.mp4,26,525,35,custom_dataset\processed\VID_8\026\frame_0035.jpg
VID_8,VID_8.mp4,26,540,36,custom_dataset\processed\VID_8\026\frame_0036.jpg
VID_8,VID_8.mp4,26,555,37,custom_dataset\processed\VID_8\026\frame_0037.jpg
VID_8,VID_8.mp4,26,570,38,custom_dataset\processed\VID_8\026\frame_0038.jpg
VID_8,VID_8.mp4,26,585,39,custom_dataset\processed\VID_8\026\frame_0039.jpg
VID_8,VID_8.mp4,26,600,40,custom_dataset\processed\VID_8\026\frame_0040.jpg
VID_8,VID_8.mp4,26,615,41,custom_dataset\processed\VID_8\026\frame_0041.jpg
VID_8,VID_8.mp4,26,630,42,custom_dataset\processed\VID_8\026\frame_0042.jpg
VID_9,VID_9.mp4,1,0,0,custom_dataset\processed\VID_9\001\frame_0000.jpg
VID_9,VID_9.mp4,1,0,0,custom_dataset\processed\VID_9\001\frame_0000.jpg
VID_9,VID_9.mp4,1,15,1,custom_dataset\processed\VID_9\001\frame_0001.jpg
VID_9,VID_9.mp4,1,30,2,custom_dataset\processed\VID_9\001\frame_0002.jpg
VID_9,VID_9.mp4,1,45,3,custom_dataset\processed\VID_9\001\frame_0003.jpg
VID_9,VID_9.mp4,1,60,4,custom_dataset\processed\VID_9\001\frame_0004.jpg
VID_9,VID_9.mp4,1,75,5,custom_dataset\processed\VID_9\001\frame_0005.jpg
VID_9,VID_9.mp4,1,90,6,custom_dataset\processed\VID_9\001\frame_0006.jpg
VID_9,VID_9.mp4,1,105,7,custom_dataset\processed\VID_9\001\frame_0007.jpg
VID_9,VID_9.mp4,1,120,8,custom_dataset\processed\VID_9\001\frame_0008.jpg
VID_9,VID_9.mp4,1,135,9,custom_dataset\processed\VID_9\001\frame_0009.jpg
VID_9,VID_9.mp4,1,150,10,custom_dataset\processed\VID_9\001\frame_0010.jpg
VID_9,VID_9.mp4,1,165,11,custom_dataset\processed\VID_9\001\frame_0011.jpg
VID_9,VID_9.mp4,1,180,12,custom_dataset\processed\VID_9\001\frame_0012.jpg
VID_9,VID_9.mp4,1,195,13,custom_dataset\processed\VID_9\001\frame_0013.jpg
VID_9,VID_9.mp4,1,210,14,custom_dataset\processed\VID_9\001\frame_0014.jpg
VID_9,VID_9.mp4,1,225,15,custom_dataset\processed\VID_9\001\frame_0015.jpg
VID_9,VID_9.mp4,1,240,16,custom_dataset\processed\VID_9\001\frame_0016.jpg
VID_9,VID_9.mp4,1,255,17,custom_dataset\processed\VID_9\001\frame_0017.jpg
VID_9,VID_9.mp4,1,270,18,custom_dataset\processed\VID_9\001\frame_0018.jpg
VID_9,VID_9.mp4,1,285,19,custom_dataset\processed\VID_9\001\frame_0019.jpg
VID_9,VID_9.mp4,1,300,20,custom_dataset\processed\VID_9\001\frame_0020.jpg
VID_9,VID_9.mp4,1,315,21,custom_dataset\processed\VID_9\001\frame_0021.jpg
VID_9,VID_9.mp4,1,330,22,custom_dataset\processed\VID_9\001\frame_0022.jpg
VID_9,VID_9.mp4,1,345,23,custom_dataset\processed\VID_9\001\frame_0023.jpg
VID_9,VID_9.mp4,1,360,24,custom_dataset\processed\VID_9\001\frame_0024.jpg
VID_9,VID_9.mp4,1,375,25,custom_dataset\processed\VID_9\001\frame_0025.jpg
VID_9,VID_9.mp4,1,390,26,custom_dataset\processed\VID_9\001\frame_0026.jpg
VID_9,VID_9.mp4,1,405,27,custom_dataset\processed\VID_9\001\frame_0027.jpg
VID_9,VID_9.mp4,1,420,28,custom_dataset\processed\VID_9\001\frame_0028.jpg
VID_9,VID_9.mp4,1,435,29,custom_dataset\processed\VID_9\001\frame_0029.jpg
VID_9,VID_9.mp4,1,450,30,custom_dataset\processed\VID_9\001\frame_0030.jpg
VID_9,VID_9.mp4,1,465,31,custom_dataset\processed\VID_9\001\frame_0031.jpg
VID_9,VID_9.mp4,1,480,32,custom_dataset\processed\VID_9\001\frame_0032.jpg
VID_9,VID_9.mp4,1,495,33,custom_dataset\processed\VID_9\001\frame_0033.jpg
VID_9,VID_9.mp4,1,510,34,custom_dataset\processed\VID_9\001\frame_0034.jpg
VID_9,VID_9.mp4,1,525,35,custom_dataset\processed\VID_9\001\frame_0035.jpg
VID_9,VID_9.mp4,1,540,36,custom_dataset\processed\VID_9\001\frame_0036.jpg
VID_9,VID_9.mp4,1,555,37,custom_dataset\processed\VID_9\001\frame_0037.jpg
VID_9,VID_9.mp4,1,570,38,custom_dataset\processed\VID_9\001\frame_0038.jpg
VID_9,VID_9.mp4,1,585,39,custom_dataset\processed\VID_9\001\frame_0039.jpg
VID_9,VID_9.mp4,1,600,40,custom_dataset\processed\VID_9\001\frame_0040.jpg
VID_9,VID_9.mp4,1,615,41,custom_dataset\processed\VID_9\001\frame_0041.jpg
VID_9,VID_9.mp4,3,0,0,custom_dataset\processed\VID_9\003\frame_0000.jpg
VID_9,VID_9.mp4,3,15,1,custom_dataset\processed\VID_9\003\frame_0001.jpg
VID_9,VID_9.mp4,3,30,2,custom_dataset\processed\VID_9\003\frame_0002.jpg
VID_9,VID_9.mp4,3,45,3,custom_dataset\processed\VID_9\003\frame_0003.jpg
VID_9,VID_9.mp4,3,60,4,custom_dataset\processed\VID_9\003\frame_0004.jpg
VID_9,VID_9.mp4,3,75,5,custom_dataset\processed\VID_9\003\frame_0005.jpg
VID_9,VID_9.mp4,3,90,6,custom_dataset\processed\VID_9\003\frame_0006.jpg
VID_9,VID_9.mp4,3,105,7,custom_dataset\processed\VID_9\003\frame_0007.jpg
VID_9,VID_9.mp4,3,120,8,custom_dataset\processed\VID_9\003\frame_0008.jpg
VID_9,VID_9.mp4,3,135,9,custom_dataset\processed\VID_9\003\frame_0009.jpg
VID_9,VID_9.mp4,3,150,10,custom_dataset\processed\VID_9\003\frame_0010.jpg
VID_9,VID_9.mp4,3,165,11,custom_dataset\processed\VID_9\003\frame_0011.jpg
VID_9,VID_9.mp4,6,0,0,custom_dataset\processed\VID_9\006\frame_0000.jpg
VID_9,VID_9.mp4,6,15,1,custom_dataset\processed\VID_9\006\frame_0001.jpg
VID_9,VID_9.mp4,6,30,2,custom_dataset\processed\VID_9\006\frame_0002.jpg
VID_9,VID_9.mp4,6,60,4,custom_dataset\processed\VID_9\006\frame_0004.jpg
VID_9,VID_9.mp4,6,75,5,custom_dataset\processed\VID_9\006\frame_0005.jpg
VID_9,VID_9.mp4,6,90,6,custom_dataset\processed\VID_9\006\frame_0006.jpg
VID_9,VID_9.mp4,6,105,7,custom_dataset\processed\VID_9\006\frame_0007.jpg
VID_9,VID_9.mp4,6,120,8,custom_dataset\processed\VID_9\006\frame_0008.jpg
VID_9,VID_9.mp4,6,135,9,custom_dataset\processed\VID_9\006\frame_0009.jpg
VID_9,VID_9.mp4,6,150,10,custom_dataset\processed\VID_9\006\frame_0010.jpg
VID_9,VID_9.mp4,7,0,0,custom_dataset\processed\VID_9\007\frame_0000.jpg
VID_9,VID_9.mp4,7,15,1,custom_dataset\processed\VID_9\007\frame_0001.jpg
VID_9,VID_9.mp4,7,30,2,custom_dataset\processed\VID_9\007\frame_0002.jpg
VID_9,VID_9.mp4,7,45,3,custom_dataset\processed\VID_9\007\frame_0003.jpg
VID_9,VID_9.mp4,7,60,4,custom_dataset\processed\VID_9\007\frame_0004.jpg
VID_9,VID_9.mp4,7,75,5,custom_dataset\processed\VID_9\007\frame_0005.jpg
VID_9,VID_9.mp4,7,90,6,custom_dataset\processed\VID_9\007\frame_0006.jpg
VID_9,VID_9.mp4,7,105,7,custom_dataset\processed\VID_9\007\frame_0007.jpg
VID_9,VID_9.mp4,7,120,8,custom_dataset\processed\VID_9\007\frame_0008.jpg
VID_9,VID_9.mp4,7,135,9,custom_dataset\processed\VID_9\007\frame_0009.jpg
VID_9,VID_9.mp4,7,150,10,custom_dataset\processed\VID_9\007\frame_0010.jpg
VID_9,VID_9.mp4,7,165,11,custom_dataset\processed\VID_9\007\frame_0011.jpg
VID_9,VID_9.mp4,7,180,12,custom_dataset\processed\VID_9\007\frame_0012.jpg
VID_9,VID_9.mp4,7,195,13,custom_dataset\processed\VID_9\007\frame_0013.jpg
VID_9,VID_9.mp4,7,210,14,custom_dataset\processed\VID_9\007\frame_0014.jpg
VID_9,VID_9.mp4,7,225,15,custom_dataset\processed\VID_9\007\frame_0015.jpg
VID_9,VID_9.mp4,7,255,17,custom_dataset\processed\VID_9\007\frame_0017.jpg
VID_9,VID_9.mp4,7,270,18,custom_dataset\processed\VID_9\007\frame_0018.jpg
VID_9,VID_9.mp4,7,285,19,custom_dataset\processed\VID_9\007\frame_0019.jpg
VID_9,VID_9.mp4,7,300,20,custom_dataset\processed\VID_9\007\frame_0020.jpg
VID_9,VID_9.mp4,7,360,24,custom_dataset\processed\VID_9\007\frame_0024.jpg
VID_9,VID_9.mp4,7,375,25,custom_dataset\processed\VID_9\007\frame_0025.jpg
VID_9,VID_9.mp4,7,390,26,custom_dataset\processed\VID_9\007\frame_0026.jpg
VID_9,VID_9.mp4,7,405,27,custom_dataset\processed\VID_9\007\frame_0027.jpg
VID_9,VID_9.mp4,7,420,28,custom_dataset\processed\VID_9\007\frame_0028.jpg
VID_9,VID_9.mp4,7,435,29,custom_dataset\processed\VID_9\007\frame_0029.jpg
VID_9,VID_9.mp4,7,450,30,custom_dataset\processed\VID_9\007\frame_0030.jpg
VID_9,VID_9.mp4,7,465,31,custom_dataset\processed\VID_9\007\frame_0031.jpg
VID_9,VID_9.mp4,7,480,32,custom_dataset\processed\VID_9\007\frame_0032.jpg
VID_9,VID_9.mp4,7,540,36,custom_dataset\processed\VID_9\007\frame_0036.jpg
VID_9,VID_9.mp4,7,555,37,custom_dataset\processed\VID_9\007\frame_0037.jpg
VID_9,VID_9.mp4,7,570,38,custom_dataset\processed\VID_9\007\frame_0038.jpg
VID_9,VID_9.mp4,7,585,39,custom_dataset\processed\VID_9\007\frame_0039.jpg
VID_9,VID_9.mp4,7,600,40,custom_dataset\processed\VID_9\007\frame_0040.jpg
VID_9,VID_9.mp4,7,615,41,custom_dataset\processed\VID_9\007\frame_0041.jpg
VID_9,VID_9.mp4,8,15,1,custom_dataset\processed\VID_9\008\frame_0001.jpg
VID_9,VID_9.mp4,8,30,2,custom_dataset\processed\VID_9\008\frame_0002.jpg
VID_9,VID_9.mp4,8,45,3,custom_dataset\processed\VID_9\008\frame_0003.jpg
VID_9,VID_9.mp4,8,60,4,custom_dataset\processed\VID_9\008\frame_0004.jpg
VID_9,VID_9.mp4,8,75,5,custom_dataset\processed\VID_9\008\frame_0005.jpg
VID_9,VID_9.mp4,8,90,6,custom_dataset\processed\VID_9\008\frame_0006.jpg
VID_9,VID_9.mp4,8,105,7,custom_dataset\processed\VID_9\008\frame_0007.jpg
VID_9,VID_9.mp4,8,120,8,custom_dataset\processed\VID_9\008\frame_0008.jpg
VID_9,VID_9.mp4,8,135,9,custom_dataset\processed\VID_9\008\frame_0009.jpg
VID_9,VID_9.mp4,8,150,10,custom_dataset\processed\VID_9\008\frame_0010.jpg
VID_9,VID_9.mp4,8,165,11,custom_dataset\processed\VID_9\008\frame_0011.jpg
VID_9,VID_9.mp4,8,180,12,custom_dataset\processed\VID_9\008\frame_0012.jpg
VID_9,VID_9.mp4,8,195,13,custom_dataset\processed\VID_9\008\frame_0013.jpg
VID_9,VID_9.mp4,8,210,14,custom_dataset\processed\VID_9\008\frame_0014.jpg
VID_9,VID_9.mp4,8,225,15,custom_dataset\processed\VID_9\008\frame_0015.jpg
VID_9,VID_9.mp4,8,240,16,custom_dataset\processed\VID_9\008\frame_0016.jpg
VID_9,VID_9.mp4,8,255,17,custom_dataset\processed\VID_9\008\frame_0017.jpg
VID_9,VID_9.mp4,8,270,18,custom_dataset\processed\VID_9\008\frame_0018.jpg
VID_9,VID_9.mp4,8,285,19,custom_dataset\processed\VID_9\008\frame_0019.jpg
VID_9,VID_9.mp4,8,300,20,custom_dataset\processed\VID_9\008\frame_0020.jpg
VID_9,VID_9.mp4,8,315,21,custom_dataset\processed\VID_9\008\frame_0021.jpg
VID_9,VID_9.mp4,8,330,22,custom_dataset\processed\VID_9\008\frame_0022.jpg
VID_9,VID_9.mp4,8,345,23,custom_dataset\processed\VID_9\008\frame_0023.jpg
VID_9,VID_9.mp4,8,360,24,custom_dataset\processed\VID_9\008\frame_0024.jpg
VID_9,VID_9.mp4,8,375,25,custom_dataset\processed\VID_9\008\frame_0025.jpg
VID_9,VID_9.mp4,8,390,26,custom_dataset\processed\VID_9\008\frame_0026.jpg
VID_9,VID_9.mp4,8,405,27,custom_dataset\processed\VID_9\008\frame_0027.jpg
VID_9,VID_9.mp4,8,420,28,custom_dataset\processed\VID_9\008\frame_0028.jpg
VID_9,VID_9.mp4,8,435,29,custom_dataset\processed\VID_9\008\frame_0029.jpg
VID_9,VID_9.mp4,8,450,30,custom_dataset\processed\VID_9\008\frame_0030.jpg
VID_9,VID_9.mp4,8,465,31,custom_dataset\processed\VID_9\008\frame_0031.jpg
VID_9,VID_9.mp4,8,480,32,custom_dataset\processed\VID_9\008\frame_0032.jpg
VID_9,VID_9.mp4,8,495,33,custom_dataset\processed\VID_9\008\frame_0033.jpg
VID_9,VID_9.mp4,8,510,34,custom_dataset\processed\VID_9\008\frame_0034.jpg
VID_9,VID_9.mp4,8,525,35,custom_dataset\processed\VID_9\008\frame_0035.jpg
VID_9,VID_9.mp4,8,540,36,custom_dataset\processed\VID_9\008\frame_0036.jpg
VID_9,VID_9.mp4,8,555,37,custom_dataset\processed\VID_9\008\frame_0037.jpg
VID_9,VID_9.mp4,8,570,38,custom_dataset\processed\VID_9\008\frame_0038.jpg
VID_9,VID_9.mp4,8,585,39,custom_dataset\processed\VID_9\008\frame_0039.jpg
VID_9,VID_9.mp4,8,600,40,custom_dataset\processed\VID_9\008\frame_0040.jpg
VID_9,VID_9.mp4,8,615,41,custom_dataset\processed\VID_9\008\frame_0041.jpg
VID_9,VID_9.mp4,12,45,3,custom_dataset\processed\VID_9\012\frame_0003.jpg
VID_9,VID_9.mp4,12,60,4,custom_dataset\processed\VID_9\012\frame_0004.jpg
VID_9,VID_9.mp4,12,75,5,custom_dataset\processed\VID_9\012\frame_0005.jpg
VID_9,VID_9.mp4,12,90,6,custom_dataset\processed\VID_9\012\frame_0006.jpg
VID_9,VID_9.mp4,12,105,7,custom_dataset\processed\VID_9\012\frame_0007.jpg
VID_9,VID_9.mp4,12,120,8,custom_dataset\processed\VID_9\012\frame_0008.jpg
VID_9,VID_9.mp4,12,135,9,custom_dataset\processed\VID_9\012\frame_0009.jpg
VID_9,VID_9.mp4,12,150,10,custom_dataset\processed\VID_9\012\frame_0010.jpg
VID_9,VID_9.mp4,12,165,11,custom_dataset\processed\VID_9\012\frame_0011.jpg
VID_9,VID_9.mp4,12,180,12,custom_dataset\processed\VID_9\012\frame_0012.jpg
VID_9,VID_9.mp4,12,195,13,custom_dataset\processed\VID_9\012\frame_0013.jpg
VID_9,VID_9.mp4,12,210,14,custom_dataset\processed\VID_9\012\frame_0014.jpg
VID_9,VID_9.mp4,12,225,15,custom_dataset\processed\VID_9\012\frame_0015.jpg
VID_9,VID_9.mp4,12,240,16,custom_dataset\processed\VID_9\012\frame_0016.jpg
VID_9,VID_9.mp4,12,255,17,custom_dataset\processed\VID_9\012\frame_0017.jpg
VID_9,VID_9.mp4,12,270,18,custom_dataset\processed\VID_9\012\frame_0018.jpg
VID_9,VID_9.mp4,12,285,19,custom_dataset\processed\VID_9\012\frame_0019.jpg
VID_9,VID_9.mp4,12,300,20,custom_dataset\processed\VID_9\012\frame_0020.jpg
VID_9,VID_9.mp4,12,315,21,custom_dataset\processed\VID_9\012\frame_0021.jpg
VID_9,VID_9.mp4,12,330,22,custom_dataset\processed\VID_9\012\frame_0022.jpg
VID_9,VID_9.mp4,12,345,23,custom_dataset\processed\VID_9\012\frame_0023.jpg
VID_9,VID_9.mp4,12,360,24,custom_dataset\processed\VID_9\012\frame_0024.jpg
VID_9,VID_9.mp4,12,375,25,custom_dataset\processed\VID_9\012\frame_0025.jpg
VID_9,VID_9.mp4,12,390,26,custom_dataset\processed\VID_9\012\frame_0026.jpg
VID_9,VID_9.mp4,12,405,27,custom_dataset\processed\VID_9\012\frame_0027.jpg
VID_9,VID_9.mp4,12,420,28,custom_dataset\processed\VID_9\012\frame_0028.jpg
VID_9,VID_9.mp4,12,435,29,custom_dataset\processed\VID_9\012\frame_0029.jpg
VID_9,VID_9.mp4,12,450,30,custom_dataset\processed\VID_9\012\frame_0030.jpg
VID_9,VID_9.mp4,12,465,31,custom_dataset\processed\VID_9\012\frame_0031.jpg
VID_9,VID_9.mp4,12,480,32,custom_dataset\processed\VID_9\012\frame_0032.jpg
VID_9,VID_9.mp4,12,495,33,custom_dataset\processed\VID_9\012\frame_0033.jpg
VID_9,VID_9.mp4,12,510,34,custom_dataset\processed\VID_9\012\frame_0034.jpg
VID_9,VID_9.mp4,12,525,35,custom_dataset\processed\VID_9\012\frame_0035.jpg
VID_9,VID_9.mp4,12,540,36,custom_dataset\processed\VID_9\012\frame_0036.jpg
VID_9,VID_9.mp4,12,555,37,custom_dataset\processed\VID_9\012\frame_0037.jpg
VID_9,VID_9.mp4,12,570,38,custom_dataset\processed\VID_9\012\frame_0038.jpg
VID_9,VID_9.mp4,12,585,39,custom_dataset\processed\VID_9\012\frame_0039.jpg
VID_9,VID_9.mp4,12,600,40,custom_dataset\processed\VID_9\012\frame_0040.jpg
VID_9,VID_9.mp4,12,615,41,custom_dataset\processed\VID_9\012\frame_0041.jpg
VID_9,VID_9.mp4,13,45,3,custom_dataset\processed\VID_9\013\frame_0003.jpg
VID_9,VID_9.mp4,13,60,4,custom_dataset\processed\VID_9\013\frame_0004.jpg
VID_9,VID_9.mp4,13,75,5,custom_dataset\processed\VID_9\013\frame_0005.jpg
VID_9,VID_9.mp4,13,120,8,custom_dataset\processed\VID_9\013\frame_0008.jpg
VID_9,VID_9.mp4,13,150,10,custom_dataset\processed\VID_9\013\frame_0010.jpg
VID_9,VID_9.mp4,13,165,11,custom_dataset\processed\VID_9\013\frame_0011.jpg
VID_9,VID_9.mp4,13,180,12,custom_dataset\processed\VID_9\013\frame_0012.jpg
VID_9,VID_9.mp4,13,225,15,custom_dataset\processed\VID_9\013\frame_0015.jpg
VID_9,VID_9.mp4,13,255,17,custom_dataset\processed\VID_9\013\frame_0017.jpg
VID_9,VID_9.mp4,14,75,5,custom_dataset\processed\VID_9\014\frame_0005.jpg
VID_9,VID_9.mp4,14,120,8,custom_dataset\processed\VID_9\014\frame_0008.jpg
VID_9,VID_9.mp4,14,135,9,custom_dataset\processed\VID_9\014\frame_0009.jpg
VID_9,VID_9.mp4,14,165,11,custom_dataset\processed\VID_9\014\frame_0011.jpg
VID_9,VID_9.mp4,14,210,14,custom_dataset\processed\VID_9\014\frame_0014.jpg
VID_9,VID_9.mp4,14,240,16,custom_dataset\processed\VID_9\014\frame_0016.jpg
VID_9,VID_9.mp4,14,255,17,custom_dataset\processed\VID_9\014\frame_0017.jpg
VID_9,VID_9.mp4,14,270,18,custom_dataset\processed\VID_9\014\frame_0018.jpg
VID_9,VID_9.mp4,17,120,8,custom_dataset\processed\VID_9\017\frame_0008.jpg
VID_9,VID_9.mp4,17,150,10,custom_dataset\processed\VID_9\017\frame_0010.jpg
VID_9,VID_9.mp4,17,165,11,custom_dataset\processed\VID_9\017\frame_0011.jpg
VID_9,VID_9.mp4,17,180,12,custom_dataset\processed\VID_9\017\frame_0012.jpg
VID_9,VID_9.mp4,17,195,13,custom_dataset\processed\VID_9\017\frame_0013.jpg
VID_9,VID_9.mp4,17,210,14,custom_dataset\processed\VID_9\017\frame_0014.jpg
VID_9,VID_9.mp4,17,225,15,custom_dataset\processed\VID_9\017\frame_0015.jpg
VID_9,VID_9.mp4,17,240,16,custom_dataset\processed\VID_9\017\frame_0016.jpg
VID_9,VID_9.mp4,17,270,18,custom_dataset\processed\VID_9\017\frame_0018.jpg
VID_9,VID_9.mp4,17,285,19,custom_dataset\processed\VID_9\017\frame_0019.jpg
VID_9,VID_9.mp4,17,300,20,custom_dataset\processed\VID_9\017\frame_0020.jpg
VID_9,VID_9.mp4,17,315,21,custom_dataset\processed\VID_9\017\frame_0021.jpg
VID_9,VID_9.mp4,17,345,23,custom_dataset\processed\VID_9\017\frame_0023.jpg
VID_9,VID_9.mp4,19,150,10,custom_dataset\processed\VID_9\019\frame_0010.jpg
VID_9,VID_9.mp4,19,165,11,custom_dataset\processed\VID_9\019\frame_0011.jpg
VID_9,VID_9.mp4,19,180,12,custom_dataset\processed\VID_9\019\frame_0012.jpg
VID_9,VID_9.mp4,19,195,13,custom_dataset\processed\VID_9\019\frame_0013.jpg
VID_9,VID_9.mp4,19,210,14,custom_dataset\processed\VID_9\019\frame_0014.jpg
VID_9,VID_9.mp4,19,225,15,custom_dataset\processed\VID_9\019\frame_0015.jpg
VID_9,VID_9.mp4,19,240,16,custom_dataset\processed\VID_9\019\frame_0016.jpg
VID_9,VID_9.mp4,19,255,17,custom_dataset\processed\VID_9\019\frame_0017.jpg
VID_9,VID_9.mp4,19,270,18,custom_dataset\processed\VID_9\019\frame_0018.jpg
VID_9,VID_9.mp4,19,285,19,custom_dataset\processed\VID_9\019\frame_0019.jpg
VID_9,VID_9.mp4,19,300,20,custom_dataset\processed\VID_9\019\frame_0020.jpg
VID_9,VID_9.mp4,19,315,21,custom_dataset\processed\VID_9\019\frame_0021.jpg
VID_9,VID_9.mp4,19,330,22,custom_dataset\processed\VID_9\019\frame_0022.jpg
VID_9,VID_9.mp4,19,345,23,custom_dataset\processed\VID_9\019\frame_0023.jpg
VID_9,VID_9.mp4,19,360,24,custom_dataset\processed\VID_9\019\frame_0024.jpg
VID_9,VID_9.mp4,19,375,25,custom_dataset\processed\VID_9\019\frame_0025.jpg
VID_9,VID_9.mp4,19,390,26,custom_dataset\processed\VID_9\019\frame_0026.jpg
VID_9,VID_9.mp4,19,405,27,custom_dataset\processed\VID_9\019\frame_0027.jpg
VID_9,VID_9.mp4,19,420,28,custom_dataset\processed\VID_9\019\frame_0028.jpg
VID_9,VID_9.mp4,19,435,29,custom_dataset\processed\VID_9\019\frame_0029.jpg
VID_9,VID_9.mp4,19,450,30,custom_dataset\processed\VID_9\019\frame_0030.jpg
VID_9,VID_9.mp4,19,465,31,custom_dataset\processed\VID_9\019\frame_0031.jpg
VID_9,VID_9.mp4,19,480,32,custom_dataset\processed\VID_9\019\frame_0032.jpg
VID_9,VID_9.mp4,19,495,33,custom_dataset\processed\VID_9\019\frame_0033.jpg
VID_9,VID_9.mp4,19,510,34,custom_dataset\processed\VID_9\019\frame_0034.jpg
VID_9,VID_9.mp4,19,525,35,custom_dataset\processed\VID_9\019\frame_0035.jpg
VID_9,VID_9.mp4,19,540,36,custom_dataset\processed\VID_9\019\frame_0036.jpg
VID_9,VID_9.mp4,19,555,37,custom_dataset\processed\VID_9\019\frame_0037.jpg
VID_9,VID_9.mp4,19,570,38,custom_dataset\processed\VID_9\019\frame_0038.jpg
VID_9,VID_9.mp4,19,585,39,custom_dataset\processed\VID_9\019\frame_0039.jpg
VID_9,VID_9.mp4,19,600,40,custom_dataset\processed\VID_9\019\frame_0040.jpg
VID_9,VID_9.mp4,19,615,41,custom_dataset\processed\VID_9\019\frame_0041.jpg
VID_9,VID_9.mp4,21,180,12,custom_dataset\processed\VID_9\021\frame_0012.jpg
VID_9,VID_9.mp4,21,195,13,custom_dataset\processed\VID_9\021\frame_0013.jpg
VID_9,VID_9.mp4,21,210,14,custom_dataset\processed\VID_9\021\frame_0014.jpg
VID_9,VID_9.mp4,21,225,15,custom_dataset\processed\VID_9\021\frame_0015.jpg
VID_9,VID_9.mp4,21,240,16,custom_dataset\processed\VID_9\021\frame_0016.jpg
VID_9,VID_9.mp4,21,255,17,custom_dataset\processed\VID_9\021\frame_0017.jpg
VID_9,VID_9.mp4,21,270,18,custom_dataset\processed\VID_9\021\frame_0018.jpg
VID_9,VID_9.mp4,21,285,19,custom_dataset\processed\VID_9\021\frame_0019.jpg
VID_9,VID_9.mp4,21,330,22,custom_dataset\processed\VID_9\021\frame_0022.jpg
VID_9,VID_9.mp4,21,345,23,custom_dataset\processed\VID_9\021\frame_0023.jpg
VID_9,VID_9.mp4,21,360,24,custom_dataset\processed\VID_9\021\frame_0024.jpg
VID_9,VID_9.mp4,21,375,25,custom_dataset\processed\VID_9\021\frame_0025.jpg
VID_9,VID_9.mp4,21,390,26,custom_dataset\processed\VID_9\021\frame_0026.jpg
VID_9,VID_9.mp4,21,405,27,custom_dataset\processed\VID_9\021\frame_0027.jpg
VID_9,VID_9.mp4,21,420,28,custom_dataset\processed\VID_9\021\frame_0028.jpg
VID_9,VID_9.mp4,21,435,29,custom_dataset\processed\VID_9\021\frame_0029.jpg
VID_9,VID_9.mp4,21,450,30,custom_dataset\processed\VID_9\021\frame_0030.jpg
VID_9,VID_9.mp4,22,195,13,custom_dataset\processed\VID_9\022\frame_0013.jpg
VID_9,VID_9.mp4,22,210,14,custom_dataset\processed\VID_9\022\frame_0014.jpg
VID_9,VID_9.mp4,22,240,16,custom_dataset\processed\VID_9\022\frame_0016.jpg
VID_9,VID_9.mp4,22,255,17,custom_dataset\processed\VID_9\022\frame_0017.jpg
VID_9,VID_9.mp4,22,270,18,custom_dataset\processed\VID_9\022\frame_0018.jpg
VID_9,VID_9.mp4,22,285,19,custom_dataset\processed\VID_9\022\frame_0019.jpg
VID_9,VID_9.mp4,22,300,20,custom_dataset\processed\VID_9\022\frame_0020.jpg
VID_9,VID_9.mp4,22,315,21,custom_dataset\processed\VID_9\022\frame_0021.jpg
VID_9,VID_9.mp4,22,330,22,custom_dataset\processed\VID_9\022\frame_0022.jpg
VID_9,VID_9.mp4,22,345,23,custom_dataset\processed\VID_9\022\frame_0023.jpg
VID_9,VID_9.mp4,22,360,24,custom_dataset\processed\VID_9\022\frame_0024.jpg
VID_9,VID_9.mp4,22,375,25,custom_dataset\processed\VID_9\022\frame_0025.jpg
VID_9,VID_9.mp4,22,390,26,custom_dataset\processed\VID_9\022\frame_0026.jpg
VID_9,VID_9.mp4,27,420,28,custom_dataset\processed\VID_9\027\frame_0028.jpg
VID_9,VID_9.mp4,27,435,29,custom_dataset\processed\VID_9\027\frame_0029.jpg
VID_9,VID_9.mp4,27,450,30,custom_dataset\processed\VID_9\027\frame_0030.jpg
VID_9,VID_9.mp4,27,465,31,custom_dataset\processed\VID_9\027\frame_0031.jpg
VID_9,VID_9.mp4,27,480,32,custom_dataset\processed\VID_9\027\frame_0032.jpg
VID_9,VID_9.mp4,27,495,33,custom_dataset\processed\VID_9\027\frame_0033.jpg
VID_9,VID_9.mp4,27,510,34,custom_dataset\processed\VID_9\027\frame_0034.jpg
VID_9,VID_9.mp4,27,525,35,custom_dataset\processed\VID_9\027\frame_0035.jpg
VID_9,VID_9.mp4,27,540,36,custom_dataset\processed\VID_9\027\frame_0036.jpg
VID_9,VID_9.mp4,27,555,37,custom_dataset\processed\VID_9\027\frame_0037.jpg
VID_9,VID_9.mp4,27,570,38,custom_dataset\processed\VID_9\027\frame_0038.jpg
VID_9,VID_9.mp4,27,585,39,custom_dataset\processed\VID_9\027\frame_0039.jpg
VID_9,VID_9.mp4,27,600,40,custom_dataset\processed\VID_9\027\frame_0040.jpg
