pair_id,label,feat_A,feat_B,video_id,frame_w,frame_h,track_id_A,track_id_B
Vid-20260421-Wa0016_A001_B002_f0000,C,data\collab_cache\Vid-20260421-Wa0016_A001_B002_f0000_A.npy,data\collab_cache\Vid-20260421-Wa0016_A001_B002_f0000_B.npy,Vid-20260421-Wa0016,848,480,1,2
Vid-20260421-Wa0016_A001_B003_f0000,C,data\collab_cache\Vid-20260421-Wa0016_A001_B003_f0000_A.npy,data\collab_cache\Vid-20260421-Wa0016_A001_B003_f0000_B.npy,Vid-20260421-Wa0016,848,480,1,3
Vid-20260421-Wa0016_A001_B005_f0000,C,data\collab_cache\Vid-20260421-Wa0016_A001_B005_f0000_A.npy,data\collab_cache\Vid-20260421-Wa0016_A001_B005_f0000_B.npy,Vid-20260421-Wa0016,848,480,1,5
Vid-20260421-Wa0016_A001_B006_f0000,C,data\collab_cache\Vid-20260421-Wa0016_A001_B006_f0000_A.npy,data\collab_cache\Vid-20260421-Wa0016_A001_B006_f0000_B.npy,Vid-20260421-Wa0016,848,480,1,6
Vid-20260421-Wa0016_A001_B002_f0004,C,data\collab_cache\Vid-20260421-Wa0016_A001_B002_f0004_A.npy,data\collab_cache\Vid-20260421-Wa0016_A001_B002_f0004_B.npy,Vid-20260421-Wa0016,848,480,1,2
Vid-20260421-Wa0016_A001_B003_f0004,C,data\collab_cache\Vid-20260421-Wa0016_A001_B003_f0004_A.npy,data\collab_cache\Vid-20260421-Wa0016_A001_B003_f0004_B.npy,Vid-20260421-Wa0016,848,480,1,3
Vid-20260421-Wa0016_A001_B005_f0004,C,data\collab_cache\Vid-20260421-Wa0016_A001_B005_f0004_A.npy,data\collab_cache\Vid-20260421-Wa0016_A001_B005_f0004_B.npy,Vid-20260421-Wa0016,848,480,1,5
Vid-20260421-Wa0016_A001_B006_f0004,C,data\collab_cache\Vid-20260421-Wa0016_A001_B006_f0004_A.npy,data\collab_cache\Vid-20260421-Wa0016_A001_B006_f0004_B.npy,Vid-20260421-Wa0016,848,480,1,6
Vid-20260421-Wa0016_A001_B002_f0008,C,data\collab_cache\Vid-20260421-Wa0016_A001_B002_f0008_A.npy,data\collab_cache\Vid-20260421-Wa0016_A001_B002_f0008_B.npy,Vid-20260421-Wa0016,848,480,1,2
Vid-20260421-Wa0016_A001_B003_f0008,C,data\collab_cache\Vid-20260421-Wa0016_A001_B003_f0008_A.npy,data\collab_cache\Vid-20260421-Wa0016_A001_B003_f0008_B.npy,Vid-20260421-Wa0016,848,480,1,3
Vid-20260421-Wa0016_A001_B005_f0008,C,data\collab_cache\Vid-20260421-Wa0016_A001_B005_f0008_A.npy,data\collab_cache\Vid-20260421-Wa0016_A001_B005_f0008_B.npy,Vid-20260421-Wa0016,848,480,1,5
Vid-20260421-Wa0016_A001_B006_f0008,C,data\collab_cache\Vid-20260421-Wa0016_A001_B006_f0008_A.npy,data\collab_cache\Vid-20260421-Wa0016_A001_B006_f0008_B.npy,Vid-20260421-Wa0016,848,480,1,6
Vid-20260421-Wa0016_A001_B002_f0012,C,data\collab_cache\Vid-20260421-Wa0016_A001_B002_f0012_A.npy,data\collab_cache\Vid-20260421-Wa0016_A001_B002_f0012_B.npy,Vid-20260421-Wa0016,848,480,1,2
Vid-20260421-Wa0016_A001_B003_f0012,C,data\collab_cache\Vid-20260421-Wa0016_A001_B003_f0012_A.npy,data\collab_cache\Vid-20260421-Wa0016_A001_B003_f0012_B.npy,Vid-20260421-Wa0016,848,480,1,3
Vid-20260421-Wa0016_A001_B005_f0012,C,data\collab_cache\Vid-20260421-Wa0016_A001_B005_f0012_A.npy,data\collab_cache\Vid-20260421-Wa0016_A001_B005_f0012_B.npy,Vid-20260421-Wa0016,848,480,1,5
Vid-20260421-Wa0016_A001_B006_f0012,C,data\collab_cache\Vid-20260421-Wa0016_A001_B006_f0012_A.npy,data\collab_cache\Vid-20260421-Wa0016_A001_B006_f0012_B.npy,Vid-20260421-Wa0016,848,480,1,6
Vid-20260421-Wa0016_A001_B002_f0016,C,data\collab_cache\Vid-20260421-Wa0016_A001_B002_f0016_A.npy,data\collab_cache\Vid-20260421-Wa0016_A001_B002_f0016_B.npy,Vid-20260421-Wa0016,848,480,1,2
Vid-20260421-Wa0016_A001_B003_f0016,C,data\collab_cache\Vid-20260421-Wa0016_A001_B003_f0016_A.npy,data\collab_cache\Vid-20260421-Wa0016_A001_B003_f0016_B.npy,Vid-20260421-Wa0016,848,480,1,3
Vid-20260421-Wa0016_A001_B005_f0016,C,data\collab_cache\Vid-20260421-Wa0016_A001_B005_f0016_A.npy,data\collab_cache\Vid-20260421-Wa0016_A001_B005_f0016_B.npy,Vid-20260421-Wa0016,848,480,1,5
Vid-20260421-Wa0016_A001_B006_f0016,C,data\collab_cache\Vid-20260421-Wa0016_A001_B006_f0016_A.npy,data\collab_cache\Vid-20260421-Wa0016_A001_B006_f0016_B.npy,Vid-20260421-Wa0016,848,480,1,6
Vid-20260421-Wa0016_A001_B002_f0020,C,data\collab_cache\Vid-20260421-Wa0016_A001_B002_f0020_A.npy,data\collab_cache\Vid-20260421-Wa0016_A001_B002_f0020_B.npy,Vid-20260421-Wa0016,848,480,1,2
Vid-20260421-Wa0016_A001_B003_f0020,C,data\collab_cache\Vid-20260421-Wa0016_A001_B003_f0020_A.npy,data\collab_cache\Vid-20260421-Wa0016_A001_B003_f0020_B.npy,Vid-20260421-Wa0016,848,480,1,3
Vid-20260421-Wa0016_A001_B005_f0020,C,data\collab_cache\Vid-20260421-Wa0016_A001_B005_f0020_A.npy,data\collab_cache\Vid-20260421-Wa0016_A001_B005_f0020_B.npy,Vid-20260421-Wa0016,848,480,1,5
Vid-20260421-Wa0016_A001_B006_f0020,C,data\collab_cache\Vid-20260421-Wa0016_A001_B006_f0020_A.npy,data\collab_cache\Vid-20260421-Wa0016_A001_B006_f0020_B.npy,Vid-20260421-Wa0016,848,480,1,6
Vid-20260421-Wa0016_A001_B002_f0024,C,data\collab_cache\Vid-20260421-Wa0016_A001_B002_f0024_A.npy,data\collab_cache\Vid-20260421-Wa0016_A001_B002_f0024_B.npy,Vid-20260421-Wa0016,848,480,1,2
Vid-20260421-Wa0016_A001_B003_f0024,C,data\collab_cache\Vid-20260421-Wa0016_A001_B003_f0024_A.npy,data\collab_cache\Vid-20260421-Wa0016_A001_B003_f0024_B.npy,Vid-20260421-Wa0016,848,480,1,3
Vid-20260421-Wa0016_A001_B005_f0024,C,data\collab_cache\Vid-20260421-Wa0016_A001_B005_f0024_A.npy,data\collab_cache\Vid-20260421-Wa0016_A001_B005_f0024_B.npy,Vid-20260421-Wa0016,848,480,1,5
Vid-20260421-Wa0016_A001_B006_f0024,C,data\collab_cache\Vid-20260421-Wa0016_A001_B006_f0024_A.npy,data\collab_cache\Vid-20260421-Wa0016_A001_B006_f0024_B.npy,Vid-20260421-Wa0016,848,480,1,6
Vid-20260421-Wa0016_A001_B003_f0028,C,data\collab_cache\Vid-20260421-Wa0016_A001_B003_f0028_A.npy,data\collab_cache\Vid-20260421-Wa0016_A001_B003_f0028_B.npy,Vid-20260421-Wa0016,848,480,1,3
Vid-20260421-Wa0016_A001_B005_f0028,C,data\collab_cache\Vid-20260421-Wa0016_A001_B005_f0028_A.npy,data\collab_cache\Vid-20260421-Wa0016_A001_B005_f0028_B.npy,Vid-20260421-Wa0016,848,480,1,5
Vid-20260421-Wa0016_A001_B006_f0028,C,data\collab_cache\Vid-20260421-Wa0016_A001_B006_f0028_A.npy,data\collab_cache\Vid-20260421-Wa0016_A001_B006_f0028_B.npy,Vid-20260421-Wa0016,848,480,1,6
Vid-20260421-Wa0016_A001_B002_f0032,C,data\collab_cache\Vid-20260421-Wa0016_A001_B002_f0032_A.npy,data\collab_cache\Vid-20260421-Wa0016_A001_B002_f0032_B.npy,Vid-20260421-Wa0016,848,480,1,2
Vid-20260421-Wa0016_A001_B003_f0032,C,data\collab_cache\Vid-20260421-Wa0016_A001_B003_f0032_A.npy,data\collab_cache\Vid-20260421-Wa0016_A001_B003_f0032_B.npy,Vid-20260421-Wa0016,848,480,1,3
Vid-20260421-Wa0016_A001_B005_f0032,C,data\collab_cache\Vid-20260421-Wa0016_A001_B005_f0032_A.npy,data\collab_cache\Vid-20260421-Wa0016_A001_B005_f0032_B.npy,Vid-20260421-Wa0016,848,480,1,5
Vid-20260421-Wa0016_A001_B006_f0032,C,data\collab_cache\Vid-20260421-Wa0016_A001_B006_f0032_A.npy,data\collab_cache\Vid-20260421-Wa0016_A001_B006_f0032_B.npy,Vid-20260421-Wa0016,848,480,1,6
Vid-20260421-Wa0016_A001_B002_f0036,C,data\collab_cache\Vid-20260421-Wa0016_A001_B002_f0036_A.npy,data\collab_cache\Vid-20260421-Wa0016_A001_B002_f0036_B.npy,Vid-20260421-Wa0016,848,480,1,2
Vid-20260421-Wa0016_A001_B003_f0036,C,data\collab_cache\Vid-20260421-Wa0016_A001_B003_f0036_A.npy,data\collab_cache\Vid-20260421-Wa0016_A001_B003_f0036_B.npy,Vid-20260421-Wa0016,848,480,1,3
Vid-20260421-Wa0016_A001_B005_f0036,C,data\collab_cache\Vid-20260421-Wa0016_A001_B005_f0036_A.npy,data\collab_cache\Vid-20260421-Wa0016_A001_B005_f0036_B.npy,Vid-20260421-Wa0016,848,480,1,5
Vid-20260421-Wa0016_A001_B006_f0036,C,data\collab_cache\Vid-20260421-Wa0016_A001_B006_f0036_A.npy,data\collab_cache\Vid-20260421-Wa0016_A001_B006_f0036_B.npy,Vid-20260421-Wa0016,848,480,1,6
Vid-20260421-Wa0016_A001_B002_f0040,C,data\collab_cache\Vid-20260421-Wa0016_A001_B002_f0040_A.npy,data\collab_cache\Vid-20260421-Wa0016_A001_B002_f0040_B.npy,Vid-20260421-Wa0016,848,480,1,2
Vid-20260421-Wa0016_A001_B003_f0040,C,data\collab_cache\Vid-20260421-Wa0016_A001_B003_f0040_A.npy,data\collab_cache\Vid-20260421-Wa0016_A001_B003_f0040_B.npy,Vid-20260421-Wa0016,848,480,1,3
Vid-20260421-Wa0016_A001_B005_f0040,C,data\collab_cache\Vid-20260421-Wa0016_A001_B005_f0040_A.npy,data\collab_cache\Vid-20260421-Wa0016_A001_B005_f0040_B.npy,Vid-20260421-Wa0016,848,480,1,5
Vid-20260421-Wa0016_A001_B006_f0040,C,data\collab_cache\Vid-20260421-Wa0016_A001_B006_f0040_A.npy,data\collab_cache\Vid-20260421-Wa0016_A001_B006_f0040_B.npy,Vid-20260421-Wa0016,848,480,1,6
Vid-20260421-Wa0016_A001_B013_f0040,C,data\collab_cache\Vid-20260421-Wa0016_A001_B013_f0040_A.npy,data\collab_cache\Vid-20260421-Wa0016_A001_B013_f0040_B.npy,Vid-20260421-Wa0016,848,480,1,13
Vid-20260421-Wa0016_A001_B002_f0044,C,data\collab_cache\Vid-20260421-Wa0016_A001_B002_f0044_A.npy,data\collab_cache\Vid-20260421-Wa0016_A001_B002_f0044_B.npy,Vid-20260421-Wa0016,848,480,1,2
Vid-20260421-Wa0016_A001_B003_f0044,C,data\collab_cache\Vid-20260421-Wa0016_A001_B003_f0044_A.npy,data\collab_cache\Vid-20260421-Wa0016_A001_B003_f0044_B.npy,Vid-20260421-Wa0016,848,480,1,3
Vid-20260421-Wa0016_A001_B005_f0044,C,data\collab_cache\Vid-20260421-Wa0016_A001_B005_f0044_A.npy,data\collab_cache\Vid-20260421-Wa0016_A001_B005_f0044_B.npy,Vid-20260421-Wa0016,848,480,1,5
Vid-20260421-Wa0016_A001_B006_f0044,C,data\collab_cache\Vid-20260421-Wa0016_A001_B006_f0044_A.npy,data\collab_cache\Vid-20260421-Wa0016_A001_B006_f0044_B.npy,Vid-20260421-Wa0016,848,480,1,6
Vid-20260421-Wa0016_A001_B013_f0044,C,data\collab_cache\Vid-20260421-Wa0016_A001_B013_f0044_A.npy,data\collab_cache\Vid-20260421-Wa0016_A001_B013_f0044_B.npy,Vid-20260421-Wa0016,848,480,1,13
Vid-20260421-Wa0016_A001_B002_f0048,C,data\collab_cache\Vid-20260421-Wa0016_A001_B002_f0048_A.npy,data\collab_cache\Vid-20260421-Wa0016_A001_B002_f0048_B.npy,Vid-20260421-Wa0016,848,480,1,2
Vid-20260421-Wa0016_A001_B003_f0048,C,data\collab_cache\Vid-20260421-Wa0016_A001_B003_f0048_A.npy,data\collab_cache\Vid-20260421-Wa0016_A001_B003_f0048_B.npy,Vid-20260421-Wa0016,848,480,1,3
Vid-20260421-Wa0016_A001_B004_f0048,C,data\collab_cache\Vid-20260421-Wa0016_A001_B004_f0048_A.npy,data\collab_cache\Vid-20260421-Wa0016_A001_B004_f0048_B.npy,Vid-20260421-Wa0016,848,480,1,4
Vid-20260421-Wa0016_A001_B005_f0048,C,data\collab_cache\Vid-20260421-Wa0016_A001_B005_f0048_A.npy,data\collab_cache\Vid-20260421-Wa0016_A001_B005_f0048_B.npy,Vid-20260421-Wa0016,848,480,1,5
Vid-20260421-Wa0016_A001_B006_f0048,C,data\collab_cache\Vid-20260421-Wa0016_A001_B006_f0048_A.npy,data\collab_cache\Vid-20260421-Wa0016_A001_B006_f0048_B.npy,Vid-20260421-Wa0016,848,480,1,6
Vid-20260421-Wa0016_A001_B013_f0048,C,data\collab_cache\Vid-20260421-Wa0016_A001_B013_f0048_A.npy,data\collab_cache\Vid-20260421-Wa0016_A001_B013_f0048_B.npy,Vid-20260421-Wa0016,848,480,1,13
Vid-20260421-Wa0016_A001_B002_f0052,C,data\collab_cache\Vid-20260421-Wa0016_A001_B002_f0052_A.npy,data\collab_cache\Vid-20260421-Wa0016_A001_B002_f0052_B.npy,Vid-20260421-Wa0016,848,480,1,2
Vid-20260421-Wa0016_A001_B003_f0052,C,data\collab_cache\Vid-20260421-Wa0016_A001_B003_f0052_A.npy,data\collab_cache\Vid-20260421-Wa0016_A001_B003_f0052_B.npy,Vid-20260421-Wa0016,848,480,1,3
Vid-20260421-Wa0016_A001_B004_f0052,C,data\collab_cache\Vid-20260421-Wa0016_A001_B004_f0052_A.npy,data\collab_cache\Vid-20260421-Wa0016_A001_B004_f0052_B.npy,Vid-20260421-Wa0016,848,480,1,4
Vid-20260421-Wa0016_A001_B005_f0052,C,data\collab_cache\Vid-20260421-Wa0016_A001_B005_f0052_A.npy,data\collab_cache\Vid-20260421-Wa0016_A001_B005_f0052_B.npy,Vid-20260421-Wa0016,848,480,1,5
Vid-20260421-Wa0016_A001_B006_f0052,C,data\collab_cache\Vid-20260421-Wa0016_A001_B006_f0052_A.npy,data\collab_cache\Vid-20260421-Wa0016_A001_B006_f0052_B.npy,Vid-20260421-Wa0016,848,480,1,6
Vid-20260421-Wa0016_A002_B003_f0000,C,data\collab_cache\Vid-20260421-Wa0016_A002_B003_f0000_A.npy,data\collab_cache\Vid-20260421-Wa0016_A002_B003_f0000_B.npy,Vid-20260421-Wa0016,848,480,2,3
Vid-20260421-Wa0016_A002_B005_f0000,C,data\collab_cache\Vid-20260421-Wa0016_A002_B005_f0000_A.npy,data\collab_cache\Vid-20260421-Wa0016_A002_B005_f0000_B.npy,Vid-20260421-Wa0016,848,480,2,5
Vid-20260421-Wa0016_A002_B006_f0000,C,data\collab_cache\Vid-20260421-Wa0016_A002_B006_f0000_A.npy,data\collab_cache\Vid-20260421-Wa0016_A002_B006_f0000_B.npy,Vid-20260421-Wa0016,848,480,2,6
Vid-20260421-Wa0016_A002_B003_f0004,C,data\collab_cache\Vid-20260421-Wa0016_A002_B003_f0004_A.npy,data\collab_cache\Vid-20260421-Wa0016_A002_B003_f0004_B.npy,Vid-20260421-Wa0016,848,480,2,3
Vid-20260421-Wa0016_A002_B005_f0004,C,data\collab_cache\Vid-20260421-Wa0016_A002_B005_f0004_A.npy,data\collab_cache\Vid-20260421-Wa0016_A002_B005_f0004_B.npy,Vid-20260421-Wa0016,848,480,2,5
Vid-20260421-Wa0016_A002_B006_f0004,C,data\collab_cache\Vid-20260421-Wa0016_A002_B006_f0004_A.npy,data\collab_cache\Vid-20260421-Wa0016_A002_B006_f0004_B.npy,Vid-20260421-Wa0016,848,480,2,6
Vid-20260421-Wa0016_A002_B003_f0008,C,data\collab_cache\Vid-20260421-Wa0016_A002_B003_f0008_A.npy,data\collab_cache\Vid-20260421-Wa0016_A002_B003_f0008_B.npy,Vid-20260421-Wa0016,848,480,2,3
Vid-20260421-Wa0016_A002_B005_f0008,C,data\collab_cache\Vid-20260421-Wa0016_A002_B005_f0008_A.npy,data\collab_cache\Vid-20260421-Wa0016_A002_B005_f0008_B.npy,Vid-20260421-Wa0016,848,480,2,5
Vid-20260421-Wa0016_A002_B006_f0008,C,data\collab_cache\Vid-20260421-Wa0016_A002_B006_f0008_A.npy,data\collab_cache\Vid-20260421-Wa0016_A002_B006_f0008_B.npy,Vid-20260421-Wa0016,848,480,2,6
Vid-20260421-Wa0016_A002_B003_f0012,C,data\collab_cache\Vid-20260421-Wa0016_A002_B003_f0012_A.npy,data\collab_cache\Vid-20260421-Wa0016_A002_B003_f0012_B.npy,Vid-20260421-Wa0016,848,480,2,3
Vid-20260421-Wa0016_A002_B005_f0012,C,data\collab_cache\Vid-20260421-Wa0016_A002_B005_f0012_A.npy,data\collab_cache\Vid-20260421-Wa0016_A002_B005_f0012_B.npy,Vid-20260421-Wa0016,848,480,2,5
Vid-20260421-Wa0016_A002_B006_f0012,C,data\collab_cache\Vid-20260421-Wa0016_A002_B006_f0012_A.npy,data\collab_cache\Vid-20260421-Wa0016_A002_B006_f0012_B.npy,Vid-20260421-Wa0016,848,480,2,6
Vid-20260421-Wa0016_A002_B003_f0016,C,data\collab_cache\Vid-20260421-Wa0016_A002_B003_f0016_A.npy,data\collab_cache\Vid-20260421-Wa0016_A002_B003_f0016_B.npy,Vid-20260421-Wa0016,848,480,2,3
Vid-20260421-Wa0016_A002_B005_f0016,C,data\collab_cache\Vid-20260421-Wa0016_A002_B005_f0016_A.npy,data\collab_cache\Vid-20260421-Wa0016_A002_B005_f0016_B.npy,Vid-20260421-Wa0016,848,480,2,5
Vid-20260421-Wa0016_A002_B006_f0016,C,data\collab_cache\Vid-20260421-Wa0016_A002_B006_f0016_A.npy,data\collab_cache\Vid-20260421-Wa0016_A002_B006_f0016_B.npy,Vid-20260421-Wa0016,848,480,2,6
Vid-20260421-Wa0016_A002_B003_f0020,C,data\collab_cache\Vid-20260421-Wa0016_A002_B003_f0020_A.npy,data\collab_cache\Vid-20260421-Wa0016_A002_B003_f0020_B.npy,Vid-20260421-Wa0016,848,480,2,3
Vid-20260421-Wa0016_A002_B005_f0020,C,data\collab_cache\Vid-20260421-Wa0016_A002_B005_f0020_A.npy,data\collab_cache\Vid-20260421-Wa0016_A002_B005_f0020_B.npy,Vid-20260421-Wa0016,848,480,2,5
Vid-20260421-Wa0016_A002_B006_f0020,C,data\collab_cache\Vid-20260421-Wa0016_A002_B006_f0020_A.npy,data\collab_cache\Vid-20260421-Wa0016_A002_B006_f0020_B.npy,Vid-20260421-Wa0016,848,480,2,6
Vid-20260421-Wa0016_A002_B003_f0024,C,data\collab_cache\Vid-20260421-Wa0016_A002_B003_f0024_A.npy,data\collab_cache\Vid-20260421-Wa0016_A002_B003_f0024_B.npy,Vid-20260421-Wa0016,848,480,2,3
Vid-20260421-Wa0016_A002_B005_f0024,C,data\collab_cache\Vid-20260421-Wa0016_A002_B005_f0024_A.npy,data\collab_cache\Vid-20260421-Wa0016_A002_B005_f0024_B.npy,Vid-20260421-Wa0016,848,480,2,5
Vid-20260421-Wa0016_A002_B006_f0024,C,data\collab_cache\Vid-20260421-Wa0016_A002_B006_f0024_A.npy,data\collab_cache\Vid-20260421-Wa0016_A002_B006_f0024_B.npy,Vid-20260421-Wa0016,848,480,2,6
Vid-20260421-Wa0016_A002_B003_f0028,C,data\collab_cache\Vid-20260421-Wa0016_A002_B003_f0028_A.npy,data\collab_cache\Vid-20260421-Wa0016_A002_B003_f0028_B.npy,Vid-20260421-Wa0016,848,480,2,3
Vid-20260421-Wa0016_A002_B005_f0028,C,data\collab_cache\Vid-20260421-Wa0016_A002_B005_f0028_A.npy,data\collab_cache\Vid-20260421-Wa0016_A002_B005_f0028_B.npy,Vid-20260421-Wa0016,848,480,2,5
Vid-20260421-Wa0016_A002_B006_f0028,C,data\collab_cache\Vid-20260421-Wa0016_A002_B006_f0028_A.npy,data\collab_cache\Vid-20260421-Wa0016_A002_B006_f0028_B.npy,Vid-20260421-Wa0016,848,480,2,6
Vid-20260421-Wa0016_A002_B003_f0032,C,data\collab_cache\Vid-20260421-Wa0016_A002_B003_f0032_A.npy,data\collab_cache\Vid-20260421-Wa0016_A002_B003_f0032_B.npy,Vid-20260421-Wa0016,848,480,2,3
Vid-20260421-Wa0016_A002_B005_f0032,C,data\collab_cache\Vid-20260421-Wa0016_A002_B005_f0032_A.npy,data\collab_cache\Vid-20260421-Wa0016_A002_B005_f0032_B.npy,Vid-20260421-Wa0016,848,480,2,5
Vid-20260421-Wa0016_A002_B006_f0032,C,data\collab_cache\Vid-20260421-Wa0016_A002_B006_f0032_A.npy,data\collab_cache\Vid-20260421-Wa0016_A002_B006_f0032_B.npy,Vid-20260421-Wa0016,848,480,2,6
Vid-20260421-Wa0016_A002_B003_f0036,C,data\collab_cache\Vid-20260421-Wa0016_A002_B003_f0036_A.npy,data\collab_cache\Vid-20260421-Wa0016_A002_B003_f0036_B.npy,Vid-20260421-Wa0016,848,480,2,3
Vid-20260421-Wa0016_A002_B005_f0036,C,data\collab_cache\Vid-20260421-Wa0016_A002_B005_f0036_A.npy,data\collab_cache\Vid-20260421-Wa0016_A002_B005_f0036_B.npy,Vid-20260421-Wa0016,848,480,2,5
Vid-20260421-Wa0016_A002_B006_f0036,C,data\collab_cache\Vid-20260421-Wa0016_A002_B006_f0036_A.npy,data\collab_cache\Vid-20260421-Wa0016_A002_B006_f0036_B.npy,Vid-20260421-Wa0016,848,480,2,6
Vid-20260421-Wa0016_A002_B003_f0040,C,data\collab_cache\Vid-20260421-Wa0016_A002_B003_f0040_A.npy,data\collab_cache\Vid-20260421-Wa0016_A002_B003_f0040_B.npy,Vid-20260421-Wa0016,848,480,2,3
Vid-20260421-Wa0016_A002_B005_f0040,C,data\collab_cache\Vid-20260421-Wa0016_A002_B005_f0040_A.npy,data\collab_cache\Vid-20260421-Wa0016_A002_B005_f0040_B.npy,Vid-20260421-Wa0016,848,480,2,5
Vid-20260421-Wa0016_A002_B006_f0040,C,data\collab_cache\Vid-20260421-Wa0016_A002_B006_f0040_A.npy,data\collab_cache\Vid-20260421-Wa0016_A002_B006_f0040_B.npy,Vid-20260421-Wa0016,848,480,2,6
Vid-20260421-Wa0016_A002_B013_f0040,C,data\collab_cache\Vid-20260421-Wa0016_A002_B013_f0040_A.npy,data\collab_cache\Vid-20260421-Wa0016_A002_B013_f0040_B.npy,Vid-20260421-Wa0016,848,480,2,13
Vid-20260421-Wa0016_A002_B003_f0044,C,data\collab_cache\Vid-20260421-Wa0016_A002_B003_f0044_A.npy,data\collab_cache\Vid-20260421-Wa0016_A002_B003_f0044_B.npy,Vid-20260421-Wa0016,848,480,2,3
Vid-20260421-Wa0016_A002_B005_f0044,C,data\collab_cache\Vid-20260421-Wa0016_A002_B005_f0044_A.npy,data\collab_cache\Vid-20260421-Wa0016_A002_B005_f0044_B.npy,Vid-20260421-Wa0016,848,480,2,5
Vid-20260421-Wa0016_A002_B006_f0044,C,data\collab_cache\Vid-20260421-Wa0016_A002_B006_f0044_A.npy,data\collab_cache\Vid-20260421-Wa0016_A002_B006_f0044_B.npy,Vid-20260421-Wa0016,848,480,2,6
Vid-20260421-Wa0016_A002_B013_f0044,C,data\collab_cache\Vid-20260421-Wa0016_A002_B013_f0044_A.npy,data\collab_cache\Vid-20260421-Wa0016_A002_B013_f0044_B.npy,Vid-20260421-Wa0016,848,480,2,13
Vid-20260421-Wa0016_A002_B003_f0048,C,data\collab_cache\Vid-20260421-Wa0016_A002_B003_f0048_A.npy,data\collab_cache\Vid-20260421-Wa0016_A002_B003_f0048_B.npy,Vid-20260421-Wa0016,848,480,2,3
Vid-20260421-Wa0016_A002_B005_f0048,C,data\collab_cache\Vid-20260421-Wa0016_A002_B005_f0048_A.npy,data\collab_cache\Vid-20260421-Wa0016_A002_B005_f0048_B.npy,Vid-20260421-Wa0016,848,480,2,5
Vid-20260421-Wa0016_A002_B006_f0048,C,data\collab_cache\Vid-20260421-Wa0016_A002_B006_f0048_A.npy,data\collab_cache\Vid-20260421-Wa0016_A002_B006_f0048_B.npy,Vid-20260421-Wa0016,848,480,2,6
Vid-20260421-Wa0016_A002_B013_f0048,C,data\collab_cache\Vid-20260421-Wa0016_A002_B013_f0048_A.npy,data\collab_cache\Vid-20260421-Wa0016_A002_B013_f0048_B.npy,Vid-20260421-Wa0016,848,480,2,13
Vid-20260421-Wa0016_A002_B003_f0052,C,data\collab_cache\Vid-20260421-Wa0016_A002_B003_f0052_A.npy,data\collab_cache\Vid-20260421-Wa0016_A002_B003_f0052_B.npy,Vid-20260421-Wa0016,848,480,2,3
Vid-20260421-Wa0016_A002_B004_f0052,C,data\collab_cache\Vid-20260421-Wa0016_A002_B004_f0052_A.npy,data\collab_cache\Vid-20260421-Wa0016_A002_B004_f0052_B.npy,Vid-20260421-Wa0016,848,480,2,4
Vid-20260421-Wa0016_A002_B006_f0052,C,data\collab_cache\Vid-20260421-Wa0016_A002_B006_f0052_A.npy,data\collab_cache\Vid-20260421-Wa0016_A002_B006_f0052_B.npy,Vid-20260421-Wa0016,848,480,2,6
Vid-20260421-Wa0016_A003_B005_f0000,C,data\collab_cache\Vid-20260421-Wa0016_A003_B005_f0000_A.npy,data\collab_cache\Vid-20260421-Wa0016_A003_B005_f0000_B.npy,Vid-20260421-Wa0016,848,480,3,5
Vid-20260421-Wa0016_A003_B006_f0000,C,data\collab_cache\Vid-20260421-Wa0016_A003_B006_f0000_A.npy,data\collab_cache\Vid-20260421-Wa0016_A003_B006_f0000_B.npy,Vid-20260421-Wa0016,848,480,3,6
Vid-20260421-Wa0016_A003_B005_f0004,C,data\collab_cache\Vid-20260421-Wa0016_A003_B005_f0004_A.npy,data\collab_cache\Vid-20260421-Wa0016_A003_B005_f0004_B.npy,Vid-20260421-Wa0016,848,480,3,5
Vid-20260421-Wa0016_A003_B006_f0004,C,data\collab_cache\Vid-20260421-Wa0016_A003_B006_f0004_A.npy,data\collab_cache\Vid-20260421-Wa0016_A003_B006_f0004_B.npy,Vid-20260421-Wa0016,848,480,3,6
Vid-20260421-Wa0016_A003_B005_f0008,C,data\collab_cache\Vid-20260421-Wa0016_A003_B005_f0008_A.npy,data\collab_cache\Vid-20260421-Wa0016_A003_B005_f0008_B.npy,Vid-20260421-Wa0016,848,480,3,5
Vid-20260421-Wa0016_A003_B006_f0008,C,data\collab_cache\Vid-20260421-Wa0016_A003_B006_f0008_A.npy,data\collab_cache\Vid-20260421-Wa0016_A003_B006_f0008_B.npy,Vid-20260421-Wa0016,848,480,3,6
Vid-20260421-Wa0016_A003_B005_f0012,C,data\collab_cache\Vid-20260421-Wa0016_A003_B005_f0012_A.npy,data\collab_cache\Vid-20260421-Wa0016_A003_B005_f0012_B.npy,Vid-20260421-Wa0016,848,480,3,5
Vid-20260421-Wa0016_A003_B006_f0012,C,data\collab_cache\Vid-20260421-Wa0016_A003_B006_f0012_A.npy,data\collab_cache\Vid-20260421-Wa0016_A003_B006_f0012_B.npy,Vid-20260421-Wa0016,848,480,3,6
Vid-20260421-Wa0016_A003_B005_f0016,C,data\collab_cache\Vid-20260421-Wa0016_A003_B005_f0016_A.npy,data\collab_cache\Vid-20260421-Wa0016_A003_B005_f0016_B.npy,Vid-20260421-Wa0016,848,480,3,5
Vid-20260421-Wa0016_A003_B006_f0016,C,data\collab_cache\Vid-20260421-Wa0016_A003_B006_f0016_A.npy,data\collab_cache\Vid-20260421-Wa0016_A003_B006_f0016_B.npy,Vid-20260421-Wa0016,848,480,3,6
Vid-20260421-Wa0016_A003_B005_f0020,C,data\collab_cache\Vid-20260421-Wa0016_A003_B005_f0020_A.npy,data\collab_cache\Vid-20260421-Wa0016_A003_B005_f0020_B.npy,Vid-20260421-Wa0016,848,480,3,5
Vid-20260421-Wa0016_A003_B006_f0020,C,data\collab_cache\Vid-20260421-Wa0016_A003_B006_f0020_A.npy,data\collab_cache\Vid-20260421-Wa0016_A003_B006_f0020_B.npy,Vid-20260421-Wa0016,848,480,3,6
Vid-20260421-Wa0016_A003_B005_f0024,C,data\collab_cache\Vid-20260421-Wa0016_A003_B005_f0024_A.npy,data\collab_cache\Vid-20260421-Wa0016_A003_B005_f0024_B.npy,Vid-20260421-Wa0016,848,480,3,5
Vid-20260421-Wa0016_A003_B006_f0024,C,data\collab_cache\Vid-20260421-Wa0016_A003_B006_f0024_A.npy,data\collab_cache\Vid-20260421-Wa0016_A003_B006_f0024_B.npy,Vid-20260421-Wa0016,848,480,3,6
Vid-20260421-Wa0016_A003_B005_f0028,C,data\collab_cache\Vid-20260421-Wa0016_A003_B005_f0028_A.npy,data\collab_cache\Vid-20260421-Wa0016_A003_B005_f0028_B.npy,Vid-20260421-Wa0016,848,480,3,5
Vid-20260421-Wa0016_A003_B006_f0028,C,data\collab_cache\Vid-20260421-Wa0016_A003_B006_f0028_A.npy,data\collab_cache\Vid-20260421-Wa0016_A003_B006_f0028_B.npy,Vid-20260421-Wa0016,848,480,3,6
Vid-20260421-Wa0016_A003_B005_f0032,C,data\collab_cache\Vid-20260421-Wa0016_A003_B005_f0032_A.npy,data\collab_cache\Vid-20260421-Wa0016_A003_B005_f0032_B.npy,Vid-20260421-Wa0016,848,480,3,5
Vid-20260421-Wa0016_A003_B006_f0032,C,data\collab_cache\Vid-20260421-Wa0016_A003_B006_f0032_A.npy,data\collab_cache\Vid-20260421-Wa0016_A003_B006_f0032_B.npy,Vid-20260421-Wa0016,848,480,3,6
Vid-20260421-Wa0016_A003_B005_f0036,C,data\collab_cache\Vid-20260421-Wa0016_A003_B005_f0036_A.npy,data\collab_cache\Vid-20260421-Wa0016_A003_B005_f0036_B.npy,Vid-20260421-Wa0016,848,480,3,5
Vid-20260421-Wa0016_A003_B006_f0036,C,data\collab_cache\Vid-20260421-Wa0016_A003_B006_f0036_A.npy,data\collab_cache\Vid-20260421-Wa0016_A003_B006_f0036_B.npy,Vid-20260421-Wa0016,848,480,3,6
Vid-20260421-Wa0016_A003_B005_f0040,C,data\collab_cache\Vid-20260421-Wa0016_A003_B005_f0040_A.npy,data\collab_cache\Vid-20260421-Wa0016_A003_B005_f0040_B.npy,Vid-20260421-Wa0016,848,480,3,5
Vid-20260421-Wa0016_A003_B006_f0040,C,data\collab_cache\Vid-20260421-Wa0016_A003_B006_f0040_A.npy,data\collab_cache\Vid-20260421-Wa0016_A003_B006_f0040_B.npy,Vid-20260421-Wa0016,848,480,3,6
Vid-20260421-Wa0016_A003_B013_f0040,C,data\collab_cache\Vid-20260421-Wa0016_A003_B013_f0040_A.npy,data\collab_cache\Vid-20260421-Wa0016_A003_B013_f0040_B.npy,Vid-20260421-Wa0016,848,480,3,13
Vid-20260421-Wa0016_A003_B005_f0044,C,data\collab_cache\Vid-20260421-Wa0016_A003_B005_f0044_A.npy,data\collab_cache\Vid-20260421-Wa0016_A003_B005_f0044_B.npy,Vid-20260421-Wa0016,848,480,3,5
Vid-20260421-Wa0016_A003_B006_f0044,C,data\collab_cache\Vid-20260421-Wa0016_A003_B006_f0044_A.npy,data\collab_cache\Vid-20260421-Wa0016_A003_B006_f0044_B.npy,Vid-20260421-Wa0016,848,480,3,6
Vid-20260421-Wa0016_A003_B013_f0044,C,data\collab_cache\Vid-20260421-Wa0016_A003_B013_f0044_A.npy,data\collab_cache\Vid-20260421-Wa0016_A003_B013_f0044_B.npy,Vid-20260421-Wa0016,848,480,3,13
Vid-20260421-Wa0016_A003_B004_f0048,C,data\collab_cache\Vid-20260421-Wa0016_A003_B004_f0048_A.npy,data\collab_cache\Vid-20260421-Wa0016_A003_B004_f0048_B.npy,Vid-20260421-Wa0016,848,480,3,4
Vid-20260421-Wa0016_A003_B005_f0048,C,data\collab_cache\Vid-20260421-Wa0016_A003_B005_f0048_A.npy,data\collab_cache\Vid-20260421-Wa0016_A003_B005_f0048_B.npy,Vid-20260421-Wa0016,848,480,3,5
Vid-20260421-Wa0016_A003_B006_f0048,C,data\collab_cache\Vid-20260421-Wa0016_A003_B006_f0048_A.npy,data\collab_cache\Vid-20260421-Wa0016_A003_B006_f0048_B.npy,Vid-20260421-Wa0016,848,480,3,6
Vid-20260421-Wa0016_A003_B013_f0048,C,data\collab_cache\Vid-20260421-Wa0016_A003_B013_f0048_A.npy,data\collab_cache\Vid-20260421-Wa0016_A003_B013_f0048_B.npy,Vid-20260421-Wa0016,848,480,3,13
Vid-20260421-Wa0016_A003_B004_f0052,C,data\collab_cache\Vid-20260421-Wa0016_A003_B004_f0052_A.npy,data\collab_cache\Vid-20260421-Wa0016_A003_B004_f0052_B.npy,Vid-20260421-Wa0016,848,480,3,4
Vid-20260421-Wa0016_A003_B005_f0052,C,data\collab_cache\Vid-20260421-Wa0016_A003_B005_f0052_A.npy,data\collab_cache\Vid-20260421-Wa0016_A003_B005_f0052_B.npy,Vid-20260421-Wa0016,848,480,3,5
Vid-20260421-Wa0016_A003_B006_f0052,C,data\collab_cache\Vid-20260421-Wa0016_A003_B006_f0052_A.npy,data\collab_cache\Vid-20260421-Wa0016_A003_B006_f0052_B.npy,Vid-20260421-Wa0016,848,480,3,6
Vid-20260421-Wa0016_A005_B006_f0000,C,data\collab_cache\Vid-20260421-Wa0016_A005_B006_f0000_A.npy,data\collab_cache\Vid-20260421-Wa0016_A005_B006_f0000_B.npy,Vid-20260421-Wa0016,848,480,5,6
Vid-20260421-Wa0016_A005_B006_f0004,C,data\collab_cache\Vid-20260421-Wa0016_A005_B006_f0004_A.npy,data\collab_cache\Vid-20260421-Wa0016_A005_B006_f0004_B.npy,Vid-20260421-Wa0016,848,480,5,6
Vid-20260421-Wa0016_A005_B006_f0008,C,data\collab_cache\Vid-20260421-Wa0016_A005_B006_f0008_A.npy,data\collab_cache\Vid-20260421-Wa0016_A005_B006_f0008_B.npy,Vid-20260421-Wa0016,848,480,5,6
Vid-20260421-Wa0016_A005_B006_f0012,C,data\collab_cache\Vid-20260421-Wa0016_A005_B006_f0012_A.npy,data\collab_cache\Vid-20260421-Wa0016_A005_B006_f0012_B.npy,Vid-20260421-Wa0016,848,480,5,6
Vid-20260421-Wa0016_A005_B006_f0016,C,data\collab_cache\Vid-20260421-Wa0016_A005_B006_f0016_A.npy,data\collab_cache\Vid-20260421-Wa0016_A005_B006_f0016_B.npy,Vid-20260421-Wa0016,848,480,5,6
Vid-20260421-Wa0016_A005_B006_f0020,C,data\collab_cache\Vid-20260421-Wa0016_A005_B006_f0020_A.npy,data\collab_cache\Vid-20260421-Wa0016_A005_B006_f0020_B.npy,Vid-20260421-Wa0016,848,480,5,6
Vid-20260421-Wa0016_A005_B006_f0024,C,data\collab_cache\Vid-20260421-Wa0016_A005_B006_f0024_A.npy,data\collab_cache\Vid-20260421-Wa0016_A005_B006_f0024_B.npy,Vid-20260421-Wa0016,848,480,5,6
Vid-20260421-Wa0016_A005_B006_f0028,C,data\collab_cache\Vid-20260421-Wa0016_A005_B006_f0028_A.npy,data\collab_cache\Vid-20260421-Wa0016_A005_B006_f0028_B.npy,Vid-20260421-Wa0016,848,480,5,6
Vid-20260421-Wa0016_A005_B006_f0032,C,data\collab_cache\Vid-20260421-Wa0016_A005_B006_f0032_A.npy,data\collab_cache\Vid-20260421-Wa0016_A005_B006_f0032_B.npy,Vid-20260421-Wa0016,848,480,5,6
Vid-20260421-Wa0016_A005_B006_f0036,C,data\collab_cache\Vid-20260421-Wa0016_A005_B006_f0036_A.npy,data\collab_cache\Vid-20260421-Wa0016_A005_B006_f0036_B.npy,Vid-20260421-Wa0016,848,480,5,6
Vid-20260421-Wa0016_A005_B006_f0040,C,data\collab_cache\Vid-20260421-Wa0016_A005_B006_f0040_A.npy,data\collab_cache\Vid-20260421-Wa0016_A005_B006_f0040_B.npy,Vid-20260421-Wa0016,848,480,5,6
Vid-20260421-Wa0016_A005_B013_f0040,C,data\collab_cache\Vid-20260421-Wa0016_A005_B013_f0040_A.npy,data\collab_cache\Vid-20260421-Wa0016_A005_B013_f0040_B.npy,Vid-20260421-Wa0016,848,480,5,13
Vid-20260421-Wa0016_A005_B006_f0044,C,data\collab_cache\Vid-20260421-Wa0016_A005_B006_f0044_A.npy,data\collab_cache\Vid-20260421-Wa0016_A005_B006_f0044_B.npy,Vid-20260421-Wa0016,848,480,5,6
Vid-20260421-Wa0016_A005_B013_f0044,C,data\collab_cache\Vid-20260421-Wa0016_A005_B013_f0044_A.npy,data\collab_cache\Vid-20260421-Wa0016_A005_B013_f0044_B.npy,Vid-20260421-Wa0016,848,480,5,13
Vid-20260421-Wa0016_A005_B006_f0048,C,data\collab_cache\Vid-20260421-Wa0016_A005_B006_f0048_A.npy,data\collab_cache\Vid-20260421-Wa0016_A005_B006_f0048_B.npy,Vid-20260421-Wa0016,848,480,5,6
Vid-20260421-Wa0016_A005_B013_f0048,C,data\collab_cache\Vid-20260421-Wa0016_A005_B013_f0048_A.npy,data\collab_cache\Vid-20260421-Wa0016_A005_B013_f0048_B.npy,Vid-20260421-Wa0016,848,480,5,13
Vid-20260421-Wa0016_A005_B006_f0052,C,data\collab_cache\Vid-20260421-Wa0016_A005_B006_f0052_A.npy,data\collab_cache\Vid-20260421-Wa0016_A005_B006_f0052_B.npy,Vid-20260421-Wa0016,848,480,5,6
Vid-20260421-Wa0018_A001_B002_f0000,C,data\collab_cache\Vid-20260421-Wa0018_A001_B002_f0000_A.npy,data\collab_cache\Vid-20260421-Wa0018_A001_B002_f0000_B.npy,Vid-20260421-Wa0018,848,480,1,2
Vid-20260421-Wa0018_A001_B003_f0000,C,data\collab_cache\Vid-20260421-Wa0018_A001_B003_f0000_A.npy,data\collab_cache\Vid-20260421-Wa0018_A001_B003_f0000_B.npy,Vid-20260421-Wa0018,848,480,1,3
Vid-20260421-Wa0018_A001_B004_f0000,C,data\collab_cache\Vid-20260421-Wa0018_A001_B004_f0000_A.npy,data\collab_cache\Vid-20260421-Wa0018_A001_B004_f0000_B.npy,Vid-20260421-Wa0018,848,480,1,4
Vid-20260421-Wa0018_A001_B005_f0000,C,data\collab_cache\Vid-20260421-Wa0018_A001_B005_f0000_A.npy,data\collab_cache\Vid-20260421-Wa0018_A001_B005_f0000_B.npy,Vid-20260421-Wa0018,848,480,1,5
Vid-20260421-Wa0018_A001_B006_f0000,C,data\collab_cache\Vid-20260421-Wa0018_A001_B006_f0000_A.npy,data\collab_cache\Vid-20260421-Wa0018_A001_B006_f0000_B.npy,Vid-20260421-Wa0018,848,480,1,6
Vid-20260421-Wa0018_A001_B002_f0004,C,data\collab_cache\Vid-20260421-Wa0018_A001_B002_f0004_A.npy,data\collab_cache\Vid-20260421-Wa0018_A001_B002_f0004_B.npy,Vid-20260421-Wa0018,848,480,1,2
Vid-20260421-Wa0018_A001_B003_f0004,C,data\collab_cache\Vid-20260421-Wa0018_A001_B003_f0004_A.npy,data\collab_cache\Vid-20260421-Wa0018_A001_B003_f0004_B.npy,Vid-20260421-Wa0018,848,480,1,3
Vid-20260421-Wa0018_A001_B004_f0004,C,data\collab_cache\Vid-20260421-Wa0018_A001_B004_f0004_A.npy,data\collab_cache\Vid-20260421-Wa0018_A001_B004_f0004_B.npy,Vid-20260421-Wa0018,848,480,1,4
Vid-20260421-Wa0018_A001_B005_f0004,C,data\collab_cache\Vid-20260421-Wa0018_A001_B005_f0004_A.npy,data\collab_cache\Vid-20260421-Wa0018_A001_B005_f0004_B.npy,Vid-20260421-Wa0018,848,480,1,5
Vid-20260421-Wa0018_A001_B006_f0004,C,data\collab_cache\Vid-20260421-Wa0018_A001_B006_f0004_A.npy,data\collab_cache\Vid-20260421-Wa0018_A001_B006_f0004_B.npy,Vid-20260421-Wa0018,848,480,1,6
Vid-20260421-Wa0018_A001_B002_f0008,C,data\collab_cache\Vid-20260421-Wa0018_A001_B002_f0008_A.npy,data\collab_cache\Vid-20260421-Wa0018_A001_B002_f0008_B.npy,Vid-20260421-Wa0018,848,480,1,2
Vid-20260421-Wa0018_A001_B003_f0008,C,data\collab_cache\Vid-20260421-Wa0018_A001_B003_f0008_A.npy,data\collab_cache\Vid-20260421-Wa0018_A001_B003_f0008_B.npy,Vid-20260421-Wa0018,848,480,1,3
Vid-20260421-Wa0018_A001_B004_f0008,C,data\collab_cache\Vid-20260421-Wa0018_A001_B004_f0008_A.npy,data\collab_cache\Vid-20260421-Wa0018_A001_B004_f0008_B.npy,Vid-20260421-Wa0018,848,480,1,4
Vid-20260421-Wa0018_A001_B005_f0008,C,data\collab_cache\Vid-20260421-Wa0018_A001_B005_f0008_A.npy,data\collab_cache\Vid-20260421-Wa0018_A001_B005_f0008_B.npy,Vid-20260421-Wa0018,848,480,1,5
Vid-20260421-Wa0018_A001_B006_f0008,C,data\collab_cache\Vid-20260421-Wa0018_A001_B006_f0008_A.npy,data\collab_cache\Vid-20260421-Wa0018_A001_B006_f0008_B.npy,Vid-20260421-Wa0018,848,480,1,6
Vid-20260421-Wa0018_A001_B002_f0012,C,data\collab_cache\Vid-20260421-Wa0018_A001_B002_f0012_A.npy,data\collab_cache\Vid-20260421-Wa0018_A001_B002_f0012_B.npy,Vid-20260421-Wa0018,848,480,1,2
Vid-20260421-Wa0018_A001_B003_f0012,C,data\collab_cache\Vid-20260421-Wa0018_A001_B003_f0012_A.npy,data\collab_cache\Vid-20260421-Wa0018_A001_B003_f0012_B.npy,Vid-20260421-Wa0018,848,480,1,3
Vid-20260421-Wa0018_A001_B004_f0012,C,data\collab_cache\Vid-20260421-Wa0018_A001_B004_f0012_A.npy,data\collab_cache\Vid-20260421-Wa0018_A001_B004_f0012_B.npy,Vid-20260421-Wa0018,848,480,1,4
Vid-20260421-Wa0018_A001_B005_f0012,C,data\collab_cache\Vid-20260421-Wa0018_A001_B005_f0012_A.npy,data\collab_cache\Vid-20260421-Wa0018_A001_B005_f0012_B.npy,Vid-20260421-Wa0018,848,480,1,5
Vid-20260421-Wa0018_A001_B006_f0012,C,data\collab_cache\Vid-20260421-Wa0018_A001_B006_f0012_A.npy,data\collab_cache\Vid-20260421-Wa0018_A001_B006_f0012_B.npy,Vid-20260421-Wa0018,848,480,1,6
Vid-20260421-Wa0018_A001_B002_f0016,C,data\collab_cache\Vid-20260421-Wa0018_A001_B002_f0016_A.npy,data\collab_cache\Vid-20260421-Wa0018_A001_B002_f0016_B.npy,Vid-20260421-Wa0018,848,480,1,2
Vid-20260421-Wa0018_A001_B003_f0016,C,data\collab_cache\Vid-20260421-Wa0018_A001_B003_f0016_A.npy,data\collab_cache\Vid-20260421-Wa0018_A001_B003_f0016_B.npy,Vid-20260421-Wa0018,848,480,1,3
Vid-20260421-Wa0018_A001_B004_f0016,C,data\collab_cache\Vid-20260421-Wa0018_A001_B004_f0016_A.npy,data\collab_cache\Vid-20260421-Wa0018_A001_B004_f0016_B.npy,Vid-20260421-Wa0018,848,480,1,4
Vid-20260421-Wa0018_A001_B005_f0016,C,data\collab_cache\Vid-20260421-Wa0018_A001_B005_f0016_A.npy,data\collab_cache\Vid-20260421-Wa0018_A001_B005_f0016_B.npy,Vid-20260421-Wa0018,848,480,1,5
Vid-20260421-Wa0018_A001_B006_f0016,C,data\collab_cache\Vid-20260421-Wa0018_A001_B006_f0016_A.npy,data\collab_cache\Vid-20260421-Wa0018_A001_B006_f0016_B.npy,Vid-20260421-Wa0018,848,480,1,6
Vid-20260421-Wa0018_A001_B002_f0020,C,data\collab_cache\Vid-20260421-Wa0018_A001_B002_f0020_A.npy,data\collab_cache\Vid-20260421-Wa0018_A001_B002_f0020_B.npy,Vid-20260421-Wa0018,848,480,1,2
Vid-20260421-Wa0018_A001_B003_f0020,C,data\collab_cache\Vid-20260421-Wa0018_A001_B003_f0020_A.npy,data\collab_cache\Vid-20260421-Wa0018_A001_B003_f0020_B.npy,Vid-20260421-Wa0018,848,480,1,3
Vid-20260421-Wa0018_A001_B004_f0020,C,data\collab_cache\Vid-20260421-Wa0018_A001_B004_f0020_A.npy,data\collab_cache\Vid-20260421-Wa0018_A001_B004_f0020_B.npy,Vid-20260421-Wa0018,848,480,1,4
Vid-20260421-Wa0018_A001_B005_f0020,C,data\collab_cache\Vid-20260421-Wa0018_A001_B005_f0020_A.npy,data\collab_cache\Vid-20260421-Wa0018_A001_B005_f0020_B.npy,Vid-20260421-Wa0018,848,480,1,5
Vid-20260421-Wa0018_A001_B006_f0020,C,data\collab_cache\Vid-20260421-Wa0018_A001_B006_f0020_A.npy,data\collab_cache\Vid-20260421-Wa0018_A001_B006_f0020_B.npy,Vid-20260421-Wa0018,848,480,1,6
Vid-20260421-Wa0018_A001_B002_f0024,C,data\collab_cache\Vid-20260421-Wa0018_A001_B002_f0024_A.npy,data\collab_cache\Vid-20260421-Wa0018_A001_B002_f0024_B.npy,Vid-20260421-Wa0018,848,480,1,2
Vid-20260421-Wa0018_A001_B003_f0024,C,data\collab_cache\Vid-20260421-Wa0018_A001_B003_f0024_A.npy,data\collab_cache\Vid-20260421-Wa0018_A001_B003_f0024_B.npy,Vid-20260421-Wa0018,848,480,1,3
Vid-20260421-Wa0018_A001_B004_f0024,C,data\collab_cache\Vid-20260421-Wa0018_A001_B004_f0024_A.npy,data\collab_cache\Vid-20260421-Wa0018_A001_B004_f0024_B.npy,Vid-20260421-Wa0018,848,480,1,4
Vid-20260421-Wa0018_A001_B005_f0024,C,data\collab_cache\Vid-20260421-Wa0018_A001_B005_f0024_A.npy,data\collab_cache\Vid-20260421-Wa0018_A001_B005_f0024_B.npy,Vid-20260421-Wa0018,848,480,1,5
Vid-20260421-Wa0018_A001_B006_f0024,C,data\collab_cache\Vid-20260421-Wa0018_A001_B006_f0024_A.npy,data\collab_cache\Vid-20260421-Wa0018_A001_B006_f0024_B.npy,Vid-20260421-Wa0018,848,480,1,6
Vid-20260421-Wa0018_A001_B002_f0028,C,data\collab_cache\Vid-20260421-Wa0018_A001_B002_f0028_A.npy,data\collab_cache\Vid-20260421-Wa0018_A001_B002_f0028_B.npy,Vid-20260421-Wa0018,848,480,1,2
Vid-20260421-Wa0018_A001_B003_f0028,C,data\collab_cache\Vid-20260421-Wa0018_A001_B003_f0028_A.npy,data\collab_cache\Vid-20260421-Wa0018_A001_B003_f0028_B.npy,Vid-20260421-Wa0018,848,480,1,3
Vid-20260421-Wa0018_A001_B004_f0028,C,data\collab_cache\Vid-20260421-Wa0018_A001_B004_f0028_A.npy,data\collab_cache\Vid-20260421-Wa0018_A001_B004_f0028_B.npy,Vid-20260421-Wa0018,848,480,1,4
Vid-20260421-Wa0018_A001_B005_f0028,C,data\collab_cache\Vid-20260421-Wa0018_A001_B005_f0028_A.npy,data\collab_cache\Vid-20260421-Wa0018_A001_B005_f0028_B.npy,Vid-20260421-Wa0018,848,480,1,5
Vid-20260421-Wa0018_A001_B006_f0028,C,data\collab_cache\Vid-20260421-Wa0018_A001_B006_f0028_A.npy,data\collab_cache\Vid-20260421-Wa0018_A001_B006_f0028_B.npy,Vid-20260421-Wa0018,848,480,1,6
Vid-20260421-Wa0018_A001_B002_f0032,C,data\collab_cache\Vid-20260421-Wa0018_A001_B002_f0032_A.npy,data\collab_cache\Vid-20260421-Wa0018_A001_B002_f0032_B.npy,Vid-20260421-Wa0018,848,480,1,2
Vid-20260421-Wa0018_A001_B003_f0032,C,data\collab_cache\Vid-20260421-Wa0018_A001_B003_f0032_A.npy,data\collab_cache\Vid-20260421-Wa0018_A001_B003_f0032_B.npy,Vid-20260421-Wa0018,848,480,1,3
Vid-20260421-Wa0018_A001_B004_f0032,C,data\collab_cache\Vid-20260421-Wa0018_A001_B004_f0032_A.npy,data\collab_cache\Vid-20260421-Wa0018_A001_B004_f0032_B.npy,Vid-20260421-Wa0018,848,480,1,4
Vid-20260421-Wa0018_A001_B005_f0032,C,data\collab_cache\Vid-20260421-Wa0018_A001_B005_f0032_A.npy,data\collab_cache\Vid-20260421-Wa0018_A001_B005_f0032_B.npy,Vid-20260421-Wa0018,848,480,1,5
Vid-20260421-Wa0018_A001_B006_f0032,C,data\collab_cache\Vid-20260421-Wa0018_A001_B006_f0032_A.npy,data\collab_cache\Vid-20260421-Wa0018_A001_B006_f0032_B.npy,Vid-20260421-Wa0018,848,480,1,6
Vid-20260421-Wa0018_A001_B002_f0036,C,data\collab_cache\Vid-20260421-Wa0018_A001_B002_f0036_A.npy,data\collab_cache\Vid-20260421-Wa0018_A001_B002_f0036_B.npy,Vid-20260421-Wa0018,848,480,1,2
Vid-20260421-Wa0018_A001_B003_f0036,C,data\collab_cache\Vid-20260421-Wa0018_A001_B003_f0036_A.npy,data\collab_cache\Vid-20260421-Wa0018_A001_B003_f0036_B.npy,Vid-20260421-Wa0018,848,480,1,3
Vid-20260421-Wa0018_A001_B004_f0036,C,data\collab_cache\Vid-20260421-Wa0018_A001_B004_f0036_A.npy,data\collab_cache\Vid-20260421-Wa0018_A001_B004_f0036_B.npy,Vid-20260421-Wa0018,848,480,1,4
Vid-20260421-Wa0018_A001_B005_f0036,C,data\collab_cache\Vid-20260421-Wa0018_A001_B005_f0036_A.npy,data\collab_cache\Vid-20260421-Wa0018_A001_B005_f0036_B.npy,Vid-20260421-Wa0018,848,480,1,5
Vid-20260421-Wa0018_A001_B006_f0036,C,data\collab_cache\Vid-20260421-Wa0018_A001_B006_f0036_A.npy,data\collab_cache\Vid-20260421-Wa0018_A001_B006_f0036_B.npy,Vid-20260421-Wa0018,848,480,1,6
Vid-20260421-Wa0018_A002_B003_f0000,C,data\collab_cache\Vid-20260421-Wa0018_A002_B003_f0000_A.npy,data\collab_cache\Vid-20260421-Wa0018_A002_B003_f0000_B.npy,Vid-20260421-Wa0018,848,480,2,3
Vid-20260421-Wa0018_A002_B004_f0000,C,data\collab_cache\Vid-20260421-Wa0018_A002_B004_f0000_A.npy,data\collab_cache\Vid-20260421-Wa0018_A002_B004_f0000_B.npy,Vid-20260421-Wa0018,848,480,2,4
Vid-20260421-Wa0018_A002_B005_f0000,C,data\collab_cache\Vid-20260421-Wa0018_A002_B005_f0000_A.npy,data\collab_cache\Vid-20260421-Wa0018_A002_B005_f0000_B.npy,Vid-20260421-Wa0018,848,480,2,5
Vid-20260421-Wa0018_A002_B006_f0000,C,data\collab_cache\Vid-20260421-Wa0018_A002_B006_f0000_A.npy,data\collab_cache\Vid-20260421-Wa0018_A002_B006_f0000_B.npy,Vid-20260421-Wa0018,848,480,2,6
Vid-20260421-Wa0018_A002_B003_f0004,C,data\collab_cache\Vid-20260421-Wa0018_A002_B003_f0004_A.npy,data\collab_cache\Vid-20260421-Wa0018_A002_B003_f0004_B.npy,Vid-20260421-Wa0018,848,480,2,3
Vid-20260421-Wa0018_A002_B004_f0004,C,data\collab_cache\Vid-20260421-Wa0018_A002_B004_f0004_A.npy,data\collab_cache\Vid-20260421-Wa0018_A002_B004_f0004_B.npy,Vid-20260421-Wa0018,848,480,2,4
Vid-20260421-Wa0018_A002_B005_f0004,C,data\collab_cache\Vid-20260421-Wa0018_A002_B005_f0004_A.npy,data\collab_cache\Vid-20260421-Wa0018_A002_B005_f0004_B.npy,Vid-20260421-Wa0018,848,480,2,5
Vid-20260421-Wa0018_A002_B006_f0004,C,data\collab_cache\Vid-20260421-Wa0018_A002_B006_f0004_A.npy,data\collab_cache\Vid-20260421-Wa0018_A002_B006_f0004_B.npy,Vid-20260421-Wa0018,848,480,2,6
Vid-20260421-Wa0018_A002_B003_f0008,C,data\collab_cache\Vid-20260421-Wa0018_A002_B003_f0008_A.npy,data\collab_cache\Vid-20260421-Wa0018_A002_B003_f0008_B.npy,Vid-20260421-Wa0018,848,480,2,3
Vid-20260421-Wa0018_A002_B004_f0008,C,data\collab_cache\Vid-20260421-Wa0018_A002_B004_f0008_A.npy,data\collab_cache\Vid-20260421-Wa0018_A002_B004_f0008_B.npy,Vid-20260421-Wa0018,848,480,2,4
Vid-20260421-Wa0018_A002_B005_f0008,C,data\collab_cache\Vid-20260421-Wa0018_A002_B005_f0008_A.npy,data\collab_cache\Vid-20260421-Wa0018_A002_B005_f0008_B.npy,Vid-20260421-Wa0018,848,480,2,5
Vid-20260421-Wa0018_A002_B006_f0008,C,data\collab_cache\Vid-20260421-Wa0018_A002_B006_f0008_A.npy,data\collab_cache\Vid-20260421-Wa0018_A002_B006_f0008_B.npy,Vid-20260421-Wa0018,848,480,2,6
Vid-20260421-Wa0018_A002_B003_f0012,C,data\collab_cache\Vid-20260421-Wa0018_A002_B003_f0012_A.npy,data\collab_cache\Vid-20260421-Wa0018_A002_B003_f0012_B.npy,Vid-20260421-Wa0018,848,480,2,3
Vid-20260421-Wa0018_A002_B004_f0012,C,data\collab_cache\Vid-20260421-Wa0018_A002_B004_f0012_A.npy,data\collab_cache\Vid-20260421-Wa0018_A002_B004_f0012_B.npy,Vid-20260421-Wa0018,848,480,2,4
Vid-20260421-Wa0018_A002_B005_f0012,C,data\collab_cache\Vid-20260421-Wa0018_A002_B005_f0012_A.npy,data\collab_cache\Vid-20260421-Wa0018_A002_B005_f0012_B.npy,Vid-20260421-Wa0018,848,480,2,5
Vid-20260421-Wa0018_A002_B006_f0012,C,data\collab_cache\Vid-20260421-Wa0018_A002_B006_f0012_A.npy,data\collab_cache\Vid-20260421-Wa0018_A002_B006_f0012_B.npy,Vid-20260421-Wa0018,848,480,2,6
Vid-20260421-Wa0018_A002_B003_f0016,C,data\collab_cache\Vid-20260421-Wa0018_A002_B003_f0016_A.npy,data\collab_cache\Vid-20260421-Wa0018_A002_B003_f0016_B.npy,Vid-20260421-Wa0018,848,480,2,3
Vid-20260421-Wa0018_A002_B004_f0016,C,data\collab_cache\Vid-20260421-Wa0018_A002_B004_f0016_A.npy,data\collab_cache\Vid-20260421-Wa0018_A002_B004_f0016_B.npy,Vid-20260421-Wa0018,848,480,2,4
Vid-20260421-Wa0018_A002_B005_f0016,C,data\collab_cache\Vid-20260421-Wa0018_A002_B005_f0016_A.npy,data\collab_cache\Vid-20260421-Wa0018_A002_B005_f0016_B.npy,Vid-20260421-Wa0018,848,480,2,5
Vid-20260421-Wa0018_A002_B006_f0016,C,data\collab_cache\Vid-20260421-Wa0018_A002_B006_f0016_A.npy,data\collab_cache\Vid-20260421-Wa0018_A002_B006_f0016_B.npy,Vid-20260421-Wa0018,848,480,2,6
Vid-20260421-Wa0018_A002_B003_f0020,C,data\collab_cache\Vid-20260421-Wa0018_A002_B003_f0020_A.npy,data\collab_cache\Vid-20260421-Wa0018_A002_B003_f0020_B.npy,Vid-20260421-Wa0018,848,480,2,3
Vid-20260421-Wa0018_A002_B004_f0020,C,data\collab_cache\Vid-20260421-Wa0018_A002_B004_f0020_A.npy,data\collab_cache\Vid-20260421-Wa0018_A002_B004_f0020_B.npy,Vid-20260421-Wa0018,848,480,2,4
Vid-20260421-Wa0018_A002_B005_f0020,C,data\collab_cache\Vid-20260421-Wa0018_A002_B005_f0020_A.npy,data\collab_cache\Vid-20260421-Wa0018_A002_B005_f0020_B.npy,Vid-20260421-Wa0018,848,480,2,5
Vid-20260421-Wa0018_A002_B006_f0020,C,data\collab_cache\Vid-20260421-Wa0018_A002_B006_f0020_A.npy,data\collab_cache\Vid-20260421-Wa0018_A002_B006_f0020_B.npy,Vid-20260421-Wa0018,848,480,2,6
Vid-20260421-Wa0018_A002_B003_f0024,C,data\collab_cache\Vid-20260421-Wa0018_A002_B003_f0024_A.npy,data\collab_cache\Vid-20260421-Wa0018_A002_B003_f0024_B.npy,Vid-20260421-Wa0018,848,480,2,3
Vid-20260421-Wa0018_A002_B004_f0024,C,data\collab_cache\Vid-20260421-Wa0018_A002_B004_f0024_A.npy,data\collab_cache\Vid-20260421-Wa0018_A002_B004_f0024_B.npy,Vid-20260421-Wa0018,848,480,2,4
Vid-20260421-Wa0018_A002_B005_f0024,C,data\collab_cache\Vid-20260421-Wa0018_A002_B005_f0024_A.npy,data\collab_cache\Vid-20260421-Wa0018_A002_B005_f0024_B.npy,Vid-20260421-Wa0018,848,480,2,5
Vid-20260421-Wa0018_A002_B006_f0024,C,data\collab_cache\Vid-20260421-Wa0018_A002_B006_f0024_A.npy,data\collab_cache\Vid-20260421-Wa0018_A002_B006_f0024_B.npy,Vid-20260421-Wa0018,848,480,2,6
Vid-20260421-Wa0018_A002_B003_f0028,C,data\collab_cache\Vid-20260421-Wa0018_A002_B003_f0028_A.npy,data\collab_cache\Vid-20260421-Wa0018_A002_B003_f0028_B.npy,Vid-20260421-Wa0018,848,480,2,3
Vid-20260421-Wa0018_A002_B004_f0028,C,data\collab_cache\Vid-20260421-Wa0018_A002_B004_f0028_A.npy,data\collab_cache\Vid-20260421-Wa0018_A002_B004_f0028_B.npy,Vid-20260421-Wa0018,848,480,2,4
Vid-20260421-Wa0018_A002_B005_f0028,C,data\collab_cache\Vid-20260421-Wa0018_A002_B005_f0028_A.npy,data\collab_cache\Vid-20260421-Wa0018_A002_B005_f0028_B.npy,Vid-20260421-Wa0018,848,480,2,5
Vid-20260421-Wa0018_A002_B006_f0028,C,data\collab_cache\Vid-20260421-Wa0018_A002_B006_f0028_A.npy,data\collab_cache\Vid-20260421-Wa0018_A002_B006_f0028_B.npy,Vid-20260421-Wa0018,848,480,2,6
Vid-20260421-Wa0018_A002_B003_f0032,C,data\collab_cache\Vid-20260421-Wa0018_A002_B003_f0032_A.npy,data\collab_cache\Vid-20260421-Wa0018_A002_B003_f0032_B.npy,Vid-20260421-Wa0018,848,480,2,3
Vid-20260421-Wa0018_A002_B004_f0032,C,data\collab_cache\Vid-20260421-Wa0018_A002_B004_f0032_A.npy,data\collab_cache\Vid-20260421-Wa0018_A002_B004_f0032_B.npy,Vid-20260421-Wa0018,848,480,2,4
Vid-20260421-Wa0018_A002_B005_f0032,C,data\collab_cache\Vid-20260421-Wa0018_A002_B005_f0032_A.npy,data\collab_cache\Vid-20260421-Wa0018_A002_B005_f0032_B.npy,Vid-20260421-Wa0018,848,480,2,5
Vid-20260421-Wa0018_A002_B006_f0032,C,data\collab_cache\Vid-20260421-Wa0018_A002_B006_f0032_A.npy,data\collab_cache\Vid-20260421-Wa0018_A002_B006_f0032_B.npy,Vid-20260421-Wa0018,848,480,2,6
Vid-20260421-Wa0018_A002_B003_f0036,C,data\collab_cache\Vid-20260421-Wa0018_A002_B003_f0036_A.npy,data\collab_cache\Vid-20260421-Wa0018_A002_B003_f0036_B.npy,Vid-20260421-Wa0018,848,480,2,3
Vid-20260421-Wa0018_A002_B004_f0036,C,data\collab_cache\Vid-20260421-Wa0018_A002_B004_f0036_A.npy,data\collab_cache\Vid-20260421-Wa0018_A002_B004_f0036_B.npy,Vid-20260421-Wa0018,848,480,2,4
Vid-20260421-Wa0018_A002_B005_f0036,C,data\collab_cache\Vid-20260421-Wa0018_A002_B005_f0036_A.npy,data\collab_cache\Vid-20260421-Wa0018_A002_B005_f0036_B.npy,Vid-20260421-Wa0018,848,480,2,5
Vid-20260421-Wa0018_A002_B006_f0036,C,data\collab_cache\Vid-20260421-Wa0018_A002_B006_f0036_A.npy,data\collab_cache\Vid-20260421-Wa0018_A002_B006_f0036_B.npy,Vid-20260421-Wa0018,848,480,2,6
Vid-20260421-Wa0018_A003_B004_f0000,C,data\collab_cache\Vid-20260421-Wa0018_A003_B004_f0000_A.npy,data\collab_cache\Vid-20260421-Wa0018_A003_B004_f0000_B.npy,Vid-20260421-Wa0018,848,480,3,4
Vid-20260421-Wa0018_A003_B005_f0000,C,data\collab_cache\Vid-20260421-Wa0018_A003_B005_f0000_A.npy,data\collab_cache\Vid-20260421-Wa0018_A003_B005_f0000_B.npy,Vid-20260421-Wa0018,848,480,3,5
Vid-20260421-Wa0018_A003_B006_f0000,C,data\collab_cache\Vid-20260421-Wa0018_A003_B006_f0000_A.npy,data\collab_cache\Vid-20260421-Wa0018_A003_B006_f0000_B.npy,Vid-20260421-Wa0018,848,480,3,6
Vid-20260421-Wa0018_A003_B004_f0004,C,data\collab_cache\Vid-20260421-Wa0018_A003_B004_f0004_A.npy,data\collab_cache\Vid-20260421-Wa0018_A003_B004_f0004_B.npy,Vid-20260421-Wa0018,848,480,3,4
Vid-20260421-Wa0018_A003_B005_f0004,C,data\collab_cache\Vid-20260421-Wa0018_A003_B005_f0004_A.npy,data\collab_cache\Vid-20260421-Wa0018_A003_B005_f0004_B.npy,Vid-20260421-Wa0018,848,480,3,5
Vid-20260421-Wa0018_A003_B006_f0004,C,data\collab_cache\Vid-20260421-Wa0018_A003_B006_f0004_A.npy,data\collab_cache\Vid-20260421-Wa0018_A003_B006_f0004_B.npy,Vid-20260421-Wa0018,848,480,3,6
Vid-20260421-Wa0018_A003_B004_f0008,C,data\collab_cache\Vid-20260421-Wa0018_A003_B004_f0008_A.npy,data\collab_cache\Vid-20260421-Wa0018_A003_B004_f0008_B.npy,Vid-20260421-Wa0018,848,480,3,4
Vid-20260421-Wa0018_A003_B005_f0008,C,data\collab_cache\Vid-20260421-Wa0018_A003_B005_f0008_A.npy,data\collab_cache\Vid-20260421-Wa0018_A003_B005_f0008_B.npy,Vid-20260421-Wa0018,848,480,3,5
Vid-20260421-Wa0018_A003_B006_f0008,C,data\collab_cache\Vid-20260421-Wa0018_A003_B006_f0008_A.npy,data\collab_cache\Vid-20260421-Wa0018_A003_B006_f0008_B.npy,Vid-20260421-Wa0018,848,480,3,6
Vid-20260421-Wa0018_A003_B004_f0012,C,data\collab_cache\Vid-20260421-Wa0018_A003_B004_f0012_A.npy,data\collab_cache\Vid-20260421-Wa0018_A003_B004_f0012_B.npy,Vid-20260421-Wa0018,848,480,3,4
Vid-20260421-Wa0018_A003_B005_f0012,C,data\collab_cache\Vid-20260421-Wa0018_A003_B005_f0012_A.npy,data\collab_cache\Vid-20260421-Wa0018_A003_B005_f0012_B.npy,Vid-20260421-Wa0018,848,480,3,5
Vid-20260421-Wa0018_A003_B006_f0012,C,data\collab_cache\Vid-20260421-Wa0018_A003_B006_f0012_A.npy,data\collab_cache\Vid-20260421-Wa0018_A003_B006_f0012_B.npy,Vid-20260421-Wa0018,848,480,3,6
Vid-20260421-Wa0018_A003_B004_f0016,C,data\collab_cache\Vid-20260421-Wa0018_A003_B004_f0016_A.npy,data\collab_cache\Vid-20260421-Wa0018_A003_B004_f0016_B.npy,Vid-20260421-Wa0018,848,480,3,4
Vid-20260421-Wa0018_A003_B005_f0016,C,data\collab_cache\Vid-20260421-Wa0018_A003_B005_f0016_A.npy,data\collab_cache\Vid-20260421-Wa0018_A003_B005_f0016_B.npy,Vid-20260421-Wa0018,848,480,3,5
Vid-20260421-Wa0018_A003_B006_f0016,C,data\collab_cache\Vid-20260421-Wa0018_A003_B006_f0016_A.npy,data\collab_cache\Vid-20260421-Wa0018_A003_B006_f0016_B.npy,Vid-20260421-Wa0018,848,480,3,6
Vid-20260421-Wa0018_A003_B004_f0020,C,data\collab_cache\Vid-20260421-Wa0018_A003_B004_f0020_A.npy,data\collab_cache\Vid-20260421-Wa0018_A003_B004_f0020_B.npy,Vid-20260421-Wa0018,848,480,3,4
Vid-20260421-Wa0018_A003_B005_f0020,C,data\collab_cache\Vid-20260421-Wa0018_A003_B005_f0020_A.npy,data\collab_cache\Vid-20260421-Wa0018_A003_B005_f0020_B.npy,Vid-20260421-Wa0018,848,480,3,5
Vid-20260421-Wa0018_A003_B006_f0020,C,data\collab_cache\Vid-20260421-Wa0018_A003_B006_f0020_A.npy,data\collab_cache\Vid-20260421-Wa0018_A003_B006_f0020_B.npy,Vid-20260421-Wa0018,848,480,3,6
Vid-20260421-Wa0018_A003_B004_f0024,C,data\collab_cache\Vid-20260421-Wa0018_A003_B004_f0024_A.npy,data\collab_cache\Vid-20260421-Wa0018_A003_B004_f0024_B.npy,Vid-20260421-Wa0018,848,480,3,4
Vid-20260421-Wa0018_A003_B005_f0024,C,data\collab_cache\Vid-20260421-Wa0018_A003_B005_f0024_A.npy,data\collab_cache\Vid-20260421-Wa0018_A003_B005_f0024_B.npy,Vid-20260421-Wa0018,848,480,3,5
Vid-20260421-Wa0018_A003_B006_f0024,C,data\collab_cache\Vid-20260421-Wa0018_A003_B006_f0024_A.npy,data\collab_cache\Vid-20260421-Wa0018_A003_B006_f0024_B.npy,Vid-20260421-Wa0018,848,480,3,6
Vid-20260421-Wa0018_A003_B004_f0028,C,data\collab_cache\Vid-20260421-Wa0018_A003_B004_f0028_A.npy,data\collab_cache\Vid-20260421-Wa0018_A003_B004_f0028_B.npy,Vid-20260421-Wa0018,848,480,3,4
Vid-20260421-Wa0018_A003_B005_f0028,C,data\collab_cache\Vid-20260421-Wa0018_A003_B005_f0028_A.npy,data\collab_cache\Vid-20260421-Wa0018_A003_B005_f0028_B.npy,Vid-20260421-Wa0018,848,480,3,5
Vid-20260421-Wa0018_A003_B006_f0028,C,data\collab_cache\Vid-20260421-Wa0018_A003_B006_f0028_A.npy,data\collab_cache\Vid-20260421-Wa0018_A003_B006_f0028_B.npy,Vid-20260421-Wa0018,848,480,3,6
Vid-20260421-Wa0018_A003_B004_f0032,C,data\collab_cache\Vid-20260421-Wa0018_A003_B004_f0032_A.npy,data\collab_cache\Vid-20260421-Wa0018_A003_B004_f0032_B.npy,Vid-20260421-Wa0018,848,480,3,4
Vid-20260421-Wa0018_A003_B005_f0032,C,data\collab_cache\Vid-20260421-Wa0018_A003_B005_f0032_A.npy,data\collab_cache\Vid-20260421-Wa0018_A003_B005_f0032_B.npy,Vid-20260421-Wa0018,848,480,3,5
Vid-20260421-Wa0018_A003_B006_f0032,C,data\collab_cache\Vid-20260421-Wa0018_A003_B006_f0032_A.npy,data\collab_cache\Vid-20260421-Wa0018_A003_B006_f0032_B.npy,Vid-20260421-Wa0018,848,480,3,6
Vid-20260421-Wa0018_A003_B004_f0036,C,data\collab_cache\Vid-20260421-Wa0018_A003_B004_f0036_A.npy,data\collab_cache\Vid-20260421-Wa0018_A003_B004_f0036_B.npy,Vid-20260421-Wa0018,848,480,3,4
Vid-20260421-Wa0018_A003_B005_f0036,C,data\collab_cache\Vid-20260421-Wa0018_A003_B005_f0036_A.npy,data\collab_cache\Vid-20260421-Wa0018_A003_B005_f0036_B.npy,Vid-20260421-Wa0018,848,480,3,5
Vid-20260421-Wa0018_A003_B006_f0036,C,data\collab_cache\Vid-20260421-Wa0018_A003_B006_f0036_A.npy,data\collab_cache\Vid-20260421-Wa0018_A003_B006_f0036_B.npy,Vid-20260421-Wa0018,848,480,3,6
Vid-20260421-Wa0018_A004_B005_f0000,C,data\collab_cache\Vid-20260421-Wa0018_A004_B005_f0000_A.npy,data\collab_cache\Vid-20260421-Wa0018_A004_B005_f0000_B.npy,Vid-20260421-Wa0018,848,480,4,5
Vid-20260421-Wa0018_A004_B006_f0000,C,data\collab_cache\Vid-20260421-Wa0018_A004_B006_f0000_A.npy,data\collab_cache\Vid-20260421-Wa0018_A004_B006_f0000_B.npy,Vid-20260421-Wa0018,848,480,4,6
Vid-20260421-Wa0018_A004_B005_f0004,C,data\collab_cache\Vid-20260421-Wa0018_A004_B005_f0004_A.npy,data\collab_cache\Vid-20260421-Wa0018_A004_B005_f0004_B.npy,Vid-20260421-Wa0018,848,480,4,5
Vid-20260421-Wa0018_A004_B006_f0004,C,data\collab_cache\Vid-20260421-Wa0018_A004_B006_f0004_A.npy,data\collab_cache\Vid-20260421-Wa0018_A004_B006_f0004_B.npy,Vid-20260421-Wa0018,848,480,4,6
Vid-20260421-Wa0018_A004_B005_f0008,C,data\collab_cache\Vid-20260421-Wa0018_A004_B005_f0008_A.npy,data\collab_cache\Vid-20260421-Wa0018_A004_B005_f0008_B.npy,Vid-20260421-Wa0018,848,480,4,5
Vid-20260421-Wa0018_A004_B006_f0008,C,data\collab_cache\Vid-20260421-Wa0018_A004_B006_f0008_A.npy,data\collab_cache\Vid-20260421-Wa0018_A004_B006_f0008_B.npy,Vid-20260421-Wa0018,848,480,4,6
Vid-20260421-Wa0018_A004_B005_f0012,C,data\collab_cache\Vid-20260421-Wa0018_A004_B005_f0012_A.npy,data\collab_cache\Vid-20260421-Wa0018_A004_B005_f0012_B.npy,Vid-20260421-Wa0018,848,480,4,5
Vid-20260421-Wa0018_A004_B006_f0012,C,data\collab_cache\Vid-20260421-Wa0018_A004_B006_f0012_A.npy,data\collab_cache\Vid-20260421-Wa0018_A004_B006_f0012_B.npy,Vid-20260421-Wa0018,848,480,4,6
Vid-20260421-Wa0018_A004_B005_f0016,C,data\collab_cache\Vid-20260421-Wa0018_A004_B005_f0016_A.npy,data\collab_cache\Vid-20260421-Wa0018_A004_B005_f0016_B.npy,Vid-20260421-Wa0018,848,480,4,5
Vid-20260421-Wa0018_A004_B006_f0016,C,data\collab_cache\Vid-20260421-Wa0018_A004_B006_f0016_A.npy,data\collab_cache\Vid-20260421-Wa0018_A004_B006_f0016_B.npy,Vid-20260421-Wa0018,848,480,4,6
Vid-20260421-Wa0018_A004_B005_f0020,C,data\collab_cache\Vid-20260421-Wa0018_A004_B005_f0020_A.npy,data\collab_cache\Vid-20260421-Wa0018_A004_B005_f0020_B.npy,Vid-20260421-Wa0018,848,480,4,5
Vid-20260421-Wa0018_A004_B006_f0020,C,data\collab_cache\Vid-20260421-Wa0018_A004_B006_f0020_A.npy,data\collab_cache\Vid-20260421-Wa0018_A004_B006_f0020_B.npy,Vid-20260421-Wa0018,848,480,4,6
Vid-20260421-Wa0018_A004_B005_f0024,C,data\collab_cache\Vid-20260421-Wa0018_A004_B005_f0024_A.npy,data\collab_cache\Vid-20260421-Wa0018_A004_B005_f0024_B.npy,Vid-20260421-Wa0018,848,480,4,5
Vid-20260421-Wa0018_A004_B006_f0024,C,data\collab_cache\Vid-20260421-Wa0018_A004_B006_f0024_A.npy,data\collab_cache\Vid-20260421-Wa0018_A004_B006_f0024_B.npy,Vid-20260421-Wa0018,848,480,4,6
Vid-20260421-Wa0018_A004_B005_f0028,C,data\collab_cache\Vid-20260421-Wa0018_A004_B005_f0028_A.npy,data\collab_cache\Vid-20260421-Wa0018_A004_B005_f0028_B.npy,Vid-20260421-Wa0018,848,480,4,5
Vid-20260421-Wa0018_A004_B006_f0028,C,data\collab_cache\Vid-20260421-Wa0018_A004_B006_f0028_A.npy,data\collab_cache\Vid-20260421-Wa0018_A004_B006_f0028_B.npy,Vid-20260421-Wa0018,848,480,4,6
Vid-20260421-Wa0018_A004_B005_f0032,C,data\collab_cache\Vid-20260421-Wa0018_A004_B005_f0032_A.npy,data\collab_cache\Vid-20260421-Wa0018_A004_B005_f0032_B.npy,Vid-20260421-Wa0018,848,480,4,5
Vid-20260421-Wa0018_A004_B006_f0032,C,data\collab_cache\Vid-20260421-Wa0018_A004_B006_f0032_A.npy,data\collab_cache\Vid-20260421-Wa0018_A004_B006_f0032_B.npy,Vid-20260421-Wa0018,848,480,4,6
Vid-20260421-Wa0018_A004_B005_f0036,C,data\collab_cache\Vid-20260421-Wa0018_A004_B005_f0036_A.npy,data\collab_cache\Vid-20260421-Wa0018_A004_B005_f0036_B.npy,Vid-20260421-Wa0018,848,480,4,5
Vid-20260421-Wa0018_A004_B006_f0036,C,data\collab_cache\Vid-20260421-Wa0018_A004_B006_f0036_A.npy,data\collab_cache\Vid-20260421-Wa0018_A004_B006_f0036_B.npy,Vid-20260421-Wa0018,848,480,4,6
Vid-20260421-Wa0018_A005_B006_f0000,C,data\collab_cache\Vid-20260421-Wa0018_A005_B006_f0000_A.npy,data\collab_cache\Vid-20260421-Wa0018_A005_B006_f0000_B.npy,Vid-20260421-Wa0018,848,480,5,6
Vid-20260421-Wa0018_A005_B006_f0004,C,data\collab_cache\Vid-20260421-Wa0018_A005_B006_f0004_A.npy,data\collab_cache\Vid-20260421-Wa0018_A005_B006_f0004_B.npy,Vid-20260421-Wa0018,848,480,5,6
Vid-20260421-Wa0018_A005_B006_f0008,C,data\collab_cache\Vid-20260421-Wa0018_A005_B006_f0008_A.npy,data\collab_cache\Vid-20260421-Wa0018_A005_B006_f0008_B.npy,Vid-20260421-Wa0018,848,480,5,6
Vid-20260421-Wa0018_A005_B006_f0012,C,data\collab_cache\Vid-20260421-Wa0018_A005_B006_f0012_A.npy,data\collab_cache\Vid-20260421-Wa0018_A005_B006_f0012_B.npy,Vid-20260421-Wa0018,848,480,5,6
Vid-20260421-Wa0018_A005_B006_f0016,C,data\collab_cache\Vid-20260421-Wa0018_A005_B006_f0016_A.npy,data\collab_cache\Vid-20260421-Wa0018_A005_B006_f0016_B.npy,Vid-20260421-Wa0018,848,480,5,6
Vid-20260421-Wa0018_A005_B006_f0020,C,data\collab_cache\Vid-20260421-Wa0018_A005_B006_f0020_A.npy,data\collab_cache\Vid-20260421-Wa0018_A005_B006_f0020_B.npy,Vid-20260421-Wa0018,848,480,5,6
Vid-20260421-Wa0018_A005_B006_f0024,C,data\collab_cache\Vid-20260421-Wa0018_A005_B006_f0024_A.npy,data\collab_cache\Vid-20260421-Wa0018_A005_B006_f0024_B.npy,Vid-20260421-Wa0018,848,480,5,6
Vid-20260421-Wa0018_A005_B006_f0028,C,data\collab_cache\Vid-20260421-Wa0018_A005_B006_f0028_A.npy,data\collab_cache\Vid-20260421-Wa0018_A005_B006_f0028_B.npy,Vid-20260421-Wa0018,848,480,5,6
Vid-20260421-Wa0018_A005_B006_f0032,C,data\collab_cache\Vid-20260421-Wa0018_A005_B006_f0032_A.npy,data\collab_cache\Vid-20260421-Wa0018_A005_B006_f0032_B.npy,Vid-20260421-Wa0018,848,480,5,6
Vid-20260421-Wa0018_A005_B006_f0036,C,data\collab_cache\Vid-20260421-Wa0018_A005_B006_f0036_A.npy,data\collab_cache\Vid-20260421-Wa0018_A005_B006_f0036_B.npy,Vid-20260421-Wa0018,848,480,5,6
Vid-20260421-Wa0019_A001_B003_f0000,C,data\collab_cache\Vid-20260421-Wa0019_A001_B003_f0000_A.npy,data\collab_cache\Vid-20260421-Wa0019_A001_B003_f0000_B.npy,Vid-20260421-Wa0019,848,480,1,3
Vid-20260421-Wa0019_A001_B006_f0000,C,data\collab_cache\Vid-20260421-Wa0019_A001_B006_f0000_A.npy,data\collab_cache\Vid-20260421-Wa0019_A001_B006_f0000_B.npy,Vid-20260421-Wa0019,848,480,1,6
Vid-20260421-Wa0019_A001_B007_f0000,C,data\collab_cache\Vid-20260421-Wa0019_A001_B007_f0000_A.npy,data\collab_cache\Vid-20260421-Wa0019_A001_B007_f0000_B.npy,Vid-20260421-Wa0019,848,480,1,7
Vid-20260421-Wa0019_A001_B008_f0000,C,data\collab_cache\Vid-20260421-Wa0019_A001_B008_f0000_A.npy,data\collab_cache\Vid-20260421-Wa0019_A001_B008_f0000_B.npy,Vid-20260421-Wa0019,848,480,1,8
Vid-20260421-Wa0019_A001_B003_f0004,C,data\collab_cache\Vid-20260421-Wa0019_A001_B003_f0004_A.npy,data\collab_cache\Vid-20260421-Wa0019_A001_B003_f0004_B.npy,Vid-20260421-Wa0019,848,480,1,3
Vid-20260421-Wa0019_A001_B006_f0004,C,data\collab_cache\Vid-20260421-Wa0019_A001_B006_f0004_A.npy,data\collab_cache\Vid-20260421-Wa0019_A001_B006_f0004_B.npy,Vid-20260421-Wa0019,848,480,1,6
Vid-20260421-Wa0019_A001_B007_f0004,C,data\collab_cache\Vid-20260421-Wa0019_A001_B007_f0004_A.npy,data\collab_cache\Vid-20260421-Wa0019_A001_B007_f0004_B.npy,Vid-20260421-Wa0019,848,480,1,7
Vid-20260421-Wa0019_A001_B008_f0004,C,data\collab_cache\Vid-20260421-Wa0019_A001_B008_f0004_A.npy,data\collab_cache\Vid-20260421-Wa0019_A001_B008_f0004_B.npy,Vid-20260421-Wa0019,848,480,1,8
Vid-20260421-Wa0019_A001_B003_f0008,C,data\collab_cache\Vid-20260421-Wa0019_A001_B003_f0008_A.npy,data\collab_cache\Vid-20260421-Wa0019_A001_B003_f0008_B.npy,Vid-20260421-Wa0019,848,480,1,3
Vid-20260421-Wa0019_A001_B004_f0008,C,data\collab_cache\Vid-20260421-Wa0019_A001_B004_f0008_A.npy,data\collab_cache\Vid-20260421-Wa0019_A001_B004_f0008_B.npy,Vid-20260421-Wa0019,848,480,1,4
Vid-20260421-Wa0019_A001_B006_f0008,C,data\collab_cache\Vid-20260421-Wa0019_A001_B006_f0008_A.npy,data\collab_cache\Vid-20260421-Wa0019_A001_B006_f0008_B.npy,Vid-20260421-Wa0019,848,480,1,6
Vid-20260421-Wa0019_A001_B007_f0008,C,data\collab_cache\Vid-20260421-Wa0019_A001_B007_f0008_A.npy,data\collab_cache\Vid-20260421-Wa0019_A001_B007_f0008_B.npy,Vid-20260421-Wa0019,848,480,1,7
Vid-20260421-Wa0019_A001_B008_f0008,C,data\collab_cache\Vid-20260421-Wa0019_A001_B008_f0008_A.npy,data\collab_cache\Vid-20260421-Wa0019_A001_B008_f0008_B.npy,Vid-20260421-Wa0019,848,480,1,8
Vid-20260421-Wa0019_A001_B003_f0012,C,data\collab_cache\Vid-20260421-Wa0019_A001_B003_f0012_A.npy,data\collab_cache\Vid-20260421-Wa0019_A001_B003_f0012_B.npy,Vid-20260421-Wa0019,848,480,1,3
Vid-20260421-Wa0019_A001_B005_f0012,C,data\collab_cache\Vid-20260421-Wa0019_A001_B005_f0012_A.npy,data\collab_cache\Vid-20260421-Wa0019_A001_B005_f0012_B.npy,Vid-20260421-Wa0019,848,480,1,5
Vid-20260421-Wa0019_A001_B006_f0012,C,data\collab_cache\Vid-20260421-Wa0019_A001_B006_f0012_A.npy,data\collab_cache\Vid-20260421-Wa0019_A001_B006_f0012_B.npy,Vid-20260421-Wa0019,848,480,1,6
Vid-20260421-Wa0019_A001_B007_f0012,C,data\collab_cache\Vid-20260421-Wa0019_A001_B007_f0012_A.npy,data\collab_cache\Vid-20260421-Wa0019_A001_B007_f0012_B.npy,Vid-20260421-Wa0019,848,480,1,7
Vid-20260421-Wa0019_A001_B008_f0012,C,data\collab_cache\Vid-20260421-Wa0019_A001_B008_f0012_A.npy,data\collab_cache\Vid-20260421-Wa0019_A001_B008_f0012_B.npy,Vid-20260421-Wa0019,848,480,1,8
Vid-20260421-Wa0019_A001_B009_f0012,C,data\collab_cache\Vid-20260421-Wa0019_A001_B009_f0012_A.npy,data\collab_cache\Vid-20260421-Wa0019_A001_B009_f0012_B.npy,Vid-20260421-Wa0019,848,480,1,9
Vid-20260421-Wa0019_A001_B003_f0016,C,data\collab_cache\Vid-20260421-Wa0019_A001_B003_f0016_A.npy,data\collab_cache\Vid-20260421-Wa0019_A001_B003_f0016_B.npy,Vid-20260421-Wa0019,848,480,1,3
Vid-20260421-Wa0019_A001_B005_f0016,C,data\collab_cache\Vid-20260421-Wa0019_A001_B005_f0016_A.npy,data\collab_cache\Vid-20260421-Wa0019_A001_B005_f0016_B.npy,Vid-20260421-Wa0019,848,480,1,5
Vid-20260421-Wa0019_A001_B006_f0016,C,data\collab_cache\Vid-20260421-Wa0019_A001_B006_f0016_A.npy,data\collab_cache\Vid-20260421-Wa0019_A001_B006_f0016_B.npy,Vid-20260421-Wa0019,848,480,1,6
Vid-20260421-Wa0019_A001_B007_f0016,C,data\collab_cache\Vid-20260421-Wa0019_A001_B007_f0016_A.npy,data\collab_cache\Vid-20260421-Wa0019_A001_B007_f0016_B.npy,Vid-20260421-Wa0019,848,480,1,7
Vid-20260421-Wa0019_A001_B008_f0016,C,data\collab_cache\Vid-20260421-Wa0019_A001_B008_f0016_A.npy,data\collab_cache\Vid-20260421-Wa0019_A001_B008_f0016_B.npy,Vid-20260421-Wa0019,848,480,1,8
Vid-20260421-Wa0019_A001_B009_f0016,C,data\collab_cache\Vid-20260421-Wa0019_A001_B009_f0016_A.npy,data\collab_cache\Vid-20260421-Wa0019_A001_B009_f0016_B.npy,Vid-20260421-Wa0019,848,480,1,9
Vid-20260421-Wa0019_A001_B003_f0020,C,data\collab_cache\Vid-20260421-Wa0019_A001_B003_f0020_A.npy,data\collab_cache\Vid-20260421-Wa0019_A001_B003_f0020_B.npy,Vid-20260421-Wa0019,848,480,1,3
Vid-20260421-Wa0019_A001_B005_f0020,C,data\collab_cache\Vid-20260421-Wa0019_A001_B005_f0020_A.npy,data\collab_cache\Vid-20260421-Wa0019_A001_B005_f0020_B.npy,Vid-20260421-Wa0019,848,480,1,5
Vid-20260421-Wa0019_A001_B006_f0020,C,data\collab_cache\Vid-20260421-Wa0019_A001_B006_f0020_A.npy,data\collab_cache\Vid-20260421-Wa0019_A001_B006_f0020_B.npy,Vid-20260421-Wa0019,848,480,1,6
Vid-20260421-Wa0019_A001_B007_f0020,C,data\collab_cache\Vid-20260421-Wa0019_A001_B007_f0020_A.npy,data\collab_cache\Vid-20260421-Wa0019_A001_B007_f0020_B.npy,Vid-20260421-Wa0019,848,480,1,7
Vid-20260421-Wa0019_A001_B008_f0020,C,data\collab_cache\Vid-20260421-Wa0019_A001_B008_f0020_A.npy,data\collab_cache\Vid-20260421-Wa0019_A001_B008_f0020_B.npy,Vid-20260421-Wa0019,848,480,1,8
Vid-20260421-Wa0019_A001_B009_f0020,C,data\collab_cache\Vid-20260421-Wa0019_A001_B009_f0020_A.npy,data\collab_cache\Vid-20260421-Wa0019_A001_B009_f0020_B.npy,Vid-20260421-Wa0019,848,480,1,9
Vid-20260421-Wa0019_A001_B003_f0024,C,data\collab_cache\Vid-20260421-Wa0019_A001_B003_f0024_A.npy,data\collab_cache\Vid-20260421-Wa0019_A001_B003_f0024_B.npy,Vid-20260421-Wa0019,848,480,1,3
Vid-20260421-Wa0019_A001_B005_f0024,C,data\collab_cache\Vid-20260421-Wa0019_A001_B005_f0024_A.npy,data\collab_cache\Vid-20260421-Wa0019_A001_B005_f0024_B.npy,Vid-20260421-Wa0019,848,480,1,5
Vid-20260421-Wa0019_A001_B006_f0024,C,data\collab_cache\Vid-20260421-Wa0019_A001_B006_f0024_A.npy,data\collab_cache\Vid-20260421-Wa0019_A001_B006_f0024_B.npy,Vid-20260421-Wa0019,848,480,1,6
Vid-20260421-Wa0019_A001_B007_f0024,C,data\collab_cache\Vid-20260421-Wa0019_A001_B007_f0024_A.npy,data\collab_cache\Vid-20260421-Wa0019_A001_B007_f0024_B.npy,Vid-20260421-Wa0019,848,480,1,7
Vid-20260421-Wa0019_A001_B008_f0024,C,data\collab_cache\Vid-20260421-Wa0019_A001_B008_f0024_A.npy,data\collab_cache\Vid-20260421-Wa0019_A001_B008_f0024_B.npy,Vid-20260421-Wa0019,848,480,1,8
Vid-20260421-Wa0019_A001_B009_f0024,C,data\collab_cache\Vid-20260421-Wa0019_A001_B009_f0024_A.npy,data\collab_cache\Vid-20260421-Wa0019_A001_B009_f0024_B.npy,Vid-20260421-Wa0019,848,480,1,9
Vid-20260421-Wa0019_A001_B003_f0028,C,data\collab_cache\Vid-20260421-Wa0019_A001_B003_f0028_A.npy,data\collab_cache\Vid-20260421-Wa0019_A001_B003_f0028_B.npy,Vid-20260421-Wa0019,848,480,1,3
Vid-20260421-Wa0019_A001_B005_f0028,C,data\collab_cache\Vid-20260421-Wa0019_A001_B005_f0028_A.npy,data\collab_cache\Vid-20260421-Wa0019_A001_B005_f0028_B.npy,Vid-20260421-Wa0019,848,480,1,5
Vid-20260421-Wa0019_A001_B006_f0028,C,data\collab_cache\Vid-20260421-Wa0019_A001_B006_f0028_A.npy,data\collab_cache\Vid-20260421-Wa0019_A001_B006_f0028_B.npy,Vid-20260421-Wa0019,848,480,1,6
Vid-20260421-Wa0019_A001_B007_f0028,C,data\collab_cache\Vid-20260421-Wa0019_A001_B007_f0028_A.npy,data\collab_cache\Vid-20260421-Wa0019_A001_B007_f0028_B.npy,Vid-20260421-Wa0019,848,480,1,7
Vid-20260421-Wa0019_A001_B008_f0028,C,data\collab_cache\Vid-20260421-Wa0019_A001_B008_f0028_A.npy,data\collab_cache\Vid-20260421-Wa0019_A001_B008_f0028_B.npy,Vid-20260421-Wa0019,848,480,1,8
Vid-20260421-Wa0019_A001_B009_f0028,C,data\collab_cache\Vid-20260421-Wa0019_A001_B009_f0028_A.npy,data\collab_cache\Vid-20260421-Wa0019_A001_B009_f0028_B.npy,Vid-20260421-Wa0019,848,480,1,9
Vid-20260421-Wa0019_A001_B003_f0032,C,data\collab_cache\Vid-20260421-Wa0019_A001_B003_f0032_A.npy,data\collab_cache\Vid-20260421-Wa0019_A001_B003_f0032_B.npy,Vid-20260421-Wa0019,848,480,1,3
Vid-20260421-Wa0019_A001_B005_f0032,C,data\collab_cache\Vid-20260421-Wa0019_A001_B005_f0032_A.npy,data\collab_cache\Vid-20260421-Wa0019_A001_B005_f0032_B.npy,Vid-20260421-Wa0019,848,480,1,5
Vid-20260421-Wa0019_A001_B006_f0032,C,data\collab_cache\Vid-20260421-Wa0019_A001_B006_f0032_A.npy,data\collab_cache\Vid-20260421-Wa0019_A001_B006_f0032_B.npy,Vid-20260421-Wa0019,848,480,1,6
Vid-20260421-Wa0019_A001_B007_f0032,C,data\collab_cache\Vid-20260421-Wa0019_A001_B007_f0032_A.npy,data\collab_cache\Vid-20260421-Wa0019_A001_B007_f0032_B.npy,Vid-20260421-Wa0019,848,480,1,7
Vid-20260421-Wa0019_A001_B008_f0032,C,data\collab_cache\Vid-20260421-Wa0019_A001_B008_f0032_A.npy,data\collab_cache\Vid-20260421-Wa0019_A001_B008_f0032_B.npy,Vid-20260421-Wa0019,848,480,1,8
Vid-20260421-Wa0019_A001_B009_f0032,C,data\collab_cache\Vid-20260421-Wa0019_A001_B009_f0032_A.npy,data\collab_cache\Vid-20260421-Wa0019_A001_B009_f0032_B.npy,Vid-20260421-Wa0019,848,480,1,9
Vid-20260421-Wa0019_A001_B003_f0036,C,data\collab_cache\Vid-20260421-Wa0019_A001_B003_f0036_A.npy,data\collab_cache\Vid-20260421-Wa0019_A001_B003_f0036_B.npy,Vid-20260421-Wa0019,848,480,1,3
Vid-20260421-Wa0019_A001_B005_f0036,C,data\collab_cache\Vid-20260421-Wa0019_A001_B005_f0036_A.npy,data\collab_cache\Vid-20260421-Wa0019_A001_B005_f0036_B.npy,Vid-20260421-Wa0019,848,480,1,5
Vid-20260421-Wa0019_A001_B006_f0036,C,data\collab_cache\Vid-20260421-Wa0019_A001_B006_f0036_A.npy,data\collab_cache\Vid-20260421-Wa0019_A001_B006_f0036_B.npy,Vid-20260421-Wa0019,848,480,1,6
Vid-20260421-Wa0019_A001_B007_f0036,C,data\collab_cache\Vid-20260421-Wa0019_A001_B007_f0036_A.npy,data\collab_cache\Vid-20260421-Wa0019_A001_B007_f0036_B.npy,Vid-20260421-Wa0019,848,480,1,7
Vid-20260421-Wa0019_A001_B008_f0036,C,data\collab_cache\Vid-20260421-Wa0019_A001_B008_f0036_A.npy,data\collab_cache\Vid-20260421-Wa0019_A001_B008_f0036_B.npy,Vid-20260421-Wa0019,848,480,1,8
Vid-20260421-Wa0019_A001_B009_f0036,C,data\collab_cache\Vid-20260421-Wa0019_A001_B009_f0036_A.npy,data\collab_cache\Vid-20260421-Wa0019_A001_B009_f0036_B.npy,Vid-20260421-Wa0019,848,480,1,9
Vid-20260421-Wa0019_A001_B003_f0040,C,data\collab_cache\Vid-20260421-Wa0019_A001_B003_f0040_A.npy,data\collab_cache\Vid-20260421-Wa0019_A001_B003_f0040_B.npy,Vid-20260421-Wa0019,848,480,1,3
Vid-20260421-Wa0019_A001_B005_f0040,C,data\collab_cache\Vid-20260421-Wa0019_A001_B005_f0040_A.npy,data\collab_cache\Vid-20260421-Wa0019_A001_B005_f0040_B.npy,Vid-20260421-Wa0019,848,480,1,5
Vid-20260421-Wa0019_A001_B006_f0040,C,data\collab_cache\Vid-20260421-Wa0019_A001_B006_f0040_A.npy,data\collab_cache\Vid-20260421-Wa0019_A001_B006_f0040_B.npy,Vid-20260421-Wa0019,848,480,1,6
Vid-20260421-Wa0019_A001_B007_f0040,C,data\collab_cache\Vid-20260421-Wa0019_A001_B007_f0040_A.npy,data\collab_cache\Vid-20260421-Wa0019_A001_B007_f0040_B.npy,Vid-20260421-Wa0019,848,480,1,7
Vid-20260421-Wa0019_A001_B008_f0040,C,data\collab_cache\Vid-20260421-Wa0019_A001_B008_f0040_A.npy,data\collab_cache\Vid-20260421-Wa0019_A001_B008_f0040_B.npy,Vid-20260421-Wa0019,848,480,1,8
Vid-20260421-Wa0019_A001_B009_f0040,C,data\collab_cache\Vid-20260421-Wa0019_A001_B009_f0040_A.npy,data\collab_cache\Vid-20260421-Wa0019_A001_B009_f0040_B.npy,Vid-20260421-Wa0019,848,480,1,9
Vid-20260421-Wa0019_A001_B003_f0044,C,data\collab_cache\Vid-20260421-Wa0019_A001_B003_f0044_A.npy,data\collab_cache\Vid-20260421-Wa0019_A001_B003_f0044_B.npy,Vid-20260421-Wa0019,848,480,1,3
Vid-20260421-Wa0019_A001_B005_f0044,C,data\collab_cache\Vid-20260421-Wa0019_A001_B005_f0044_A.npy,data\collab_cache\Vid-20260421-Wa0019_A001_B005_f0044_B.npy,Vid-20260421-Wa0019,848,480,1,5
Vid-20260421-Wa0019_A001_B006_f0044,C,data\collab_cache\Vid-20260421-Wa0019_A001_B006_f0044_A.npy,data\collab_cache\Vid-20260421-Wa0019_A001_B006_f0044_B.npy,Vid-20260421-Wa0019,848,480,1,6
Vid-20260421-Wa0019_A001_B007_f0044,C,data\collab_cache\Vid-20260421-Wa0019_A001_B007_f0044_A.npy,data\collab_cache\Vid-20260421-Wa0019_A001_B007_f0044_B.npy,Vid-20260421-Wa0019,848,480,1,7
Vid-20260421-Wa0019_A001_B008_f0044,C,data\collab_cache\Vid-20260421-Wa0019_A001_B008_f0044_A.npy,data\collab_cache\Vid-20260421-Wa0019_A001_B008_f0044_B.npy,Vid-20260421-Wa0019,848,480,1,8
Vid-20260421-Wa0019_A001_B009_f0044,C,data\collab_cache\Vid-20260421-Wa0019_A001_B009_f0044_A.npy,data\collab_cache\Vid-20260421-Wa0019_A001_B009_f0044_B.npy,Vid-20260421-Wa0019,848,480,1,9
Vid-20260421-Wa0019_A001_B003_f0048,C,data\collab_cache\Vid-20260421-Wa0019_A001_B003_f0048_A.npy,data\collab_cache\Vid-20260421-Wa0019_A001_B003_f0048_B.npy,Vid-20260421-Wa0019,848,480,1,3
Vid-20260421-Wa0019_A001_B005_f0048,C,data\collab_cache\Vid-20260421-Wa0019_A001_B005_f0048_A.npy,data\collab_cache\Vid-20260421-Wa0019_A001_B005_f0048_B.npy,Vid-20260421-Wa0019,848,480,1,5
Vid-20260421-Wa0019_A001_B006_f0048,C,data\collab_cache\Vid-20260421-Wa0019_A001_B006_f0048_A.npy,data\collab_cache\Vid-20260421-Wa0019_A001_B006_f0048_B.npy,Vid-20260421-Wa0019,848,480,1,6
Vid-20260421-Wa0019_A001_B007_f0048,C,data\collab_cache\Vid-20260421-Wa0019_A001_B007_f0048_A.npy,data\collab_cache\Vid-20260421-Wa0019_A001_B007_f0048_B.npy,Vid-20260421-Wa0019,848,480,1,7
Vid-20260421-Wa0019_A001_B008_f0048,C,data\collab_cache\Vid-20260421-Wa0019_A001_B008_f0048_A.npy,data\collab_cache\Vid-20260421-Wa0019_A001_B008_f0048_B.npy,Vid-20260421-Wa0019,848,480,1,8
Vid-20260421-Wa0019_A001_B009_f0048,C,data\collab_cache\Vid-20260421-Wa0019_A001_B009_f0048_A.npy,data\collab_cache\Vid-20260421-Wa0019_A001_B009_f0048_B.npy,Vid-20260421-Wa0019,848,480,1,9
Vid-20260421-Wa0019_A001_B003_f0052,C,data\collab_cache\Vid-20260421-Wa0019_A001_B003_f0052_A.npy,data\collab_cache\Vid-20260421-Wa0019_A001_B003_f0052_B.npy,Vid-20260421-Wa0019,848,480,1,3
Vid-20260421-Wa0019_A001_B005_f0052,C,data\collab_cache\Vid-20260421-Wa0019_A001_B005_f0052_A.npy,data\collab_cache\Vid-20260421-Wa0019_A001_B005_f0052_B.npy,Vid-20260421-Wa0019,848,480,1,5
Vid-20260421-Wa0019_A001_B006_f0052,C,data\collab_cache\Vid-20260421-Wa0019_A001_B006_f0052_A.npy,data\collab_cache\Vid-20260421-Wa0019_A001_B006_f0052_B.npy,Vid-20260421-Wa0019,848,480,1,6
Vid-20260421-Wa0019_A001_B007_f0052,C,data\collab_cache\Vid-20260421-Wa0019_A001_B007_f0052_A.npy,data\collab_cache\Vid-20260421-Wa0019_A001_B007_f0052_B.npy,Vid-20260421-Wa0019,848,480,1,7
Vid-20260421-Wa0019_A001_B008_f0052,C,data\collab_cache\Vid-20260421-Wa0019_A001_B008_f0052_A.npy,data\collab_cache\Vid-20260421-Wa0019_A001_B008_f0052_B.npy,Vid-20260421-Wa0019,848,480,1,8
Vid-20260421-Wa0019_A002_B007_f0040,C,data\collab_cache\Vid-20260421-Wa0019_A002_B007_f0040_A.npy,data\collab_cache\Vid-20260421-Wa0019_A002_B007_f0040_B.npy,Vid-20260421-Wa0019,848,480,2,7
Vid-20260421-Wa0019_A002_B008_f0040,C,data\collab_cache\Vid-20260421-Wa0019_A002_B008_f0040_A.npy,data\collab_cache\Vid-20260421-Wa0019_A002_B008_f0040_B.npy,Vid-20260421-Wa0019,848,480,2,8
Vid-20260421-Wa0019_A002_B009_f0040,C,data\collab_cache\Vid-20260421-Wa0019_A002_B009_f0040_A.npy,data\collab_cache\Vid-20260421-Wa0019_A002_B009_f0040_B.npy,Vid-20260421-Wa0019,848,480,2,9
Vid-20260421-Wa0019_A003_B005_f0000,C,data\collab_cache\Vid-20260421-Wa0019_A003_B005_f0000_A.npy,data\collab_cache\Vid-20260421-Wa0019_A003_B005_f0000_B.npy,Vid-20260421-Wa0019,848,480,3,5
Vid-20260421-Wa0019_A003_B006_f0000,C,data\collab_cache\Vid-20260421-Wa0019_A003_B006_f0000_A.npy,data\collab_cache\Vid-20260421-Wa0019_A003_B006_f0000_B.npy,Vid-20260421-Wa0019,848,480,3,6
Vid-20260421-Wa0019_A003_B007_f0000,C,data\collab_cache\Vid-20260421-Wa0019_A003_B007_f0000_A.npy,data\collab_cache\Vid-20260421-Wa0019_A003_B007_f0000_B.npy,Vid-20260421-Wa0019,848,480,3,7
Vid-20260421-Wa0019_A003_B008_f0000,C,data\collab_cache\Vid-20260421-Wa0019_A003_B008_f0000_A.npy,data\collab_cache\Vid-20260421-Wa0019_A003_B008_f0000_B.npy,Vid-20260421-Wa0019,848,480,3,8
Vid-20260421-Wa0019_A003_B005_f0004,C,data\collab_cache\Vid-20260421-Wa0019_A003_B005_f0004_A.npy,data\collab_cache\Vid-20260421-Wa0019_A003_B005_f0004_B.npy,Vid-20260421-Wa0019,848,480,3,5
Vid-20260421-Wa0019_A003_B006_f0004,C,data\collab_cache\Vid-20260421-Wa0019_A003_B006_f0004_A.npy,data\collab_cache\Vid-20260421-Wa0019_A003_B006_f0004_B.npy,Vid-20260421-Wa0019,848,480,3,6
Vid-20260421-Wa0019_A003_B007_f0004,C,data\collab_cache\Vid-20260421-Wa0019_A003_B007_f0004_A.npy,data\collab_cache\Vid-20260421-Wa0019_A003_B007_f0004_B.npy,Vid-20260421-Wa0019,848,480,3,7
Vid-20260421-Wa0019_A003_B008_f0004,C,data\collab_cache\Vid-20260421-Wa0019_A003_B008_f0004_A.npy,data\collab_cache\Vid-20260421-Wa0019_A003_B008_f0004_B.npy,Vid-20260421-Wa0019,848,480,3,8
Vid-20260421-Wa0019_A003_B005_f0008,C,data\collab_cache\Vid-20260421-Wa0019_A003_B005_f0008_A.npy,data\collab_cache\Vid-20260421-Wa0019_A003_B005_f0008_B.npy,Vid-20260421-Wa0019,848,480,3,5
Vid-20260421-Wa0019_A003_B006_f0008,C,data\collab_cache\Vid-20260421-Wa0019_A003_B006_f0008_A.npy,data\collab_cache\Vid-20260421-Wa0019_A003_B006_f0008_B.npy,Vid-20260421-Wa0019,848,480,3,6
Vid-20260421-Wa0019_A003_B007_f0008,C,data\collab_cache\Vid-20260421-Wa0019_A003_B007_f0008_A.npy,data\collab_cache\Vid-20260421-Wa0019_A003_B007_f0008_B.npy,Vid-20260421-Wa0019,848,480,3,7
Vid-20260421-Wa0019_A003_B008_f0008,C,data\collab_cache\Vid-20260421-Wa0019_A003_B008_f0008_A.npy,data\collab_cache\Vid-20260421-Wa0019_A003_B008_f0008_B.npy,Vid-20260421-Wa0019,848,480,3,8
Vid-20260421-Wa0019_A003_B005_f0012,C,data\collab_cache\Vid-20260421-Wa0019_A003_B005_f0012_A.npy,data\collab_cache\Vid-20260421-Wa0019_A003_B005_f0012_B.npy,Vid-20260421-Wa0019,848,480,3,5
Vid-20260421-Wa0019_A003_B006_f0012,C,data\collab_cache\Vid-20260421-Wa0019_A003_B006_f0012_A.npy,data\collab_cache\Vid-20260421-Wa0019_A003_B006_f0012_B.npy,Vid-20260421-Wa0019,848,480,3,6
Vid-20260421-Wa0019_A003_B007_f0012,C,data\collab_cache\Vid-20260421-Wa0019_A003_B007_f0012_A.npy,data\collab_cache\Vid-20260421-Wa0019_A003_B007_f0012_B.npy,Vid-20260421-Wa0019,848,480,3,7
Vid-20260421-Wa0019_A003_B008_f0012,C,data\collab_cache\Vid-20260421-Wa0019_A003_B008_f0012_A.npy,data\collab_cache\Vid-20260421-Wa0019_A003_B008_f0012_B.npy,Vid-20260421-Wa0019,848,480,3,8
Vid-20260421-Wa0019_A003_B009_f0012,C,data\collab_cache\Vid-20260421-Wa0019_A003_B009_f0012_A.npy,data\collab_cache\Vid-20260421-Wa0019_A003_B009_f0012_B.npy,Vid-20260421-Wa0019,848,480,3,9
Vid-20260421-Wa0019_A003_B005_f0016,C,data\collab_cache\Vid-20260421-Wa0019_A003_B005_f0016_A.npy,data\collab_cache\Vid-20260421-Wa0019_A003_B005_f0016_B.npy,Vid-20260421-Wa0019,848,480,3,5
Vid-20260421-Wa0019_A003_B006_f0016,C,data\collab_cache\Vid-20260421-Wa0019_A003_B006_f0016_A.npy,data\collab_cache\Vid-20260421-Wa0019_A003_B006_f0016_B.npy,Vid-20260421-Wa0019,848,480,3,6
Vid-20260421-Wa0019_A003_B007_f0016,C,data\collab_cache\Vid-20260421-Wa0019_A003_B007_f0016_A.npy,data\collab_cache\Vid-20260421-Wa0019_A003_B007_f0016_B.npy,Vid-20260421-Wa0019,848,480,3,7
Vid-20260421-Wa0019_A003_B008_f0016,C,data\collab_cache\Vid-20260421-Wa0019_A003_B008_f0016_A.npy,data\collab_cache\Vid-20260421-Wa0019_A003_B008_f0016_B.npy,Vid-20260421-Wa0019,848,480,3,8
Vid-20260421-Wa0019_A003_B009_f0016,C,data\collab_cache\Vid-20260421-Wa0019_A003_B009_f0016_A.npy,data\collab_cache\Vid-20260421-Wa0019_A003_B009_f0016_B.npy,Vid-20260421-Wa0019,848,480,3,9
Vid-20260421-Wa0019_A003_B005_f0020,C,data\collab_cache\Vid-20260421-Wa0019_A003_B005_f0020_A.npy,data\collab_cache\Vid-20260421-Wa0019_A003_B005_f0020_B.npy,Vid-20260421-Wa0019,848,480,3,5
Vid-20260421-Wa0019_A003_B006_f0020,C,data\collab_cache\Vid-20260421-Wa0019_A003_B006_f0020_A.npy,data\collab_cache\Vid-20260421-Wa0019_A003_B006_f0020_B.npy,Vid-20260421-Wa0019,848,480,3,6
Vid-20260421-Wa0019_A003_B007_f0020,C,data\collab_cache\Vid-20260421-Wa0019_A003_B007_f0020_A.npy,data\collab_cache\Vid-20260421-Wa0019_A003_B007_f0020_B.npy,Vid-20260421-Wa0019,848,480,3,7
Vid-20260421-Wa0019_A003_B008_f0020,C,data\collab_cache\Vid-20260421-Wa0019_A003_B008_f0020_A.npy,data\collab_cache\Vid-20260421-Wa0019_A003_B008_f0020_B.npy,Vid-20260421-Wa0019,848,480,3,8
Vid-20260421-Wa0019_A003_B009_f0020,C,data\collab_cache\Vid-20260421-Wa0019_A003_B009_f0020_A.npy,data\collab_cache\Vid-20260421-Wa0019_A003_B009_f0020_B.npy,Vid-20260421-Wa0019,848,480,3,9
Vid-20260421-Wa0019_A003_B005_f0024,C,data\collab_cache\Vid-20260421-Wa0019_A003_B005_f0024_A.npy,data\collab_cache\Vid-20260421-Wa0019_A003_B005_f0024_B.npy,Vid-20260421-Wa0019,848,480,3,5
Vid-20260421-Wa0019_A003_B006_f0024,C,data\collab_cache\Vid-20260421-Wa0019_A003_B006_f0024_A.npy,data\collab_cache\Vid-20260421-Wa0019_A003_B006_f0024_B.npy,Vid-20260421-Wa0019,848,480,3,6
Vid-20260421-Wa0019_A003_B007_f0024,C,data\collab_cache\Vid-20260421-Wa0019_A003_B007_f0024_A.npy,data\collab_cache\Vid-20260421-Wa0019_A003_B007_f0024_B.npy,Vid-20260421-Wa0019,848,480,3,7
Vid-20260421-Wa0019_A003_B008_f0024,C,data\collab_cache\Vid-20260421-Wa0019_A003_B008_f0024_A.npy,data\collab_cache\Vid-20260421-Wa0019_A003_B008_f0024_B.npy,Vid-20260421-Wa0019,848,480,3,8
Vid-20260421-Wa0019_A003_B009_f0024,C,data\collab_cache\Vid-20260421-Wa0019_A003_B009_f0024_A.npy,data\collab_cache\Vid-20260421-Wa0019_A003_B009_f0024_B.npy,Vid-20260421-Wa0019,848,480,3,9
Vid-20260421-Wa0019_A003_B005_f0028,C,data\collab_cache\Vid-20260421-Wa0019_A003_B005_f0028_A.npy,data\collab_cache\Vid-20260421-Wa0019_A003_B005_f0028_B.npy,Vid-20260421-Wa0019,848,480,3,5
Vid-20260421-Wa0019_A003_B006_f0028,C,data\collab_cache\Vid-20260421-Wa0019_A003_B006_f0028_A.npy,data\collab_cache\Vid-20260421-Wa0019_A003_B006_f0028_B.npy,Vid-20260421-Wa0019,848,480,3,6
Vid-20260421-Wa0019_A003_B007_f0028,C,data\collab_cache\Vid-20260421-Wa0019_A003_B007_f0028_A.npy,data\collab_cache\Vid-20260421-Wa0019_A003_B007_f0028_B.npy,Vid-20260421-Wa0019,848,480,3,7
Vid-20260421-Wa0019_A003_B008_f0028,C,data\collab_cache\Vid-20260421-Wa0019_A003_B008_f0028_A.npy,data\collab_cache\Vid-20260421-Wa0019_A003_B008_f0028_B.npy,Vid-20260421-Wa0019,848,480,3,8
Vid-20260421-Wa0019_A003_B009_f0028,C,data\collab_cache\Vid-20260421-Wa0019_A003_B009_f0028_A.npy,data\collab_cache\Vid-20260421-Wa0019_A003_B009_f0028_B.npy,Vid-20260421-Wa0019,848,480,3,9
Vid-20260421-Wa0019_A003_B005_f0032,C,data\collab_cache\Vid-20260421-Wa0019_A003_B005_f0032_A.npy,data\collab_cache\Vid-20260421-Wa0019_A003_B005_f0032_B.npy,Vid-20260421-Wa0019,848,480,3,5
Vid-20260421-Wa0019_A003_B006_f0032,C,data\collab_cache\Vid-20260421-Wa0019_A003_B006_f0032_A.npy,data\collab_cache\Vid-20260421-Wa0019_A003_B006_f0032_B.npy,Vid-20260421-Wa0019,848,480,3,6
Vid-20260421-Wa0019_A003_B007_f0032,C,data\collab_cache\Vid-20260421-Wa0019_A003_B007_f0032_A.npy,data\collab_cache\Vid-20260421-Wa0019_A003_B007_f0032_B.npy,Vid-20260421-Wa0019,848,480,3,7
Vid-20260421-Wa0019_A003_B008_f0032,C,data\collab_cache\Vid-20260421-Wa0019_A003_B008_f0032_A.npy,data\collab_cache\Vid-20260421-Wa0019_A003_B008_f0032_B.npy,Vid-20260421-Wa0019,848,480,3,8
Vid-20260421-Wa0019_A003_B009_f0032,C,data\collab_cache\Vid-20260421-Wa0019_A003_B009_f0032_A.npy,data\collab_cache\Vid-20260421-Wa0019_A003_B009_f0032_B.npy,Vid-20260421-Wa0019,848,480,3,9
Vid-20260421-Wa0019_A003_B005_f0036,C,data\collab_cache\Vid-20260421-Wa0019_A003_B005_f0036_A.npy,data\collab_cache\Vid-20260421-Wa0019_A003_B005_f0036_B.npy,Vid-20260421-Wa0019,848,480,3,5
Vid-20260421-Wa0019_A003_B006_f0036,C,data\collab_cache\Vid-20260421-Wa0019_A003_B006_f0036_A.npy,data\collab_cache\Vid-20260421-Wa0019_A003_B006_f0036_B.npy,Vid-20260421-Wa0019,848,480,3,6
Vid-20260421-Wa0019_A003_B007_f0036,C,data\collab_cache\Vid-20260421-Wa0019_A003_B007_f0036_A.npy,data\collab_cache\Vid-20260421-Wa0019_A003_B007_f0036_B.npy,Vid-20260421-Wa0019,848,480,3,7
Vid-20260421-Wa0019_A003_B008_f0036,C,data\collab_cache\Vid-20260421-Wa0019_A003_B008_f0036_A.npy,data\collab_cache\Vid-20260421-Wa0019_A003_B008_f0036_B.npy,Vid-20260421-Wa0019,848,480,3,8
Vid-20260421-Wa0019_A003_B009_f0036,C,data\collab_cache\Vid-20260421-Wa0019_A003_B009_f0036_A.npy,data\collab_cache\Vid-20260421-Wa0019_A003_B009_f0036_B.npy,Vid-20260421-Wa0019,848,480,3,9
Vid-20260421-Wa0019_A003_B005_f0040,C,data\collab_cache\Vid-20260421-Wa0019_A003_B005_f0040_A.npy,data\collab_cache\Vid-20260421-Wa0019_A003_B005_f0040_B.npy,Vid-20260421-Wa0019,848,480,3,5
Vid-20260421-Wa0019_A003_B006_f0040,C,data\collab_cache\Vid-20260421-Wa0019_A003_B006_f0040_A.npy,data\collab_cache\Vid-20260421-Wa0019_A003_B006_f0040_B.npy,Vid-20260421-Wa0019,848,480,3,6
Vid-20260421-Wa0019_A003_B007_f0040,C,data\collab_cache\Vid-20260421-Wa0019_A003_B007_f0040_A.npy,data\collab_cache\Vid-20260421-Wa0019_A003_B007_f0040_B.npy,Vid-20260421-Wa0019,848,480,3,7
Vid-20260421-Wa0019_A003_B008_f0040,C,data\collab_cache\Vid-20260421-Wa0019_A003_B008_f0040_A.npy,data\collab_cache\Vid-20260421-Wa0019_A003_B008_f0040_B.npy,Vid-20260421-Wa0019,848,480,3,8
Vid-20260421-Wa0019_A003_B009_f0040,C,data\collab_cache\Vid-20260421-Wa0019_A003_B009_f0040_A.npy,data\collab_cache\Vid-20260421-Wa0019_A003_B009_f0040_B.npy,Vid-20260421-Wa0019,848,480,3,9
Vid-20260421-Wa0019_A003_B005_f0044,C,data\collab_cache\Vid-20260421-Wa0019_A003_B005_f0044_A.npy,data\collab_cache\Vid-20260421-Wa0019_A003_B005_f0044_B.npy,Vid-20260421-Wa0019,848,480,3,5
Vid-20260421-Wa0019_A003_B006_f0044,C,data\collab_cache\Vid-20260421-Wa0019_A003_B006_f0044_A.npy,data\collab_cache\Vid-20260421-Wa0019_A003_B006_f0044_B.npy,Vid-20260421-Wa0019,848,480,3,6
Vid-20260421-Wa0019_A003_B007_f0044,C,data\collab_cache\Vid-20260421-Wa0019_A003_B007_f0044_A.npy,data\collab_cache\Vid-20260421-Wa0019_A003_B007_f0044_B.npy,Vid-20260421-Wa0019,848,480,3,7
Vid-20260421-Wa0019_A003_B008_f0044,C,data\collab_cache\Vid-20260421-Wa0019_A003_B008_f0044_A.npy,data\collab_cache\Vid-20260421-Wa0019_A003_B008_f0044_B.npy,Vid-20260421-Wa0019,848,480,3,8
Vid-20260421-Wa0019_A003_B009_f0044,C,data\collab_cache\Vid-20260421-Wa0019_A003_B009_f0044_A.npy,data\collab_cache\Vid-20260421-Wa0019_A003_B009_f0044_B.npy,Vid-20260421-Wa0019,848,480,3,9
Vid-20260421-Wa0019_A003_B005_f0048,C,data\collab_cache\Vid-20260421-Wa0019_A003_B005_f0048_A.npy,data\collab_cache\Vid-20260421-Wa0019_A003_B005_f0048_B.npy,Vid-20260421-Wa0019,848,480,3,5
Vid-20260421-Wa0019_A003_B006_f0048,C,data\collab_cache\Vid-20260421-Wa0019_A003_B006_f0048_A.npy,data\collab_cache\Vid-20260421-Wa0019_A003_B006_f0048_B.npy,Vid-20260421-Wa0019,848,480,3,6
Vid-20260421-Wa0019_A003_B007_f0048,C,data\collab_cache\Vid-20260421-Wa0019_A003_B007_f0048_A.npy,data\collab_cache\Vid-20260421-Wa0019_A003_B007_f0048_B.npy,Vid-20260421-Wa0019,848,480,3,7
Vid-20260421-Wa0019_A003_B008_f0048,C,data\collab_cache\Vid-20260421-Wa0019_A003_B008_f0048_A.npy,data\collab_cache\Vid-20260421-Wa0019_A003_B008_f0048_B.npy,Vid-20260421-Wa0019,848,480,3,8
Vid-20260421-Wa0019_A003_B009_f0048,C,data\collab_cache\Vid-20260421-Wa0019_A003_B009_f0048_A.npy,data\collab_cache\Vid-20260421-Wa0019_A003_B009_f0048_B.npy,Vid-20260421-Wa0019,848,480,3,9
Vid-20260421-Wa0019_A003_B005_f0052,C,data\collab_cache\Vid-20260421-Wa0019_A003_B005_f0052_A.npy,data\collab_cache\Vid-20260421-Wa0019_A003_B005_f0052_B.npy,Vid-20260421-Wa0019,848,480,3,5
Vid-20260421-Wa0019_A003_B006_f0052,C,data\collab_cache\Vid-20260421-Wa0019_A003_B006_f0052_A.npy,data\collab_cache\Vid-20260421-Wa0019_A003_B006_f0052_B.npy,Vid-20260421-Wa0019,848,480,3,6
Vid-20260421-Wa0019_A003_B007_f0052,C,data\collab_cache\Vid-20260421-Wa0019_A003_B007_f0052_A.npy,data\collab_cache\Vid-20260421-Wa0019_A003_B007_f0052_B.npy,Vid-20260421-Wa0019,848,480,3,7
Vid-20260421-Wa0019_A003_B008_f0052,C,data\collab_cache\Vid-20260421-Wa0019_A003_B008_f0052_A.npy,data\collab_cache\Vid-20260421-Wa0019_A003_B008_f0052_B.npy,Vid-20260421-Wa0019,848,480,3,8
Vid-20260421-Wa0019_A005_B006_f0000,C,data\collab_cache\Vid-20260421-Wa0019_A005_B006_f0000_A.npy,data\collab_cache\Vid-20260421-Wa0019_A005_B006_f0000_B.npy,Vid-20260421-Wa0019,848,480,5,6
Vid-20260421-Wa0019_A005_B007_f0000,C,data\collab_cache\Vid-20260421-Wa0019_A005_B007_f0000_A.npy,data\collab_cache\Vid-20260421-Wa0019_A005_B007_f0000_B.npy,Vid-20260421-Wa0019,848,480,5,7
Vid-20260421-Wa0019_A005_B008_f0000,C,data\collab_cache\Vid-20260421-Wa0019_A005_B008_f0000_A.npy,data\collab_cache\Vid-20260421-Wa0019_A005_B008_f0000_B.npy,Vid-20260421-Wa0019,848,480,5,8
Vid-20260421-Wa0019_A005_B006_f0004,C,data\collab_cache\Vid-20260421-Wa0019_A005_B006_f0004_A.npy,data\collab_cache\Vid-20260421-Wa0019_A005_B006_f0004_B.npy,Vid-20260421-Wa0019,848,480,5,6
Vid-20260421-Wa0019_A005_B007_f0004,C,data\collab_cache\Vid-20260421-Wa0019_A005_B007_f0004_A.npy,data\collab_cache\Vid-20260421-Wa0019_A005_B007_f0004_B.npy,Vid-20260421-Wa0019,848,480,5,7
Vid-20260421-Wa0019_A005_B008_f0004,C,data\collab_cache\Vid-20260421-Wa0019_A005_B008_f0004_A.npy,data\collab_cache\Vid-20260421-Wa0019_A005_B008_f0004_B.npy,Vid-20260421-Wa0019,848,480,5,8
Vid-20260421-Wa0019_A005_B006_f0008,C,data\collab_cache\Vid-20260421-Wa0019_A005_B006_f0008_A.npy,data\collab_cache\Vid-20260421-Wa0019_A005_B006_f0008_B.npy,Vid-20260421-Wa0019,848,480,5,6
Vid-20260421-Wa0019_A005_B007_f0008,C,data\collab_cache\Vid-20260421-Wa0019_A005_B007_f0008_A.npy,data\collab_cache\Vid-20260421-Wa0019_A005_B007_f0008_B.npy,Vid-20260421-Wa0019,848,480,5,7
Vid-20260421-Wa0019_A005_B008_f0008,C,data\collab_cache\Vid-20260421-Wa0019_A005_B008_f0008_A.npy,data\collab_cache\Vid-20260421-Wa0019_A005_B008_f0008_B.npy,Vid-20260421-Wa0019,848,480,5,8
Vid-20260421-Wa0019_A005_B006_f0012,C,data\collab_cache\Vid-20260421-Wa0019_A005_B006_f0012_A.npy,data\collab_cache\Vid-20260421-Wa0019_A005_B006_f0012_B.npy,Vid-20260421-Wa0019,848,480,5,6
Vid-20260421-Wa0019_A005_B007_f0012,C,data\collab_cache\Vid-20260421-Wa0019_A005_B007_f0012_A.npy,data\collab_cache\Vid-20260421-Wa0019_A005_B007_f0012_B.npy,Vid-20260421-Wa0019,848,480,5,7
Vid-20260421-Wa0019_A005_B008_f0012,C,data\collab_cache\Vid-20260421-Wa0019_A005_B008_f0012_A.npy,data\collab_cache\Vid-20260421-Wa0019_A005_B008_f0012_B.npy,Vid-20260421-Wa0019,848,480,5,8
Vid-20260421-Wa0019_A005_B009_f0012,C,data\collab_cache\Vid-20260421-Wa0019_A005_B009_f0012_A.npy,data\collab_cache\Vid-20260421-Wa0019_A005_B009_f0012_B.npy,Vid-20260421-Wa0019,848,480,5,9
Vid-20260421-Wa0019_A005_B006_f0016,C,data\collab_cache\Vid-20260421-Wa0019_A005_B006_f0016_A.npy,data\collab_cache\Vid-20260421-Wa0019_A005_B006_f0016_B.npy,Vid-20260421-Wa0019,848,480,5,6
Vid-20260421-Wa0019_A005_B007_f0016,C,data\collab_cache\Vid-20260421-Wa0019_A005_B007_f0016_A.npy,data\collab_cache\Vid-20260421-Wa0019_A005_B007_f0016_B.npy,Vid-20260421-Wa0019,848,480,5,7
Vid-20260421-Wa0019_A005_B008_f0016,C,data\collab_cache\Vid-20260421-Wa0019_A005_B008_f0016_A.npy,data\collab_cache\Vid-20260421-Wa0019_A005_B008_f0016_B.npy,Vid-20260421-Wa0019,848,480,5,8
Vid-20260421-Wa0019_A005_B009_f0016,C,data\collab_cache\Vid-20260421-Wa0019_A005_B009_f0016_A.npy,data\collab_cache\Vid-20260421-Wa0019_A005_B009_f0016_B.npy,Vid-20260421-Wa0019,848,480,5,9
Vid-20260421-Wa0019_A005_B006_f0020,C,data\collab_cache\Vid-20260421-Wa0019_A005_B006_f0020_A.npy,data\collab_cache\Vid-20260421-Wa0019_A005_B006_f0020_B.npy,Vid-20260421-Wa0019,848,480,5,6
Vid-20260421-Wa0019_A005_B007_f0020,C,data\collab_cache\Vid-20260421-Wa0019_A005_B007_f0020_A.npy,data\collab_cache\Vid-20260421-Wa0019_A005_B007_f0020_B.npy,Vid-20260421-Wa0019,848,480,5,7
Vid-20260421-Wa0019_A005_B008_f0020,C,data\collab_cache\Vid-20260421-Wa0019_A005_B008_f0020_A.npy,data\collab_cache\Vid-20260421-Wa0019_A005_B008_f0020_B.npy,Vid-20260421-Wa0019,848,480,5,8
Vid-20260421-Wa0019_A005_B009_f0020,C,data\collab_cache\Vid-20260421-Wa0019_A005_B009_f0020_A.npy,data\collab_cache\Vid-20260421-Wa0019_A005_B009_f0020_B.npy,Vid-20260421-Wa0019,848,480,5,9
Vid-20260421-Wa0019_A005_B006_f0024,C,data\collab_cache\Vid-20260421-Wa0019_A005_B006_f0024_A.npy,data\collab_cache\Vid-20260421-Wa0019_A005_B006_f0024_B.npy,Vid-20260421-Wa0019,848,480,5,6
Vid-20260421-Wa0019_A005_B007_f0024,C,data\collab_cache\Vid-20260421-Wa0019_A005_B007_f0024_A.npy,data\collab_cache\Vid-20260421-Wa0019_A005_B007_f0024_B.npy,Vid-20260421-Wa0019,848,480,5,7
Vid-20260421-Wa0019_A005_B008_f0024,C,data\collab_cache\Vid-20260421-Wa0019_A005_B008_f0024_A.npy,data\collab_cache\Vid-20260421-Wa0019_A005_B008_f0024_B.npy,Vid-20260421-Wa0019,848,480,5,8
Vid-20260421-Wa0019_A005_B009_f0024,C,data\collab_cache\Vid-20260421-Wa0019_A005_B009_f0024_A.npy,data\collab_cache\Vid-20260421-Wa0019_A005_B009_f0024_B.npy,Vid-20260421-Wa0019,848,480,5,9
Vid-20260421-Wa0019_A005_B006_f0028,C,data\collab_cache\Vid-20260421-Wa0019_A005_B006_f0028_A.npy,data\collab_cache\Vid-20260421-Wa0019_A005_B006_f0028_B.npy,Vid-20260421-Wa0019,848,480,5,6
Vid-20260421-Wa0019_A005_B007_f0028,C,data\collab_cache\Vid-20260421-Wa0019_A005_B007_f0028_A.npy,data\collab_cache\Vid-20260421-Wa0019_A005_B007_f0028_B.npy,Vid-20260421-Wa0019,848,480,5,7
Vid-20260421-Wa0019_A005_B008_f0028,C,data\collab_cache\Vid-20260421-Wa0019_A005_B008_f0028_A.npy,data\collab_cache\Vid-20260421-Wa0019_A005_B008_f0028_B.npy,Vid-20260421-Wa0019,848,480,5,8
Vid-20260421-Wa0019_A005_B009_f0028,C,data\collab_cache\Vid-20260421-Wa0019_A005_B009_f0028_A.npy,data\collab_cache\Vid-20260421-Wa0019_A005_B009_f0028_B.npy,Vid-20260421-Wa0019,848,480,5,9
Vid-20260421-Wa0019_A005_B006_f0032,C,data\collab_cache\Vid-20260421-Wa0019_A005_B006_f0032_A.npy,data\collab_cache\Vid-20260421-Wa0019_A005_B006_f0032_B.npy,Vid-20260421-Wa0019,848,480,5,6
Vid-20260421-Wa0019_A005_B007_f0032,C,data\collab_cache\Vid-20260421-Wa0019_A005_B007_f0032_A.npy,data\collab_cache\Vid-20260421-Wa0019_A005_B007_f0032_B.npy,Vid-20260421-Wa0019,848,480,5,7
Vid-20260421-Wa0019_A005_B008_f0032,C,data\collab_cache\Vid-20260421-Wa0019_A005_B008_f0032_A.npy,data\collab_cache\Vid-20260421-Wa0019_A005_B008_f0032_B.npy,Vid-20260421-Wa0019,848,480,5,8
Vid-20260421-Wa0019_A005_B009_f0032,C,data\collab_cache\Vid-20260421-Wa0019_A005_B009_f0032_A.npy,data\collab_cache\Vid-20260421-Wa0019_A005_B009_f0032_B.npy,Vid-20260421-Wa0019,848,480,5,9
Vid-20260421-Wa0019_A005_B006_f0036,C,data\collab_cache\Vid-20260421-Wa0019_A005_B006_f0036_A.npy,data\collab_cache\Vid-20260421-Wa0019_A005_B006_f0036_B.npy,Vid-20260421-Wa0019,848,480,5,6
Vid-20260421-Wa0019_A005_B007_f0036,C,data\collab_cache\Vid-20260421-Wa0019_A005_B007_f0036_A.npy,data\collab_cache\Vid-20260421-Wa0019_A005_B007_f0036_B.npy,Vid-20260421-Wa0019,848,480,5,7
Vid-20260421-Wa0019_A005_B008_f0036,C,data\collab_cache\Vid-20260421-Wa0019_A005_B008_f0036_A.npy,data\collab_cache\Vid-20260421-Wa0019_A005_B008_f0036_B.npy,Vid-20260421-Wa0019,848,480,5,8
Vid-20260421-Wa0019_A005_B009_f0036,C,data\collab_cache\Vid-20260421-Wa0019_A005_B009_f0036_A.npy,data\collab_cache\Vid-20260421-Wa0019_A005_B009_f0036_B.npy,Vid-20260421-Wa0019,848,480,5,9
Vid-20260421-Wa0019_A005_B006_f0040,C,data\collab_cache\Vid-20260421-Wa0019_A005_B006_f0040_A.npy,data\collab_cache\Vid-20260421-Wa0019_A005_B006_f0040_B.npy,Vid-20260421-Wa0019,848,480,5,6
Vid-20260421-Wa0019_A005_B007_f0040,C,data\collab_cache\Vid-20260421-Wa0019_A005_B007_f0040_A.npy,data\collab_cache\Vid-20260421-Wa0019_A005_B007_f0040_B.npy,Vid-20260421-Wa0019,848,480,5,7
Vid-20260421-Wa0019_A005_B008_f0040,C,data\collab_cache\Vid-20260421-Wa0019_A005_B008_f0040_A.npy,data\collab_cache\Vid-20260421-Wa0019_A005_B008_f0040_B.npy,Vid-20260421-Wa0019,848,480,5,8
Vid-20260421-Wa0019_A005_B009_f0040,C,data\collab_cache\Vid-20260421-Wa0019_A005_B009_f0040_A.npy,data\collab_cache\Vid-20260421-Wa0019_A005_B009_f0040_B.npy,Vid-20260421-Wa0019,848,480,5,9
Vid-20260421-Wa0019_A005_B006_f0044,C,data\collab_cache\Vid-20260421-Wa0019_A005_B006_f0044_A.npy,data\collab_cache\Vid-20260421-Wa0019_A005_B006_f0044_B.npy,Vid-20260421-Wa0019,848,480,5,6
Vid-20260421-Wa0019_A005_B007_f0044,C,data\collab_cache\Vid-20260421-Wa0019_A005_B007_f0044_A.npy,data\collab_cache\Vid-20260421-Wa0019_A005_B007_f0044_B.npy,Vid-20260421-Wa0019,848,480,5,7
Vid-20260421-Wa0019_A005_B008_f0044,C,data\collab_cache\Vid-20260421-Wa0019_A005_B008_f0044_A.npy,data\collab_cache\Vid-20260421-Wa0019_A005_B008_f0044_B.npy,Vid-20260421-Wa0019,848,480,5,8
Vid-20260421-Wa0019_A005_B009_f0044,C,data\collab_cache\Vid-20260421-Wa0019_A005_B009_f0044_A.npy,data\collab_cache\Vid-20260421-Wa0019_A005_B009_f0044_B.npy,Vid-20260421-Wa0019,848,480,5,9
Vid-20260421-Wa0019_A005_B006_f0048,C,data\collab_cache\Vid-20260421-Wa0019_A005_B006_f0048_A.npy,data\collab_cache\Vid-20260421-Wa0019_A005_B006_f0048_B.npy,Vid-20260421-Wa0019,848,480,5,6
Vid-20260421-Wa0019_A005_B007_f0048,C,data\collab_cache\Vid-20260421-Wa0019_A005_B007_f0048_A.npy,data\collab_cache\Vid-20260421-Wa0019_A005_B007_f0048_B.npy,Vid-20260421-Wa0019,848,480,5,7
Vid-20260421-Wa0019_A005_B008_f0048,C,data\collab_cache\Vid-20260421-Wa0019_A005_B008_f0048_A.npy,data\collab_cache\Vid-20260421-Wa0019_A005_B008_f0048_B.npy,Vid-20260421-Wa0019,848,480,5,8
Vid-20260421-Wa0019_A005_B009_f0048,C,data\collab_cache\Vid-20260421-Wa0019_A005_B009_f0048_A.npy,data\collab_cache\Vid-20260421-Wa0019_A005_B009_f0048_B.npy,Vid-20260421-Wa0019,848,480,5,9
Vid-20260421-Wa0019_A005_B006_f0052,C,data\collab_cache\Vid-20260421-Wa0019_A005_B006_f0052_A.npy,data\collab_cache\Vid-20260421-Wa0019_A005_B006_f0052_B.npy,Vid-20260421-Wa0019,848,480,5,6
Vid-20260421-Wa0019_A005_B007_f0052,C,data\collab_cache\Vid-20260421-Wa0019_A005_B007_f0052_A.npy,data\collab_cache\Vid-20260421-Wa0019_A005_B007_f0052_B.npy,Vid-20260421-Wa0019,848,480,5,7
Vid-20260421-Wa0019_A005_B008_f0052,C,data\collab_cache\Vid-20260421-Wa0019_A005_B008_f0052_A.npy,data\collab_cache\Vid-20260421-Wa0019_A005_B008_f0052_B.npy,Vid-20260421-Wa0019,848,480,5,8
Vid-20260421-Wa0019_A006_B007_f0000,C,data\collab_cache\Vid-20260421-Wa0019_A006_B007_f0000_A.npy,data\collab_cache\Vid-20260421-Wa0019_A006_B007_f0000_B.npy,Vid-20260421-Wa0019,848,480,6,7
Vid-20260421-Wa0019_A006_B008_f0000,C,data\collab_cache\Vid-20260421-Wa0019_A006_B008_f0000_A.npy,data\collab_cache\Vid-20260421-Wa0019_A006_B008_f0000_B.npy,Vid-20260421-Wa0019,848,480,6,8
Vid-20260421-Wa0019_A006_B007_f0004,C,data\collab_cache\Vid-20260421-Wa0019_A006_B007_f0004_A.npy,data\collab_cache\Vid-20260421-Wa0019_A006_B007_f0004_B.npy,Vid-20260421-Wa0019,848,480,6,7
Vid-20260421-Wa0019_A006_B008_f0004,C,data\collab_cache\Vid-20260421-Wa0019_A006_B008_f0004_A.npy,data\collab_cache\Vid-20260421-Wa0019_A006_B008_f0004_B.npy,Vid-20260421-Wa0019,848,480,6,8
Vid-20260421-Wa0019_A006_B007_f0008,C,data\collab_cache\Vid-20260421-Wa0019_A006_B007_f0008_A.npy,data\collab_cache\Vid-20260421-Wa0019_A006_B007_f0008_B.npy,Vid-20260421-Wa0019,848,480,6,7
Vid-20260421-Wa0019_A006_B008_f0008,C,data\collab_cache\Vid-20260421-Wa0019_A006_B008_f0008_A.npy,data\collab_cache\Vid-20260421-Wa0019_A006_B008_f0008_B.npy,Vid-20260421-Wa0019,848,480,6,8
Vid-20260421-Wa0019_A006_B007_f0012,C,data\collab_cache\Vid-20260421-Wa0019_A006_B007_f0012_A.npy,data\collab_cache\Vid-20260421-Wa0019_A006_B007_f0012_B.npy,Vid-20260421-Wa0019,848,480,6,7
Vid-20260421-Wa0019_A006_B008_f0012,C,data\collab_cache\Vid-20260421-Wa0019_A006_B008_f0012_A.npy,data\collab_cache\Vid-20260421-Wa0019_A006_B008_f0012_B.npy,Vid-20260421-Wa0019,848,480,6,8
Vid-20260421-Wa0019_A006_B009_f0012,C,data\collab_cache\Vid-20260421-Wa0019_A006_B009_f0012_A.npy,data\collab_cache\Vid-20260421-Wa0019_A006_B009_f0012_B.npy,Vid-20260421-Wa0019,848,480,6,9
Vid-20260421-Wa0019_A006_B007_f0016,C,data\collab_cache\Vid-20260421-Wa0019_A006_B007_f0016_A.npy,data\collab_cache\Vid-20260421-Wa0019_A006_B007_f0016_B.npy,Vid-20260421-Wa0019,848,480,6,7
Vid-20260421-Wa0019_A006_B008_f0016,C,data\collab_cache\Vid-20260421-Wa0019_A006_B008_f0016_A.npy,data\collab_cache\Vid-20260421-Wa0019_A006_B008_f0016_B.npy,Vid-20260421-Wa0019,848,480,6,8
Vid-20260421-Wa0019_A006_B009_f0016,C,data\collab_cache\Vid-20260421-Wa0019_A006_B009_f0016_A.npy,data\collab_cache\Vid-20260421-Wa0019_A006_B009_f0016_B.npy,Vid-20260421-Wa0019,848,480,6,9
Vid-20260421-Wa0019_A006_B007_f0020,C,data\collab_cache\Vid-20260421-Wa0019_A006_B007_f0020_A.npy,data\collab_cache\Vid-20260421-Wa0019_A006_B007_f0020_B.npy,Vid-20260421-Wa0019,848,480,6,7
Vid-20260421-Wa0019_A006_B008_f0020,C,data\collab_cache\Vid-20260421-Wa0019_A006_B008_f0020_A.npy,data\collab_cache\Vid-20260421-Wa0019_A006_B008_f0020_B.npy,Vid-20260421-Wa0019,848,480,6,8
Vid-20260421-Wa0019_A006_B009_f0020,C,data\collab_cache\Vid-20260421-Wa0019_A006_B009_f0020_A.npy,data\collab_cache\Vid-20260421-Wa0019_A006_B009_f0020_B.npy,Vid-20260421-Wa0019,848,480,6,9
Vid-20260421-Wa0019_A006_B007_f0024,C,data\collab_cache\Vid-20260421-Wa0019_A006_B007_f0024_A.npy,data\collab_cache\Vid-20260421-Wa0019_A006_B007_f0024_B.npy,Vid-20260421-Wa0019,848,480,6,7
Vid-20260421-Wa0019_A006_B008_f0024,C,data\collab_cache\Vid-20260421-Wa0019_A006_B008_f0024_A.npy,data\collab_cache\Vid-20260421-Wa0019_A006_B008_f0024_B.npy,Vid-20260421-Wa0019,848,480,6,8
Vid-20260421-Wa0019_A006_B009_f0024,C,data\collab_cache\Vid-20260421-Wa0019_A006_B009_f0024_A.npy,data\collab_cache\Vid-20260421-Wa0019_A006_B009_f0024_B.npy,Vid-20260421-Wa0019,848,480,6,9
Vid-20260421-Wa0019_A006_B007_f0028,C,data\collab_cache\Vid-20260421-Wa0019_A006_B007_f0028_A.npy,data\collab_cache\Vid-20260421-Wa0019_A006_B007_f0028_B.npy,Vid-20260421-Wa0019,848,480,6,7
Vid-20260421-Wa0019_A006_B008_f0028,C,data\collab_cache\Vid-20260421-Wa0019_A006_B008_f0028_A.npy,data\collab_cache\Vid-20260421-Wa0019_A006_B008_f0028_B.npy,Vid-20260421-Wa0019,848,480,6,8
Vid-20260421-Wa0019_A006_B009_f0028,C,data\collab_cache\Vid-20260421-Wa0019_A006_B009_f0028_A.npy,data\collab_cache\Vid-20260421-Wa0019_A006_B009_f0028_B.npy,Vid-20260421-Wa0019,848,480,6,9
Vid-20260421-Wa0019_A006_B007_f0032,C,data\collab_cache\Vid-20260421-Wa0019_A006_B007_f0032_A.npy,data\collab_cache\Vid-20260421-Wa0019_A006_B007_f0032_B.npy,Vid-20260421-Wa0019,848,480,6,7
Vid-20260421-Wa0019_A006_B008_f0032,C,data\collab_cache\Vid-20260421-Wa0019_A006_B008_f0032_A.npy,data\collab_cache\Vid-20260421-Wa0019_A006_B008_f0032_B.npy,Vid-20260421-Wa0019,848,480,6,8
Vid-20260421-Wa0019_A006_B009_f0032,C,data\collab_cache\Vid-20260421-Wa0019_A006_B009_f0032_A.npy,data\collab_cache\Vid-20260421-Wa0019_A006_B009_f0032_B.npy,Vid-20260421-Wa0019,848,480,6,9
Vid-20260421-Wa0019_A006_B007_f0036,C,data\collab_cache\Vid-20260421-Wa0019_A006_B007_f0036_A.npy,data\collab_cache\Vid-20260421-Wa0019_A006_B007_f0036_B.npy,Vid-20260421-Wa0019,848,480,6,7
Vid-20260421-Wa0019_A006_B008_f0036,C,data\collab_cache\Vid-20260421-Wa0019_A006_B008_f0036_A.npy,data\collab_cache\Vid-20260421-Wa0019_A006_B008_f0036_B.npy,Vid-20260421-Wa0019,848,480,6,8
Vid-20260421-Wa0019_A006_B009_f0036,C,data\collab_cache\Vid-20260421-Wa0019_A006_B009_f0036_A.npy,data\collab_cache\Vid-20260421-Wa0019_A006_B009_f0036_B.npy,Vid-20260421-Wa0019,848,480,6,9
Vid-20260421-Wa0019_A006_B007_f0040,C,data\collab_cache\Vid-20260421-Wa0019_A006_B007_f0040_A.npy,data\collab_cache\Vid-20260421-Wa0019_A006_B007_f0040_B.npy,Vid-20260421-Wa0019,848,480,6,7
Vid-20260421-Wa0019_A006_B008_f0040,C,data\collab_cache\Vid-20260421-Wa0019_A006_B008_f0040_A.npy,data\collab_cache\Vid-20260421-Wa0019_A006_B008_f0040_B.npy,Vid-20260421-Wa0019,848,480,6,8
Vid-20260421-Wa0019_A006_B009_f0040,C,data\collab_cache\Vid-20260421-Wa0019_A006_B009_f0040_A.npy,data\collab_cache\Vid-20260421-Wa0019_A006_B009_f0040_B.npy,Vid-20260421-Wa0019,848,480,6,9
Vid-20260421-Wa0019_A006_B007_f0044,C,data\collab_cache\Vid-20260421-Wa0019_A006_B007_f0044_A.npy,data\collab_cache\Vid-20260421-Wa0019_A006_B007_f0044_B.npy,Vid-20260421-Wa0019,848,480,6,7
Vid-20260421-Wa0019_A006_B008_f0044,C,data\collab_cache\Vid-20260421-Wa0019_A006_B008_f0044_A.npy,data\collab_cache\Vid-20260421-Wa0019_A006_B008_f0044_B.npy,Vid-20260421-Wa0019,848,480,6,8
Vid-20260421-Wa0019_A006_B009_f0044,C,data\collab_cache\Vid-20260421-Wa0019_A006_B009_f0044_A.npy,data\collab_cache\Vid-20260421-Wa0019_A006_B009_f0044_B.npy,Vid-20260421-Wa0019,848,480,6,9
Vid-20260421-Wa0019_A006_B007_f0048,C,data\collab_cache\Vid-20260421-Wa0019_A006_B007_f0048_A.npy,data\collab_cache\Vid-20260421-Wa0019_A006_B007_f0048_B.npy,Vid-20260421-Wa0019,848,480,6,7
Vid-20260421-Wa0019_A006_B008_f0048,C,data\collab_cache\Vid-20260421-Wa0019_A006_B008_f0048_A.npy,data\collab_cache\Vid-20260421-Wa0019_A006_B008_f0048_B.npy,Vid-20260421-Wa0019,848,480,6,8
Vid-20260421-Wa0019_A006_B009_f0048,C,data\collab_cache\Vid-20260421-Wa0019_A006_B009_f0048_A.npy,data\collab_cache\Vid-20260421-Wa0019_A006_B009_f0048_B.npy,Vid-20260421-Wa0019,848,480,6,9
Vid-20260421-Wa0019_A006_B007_f0052,C,data\collab_cache\Vid-20260421-Wa0019_A006_B007_f0052_A.npy,data\collab_cache\Vid-20260421-Wa0019_A006_B007_f0052_B.npy,Vid-20260421-Wa0019,848,480,6,7
Vid-20260421-Wa0019_A006_B008_f0052,C,data\collab_cache\Vid-20260421-Wa0019_A006_B008_f0052_A.npy,data\collab_cache\Vid-20260421-Wa0019_A006_B008_f0052_B.npy,Vid-20260421-Wa0019,848,480,6,8
Vid-20260421-Wa0019_A007_B008_f0000,C,data\collab_cache\Vid-20260421-Wa0019_A007_B008_f0000_A.npy,data\collab_cache\Vid-20260421-Wa0019_A007_B008_f0000_B.npy,Vid-20260421-Wa0019,848,480,7,8
Vid-20260421-Wa0019_A007_B008_f0004,C,data\collab_cache\Vid-20260421-Wa0019_A007_B008_f0004_A.npy,data\collab_cache\Vid-20260421-Wa0019_A007_B008_f0004_B.npy,Vid-20260421-Wa0019,848,480,7,8
Vid-20260421-Wa0019_A007_B008_f0008,C,data\collab_cache\Vid-20260421-Wa0019_A007_B008_f0008_A.npy,data\collab_cache\Vid-20260421-Wa0019_A007_B008_f0008_B.npy,Vid-20260421-Wa0019,848,480,7,8
Vid-20260421-Wa0019_A007_B008_f0012,C,data\collab_cache\Vid-20260421-Wa0019_A007_B008_f0012_A.npy,data\collab_cache\Vid-20260421-Wa0019_A007_B008_f0012_B.npy,Vid-20260421-Wa0019,848,480,7,8
Vid-20260421-Wa0019_A007_B008_f0016,C,data\collab_cache\Vid-20260421-Wa0019_A007_B008_f0016_A.npy,data\collab_cache\Vid-20260421-Wa0019_A007_B008_f0016_B.npy,Vid-20260421-Wa0019,848,480,7,8
Vid-20260421-Wa0019_A007_B008_f0020,C,data\collab_cache\Vid-20260421-Wa0019_A007_B008_f0020_A.npy,data\collab_cache\Vid-20260421-Wa0019_A007_B008_f0020_B.npy,Vid-20260421-Wa0019,848,480,7,8
Vid-20260421-Wa0019_A007_B008_f0024,C,data\collab_cache\Vid-20260421-Wa0019_A007_B008_f0024_A.npy,data\collab_cache\Vid-20260421-Wa0019_A007_B008_f0024_B.npy,Vid-20260421-Wa0019,848,480,7,8
Vid-20260421-Wa0019_A007_B008_f0028,C,data\collab_cache\Vid-20260421-Wa0019_A007_B008_f0028_A.npy,data\collab_cache\Vid-20260421-Wa0019_A007_B008_f0028_B.npy,Vid-20260421-Wa0019,848,480,7,8
Vid-20260421-Wa0019_A007_B008_f0032,C,data\collab_cache\Vid-20260421-Wa0019_A007_B008_f0032_A.npy,data\collab_cache\Vid-20260421-Wa0019_A007_B008_f0032_B.npy,Vid-20260421-Wa0019,848,480,7,8
Vid-20260421-Wa0019_A007_B008_f0036,C,data\collab_cache\Vid-20260421-Wa0019_A007_B008_f0036_A.npy,data\collab_cache\Vid-20260421-Wa0019_A007_B008_f0036_B.npy,Vid-20260421-Wa0019,848,480,7,8
Vid-20260421-Wa0019_A007_B008_f0040,C,data\collab_cache\Vid-20260421-Wa0019_A007_B008_f0040_A.npy,data\collab_cache\Vid-20260421-Wa0019_A007_B008_f0040_B.npy,Vid-20260421-Wa0019,848,480,7,8
Vid-20260421-Wa0019_A007_B008_f0044,C,data\collab_cache\Vid-20260421-Wa0019_A007_B008_f0044_A.npy,data\collab_cache\Vid-20260421-Wa0019_A007_B008_f0044_B.npy,Vid-20260421-Wa0019,848,480,7,8
Vid-20260421-Wa0019_A007_B008_f0048,C,data\collab_cache\Vid-20260421-Wa0019_A007_B008_f0048_A.npy,data\collab_cache\Vid-20260421-Wa0019_A007_B008_f0048_B.npy,Vid-20260421-Wa0019,848,480,7,8
Vid-20260421-Wa0019_A007_B008_f0052,C,data\collab_cache\Vid-20260421-Wa0019_A007_B008_f0052_A.npy,data\collab_cache\Vid-20260421-Wa0019_A007_B008_f0052_B.npy,Vid-20260421-Wa0019,848,480,7,8
Vid-20260421-Wa0019_A008_B009_f0012,C,data\collab_cache\Vid-20260421-Wa0019_A008_B009_f0012_A.npy,data\collab_cache\Vid-20260421-Wa0019_A008_B009_f0012_B.npy,Vid-20260421-Wa0019,848,480,8,9
Vid-20260421-Wa0019_A008_B009_f0016,C,data\collab_cache\Vid-20260421-Wa0019_A008_B009_f0016_A.npy,data\collab_cache\Vid-20260421-Wa0019_A008_B009_f0016_B.npy,Vid-20260421-Wa0019,848,480,8,9
Vid-20260421-Wa0019_A008_B009_f0020,C,data\collab_cache\Vid-20260421-Wa0019_A008_B009_f0020_A.npy,data\collab_cache\Vid-20260421-Wa0019_A008_B009_f0020_B.npy,Vid-20260421-Wa0019,848,480,8,9
Vid-20260421-Wa0019_A008_B009_f0024,C,data\collab_cache\Vid-20260421-Wa0019_A008_B009_f0024_A.npy,data\collab_cache\Vid-20260421-Wa0019_A008_B009_f0024_B.npy,Vid-20260421-Wa0019,848,480,8,9
Vid-20260421-Wa0019_A008_B009_f0028,C,data\collab_cache\Vid-20260421-Wa0019_A008_B009_f0028_A.npy,data\collab_cache\Vid-20260421-Wa0019_A008_B009_f0028_B.npy,Vid-20260421-Wa0019,848,480,8,9
Vid-20260421-Wa0019_A008_B009_f0032,C,data\collab_cache\Vid-20260421-Wa0019_A008_B009_f0032_A.npy,data\collab_cache\Vid-20260421-Wa0019_A008_B009_f0032_B.npy,Vid-20260421-Wa0019,848,480,8,9
Vid-20260421-Wa0019_A008_B009_f0036,C,data\collab_cache\Vid-20260421-Wa0019_A008_B009_f0036_A.npy,data\collab_cache\Vid-20260421-Wa0019_A008_B009_f0036_B.npy,Vid-20260421-Wa0019,848,480,8,9
Vid-20260421-Wa0019_A008_B009_f0040,C,data\collab_cache\Vid-20260421-Wa0019_A008_B009_f0040_A.npy,data\collab_cache\Vid-20260421-Wa0019_A008_B009_f0040_B.npy,Vid-20260421-Wa0019,848,480,8,9
Vid-20260421-Wa0019_A008_B009_f0044,C,data\collab_cache\Vid-20260421-Wa0019_A008_B009_f0044_A.npy,data\collab_cache\Vid-20260421-Wa0019_A008_B009_f0044_B.npy,Vid-20260421-Wa0019,848,480,8,9
Vid-20260421-Wa0019_A008_B009_f0048,C,data\collab_cache\Vid-20260421-Wa0019_A008_B009_f0048_A.npy,data\collab_cache\Vid-20260421-Wa0019_A008_B009_f0048_B.npy,Vid-20260421-Wa0019,848,480,8,9
Vid-20260421-Wa0019_A009_B001_f0019,C,data\collab_cache\Vid-20260421-Wa0019_A009_B001_f0019_A.npy,data\collab_cache\Vid-20260421-Wa0019_A009_B001_f0019_B.npy,Vid-20260421-Wa0019,848,480,9,1
Vid-20260421-Wa0019_A009_B003_f0019,C,data\collab_cache\Vid-20260421-Wa0019_A009_B003_f0019_A.npy,data\collab_cache\Vid-20260421-Wa0019_A009_B003_f0019_B.npy,Vid-20260421-Wa0019,848,480,9,3
Vid-20260421-Wa0019_A009_B005_f0019,C,data\collab_cache\Vid-20260421-Wa0019_A009_B005_f0019_A.npy,data\collab_cache\Vid-20260421-Wa0019_A009_B005_f0019_B.npy,Vid-20260421-Wa0019,848,480,9,5
Vid-20260421-Wa0019_A009_B006_f0019,C,data\collab_cache\Vid-20260421-Wa0019_A009_B006_f0019_A.npy,data\collab_cache\Vid-20260421-Wa0019_A009_B006_f0019_B.npy,Vid-20260421-Wa0019,848,480,9,6
Vid-20260421-Wa0019_A009_B007_f0019,C,data\collab_cache\Vid-20260421-Wa0019_A009_B007_f0019_A.npy,data\collab_cache\Vid-20260421-Wa0019_A009_B007_f0019_B.npy,Vid-20260421-Wa0019,848,480,9,7
Vid-20260421-Wa0019_A009_B008_f0019,C,data\collab_cache\Vid-20260421-Wa0019_A009_B008_f0019_A.npy,data\collab_cache\Vid-20260421-Wa0019_A009_B008_f0019_B.npy,Vid-20260421-Wa0019,848,480,9,8
Vid-20260421-Wa0019_A009_B001_f0023,C,data\collab_cache\Vid-20260421-Wa0019_A009_B001_f0023_A.npy,data\collab_cache\Vid-20260421-Wa0019_A009_B001_f0023_B.npy,Vid-20260421-Wa0019,848,480,9,1
Vid-20260421-Wa0019_A009_B003_f0023,C,data\collab_cache\Vid-20260421-Wa0019_A009_B003_f0023_A.npy,data\collab_cache\Vid-20260421-Wa0019_A009_B003_f0023_B.npy,Vid-20260421-Wa0019,848,480,9,3
Vid-20260421-Wa0019_A009_B005_f0023,C,data\collab_cache\Vid-20260421-Wa0019_A009_B005_f0023_A.npy,data\collab_cache\Vid-20260421-Wa0019_A009_B005_f0023_B.npy,Vid-20260421-Wa0019,848,480,9,5
Vid-20260421-Wa0019_A009_B006_f0023,C,data\collab_cache\Vid-20260421-Wa0019_A009_B006_f0023_A.npy,data\collab_cache\Vid-20260421-Wa0019_A009_B006_f0023_B.npy,Vid-20260421-Wa0019,848,480,9,6
Vid-20260421-Wa0019_A009_B008_f0023,C,data\collab_cache\Vid-20260421-Wa0019_A009_B008_f0023_A.npy,data\collab_cache\Vid-20260421-Wa0019_A009_B008_f0023_B.npy,Vid-20260421-Wa0019,848,480,9,8
Vid-20260421-Wa0019_A009_B001_f0027,C,data\collab_cache\Vid-20260421-Wa0019_A009_B001_f0027_A.npy,data\collab_cache\Vid-20260421-Wa0019_A009_B001_f0027_B.npy,Vid-20260421-Wa0019,848,480,9,1
Vid-20260421-Wa0019_A009_B003_f0027,C,data\collab_cache\Vid-20260421-Wa0019_A009_B003_f0027_A.npy,data\collab_cache\Vid-20260421-Wa0019_A009_B003_f0027_B.npy,Vid-20260421-Wa0019,848,480,9,3
Vid-20260421-Wa0019_A009_B005_f0027,C,data\collab_cache\Vid-20260421-Wa0019_A009_B005_f0027_A.npy,data\collab_cache\Vid-20260421-Wa0019_A009_B005_f0027_B.npy,Vid-20260421-Wa0019,848,480,9,5
Vid-20260421-Wa0019_A009_B006_f0027,C,data\collab_cache\Vid-20260421-Wa0019_A009_B006_f0027_A.npy,data\collab_cache\Vid-20260421-Wa0019_A009_B006_f0027_B.npy,Vid-20260421-Wa0019,848,480,9,6
Vid-20260421-Wa0019_A009_B008_f0027,C,data\collab_cache\Vid-20260421-Wa0019_A009_B008_f0027_A.npy,data\collab_cache\Vid-20260421-Wa0019_A009_B008_f0027_B.npy,Vid-20260421-Wa0019,848,480,9,8
Vid-20260421-Wa0019_A009_B001_f0031,C,data\collab_cache\Vid-20260421-Wa0019_A009_B001_f0031_A.npy,data\collab_cache\Vid-20260421-Wa0019_A009_B001_f0031_B.npy,Vid-20260421-Wa0019,848,480,9,1
Vid-20260421-Wa0019_A009_B003_f0031,C,data\collab_cache\Vid-20260421-Wa0019_A009_B003_f0031_A.npy,data\collab_cache\Vid-20260421-Wa0019_A009_B003_f0031_B.npy,Vid-20260421-Wa0019,848,480,9,3
Vid-20260421-Wa0019_A009_B005_f0031,C,data\collab_cache\Vid-20260421-Wa0019_A009_B005_f0031_A.npy,data\collab_cache\Vid-20260421-Wa0019_A009_B005_f0031_B.npy,Vid-20260421-Wa0019,848,480,9,5
Vid-20260421-Wa0019_A009_B006_f0031,C,data\collab_cache\Vid-20260421-Wa0019_A009_B006_f0031_A.npy,data\collab_cache\Vid-20260421-Wa0019_A009_B006_f0031_B.npy,Vid-20260421-Wa0019,848,480,9,6
Vid-20260421-Wa0019_A009_B008_f0031,C,data\collab_cache\Vid-20260421-Wa0019_A009_B008_f0031_A.npy,data\collab_cache\Vid-20260421-Wa0019_A009_B008_f0031_B.npy,Vid-20260421-Wa0019,848,480,9,8
Vid-20260421-Wa0019_A009_B001_f0035,C,data\collab_cache\Vid-20260421-Wa0019_A009_B001_f0035_A.npy,data\collab_cache\Vid-20260421-Wa0019_A009_B001_f0035_B.npy,Vid-20260421-Wa0019,848,480,9,1
Vid-20260421-Wa0019_A009_B003_f0035,C,data\collab_cache\Vid-20260421-Wa0019_A009_B003_f0035_A.npy,data\collab_cache\Vid-20260421-Wa0019_A009_B003_f0035_B.npy,Vid-20260421-Wa0019,848,480,9,3
Vid-20260421-Wa0019_A009_B005_f0035,C,data\collab_cache\Vid-20260421-Wa0019_A009_B005_f0035_A.npy,data\collab_cache\Vid-20260421-Wa0019_A009_B005_f0035_B.npy,Vid-20260421-Wa0019,848,480,9,5
Vid-20260421-Wa0019_A009_B006_f0035,C,data\collab_cache\Vid-20260421-Wa0019_A009_B006_f0035_A.npy,data\collab_cache\Vid-20260421-Wa0019_A009_B006_f0035_B.npy,Vid-20260421-Wa0019,848,480,9,6
Vid-20260421-Wa0019_A009_B008_f0035,C,data\collab_cache\Vid-20260421-Wa0019_A009_B008_f0035_A.npy,data\collab_cache\Vid-20260421-Wa0019_A009_B008_f0035_B.npy,Vid-20260421-Wa0019,848,480,9,8
Vid-20260421-Wa0019_A009_B001_f0039,C,data\collab_cache\Vid-20260421-Wa0019_A009_B001_f0039_A.npy,data\collab_cache\Vid-20260421-Wa0019_A009_B001_f0039_B.npy,Vid-20260421-Wa0019,848,480,9,1
Vid-20260421-Wa0019_A009_B003_f0039,C,data\collab_cache\Vid-20260421-Wa0019_A009_B003_f0039_A.npy,data\collab_cache\Vid-20260421-Wa0019_A009_B003_f0039_B.npy,Vid-20260421-Wa0019,848,480,9,3
Vid-20260421-Wa0019_A009_B005_f0039,C,data\collab_cache\Vid-20260421-Wa0019_A009_B005_f0039_A.npy,data\collab_cache\Vid-20260421-Wa0019_A009_B005_f0039_B.npy,Vid-20260421-Wa0019,848,480,9,5
Vid-20260421-Wa0019_A009_B006_f0039,C,data\collab_cache\Vid-20260421-Wa0019_A009_B006_f0039_A.npy,data\collab_cache\Vid-20260421-Wa0019_A009_B006_f0039_B.npy,Vid-20260421-Wa0019,848,480,9,6
Vid-20260421-Wa0019_A009_B008_f0039,C,data\collab_cache\Vid-20260421-Wa0019_A009_B008_f0039_A.npy,data\collab_cache\Vid-20260421-Wa0019_A009_B008_f0039_B.npy,Vid-20260421-Wa0019,848,480,9,8
Vid-20260421-Wa0019_A009_B001_f0043,C,data\collab_cache\Vid-20260421-Wa0019_A009_B001_f0043_A.npy,data\collab_cache\Vid-20260421-Wa0019_A009_B001_f0043_B.npy,Vid-20260421-Wa0019,848,480,9,1
Vid-20260421-Wa0019_A009_B003_f0043,C,data\collab_cache\Vid-20260421-Wa0019_A009_B003_f0043_A.npy,data\collab_cache\Vid-20260421-Wa0019_A009_B003_f0043_B.npy,Vid-20260421-Wa0019,848,480,9,3
Vid-20260421-Wa0019_A009_B005_f0043,C,data\collab_cache\Vid-20260421-Wa0019_A009_B005_f0043_A.npy,data\collab_cache\Vid-20260421-Wa0019_A009_B005_f0043_B.npy,Vid-20260421-Wa0019,848,480,9,5
Vid-20260421-Wa0019_A009_B006_f0043,C,data\collab_cache\Vid-20260421-Wa0019_A009_B006_f0043_A.npy,data\collab_cache\Vid-20260421-Wa0019_A009_B006_f0043_B.npy,Vid-20260421-Wa0019,848,480,9,6
Vid-20260421-Wa0019_A009_B008_f0043,C,data\collab_cache\Vid-20260421-Wa0019_A009_B008_f0043_A.npy,data\collab_cache\Vid-20260421-Wa0019_A009_B008_f0043_B.npy,Vid-20260421-Wa0019,848,480,9,8
Vid-20260421-Wa0021_A001_B003_f0020,C,data\collab_cache\Vid-20260421-Wa0021_A001_B003_f0020_A.npy,data\collab_cache\Vid-20260421-Wa0021_A001_B003_f0020_B.npy,Vid-20260421-Wa0021,848,480,1,3
Vid-20260421-Wa0021_A001_B004_f0020,C,data\collab_cache\Vid-20260421-Wa0021_A001_B004_f0020_A.npy,data\collab_cache\Vid-20260421-Wa0021_A001_B004_f0020_B.npy,Vid-20260421-Wa0021,848,480,1,4
Vid-20260421-Wa0021_A001_B005_f0020,C,data\collab_cache\Vid-20260421-Wa0021_A001_B005_f0020_A.npy,data\collab_cache\Vid-20260421-Wa0021_A001_B005_f0020_B.npy,Vid-20260421-Wa0021,848,480,1,5
Vid-20260421-Wa0021_A001_B006_f0020,C,data\collab_cache\Vid-20260421-Wa0021_A001_B006_f0020_A.npy,data\collab_cache\Vid-20260421-Wa0021_A001_B006_f0020_B.npy,Vid-20260421-Wa0021,848,480,1,6
Vid-20260421-Wa0021_A001_B009_f0020,C,data\collab_cache\Vid-20260421-Wa0021_A001_B009_f0020_A.npy,data\collab_cache\Vid-20260421-Wa0021_A001_B009_f0020_B.npy,Vid-20260421-Wa0021,848,480,1,9
Vid-20260421-Wa0021_A001_B012_f0020,N,data\collab_cache\Vid-20260421-Wa0021_A001_B012_f0020_A.npy,data\collab_cache\Vid-20260421-Wa0021_A001_B012_f0020_B.npy,Vid-20260421-Wa0021,848,480,1,12
Vid-20260421-Wa0021_A001_B003_f0024,C,data\collab_cache\Vid-20260421-Wa0021_A001_B003_f0024_A.npy,data\collab_cache\Vid-20260421-Wa0021_A001_B003_f0024_B.npy,Vid-20260421-Wa0021,848,480,1,3
Vid-20260421-Wa0021_A001_B004_f0024,C,data\collab_cache\Vid-20260421-Wa0021_A001_B004_f0024_A.npy,data\collab_cache\Vid-20260421-Wa0021_A001_B004_f0024_B.npy,Vid-20260421-Wa0021,848,480,1,4
Vid-20260421-Wa0021_A001_B005_f0024,C,data\collab_cache\Vid-20260421-Wa0021_A001_B005_f0024_A.npy,data\collab_cache\Vid-20260421-Wa0021_A001_B005_f0024_B.npy,Vid-20260421-Wa0021,848,480,1,5
Vid-20260421-Wa0021_A001_B006_f0024,C,data\collab_cache\Vid-20260421-Wa0021_A001_B006_f0024_A.npy,data\collab_cache\Vid-20260421-Wa0021_A001_B006_f0024_B.npy,Vid-20260421-Wa0021,848,480,1,6
Vid-20260421-Wa0021_A001_B009_f0024,C,data\collab_cache\Vid-20260421-Wa0021_A001_B009_f0024_A.npy,data\collab_cache\Vid-20260421-Wa0021_A001_B009_f0024_B.npy,Vid-20260421-Wa0021,848,480,1,9
Vid-20260421-Wa0021_A001_B012_f0024,N,data\collab_cache\Vid-20260421-Wa0021_A001_B012_f0024_A.npy,data\collab_cache\Vid-20260421-Wa0021_A001_B012_f0024_B.npy,Vid-20260421-Wa0021,848,480,1,12
Vid-20260421-Wa0021_A001_B003_f0028,C,data\collab_cache\Vid-20260421-Wa0021_A001_B003_f0028_A.npy,data\collab_cache\Vid-20260421-Wa0021_A001_B003_f0028_B.npy,Vid-20260421-Wa0021,848,480,1,3
Vid-20260421-Wa0021_A001_B004_f0028,C,data\collab_cache\Vid-20260421-Wa0021_A001_B004_f0028_A.npy,data\collab_cache\Vid-20260421-Wa0021_A001_B004_f0028_B.npy,Vid-20260421-Wa0021,848,480,1,4
Vid-20260421-Wa0021_A001_B005_f0028,C,data\collab_cache\Vid-20260421-Wa0021_A001_B005_f0028_A.npy,data\collab_cache\Vid-20260421-Wa0021_A001_B005_f0028_B.npy,Vid-20260421-Wa0021,848,480,1,5
Vid-20260421-Wa0021_A001_B006_f0028,C,data\collab_cache\Vid-20260421-Wa0021_A001_B006_f0028_A.npy,data\collab_cache\Vid-20260421-Wa0021_A001_B006_f0028_B.npy,Vid-20260421-Wa0021,848,480,1,6
Vid-20260421-Wa0021_A001_B009_f0028,C,data\collab_cache\Vid-20260421-Wa0021_A001_B009_f0028_A.npy,data\collab_cache\Vid-20260421-Wa0021_A001_B009_f0028_B.npy,Vid-20260421-Wa0021,848,480,1,9
Vid-20260421-Wa0021_A001_B012_f0028,N,data\collab_cache\Vid-20260421-Wa0021_A001_B012_f0028_A.npy,data\collab_cache\Vid-20260421-Wa0021_A001_B012_f0028_B.npy,Vid-20260421-Wa0021,848,480,1,12
Vid-20260421-Wa0021_A001_B003_f0032,C,data\collab_cache\Vid-20260421-Wa0021_A001_B003_f0032_A.npy,data\collab_cache\Vid-20260421-Wa0021_A001_B003_f0032_B.npy,Vid-20260421-Wa0021,848,480,1,3
Vid-20260421-Wa0021_A001_B004_f0032,N,data\collab_cache\Vid-20260421-Wa0021_A001_B004_f0032_A.npy,data\collab_cache\Vid-20260421-Wa0021_A001_B004_f0032_B.npy,Vid-20260421-Wa0021,848,480,1,4
Vid-20260421-Wa0021_A001_B005_f0032,C,data\collab_cache\Vid-20260421-Wa0021_A001_B005_f0032_A.npy,data\collab_cache\Vid-20260421-Wa0021_A001_B005_f0032_B.npy,Vid-20260421-Wa0021,848,480,1,5
Vid-20260421-Wa0021_A001_B009_f0032,C,data\collab_cache\Vid-20260421-Wa0021_A001_B009_f0032_A.npy,data\collab_cache\Vid-20260421-Wa0021_A001_B009_f0032_B.npy,Vid-20260421-Wa0021,848,480,1,9
Vid-20260421-Wa0021_A001_B012_f0032,N,data\collab_cache\Vid-20260421-Wa0021_A001_B012_f0032_A.npy,data\collab_cache\Vid-20260421-Wa0021_A001_B012_f0032_B.npy,Vid-20260421-Wa0021,848,480,1,12
Vid-20260421-Wa0021_A001_B003_f0036,C,data\collab_cache\Vid-20260421-Wa0021_A001_B003_f0036_A.npy,data\collab_cache\Vid-20260421-Wa0021_A001_B003_f0036_B.npy,Vid-20260421-Wa0021,848,480,1,3
Vid-20260421-Wa0021_A001_B004_f0036,N,data\collab_cache\Vid-20260421-Wa0021_A001_B004_f0036_A.npy,data\collab_cache\Vid-20260421-Wa0021_A001_B004_f0036_B.npy,Vid-20260421-Wa0021,848,480,1,4
Vid-20260421-Wa0021_A001_B005_f0036,C,data\collab_cache\Vid-20260421-Wa0021_A001_B005_f0036_A.npy,data\collab_cache\Vid-20260421-Wa0021_A001_B005_f0036_B.npy,Vid-20260421-Wa0021,848,480,1,5
Vid-20260421-Wa0021_A001_B009_f0036,C,data\collab_cache\Vid-20260421-Wa0021_A001_B009_f0036_A.npy,data\collab_cache\Vid-20260421-Wa0021_A001_B009_f0036_B.npy,Vid-20260421-Wa0021,848,480,1,9
Vid-20260421-Wa0021_A001_B013_f0036,C,data\collab_cache\Vid-20260421-Wa0021_A001_B013_f0036_A.npy,data\collab_cache\Vid-20260421-Wa0021_A001_B013_f0036_B.npy,Vid-20260421-Wa0021,848,480,1,13
Vid-20260421-Wa0021_A001_B003_f0040,C,data\collab_cache\Vid-20260421-Wa0021_A001_B003_f0040_A.npy,data\collab_cache\Vid-20260421-Wa0021_A001_B003_f0040_B.npy,Vid-20260421-Wa0021,848,480,1,3
Vid-20260421-Wa0021_A001_B004_f0040,N,data\collab_cache\Vid-20260421-Wa0021_A001_B004_f0040_A.npy,data\collab_cache\Vid-20260421-Wa0021_A001_B004_f0040_B.npy,Vid-20260421-Wa0021,848,480,1,4
Vid-20260421-Wa0021_A001_B005_f0040,C,data\collab_cache\Vid-20260421-Wa0021_A001_B005_f0040_A.npy,data\collab_cache\Vid-20260421-Wa0021_A001_B005_f0040_B.npy,Vid-20260421-Wa0021,848,480,1,5
Vid-20260421-Wa0021_A001_B013_f0040,C,data\collab_cache\Vid-20260421-Wa0021_A001_B013_f0040_A.npy,data\collab_cache\Vid-20260421-Wa0021_A001_B013_f0040_B.npy,Vid-20260421-Wa0021,848,480,1,13
Vid-20260421-Wa0021_A001_B014_f0040,C,data\collab_cache\Vid-20260421-Wa0021_A001_B014_f0040_A.npy,data\collab_cache\Vid-20260421-Wa0021_A001_B014_f0040_B.npy,Vid-20260421-Wa0021,848,480,1,14
Vid-20260421-Wa0021_A001_B003_f0044,C,data\collab_cache\Vid-20260421-Wa0021_A001_B003_f0044_A.npy,data\collab_cache\Vid-20260421-Wa0021_A001_B003_f0044_B.npy,Vid-20260421-Wa0021,848,480,1,3
Vid-20260421-Wa0021_A001_B004_f0044,C,data\collab_cache\Vid-20260421-Wa0021_A001_B004_f0044_A.npy,data\collab_cache\Vid-20260421-Wa0021_A001_B004_f0044_B.npy,Vid-20260421-Wa0021,848,480,1,4
Vid-20260421-Wa0021_A001_B005_f0044,C,data\collab_cache\Vid-20260421-Wa0021_A001_B005_f0044_A.npy,data\collab_cache\Vid-20260421-Wa0021_A001_B005_f0044_B.npy,Vid-20260421-Wa0021,848,480,1,5
Vid-20260421-Wa0021_A001_B013_f0044,C,data\collab_cache\Vid-20260421-Wa0021_A001_B013_f0044_A.npy,data\collab_cache\Vid-20260421-Wa0021_A001_B013_f0044_B.npy,Vid-20260421-Wa0021,848,480,1,13
Vid-20260421-Wa0021_A001_B014_f0044,C,data\collab_cache\Vid-20260421-Wa0021_A001_B014_f0044_A.npy,data\collab_cache\Vid-20260421-Wa0021_A001_B014_f0044_B.npy,Vid-20260421-Wa0021,848,480,1,14
Vid-20260421-Wa0021_A001_B015_f0044,C,data\collab_cache\Vid-20260421-Wa0021_A001_B015_f0044_A.npy,data\collab_cache\Vid-20260421-Wa0021_A001_B015_f0044_B.npy,Vid-20260421-Wa0021,848,480,1,15
Vid-20260421-Wa0021_A001_B016_f0044,C,data\collab_cache\Vid-20260421-Wa0021_A001_B016_f0044_A.npy,data\collab_cache\Vid-20260421-Wa0021_A001_B016_f0044_B.npy,Vid-20260421-Wa0021,848,480,1,16
Vid-20260421-Wa0021_A001_B003_f0048,C,data\collab_cache\Vid-20260421-Wa0021_A001_B003_f0048_A.npy,data\collab_cache\Vid-20260421-Wa0021_A001_B003_f0048_B.npy,Vid-20260421-Wa0021,848,480,1,3
Vid-20260421-Wa0021_A001_B004_f0048,C,data\collab_cache\Vid-20260421-Wa0021_A001_B004_f0048_A.npy,data\collab_cache\Vid-20260421-Wa0021_A001_B004_f0048_B.npy,Vid-20260421-Wa0021,848,480,1,4
Vid-20260421-Wa0021_A001_B005_f0048,C,data\collab_cache\Vid-20260421-Wa0021_A001_B005_f0048_A.npy,data\collab_cache\Vid-20260421-Wa0021_A001_B005_f0048_B.npy,Vid-20260421-Wa0021,848,480,1,5
Vid-20260421-Wa0021_A001_B013_f0048,C,data\collab_cache\Vid-20260421-Wa0021_A001_B013_f0048_A.npy,data\collab_cache\Vid-20260421-Wa0021_A001_B013_f0048_B.npy,Vid-20260421-Wa0021,848,480,1,13
Vid-20260421-Wa0021_A001_B014_f0048,C,data\collab_cache\Vid-20260421-Wa0021_A001_B014_f0048_A.npy,data\collab_cache\Vid-20260421-Wa0021_A001_B014_f0048_B.npy,Vid-20260421-Wa0021,848,480,1,14
Vid-20260421-Wa0021_A001_B015_f0048,C,data\collab_cache\Vid-20260421-Wa0021_A001_B015_f0048_A.npy,data\collab_cache\Vid-20260421-Wa0021_A001_B015_f0048_B.npy,Vid-20260421-Wa0021,848,480,1,15
Vid-20260421-Wa0021_A001_B016_f0048,C,data\collab_cache\Vid-20260421-Wa0021_A001_B016_f0048_A.npy,data\collab_cache\Vid-20260421-Wa0021_A001_B016_f0048_B.npy,Vid-20260421-Wa0021,848,480,1,16
Vid-20260421-Wa0021_A001_B003_f0052,C,data\collab_cache\Vid-20260421-Wa0021_A001_B003_f0052_A.npy,data\collab_cache\Vid-20260421-Wa0021_A001_B003_f0052_B.npy,Vid-20260421-Wa0021,848,480,1,3
Vid-20260421-Wa0021_A001_B004_f0052,C,data\collab_cache\Vid-20260421-Wa0021_A001_B004_f0052_A.npy,data\collab_cache\Vid-20260421-Wa0021_A001_B004_f0052_B.npy,Vid-20260421-Wa0021,848,480,1,4
Vid-20260421-Wa0021_A001_B005_f0052,C,data\collab_cache\Vid-20260421-Wa0021_A001_B005_f0052_A.npy,data\collab_cache\Vid-20260421-Wa0021_A001_B005_f0052_B.npy,Vid-20260421-Wa0021,848,480,1,5
Vid-20260421-Wa0021_A001_B013_f0052,C,data\collab_cache\Vid-20260421-Wa0021_A001_B013_f0052_A.npy,data\collab_cache\Vid-20260421-Wa0021_A001_B013_f0052_B.npy,Vid-20260421-Wa0021,848,480,1,13
Vid-20260421-Wa0021_A001_B014_f0052,C,data\collab_cache\Vid-20260421-Wa0021_A001_B014_f0052_A.npy,data\collab_cache\Vid-20260421-Wa0021_A001_B014_f0052_B.npy,Vid-20260421-Wa0021,848,480,1,14
Vid-20260421-Wa0021_A001_B015_f0052,C,data\collab_cache\Vid-20260421-Wa0021_A001_B015_f0052_A.npy,data\collab_cache\Vid-20260421-Wa0021_A001_B015_f0052_B.npy,Vid-20260421-Wa0021,848,480,1,15
Vid-20260421-Wa0021_A001_B016_f0052,C,data\collab_cache\Vid-20260421-Wa0021_A001_B016_f0052_A.npy,data\collab_cache\Vid-20260421-Wa0021_A001_B016_f0052_B.npy,Vid-20260421-Wa0021,848,480,1,16
Vid-20260421-Wa0021_A003_B004_f0000,N,data\collab_cache\Vid-20260421-Wa0021_A003_B004_f0000_A.npy,data\collab_cache\Vid-20260421-Wa0021_A003_B004_f0000_B.npy,Vid-20260421-Wa0021,848,480,3,4
Vid-20260421-Wa0021_A003_B005_f0000,C,data\collab_cache\Vid-20260421-Wa0021_A003_B005_f0000_A.npy,data\collab_cache\Vid-20260421-Wa0021_A003_B005_f0000_B.npy,Vid-20260421-Wa0021,848,480,3,5
Vid-20260421-Wa0021_A003_B006_f0000,N,data\collab_cache\Vid-20260421-Wa0021_A003_B006_f0000_A.npy,data\collab_cache\Vid-20260421-Wa0021_A003_B006_f0000_B.npy,Vid-20260421-Wa0021,848,480,3,6
Vid-20260421-Wa0021_A003_B009_f0000,C,data\collab_cache\Vid-20260421-Wa0021_A003_B009_f0000_A.npy,data\collab_cache\Vid-20260421-Wa0021_A003_B009_f0000_B.npy,Vid-20260421-Wa0021,848,480,3,9
Vid-20260421-Wa0021_A003_B004_f0004,N,data\collab_cache\Vid-20260421-Wa0021_A003_B004_f0004_A.npy,data\collab_cache\Vid-20260421-Wa0021_A003_B004_f0004_B.npy,Vid-20260421-Wa0021,848,480,3,4
Vid-20260421-Wa0021_A003_B005_f0004,C,data\collab_cache\Vid-20260421-Wa0021_A003_B005_f0004_A.npy,data\collab_cache\Vid-20260421-Wa0021_A003_B005_f0004_B.npy,Vid-20260421-Wa0021,848,480,3,5
Vid-20260421-Wa0021_A003_B006_f0004,N,data\collab_cache\Vid-20260421-Wa0021_A003_B006_f0004_A.npy,data\collab_cache\Vid-20260421-Wa0021_A003_B006_f0004_B.npy,Vid-20260421-Wa0021,848,480,3,6
Vid-20260421-Wa0021_A003_B009_f0004,C,data\collab_cache\Vid-20260421-Wa0021_A003_B009_f0004_A.npy,data\collab_cache\Vid-20260421-Wa0021_A003_B009_f0004_B.npy,Vid-20260421-Wa0021,848,480,3,9
Vid-20260421-Wa0021_A003_B010_f0004,C,data\collab_cache\Vid-20260421-Wa0021_A003_B010_f0004_A.npy,data\collab_cache\Vid-20260421-Wa0021_A003_B010_f0004_B.npy,Vid-20260421-Wa0021,848,480,3,10
Vid-20260421-Wa0021_A003_B004_f0008,C,data\collab_cache\Vid-20260421-Wa0021_A003_B004_f0008_A.npy,data\collab_cache\Vid-20260421-Wa0021_A003_B004_f0008_B.npy,Vid-20260421-Wa0021,848,480,3,4
Vid-20260421-Wa0021_A003_B005_f0008,C,data\collab_cache\Vid-20260421-Wa0021_A003_B005_f0008_A.npy,data\collab_cache\Vid-20260421-Wa0021_A003_B005_f0008_B.npy,Vid-20260421-Wa0021,848,480,3,5
Vid-20260421-Wa0021_A003_B006_f0008,C,data\collab_cache\Vid-20260421-Wa0021_A003_B006_f0008_A.npy,data\collab_cache\Vid-20260421-Wa0021_A003_B006_f0008_B.npy,Vid-20260421-Wa0021,848,480,3,6
Vid-20260421-Wa0021_A003_B009_f0008,C,data\collab_cache\Vid-20260421-Wa0021_A003_B009_f0008_A.npy,data\collab_cache\Vid-20260421-Wa0021_A003_B009_f0008_B.npy,Vid-20260421-Wa0021,848,480,3,9
Vid-20260421-Wa0021_A003_B010_f0008,C,data\collab_cache\Vid-20260421-Wa0021_A003_B010_f0008_A.npy,data\collab_cache\Vid-20260421-Wa0021_A003_B010_f0008_B.npy,Vid-20260421-Wa0021,848,480,3,10
Vid-20260421-Wa0021_A003_B004_f0012,C,data\collab_cache\Vid-20260421-Wa0021_A003_B004_f0012_A.npy,data\collab_cache\Vid-20260421-Wa0021_A003_B004_f0012_B.npy,Vid-20260421-Wa0021,848,480,3,4
Vid-20260421-Wa0021_A003_B005_f0012,C,data\collab_cache\Vid-20260421-Wa0021_A003_B005_f0012_A.npy,data\collab_cache\Vid-20260421-Wa0021_A003_B005_f0012_B.npy,Vid-20260421-Wa0021,848,480,3,5
Vid-20260421-Wa0021_A003_B006_f0012,C,data\collab_cache\Vid-20260421-Wa0021_A003_B006_f0012_A.npy,data\collab_cache\Vid-20260421-Wa0021_A003_B006_f0012_B.npy,Vid-20260421-Wa0021,848,480,3,6
Vid-20260421-Wa0021_A003_B009_f0012,C,data\collab_cache\Vid-20260421-Wa0021_A003_B009_f0012_A.npy,data\collab_cache\Vid-20260421-Wa0021_A003_B009_f0012_B.npy,Vid-20260421-Wa0021,848,480,3,9
Vid-20260421-Wa0021_A003_B010_f0012,C,data\collab_cache\Vid-20260421-Wa0021_A003_B010_f0012_A.npy,data\collab_cache\Vid-20260421-Wa0021_A003_B010_f0012_B.npy,Vid-20260421-Wa0021,848,480,3,10
Vid-20260421-Wa0021_A003_B004_f0016,C,data\collab_cache\Vid-20260421-Wa0021_A003_B004_f0016_A.npy,data\collab_cache\Vid-20260421-Wa0021_A003_B004_f0016_B.npy,Vid-20260421-Wa0021,848,480,3,4
Vid-20260421-Wa0021_A003_B005_f0016,C,data\collab_cache\Vid-20260421-Wa0021_A003_B005_f0016_A.npy,data\collab_cache\Vid-20260421-Wa0021_A003_B005_f0016_B.npy,Vid-20260421-Wa0021,848,480,3,5
Vid-20260421-Wa0021_A003_B006_f0016,C,data\collab_cache\Vid-20260421-Wa0021_A003_B006_f0016_A.npy,data\collab_cache\Vid-20260421-Wa0021_A003_B006_f0016_B.npy,Vid-20260421-Wa0021,848,480,3,6
Vid-20260421-Wa0021_A003_B009_f0016,C,data\collab_cache\Vid-20260421-Wa0021_A003_B009_f0016_A.npy,data\collab_cache\Vid-20260421-Wa0021_A003_B009_f0016_B.npy,Vid-20260421-Wa0021,848,480,3,9
Vid-20260421-Wa0021_A003_B010_f0016,C,data\collab_cache\Vid-20260421-Wa0021_A003_B010_f0016_A.npy,data\collab_cache\Vid-20260421-Wa0021_A003_B010_f0016_B.npy,Vid-20260421-Wa0021,848,480,3,10
Vid-20260421-Wa0021_A003_B004_f0020,C,data\collab_cache\Vid-20260421-Wa0021_A003_B004_f0020_A.npy,data\collab_cache\Vid-20260421-Wa0021_A003_B004_f0020_B.npy,Vid-20260421-Wa0021,848,480,3,4
Vid-20260421-Wa0021_A003_B005_f0020,C,data\collab_cache\Vid-20260421-Wa0021_A003_B005_f0020_A.npy,data\collab_cache\Vid-20260421-Wa0021_A003_B005_f0020_B.npy,Vid-20260421-Wa0021,848,480,3,5
Vid-20260421-Wa0021_A003_B006_f0020,C,data\collab_cache\Vid-20260421-Wa0021_A003_B006_f0020_A.npy,data\collab_cache\Vid-20260421-Wa0021_A003_B006_f0020_B.npy,Vid-20260421-Wa0021,848,480,3,6
Vid-20260421-Wa0021_A003_B009_f0020,C,data\collab_cache\Vid-20260421-Wa0021_A003_B009_f0020_A.npy,data\collab_cache\Vid-20260421-Wa0021_A003_B009_f0020_B.npy,Vid-20260421-Wa0021,848,480,3,9
Vid-20260421-Wa0021_A003_B012_f0020,C,data\collab_cache\Vid-20260421-Wa0021_A003_B012_f0020_A.npy,data\collab_cache\Vid-20260421-Wa0021_A003_B012_f0020_B.npy,Vid-20260421-Wa0021,848,480,3,12
Vid-20260421-Wa0021_A003_B004_f0024,C,data\collab_cache\Vid-20260421-Wa0021_A003_B004_f0024_A.npy,data\collab_cache\Vid-20260421-Wa0021_A003_B004_f0024_B.npy,Vid-20260421-Wa0021,848,480,3,4
Vid-20260421-Wa0021_A003_B005_f0024,C,data\collab_cache\Vid-20260421-Wa0021_A003_B005_f0024_A.npy,data\collab_cache\Vid-20260421-Wa0021_A003_B005_f0024_B.npy,Vid-20260421-Wa0021,848,480,3,5
Vid-20260421-Wa0021_A003_B006_f0024,C,data\collab_cache\Vid-20260421-Wa0021_A003_B006_f0024_A.npy,data\collab_cache\Vid-20260421-Wa0021_A003_B006_f0024_B.npy,Vid-20260421-Wa0021,848,480,3,6
Vid-20260421-Wa0021_A003_B009_f0024,C,data\collab_cache\Vid-20260421-Wa0021_A003_B009_f0024_A.npy,data\collab_cache\Vid-20260421-Wa0021_A003_B009_f0024_B.npy,Vid-20260421-Wa0021,848,480,3,9
Vid-20260421-Wa0021_A003_B012_f0024,C,data\collab_cache\Vid-20260421-Wa0021_A003_B012_f0024_A.npy,data\collab_cache\Vid-20260421-Wa0021_A003_B012_f0024_B.npy,Vid-20260421-Wa0021,848,480,3,12
Vid-20260421-Wa0021_A003_B004_f0028,C,data\collab_cache\Vid-20260421-Wa0021_A003_B004_f0028_A.npy,data\collab_cache\Vid-20260421-Wa0021_A003_B004_f0028_B.npy,Vid-20260421-Wa0021,848,480,3,4
Vid-20260421-Wa0021_A003_B005_f0028,C,data\collab_cache\Vid-20260421-Wa0021_A003_B005_f0028_A.npy,data\collab_cache\Vid-20260421-Wa0021_A003_B005_f0028_B.npy,Vid-20260421-Wa0021,848,480,3,5
Vid-20260421-Wa0021_A003_B006_f0028,C,data\collab_cache\Vid-20260421-Wa0021_A003_B006_f0028_A.npy,data\collab_cache\Vid-20260421-Wa0021_A003_B006_f0028_B.npy,Vid-20260421-Wa0021,848,480,3,6
Vid-20260421-Wa0021_A003_B009_f0028,C,data\collab_cache\Vid-20260421-Wa0021_A003_B009_f0028_A.npy,data\collab_cache\Vid-20260421-Wa0021_A003_B009_f0028_B.npy,Vid-20260421-Wa0021,848,480,3,9
Vid-20260421-Wa0021_A003_B012_f0028,C,data\collab_cache\Vid-20260421-Wa0021_A003_B012_f0028_A.npy,data\collab_cache\Vid-20260421-Wa0021_A003_B012_f0028_B.npy,Vid-20260421-Wa0021,848,480,3,12
Vid-20260421-Wa0021_A003_B004_f0032,C,data\collab_cache\Vid-20260421-Wa0021_A003_B004_f0032_A.npy,data\collab_cache\Vid-20260421-Wa0021_A003_B004_f0032_B.npy,Vid-20260421-Wa0021,848,480,3,4
Vid-20260421-Wa0021_A003_B005_f0032,C,data\collab_cache\Vid-20260421-Wa0021_A003_B005_f0032_A.npy,data\collab_cache\Vid-20260421-Wa0021_A003_B005_f0032_B.npy,Vid-20260421-Wa0021,848,480,3,5
Vid-20260421-Wa0021_A003_B012_f0032,C,data\collab_cache\Vid-20260421-Wa0021_A003_B012_f0032_A.npy,data\collab_cache\Vid-20260421-Wa0021_A003_B012_f0032_B.npy,Vid-20260421-Wa0021,848,480,3,12
Vid-20260421-Wa0021_A003_B004_f0036,N,data\collab_cache\Vid-20260421-Wa0021_A003_B004_f0036_A.npy,data\collab_cache\Vid-20260421-Wa0021_A003_B004_f0036_B.npy,Vid-20260421-Wa0021,848,480,3,4
Vid-20260421-Wa0021_A003_B005_f0036,C,data\collab_cache\Vid-20260421-Wa0021_A003_B005_f0036_A.npy,data\collab_cache\Vid-20260421-Wa0021_A003_B005_f0036_B.npy,Vid-20260421-Wa0021,848,480,3,5
Vid-20260421-Wa0021_A003_B009_f0036,C,data\collab_cache\Vid-20260421-Wa0021_A003_B009_f0036_A.npy,data\collab_cache\Vid-20260421-Wa0021_A003_B009_f0036_B.npy,Vid-20260421-Wa0021,848,480,3,9
Vid-20260421-Wa0021_A003_B013_f0036,C,data\collab_cache\Vid-20260421-Wa0021_A003_B013_f0036_A.npy,data\collab_cache\Vid-20260421-Wa0021_A003_B013_f0036_B.npy,Vid-20260421-Wa0021,848,480,3,13
Vid-20260421-Wa0021_A003_B004_f0040,N,data\collab_cache\Vid-20260421-Wa0021_A003_B004_f0040_A.npy,data\collab_cache\Vid-20260421-Wa0021_A003_B004_f0040_B.npy,Vid-20260421-Wa0021,848,480,3,4
Vid-20260421-Wa0021_A003_B005_f0040,C,data\collab_cache\Vid-20260421-Wa0021_A003_B005_f0040_A.npy,data\collab_cache\Vid-20260421-Wa0021_A003_B005_f0040_B.npy,Vid-20260421-Wa0021,848,480,3,5
Vid-20260421-Wa0021_A003_B013_f0040,C,data\collab_cache\Vid-20260421-Wa0021_A003_B013_f0040_A.npy,data\collab_cache\Vid-20260421-Wa0021_A003_B013_f0040_B.npy,Vid-20260421-Wa0021,848,480,3,13
Vid-20260421-Wa0021_A003_B004_f0044,C,data\collab_cache\Vid-20260421-Wa0021_A003_B004_f0044_A.npy,data\collab_cache\Vid-20260421-Wa0021_A003_B004_f0044_B.npy,Vid-20260421-Wa0021,848,480,3,4
Vid-20260421-Wa0021_A003_B005_f0044,C,data\collab_cache\Vid-20260421-Wa0021_A003_B005_f0044_A.npy,data\collab_cache\Vid-20260421-Wa0021_A003_B005_f0044_B.npy,Vid-20260421-Wa0021,848,480,3,5
Vid-20260421-Wa0021_A003_B013_f0044,C,data\collab_cache\Vid-20260421-Wa0021_A003_B013_f0044_A.npy,data\collab_cache\Vid-20260421-Wa0021_A003_B013_f0044_B.npy,Vid-20260421-Wa0021,848,480,3,13
Vid-20260421-Wa0021_A003_B015_f0044,C,data\collab_cache\Vid-20260421-Wa0021_A003_B015_f0044_A.npy,data\collab_cache\Vid-20260421-Wa0021_A003_B015_f0044_B.npy,Vid-20260421-Wa0021,848,480,3,15
Vid-20260421-Wa0021_A003_B016_f0044,C,data\collab_cache\Vid-20260421-Wa0021_A003_B016_f0044_A.npy,data\collab_cache\Vid-20260421-Wa0021_A003_B016_f0044_B.npy,Vid-20260421-Wa0021,848,480,3,16
Vid-20260421-Wa0021_A003_B004_f0048,C,data\collab_cache\Vid-20260421-Wa0021_A003_B004_f0048_A.npy,data\collab_cache\Vid-20260421-Wa0021_A003_B004_f0048_B.npy,Vid-20260421-Wa0021,848,480,3,4
Vid-20260421-Wa0021_A003_B005_f0048,C,data\collab_cache\Vid-20260421-Wa0021_A003_B005_f0048_A.npy,data\collab_cache\Vid-20260421-Wa0021_A003_B005_f0048_B.npy,Vid-20260421-Wa0021,848,480,3,5
Vid-20260421-Wa0021_A003_B013_f0048,C,data\collab_cache\Vid-20260421-Wa0021_A003_B013_f0048_A.npy,data\collab_cache\Vid-20260421-Wa0021_A003_B013_f0048_B.npy,Vid-20260421-Wa0021,848,480,3,13
Vid-20260421-Wa0021_A003_B015_f0048,C,data\collab_cache\Vid-20260421-Wa0021_A003_B015_f0048_A.npy,data\collab_cache\Vid-20260421-Wa0021_A003_B015_f0048_B.npy,Vid-20260421-Wa0021,848,480,3,15
Vid-20260421-Wa0021_A003_B016_f0048,C,data\collab_cache\Vid-20260421-Wa0021_A003_B016_f0048_A.npy,data\collab_cache\Vid-20260421-Wa0021_A003_B016_f0048_B.npy,Vid-20260421-Wa0021,848,480,3,16
Vid-20260421-Wa0021_A003_B004_f0052,C,data\collab_cache\Vid-20260421-Wa0021_A003_B004_f0052_A.npy,data\collab_cache\Vid-20260421-Wa0021_A003_B004_f0052_B.npy,Vid-20260421-Wa0021,848,480,3,4
Vid-20260421-Wa0021_A003_B005_f0052,C,data\collab_cache\Vid-20260421-Wa0021_A003_B005_f0052_A.npy,data\collab_cache\Vid-20260421-Wa0021_A003_B005_f0052_B.npy,Vid-20260421-Wa0021,848,480,3,5
Vid-20260421-Wa0021_A003_B013_f0052,C,data\collab_cache\Vid-20260421-Wa0021_A003_B013_f0052_A.npy,data\collab_cache\Vid-20260421-Wa0021_A003_B013_f0052_B.npy,Vid-20260421-Wa0021,848,480,3,13
Vid-20260421-Wa0021_A003_B015_f0052,C,data\collab_cache\Vid-20260421-Wa0021_A003_B015_f0052_A.npy,data\collab_cache\Vid-20260421-Wa0021_A003_B015_f0052_B.npy,Vid-20260421-Wa0021,848,480,3,15
Vid-20260421-Wa0021_A003_B016_f0052,C,data\collab_cache\Vid-20260421-Wa0021_A003_B016_f0052_A.npy,data\collab_cache\Vid-20260421-Wa0021_A003_B016_f0052_B.npy,Vid-20260421-Wa0021,848,480,3,16
Vid-20260421-Wa0021_A004_B005_f0000,N,data\collab_cache\Vid-20260421-Wa0021_A004_B005_f0000_A.npy,data\collab_cache\Vid-20260421-Wa0021_A004_B005_f0000_B.npy,Vid-20260421-Wa0021,848,480,4,5
Vid-20260421-Wa0021_A004_B007_f0000,N,data\collab_cache\Vid-20260421-Wa0021_A004_B007_f0000_A.npy,data\collab_cache\Vid-20260421-Wa0021_A004_B007_f0000_B.npy,Vid-20260421-Wa0021,848,480,4,7
Vid-20260421-Wa0021_A004_B009_f0000,N,data\collab_cache\Vid-20260421-Wa0021_A004_B009_f0000_A.npy,data\collab_cache\Vid-20260421-Wa0021_A004_B009_f0000_B.npy,Vid-20260421-Wa0021,848,480,4,9
Vid-20260421-Wa0021_A004_B005_f0004,C,data\collab_cache\Vid-20260421-Wa0021_A004_B005_f0004_A.npy,data\collab_cache\Vid-20260421-Wa0021_A004_B005_f0004_B.npy,Vid-20260421-Wa0021,848,480,4,5
Vid-20260421-Wa0021_A004_B007_f0004,C,data\collab_cache\Vid-20260421-Wa0021_A004_B007_f0004_A.npy,data\collab_cache\Vid-20260421-Wa0021_A004_B007_f0004_B.npy,Vid-20260421-Wa0021,848,480,4,7
Vid-20260421-Wa0021_A004_B009_f0004,C,data\collab_cache\Vid-20260421-Wa0021_A004_B009_f0004_A.npy,data\collab_cache\Vid-20260421-Wa0021_A004_B009_f0004_B.npy,Vid-20260421-Wa0021,848,480,4,9
Vid-20260421-Wa0021_A004_B005_f0008,C,data\collab_cache\Vid-20260421-Wa0021_A004_B005_f0008_A.npy,data\collab_cache\Vid-20260421-Wa0021_A004_B005_f0008_B.npy,Vid-20260421-Wa0021,848,480,4,5
Vid-20260421-Wa0021_A004_B007_f0008,C,data\collab_cache\Vid-20260421-Wa0021_A004_B007_f0008_A.npy,data\collab_cache\Vid-20260421-Wa0021_A004_B007_f0008_B.npy,Vid-20260421-Wa0021,848,480,4,7
Vid-20260421-Wa0021_A004_B009_f0008,C,data\collab_cache\Vid-20260421-Wa0021_A004_B009_f0008_A.npy,data\collab_cache\Vid-20260421-Wa0021_A004_B009_f0008_B.npy,Vid-20260421-Wa0021,848,480,4,9
Vid-20260421-Wa0021_A004_B005_f0012,C,data\collab_cache\Vid-20260421-Wa0021_A004_B005_f0012_A.npy,data\collab_cache\Vid-20260421-Wa0021_A004_B005_f0012_B.npy,Vid-20260421-Wa0021,848,480,4,5
Vid-20260421-Wa0021_A004_B009_f0012,C,data\collab_cache\Vid-20260421-Wa0021_A004_B009_f0012_A.npy,data\collab_cache\Vid-20260421-Wa0021_A004_B009_f0012_B.npy,Vid-20260421-Wa0021,848,480,4,9
Vid-20260421-Wa0021_A004_B005_f0016,C,data\collab_cache\Vid-20260421-Wa0021_A004_B005_f0016_A.npy,data\collab_cache\Vid-20260421-Wa0021_A004_B005_f0016_B.npy,Vid-20260421-Wa0021,848,480,4,5
Vid-20260421-Wa0021_A004_B009_f0016,C,data\collab_cache\Vid-20260421-Wa0021_A004_B009_f0016_A.npy,data\collab_cache\Vid-20260421-Wa0021_A004_B009_f0016_B.npy,Vid-20260421-Wa0021,848,480,4,9
Vid-20260421-Wa0021_A004_B005_f0020,C,data\collab_cache\Vid-20260421-Wa0021_A004_B005_f0020_A.npy,data\collab_cache\Vid-20260421-Wa0021_A004_B005_f0020_B.npy,Vid-20260421-Wa0021,848,480,4,5
Vid-20260421-Wa0021_A004_B009_f0020,C,data\collab_cache\Vid-20260421-Wa0021_A004_B009_f0020_A.npy,data\collab_cache\Vid-20260421-Wa0021_A004_B009_f0020_B.npy,Vid-20260421-Wa0021,848,480,4,9
Vid-20260421-Wa0021_A004_B005_f0024,C,data\collab_cache\Vid-20260421-Wa0021_A004_B005_f0024_A.npy,data\collab_cache\Vid-20260421-Wa0021_A004_B005_f0024_B.npy,Vid-20260421-Wa0021,848,480,4,5
Vid-20260421-Wa0021_A004_B009_f0024,C,data\collab_cache\Vid-20260421-Wa0021_A004_B009_f0024_A.npy,data\collab_cache\Vid-20260421-Wa0021_A004_B009_f0024_B.npy,Vid-20260421-Wa0021,848,480,4,9
Vid-20260421-Wa0021_A004_B005_f0028,N,data\collab_cache\Vid-20260421-Wa0021_A004_B005_f0028_A.npy,data\collab_cache\Vid-20260421-Wa0021_A004_B005_f0028_B.npy,Vid-20260421-Wa0021,848,480,4,5
Vid-20260421-Wa0021_A004_B009_f0028,N,data\collab_cache\Vid-20260421-Wa0021_A004_B009_f0028_A.npy,data\collab_cache\Vid-20260421-Wa0021_A004_B009_f0028_B.npy,Vid-20260421-Wa0021,848,480,4,9
Vid-20260421-Wa0021_A004_B005_f0032,N,data\collab_cache\Vid-20260421-Wa0021_A004_B005_f0032_A.npy,data\collab_cache\Vid-20260421-Wa0021_A004_B005_f0032_B.npy,Vid-20260421-Wa0021,848,480,4,5
Vid-20260421-Wa0021_A004_B009_f0032,N,data\collab_cache\Vid-20260421-Wa0021_A004_B009_f0032_A.npy,data\collab_cache\Vid-20260421-Wa0021_A004_B009_f0032_B.npy,Vid-20260421-Wa0021,848,480,4,9
Vid-20260421-Wa0021_A004_B005_f0036,C,data\collab_cache\Vid-20260421-Wa0021_A004_B005_f0036_A.npy,data\collab_cache\Vid-20260421-Wa0021_A004_B005_f0036_B.npy,Vid-20260421-Wa0021,848,480,4,5
Vid-20260421-Wa0021_A004_B009_f0036,C,data\collab_cache\Vid-20260421-Wa0021_A004_B009_f0036_A.npy,data\collab_cache\Vid-20260421-Wa0021_A004_B009_f0036_B.npy,Vid-20260421-Wa0021,848,480,4,9
Vid-20260421-Wa0021_A004_B013_f0036,C,data\collab_cache\Vid-20260421-Wa0021_A004_B013_f0036_A.npy,data\collab_cache\Vid-20260421-Wa0021_A004_B013_f0036_B.npy,Vid-20260421-Wa0021,848,480,4,13
Vid-20260421-Wa0021_A004_B005_f0040,C,data\collab_cache\Vid-20260421-Wa0021_A004_B005_f0040_A.npy,data\collab_cache\Vid-20260421-Wa0021_A004_B005_f0040_B.npy,Vid-20260421-Wa0021,848,480,4,5
Vid-20260421-Wa0021_A004_B013_f0040,C,data\collab_cache\Vid-20260421-Wa0021_A004_B013_f0040_A.npy,data\collab_cache\Vid-20260421-Wa0021_A004_B013_f0040_B.npy,Vid-20260421-Wa0021,848,480,4,13
Vid-20260421-Wa0021_A004_B014_f0040,C,data\collab_cache\Vid-20260421-Wa0021_A004_B014_f0040_A.npy,data\collab_cache\Vid-20260421-Wa0021_A004_B014_f0040_B.npy,Vid-20260421-Wa0021,848,480,4,14
Vid-20260421-Wa0021_A004_B005_f0044,C,data\collab_cache\Vid-20260421-Wa0021_A004_B005_f0044_A.npy,data\collab_cache\Vid-20260421-Wa0021_A004_B005_f0044_B.npy,Vid-20260421-Wa0021,848,480,4,5
Vid-20260421-Wa0021_A004_B013_f0044,C,data\collab_cache\Vid-20260421-Wa0021_A004_B013_f0044_A.npy,data\collab_cache\Vid-20260421-Wa0021_A004_B013_f0044_B.npy,Vid-20260421-Wa0021,848,480,4,13
Vid-20260421-Wa0021_A004_B014_f0044,C,data\collab_cache\Vid-20260421-Wa0021_A004_B014_f0044_A.npy,data\collab_cache\Vid-20260421-Wa0021_A004_B014_f0044_B.npy,Vid-20260421-Wa0021,848,480,4,14
Vid-20260421-Wa0021_A004_B005_f0048,C,data\collab_cache\Vid-20260421-Wa0021_A004_B005_f0048_A.npy,data\collab_cache\Vid-20260421-Wa0021_A004_B005_f0048_B.npy,Vid-20260421-Wa0021,848,480,4,5
Vid-20260421-Wa0021_A004_B013_f0048,C,data\collab_cache\Vid-20260421-Wa0021_A004_B013_f0048_A.npy,data\collab_cache\Vid-20260421-Wa0021_A004_B013_f0048_B.npy,Vid-20260421-Wa0021,848,480,4,13
Vid-20260421-Wa0021_A004_B014_f0048,C,data\collab_cache\Vid-20260421-Wa0021_A004_B014_f0048_A.npy,data\collab_cache\Vid-20260421-Wa0021_A004_B014_f0048_B.npy,Vid-20260421-Wa0021,848,480,4,14
Vid-20260421-Wa0021_A004_B005_f0052,C,data\collab_cache\Vid-20260421-Wa0021_A004_B005_f0052_A.npy,data\collab_cache\Vid-20260421-Wa0021_A004_B005_f0052_B.npy,Vid-20260421-Wa0021,848,480,4,5
Vid-20260421-Wa0021_A004_B013_f0052,C,data\collab_cache\Vid-20260421-Wa0021_A004_B013_f0052_A.npy,data\collab_cache\Vid-20260421-Wa0021_A004_B013_f0052_B.npy,Vid-20260421-Wa0021,848,480,4,13
Vid-20260421-Wa0021_A004_B014_f0052,C,data\collab_cache\Vid-20260421-Wa0021_A004_B014_f0052_A.npy,data\collab_cache\Vid-20260421-Wa0021_A004_B014_f0052_B.npy,Vid-20260421-Wa0021,848,480,4,14
Vid-20260421-Wa0021_A005_B006_f0000,C,data\collab_cache\Vid-20260421-Wa0021_A005_B006_f0000_A.npy,data\collab_cache\Vid-20260421-Wa0021_A005_B006_f0000_B.npy,Vid-20260421-Wa0021,848,480,5,6
Vid-20260421-Wa0021_A005_B007_f0000,C,data\collab_cache\Vid-20260421-Wa0021_A005_B007_f0000_A.npy,data\collab_cache\Vid-20260421-Wa0021_A005_B007_f0000_B.npy,Vid-20260421-Wa0021,848,480,5,7
Vid-20260421-Wa0021_A005_B006_f0004,N,data\collab_cache\Vid-20260421-Wa0021_A005_B006_f0004_A.npy,data\collab_cache\Vid-20260421-Wa0021_A005_B006_f0004_B.npy,Vid-20260421-Wa0021,848,480,5,6
Vid-20260421-Wa0021_A005_B007_f0004,C,data\collab_cache\Vid-20260421-Wa0021_A005_B007_f0004_A.npy,data\collab_cache\Vid-20260421-Wa0021_A005_B007_f0004_B.npy,Vid-20260421-Wa0021,848,480,5,7
Vid-20260421-Wa0021_A005_B010_f0004,C,data\collab_cache\Vid-20260421-Wa0021_A005_B010_f0004_A.npy,data\collab_cache\Vid-20260421-Wa0021_A005_B010_f0004_B.npy,Vid-20260421-Wa0021,848,480,5,10
Vid-20260421-Wa0021_A005_B006_f0008,C,data\collab_cache\Vid-20260421-Wa0021_A005_B006_f0008_A.npy,data\collab_cache\Vid-20260421-Wa0021_A005_B006_f0008_B.npy,Vid-20260421-Wa0021,848,480,5,6
Vid-20260421-Wa0021_A005_B007_f0008,C,data\collab_cache\Vid-20260421-Wa0021_A005_B007_f0008_A.npy,data\collab_cache\Vid-20260421-Wa0021_A005_B007_f0008_B.npy,Vid-20260421-Wa0021,848,480,5,7
Vid-20260421-Wa0021_A005_B010_f0008,C,data\collab_cache\Vid-20260421-Wa0021_A005_B010_f0008_A.npy,data\collab_cache\Vid-20260421-Wa0021_A005_B010_f0008_B.npy,Vid-20260421-Wa0021,848,480,5,10
Vid-20260421-Wa0021_A005_B006_f0012,C,data\collab_cache\Vid-20260421-Wa0021_A005_B006_f0012_A.npy,data\collab_cache\Vid-20260421-Wa0021_A005_B006_f0012_B.npy,Vid-20260421-Wa0021,848,480,5,6
Vid-20260421-Wa0021_A005_B010_f0012,C,data\collab_cache\Vid-20260421-Wa0021_A005_B010_f0012_A.npy,data\collab_cache\Vid-20260421-Wa0021_A005_B010_f0012_B.npy,Vid-20260421-Wa0021,848,480,5,10
Vid-20260421-Wa0021_A005_B006_f0016,C,data\collab_cache\Vid-20260421-Wa0021_A005_B006_f0016_A.npy,data\collab_cache\Vid-20260421-Wa0021_A005_B006_f0016_B.npy,Vid-20260421-Wa0021,848,480,5,6
Vid-20260421-Wa0021_A005_B010_f0016,C,data\collab_cache\Vid-20260421-Wa0021_A005_B010_f0016_A.npy,data\collab_cache\Vid-20260421-Wa0021_A005_B010_f0016_B.npy,Vid-20260421-Wa0021,848,480,5,10
Vid-20260421-Wa0021_A005_B006_f0020,C,data\collab_cache\Vid-20260421-Wa0021_A005_B006_f0020_A.npy,data\collab_cache\Vid-20260421-Wa0021_A005_B006_f0020_B.npy,Vid-20260421-Wa0021,848,480,5,6
Vid-20260421-Wa0021_A005_B012_f0020,C,data\collab_cache\Vid-20260421-Wa0021_A005_B012_f0020_A.npy,data\collab_cache\Vid-20260421-Wa0021_A005_B012_f0020_B.npy,Vid-20260421-Wa0021,848,480,5,12
Vid-20260421-Wa0021_A005_B006_f0024,C,data\collab_cache\Vid-20260421-Wa0021_A005_B006_f0024_A.npy,data\collab_cache\Vid-20260421-Wa0021_A005_B006_f0024_B.npy,Vid-20260421-Wa0021,848,480,5,6
Vid-20260421-Wa0021_A005_B012_f0024,C,data\collab_cache\Vid-20260421-Wa0021_A005_B012_f0024_A.npy,data\collab_cache\Vid-20260421-Wa0021_A005_B012_f0024_B.npy,Vid-20260421-Wa0021,848,480,5,12
Vid-20260421-Wa0021_A005_B006_f0028,C,data\collab_cache\Vid-20260421-Wa0021_A005_B006_f0028_A.npy,data\collab_cache\Vid-20260421-Wa0021_A005_B006_f0028_B.npy,Vid-20260421-Wa0021,848,480,5,6
Vid-20260421-Wa0021_A005_B012_f0028,N,data\collab_cache\Vid-20260421-Wa0021_A005_B012_f0028_A.npy,data\collab_cache\Vid-20260421-Wa0021_A005_B012_f0028_B.npy,Vid-20260421-Wa0021,848,480,5,12
Vid-20260421-Wa0021_A005_B012_f0032,N,data\collab_cache\Vid-20260421-Wa0021_A005_B012_f0032_A.npy,data\collab_cache\Vid-20260421-Wa0021_A005_B012_f0032_B.npy,Vid-20260421-Wa0021,848,480,5,12
Vid-20260421-Wa0021_A005_B014_f0040,C,data\collab_cache\Vid-20260421-Wa0021_A005_B014_f0040_A.npy,data\collab_cache\Vid-20260421-Wa0021_A005_B014_f0040_B.npy,Vid-20260421-Wa0021,848,480,5,14
Vid-20260421-Wa0021_A005_B014_f0044,C,data\collab_cache\Vid-20260421-Wa0021_A005_B014_f0044_A.npy,data\collab_cache\Vid-20260421-Wa0021_A005_B014_f0044_B.npy,Vid-20260421-Wa0021,848,480,5,14
Vid-20260421-Wa0021_A005_B015_f0044,C,data\collab_cache\Vid-20260421-Wa0021_A005_B015_f0044_A.npy,data\collab_cache\Vid-20260421-Wa0021_A005_B015_f0044_B.npy,Vid-20260421-Wa0021,848,480,5,15
Vid-20260421-Wa0021_A005_B016_f0044,C,data\collab_cache\Vid-20260421-Wa0021_A005_B016_f0044_A.npy,data\collab_cache\Vid-20260421-Wa0021_A005_B016_f0044_B.npy,Vid-20260421-Wa0021,848,480,5,16
Vid-20260421-Wa0021_A005_B014_f0048,C,data\collab_cache\Vid-20260421-Wa0021_A005_B014_f0048_A.npy,data\collab_cache\Vid-20260421-Wa0021_A005_B014_f0048_B.npy,Vid-20260421-Wa0021,848,480,5,14
Vid-20260421-Wa0021_A005_B015_f0048,C,data\collab_cache\Vid-20260421-Wa0021_A005_B015_f0048_A.npy,data\collab_cache\Vid-20260421-Wa0021_A005_B015_f0048_B.npy,Vid-20260421-Wa0021,848,480,5,15
Vid-20260421-Wa0021_A005_B016_f0048,C,data\collab_cache\Vid-20260421-Wa0021_A005_B016_f0048_A.npy,data\collab_cache\Vid-20260421-Wa0021_A005_B016_f0048_B.npy,Vid-20260421-Wa0021,848,480,5,16
Vid-20260421-Wa0021_A005_B014_f0052,C,data\collab_cache\Vid-20260421-Wa0021_A005_B014_f0052_A.npy,data\collab_cache\Vid-20260421-Wa0021_A005_B014_f0052_B.npy,Vid-20260421-Wa0021,848,480,5,14
Vid-20260421-Wa0021_A005_B015_f0052,C,data\collab_cache\Vid-20260421-Wa0021_A005_B015_f0052_A.npy,data\collab_cache\Vid-20260421-Wa0021_A005_B015_f0052_B.npy,Vid-20260421-Wa0021,848,480,5,15
Vid-20260421-Wa0021_A005_B016_f0052,C,data\collab_cache\Vid-20260421-Wa0021_A005_B016_f0052_A.npy,data\collab_cache\Vid-20260421-Wa0021_A005_B016_f0052_B.npy,Vid-20260421-Wa0021,848,480,5,16
Vid-20260421-Wa0021_A006_B007_f0000,N,data\collab_cache\Vid-20260421-Wa0021_A006_B007_f0000_A.npy,data\collab_cache\Vid-20260421-Wa0021_A006_B007_f0000_B.npy,Vid-20260421-Wa0021,848,480,6,7
Vid-20260421-Wa0021_A006_B009_f0000,N,data\collab_cache\Vid-20260421-Wa0021_A006_B009_f0000_A.npy,data\collab_cache\Vid-20260421-Wa0021_A006_B009_f0000_B.npy,Vid-20260421-Wa0021,848,480,6,9
Vid-20260421-Wa0021_A006_B007_f0004,C,data\collab_cache\Vid-20260421-Wa0021_A006_B007_f0004_A.npy,data\collab_cache\Vid-20260421-Wa0021_A006_B007_f0004_B.npy,Vid-20260421-Wa0021,848,480,6,7
Vid-20260421-Wa0021_A006_B009_f0004,C,data\collab_cache\Vid-20260421-Wa0021_A006_B009_f0004_A.npy,data\collab_cache\Vid-20260421-Wa0021_A006_B009_f0004_B.npy,Vid-20260421-Wa0021,848,480,6,9
Vid-20260421-Wa0021_A006_B007_f0008,C,data\collab_cache\Vid-20260421-Wa0021_A006_B007_f0008_A.npy,data\collab_cache\Vid-20260421-Wa0021_A006_B007_f0008_B.npy,Vid-20260421-Wa0021,848,480,6,7
Vid-20260421-Wa0021_A006_B009_f0008,C,data\collab_cache\Vid-20260421-Wa0021_A006_B009_f0008_A.npy,data\collab_cache\Vid-20260421-Wa0021_A006_B009_f0008_B.npy,Vid-20260421-Wa0021,848,480,6,9
Vid-20260421-Wa0021_A006_B009_f0012,C,data\collab_cache\Vid-20260421-Wa0021_A006_B009_f0012_A.npy,data\collab_cache\Vid-20260421-Wa0021_A006_B009_f0012_B.npy,Vid-20260421-Wa0021,848,480,6,9
Vid-20260421-Wa0021_A006_B009_f0016,C,data\collab_cache\Vid-20260421-Wa0021_A006_B009_f0016_A.npy,data\collab_cache\Vid-20260421-Wa0021_A006_B009_f0016_B.npy,Vid-20260421-Wa0021,848,480,6,9
Vid-20260421-Wa0021_A006_B009_f0020,C,data\collab_cache\Vid-20260421-Wa0021_A006_B009_f0020_A.npy,data\collab_cache\Vid-20260421-Wa0021_A006_B009_f0020_B.npy,Vid-20260421-Wa0021,848,480,6,9
Vid-20260421-Wa0021_A006_B009_f0024,C,data\collab_cache\Vid-20260421-Wa0021_A006_B009_f0024_A.npy,data\collab_cache\Vid-20260421-Wa0021_A006_B009_f0024_B.npy,Vid-20260421-Wa0021,848,480,6,9
Vid-20260421-Wa0021_A007_B009_f0000,C,data\collab_cache\Vid-20260421-Wa0021_A007_B009_f0000_A.npy,data\collab_cache\Vid-20260421-Wa0021_A007_B009_f0000_B.npy,Vid-20260421-Wa0021,848,480,7,9
Vid-20260421-Wa0021_A007_B009_f0004,C,data\collab_cache\Vid-20260421-Wa0021_A007_B009_f0004_A.npy,data\collab_cache\Vid-20260421-Wa0021_A007_B009_f0004_B.npy,Vid-20260421-Wa0021,848,480,7,9
Vid-20260421-Wa0021_A007_B010_f0004,C,data\collab_cache\Vid-20260421-Wa0021_A007_B010_f0004_A.npy,data\collab_cache\Vid-20260421-Wa0021_A007_B010_f0004_B.npy,Vid-20260421-Wa0021,848,480,7,10
Vid-20260421-Wa0021_A009_B003_f0001,C,data\collab_cache\Vid-20260421-Wa0021_A009_B003_f0001_A.npy,data\collab_cache\Vid-20260421-Wa0021_A009_B003_f0001_B.npy,Vid-20260421-Wa0021,848,480,9,3
Vid-20260421-Wa0021_A009_B004_f0001,N,data\collab_cache\Vid-20260421-Wa0021_A009_B004_f0001_A.npy,data\collab_cache\Vid-20260421-Wa0021_A009_B004_f0001_B.npy,Vid-20260421-Wa0021,848,480,9,4
Vid-20260421-Wa0021_A009_B006_f0001,N,data\collab_cache\Vid-20260421-Wa0021_A009_B006_f0001_A.npy,data\collab_cache\Vid-20260421-Wa0021_A009_B006_f0001_B.npy,Vid-20260421-Wa0021,848,480,9,6
Vid-20260421-Wa0021_A009_B007_f0001,C,data\collab_cache\Vid-20260421-Wa0021_A009_B007_f0001_A.npy,data\collab_cache\Vid-20260421-Wa0021_A009_B007_f0001_B.npy,Vid-20260421-Wa0021,848,480,9,7
Vid-20260421-Wa0021_A009_B010_f0001,C,data\collab_cache\Vid-20260421-Wa0021_A009_B010_f0001_A.npy,data\collab_cache\Vid-20260421-Wa0021_A009_B010_f0001_B.npy,Vid-20260421-Wa0021,848,480,9,10
Vid-20260421-Wa0021_A009_B003_f0005,C,data\collab_cache\Vid-20260421-Wa0021_A009_B003_f0005_A.npy,data\collab_cache\Vid-20260421-Wa0021_A009_B003_f0005_B.npy,Vid-20260421-Wa0021,848,480,9,3
Vid-20260421-Wa0021_A009_B004_f0005,N,data\collab_cache\Vid-20260421-Wa0021_A009_B004_f0005_A.npy,data\collab_cache\Vid-20260421-Wa0021_A009_B004_f0005_B.npy,Vid-20260421-Wa0021,848,480,9,4
Vid-20260421-Wa0021_A009_B006_f0005,N,data\collab_cache\Vid-20260421-Wa0021_A009_B006_f0005_A.npy,data\collab_cache\Vid-20260421-Wa0021_A009_B006_f0005_B.npy,Vid-20260421-Wa0021,848,480,9,6
Vid-20260421-Wa0021_A009_B007_f0005,C,data\collab_cache\Vid-20260421-Wa0021_A009_B007_f0005_A.npy,data\collab_cache\Vid-20260421-Wa0021_A009_B007_f0005_B.npy,Vid-20260421-Wa0021,848,480,9,7
Vid-20260421-Wa0021_A009_B010_f0005,C,data\collab_cache\Vid-20260421-Wa0021_A009_B010_f0005_A.npy,data\collab_cache\Vid-20260421-Wa0021_A009_B010_f0005_B.npy,Vid-20260421-Wa0021,848,480,9,10
Vid-20260421-Wa0021_A009_B003_f0009,C,data\collab_cache\Vid-20260421-Wa0021_A009_B003_f0009_A.npy,data\collab_cache\Vid-20260421-Wa0021_A009_B003_f0009_B.npy,Vid-20260421-Wa0021,848,480,9,3
Vid-20260421-Wa0021_A009_B004_f0009,C,data\collab_cache\Vid-20260421-Wa0021_A009_B004_f0009_A.npy,data\collab_cache\Vid-20260421-Wa0021_A009_B004_f0009_B.npy,Vid-20260421-Wa0021,848,480,9,4
Vid-20260421-Wa0021_A009_B006_f0009,C,data\collab_cache\Vid-20260421-Wa0021_A009_B006_f0009_A.npy,data\collab_cache\Vid-20260421-Wa0021_A009_B006_f0009_B.npy,Vid-20260421-Wa0021,848,480,9,6
Vid-20260421-Wa0021_A009_B007_f0009,C,data\collab_cache\Vid-20260421-Wa0021_A009_B007_f0009_A.npy,data\collab_cache\Vid-20260421-Wa0021_A009_B007_f0009_B.npy,Vid-20260421-Wa0021,848,480,9,7
Vid-20260421-Wa0021_A009_B010_f0009,C,data\collab_cache\Vid-20260421-Wa0021_A009_B010_f0009_A.npy,data\collab_cache\Vid-20260421-Wa0021_A009_B010_f0009_B.npy,Vid-20260421-Wa0021,848,480,9,10
Vid-20260421-Wa0021_A009_B003_f0013,C,data\collab_cache\Vid-20260421-Wa0021_A009_B003_f0013_A.npy,data\collab_cache\Vid-20260421-Wa0021_A009_B003_f0013_B.npy,Vid-20260421-Wa0021,848,480,9,3
Vid-20260421-Wa0021_A009_B004_f0013,C,data\collab_cache\Vid-20260421-Wa0021_A009_B004_f0013_A.npy,data\collab_cache\Vid-20260421-Wa0021_A009_B004_f0013_B.npy,Vid-20260421-Wa0021,848,480,9,4
Vid-20260421-Wa0021_A009_B006_f0013,C,data\collab_cache\Vid-20260421-Wa0021_A009_B006_f0013_A.npy,data\collab_cache\Vid-20260421-Wa0021_A009_B006_f0013_B.npy,Vid-20260421-Wa0021,848,480,9,6
Vid-20260421-Wa0021_A009_B010_f0013,C,data\collab_cache\Vid-20260421-Wa0021_A009_B010_f0013_A.npy,data\collab_cache\Vid-20260421-Wa0021_A009_B010_f0013_B.npy,Vid-20260421-Wa0021,848,480,9,10
Vid-20260421-Wa0021_A009_B003_f0017,C,data\collab_cache\Vid-20260421-Wa0021_A009_B003_f0017_A.npy,data\collab_cache\Vid-20260421-Wa0021_A009_B003_f0017_B.npy,Vid-20260421-Wa0021,848,480,9,3
Vid-20260421-Wa0021_A009_B004_f0017,C,data\collab_cache\Vid-20260421-Wa0021_A009_B004_f0017_A.npy,data\collab_cache\Vid-20260421-Wa0021_A009_B004_f0017_B.npy,Vid-20260421-Wa0021,848,480,9,4
Vid-20260421-Wa0021_A009_B006_f0017,C,data\collab_cache\Vid-20260421-Wa0021_A009_B006_f0017_A.npy,data\collab_cache\Vid-20260421-Wa0021_A009_B006_f0017_B.npy,Vid-20260421-Wa0021,848,480,9,6
Vid-20260421-Wa0021_A009_B010_f0017,C,data\collab_cache\Vid-20260421-Wa0021_A009_B010_f0017_A.npy,data\collab_cache\Vid-20260421-Wa0021_A009_B010_f0017_B.npy,Vid-20260421-Wa0021,848,480,9,10
Vid-20260421-Wa0021_A009_B003_f0021,C,data\collab_cache\Vid-20260421-Wa0021_A009_B003_f0021_A.npy,data\collab_cache\Vid-20260421-Wa0021_A009_B003_f0021_B.npy,Vid-20260421-Wa0021,848,480,9,3
Vid-20260421-Wa0021_A009_B004_f0021,C,data\collab_cache\Vid-20260421-Wa0021_A009_B004_f0021_A.npy,data\collab_cache\Vid-20260421-Wa0021_A009_B004_f0021_B.npy,Vid-20260421-Wa0021,848,480,9,4
Vid-20260421-Wa0021_A009_B006_f0021,C,data\collab_cache\Vid-20260421-Wa0021_A009_B006_f0021_A.npy,data\collab_cache\Vid-20260421-Wa0021_A009_B006_f0021_B.npy,Vid-20260421-Wa0021,848,480,9,6
Vid-20260421-Wa0021_A009_B012_f0021,N,data\collab_cache\Vid-20260421-Wa0021_A009_B012_f0021_A.npy,data\collab_cache\Vid-20260421-Wa0021_A009_B012_f0021_B.npy,Vid-20260421-Wa0021,848,480,9,12
Vid-20260421-Wa0021_A009_B001_f0025,C,data\collab_cache\Vid-20260421-Wa0021_A009_B001_f0025_A.npy,data\collab_cache\Vid-20260421-Wa0021_A009_B001_f0025_B.npy,Vid-20260421-Wa0021,848,480,9,1
Vid-20260421-Wa0021_A009_B003_f0025,C,data\collab_cache\Vid-20260421-Wa0021_A009_B003_f0025_A.npy,data\collab_cache\Vid-20260421-Wa0021_A009_B003_f0025_B.npy,Vid-20260421-Wa0021,848,480,9,3
Vid-20260421-Wa0021_A009_B004_f0025,C,data\collab_cache\Vid-20260421-Wa0021_A009_B004_f0025_A.npy,data\collab_cache\Vid-20260421-Wa0021_A009_B004_f0025_B.npy,Vid-20260421-Wa0021,848,480,9,4
Vid-20260421-Wa0021_A009_B006_f0025,C,data\collab_cache\Vid-20260421-Wa0021_A009_B006_f0025_A.npy,data\collab_cache\Vid-20260421-Wa0021_A009_B006_f0025_B.npy,Vid-20260421-Wa0021,848,480,9,6
Vid-20260421-Wa0021_A009_B012_f0025,N,data\collab_cache\Vid-20260421-Wa0021_A009_B012_f0025_A.npy,data\collab_cache\Vid-20260421-Wa0021_A009_B012_f0025_B.npy,Vid-20260421-Wa0021,848,480,9,12
Vid-20260421-Wa0021_A009_B001_f0029,C,data\collab_cache\Vid-20260421-Wa0021_A009_B001_f0029_A.npy,data\collab_cache\Vid-20260421-Wa0021_A009_B001_f0029_B.npy,Vid-20260421-Wa0021,848,480,9,1
Vid-20260421-Wa0021_A009_B003_f0029,C,data\collab_cache\Vid-20260421-Wa0021_A009_B003_f0029_A.npy,data\collab_cache\Vid-20260421-Wa0021_A009_B003_f0029_B.npy,Vid-20260421-Wa0021,848,480,9,3
Vid-20260421-Wa0021_A009_B004_f0029,C,data\collab_cache\Vid-20260421-Wa0021_A009_B004_f0029_A.npy,data\collab_cache\Vid-20260421-Wa0021_A009_B004_f0029_B.npy,Vid-20260421-Wa0021,848,480,9,4
Vid-20260421-Wa0021_A009_B006_f0029,C,data\collab_cache\Vid-20260421-Wa0021_A009_B006_f0029_A.npy,data\collab_cache\Vid-20260421-Wa0021_A009_B006_f0029_B.npy,Vid-20260421-Wa0021,848,480,9,6
Vid-20260421-Wa0021_A009_B012_f0029,N,data\collab_cache\Vid-20260421-Wa0021_A009_B012_f0029_A.npy,data\collab_cache\Vid-20260421-Wa0021_A009_B012_f0029_B.npy,Vid-20260421-Wa0021,848,480,9,12
Vid-20260421-Wa0021_A010_B007_f0008,C,data\collab_cache\Vid-20260421-Wa0021_A010_B007_f0008_A.npy,data\collab_cache\Vid-20260421-Wa0021_A010_B007_f0008_B.npy,Vid-20260421-Wa0021,848,480,10,7
Vid-20260421-Wa0021_A010_B009_f0008,C,data\collab_cache\Vid-20260421-Wa0021_A010_B009_f0008_A.npy,data\collab_cache\Vid-20260421-Wa0021_A010_B009_f0008_B.npy,Vid-20260421-Wa0021,848,480,10,9
Vid-20260421-Wa0021_A010_B009_f0012,C,data\collab_cache\Vid-20260421-Wa0021_A010_B009_f0012_A.npy,data\collab_cache\Vid-20260421-Wa0021_A010_B009_f0012_B.npy,Vid-20260421-Wa0021,848,480,10,9
Vid-20260421-Wa0021_A012_B001_f0026,N,data\collab_cache\Vid-20260421-Wa0021_A012_B001_f0026_A.npy,data\collab_cache\Vid-20260421-Wa0021_A012_B001_f0026_B.npy,Vid-20260421-Wa0021,848,480,12,1
Vid-20260421-Wa0021_A012_B003_f0026,C,data\collab_cache\Vid-20260421-Wa0021_A012_B003_f0026_A.npy,data\collab_cache\Vid-20260421-Wa0021_A012_B003_f0026_B.npy,Vid-20260421-Wa0021,848,480,12,3
Vid-20260421-Wa0021_A012_B005_f0026,N,data\collab_cache\Vid-20260421-Wa0021_A012_B005_f0026_A.npy,data\collab_cache\Vid-20260421-Wa0021_A012_B005_f0026_B.npy,Vid-20260421-Wa0021,848,480,12,5
Vid-20260421-Wa0021_A012_B009_f0026,N,data\collab_cache\Vid-20260421-Wa0021_A012_B009_f0026_A.npy,data\collab_cache\Vid-20260421-Wa0021_A012_B009_f0026_B.npy,Vid-20260421-Wa0021,848,480,12,9
Vid-20260421-Wa0021_A013_B001_f0041,C,data\collab_cache\Vid-20260421-Wa0021_A013_B001_f0041_A.npy,data\collab_cache\Vid-20260421-Wa0021_A013_B001_f0041_B.npy,Vid-20260421-Wa0021,848,480,13,1
Vid-20260421-Wa0021_A013_B003_f0041,C,data\collab_cache\Vid-20260421-Wa0021_A013_B003_f0041_A.npy,data\collab_cache\Vid-20260421-Wa0021_A013_B003_f0041_B.npy,Vid-20260421-Wa0021,848,480,13,3
Vid-20260421-Wa0021_A013_B004_f0041,C,data\collab_cache\Vid-20260421-Wa0021_A013_B004_f0041_A.npy,data\collab_cache\Vid-20260421-Wa0021_A013_B004_f0041_B.npy,Vid-20260421-Wa0021,848,480,13,4
Vid-20260421-Wa0021_A013_B014_f0041,C,data\collab_cache\Vid-20260421-Wa0021_A013_B014_f0041_A.npy,data\collab_cache\Vid-20260421-Wa0021_A013_B014_f0041_B.npy,Vid-20260421-Wa0021,848,480,13,14
Vid-20260421-Wa0021_A013_B015_f0041,C,data\collab_cache\Vid-20260421-Wa0021_A013_B015_f0041_A.npy,data\collab_cache\Vid-20260421-Wa0021_A013_B015_f0041_B.npy,Vid-20260421-Wa0021,848,480,13,15
Vid-20260421-Wa0021_A013_B001_f0045,C,data\collab_cache\Vid-20260421-Wa0021_A013_B001_f0045_A.npy,data\collab_cache\Vid-20260421-Wa0021_A013_B001_f0045_B.npy,Vid-20260421-Wa0021,848,480,13,1
Vid-20260421-Wa0021_A013_B003_f0045,C,data\collab_cache\Vid-20260421-Wa0021_A013_B003_f0045_A.npy,data\collab_cache\Vid-20260421-Wa0021_A013_B003_f0045_B.npy,Vid-20260421-Wa0021,848,480,13,3
Vid-20260421-Wa0021_A013_B004_f0045,C,data\collab_cache\Vid-20260421-Wa0021_A013_B004_f0045_A.npy,data\collab_cache\Vid-20260421-Wa0021_A013_B004_f0045_B.npy,Vid-20260421-Wa0021,848,480,13,4
Vid-20260421-Wa0021_A013_B014_f0045,C,data\collab_cache\Vid-20260421-Wa0021_A013_B014_f0045_A.npy,data\collab_cache\Vid-20260421-Wa0021_A013_B014_f0045_B.npy,Vid-20260421-Wa0021,848,480,13,14
Vid-20260421-Wa0021_A013_B015_f0045,C,data\collab_cache\Vid-20260421-Wa0021_A013_B015_f0045_A.npy,data\collab_cache\Vid-20260421-Wa0021_A013_B015_f0045_B.npy,Vid-20260421-Wa0021,848,480,13,15
Vid-20260421-Wa0021_A013_B016_f0045,C,data\collab_cache\Vid-20260421-Wa0021_A013_B016_f0045_A.npy,data\collab_cache\Vid-20260421-Wa0021_A013_B016_f0045_B.npy,Vid-20260421-Wa0021,848,480,13,16
Vid-20260421-Wa0021_A013_B001_f0049,C,data\collab_cache\Vid-20260421-Wa0021_A013_B001_f0049_A.npy,data\collab_cache\Vid-20260421-Wa0021_A013_B001_f0049_B.npy,Vid-20260421-Wa0021,848,480,13,1
Vid-20260421-Wa0021_A013_B003_f0049,C,data\collab_cache\Vid-20260421-Wa0021_A013_B003_f0049_A.npy,data\collab_cache\Vid-20260421-Wa0021_A013_B003_f0049_B.npy,Vid-20260421-Wa0021,848,480,13,3
Vid-20260421-Wa0021_A013_B004_f0049,C,data\collab_cache\Vid-20260421-Wa0021_A013_B004_f0049_A.npy,data\collab_cache\Vid-20260421-Wa0021_A013_B004_f0049_B.npy,Vid-20260421-Wa0021,848,480,13,4
Vid-20260421-Wa0021_A013_B014_f0049,C,data\collab_cache\Vid-20260421-Wa0021_A013_B014_f0049_A.npy,data\collab_cache\Vid-20260421-Wa0021_A013_B014_f0049_B.npy,Vid-20260421-Wa0021,848,480,13,14
Vid-20260421-Wa0021_A013_B015_f0049,C,data\collab_cache\Vid-20260421-Wa0021_A013_B015_f0049_A.npy,data\collab_cache\Vid-20260421-Wa0021_A013_B015_f0049_B.npy,Vid-20260421-Wa0021,848,480,13,15
Vid-20260421-Wa0021_A013_B016_f0049,C,data\collab_cache\Vid-20260421-Wa0021_A013_B016_f0049_A.npy,data\collab_cache\Vid-20260421-Wa0021_A013_B016_f0049_B.npy,Vid-20260421-Wa0021,848,480,13,16
Vid-20260421-Wa0021_A013_B001_f0053,C,data\collab_cache\Vid-20260421-Wa0021_A013_B001_f0053_A.npy,data\collab_cache\Vid-20260421-Wa0021_A013_B001_f0053_B.npy,Vid-20260421-Wa0021,848,480,13,1
Vid-20260421-Wa0021_A013_B003_f0053,C,data\collab_cache\Vid-20260421-Wa0021_A013_B003_f0053_A.npy,data\collab_cache\Vid-20260421-Wa0021_A013_B003_f0053_B.npy,Vid-20260421-Wa0021,848,480,13,3
Vid-20260421-Wa0021_A013_B004_f0053,C,data\collab_cache\Vid-20260421-Wa0021_A013_B004_f0053_A.npy,data\collab_cache\Vid-20260421-Wa0021_A013_B004_f0053_B.npy,Vid-20260421-Wa0021,848,480,13,4
Vid-20260421-Wa0021_A013_B014_f0053,C,data\collab_cache\Vid-20260421-Wa0021_A013_B014_f0053_A.npy,data\collab_cache\Vid-20260421-Wa0021_A013_B014_f0053_B.npy,Vid-20260421-Wa0021,848,480,13,14
Vid-20260421-Wa0021_A013_B015_f0053,C,data\collab_cache\Vid-20260421-Wa0021_A013_B015_f0053_A.npy,data\collab_cache\Vid-20260421-Wa0021_A013_B015_f0053_B.npy,Vid-20260421-Wa0021,848,480,13,15
Vid-20260421-Wa0021_A013_B016_f0053,C,data\collab_cache\Vid-20260421-Wa0021_A013_B016_f0053_A.npy,data\collab_cache\Vid-20260421-Wa0021_A013_B016_f0053_B.npy,Vid-20260421-Wa0021,848,480,13,16
Vid-20260421-Wa0021_A014_B001_f0046,C,data\collab_cache\Vid-20260421-Wa0021_A014_B001_f0046_A.npy,data\collab_cache\Vid-20260421-Wa0021_A014_B001_f0046_B.npy,Vid-20260421-Wa0021,848,480,14,1
Vid-20260421-Wa0021_A014_B004_f0046,C,data\collab_cache\Vid-20260421-Wa0021_A014_B004_f0046_A.npy,data\collab_cache\Vid-20260421-Wa0021_A014_B004_f0046_B.npy,Vid-20260421-Wa0021,848,480,14,4
Vid-20260421-Wa0021_A014_B005_f0046,C,data\collab_cache\Vid-20260421-Wa0021_A014_B005_f0046_A.npy,data\collab_cache\Vid-20260421-Wa0021_A014_B005_f0046_B.npy,Vid-20260421-Wa0021,848,480,14,5
Vid-20260421-Wa0021_A014_B013_f0046,C,data\collab_cache\Vid-20260421-Wa0021_A014_B013_f0046_A.npy,data\collab_cache\Vid-20260421-Wa0021_A014_B013_f0046_B.npy,Vid-20260421-Wa0021,848,480,14,13
Vid-20260421-Wa0021_A014_B015_f0046,C,data\collab_cache\Vid-20260421-Wa0021_A014_B015_f0046_A.npy,data\collab_cache\Vid-20260421-Wa0021_A014_B015_f0046_B.npy,Vid-20260421-Wa0021,848,480,14,15
Vid-20260421-Wa0021_A014_B016_f0046,C,data\collab_cache\Vid-20260421-Wa0021_A014_B016_f0046_A.npy,data\collab_cache\Vid-20260421-Wa0021_A014_B016_f0046_B.npy,Vid-20260421-Wa0021,848,480,14,16
Vid-20260421-Wa0021_A014_B001_f0050,C,data\collab_cache\Vid-20260421-Wa0021_A014_B001_f0050_A.npy,data\collab_cache\Vid-20260421-Wa0021_A014_B001_f0050_B.npy,Vid-20260421-Wa0021,848,480,14,1
Vid-20260421-Wa0021_A014_B004_f0050,C,data\collab_cache\Vid-20260421-Wa0021_A014_B004_f0050_A.npy,data\collab_cache\Vid-20260421-Wa0021_A014_B004_f0050_B.npy,Vid-20260421-Wa0021,848,480,14,4
Vid-20260421-Wa0021_A014_B005_f0050,C,data\collab_cache\Vid-20260421-Wa0021_A014_B005_f0050_A.npy,data\collab_cache\Vid-20260421-Wa0021_A014_B005_f0050_B.npy,Vid-20260421-Wa0021,848,480,14,5
Vid-20260421-Wa0021_A014_B013_f0050,C,data\collab_cache\Vid-20260421-Wa0021_A014_B013_f0050_A.npy,data\collab_cache\Vid-20260421-Wa0021_A014_B013_f0050_B.npy,Vid-20260421-Wa0021,848,480,14,13
Vid-20260421-Wa0021_A014_B015_f0050,C,data\collab_cache\Vid-20260421-Wa0021_A014_B015_f0050_A.npy,data\collab_cache\Vid-20260421-Wa0021_A014_B015_f0050_B.npy,Vid-20260421-Wa0021,848,480,14,15
Vid-20260421-Wa0021_A014_B016_f0050,C,data\collab_cache\Vid-20260421-Wa0021_A014_B016_f0050_A.npy,data\collab_cache\Vid-20260421-Wa0021_A014_B016_f0050_B.npy,Vid-20260421-Wa0021,848,480,14,16
Vid-20260421-Wa0021_A015_B013_f0048,C,data\collab_cache\Vid-20260421-Wa0021_A015_B013_f0048_A.npy,data\collab_cache\Vid-20260421-Wa0021_A015_B013_f0048_B.npy,Vid-20260421-Wa0021,848,480,15,13
Vid-20260421-Wa0021_A015_B014_f0048,C,data\collab_cache\Vid-20260421-Wa0021_A015_B014_f0048_A.npy,data\collab_cache\Vid-20260421-Wa0021_A015_B014_f0048_B.npy,Vid-20260421-Wa0021,848,480,15,14
Vid-20260421-Wa0021_A015_B013_f0052,C,data\collab_cache\Vid-20260421-Wa0021_A015_B013_f0052_A.npy,data\collab_cache\Vid-20260421-Wa0021_A015_B013_f0052_B.npy,Vid-20260421-Wa0021,848,480,15,13
Vid-20260421-Wa0021_A015_B014_f0052,C,data\collab_cache\Vid-20260421-Wa0021_A015_B014_f0052_A.npy,data\collab_cache\Vid-20260421-Wa0021_A015_B014_f0052_B.npy,Vid-20260421-Wa0021,848,480,15,14
Vid-20260421-Wa0021_A016_B001_f0049,C,data\collab_cache\Vid-20260421-Wa0021_A016_B001_f0049_A.npy,data\collab_cache\Vid-20260421-Wa0021_A016_B001_f0049_B.npy,Vid-20260421-Wa0021,848,480,16,1
Vid-20260421-Wa0021_A016_B003_f0049,C,data\collab_cache\Vid-20260421-Wa0021_A016_B003_f0049_A.npy,data\collab_cache\Vid-20260421-Wa0021_A016_B003_f0049_B.npy,Vid-20260421-Wa0021,848,480,16,3
Vid-20260421-Wa0021_A016_B005_f0049,C,data\collab_cache\Vid-20260421-Wa0021_A016_B005_f0049_A.npy,data\collab_cache\Vid-20260421-Wa0021_A016_B005_f0049_B.npy,Vid-20260421-Wa0021,848,480,16,5
Vid-20260421-Wa0021_A016_B014_f0049,C,data\collab_cache\Vid-20260421-Wa0021_A016_B014_f0049_A.npy,data\collab_cache\Vid-20260421-Wa0021_A016_B014_f0049_B.npy,Vid-20260421-Wa0021,848,480,16,14
Vid-20260421-Wa0070_A001_B002_f0000,C,data\collab_cache\Vid-20260421-Wa0070_A001_B002_f0000_A.npy,data\collab_cache\Vid-20260421-Wa0070_A001_B002_f0000_B.npy,Vid-20260421-Wa0070,848,478,1,2
Vid-20260421-Wa0070_A001_B003_f0000,C,data\collab_cache\Vid-20260421-Wa0070_A001_B003_f0000_A.npy,data\collab_cache\Vid-20260421-Wa0070_A001_B003_f0000_B.npy,Vid-20260421-Wa0070,848,478,1,3
Vid-20260421-Wa0070_A001_B004_f0000,C,data\collab_cache\Vid-20260421-Wa0070_A001_B004_f0000_A.npy,data\collab_cache\Vid-20260421-Wa0070_A001_B004_f0000_B.npy,Vid-20260421-Wa0070,848,478,1,4
Vid-20260421-Wa0070_A001_B005_f0000,C,data\collab_cache\Vid-20260421-Wa0070_A001_B005_f0000_A.npy,data\collab_cache\Vid-20260421-Wa0070_A001_B005_f0000_B.npy,Vid-20260421-Wa0070,848,478,1,5
Vid-20260421-Wa0070_A001_B006_f0000,C,data\collab_cache\Vid-20260421-Wa0070_A001_B006_f0000_A.npy,data\collab_cache\Vid-20260421-Wa0070_A001_B006_f0000_B.npy,Vid-20260421-Wa0070,848,478,1,6
Vid-20260421-Wa0070_A001_B007_f0000,C,data\collab_cache\Vid-20260421-Wa0070_A001_B007_f0000_A.npy,data\collab_cache\Vid-20260421-Wa0070_A001_B007_f0000_B.npy,Vid-20260421-Wa0070,848,478,1,7
Vid-20260421-Wa0070_A001_B002_f0004,C,data\collab_cache\Vid-20260421-Wa0070_A001_B002_f0004_A.npy,data\collab_cache\Vid-20260421-Wa0070_A001_B002_f0004_B.npy,Vid-20260421-Wa0070,848,478,1,2
Vid-20260421-Wa0070_A001_B003_f0004,C,data\collab_cache\Vid-20260421-Wa0070_A001_B003_f0004_A.npy,data\collab_cache\Vid-20260421-Wa0070_A001_B003_f0004_B.npy,Vid-20260421-Wa0070,848,478,1,3
Vid-20260421-Wa0070_A001_B004_f0004,C,data\collab_cache\Vid-20260421-Wa0070_A001_B004_f0004_A.npy,data\collab_cache\Vid-20260421-Wa0070_A001_B004_f0004_B.npy,Vid-20260421-Wa0070,848,478,1,4
Vid-20260421-Wa0070_A001_B005_f0004,C,data\collab_cache\Vid-20260421-Wa0070_A001_B005_f0004_A.npy,data\collab_cache\Vid-20260421-Wa0070_A001_B005_f0004_B.npy,Vid-20260421-Wa0070,848,478,1,5
Vid-20260421-Wa0070_A001_B006_f0004,C,data\collab_cache\Vid-20260421-Wa0070_A001_B006_f0004_A.npy,data\collab_cache\Vid-20260421-Wa0070_A001_B006_f0004_B.npy,Vid-20260421-Wa0070,848,478,1,6
Vid-20260421-Wa0070_A001_B007_f0004,C,data\collab_cache\Vid-20260421-Wa0070_A001_B007_f0004_A.npy,data\collab_cache\Vid-20260421-Wa0070_A001_B007_f0004_B.npy,Vid-20260421-Wa0070,848,478,1,7
Vid-20260421-Wa0070_A001_B010_f0004,C,data\collab_cache\Vid-20260421-Wa0070_A001_B010_f0004_A.npy,data\collab_cache\Vid-20260421-Wa0070_A001_B010_f0004_B.npy,Vid-20260421-Wa0070,848,478,1,10
Vid-20260421-Wa0070_A001_B002_f0008,C,data\collab_cache\Vid-20260421-Wa0070_A001_B002_f0008_A.npy,data\collab_cache\Vid-20260421-Wa0070_A001_B002_f0008_B.npy,Vid-20260421-Wa0070,848,478,1,2
Vid-20260421-Wa0070_A001_B003_f0008,C,data\collab_cache\Vid-20260421-Wa0070_A001_B003_f0008_A.npy,data\collab_cache\Vid-20260421-Wa0070_A001_B003_f0008_B.npy,Vid-20260421-Wa0070,848,478,1,3
Vid-20260421-Wa0070_A001_B004_f0008,C,data\collab_cache\Vid-20260421-Wa0070_A001_B004_f0008_A.npy,data\collab_cache\Vid-20260421-Wa0070_A001_B004_f0008_B.npy,Vid-20260421-Wa0070,848,478,1,4
Vid-20260421-Wa0070_A001_B005_f0008,C,data\collab_cache\Vid-20260421-Wa0070_A001_B005_f0008_A.npy,data\collab_cache\Vid-20260421-Wa0070_A001_B005_f0008_B.npy,Vid-20260421-Wa0070,848,478,1,5
Vid-20260421-Wa0070_A001_B006_f0008,C,data\collab_cache\Vid-20260421-Wa0070_A001_B006_f0008_A.npy,data\collab_cache\Vid-20260421-Wa0070_A001_B006_f0008_B.npy,Vid-20260421-Wa0070,848,478,1,6
Vid-20260421-Wa0070_A001_B010_f0008,C,data\collab_cache\Vid-20260421-Wa0070_A001_B010_f0008_A.npy,data\collab_cache\Vid-20260421-Wa0070_A001_B010_f0008_B.npy,Vid-20260421-Wa0070,848,478,1,10
Vid-20260421-Wa0070_A001_B002_f0012,C,data\collab_cache\Vid-20260421-Wa0070_A001_B002_f0012_A.npy,data\collab_cache\Vid-20260421-Wa0070_A001_B002_f0012_B.npy,Vid-20260421-Wa0070,848,478,1,2
Vid-20260421-Wa0070_A001_B003_f0012,C,data\collab_cache\Vid-20260421-Wa0070_A001_B003_f0012_A.npy,data\collab_cache\Vid-20260421-Wa0070_A001_B003_f0012_B.npy,Vid-20260421-Wa0070,848,478,1,3
Vid-20260421-Wa0070_A001_B004_f0012,C,data\collab_cache\Vid-20260421-Wa0070_A001_B004_f0012_A.npy,data\collab_cache\Vid-20260421-Wa0070_A001_B004_f0012_B.npy,Vid-20260421-Wa0070,848,478,1,4
Vid-20260421-Wa0070_A001_B005_f0012,C,data\collab_cache\Vid-20260421-Wa0070_A001_B005_f0012_A.npy,data\collab_cache\Vid-20260421-Wa0070_A001_B005_f0012_B.npy,Vid-20260421-Wa0070,848,478,1,5
Vid-20260421-Wa0070_A001_B006_f0012,C,data\collab_cache\Vid-20260421-Wa0070_A001_B006_f0012_A.npy,data\collab_cache\Vid-20260421-Wa0070_A001_B006_f0012_B.npy,Vid-20260421-Wa0070,848,478,1,6
Vid-20260421-Wa0070_A001_B010_f0012,C,data\collab_cache\Vid-20260421-Wa0070_A001_B010_f0012_A.npy,data\collab_cache\Vid-20260421-Wa0070_A001_B010_f0012_B.npy,Vid-20260421-Wa0070,848,478,1,10
Vid-20260421-Wa0070_A001_B002_f0016,C,data\collab_cache\Vid-20260421-Wa0070_A001_B002_f0016_A.npy,data\collab_cache\Vid-20260421-Wa0070_A001_B002_f0016_B.npy,Vid-20260421-Wa0070,848,478,1,2
Vid-20260421-Wa0070_A001_B003_f0016,C,data\collab_cache\Vid-20260421-Wa0070_A001_B003_f0016_A.npy,data\collab_cache\Vid-20260421-Wa0070_A001_B003_f0016_B.npy,Vid-20260421-Wa0070,848,478,1,3
Vid-20260421-Wa0070_A001_B004_f0016,C,data\collab_cache\Vid-20260421-Wa0070_A001_B004_f0016_A.npy,data\collab_cache\Vid-20260421-Wa0070_A001_B004_f0016_B.npy,Vid-20260421-Wa0070,848,478,1,4
Vid-20260421-Wa0070_A001_B005_f0016,C,data\collab_cache\Vid-20260421-Wa0070_A001_B005_f0016_A.npy,data\collab_cache\Vid-20260421-Wa0070_A001_B005_f0016_B.npy,Vid-20260421-Wa0070,848,478,1,5
Vid-20260421-Wa0070_A001_B006_f0016,C,data\collab_cache\Vid-20260421-Wa0070_A001_B006_f0016_A.npy,data\collab_cache\Vid-20260421-Wa0070_A001_B006_f0016_B.npy,Vid-20260421-Wa0070,848,478,1,6
Vid-20260421-Wa0070_A001_B010_f0016,C,data\collab_cache\Vid-20260421-Wa0070_A001_B010_f0016_A.npy,data\collab_cache\Vid-20260421-Wa0070_A001_B010_f0016_B.npy,Vid-20260421-Wa0070,848,478,1,10
Vid-20260421-Wa0070_A001_B002_f0020,C,data\collab_cache\Vid-20260421-Wa0070_A001_B002_f0020_A.npy,data\collab_cache\Vid-20260421-Wa0070_A001_B002_f0020_B.npy,Vid-20260421-Wa0070,848,478,1,2
Vid-20260421-Wa0070_A001_B003_f0020,C,data\collab_cache\Vid-20260421-Wa0070_A001_B003_f0020_A.npy,data\collab_cache\Vid-20260421-Wa0070_A001_B003_f0020_B.npy,Vid-20260421-Wa0070,848,478,1,3
Vid-20260421-Wa0070_A001_B004_f0020,C,data\collab_cache\Vid-20260421-Wa0070_A001_B004_f0020_A.npy,data\collab_cache\Vid-20260421-Wa0070_A001_B004_f0020_B.npy,Vid-20260421-Wa0070,848,478,1,4
Vid-20260421-Wa0070_A001_B005_f0020,C,data\collab_cache\Vid-20260421-Wa0070_A001_B005_f0020_A.npy,data\collab_cache\Vid-20260421-Wa0070_A001_B005_f0020_B.npy,Vid-20260421-Wa0070,848,478,1,5
Vid-20260421-Wa0070_A001_B006_f0020,C,data\collab_cache\Vid-20260421-Wa0070_A001_B006_f0020_A.npy,data\collab_cache\Vid-20260421-Wa0070_A001_B006_f0020_B.npy,Vid-20260421-Wa0070,848,478,1,6
Vid-20260421-Wa0070_A001_B010_f0020,C,data\collab_cache\Vid-20260421-Wa0070_A001_B010_f0020_A.npy,data\collab_cache\Vid-20260421-Wa0070_A001_B010_f0020_B.npy,Vid-20260421-Wa0070,848,478,1,10
Vid-20260421-Wa0070_A001_B011_f0020,C,data\collab_cache\Vid-20260421-Wa0070_A001_B011_f0020_A.npy,data\collab_cache\Vid-20260421-Wa0070_A001_B011_f0020_B.npy,Vid-20260421-Wa0070,848,478,1,11
Vid-20260421-Wa0070_A001_B012_f0020,C,data\collab_cache\Vid-20260421-Wa0070_A001_B012_f0020_A.npy,data\collab_cache\Vid-20260421-Wa0070_A001_B012_f0020_B.npy,Vid-20260421-Wa0070,848,478,1,12
Vid-20260421-Wa0070_A001_B002_f0024,C,data\collab_cache\Vid-20260421-Wa0070_A001_B002_f0024_A.npy,data\collab_cache\Vid-20260421-Wa0070_A001_B002_f0024_B.npy,Vid-20260421-Wa0070,848,478,1,2
Vid-20260421-Wa0070_A001_B003_f0024,C,data\collab_cache\Vid-20260421-Wa0070_A001_B003_f0024_A.npy,data\collab_cache\Vid-20260421-Wa0070_A001_B003_f0024_B.npy,Vid-20260421-Wa0070,848,478,1,3
Vid-20260421-Wa0070_A001_B004_f0024,C,data\collab_cache\Vid-20260421-Wa0070_A001_B004_f0024_A.npy,data\collab_cache\Vid-20260421-Wa0070_A001_B004_f0024_B.npy,Vid-20260421-Wa0070,848,478,1,4
Vid-20260421-Wa0070_A001_B005_f0024,C,data\collab_cache\Vid-20260421-Wa0070_A001_B005_f0024_A.npy,data\collab_cache\Vid-20260421-Wa0070_A001_B005_f0024_B.npy,Vid-20260421-Wa0070,848,478,1,5
Vid-20260421-Wa0070_A001_B006_f0024,C,data\collab_cache\Vid-20260421-Wa0070_A001_B006_f0024_A.npy,data\collab_cache\Vid-20260421-Wa0070_A001_B006_f0024_B.npy,Vid-20260421-Wa0070,848,478,1,6
Vid-20260421-Wa0070_A001_B011_f0024,C,data\collab_cache\Vid-20260421-Wa0070_A001_B011_f0024_A.npy,data\collab_cache\Vid-20260421-Wa0070_A001_B011_f0024_B.npy,Vid-20260421-Wa0070,848,478,1,11
Vid-20260421-Wa0070_A001_B012_f0024,C,data\collab_cache\Vid-20260421-Wa0070_A001_B012_f0024_A.npy,data\collab_cache\Vid-20260421-Wa0070_A001_B012_f0024_B.npy,Vid-20260421-Wa0070,848,478,1,12
Vid-20260421-Wa0070_A002_B003_f0000,C,data\collab_cache\Vid-20260421-Wa0070_A002_B003_f0000_A.npy,data\collab_cache\Vid-20260421-Wa0070_A002_B003_f0000_B.npy,Vid-20260421-Wa0070,848,478,2,3
Vid-20260421-Wa0070_A002_B004_f0000,C,data\collab_cache\Vid-20260421-Wa0070_A002_B004_f0000_A.npy,data\collab_cache\Vid-20260421-Wa0070_A002_B004_f0000_B.npy,Vid-20260421-Wa0070,848,478,2,4
Vid-20260421-Wa0070_A002_B005_f0000,C,data\collab_cache\Vid-20260421-Wa0070_A002_B005_f0000_A.npy,data\collab_cache\Vid-20260421-Wa0070_A002_B005_f0000_B.npy,Vid-20260421-Wa0070,848,478,2,5
Vid-20260421-Wa0070_A002_B006_f0000,C,data\collab_cache\Vid-20260421-Wa0070_A002_B006_f0000_A.npy,data\collab_cache\Vid-20260421-Wa0070_A002_B006_f0000_B.npy,Vid-20260421-Wa0070,848,478,2,6
Vid-20260421-Wa0070_A002_B007_f0000,C,data\collab_cache\Vid-20260421-Wa0070_A002_B007_f0000_A.npy,data\collab_cache\Vid-20260421-Wa0070_A002_B007_f0000_B.npy,Vid-20260421-Wa0070,848,478,2,7
Vid-20260421-Wa0070_A002_B003_f0004,C,data\collab_cache\Vid-20260421-Wa0070_A002_B003_f0004_A.npy,data\collab_cache\Vid-20260421-Wa0070_A002_B003_f0004_B.npy,Vid-20260421-Wa0070,848,478,2,3
Vid-20260421-Wa0070_A002_B004_f0004,C,data\collab_cache\Vid-20260421-Wa0070_A002_B004_f0004_A.npy,data\collab_cache\Vid-20260421-Wa0070_A002_B004_f0004_B.npy,Vid-20260421-Wa0070,848,478,2,4
Vid-20260421-Wa0070_A002_B005_f0004,C,data\collab_cache\Vid-20260421-Wa0070_A002_B005_f0004_A.npy,data\collab_cache\Vid-20260421-Wa0070_A002_B005_f0004_B.npy,Vid-20260421-Wa0070,848,478,2,5
Vid-20260421-Wa0070_A002_B006_f0004,C,data\collab_cache\Vid-20260421-Wa0070_A002_B006_f0004_A.npy,data\collab_cache\Vid-20260421-Wa0070_A002_B006_f0004_B.npy,Vid-20260421-Wa0070,848,478,2,6
Vid-20260421-Wa0070_A002_B007_f0004,C,data\collab_cache\Vid-20260421-Wa0070_A002_B007_f0004_A.npy,data\collab_cache\Vid-20260421-Wa0070_A002_B007_f0004_B.npy,Vid-20260421-Wa0070,848,478,2,7
Vid-20260421-Wa0070_A002_B010_f0004,C,data\collab_cache\Vid-20260421-Wa0070_A002_B010_f0004_A.npy,data\collab_cache\Vid-20260421-Wa0070_A002_B010_f0004_B.npy,Vid-20260421-Wa0070,848,478,2,10
Vid-20260421-Wa0070_A002_B003_f0008,C,data\collab_cache\Vid-20260421-Wa0070_A002_B003_f0008_A.npy,data\collab_cache\Vid-20260421-Wa0070_A002_B003_f0008_B.npy,Vid-20260421-Wa0070,848,478,2,3
Vid-20260421-Wa0070_A002_B004_f0008,C,data\collab_cache\Vid-20260421-Wa0070_A002_B004_f0008_A.npy,data\collab_cache\Vid-20260421-Wa0070_A002_B004_f0008_B.npy,Vid-20260421-Wa0070,848,478,2,4
Vid-20260421-Wa0070_A002_B005_f0008,C,data\collab_cache\Vid-20260421-Wa0070_A002_B005_f0008_A.npy,data\collab_cache\Vid-20260421-Wa0070_A002_B005_f0008_B.npy,Vid-20260421-Wa0070,848,478,2,5
Vid-20260421-Wa0070_A002_B006_f0008,C,data\collab_cache\Vid-20260421-Wa0070_A002_B006_f0008_A.npy,data\collab_cache\Vid-20260421-Wa0070_A002_B006_f0008_B.npy,Vid-20260421-Wa0070,848,478,2,6
Vid-20260421-Wa0070_A002_B010_f0008,C,data\collab_cache\Vid-20260421-Wa0070_A002_B010_f0008_A.npy,data\collab_cache\Vid-20260421-Wa0070_A002_B010_f0008_B.npy,Vid-20260421-Wa0070,848,478,2,10
Vid-20260421-Wa0070_A002_B003_f0012,C,data\collab_cache\Vid-20260421-Wa0070_A002_B003_f0012_A.npy,data\collab_cache\Vid-20260421-Wa0070_A002_B003_f0012_B.npy,Vid-20260421-Wa0070,848,478,2,3
Vid-20260421-Wa0070_A002_B004_f0012,C,data\collab_cache\Vid-20260421-Wa0070_A002_B004_f0012_A.npy,data\collab_cache\Vid-20260421-Wa0070_A002_B004_f0012_B.npy,Vid-20260421-Wa0070,848,478,2,4
Vid-20260421-Wa0070_A002_B005_f0012,C,data\collab_cache\Vid-20260421-Wa0070_A002_B005_f0012_A.npy,data\collab_cache\Vid-20260421-Wa0070_A002_B005_f0012_B.npy,Vid-20260421-Wa0070,848,478,2,5
Vid-20260421-Wa0070_A002_B006_f0012,C,data\collab_cache\Vid-20260421-Wa0070_A002_B006_f0012_A.npy,data\collab_cache\Vid-20260421-Wa0070_A002_B006_f0012_B.npy,Vid-20260421-Wa0070,848,478,2,6
Vid-20260421-Wa0070_A002_B010_f0012,C,data\collab_cache\Vid-20260421-Wa0070_A002_B010_f0012_A.npy,data\collab_cache\Vid-20260421-Wa0070_A002_B010_f0012_B.npy,Vid-20260421-Wa0070,848,478,2,10
Vid-20260421-Wa0070_A002_B003_f0016,C,data\collab_cache\Vid-20260421-Wa0070_A002_B003_f0016_A.npy,data\collab_cache\Vid-20260421-Wa0070_A002_B003_f0016_B.npy,Vid-20260421-Wa0070,848,478,2,3
Vid-20260421-Wa0070_A002_B004_f0016,C,data\collab_cache\Vid-20260421-Wa0070_A002_B004_f0016_A.npy,data\collab_cache\Vid-20260421-Wa0070_A002_B004_f0016_B.npy,Vid-20260421-Wa0070,848,478,2,4
Vid-20260421-Wa0070_A002_B005_f0016,C,data\collab_cache\Vid-20260421-Wa0070_A002_B005_f0016_A.npy,data\collab_cache\Vid-20260421-Wa0070_A002_B005_f0016_B.npy,Vid-20260421-Wa0070,848,478,2,5
Vid-20260421-Wa0070_A002_B006_f0016,C,data\collab_cache\Vid-20260421-Wa0070_A002_B006_f0016_A.npy,data\collab_cache\Vid-20260421-Wa0070_A002_B006_f0016_B.npy,Vid-20260421-Wa0070,848,478,2,6
Vid-20260421-Wa0070_A002_B010_f0016,C,data\collab_cache\Vid-20260421-Wa0070_A002_B010_f0016_A.npy,data\collab_cache\Vid-20260421-Wa0070_A002_B010_f0016_B.npy,Vid-20260421-Wa0070,848,478,2,10
Vid-20260421-Wa0070_A002_B003_f0020,C,data\collab_cache\Vid-20260421-Wa0070_A002_B003_f0020_A.npy,data\collab_cache\Vid-20260421-Wa0070_A002_B003_f0020_B.npy,Vid-20260421-Wa0070,848,478,2,3
Vid-20260421-Wa0070_A002_B004_f0020,C,data\collab_cache\Vid-20260421-Wa0070_A002_B004_f0020_A.npy,data\collab_cache\Vid-20260421-Wa0070_A002_B004_f0020_B.npy,Vid-20260421-Wa0070,848,478,2,4
Vid-20260421-Wa0070_A002_B005_f0020,C,data\collab_cache\Vid-20260421-Wa0070_A002_B005_f0020_A.npy,data\collab_cache\Vid-20260421-Wa0070_A002_B005_f0020_B.npy,Vid-20260421-Wa0070,848,478,2,5
Vid-20260421-Wa0070_A002_B006_f0020,C,data\collab_cache\Vid-20260421-Wa0070_A002_B006_f0020_A.npy,data\collab_cache\Vid-20260421-Wa0070_A002_B006_f0020_B.npy,Vid-20260421-Wa0070,848,478,2,6
Vid-20260421-Wa0070_A002_B010_f0020,C,data\collab_cache\Vid-20260421-Wa0070_A002_B010_f0020_A.npy,data\collab_cache\Vid-20260421-Wa0070_A002_B010_f0020_B.npy,Vid-20260421-Wa0070,848,478,2,10
Vid-20260421-Wa0070_A002_B011_f0020,C,data\collab_cache\Vid-20260421-Wa0070_A002_B011_f0020_A.npy,data\collab_cache\Vid-20260421-Wa0070_A002_B011_f0020_B.npy,Vid-20260421-Wa0070,848,478,2,11
Vid-20260421-Wa0070_A002_B012_f0020,C,data\collab_cache\Vid-20260421-Wa0070_A002_B012_f0020_A.npy,data\collab_cache\Vid-20260421-Wa0070_A002_B012_f0020_B.npy,Vid-20260421-Wa0070,848,478,2,12
Vid-20260421-Wa0070_A002_B004_f0024,C,data\collab_cache\Vid-20260421-Wa0070_A002_B004_f0024_A.npy,data\collab_cache\Vid-20260421-Wa0070_A002_B004_f0024_B.npy,Vid-20260421-Wa0070,848,478,2,4
Vid-20260421-Wa0070_A002_B005_f0024,C,data\collab_cache\Vid-20260421-Wa0070_A002_B005_f0024_A.npy,data\collab_cache\Vid-20260421-Wa0070_A002_B005_f0024_B.npy,Vid-20260421-Wa0070,848,478,2,5
Vid-20260421-Wa0070_A002_B006_f0024,C,data\collab_cache\Vid-20260421-Wa0070_A002_B006_f0024_A.npy,data\collab_cache\Vid-20260421-Wa0070_A002_B006_f0024_B.npy,Vid-20260421-Wa0070,848,478,2,6
Vid-20260421-Wa0070_A002_B011_f0024,C,data\collab_cache\Vid-20260421-Wa0070_A002_B011_f0024_A.npy,data\collab_cache\Vid-20260421-Wa0070_A002_B011_f0024_B.npy,Vid-20260421-Wa0070,848,478,2,11
Vid-20260421-Wa0070_A002_B012_f0024,C,data\collab_cache\Vid-20260421-Wa0070_A002_B012_f0024_A.npy,data\collab_cache\Vid-20260421-Wa0070_A002_B012_f0024_B.npy,Vid-20260421-Wa0070,848,478,2,12
Vid-20260421-Wa0070_A003_B004_f0000,C,data\collab_cache\Vid-20260421-Wa0070_A003_B004_f0000_A.npy,data\collab_cache\Vid-20260421-Wa0070_A003_B004_f0000_B.npy,Vid-20260421-Wa0070,848,478,3,4
Vid-20260421-Wa0070_A003_B006_f0000,C,data\collab_cache\Vid-20260421-Wa0070_A003_B006_f0000_A.npy,data\collab_cache\Vid-20260421-Wa0070_A003_B006_f0000_B.npy,Vid-20260421-Wa0070,848,478,3,6
Vid-20260421-Wa0070_A003_B007_f0000,C,data\collab_cache\Vid-20260421-Wa0070_A003_B007_f0000_A.npy,data\collab_cache\Vid-20260421-Wa0070_A003_B007_f0000_B.npy,Vid-20260421-Wa0070,848,478,3,7
Vid-20260421-Wa0070_A003_B004_f0004,C,data\collab_cache\Vid-20260421-Wa0070_A003_B004_f0004_A.npy,data\collab_cache\Vid-20260421-Wa0070_A003_B004_f0004_B.npy,Vid-20260421-Wa0070,848,478,3,4
Vid-20260421-Wa0070_A003_B005_f0004,C,data\collab_cache\Vid-20260421-Wa0070_A003_B005_f0004_A.npy,data\collab_cache\Vid-20260421-Wa0070_A003_B005_f0004_B.npy,Vid-20260421-Wa0070,848,478,3,5
Vid-20260421-Wa0070_A003_B006_f0004,C,data\collab_cache\Vid-20260421-Wa0070_A003_B006_f0004_A.npy,data\collab_cache\Vid-20260421-Wa0070_A003_B006_f0004_B.npy,Vid-20260421-Wa0070,848,478,3,6
Vid-20260421-Wa0070_A003_B007_f0004,C,data\collab_cache\Vid-20260421-Wa0070_A003_B007_f0004_A.npy,data\collab_cache\Vid-20260421-Wa0070_A003_B007_f0004_B.npy,Vid-20260421-Wa0070,848,478,3,7
Vid-20260421-Wa0070_A003_B010_f0004,C,data\collab_cache\Vid-20260421-Wa0070_A003_B010_f0004_A.npy,data\collab_cache\Vid-20260421-Wa0070_A003_B010_f0004_B.npy,Vid-20260421-Wa0070,848,478,3,10
Vid-20260421-Wa0070_A003_B004_f0008,C,data\collab_cache\Vid-20260421-Wa0070_A003_B004_f0008_A.npy,data\collab_cache\Vid-20260421-Wa0070_A003_B004_f0008_B.npy,Vid-20260421-Wa0070,848,478,3,4
Vid-20260421-Wa0070_A003_B005_f0008,C,data\collab_cache\Vid-20260421-Wa0070_A003_B005_f0008_A.npy,data\collab_cache\Vid-20260421-Wa0070_A003_B005_f0008_B.npy,Vid-20260421-Wa0070,848,478,3,5
Vid-20260421-Wa0070_A003_B006_f0008,C,data\collab_cache\Vid-20260421-Wa0070_A003_B006_f0008_A.npy,data\collab_cache\Vid-20260421-Wa0070_A003_B006_f0008_B.npy,Vid-20260421-Wa0070,848,478,3,6
Vid-20260421-Wa0070_A003_B010_f0008,C,data\collab_cache\Vid-20260421-Wa0070_A003_B010_f0008_A.npy,data\collab_cache\Vid-20260421-Wa0070_A003_B010_f0008_B.npy,Vid-20260421-Wa0070,848,478,3,10
Vid-20260421-Wa0070_A003_B004_f0012,C,data\collab_cache\Vid-20260421-Wa0070_A003_B004_f0012_A.npy,data\collab_cache\Vid-20260421-Wa0070_A003_B004_f0012_B.npy,Vid-20260421-Wa0070,848,478,3,4
Vid-20260421-Wa0070_A003_B005_f0012,C,data\collab_cache\Vid-20260421-Wa0070_A003_B005_f0012_A.npy,data\collab_cache\Vid-20260421-Wa0070_A003_B005_f0012_B.npy,Vid-20260421-Wa0070,848,478,3,5
Vid-20260421-Wa0070_A003_B006_f0012,C,data\collab_cache\Vid-20260421-Wa0070_A003_B006_f0012_A.npy,data\collab_cache\Vid-20260421-Wa0070_A003_B006_f0012_B.npy,Vid-20260421-Wa0070,848,478,3,6
Vid-20260421-Wa0070_A003_B010_f0012,C,data\collab_cache\Vid-20260421-Wa0070_A003_B010_f0012_A.npy,data\collab_cache\Vid-20260421-Wa0070_A003_B010_f0012_B.npy,Vid-20260421-Wa0070,848,478,3,10
Vid-20260421-Wa0070_A003_B004_f0016,C,data\collab_cache\Vid-20260421-Wa0070_A003_B004_f0016_A.npy,data\collab_cache\Vid-20260421-Wa0070_A003_B004_f0016_B.npy,Vid-20260421-Wa0070,848,478,3,4
Vid-20260421-Wa0070_A003_B005_f0016,C,data\collab_cache\Vid-20260421-Wa0070_A003_B005_f0016_A.npy,data\collab_cache\Vid-20260421-Wa0070_A003_B005_f0016_B.npy,Vid-20260421-Wa0070,848,478,3,5
Vid-20260421-Wa0070_A003_B006_f0016,C,data\collab_cache\Vid-20260421-Wa0070_A003_B006_f0016_A.npy,data\collab_cache\Vid-20260421-Wa0070_A003_B006_f0016_B.npy,Vid-20260421-Wa0070,848,478,3,6
Vid-20260421-Wa0070_A003_B010_f0016,C,data\collab_cache\Vid-20260421-Wa0070_A003_B010_f0016_A.npy,data\collab_cache\Vid-20260421-Wa0070_A003_B010_f0016_B.npy,Vid-20260421-Wa0070,848,478,3,10
Vid-20260421-Wa0070_A003_B004_f0024,C,data\collab_cache\Vid-20260421-Wa0070_A003_B004_f0024_A.npy,data\collab_cache\Vid-20260421-Wa0070_A003_B004_f0024_B.npy,Vid-20260421-Wa0070,848,478,3,4
Vid-20260421-Wa0070_A003_B006_f0024,C,data\collab_cache\Vid-20260421-Wa0070_A003_B006_f0024_A.npy,data\collab_cache\Vid-20260421-Wa0070_A003_B006_f0024_B.npy,Vid-20260421-Wa0070,848,478,3,6
Vid-20260421-Wa0070_A003_B011_f0024,C,data\collab_cache\Vid-20260421-Wa0070_A003_B011_f0024_A.npy,data\collab_cache\Vid-20260421-Wa0070_A003_B011_f0024_B.npy,Vid-20260421-Wa0070,848,478,3,11
Vid-20260421-Wa0070_A003_B012_f0024,C,data\collab_cache\Vid-20260421-Wa0070_A003_B012_f0024_A.npy,data\collab_cache\Vid-20260421-Wa0070_A003_B012_f0024_B.npy,Vid-20260421-Wa0070,848,478,3,12
Vid-20260421-Wa0070_A004_B005_f0000,C,data\collab_cache\Vid-20260421-Wa0070_A004_B005_f0000_A.npy,data\collab_cache\Vid-20260421-Wa0070_A004_B005_f0000_B.npy,Vid-20260421-Wa0070,848,478,4,5
Vid-20260421-Wa0070_A004_B006_f0000,C,data\collab_cache\Vid-20260421-Wa0070_A004_B006_f0000_A.npy,data\collab_cache\Vid-20260421-Wa0070_A004_B006_f0000_B.npy,Vid-20260421-Wa0070,848,478,4,6
Vid-20260421-Wa0070_A004_B007_f0000,C,data\collab_cache\Vid-20260421-Wa0070_A004_B007_f0000_A.npy,data\collab_cache\Vid-20260421-Wa0070_A004_B007_f0000_B.npy,Vid-20260421-Wa0070,848,478,4,7
Vid-20260421-Wa0070_A004_B005_f0004,C,data\collab_cache\Vid-20260421-Wa0070_A004_B005_f0004_A.npy,data\collab_cache\Vid-20260421-Wa0070_A004_B005_f0004_B.npy,Vid-20260421-Wa0070,848,478,4,5
Vid-20260421-Wa0070_A004_B006_f0004,C,data\collab_cache\Vid-20260421-Wa0070_A004_B006_f0004_A.npy,data\collab_cache\Vid-20260421-Wa0070_A004_B006_f0004_B.npy,Vid-20260421-Wa0070,848,478,4,6
Vid-20260421-Wa0070_A004_B007_f0004,C,data\collab_cache\Vid-20260421-Wa0070_A004_B007_f0004_A.npy,data\collab_cache\Vid-20260421-Wa0070_A004_B007_f0004_B.npy,Vid-20260421-Wa0070,848,478,4,7
Vid-20260421-Wa0070_A004_B010_f0004,C,data\collab_cache\Vid-20260421-Wa0070_A004_B010_f0004_A.npy,data\collab_cache\Vid-20260421-Wa0070_A004_B010_f0004_B.npy,Vid-20260421-Wa0070,848,478,4,10
Vid-20260421-Wa0070_A004_B005_f0008,C,data\collab_cache\Vid-20260421-Wa0070_A004_B005_f0008_A.npy,data\collab_cache\Vid-20260421-Wa0070_A004_B005_f0008_B.npy,Vid-20260421-Wa0070,848,478,4,5
Vid-20260421-Wa0070_A004_B006_f0008,C,data\collab_cache\Vid-20260421-Wa0070_A004_B006_f0008_A.npy,data\collab_cache\Vid-20260421-Wa0070_A004_B006_f0008_B.npy,Vid-20260421-Wa0070,848,478,4,6
Vid-20260421-Wa0070_A004_B010_f0008,C,data\collab_cache\Vid-20260421-Wa0070_A004_B010_f0008_A.npy,data\collab_cache\Vid-20260421-Wa0070_A004_B010_f0008_B.npy,Vid-20260421-Wa0070,848,478,4,10
Vid-20260421-Wa0070_A004_B005_f0012,C,data\collab_cache\Vid-20260421-Wa0070_A004_B005_f0012_A.npy,data\collab_cache\Vid-20260421-Wa0070_A004_B005_f0012_B.npy,Vid-20260421-Wa0070,848,478,4,5
Vid-20260421-Wa0070_A004_B006_f0012,C,data\collab_cache\Vid-20260421-Wa0070_A004_B006_f0012_A.npy,data\collab_cache\Vid-20260421-Wa0070_A004_B006_f0012_B.npy,Vid-20260421-Wa0070,848,478,4,6
Vid-20260421-Wa0070_A004_B010_f0012,C,data\collab_cache\Vid-20260421-Wa0070_A004_B010_f0012_A.npy,data\collab_cache\Vid-20260421-Wa0070_A004_B010_f0012_B.npy,Vid-20260421-Wa0070,848,478,4,10
Vid-20260421-Wa0070_A004_B005_f0016,C,data\collab_cache\Vid-20260421-Wa0070_A004_B005_f0016_A.npy,data\collab_cache\Vid-20260421-Wa0070_A004_B005_f0016_B.npy,Vid-20260421-Wa0070,848,478,4,5
Vid-20260421-Wa0070_A004_B006_f0016,C,data\collab_cache\Vid-20260421-Wa0070_A004_B006_f0016_A.npy,data\collab_cache\Vid-20260421-Wa0070_A004_B006_f0016_B.npy,Vid-20260421-Wa0070,848,478,4,6
Vid-20260421-Wa0070_A004_B010_f0016,C,data\collab_cache\Vid-20260421-Wa0070_A004_B010_f0016_A.npy,data\collab_cache\Vid-20260421-Wa0070_A004_B010_f0016_B.npy,Vid-20260421-Wa0070,848,478,4,10
Vid-20260421-Wa0070_A004_B005_f0020,C,data\collab_cache\Vid-20260421-Wa0070_A004_B005_f0020_A.npy,data\collab_cache\Vid-20260421-Wa0070_A004_B005_f0020_B.npy,Vid-20260421-Wa0070,848,478,4,5
Vid-20260421-Wa0070_A004_B006_f0020,C,data\collab_cache\Vid-20260421-Wa0070_A004_B006_f0020_A.npy,data\collab_cache\Vid-20260421-Wa0070_A004_B006_f0020_B.npy,Vid-20260421-Wa0070,848,478,4,6
Vid-20260421-Wa0070_A004_B010_f0020,C,data\collab_cache\Vid-20260421-Wa0070_A004_B010_f0020_A.npy,data\collab_cache\Vid-20260421-Wa0070_A004_B010_f0020_B.npy,Vid-20260421-Wa0070,848,478,4,10
Vid-20260421-Wa0070_A004_B011_f0020,C,data\collab_cache\Vid-20260421-Wa0070_A004_B011_f0020_A.npy,data\collab_cache\Vid-20260421-Wa0070_A004_B011_f0020_B.npy,Vid-20260421-Wa0070,848,478,4,11
Vid-20260421-Wa0070_A004_B012_f0020,C,data\collab_cache\Vid-20260421-Wa0070_A004_B012_f0020_A.npy,data\collab_cache\Vid-20260421-Wa0070_A004_B012_f0020_B.npy,Vid-20260421-Wa0070,848,478,4,12
Vid-20260421-Wa0070_A004_B005_f0024,C,data\collab_cache\Vid-20260421-Wa0070_A004_B005_f0024_A.npy,data\collab_cache\Vid-20260421-Wa0070_A004_B005_f0024_B.npy,Vid-20260421-Wa0070,848,478,4,5
Vid-20260421-Wa0070_A004_B006_f0024,C,data\collab_cache\Vid-20260421-Wa0070_A004_B006_f0024_A.npy,data\collab_cache\Vid-20260421-Wa0070_A004_B006_f0024_B.npy,Vid-20260421-Wa0070,848,478,4,6
Vid-20260421-Wa0070_A004_B011_f0024,C,data\collab_cache\Vid-20260421-Wa0070_A004_B011_f0024_A.npy,data\collab_cache\Vid-20260421-Wa0070_A004_B011_f0024_B.npy,Vid-20260421-Wa0070,848,478,4,11
Vid-20260421-Wa0070_A004_B012_f0024,C,data\collab_cache\Vid-20260421-Wa0070_A004_B012_f0024_A.npy,data\collab_cache\Vid-20260421-Wa0070_A004_B012_f0024_B.npy,Vid-20260421-Wa0070,848,478,4,12
Vid-20260421-Wa0070_A005_B006_f0000,C,data\collab_cache\Vid-20260421-Wa0070_A005_B006_f0000_A.npy,data\collab_cache\Vid-20260421-Wa0070_A005_B006_f0000_B.npy,Vid-20260421-Wa0070,848,478,5,6
Vid-20260421-Wa0070_A005_B007_f0000,C,data\collab_cache\Vid-20260421-Wa0070_A005_B007_f0000_A.npy,data\collab_cache\Vid-20260421-Wa0070_A005_B007_f0000_B.npy,Vid-20260421-Wa0070,848,478,5,7
Vid-20260421-Wa0070_A005_B006_f0004,C,data\collab_cache\Vid-20260421-Wa0070_A005_B006_f0004_A.npy,data\collab_cache\Vid-20260421-Wa0070_A005_B006_f0004_B.npy,Vid-20260421-Wa0070,848,478,5,6
Vid-20260421-Wa0070_A005_B007_f0004,C,data\collab_cache\Vid-20260421-Wa0070_A005_B007_f0004_A.npy,data\collab_cache\Vid-20260421-Wa0070_A005_B007_f0004_B.npy,Vid-20260421-Wa0070,848,478,5,7
Vid-20260421-Wa0070_A005_B010_f0004,C,data\collab_cache\Vid-20260421-Wa0070_A005_B010_f0004_A.npy,data\collab_cache\Vid-20260421-Wa0070_A005_B010_f0004_B.npy,Vid-20260421-Wa0070,848,478,5,10
Vid-20260421-Wa0070_A005_B006_f0008,C,data\collab_cache\Vid-20260421-Wa0070_A005_B006_f0008_A.npy,data\collab_cache\Vid-20260421-Wa0070_A005_B006_f0008_B.npy,Vid-20260421-Wa0070,848,478,5,6
Vid-20260421-Wa0070_A005_B010_f0008,C,data\collab_cache\Vid-20260421-Wa0070_A005_B010_f0008_A.npy,data\collab_cache\Vid-20260421-Wa0070_A005_B010_f0008_B.npy,Vid-20260421-Wa0070,848,478,5,10
Vid-20260421-Wa0070_A005_B006_f0012,C,data\collab_cache\Vid-20260421-Wa0070_A005_B006_f0012_A.npy,data\collab_cache\Vid-20260421-Wa0070_A005_B006_f0012_B.npy,Vid-20260421-Wa0070,848,478,5,6
Vid-20260421-Wa0070_A005_B010_f0012,C,data\collab_cache\Vid-20260421-Wa0070_A005_B010_f0012_A.npy,data\collab_cache\Vid-20260421-Wa0070_A005_B010_f0012_B.npy,Vid-20260421-Wa0070,848,478,5,10
Vid-20260421-Wa0070_A005_B006_f0016,C,data\collab_cache\Vid-20260421-Wa0070_A005_B006_f0016_A.npy,data\collab_cache\Vid-20260421-Wa0070_A005_B006_f0016_B.npy,Vid-20260421-Wa0070,848,478,5,6
Vid-20260421-Wa0070_A005_B010_f0016,C,data\collab_cache\Vid-20260421-Wa0070_A005_B010_f0016_A.npy,data\collab_cache\Vid-20260421-Wa0070_A005_B010_f0016_B.npy,Vid-20260421-Wa0070,848,478,5,10
Vid-20260421-Wa0070_A005_B006_f0020,C,data\collab_cache\Vid-20260421-Wa0070_A005_B006_f0020_A.npy,data\collab_cache\Vid-20260421-Wa0070_A005_B006_f0020_B.npy,Vid-20260421-Wa0070,848,478,5,6
Vid-20260421-Wa0070_A005_B010_f0020,C,data\collab_cache\Vid-20260421-Wa0070_A005_B010_f0020_A.npy,data\collab_cache\Vid-20260421-Wa0070_A005_B010_f0020_B.npy,Vid-20260421-Wa0070,848,478,5,10
Vid-20260421-Wa0070_A005_B011_f0020,C,data\collab_cache\Vid-20260421-Wa0070_A005_B011_f0020_A.npy,data\collab_cache\Vid-20260421-Wa0070_A005_B011_f0020_B.npy,Vid-20260421-Wa0070,848,478,5,11
Vid-20260421-Wa0070_A005_B012_f0020,C,data\collab_cache\Vid-20260421-Wa0070_A005_B012_f0020_A.npy,data\collab_cache\Vid-20260421-Wa0070_A005_B012_f0020_B.npy,Vid-20260421-Wa0070,848,478,5,12
Vid-20260421-Wa0070_A005_B006_f0024,C,data\collab_cache\Vid-20260421-Wa0070_A005_B006_f0024_A.npy,data\collab_cache\Vid-20260421-Wa0070_A005_B006_f0024_B.npy,Vid-20260421-Wa0070,848,478,5,6
Vid-20260421-Wa0070_A005_B011_f0024,C,data\collab_cache\Vid-20260421-Wa0070_A005_B011_f0024_A.npy,data\collab_cache\Vid-20260421-Wa0070_A005_B011_f0024_B.npy,Vid-20260421-Wa0070,848,478,5,11
Vid-20260421-Wa0070_A005_B012_f0024,C,data\collab_cache\Vid-20260421-Wa0070_A005_B012_f0024_A.npy,data\collab_cache\Vid-20260421-Wa0070_A005_B012_f0024_B.npy,Vid-20260421-Wa0070,848,478,5,12
Vid-20260421-Wa0070_A006_B011_f0020,C,data\collab_cache\Vid-20260421-Wa0070_A006_B011_f0020_A.npy,data\collab_cache\Vid-20260421-Wa0070_A006_B011_f0020_B.npy,Vid-20260421-Wa0070,848,478,6,11
Vid-20260421-Wa0070_A006_B011_f0024,C,data\collab_cache\Vid-20260421-Wa0070_A006_B011_f0024_A.npy,data\collab_cache\Vid-20260421-Wa0070_A006_B011_f0024_B.npy,Vid-20260421-Wa0070,848,478,6,11
Vid-20260421-Wa0070_A010_B001_f0010,C,data\collab_cache\Vid-20260421-Wa0070_A010_B001_f0010_A.npy,data\collab_cache\Vid-20260421-Wa0070_A010_B001_f0010_B.npy,Vid-20260421-Wa0070,848,478,10,1
Vid-20260421-Wa0070_A010_B002_f0010,C,data\collab_cache\Vid-20260421-Wa0070_A010_B002_f0010_A.npy,data\collab_cache\Vid-20260421-Wa0070_A010_B002_f0010_B.npy,Vid-20260421-Wa0070,848,478,10,2
Vid-20260421-Wa0070_A010_B003_f0010,C,data\collab_cache\Vid-20260421-Wa0070_A010_B003_f0010_A.npy,data\collab_cache\Vid-20260421-Wa0070_A010_B003_f0010_B.npy,Vid-20260421-Wa0070,848,478,10,3
Vid-20260421-Wa0070_A010_B004_f0010,C,data\collab_cache\Vid-20260421-Wa0070_A010_B004_f0010_A.npy,data\collab_cache\Vid-20260421-Wa0070_A010_B004_f0010_B.npy,Vid-20260421-Wa0070,848,478,10,4
Vid-20260421-Wa0070_A010_B005_f0010,C,data\collab_cache\Vid-20260421-Wa0070_A010_B005_f0010_A.npy,data\collab_cache\Vid-20260421-Wa0070_A010_B005_f0010_B.npy,Vid-20260421-Wa0070,848,478,10,5
Vid-20260421-Wa0070_A010_B001_f0014,C,data\collab_cache\Vid-20260421-Wa0070_A010_B001_f0014_A.npy,data\collab_cache\Vid-20260421-Wa0070_A010_B001_f0014_B.npy,Vid-20260421-Wa0070,848,478,10,1
Vid-20260421-Wa0070_A010_B002_f0014,C,data\collab_cache\Vid-20260421-Wa0070_A010_B002_f0014_A.npy,data\collab_cache\Vid-20260421-Wa0070_A010_B002_f0014_B.npy,Vid-20260421-Wa0070,848,478,10,2
Vid-20260421-Wa0070_A010_B003_f0014,C,data\collab_cache\Vid-20260421-Wa0070_A010_B003_f0014_A.npy,data\collab_cache\Vid-20260421-Wa0070_A010_B003_f0014_B.npy,Vid-20260421-Wa0070,848,478,10,3
Vid-20260421-Wa0070_A010_B004_f0014,C,data\collab_cache\Vid-20260421-Wa0070_A010_B004_f0014_A.npy,data\collab_cache\Vid-20260421-Wa0070_A010_B004_f0014_B.npy,Vid-20260421-Wa0070,848,478,10,4
Vid-20260421-Wa0070_A010_B005_f0014,C,data\collab_cache\Vid-20260421-Wa0070_A010_B005_f0014_A.npy,data\collab_cache\Vid-20260421-Wa0070_A010_B005_f0014_B.npy,Vid-20260421-Wa0070,848,478,10,5
Vid-20260421-Wa0070_A011_B001_f0025,C,data\collab_cache\Vid-20260421-Wa0070_A011_B001_f0025_A.npy,data\collab_cache\Vid-20260421-Wa0070_A011_B001_f0025_B.npy,Vid-20260421-Wa0070,848,478,11,1
Vid-20260421-Wa0070_A011_B002_f0025,C,data\collab_cache\Vid-20260421-Wa0070_A011_B002_f0025_A.npy,data\collab_cache\Vid-20260421-Wa0070_A011_B002_f0025_B.npy,Vid-20260421-Wa0070,848,478,11,2
Vid-20260421-Wa0070_A011_B004_f0025,C,data\collab_cache\Vid-20260421-Wa0070_A011_B004_f0025_A.npy,data\collab_cache\Vid-20260421-Wa0070_A011_B004_f0025_B.npy,Vid-20260421-Wa0070,848,478,11,4
Vid-20260421-Wa0070_A011_B005_f0025,C,data\collab_cache\Vid-20260421-Wa0070_A011_B005_f0025_A.npy,data\collab_cache\Vid-20260421-Wa0070_A011_B005_f0025_B.npy,Vid-20260421-Wa0070,848,478,11,5
Vid-20260421-Wa0070_A011_B006_f0025,C,data\collab_cache\Vid-20260421-Wa0070_A011_B006_f0025_A.npy,data\collab_cache\Vid-20260421-Wa0070_A011_B006_f0025_B.npy,Vid-20260421-Wa0070,848,478,11,6
Vid-20260421-Wa0070_A011_B012_f0025,C,data\collab_cache\Vid-20260421-Wa0070_A011_B012_f0025_A.npy,data\collab_cache\Vid-20260421-Wa0070_A011_B012_f0025_B.npy,Vid-20260421-Wa0070,848,478,11,12
Vid-20260421-Wa0070_A012_B001_f0025,C,data\collab_cache\Vid-20260421-Wa0070_A012_B001_f0025_A.npy,data\collab_cache\Vid-20260421-Wa0070_A012_B001_f0025_B.npy,Vid-20260421-Wa0070,848,478,12,1
Vid-20260421-Wa0070_A012_B002_f0025,C,data\collab_cache\Vid-20260421-Wa0070_A012_B002_f0025_A.npy,data\collab_cache\Vid-20260421-Wa0070_A012_B002_f0025_B.npy,Vid-20260421-Wa0070,848,478,12,2
Vid-20260421-Wa0070_A012_B003_f0025,C,data\collab_cache\Vid-20260421-Wa0070_A012_B003_f0025_A.npy,data\collab_cache\Vid-20260421-Wa0070_A012_B003_f0025_B.npy,Vid-20260421-Wa0070,848,478,12,3
Vid-20260421-Wa0070_A012_B004_f0025,C,data\collab_cache\Vid-20260421-Wa0070_A012_B004_f0025_A.npy,data\collab_cache\Vid-20260421-Wa0070_A012_B004_f0025_B.npy,Vid-20260421-Wa0070,848,478,12,4
Vid-20260421-Wa0070_A012_B005_f0025,C,data\collab_cache\Vid-20260421-Wa0070_A012_B005_f0025_A.npy,data\collab_cache\Vid-20260421-Wa0070_A012_B005_f0025_B.npy,Vid-20260421-Wa0070,848,478,12,5
VID_ (2)_A001_B002_f0000,C,data\collab_cache\VID_ (2)_A001_B002_f0000_A.npy,data\collab_cache\VID_ (2)_A001_B002_f0000_B.npy,VID_ (2),848,480,1,2
VID_ (2)_A001_B003_f0000,N,data\collab_cache\VID_ (2)_A001_B003_f0000_A.npy,data\collab_cache\VID_ (2)_A001_B003_f0000_B.npy,VID_ (2),848,480,1,3
VID_ (2)_A001_B004_f0000,C,data\collab_cache\VID_ (2)_A001_B004_f0000_A.npy,data\collab_cache\VID_ (2)_A001_B004_f0000_B.npy,VID_ (2),848,480,1,4
VID_ (2)_A001_B005_f0000,N,data\collab_cache\VID_ (2)_A001_B005_f0000_A.npy,data\collab_cache\VID_ (2)_A001_B005_f0000_B.npy,VID_ (2),848,480,1,5
VID_ (2)_A001_B006_f0000,N,data\collab_cache\VID_ (2)_A001_B006_f0000_A.npy,data\collab_cache\VID_ (2)_A001_B006_f0000_B.npy,VID_ (2),848,480,1,6
VID_ (2)_A001_B007_f0000,C,data\collab_cache\VID_ (2)_A001_B007_f0000_A.npy,data\collab_cache\VID_ (2)_A001_B007_f0000_B.npy,VID_ (2),848,480,1,7
VID_ (2)_A001_B008_f0000,N,data\collab_cache\VID_ (2)_A001_B008_f0000_A.npy,data\collab_cache\VID_ (2)_A001_B008_f0000_B.npy,VID_ (2),848,480,1,8
VID_ (2)_A001_B002_f0004,C,data\collab_cache\VID_ (2)_A001_B002_f0004_A.npy,data\collab_cache\VID_ (2)_A001_B002_f0004_B.npy,VID_ (2),848,480,1,2
VID_ (2)_A001_B003_f0004,N,data\collab_cache\VID_ (2)_A001_B003_f0004_A.npy,data\collab_cache\VID_ (2)_A001_B003_f0004_B.npy,VID_ (2),848,480,1,3
VID_ (2)_A001_B004_f0004,C,data\collab_cache\VID_ (2)_A001_B004_f0004_A.npy,data\collab_cache\VID_ (2)_A001_B004_f0004_B.npy,VID_ (2),848,480,1,4
VID_ (2)_A001_B005_f0004,N,data\collab_cache\VID_ (2)_A001_B005_f0004_A.npy,data\collab_cache\VID_ (2)_A001_B005_f0004_B.npy,VID_ (2),848,480,1,5
VID_ (2)_A001_B006_f0004,N,data\collab_cache\VID_ (2)_A001_B006_f0004_A.npy,data\collab_cache\VID_ (2)_A001_B006_f0004_B.npy,VID_ (2),848,480,1,6
VID_ (2)_A001_B007_f0004,C,data\collab_cache\VID_ (2)_A001_B007_f0004_A.npy,data\collab_cache\VID_ (2)_A001_B007_f0004_B.npy,VID_ (2),848,480,1,7
VID_ (2)_A001_B008_f0004,N,data\collab_cache\VID_ (2)_A001_B008_f0004_A.npy,data\collab_cache\VID_ (2)_A001_B008_f0004_B.npy,VID_ (2),848,480,1,8
VID_ (2)_A001_B002_f0008,C,data\collab_cache\VID_ (2)_A001_B002_f0008_A.npy,data\collab_cache\VID_ (2)_A001_B002_f0008_B.npy,VID_ (2),848,480,1,2
VID_ (2)_A001_B003_f0008,N,data\collab_cache\VID_ (2)_A001_B003_f0008_A.npy,data\collab_cache\VID_ (2)_A001_B003_f0008_B.npy,VID_ (2),848,480,1,3
VID_ (2)_A001_B004_f0008,C,data\collab_cache\VID_ (2)_A001_B004_f0008_A.npy,data\collab_cache\VID_ (2)_A001_B004_f0008_B.npy,VID_ (2),848,480,1,4
VID_ (2)_A001_B005_f0008,N,data\collab_cache\VID_ (2)_A001_B005_f0008_A.npy,data\collab_cache\VID_ (2)_A001_B005_f0008_B.npy,VID_ (2),848,480,1,5
VID_ (2)_A001_B006_f0008,N,data\collab_cache\VID_ (2)_A001_B006_f0008_A.npy,data\collab_cache\VID_ (2)_A001_B006_f0008_B.npy,VID_ (2),848,480,1,6
VID_ (2)_A001_B007_f0008,C,data\collab_cache\VID_ (2)_A001_B007_f0008_A.npy,data\collab_cache\VID_ (2)_A001_B007_f0008_B.npy,VID_ (2),848,480,1,7
VID_ (2)_A001_B008_f0008,N,data\collab_cache\VID_ (2)_A001_B008_f0008_A.npy,data\collab_cache\VID_ (2)_A001_B008_f0008_B.npy,VID_ (2),848,480,1,8
VID_ (2)_A001_B002_f0012,C,data\collab_cache\VID_ (2)_A001_B002_f0012_A.npy,data\collab_cache\VID_ (2)_A001_B002_f0012_B.npy,VID_ (2),848,480,1,2
VID_ (2)_A001_B003_f0012,N,data\collab_cache\VID_ (2)_A001_B003_f0012_A.npy,data\collab_cache\VID_ (2)_A001_B003_f0012_B.npy,VID_ (2),848,480,1,3
VID_ (2)_A001_B005_f0012,N,data\collab_cache\VID_ (2)_A001_B005_f0012_A.npy,data\collab_cache\VID_ (2)_A001_B005_f0012_B.npy,VID_ (2),848,480,1,5
VID_ (2)_A001_B006_f0012,N,data\collab_cache\VID_ (2)_A001_B006_f0012_A.npy,data\collab_cache\VID_ (2)_A001_B006_f0012_B.npy,VID_ (2),848,480,1,6
VID_ (2)_A001_B007_f0012,C,data\collab_cache\VID_ (2)_A001_B007_f0012_A.npy,data\collab_cache\VID_ (2)_A001_B007_f0012_B.npy,VID_ (2),848,480,1,7
VID_ (2)_A001_B008_f0012,N,data\collab_cache\VID_ (2)_A001_B008_f0012_A.npy,data\collab_cache\VID_ (2)_A001_B008_f0012_B.npy,VID_ (2),848,480,1,8
VID_ (2)_A001_B002_f0016,C,data\collab_cache\VID_ (2)_A001_B002_f0016_A.npy,data\collab_cache\VID_ (2)_A001_B002_f0016_B.npy,VID_ (2),848,480,1,2
VID_ (2)_A001_B003_f0016,N,data\collab_cache\VID_ (2)_A001_B003_f0016_A.npy,data\collab_cache\VID_ (2)_A001_B003_f0016_B.npy,VID_ (2),848,480,1,3
VID_ (2)_A001_B005_f0016,N,data\collab_cache\VID_ (2)_A001_B005_f0016_A.npy,data\collab_cache\VID_ (2)_A001_B005_f0016_B.npy,VID_ (2),848,480,1,5
VID_ (2)_A001_B007_f0016,C,data\collab_cache\VID_ (2)_A001_B007_f0016_A.npy,data\collab_cache\VID_ (2)_A001_B007_f0016_B.npy,VID_ (2),848,480,1,7
VID_ (2)_A001_B008_f0016,N,data\collab_cache\VID_ (2)_A001_B008_f0016_A.npy,data\collab_cache\VID_ (2)_A001_B008_f0016_B.npy,VID_ (2),848,480,1,8
VID_ (2)_A001_B002_f0020,C,data\collab_cache\VID_ (2)_A001_B002_f0020_A.npy,data\collab_cache\VID_ (2)_A001_B002_f0020_B.npy,VID_ (2),848,480,1,2
VID_ (2)_A001_B003_f0020,N,data\collab_cache\VID_ (2)_A001_B003_f0020_A.npy,data\collab_cache\VID_ (2)_A001_B003_f0020_B.npy,VID_ (2),848,480,1,3
VID_ (2)_A001_B005_f0020,N,data\collab_cache\VID_ (2)_A001_B005_f0020_A.npy,data\collab_cache\VID_ (2)_A001_B005_f0020_B.npy,VID_ (2),848,480,1,5
VID_ (2)_A001_B007_f0020,C,data\collab_cache\VID_ (2)_A001_B007_f0020_A.npy,data\collab_cache\VID_ (2)_A001_B007_f0020_B.npy,VID_ (2),848,480,1,7
VID_ (2)_A001_B008_f0020,N,data\collab_cache\VID_ (2)_A001_B008_f0020_A.npy,data\collab_cache\VID_ (2)_A001_B008_f0020_B.npy,VID_ (2),848,480,1,8
VID_ (2)_A001_B002_f0024,C,data\collab_cache\VID_ (2)_A001_B002_f0024_A.npy,data\collab_cache\VID_ (2)_A001_B002_f0024_B.npy,VID_ (2),848,480,1,2
VID_ (2)_A001_B003_f0024,N,data\collab_cache\VID_ (2)_A001_B003_f0024_A.npy,data\collab_cache\VID_ (2)_A001_B003_f0024_B.npy,VID_ (2),848,480,1,3
VID_ (2)_A001_B005_f0024,N,data\collab_cache\VID_ (2)_A001_B005_f0024_A.npy,data\collab_cache\VID_ (2)_A001_B005_f0024_B.npy,VID_ (2),848,480,1,5
VID_ (2)_A001_B007_f0024,C,data\collab_cache\VID_ (2)_A001_B007_f0024_A.npy,data\collab_cache\VID_ (2)_A001_B007_f0024_B.npy,VID_ (2),848,480,1,7
VID_ (2)_A001_B008_f0024,N,data\collab_cache\VID_ (2)_A001_B008_f0024_A.npy,data\collab_cache\VID_ (2)_A001_B008_f0024_B.npy,VID_ (2),848,480,1,8
VID_ (2)_A001_B002_f0028,C,data\collab_cache\VID_ (2)_A001_B002_f0028_A.npy,data\collab_cache\VID_ (2)_A001_B002_f0028_B.npy,VID_ (2),848,480,1,2
VID_ (2)_A001_B003_f0028,N,data\collab_cache\VID_ (2)_A001_B003_f0028_A.npy,data\collab_cache\VID_ (2)_A001_B003_f0028_B.npy,VID_ (2),848,480,1,3
VID_ (2)_A001_B005_f0028,N,data\collab_cache\VID_ (2)_A001_B005_f0028_A.npy,data\collab_cache\VID_ (2)_A001_B005_f0028_B.npy,VID_ (2),848,480,1,5
VID_ (2)_A001_B007_f0028,C,data\collab_cache\VID_ (2)_A001_B007_f0028_A.npy,data\collab_cache\VID_ (2)_A001_B007_f0028_B.npy,VID_ (2),848,480,1,7
VID_ (2)_A001_B008_f0028,N,data\collab_cache\VID_ (2)_A001_B008_f0028_A.npy,data\collab_cache\VID_ (2)_A001_B008_f0028_B.npy,VID_ (2),848,480,1,8
VID_ (2)_A001_B002_f0032,C,data\collab_cache\VID_ (2)_A001_B002_f0032_A.npy,data\collab_cache\VID_ (2)_A001_B002_f0032_B.npy,VID_ (2),848,480,1,2
VID_ (2)_A001_B003_f0032,N,data\collab_cache\VID_ (2)_A001_B003_f0032_A.npy,data\collab_cache\VID_ (2)_A001_B003_f0032_B.npy,VID_ (2),848,480,1,3
VID_ (2)_A001_B005_f0032,N,data\collab_cache\VID_ (2)_A001_B005_f0032_A.npy,data\collab_cache\VID_ (2)_A001_B005_f0032_B.npy,VID_ (2),848,480,1,5
VID_ (2)_A001_B006_f0032,N,data\collab_cache\VID_ (2)_A001_B006_f0032_A.npy,data\collab_cache\VID_ (2)_A001_B006_f0032_B.npy,VID_ (2),848,480,1,6
VID_ (2)_A001_B007_f0032,C,data\collab_cache\VID_ (2)_A001_B007_f0032_A.npy,data\collab_cache\VID_ (2)_A001_B007_f0032_B.npy,VID_ (2),848,480,1,7
VID_ (2)_A001_B008_f0032,N,data\collab_cache\VID_ (2)_A001_B008_f0032_A.npy,data\collab_cache\VID_ (2)_A001_B008_f0032_B.npy,VID_ (2),848,480,1,8
VID_ (2)_A001_B002_f0036,C,data\collab_cache\VID_ (2)_A001_B002_f0036_A.npy,data\collab_cache\VID_ (2)_A001_B002_f0036_B.npy,VID_ (2),848,480,1,2
VID_ (2)_A001_B003_f0036,N,data\collab_cache\VID_ (2)_A001_B003_f0036_A.npy,data\collab_cache\VID_ (2)_A001_B003_f0036_B.npy,VID_ (2),848,480,1,3
VID_ (2)_A001_B005_f0036,N,data\collab_cache\VID_ (2)_A001_B005_f0036_A.npy,data\collab_cache\VID_ (2)_A001_B005_f0036_B.npy,VID_ (2),848,480,1,5
VID_ (2)_A001_B006_f0036,N,data\collab_cache\VID_ (2)_A001_B006_f0036_A.npy,data\collab_cache\VID_ (2)_A001_B006_f0036_B.npy,VID_ (2),848,480,1,6
VID_ (2)_A001_B007_f0036,C,data\collab_cache\VID_ (2)_A001_B007_f0036_A.npy,data\collab_cache\VID_ (2)_A001_B007_f0036_B.npy,VID_ (2),848,480,1,7
VID_ (2)_A001_B002_f0040,C,data\collab_cache\VID_ (2)_A001_B002_f0040_A.npy,data\collab_cache\VID_ (2)_A001_B002_f0040_B.npy,VID_ (2),848,480,1,2
VID_ (2)_A001_B003_f0040,N,data\collab_cache\VID_ (2)_A001_B003_f0040_A.npy,data\collab_cache\VID_ (2)_A001_B003_f0040_B.npy,VID_ (2),848,480,1,3
VID_ (2)_A001_B005_f0040,N,data\collab_cache\VID_ (2)_A001_B005_f0040_A.npy,data\collab_cache\VID_ (2)_A001_B005_f0040_B.npy,VID_ (2),848,480,1,5
VID_ (2)_A001_B006_f0040,N,data\collab_cache\VID_ (2)_A001_B006_f0040_A.npy,data\collab_cache\VID_ (2)_A001_B006_f0040_B.npy,VID_ (2),848,480,1,6
VID_ (2)_A001_B007_f0040,C,data\collab_cache\VID_ (2)_A001_B007_f0040_A.npy,data\collab_cache\VID_ (2)_A001_B007_f0040_B.npy,VID_ (2),848,480,1,7
VID_ (2)_A001_B008_f0040,N,data\collab_cache\VID_ (2)_A001_B008_f0040_A.npy,data\collab_cache\VID_ (2)_A001_B008_f0040_B.npy,VID_ (2),848,480,1,8
VID_ (2)_A001_B002_f0044,C,data\collab_cache\VID_ (2)_A001_B002_f0044_A.npy,data\collab_cache\VID_ (2)_A001_B002_f0044_B.npy,VID_ (2),848,480,1,2
VID_ (2)_A001_B003_f0044,N,data\collab_cache\VID_ (2)_A001_B003_f0044_A.npy,data\collab_cache\VID_ (2)_A001_B003_f0044_B.npy,VID_ (2),848,480,1,3
VID_ (2)_A001_B005_f0044,N,data\collab_cache\VID_ (2)_A001_B005_f0044_A.npy,data\collab_cache\VID_ (2)_A001_B005_f0044_B.npy,VID_ (2),848,480,1,5
VID_ (2)_A001_B006_f0044,N,data\collab_cache\VID_ (2)_A001_B006_f0044_A.npy,data\collab_cache\VID_ (2)_A001_B006_f0044_B.npy,VID_ (2),848,480,1,6
VID_ (2)_A001_B007_f0044,C,data\collab_cache\VID_ (2)_A001_B007_f0044_A.npy,data\collab_cache\VID_ (2)_A001_B007_f0044_B.npy,VID_ (2),848,480,1,7
VID_ (2)_A001_B014_f0044,N,data\collab_cache\VID_ (2)_A001_B014_f0044_A.npy,data\collab_cache\VID_ (2)_A001_B014_f0044_B.npy,VID_ (2),848,480,1,14
VID_ (2)_A001_B002_f0048,C,data\collab_cache\VID_ (2)_A001_B002_f0048_A.npy,data\collab_cache\VID_ (2)_A001_B002_f0048_B.npy,VID_ (2),848,480,1,2
VID_ (2)_A001_B003_f0048,N,data\collab_cache\VID_ (2)_A001_B003_f0048_A.npy,data\collab_cache\VID_ (2)_A001_B003_f0048_B.npy,VID_ (2),848,480,1,3
VID_ (2)_A001_B005_f0048,N,data\collab_cache\VID_ (2)_A001_B005_f0048_A.npy,data\collab_cache\VID_ (2)_A001_B005_f0048_B.npy,VID_ (2),848,480,1,5
VID_ (2)_A001_B006_f0048,N,data\collab_cache\VID_ (2)_A001_B006_f0048_A.npy,data\collab_cache\VID_ (2)_A001_B006_f0048_B.npy,VID_ (2),848,480,1,6
VID_ (2)_A001_B007_f0048,C,data\collab_cache\VID_ (2)_A001_B007_f0048_A.npy,data\collab_cache\VID_ (2)_A001_B007_f0048_B.npy,VID_ (2),848,480,1,7
VID_ (2)_A001_B008_f0048,N,data\collab_cache\VID_ (2)_A001_B008_f0048_A.npy,data\collab_cache\VID_ (2)_A001_B008_f0048_B.npy,VID_ (2),848,480,1,8
VID_ (2)_A001_B014_f0048,N,data\collab_cache\VID_ (2)_A001_B014_f0048_A.npy,data\collab_cache\VID_ (2)_A001_B014_f0048_B.npy,VID_ (2),848,480,1,14
VID_ (2)_A001_B002_f0052,C,data\collab_cache\VID_ (2)_A001_B002_f0052_A.npy,data\collab_cache\VID_ (2)_A001_B002_f0052_B.npy,VID_ (2),848,480,1,2
VID_ (2)_A001_B003_f0052,N,data\collab_cache\VID_ (2)_A001_B003_f0052_A.npy,data\collab_cache\VID_ (2)_A001_B003_f0052_B.npy,VID_ (2),848,480,1,3
VID_ (2)_A001_B005_f0052,N,data\collab_cache\VID_ (2)_A001_B005_f0052_A.npy,data\collab_cache\VID_ (2)_A001_B005_f0052_B.npy,VID_ (2),848,480,1,5
VID_ (2)_A001_B006_f0052,N,data\collab_cache\VID_ (2)_A001_B006_f0052_A.npy,data\collab_cache\VID_ (2)_A001_B006_f0052_B.npy,VID_ (2),848,480,1,6
VID_ (2)_A001_B007_f0052,C,data\collab_cache\VID_ (2)_A001_B007_f0052_A.npy,data\collab_cache\VID_ (2)_A001_B007_f0052_B.npy,VID_ (2),848,480,1,7
VID_ (2)_A001_B008_f0052,N,data\collab_cache\VID_ (2)_A001_B008_f0052_A.npy,data\collab_cache\VID_ (2)_A001_B008_f0052_B.npy,VID_ (2),848,480,1,8
VID_ (2)_A001_B014_f0052,N,data\collab_cache\VID_ (2)_A001_B014_f0052_A.npy,data\collab_cache\VID_ (2)_A001_B014_f0052_B.npy,VID_ (2),848,480,1,14
VID_ (2)_A002_B003_f0000,N,data\collab_cache\VID_ (2)_A002_B003_f0000_A.npy,data\collab_cache\VID_ (2)_A002_B003_f0000_B.npy,VID_ (2),848,480,2,3
VID_ (2)_A002_B004_f0000,C,data\collab_cache\VID_ (2)_A002_B004_f0000_A.npy,data\collab_cache\VID_ (2)_A002_B004_f0000_B.npy,VID_ (2),848,480,2,4
VID_ (2)_A002_B005_f0000,N,data\collab_cache\VID_ (2)_A002_B005_f0000_A.npy,data\collab_cache\VID_ (2)_A002_B005_f0000_B.npy,VID_ (2),848,480,2,5
VID_ (2)_A002_B006_f0000,N,data\collab_cache\VID_ (2)_A002_B006_f0000_A.npy,data\collab_cache\VID_ (2)_A002_B006_f0000_B.npy,VID_ (2),848,480,2,6
VID_ (2)_A002_B007_f0000,C,data\collab_cache\VID_ (2)_A002_B007_f0000_A.npy,data\collab_cache\VID_ (2)_A002_B007_f0000_B.npy,VID_ (2),848,480,2,7
VID_ (2)_A002_B008_f0000,N,data\collab_cache\VID_ (2)_A002_B008_f0000_A.npy,data\collab_cache\VID_ (2)_A002_B008_f0000_B.npy,VID_ (2),848,480,2,8
VID_ (2)_A002_B003_f0004,N,data\collab_cache\VID_ (2)_A002_B003_f0004_A.npy,data\collab_cache\VID_ (2)_A002_B003_f0004_B.npy,VID_ (2),848,480,2,3
VID_ (2)_A002_B004_f0004,C,data\collab_cache\VID_ (2)_A002_B004_f0004_A.npy,data\collab_cache\VID_ (2)_A002_B004_f0004_B.npy,VID_ (2),848,480,2,4
VID_ (2)_A002_B005_f0004,N,data\collab_cache\VID_ (2)_A002_B005_f0004_A.npy,data\collab_cache\VID_ (2)_A002_B005_f0004_B.npy,VID_ (2),848,480,2,5
VID_ (2)_A002_B006_f0004,N,data\collab_cache\VID_ (2)_A002_B006_f0004_A.npy,data\collab_cache\VID_ (2)_A002_B006_f0004_B.npy,VID_ (2),848,480,2,6
VID_ (2)_A002_B007_f0004,C,data\collab_cache\VID_ (2)_A002_B007_f0004_A.npy,data\collab_cache\VID_ (2)_A002_B007_f0004_B.npy,VID_ (2),848,480,2,7
VID_ (2)_A002_B008_f0004,N,data\collab_cache\VID_ (2)_A002_B008_f0004_A.npy,data\collab_cache\VID_ (2)_A002_B008_f0004_B.npy,VID_ (2),848,480,2,8
VID_ (2)_A002_B003_f0008,N,data\collab_cache\VID_ (2)_A002_B003_f0008_A.npy,data\collab_cache\VID_ (2)_A002_B003_f0008_B.npy,VID_ (2),848,480,2,3
VID_ (2)_A002_B004_f0008,C,data\collab_cache\VID_ (2)_A002_B004_f0008_A.npy,data\collab_cache\VID_ (2)_A002_B004_f0008_B.npy,VID_ (2),848,480,2,4
VID_ (2)_A002_B005_f0008,N,data\collab_cache\VID_ (2)_A002_B005_f0008_A.npy,data\collab_cache\VID_ (2)_A002_B005_f0008_B.npy,VID_ (2),848,480,2,5
VID_ (2)_A002_B006_f0008,N,data\collab_cache\VID_ (2)_A002_B006_f0008_A.npy,data\collab_cache\VID_ (2)_A002_B006_f0008_B.npy,VID_ (2),848,480,2,6
VID_ (2)_A002_B007_f0008,C,data\collab_cache\VID_ (2)_A002_B007_f0008_A.npy,data\collab_cache\VID_ (2)_A002_B007_f0008_B.npy,VID_ (2),848,480,2,7
VID_ (2)_A002_B008_f0008,N,data\collab_cache\VID_ (2)_A002_B008_f0008_A.npy,data\collab_cache\VID_ (2)_A002_B008_f0008_B.npy,VID_ (2),848,480,2,8
VID_ (2)_A002_B003_f0012,N,data\collab_cache\VID_ (2)_A002_B003_f0012_A.npy,data\collab_cache\VID_ (2)_A002_B003_f0012_B.npy,VID_ (2),848,480,2,3
VID_ (2)_A002_B005_f0012,N,data\collab_cache\VID_ (2)_A002_B005_f0012_A.npy,data\collab_cache\VID_ (2)_A002_B005_f0012_B.npy,VID_ (2),848,480,2,5
VID_ (2)_A002_B006_f0012,N,data\collab_cache\VID_ (2)_A002_B006_f0012_A.npy,data\collab_cache\VID_ (2)_A002_B006_f0012_B.npy,VID_ (2),848,480,2,6
VID_ (2)_A002_B007_f0012,C,data\collab_cache\VID_ (2)_A002_B007_f0012_A.npy,data\collab_cache\VID_ (2)_A002_B007_f0012_B.npy,VID_ (2),848,480,2,7
VID_ (2)_A002_B008_f0012,N,data\collab_cache\VID_ (2)_A002_B008_f0012_A.npy,data\collab_cache\VID_ (2)_A002_B008_f0012_B.npy,VID_ (2),848,480,2,8
VID_ (2)_A002_B003_f0016,N,data\collab_cache\VID_ (2)_A002_B003_f0016_A.npy,data\collab_cache\VID_ (2)_A002_B003_f0016_B.npy,VID_ (2),848,480,2,3
VID_ (2)_A002_B005_f0016,N,data\collab_cache\VID_ (2)_A002_B005_f0016_A.npy,data\collab_cache\VID_ (2)_A002_B005_f0016_B.npy,VID_ (2),848,480,2,5
VID_ (2)_A002_B007_f0016,N,data\collab_cache\VID_ (2)_A002_B007_f0016_A.npy,data\collab_cache\VID_ (2)_A002_B007_f0016_B.npy,VID_ (2),848,480,2,7
VID_ (2)_A002_B008_f0016,N,data\collab_cache\VID_ (2)_A002_B008_f0016_A.npy,data\collab_cache\VID_ (2)_A002_B008_f0016_B.npy,VID_ (2),848,480,2,8
VID_ (2)_A002_B003_f0020,N,data\collab_cache\VID_ (2)_A002_B003_f0020_A.npy,data\collab_cache\VID_ (2)_A002_B003_f0020_B.npy,VID_ (2),848,480,2,3
VID_ (2)_A002_B005_f0020,N,data\collab_cache\VID_ (2)_A002_B005_f0020_A.npy,data\collab_cache\VID_ (2)_A002_B005_f0020_B.npy,VID_ (2),848,480,2,5
VID_ (2)_A002_B007_f0020,C,data\collab_cache\VID_ (2)_A002_B007_f0020_A.npy,data\collab_cache\VID_ (2)_A002_B007_f0020_B.npy,VID_ (2),848,480,2,7
VID_ (2)_A002_B008_f0020,N,data\collab_cache\VID_ (2)_A002_B008_f0020_A.npy,data\collab_cache\VID_ (2)_A002_B008_f0020_B.npy,VID_ (2),848,480,2,8
VID_ (2)_A002_B003_f0024,N,data\collab_cache\VID_ (2)_A002_B003_f0024_A.npy,data\collab_cache\VID_ (2)_A002_B003_f0024_B.npy,VID_ (2),848,480,2,3
VID_ (2)_A002_B005_f0024,N,data\collab_cache\VID_ (2)_A002_B005_f0024_A.npy,data\collab_cache\VID_ (2)_A002_B005_f0024_B.npy,VID_ (2),848,480,2,5
VID_ (2)_A002_B007_f0024,C,data\collab_cache\VID_ (2)_A002_B007_f0024_A.npy,data\collab_cache\VID_ (2)_A002_B007_f0024_B.npy,VID_ (2),848,480,2,7
VID_ (2)_A002_B008_f0024,N,data\collab_cache\VID_ (2)_A002_B008_f0024_A.npy,data\collab_cache\VID_ (2)_A002_B008_f0024_B.npy,VID_ (2),848,480,2,8
VID_ (2)_A002_B003_f0028,N,data\collab_cache\VID_ (2)_A002_B003_f0028_A.npy,data\collab_cache\VID_ (2)_A002_B003_f0028_B.npy,VID_ (2),848,480,2,3
VID_ (2)_A002_B005_f0028,N,data\collab_cache\VID_ (2)_A002_B005_f0028_A.npy,data\collab_cache\VID_ (2)_A002_B005_f0028_B.npy,VID_ (2),848,480,2,5
VID_ (2)_A002_B006_f0028,N,data\collab_cache\VID_ (2)_A002_B006_f0028_A.npy,data\collab_cache\VID_ (2)_A002_B006_f0028_B.npy,VID_ (2),848,480,2,6
VID_ (2)_A002_B007_f0028,C,data\collab_cache\VID_ (2)_A002_B007_f0028_A.npy,data\collab_cache\VID_ (2)_A002_B007_f0028_B.npy,VID_ (2),848,480,2,7
VID_ (2)_A002_B008_f0028,N,data\collab_cache\VID_ (2)_A002_B008_f0028_A.npy,data\collab_cache\VID_ (2)_A002_B008_f0028_B.npy,VID_ (2),848,480,2,8
VID_ (2)_A002_B003_f0032,N,data\collab_cache\VID_ (2)_A002_B003_f0032_A.npy,data\collab_cache\VID_ (2)_A002_B003_f0032_B.npy,VID_ (2),848,480,2,3
VID_ (2)_A002_B004_f0032,C,data\collab_cache\VID_ (2)_A002_B004_f0032_A.npy,data\collab_cache\VID_ (2)_A002_B004_f0032_B.npy,VID_ (2),848,480,2,4
VID_ (2)_A002_B005_f0032,N,data\collab_cache\VID_ (2)_A002_B005_f0032_A.npy,data\collab_cache\VID_ (2)_A002_B005_f0032_B.npy,VID_ (2),848,480,2,5
VID_ (2)_A002_B006_f0032,N,data\collab_cache\VID_ (2)_A002_B006_f0032_A.npy,data\collab_cache\VID_ (2)_A002_B006_f0032_B.npy,VID_ (2),848,480,2,6
VID_ (2)_A002_B007_f0032,C,data\collab_cache\VID_ (2)_A002_B007_f0032_A.npy,data\collab_cache\VID_ (2)_A002_B007_f0032_B.npy,VID_ (2),848,480,2,7
VID_ (2)_A002_B008_f0032,N,data\collab_cache\VID_ (2)_A002_B008_f0032_A.npy,data\collab_cache\VID_ (2)_A002_B008_f0032_B.npy,VID_ (2),848,480,2,8
VID_ (2)_A002_B003_f0036,N,data\collab_cache\VID_ (2)_A002_B003_f0036_A.npy,data\collab_cache\VID_ (2)_A002_B003_f0036_B.npy,VID_ (2),848,480,2,3
VID_ (2)_A002_B005_f0036,N,data\collab_cache\VID_ (2)_A002_B005_f0036_A.npy,data\collab_cache\VID_ (2)_A002_B005_f0036_B.npy,VID_ (2),848,480,2,5
VID_ (2)_A002_B006_f0036,N,data\collab_cache\VID_ (2)_A002_B006_f0036_A.npy,data\collab_cache\VID_ (2)_A002_B006_f0036_B.npy,VID_ (2),848,480,2,6
VID_ (2)_A002_B007_f0036,C,data\collab_cache\VID_ (2)_A002_B007_f0036_A.npy,data\collab_cache\VID_ (2)_A002_B007_f0036_B.npy,VID_ (2),848,480,2,7
VID_ (2)_A002_B008_f0036,N,data\collab_cache\VID_ (2)_A002_B008_f0036_A.npy,data\collab_cache\VID_ (2)_A002_B008_f0036_B.npy,VID_ (2),848,480,2,8
VID_ (2)_A002_B003_f0040,N,data\collab_cache\VID_ (2)_A002_B003_f0040_A.npy,data\collab_cache\VID_ (2)_A002_B003_f0040_B.npy,VID_ (2),848,480,2,3
VID_ (2)_A002_B005_f0040,N,data\collab_cache\VID_ (2)_A002_B005_f0040_A.npy,data\collab_cache\VID_ (2)_A002_B005_f0040_B.npy,VID_ (2),848,480,2,5
VID_ (2)_A002_B006_f0040,N,data\collab_cache\VID_ (2)_A002_B006_f0040_A.npy,data\collab_cache\VID_ (2)_A002_B006_f0040_B.npy,VID_ (2),848,480,2,6
VID_ (2)_A002_B007_f0040,C,data\collab_cache\VID_ (2)_A002_B007_f0040_A.npy,data\collab_cache\VID_ (2)_A002_B007_f0040_B.npy,VID_ (2),848,480,2,7
VID_ (2)_A002_B008_f0040,N,data\collab_cache\VID_ (2)_A002_B008_f0040_A.npy,data\collab_cache\VID_ (2)_A002_B008_f0040_B.npy,VID_ (2),848,480,2,8
VID_ (2)_A002_B003_f0044,N,data\collab_cache\VID_ (2)_A002_B003_f0044_A.npy,data\collab_cache\VID_ (2)_A002_B003_f0044_B.npy,VID_ (2),848,480,2,3
VID_ (2)_A002_B004_f0044,C,data\collab_cache\VID_ (2)_A002_B004_f0044_A.npy,data\collab_cache\VID_ (2)_A002_B004_f0044_B.npy,VID_ (2),848,480,2,4
VID_ (2)_A002_B005_f0044,N,data\collab_cache\VID_ (2)_A002_B005_f0044_A.npy,data\collab_cache\VID_ (2)_A002_B005_f0044_B.npy,VID_ (2),848,480,2,5
VID_ (2)_A002_B006_f0044,N,data\collab_cache\VID_ (2)_A002_B006_f0044_A.npy,data\collab_cache\VID_ (2)_A002_B006_f0044_B.npy,VID_ (2),848,480,2,6
VID_ (2)_A002_B007_f0044,C,data\collab_cache\VID_ (2)_A002_B007_f0044_A.npy,data\collab_cache\VID_ (2)_A002_B007_f0044_B.npy,VID_ (2),848,480,2,7
VID_ (2)_A002_B008_f0044,N,data\collab_cache\VID_ (2)_A002_B008_f0044_A.npy,data\collab_cache\VID_ (2)_A002_B008_f0044_B.npy,VID_ (2),848,480,2,8
VID_ (2)_A002_B014_f0044,N,data\collab_cache\VID_ (2)_A002_B014_f0044_A.npy,data\collab_cache\VID_ (2)_A002_B014_f0044_B.npy,VID_ (2),848,480,2,14
VID_ (2)_A002_B003_f0048,N,data\collab_cache\VID_ (2)_A002_B003_f0048_A.npy,data\collab_cache\VID_ (2)_A002_B003_f0048_B.npy,VID_ (2),848,480,2,3
VID_ (2)_A002_B005_f0048,N,data\collab_cache\VID_ (2)_A002_B005_f0048_A.npy,data\collab_cache\VID_ (2)_A002_B005_f0048_B.npy,VID_ (2),848,480,2,5
VID_ (2)_A002_B006_f0048,N,data\collab_cache\VID_ (2)_A002_B006_f0048_A.npy,data\collab_cache\VID_ (2)_A002_B006_f0048_B.npy,VID_ (2),848,480,2,6
VID_ (2)_A002_B007_f0048,C,data\collab_cache\VID_ (2)_A002_B007_f0048_A.npy,data\collab_cache\VID_ (2)_A002_B007_f0048_B.npy,VID_ (2),848,480,2,7
VID_ (2)_A002_B008_f0048,N,data\collab_cache\VID_ (2)_A002_B008_f0048_A.npy,data\collab_cache\VID_ (2)_A002_B008_f0048_B.npy,VID_ (2),848,480,2,8
VID_ (2)_A002_B014_f0048,N,data\collab_cache\VID_ (2)_A002_B014_f0048_A.npy,data\collab_cache\VID_ (2)_A002_B014_f0048_B.npy,VID_ (2),848,480,2,14
VID_ (2)_A002_B003_f0052,N,data\collab_cache\VID_ (2)_A002_B003_f0052_A.npy,data\collab_cache\VID_ (2)_A002_B003_f0052_B.npy,VID_ (2),848,480,2,3
VID_ (2)_A002_B005_f0052,N,data\collab_cache\VID_ (2)_A002_B005_f0052_A.npy,data\collab_cache\VID_ (2)_A002_B005_f0052_B.npy,VID_ (2),848,480,2,5
VID_ (2)_A002_B006_f0052,N,data\collab_cache\VID_ (2)_A002_B006_f0052_A.npy,data\collab_cache\VID_ (2)_A002_B006_f0052_B.npy,VID_ (2),848,480,2,6
VID_ (2)_A002_B007_f0052,C,data\collab_cache\VID_ (2)_A002_B007_f0052_A.npy,data\collab_cache\VID_ (2)_A002_B007_f0052_B.npy,VID_ (2),848,480,2,7
VID_ (2)_A002_B008_f0052,N,data\collab_cache\VID_ (2)_A002_B008_f0052_A.npy,data\collab_cache\VID_ (2)_A002_B008_f0052_B.npy,VID_ (2),848,480,2,8
VID_ (2)_A002_B014_f0052,N,data\collab_cache\VID_ (2)_A002_B014_f0052_A.npy,data\collab_cache\VID_ (2)_A002_B014_f0052_B.npy,VID_ (2),848,480,2,14
VID_ (2)_A003_B004_f0000,N,data\collab_cache\VID_ (2)_A003_B004_f0000_A.npy,data\collab_cache\VID_ (2)_A003_B004_f0000_B.npy,VID_ (2),848,480,3,4
VID_ (2)_A003_B005_f0000,N,data\collab_cache\VID_ (2)_A003_B005_f0000_A.npy,data\collab_cache\VID_ (2)_A003_B005_f0000_B.npy,VID_ (2),848,480,3,5
VID_ (2)_A003_B006_f0000,C,data\collab_cache\VID_ (2)_A003_B006_f0000_A.npy,data\collab_cache\VID_ (2)_A003_B006_f0000_B.npy,VID_ (2),848,480,3,6
VID_ (2)_A003_B007_f0000,N,data\collab_cache\VID_ (2)_A003_B007_f0000_A.npy,data\collab_cache\VID_ (2)_A003_B007_f0000_B.npy,VID_ (2),848,480,3,7
VID_ (2)_A003_B008_f0000,N,data\collab_cache\VID_ (2)_A003_B008_f0000_A.npy,data\collab_cache\VID_ (2)_A003_B008_f0000_B.npy,VID_ (2),848,480,3,8
VID_ (2)_A003_B004_f0004,N,data\collab_cache\VID_ (2)_A003_B004_f0004_A.npy,data\collab_cache\VID_ (2)_A003_B004_f0004_B.npy,VID_ (2),848,480,3,4
VID_ (2)_A003_B005_f0004,N,data\collab_cache\VID_ (2)_A003_B005_f0004_A.npy,data\collab_cache\VID_ (2)_A003_B005_f0004_B.npy,VID_ (2),848,480,3,5
VID_ (2)_A003_B006_f0004,C,data\collab_cache\VID_ (2)_A003_B006_f0004_A.npy,data\collab_cache\VID_ (2)_A003_B006_f0004_B.npy,VID_ (2),848,480,3,6
VID_ (2)_A003_B007_f0004,N,data\collab_cache\VID_ (2)_A003_B007_f0004_A.npy,data\collab_cache\VID_ (2)_A003_B007_f0004_B.npy,VID_ (2),848,480,3,7
VID_ (2)_A003_B008_f0004,N,data\collab_cache\VID_ (2)_A003_B008_f0004_A.npy,data\collab_cache\VID_ (2)_A003_B008_f0004_B.npy,VID_ (2),848,480,3,8
VID_ (2)_A003_B004_f0008,N,data\collab_cache\VID_ (2)_A003_B004_f0008_A.npy,data\collab_cache\VID_ (2)_A003_B004_f0008_B.npy,VID_ (2),848,480,3,4
VID_ (2)_A003_B005_f0008,N,data\collab_cache\VID_ (2)_A003_B005_f0008_A.npy,data\collab_cache\VID_ (2)_A003_B005_f0008_B.npy,VID_ (2),848,480,3,5
VID_ (2)_A003_B006_f0008,C,data\collab_cache\VID_ (2)_A003_B006_f0008_A.npy,data\collab_cache\VID_ (2)_A003_B006_f0008_B.npy,VID_ (2),848,480,3,6
VID_ (2)_A003_B007_f0008,N,data\collab_cache\VID_ (2)_A003_B007_f0008_A.npy,data\collab_cache\VID_ (2)_A003_B007_f0008_B.npy,VID_ (2),848,480,3,7
VID_ (2)_A003_B008_f0008,N,data\collab_cache\VID_ (2)_A003_B008_f0008_A.npy,data\collab_cache\VID_ (2)_A003_B008_f0008_B.npy,VID_ (2),848,480,3,8
VID_ (2)_A003_B005_f0012,N,data\collab_cache\VID_ (2)_A003_B005_f0012_A.npy,data\collab_cache\VID_ (2)_A003_B005_f0012_B.npy,VID_ (2),848,480,3,5
VID_ (2)_A003_B006_f0012,C,data\collab_cache\VID_ (2)_A003_B006_f0012_A.npy,data\collab_cache\VID_ (2)_A003_B006_f0012_B.npy,VID_ (2),848,480,3,6
VID_ (2)_A003_B007_f0012,N,data\collab_cache\VID_ (2)_A003_B007_f0012_A.npy,data\collab_cache\VID_ (2)_A003_B007_f0012_B.npy,VID_ (2),848,480,3,7
VID_ (2)_A003_B008_f0012,N,data\collab_cache\VID_ (2)_A003_B008_f0012_A.npy,data\collab_cache\VID_ (2)_A003_B008_f0012_B.npy,VID_ (2),848,480,3,8
VID_ (2)_A003_B005_f0016,N,data\collab_cache\VID_ (2)_A003_B005_f0016_A.npy,data\collab_cache\VID_ (2)_A003_B005_f0016_B.npy,VID_ (2),848,480,3,5
VID_ (2)_A003_B006_f0016,C,data\collab_cache\VID_ (2)_A003_B006_f0016_A.npy,data\collab_cache\VID_ (2)_A003_B006_f0016_B.npy,VID_ (2),848,480,3,6
VID_ (2)_A003_B007_f0016,N,data\collab_cache\VID_ (2)_A003_B007_f0016_A.npy,data\collab_cache\VID_ (2)_A003_B007_f0016_B.npy,VID_ (2),848,480,3,7
VID_ (2)_A003_B008_f0016,N,data\collab_cache\VID_ (2)_A003_B008_f0016_A.npy,data\collab_cache\VID_ (2)_A003_B008_f0016_B.npy,VID_ (2),848,480,3,8
VID_ (2)_A003_B005_f0020,N,data\collab_cache\VID_ (2)_A003_B005_f0020_A.npy,data\collab_cache\VID_ (2)_A003_B005_f0020_B.npy,VID_ (2),848,480,3,5
VID_ (2)_A003_B007_f0020,N,data\collab_cache\VID_ (2)_A003_B007_f0020_A.npy,data\collab_cache\VID_ (2)_A003_B007_f0020_B.npy,VID_ (2),848,480,3,7
VID_ (2)_A003_B008_f0020,N,data\collab_cache\VID_ (2)_A003_B008_f0020_A.npy,data\collab_cache\VID_ (2)_A003_B008_f0020_B.npy,VID_ (2),848,480,3,8
VID_ (2)_A003_B005_f0024,N,data\collab_cache\VID_ (2)_A003_B005_f0024_A.npy,data\collab_cache\VID_ (2)_A003_B005_f0024_B.npy,VID_ (2),848,480,3,5
VID_ (2)_A003_B007_f0024,N,data\collab_cache\VID_ (2)_A003_B007_f0024_A.npy,data\collab_cache\VID_ (2)_A003_B007_f0024_B.npy,VID_ (2),848,480,3,7
VID_ (2)_A003_B008_f0024,N,data\collab_cache\VID_ (2)_A003_B008_f0024_A.npy,data\collab_cache\VID_ (2)_A003_B008_f0024_B.npy,VID_ (2),848,480,3,8
VID_ (2)_A003_B004_f0028,N,data\collab_cache\VID_ (2)_A003_B004_f0028_A.npy,data\collab_cache\VID_ (2)_A003_B004_f0028_B.npy,VID_ (2),848,480,3,4
VID_ (2)_A003_B005_f0028,N,data\collab_cache\VID_ (2)_A003_B005_f0028_A.npy,data\collab_cache\VID_ (2)_A003_B005_f0028_B.npy,VID_ (2),848,480,3,5
VID_ (2)_A003_B007_f0028,N,data\collab_cache\VID_ (2)_A003_B007_f0028_A.npy,data\collab_cache\VID_ (2)_A003_B007_f0028_B.npy,VID_ (2),848,480,3,7
VID_ (2)_A003_B008_f0028,N,data\collab_cache\VID_ (2)_A003_B008_f0028_A.npy,data\collab_cache\VID_ (2)_A003_B008_f0028_B.npy,VID_ (2),848,480,3,8
VID_ (2)_A003_B004_f0032,N,data\collab_cache\VID_ (2)_A003_B004_f0032_A.npy,data\collab_cache\VID_ (2)_A003_B004_f0032_B.npy,VID_ (2),848,480,3,4
VID_ (2)_A003_B005_f0032,N,data\collab_cache\VID_ (2)_A003_B005_f0032_A.npy,data\collab_cache\VID_ (2)_A003_B005_f0032_B.npy,VID_ (2),848,480,3,5
VID_ (2)_A003_B006_f0032,C,data\collab_cache\VID_ (2)_A003_B006_f0032_A.npy,data\collab_cache\VID_ (2)_A003_B006_f0032_B.npy,VID_ (2),848,480,3,6
VID_ (2)_A003_B007_f0032,N,data\collab_cache\VID_ (2)_A003_B007_f0032_A.npy,data\collab_cache\VID_ (2)_A003_B007_f0032_B.npy,VID_ (2),848,480,3,7
VID_ (2)_A003_B008_f0032,N,data\collab_cache\VID_ (2)_A003_B008_f0032_A.npy,data\collab_cache\VID_ (2)_A003_B008_f0032_B.npy,VID_ (2),848,480,3,8
VID_ (2)_A003_B005_f0036,N,data\collab_cache\VID_ (2)_A003_B005_f0036_A.npy,data\collab_cache\VID_ (2)_A003_B005_f0036_B.npy,VID_ (2),848,480,3,5
VID_ (2)_A003_B006_f0036,C,data\collab_cache\VID_ (2)_A003_B006_f0036_A.npy,data\collab_cache\VID_ (2)_A003_B006_f0036_B.npy,VID_ (2),848,480,3,6
VID_ (2)_A003_B007_f0036,N,data\collab_cache\VID_ (2)_A003_B007_f0036_A.npy,data\collab_cache\VID_ (2)_A003_B007_f0036_B.npy,VID_ (2),848,480,3,7
VID_ (2)_A003_B008_f0036,N,data\collab_cache\VID_ (2)_A003_B008_f0036_A.npy,data\collab_cache\VID_ (2)_A003_B008_f0036_B.npy,VID_ (2),848,480,3,8
VID_ (2)_A003_B005_f0040,N,data\collab_cache\VID_ (2)_A003_B005_f0040_A.npy,data\collab_cache\VID_ (2)_A003_B005_f0040_B.npy,VID_ (2),848,480,3,5
VID_ (2)_A003_B006_f0040,C,data\collab_cache\VID_ (2)_A003_B006_f0040_A.npy,data\collab_cache\VID_ (2)_A003_B006_f0040_B.npy,VID_ (2),848,480,3,6
VID_ (2)_A003_B007_f0040,N,data\collab_cache\VID_ (2)_A003_B007_f0040_A.npy,data\collab_cache\VID_ (2)_A003_B007_f0040_B.npy,VID_ (2),848,480,3,7
VID_ (2)_A003_B008_f0040,N,data\collab_cache\VID_ (2)_A003_B008_f0040_A.npy,data\collab_cache\VID_ (2)_A003_B008_f0040_B.npy,VID_ (2),848,480,3,8
VID_ (2)_A003_B005_f0044,N,data\collab_cache\VID_ (2)_A003_B005_f0044_A.npy,data\collab_cache\VID_ (2)_A003_B005_f0044_B.npy,VID_ (2),848,480,3,5
VID_ (2)_A003_B006_f0044,C,data\collab_cache\VID_ (2)_A003_B006_f0044_A.npy,data\collab_cache\VID_ (2)_A003_B006_f0044_B.npy,VID_ (2),848,480,3,6
VID_ (2)_A003_B007_f0044,N,data\collab_cache\VID_ (2)_A003_B007_f0044_A.npy,data\collab_cache\VID_ (2)_A003_B007_f0044_B.npy,VID_ (2),848,480,3,7
VID_ (2)_A003_B008_f0044,N,data\collab_cache\VID_ (2)_A003_B008_f0044_A.npy,data\collab_cache\VID_ (2)_A003_B008_f0044_B.npy,VID_ (2),848,480,3,8
VID_ (2)_A003_B014_f0044,N,data\collab_cache\VID_ (2)_A003_B014_f0044_A.npy,data\collab_cache\VID_ (2)_A003_B014_f0044_B.npy,VID_ (2),848,480,3,14
VID_ (2)_A003_B004_f0048,N,data\collab_cache\VID_ (2)_A003_B004_f0048_A.npy,data\collab_cache\VID_ (2)_A003_B004_f0048_B.npy,VID_ (2),848,480,3,4
VID_ (2)_A003_B005_f0048,N,data\collab_cache\VID_ (2)_A003_B005_f0048_A.npy,data\collab_cache\VID_ (2)_A003_B005_f0048_B.npy,VID_ (2),848,480,3,5
VID_ (2)_A003_B006_f0048,C,data\collab_cache\VID_ (2)_A003_B006_f0048_A.npy,data\collab_cache\VID_ (2)_A003_B006_f0048_B.npy,VID_ (2),848,480,3,6
VID_ (2)_A003_B007_f0048,N,data\collab_cache\VID_ (2)_A003_B007_f0048_A.npy,data\collab_cache\VID_ (2)_A003_B007_f0048_B.npy,VID_ (2),848,480,3,7
VID_ (2)_A003_B008_f0048,N,data\collab_cache\VID_ (2)_A003_B008_f0048_A.npy,data\collab_cache\VID_ (2)_A003_B008_f0048_B.npy,VID_ (2),848,480,3,8
VID_ (2)_A003_B014_f0048,N,data\collab_cache\VID_ (2)_A003_B014_f0048_A.npy,data\collab_cache\VID_ (2)_A003_B014_f0048_B.npy,VID_ (2),848,480,3,14
VID_ (2)_A003_B004_f0052,N,data\collab_cache\VID_ (2)_A003_B004_f0052_A.npy,data\collab_cache\VID_ (2)_A003_B004_f0052_B.npy,VID_ (2),848,480,3,4
VID_ (2)_A003_B005_f0052,N,data\collab_cache\VID_ (2)_A003_B005_f0052_A.npy,data\collab_cache\VID_ (2)_A003_B005_f0052_B.npy,VID_ (2),848,480,3,5
VID_ (2)_A003_B006_f0052,C,data\collab_cache\VID_ (2)_A003_B006_f0052_A.npy,data\collab_cache\VID_ (2)_A003_B006_f0052_B.npy,VID_ (2),848,480,3,6
VID_ (2)_A003_B007_f0052,N,data\collab_cache\VID_ (2)_A003_B007_f0052_A.npy,data\collab_cache\VID_ (2)_A003_B007_f0052_B.npy,VID_ (2),848,480,3,7
VID_ (2)_A003_B008_f0052,N,data\collab_cache\VID_ (2)_A003_B008_f0052_A.npy,data\collab_cache\VID_ (2)_A003_B008_f0052_B.npy,VID_ (2),848,480,3,8
VID_ (2)_A003_B014_f0052,N,data\collab_cache\VID_ (2)_A003_B014_f0052_A.npy,data\collab_cache\VID_ (2)_A003_B014_f0052_B.npy,VID_ (2),848,480,3,14
VID_ (2)_A004_B005_f0000,N,data\collab_cache\VID_ (2)_A004_B005_f0000_A.npy,data\collab_cache\VID_ (2)_A004_B005_f0000_B.npy,VID_ (2),848,480,4,5
VID_ (2)_A004_B006_f0000,N,data\collab_cache\VID_ (2)_A004_B006_f0000_A.npy,data\collab_cache\VID_ (2)_A004_B006_f0000_B.npy,VID_ (2),848,480,4,6
VID_ (2)_A004_B007_f0000,C,data\collab_cache\VID_ (2)_A004_B007_f0000_A.npy,data\collab_cache\VID_ (2)_A004_B007_f0000_B.npy,VID_ (2),848,480,4,7
VID_ (2)_A004_B008_f0000,N,data\collab_cache\VID_ (2)_A004_B008_f0000_A.npy,data\collab_cache\VID_ (2)_A004_B008_f0000_B.npy,VID_ (2),848,480,4,8
VID_ (2)_A004_B005_f0004,N,data\collab_cache\VID_ (2)_A004_B005_f0004_A.npy,data\collab_cache\VID_ (2)_A004_B005_f0004_B.npy,VID_ (2),848,480,4,5
VID_ (2)_A004_B006_f0004,N,data\collab_cache\VID_ (2)_A004_B006_f0004_A.npy,data\collab_cache\VID_ (2)_A004_B006_f0004_B.npy,VID_ (2),848,480,4,6
VID_ (2)_A004_B007_f0004,C,data\collab_cache\VID_ (2)_A004_B007_f0004_A.npy,data\collab_cache\VID_ (2)_A004_B007_f0004_B.npy,VID_ (2),848,480,4,7
VID_ (2)_A004_B008_f0004,N,data\collab_cache\VID_ (2)_A004_B008_f0004_A.npy,data\collab_cache\VID_ (2)_A004_B008_f0004_B.npy,VID_ (2),848,480,4,8
VID_ (2)_A004_B014_f0044,N,data\collab_cache\VID_ (2)_A004_B014_f0044_A.npy,data\collab_cache\VID_ (2)_A004_B014_f0044_B.npy,VID_ (2),848,480,4,14
VID_ (2)_A004_B005_f0048,N,data\collab_cache\VID_ (2)_A004_B005_f0048_A.npy,data\collab_cache\VID_ (2)_A004_B005_f0048_B.npy,VID_ (2),848,480,4,5
VID_ (2)_A004_B006_f0048,N,data\collab_cache\VID_ (2)_A004_B006_f0048_A.npy,data\collab_cache\VID_ (2)_A004_B006_f0048_B.npy,VID_ (2),848,480,4,6
VID_ (2)_A004_B007_f0048,C,data\collab_cache\VID_ (2)_A004_B007_f0048_A.npy,data\collab_cache\VID_ (2)_A004_B007_f0048_B.npy,VID_ (2),848,480,4,7
VID_ (2)_A004_B008_f0048,N,data\collab_cache\VID_ (2)_A004_B008_f0048_A.npy,data\collab_cache\VID_ (2)_A004_B008_f0048_B.npy,VID_ (2),848,480,4,8
VID_ (2)_A004_B014_f0048,N,data\collab_cache\VID_ (2)_A004_B014_f0048_A.npy,data\collab_cache\VID_ (2)_A004_B014_f0048_B.npy,VID_ (2),848,480,4,14
VID_ (2)_A004_B005_f0052,N,data\collab_cache\VID_ (2)_A004_B005_f0052_A.npy,data\collab_cache\VID_ (2)_A004_B005_f0052_B.npy,VID_ (2),848,480,4,5
VID_ (2)_A004_B006_f0052,N,data\collab_cache\VID_ (2)_A004_B006_f0052_A.npy,data\collab_cache\VID_ (2)_A004_B006_f0052_B.npy,VID_ (2),848,480,4,6
VID_ (2)_A004_B007_f0052,C,data\collab_cache\VID_ (2)_A004_B007_f0052_A.npy,data\collab_cache\VID_ (2)_A004_B007_f0052_B.npy,VID_ (2),848,480,4,7
VID_ (2)_A004_B008_f0052,N,data\collab_cache\VID_ (2)_A004_B008_f0052_A.npy,data\collab_cache\VID_ (2)_A004_B008_f0052_B.npy,VID_ (2),848,480,4,8
VID_ (2)_A004_B014_f0052,N,data\collab_cache\VID_ (2)_A004_B014_f0052_A.npy,data\collab_cache\VID_ (2)_A004_B014_f0052_B.npy,VID_ (2),848,480,4,14
VID_ (2)_A005_B006_f0000,N,data\collab_cache\VID_ (2)_A005_B006_f0000_A.npy,data\collab_cache\VID_ (2)_A005_B006_f0000_B.npy,VID_ (2),848,480,5,6
VID_ (2)_A005_B007_f0000,N,data\collab_cache\VID_ (2)_A005_B007_f0000_A.npy,data\collab_cache\VID_ (2)_A005_B007_f0000_B.npy,VID_ (2),848,480,5,7
VID_ (2)_A005_B008_f0000,C,data\collab_cache\VID_ (2)_A005_B008_f0000_A.npy,data\collab_cache\VID_ (2)_A005_B008_f0000_B.npy,VID_ (2),848,480,5,8
VID_ (2)_A005_B006_f0004,N,data\collab_cache\VID_ (2)_A005_B006_f0004_A.npy,data\collab_cache\VID_ (2)_A005_B006_f0004_B.npy,VID_ (2),848,480,5,6
VID_ (2)_A005_B007_f0004,N,data\collab_cache\VID_ (2)_A005_B007_f0004_A.npy,data\collab_cache\VID_ (2)_A005_B007_f0004_B.npy,VID_ (2),848,480,5,7
VID_ (2)_A005_B008_f0004,C,data\collab_cache\VID_ (2)_A005_B008_f0004_A.npy,data\collab_cache\VID_ (2)_A005_B008_f0004_B.npy,VID_ (2),848,480,5,8
VID_ (2)_A005_B006_f0008,N,data\collab_cache\VID_ (2)_A005_B006_f0008_A.npy,data\collab_cache\VID_ (2)_A005_B006_f0008_B.npy,VID_ (2),848,480,5,6
VID_ (2)_A005_B007_f0008,N,data\collab_cache\VID_ (2)_A005_B007_f0008_A.npy,data\collab_cache\VID_ (2)_A005_B007_f0008_B.npy,VID_ (2),848,480,5,7
VID_ (2)_A005_B008_f0008,C,data\collab_cache\VID_ (2)_A005_B008_f0008_A.npy,data\collab_cache\VID_ (2)_A005_B008_f0008_B.npy,VID_ (2),848,480,5,8
VID_ (2)_A005_B006_f0012,N,data\collab_cache\VID_ (2)_A005_B006_f0012_A.npy,data\collab_cache\VID_ (2)_A005_B006_f0012_B.npy,VID_ (2),848,480,5,6
VID_ (2)_A005_B007_f0012,N,data\collab_cache\VID_ (2)_A005_B007_f0012_A.npy,data\collab_cache\VID_ (2)_A005_B007_f0012_B.npy,VID_ (2),848,480,5,7
VID_ (2)_A005_B008_f0012,C,data\collab_cache\VID_ (2)_A005_B008_f0012_A.npy,data\collab_cache\VID_ (2)_A005_B008_f0012_B.npy,VID_ (2),848,480,5,8
VID_ (2)_A005_B006_f0016,N,data\collab_cache\VID_ (2)_A005_B006_f0016_A.npy,data\collab_cache\VID_ (2)_A005_B006_f0016_B.npy,VID_ (2),848,480,5,6
VID_ (2)_A005_B007_f0016,N,data\collab_cache\VID_ (2)_A005_B007_f0016_A.npy,data\collab_cache\VID_ (2)_A005_B007_f0016_B.npy,VID_ (2),848,480,5,7
VID_ (2)_A005_B008_f0016,C,data\collab_cache\VID_ (2)_A005_B008_f0016_A.npy,data\collab_cache\VID_ (2)_A005_B008_f0016_B.npy,VID_ (2),848,480,5,8
VID_ (2)_A005_B007_f0020,N,data\collab_cache\VID_ (2)_A005_B007_f0020_A.npy,data\collab_cache\VID_ (2)_A005_B007_f0020_B.npy,VID_ (2),848,480,5,7
VID_ (2)_A005_B008_f0020,C,data\collab_cache\VID_ (2)_A005_B008_f0020_A.npy,data\collab_cache\VID_ (2)_A005_B008_f0020_B.npy,VID_ (2),848,480,5,8
VID_ (2)_A005_B007_f0024,N,data\collab_cache\VID_ (2)_A005_B007_f0024_A.npy,data\collab_cache\VID_ (2)_A005_B007_f0024_B.npy,VID_ (2),848,480,5,7
VID_ (2)_A005_B008_f0024,C,data\collab_cache\VID_ (2)_A005_B008_f0024_A.npy,data\collab_cache\VID_ (2)_A005_B008_f0024_B.npy,VID_ (2),848,480,5,8
VID_ (2)_A005_B007_f0028,N,data\collab_cache\VID_ (2)_A005_B007_f0028_A.npy,data\collab_cache\VID_ (2)_A005_B007_f0028_B.npy,VID_ (2),848,480,5,7
VID_ (2)_A005_B008_f0028,C,data\collab_cache\VID_ (2)_A005_B008_f0028_A.npy,data\collab_cache\VID_ (2)_A005_B008_f0028_B.npy,VID_ (2),848,480,5,8
VID_ (2)_A005_B006_f0032,N,data\collab_cache\VID_ (2)_A005_B006_f0032_A.npy,data\collab_cache\VID_ (2)_A005_B006_f0032_B.npy,VID_ (2),848,480,5,6
VID_ (2)_A005_B007_f0032,N,data\collab_cache\VID_ (2)_A005_B007_f0032_A.npy,data\collab_cache\VID_ (2)_A005_B007_f0032_B.npy,VID_ (2),848,480,5,7
VID_ (2)_A005_B008_f0032,C,data\collab_cache\VID_ (2)_A005_B008_f0032_A.npy,data\collab_cache\VID_ (2)_A005_B008_f0032_B.npy,VID_ (2),848,480,5,8
VID_ (2)_A005_B006_f0036,N,data\collab_cache\VID_ (2)_A005_B006_f0036_A.npy,data\collab_cache\VID_ (2)_A005_B006_f0036_B.npy,VID_ (2),848,480,5,6
VID_ (2)_A005_B007_f0036,N,data\collab_cache\VID_ (2)_A005_B007_f0036_A.npy,data\collab_cache\VID_ (2)_A005_B007_f0036_B.npy,VID_ (2),848,480,5,7
VID_ (2)_A005_B008_f0036,C,data\collab_cache\VID_ (2)_A005_B008_f0036_A.npy,data\collab_cache\VID_ (2)_A005_B008_f0036_B.npy,VID_ (2),848,480,5,8
VID_ (2)_A005_B006_f0040,N,data\collab_cache\VID_ (2)_A005_B006_f0040_A.npy,data\collab_cache\VID_ (2)_A005_B006_f0040_B.npy,VID_ (2),848,480,5,6
VID_ (2)_A005_B007_f0040,N,data\collab_cache\VID_ (2)_A005_B007_f0040_A.npy,data\collab_cache\VID_ (2)_A005_B007_f0040_B.npy,VID_ (2),848,480,5,7
VID_ (2)_A005_B008_f0040,C,data\collab_cache\VID_ (2)_A005_B008_f0040_A.npy,data\collab_cache\VID_ (2)_A005_B008_f0040_B.npy,VID_ (2),848,480,5,8
VID_ (2)_A005_B006_f0044,N,data\collab_cache\VID_ (2)_A005_B006_f0044_A.npy,data\collab_cache\VID_ (2)_A005_B006_f0044_B.npy,VID_ (2),848,480,5,6
VID_ (2)_A005_B007_f0044,N,data\collab_cache\VID_ (2)_A005_B007_f0044_A.npy,data\collab_cache\VID_ (2)_A005_B007_f0044_B.npy,VID_ (2),848,480,5,7
VID_ (2)_A005_B008_f0044,C,data\collab_cache\VID_ (2)_A005_B008_f0044_A.npy,data\collab_cache\VID_ (2)_A005_B008_f0044_B.npy,VID_ (2),848,480,5,8
VID_ (2)_A005_B014_f0044,N,data\collab_cache\VID_ (2)_A005_B014_f0044_A.npy,data\collab_cache\VID_ (2)_A005_B014_f0044_B.npy,VID_ (2),848,480,5,14
VID_ (2)_A005_B006_f0048,N,data\collab_cache\VID_ (2)_A005_B006_f0048_A.npy,data\collab_cache\VID_ (2)_A005_B006_f0048_B.npy,VID_ (2),848,480,5,6
VID_ (2)_A005_B007_f0048,N,data\collab_cache\VID_ (2)_A005_B007_f0048_A.npy,data\collab_cache\VID_ (2)_A005_B007_f0048_B.npy,VID_ (2),848,480,5,7
VID_ (2)_A005_B008_f0048,C,data\collab_cache\VID_ (2)_A005_B008_f0048_A.npy,data\collab_cache\VID_ (2)_A005_B008_f0048_B.npy,VID_ (2),848,480,5,8
VID_ (2)_A005_B014_f0048,N,data\collab_cache\VID_ (2)_A005_B014_f0048_A.npy,data\collab_cache\VID_ (2)_A005_B014_f0048_B.npy,VID_ (2),848,480,5,14
VID_ (2)_A005_B006_f0052,N,data\collab_cache\VID_ (2)_A005_B006_f0052_A.npy,data\collab_cache\VID_ (2)_A005_B006_f0052_B.npy,VID_ (2),848,480,5,6
VID_ (2)_A005_B007_f0052,N,data\collab_cache\VID_ (2)_A005_B007_f0052_A.npy,data\collab_cache\VID_ (2)_A005_B007_f0052_B.npy,VID_ (2),848,480,5,7
VID_ (2)_A005_B008_f0052,N,data\collab_cache\VID_ (2)_A005_B008_f0052_A.npy,data\collab_cache\VID_ (2)_A005_B008_f0052_B.npy,VID_ (2),848,480,5,8
VID_ (2)_A005_B014_f0052,N,data\collab_cache\VID_ (2)_A005_B014_f0052_A.npy,data\collab_cache\VID_ (2)_A005_B014_f0052_B.npy,VID_ (2),848,480,5,14
VID_ (2)_A006_B007_f0000,N,data\collab_cache\VID_ (2)_A006_B007_f0000_A.npy,data\collab_cache\VID_ (2)_A006_B007_f0000_B.npy,VID_ (2),848,480,6,7
VID_ (2)_A006_B008_f0000,N,data\collab_cache\VID_ (2)_A006_B008_f0000_A.npy,data\collab_cache\VID_ (2)_A006_B008_f0000_B.npy,VID_ (2),848,480,6,8
VID_ (2)_A006_B007_f0004,N,data\collab_cache\VID_ (2)_A006_B007_f0004_A.npy,data\collab_cache\VID_ (2)_A006_B007_f0004_B.npy,VID_ (2),848,480,6,7
VID_ (2)_A006_B008_f0004,N,data\collab_cache\VID_ (2)_A006_B008_f0004_A.npy,data\collab_cache\VID_ (2)_A006_B008_f0004_B.npy,VID_ (2),848,480,6,8
VID_ (2)_A006_B007_f0008,N,data\collab_cache\VID_ (2)_A006_B007_f0008_A.npy,data\collab_cache\VID_ (2)_A006_B007_f0008_B.npy,VID_ (2),848,480,6,7
VID_ (2)_A006_B008_f0008,N,data\collab_cache\VID_ (2)_A006_B008_f0008_A.npy,data\collab_cache\VID_ (2)_A006_B008_f0008_B.npy,VID_ (2),848,480,6,8
VID_ (2)_A006_B007_f0012,N,data\collab_cache\VID_ (2)_A006_B007_f0012_A.npy,data\collab_cache\VID_ (2)_A006_B007_f0012_B.npy,VID_ (2),848,480,6,7
VID_ (2)_A006_B008_f0012,N,data\collab_cache\VID_ (2)_A006_B008_f0012_A.npy,data\collab_cache\VID_ (2)_A006_B008_f0012_B.npy,VID_ (2),848,480,6,8
VID_ (2)_A006_B007_f0016,N,data\collab_cache\VID_ (2)_A006_B007_f0016_A.npy,data\collab_cache\VID_ (2)_A006_B007_f0016_B.npy,VID_ (2),848,480,6,7
VID_ (2)_A006_B008_f0016,N,data\collab_cache\VID_ (2)_A006_B008_f0016_A.npy,data\collab_cache\VID_ (2)_A006_B008_f0016_B.npy,VID_ (2),848,480,6,8
VID_ (2)_A006_B007_f0032,N,data\collab_cache\VID_ (2)_A006_B007_f0032_A.npy,data\collab_cache\VID_ (2)_A006_B007_f0032_B.npy,VID_ (2),848,480,6,7
VID_ (2)_A006_B008_f0032,N,data\collab_cache\VID_ (2)_A006_B008_f0032_A.npy,data\collab_cache\VID_ (2)_A006_B008_f0032_B.npy,VID_ (2),848,480,6,8
VID_ (2)_A006_B007_f0036,N,data\collab_cache\VID_ (2)_A006_B007_f0036_A.npy,data\collab_cache\VID_ (2)_A006_B007_f0036_B.npy,VID_ (2),848,480,6,7
VID_ (2)_A006_B008_f0036,N,data\collab_cache\VID_ (2)_A006_B008_f0036_A.npy,data\collab_cache\VID_ (2)_A006_B008_f0036_B.npy,VID_ (2),848,480,6,8
VID_ (2)_A006_B007_f0040,N,data\collab_cache\VID_ (2)_A006_B007_f0040_A.npy,data\collab_cache\VID_ (2)_A006_B007_f0040_B.npy,VID_ (2),848,480,6,7
VID_ (2)_A006_B008_f0040,N,data\collab_cache\VID_ (2)_A006_B008_f0040_A.npy,data\collab_cache\VID_ (2)_A006_B008_f0040_B.npy,VID_ (2),848,480,6,8
VID_ (2)_A006_B011_f0040,N,data\collab_cache\VID_ (2)_A006_B011_f0040_A.npy,data\collab_cache\VID_ (2)_A006_B011_f0040_B.npy,VID_ (2),848,480,6,11
VID_ (2)_A006_B007_f0044,N,data\collab_cache\VID_ (2)_A006_B007_f0044_A.npy,data\collab_cache\VID_ (2)_A006_B007_f0044_B.npy,VID_ (2),848,480,6,7
VID_ (2)_A006_B008_f0044,N,data\collab_cache\VID_ (2)_A006_B008_f0044_A.npy,data\collab_cache\VID_ (2)_A006_B008_f0044_B.npy,VID_ (2),848,480,6,8
VID_ (2)_A006_B014_f0044,N,data\collab_cache\VID_ (2)_A006_B014_f0044_A.npy,data\collab_cache\VID_ (2)_A006_B014_f0044_B.npy,VID_ (2),848,480,6,14
VID_ (2)_A006_B007_f0048,N,data\collab_cache\VID_ (2)_A006_B007_f0048_A.npy,data\collab_cache\VID_ (2)_A006_B007_f0048_B.npy,VID_ (2),848,480,6,7
VID_ (2)_A006_B008_f0048,N,data\collab_cache\VID_ (2)_A006_B008_f0048_A.npy,data\collab_cache\VID_ (2)_A006_B008_f0048_B.npy,VID_ (2),848,480,6,8
VID_ (2)_A006_B014_f0048,N,data\collab_cache\VID_ (2)_A006_B014_f0048_A.npy,data\collab_cache\VID_ (2)_A006_B014_f0048_B.npy,VID_ (2),848,480,6,14
VID_ (2)_A007_B008_f0000,N,data\collab_cache\VID_ (2)_A007_B008_f0000_A.npy,data\collab_cache\VID_ (2)_A007_B008_f0000_B.npy,VID_ (2),848,480,7,8
VID_ (2)_A007_B008_f0004,N,data\collab_cache\VID_ (2)_A007_B008_f0004_A.npy,data\collab_cache\VID_ (2)_A007_B008_f0004_B.npy,VID_ (2),848,480,7,8
VID_ (2)_A007_B008_f0008,N,data\collab_cache\VID_ (2)_A007_B008_f0008_A.npy,data\collab_cache\VID_ (2)_A007_B008_f0008_B.npy,VID_ (2),848,480,7,8
VID_ (2)_A007_B008_f0012,N,data\collab_cache\VID_ (2)_A007_B008_f0012_A.npy,data\collab_cache\VID_ (2)_A007_B008_f0012_B.npy,VID_ (2),848,480,7,8
VID_ (2)_A007_B008_f0016,N,data\collab_cache\VID_ (2)_A007_B008_f0016_A.npy,data\collab_cache\VID_ (2)_A007_B008_f0016_B.npy,VID_ (2),848,480,7,8
VID_ (2)_A007_B008_f0020,N,data\collab_cache\VID_ (2)_A007_B008_f0020_A.npy,data\collab_cache\VID_ (2)_A007_B008_f0020_B.npy,VID_ (2),848,480,7,8
VID_ (2)_A007_B008_f0024,N,data\collab_cache\VID_ (2)_A007_B008_f0024_A.npy,data\collab_cache\VID_ (2)_A007_B008_f0024_B.npy,VID_ (2),848,480,7,8
VID_ (2)_A007_B008_f0028,N,data\collab_cache\VID_ (2)_A007_B008_f0028_A.npy,data\collab_cache\VID_ (2)_A007_B008_f0028_B.npy,VID_ (2),848,480,7,8
VID_ (2)_A007_B008_f0032,N,data\collab_cache\VID_ (2)_A007_B008_f0032_A.npy,data\collab_cache\VID_ (2)_A007_B008_f0032_B.npy,VID_ (2),848,480,7,8
VID_ (2)_A007_B008_f0036,N,data\collab_cache\VID_ (2)_A007_B008_f0036_A.npy,data\collab_cache\VID_ (2)_A007_B008_f0036_B.npy,VID_ (2),848,480,7,8
VID_ (2)_A007_B008_f0040,N,data\collab_cache\VID_ (2)_A007_B008_f0040_A.npy,data\collab_cache\VID_ (2)_A007_B008_f0040_B.npy,VID_ (2),848,480,7,8
VID_ (2)_A007_B008_f0044,N,data\collab_cache\VID_ (2)_A007_B008_f0044_A.npy,data\collab_cache\VID_ (2)_A007_B008_f0044_B.npy,VID_ (2),848,480,7,8
VID_ (2)_A007_B014_f0044,N,data\collab_cache\VID_ (2)_A007_B014_f0044_A.npy,data\collab_cache\VID_ (2)_A007_B014_f0044_B.npy,VID_ (2),848,480,7,14
VID_ (2)_A007_B008_f0048,N,data\collab_cache\VID_ (2)_A007_B008_f0048_A.npy,data\collab_cache\VID_ (2)_A007_B008_f0048_B.npy,VID_ (2),848,480,7,8
VID_ (2)_A007_B014_f0048,N,data\collab_cache\VID_ (2)_A007_B014_f0048_A.npy,data\collab_cache\VID_ (2)_A007_B014_f0048_B.npy,VID_ (2),848,480,7,14
VID_ (2)_A007_B008_f0052,N,data\collab_cache\VID_ (2)_A007_B008_f0052_A.npy,data\collab_cache\VID_ (2)_A007_B008_f0052_B.npy,VID_ (2),848,480,7,8
VID_ (2)_A007_B014_f0052,N,data\collab_cache\VID_ (2)_A007_B014_f0052_A.npy,data\collab_cache\VID_ (2)_A007_B014_f0052_B.npy,VID_ (2),848,480,7,14
VID_ (2)_A008_B014_f0044,N,data\collab_cache\VID_ (2)_A008_B014_f0044_A.npy,data\collab_cache\VID_ (2)_A008_B014_f0044_B.npy,VID_ (2),848,480,8,14
VID_ (2)_A008_B014_f0048,N,data\collab_cache\VID_ (2)_A008_B014_f0048_A.npy,data\collab_cache\VID_ (2)_A008_B014_f0048_B.npy,VID_ (2),848,480,8,14
VID_ (2)_A008_B014_f0052,N,data\collab_cache\VID_ (2)_A008_B014_f0052_A.npy,data\collab_cache\VID_ (2)_A008_B014_f0052_B.npy,VID_ (2),848,480,8,14
VID_ (2)_A011_B014_f0044,N,data\collab_cache\VID_ (2)_A011_B014_f0044_A.npy,data\collab_cache\VID_ (2)_A011_B014_f0044_B.npy,VID_ (2),848,480,11,14
VID_ (2)_A014_B001_f0049,N,data\collab_cache\VID_ (2)_A014_B001_f0049_A.npy,data\collab_cache\VID_ (2)_A014_B001_f0049_B.npy,VID_ (2),848,480,14,1
VID_ (2)_A014_B002_f0049,N,data\collab_cache\VID_ (2)_A014_B002_f0049_A.npy,data\collab_cache\VID_ (2)_A014_B002_f0049_B.npy,VID_ (2),848,480,14,2
VID_ (2)_A014_B003_f0049,N,data\collab_cache\VID_ (2)_A014_B003_f0049_A.npy,data\collab_cache\VID_ (2)_A014_B003_f0049_B.npy,VID_ (2),848,480,14,3
VID_ (2)_A014_B005_f0049,N,data\collab_cache\VID_ (2)_A014_B005_f0049_A.npy,data\collab_cache\VID_ (2)_A014_B005_f0049_B.npy,VID_ (2),848,480,14,5
VID_ (2)_A014_B006_f0049,N,data\collab_cache\VID_ (2)_A014_B006_f0049_A.npy,data\collab_cache\VID_ (2)_A014_B006_f0049_B.npy,VID_ (2),848,480,14,6
VID_ (2)_A014_B007_f0049,N,data\collab_cache\VID_ (2)_A014_B007_f0049_A.npy,data\collab_cache\VID_ (2)_A014_B007_f0049_B.npy,VID_ (2),848,480,14,7
VID_ (2)_A014_B008_f0049,N,data\collab_cache\VID_ (2)_A014_B008_f0049_A.npy,data\collab_cache\VID_ (2)_A014_B008_f0049_B.npy,VID_ (2),848,480,14,8
VID_ (9)_A001_B002_f0000,C,data\collab_cache\VID_ (9)_A001_B002_f0000_A.npy,data\collab_cache\VID_ (9)_A001_B002_f0000_B.npy,VID_ (9),848,480,1,2
VID_ (9)_A001_B003_f0000,C,data\collab_cache\VID_ (9)_A001_B003_f0000_A.npy,data\collab_cache\VID_ (9)_A001_B003_f0000_B.npy,VID_ (9),848,480,1,3
VID_ (9)_A001_B005_f0000,C,data\collab_cache\VID_ (9)_A001_B005_f0000_A.npy,data\collab_cache\VID_ (9)_A001_B005_f0000_B.npy,VID_ (9),848,480,1,5
VID_ (9)_A001_B006_f0000,C,data\collab_cache\VID_ (9)_A001_B006_f0000_A.npy,data\collab_cache\VID_ (9)_A001_B006_f0000_B.npy,VID_ (9),848,480,1,6
VID_ (9)_A001_B007_f0000,C,data\collab_cache\VID_ (9)_A001_B007_f0000_A.npy,data\collab_cache\VID_ (9)_A001_B007_f0000_B.npy,VID_ (9),848,480,1,7
VID_ (9)_A001_B008_f0000,C,data\collab_cache\VID_ (9)_A001_B008_f0000_A.npy,data\collab_cache\VID_ (9)_A001_B008_f0000_B.npy,VID_ (9),848,480,1,8
VID_ (9)_A001_B003_f0004,C,data\collab_cache\VID_ (9)_A001_B003_f0004_A.npy,data\collab_cache\VID_ (9)_A001_B003_f0004_B.npy,VID_ (9),848,480,1,3
VID_ (9)_A001_B005_f0004,C,data\collab_cache\VID_ (9)_A001_B005_f0004_A.npy,data\collab_cache\VID_ (9)_A001_B005_f0004_B.npy,VID_ (9),848,480,1,5
VID_ (9)_A001_B006_f0004,C,data\collab_cache\VID_ (9)_A001_B006_f0004_A.npy,data\collab_cache\VID_ (9)_A001_B006_f0004_B.npy,VID_ (9),848,480,1,6
VID_ (9)_A001_B007_f0004,C,data\collab_cache\VID_ (9)_A001_B007_f0004_A.npy,data\collab_cache\VID_ (9)_A001_B007_f0004_B.npy,VID_ (9),848,480,1,7
VID_ (9)_A001_B008_f0004,C,data\collab_cache\VID_ (9)_A001_B008_f0004_A.npy,data\collab_cache\VID_ (9)_A001_B008_f0004_B.npy,VID_ (9),848,480,1,8
VID_ (9)_A001_B002_f0008,C,data\collab_cache\VID_ (9)_A001_B002_f0008_A.npy,data\collab_cache\VID_ (9)_A001_B002_f0008_B.npy,VID_ (9),848,480,1,2
VID_ (9)_A001_B003_f0008,C,data\collab_cache\VID_ (9)_A001_B003_f0008_A.npy,data\collab_cache\VID_ (9)_A001_B003_f0008_B.npy,VID_ (9),848,480,1,3
VID_ (9)_A001_B005_f0008,C,data\collab_cache\VID_ (9)_A001_B005_f0008_A.npy,data\collab_cache\VID_ (9)_A001_B005_f0008_B.npy,VID_ (9),848,480,1,5
VID_ (9)_A001_B006_f0008,C,data\collab_cache\VID_ (9)_A001_B006_f0008_A.npy,data\collab_cache\VID_ (9)_A001_B006_f0008_B.npy,VID_ (9),848,480,1,6
VID_ (9)_A001_B007_f0008,C,data\collab_cache\VID_ (9)_A001_B007_f0008_A.npy,data\collab_cache\VID_ (9)_A001_B007_f0008_B.npy,VID_ (9),848,480,1,7
VID_ (9)_A002_B003_f0000,C,data\collab_cache\VID_ (9)_A002_B003_f0000_A.npy,data\collab_cache\VID_ (9)_A002_B003_f0000_B.npy,VID_ (9),848,480,2,3
VID_ (9)_A002_B005_f0000,C,data\collab_cache\VID_ (9)_A002_B005_f0000_A.npy,data\collab_cache\VID_ (9)_A002_B005_f0000_B.npy,VID_ (9),848,480,2,5
VID_ (9)_A002_B006_f0000,C,data\collab_cache\VID_ (9)_A002_B006_f0000_A.npy,data\collab_cache\VID_ (9)_A002_B006_f0000_B.npy,VID_ (9),848,480,2,6
VID_ (9)_A002_B007_f0000,C,data\collab_cache\VID_ (9)_A002_B007_f0000_A.npy,data\collab_cache\VID_ (9)_A002_B007_f0000_B.npy,VID_ (9),848,480,2,7
VID_ (9)_A002_B008_f0000,C,data\collab_cache\VID_ (9)_A002_B008_f0000_A.npy,data\collab_cache\VID_ (9)_A002_B008_f0000_B.npy,VID_ (9),848,480,2,8
VID_ (9)_A002_B003_f0004,C,data\collab_cache\VID_ (9)_A002_B003_f0004_A.npy,data\collab_cache\VID_ (9)_A002_B003_f0004_B.npy,VID_ (9),848,480,2,3
VID_ (9)_A002_B005_f0004,C,data\collab_cache\VID_ (9)_A002_B005_f0004_A.npy,data\collab_cache\VID_ (9)_A002_B005_f0004_B.npy,VID_ (9),848,480,2,5
VID_ (9)_A002_B006_f0004,C,data\collab_cache\VID_ (9)_A002_B006_f0004_A.npy,data\collab_cache\VID_ (9)_A002_B006_f0004_B.npy,VID_ (9),848,480,2,6
VID_ (9)_A002_B007_f0004,C,data\collab_cache\VID_ (9)_A002_B007_f0004_A.npy,data\collab_cache\VID_ (9)_A002_B007_f0004_B.npy,VID_ (9),848,480,2,7
VID_ (9)_A002_B008_f0004,C,data\collab_cache\VID_ (9)_A002_B008_f0004_A.npy,data\collab_cache\VID_ (9)_A002_B008_f0004_B.npy,VID_ (9),848,480,2,8
VID_ (9)_A002_B003_f0008,C,data\collab_cache\VID_ (9)_A002_B003_f0008_A.npy,data\collab_cache\VID_ (9)_A002_B003_f0008_B.npy,VID_ (9),848,480,2,3
VID_ (9)_A002_B005_f0008,C,data\collab_cache\VID_ (9)_A002_B005_f0008_A.npy,data\collab_cache\VID_ (9)_A002_B005_f0008_B.npy,VID_ (9),848,480,2,5
VID_ (9)_A002_B006_f0008,C,data\collab_cache\VID_ (9)_A002_B006_f0008_A.npy,data\collab_cache\VID_ (9)_A002_B006_f0008_B.npy,VID_ (9),848,480,2,6
VID_ (9)_A002_B007_f0008,C,data\collab_cache\VID_ (9)_A002_B007_f0008_A.npy,data\collab_cache\VID_ (9)_A002_B007_f0008_B.npy,VID_ (9),848,480,2,7
VID_ (9)_A002_B008_f0008,C,data\collab_cache\VID_ (9)_A002_B008_f0008_A.npy,data\collab_cache\VID_ (9)_A002_B008_f0008_B.npy,VID_ (9),848,480,2,8
VID_ (9)_A003_B005_f0000,C,data\collab_cache\VID_ (9)_A003_B005_f0000_A.npy,data\collab_cache\VID_ (9)_A003_B005_f0000_B.npy,VID_ (9),848,480,3,5
VID_ (9)_A003_B006_f0000,C,data\collab_cache\VID_ (9)_A003_B006_f0000_A.npy,data\collab_cache\VID_ (9)_A003_B006_f0000_B.npy,VID_ (9),848,480,3,6
VID_ (9)_A003_B007_f0000,C,data\collab_cache\VID_ (9)_A003_B007_f0000_A.npy,data\collab_cache\VID_ (9)_A003_B007_f0000_B.npy,VID_ (9),848,480,3,7
VID_ (9)_A003_B008_f0000,C,data\collab_cache\VID_ (9)_A003_B008_f0000_A.npy,data\collab_cache\VID_ (9)_A003_B008_f0000_B.npy,VID_ (9),848,480,3,8
VID_ (9)_A003_B005_f0004,C,data\collab_cache\VID_ (9)_A003_B005_f0004_A.npy,data\collab_cache\VID_ (9)_A003_B005_f0004_B.npy,VID_ (9),848,480,3,5
VID_ (9)_A003_B006_f0004,C,data\collab_cache\VID_ (9)_A003_B006_f0004_A.npy,data\collab_cache\VID_ (9)_A003_B006_f0004_B.npy,VID_ (9),848,480,3,6
VID_ (9)_A003_B007_f0004,C,data\collab_cache\VID_ (9)_A003_B007_f0004_A.npy,data\collab_cache\VID_ (9)_A003_B007_f0004_B.npy,VID_ (9),848,480,3,7
VID_ (9)_A003_B008_f0004,C,data\collab_cache\VID_ (9)_A003_B008_f0004_A.npy,data\collab_cache\VID_ (9)_A003_B008_f0004_B.npy,VID_ (9),848,480,3,8
VID_ (9)_A003_B005_f0008,C,data\collab_cache\VID_ (9)_A003_B005_f0008_A.npy,data\collab_cache\VID_ (9)_A003_B005_f0008_B.npy,VID_ (9),848,480,3,5
VID_ (9)_A003_B006_f0008,C,data\collab_cache\VID_ (9)_A003_B006_f0008_A.npy,data\collab_cache\VID_ (9)_A003_B006_f0008_B.npy,VID_ (9),848,480,3,6
VID_ (9)_A003_B007_f0008,C,data\collab_cache\VID_ (9)_A003_B007_f0008_A.npy,data\collab_cache\VID_ (9)_A003_B007_f0008_B.npy,VID_ (9),848,480,3,7
VID_ (9)_A003_B008_f0008,C,data\collab_cache\VID_ (9)_A003_B008_f0008_A.npy,data\collab_cache\VID_ (9)_A003_B008_f0008_B.npy,VID_ (9),848,480,3,8
VID_ (9)_A004_B005_f0000,C,data\collab_cache\VID_ (9)_A004_B005_f0000_A.npy,data\collab_cache\VID_ (9)_A004_B005_f0000_B.npy,VID_ (9),848,480,4,5
VID_ (9)_A004_B006_f0000,C,data\collab_cache\VID_ (9)_A004_B006_f0000_A.npy,data\collab_cache\VID_ (9)_A004_B006_f0000_B.npy,VID_ (9),848,480,4,6
VID_ (9)_A004_B007_f0000,C,data\collab_cache\VID_ (9)_A004_B007_f0000_A.npy,data\collab_cache\VID_ (9)_A004_B007_f0000_B.npy,VID_ (9),848,480,4,7
VID_ (9)_A004_B008_f0000,C,data\collab_cache\VID_ (9)_A004_B008_f0000_A.npy,data\collab_cache\VID_ (9)_A004_B008_f0000_B.npy,VID_ (9),848,480,4,8
VID_ (9)_A005_B006_f0000,C,data\collab_cache\VID_ (9)_A005_B006_f0000_A.npy,data\collab_cache\VID_ (9)_A005_B006_f0000_B.npy,VID_ (9),848,480,5,6
VID_ (9)_A005_B007_f0000,C,data\collab_cache\VID_ (9)_A005_B007_f0000_A.npy,data\collab_cache\VID_ (9)_A005_B007_f0000_B.npy,VID_ (9),848,480,5,7
VID_ (9)_A005_B008_f0000,C,data\collab_cache\VID_ (9)_A005_B008_f0000_A.npy,data\collab_cache\VID_ (9)_A005_B008_f0000_B.npy,VID_ (9),848,480,5,8
VID_ (9)_A005_B006_f0004,C,data\collab_cache\VID_ (9)_A005_B006_f0004_A.npy,data\collab_cache\VID_ (9)_A005_B006_f0004_B.npy,VID_ (9),848,480,5,6
VID_ (9)_A005_B007_f0004,C,data\collab_cache\VID_ (9)_A005_B007_f0004_A.npy,data\collab_cache\VID_ (9)_A005_B007_f0004_B.npy,VID_ (9),848,480,5,7
VID_ (9)_A005_B008_f0004,C,data\collab_cache\VID_ (9)_A005_B008_f0004_A.npy,data\collab_cache\VID_ (9)_A005_B008_f0004_B.npy,VID_ (9),848,480,5,8
VID_ (9)_A005_B006_f0008,C,data\collab_cache\VID_ (9)_A005_B006_f0008_A.npy,data\collab_cache\VID_ (9)_A005_B006_f0008_B.npy,VID_ (9),848,480,5,6
VID_ (9)_A005_B007_f0008,C,data\collab_cache\VID_ (9)_A005_B007_f0008_A.npy,data\collab_cache\VID_ (9)_A005_B007_f0008_B.npy,VID_ (9),848,480,5,7
VID_ (9)_A006_B008_f0000,C,data\collab_cache\VID_ (9)_A006_B008_f0000_A.npy,data\collab_cache\VID_ (9)_A006_B008_f0000_B.npy,VID_ (9),848,480,6,8
VID_ (9)_A006_B008_f0004,C,data\collab_cache\VID_ (9)_A006_B008_f0004_A.npy,data\collab_cache\VID_ (9)_A006_B008_f0004_B.npy,VID_ (9),848,480,6,8
VID_ (9)_A007_B008_f0000,C,data\collab_cache\VID_ (9)_A007_B008_f0000_A.npy,data\collab_cache\VID_ (9)_A007_B008_f0000_B.npy,VID_ (9),848,480,7,8
VID_ (9)_A007_B008_f0008,C,data\collab_cache\VID_ (9)_A007_B008_f0008_A.npy,data\collab_cache\VID_ (9)_A007_B008_f0008_B.npy,VID_ (9),848,480,7,8
Vid-20260421-Wa0023_A001_B002_f0000,N,data\collab_cache\Vid-20260421-Wa0023_A001_B002_f0000_A.npy,data\collab_cache\Vid-20260421-Wa0023_A001_B002_f0000_B.npy,Vid-20260421-Wa0023,848,480,1,2
Vid-20260421-Wa0023_A001_B003_f0000,N,data\collab_cache\Vid-20260421-Wa0023_A001_B003_f0000_A.npy,data\collab_cache\Vid-20260421-Wa0023_A001_B003_f0000_B.npy,Vid-20260421-Wa0023,848,480,1,3
Vid-20260421-Wa0023_A001_B004_f0000,C,data\collab_cache\Vid-20260421-Wa0023_A001_B004_f0000_A.npy,data\collab_cache\Vid-20260421-Wa0023_A001_B004_f0000_B.npy,Vid-20260421-Wa0023,848,480,1,4
Vid-20260421-Wa0023_A001_B005_f0000,C,data\collab_cache\Vid-20260421-Wa0023_A001_B005_f0000_A.npy,data\collab_cache\Vid-20260421-Wa0023_A001_B005_f0000_B.npy,Vid-20260421-Wa0023,848,480,1,5
Vid-20260421-Wa0023_A001_B006_f0000,C,data\collab_cache\Vid-20260421-Wa0023_A001_B006_f0000_A.npy,data\collab_cache\Vid-20260421-Wa0023_A001_B006_f0000_B.npy,Vid-20260421-Wa0023,848,480,1,6
Vid-20260421-Wa0023_A001_B002_f0004,N,data\collab_cache\Vid-20260421-Wa0023_A001_B002_f0004_A.npy,data\collab_cache\Vid-20260421-Wa0023_A001_B002_f0004_B.npy,Vid-20260421-Wa0023,848,480,1,2
Vid-20260421-Wa0023_A001_B003_f0004,N,data\collab_cache\Vid-20260421-Wa0023_A001_B003_f0004_A.npy,data\collab_cache\Vid-20260421-Wa0023_A001_B003_f0004_B.npy,Vid-20260421-Wa0023,848,480,1,3
Vid-20260421-Wa0023_A001_B004_f0004,C,data\collab_cache\Vid-20260421-Wa0023_A001_B004_f0004_A.npy,data\collab_cache\Vid-20260421-Wa0023_A001_B004_f0004_B.npy,Vid-20260421-Wa0023,848,480,1,4
Vid-20260421-Wa0023_A001_B005_f0004,C,data\collab_cache\Vid-20260421-Wa0023_A001_B005_f0004_A.npy,data\collab_cache\Vid-20260421-Wa0023_A001_B005_f0004_B.npy,Vid-20260421-Wa0023,848,480,1,5
Vid-20260421-Wa0023_A001_B006_f0004,C,data\collab_cache\Vid-20260421-Wa0023_A001_B006_f0004_A.npy,data\collab_cache\Vid-20260421-Wa0023_A001_B006_f0004_B.npy,Vid-20260421-Wa0023,848,480,1,6
Vid-20260421-Wa0023_A001_B002_f0008,N,data\collab_cache\Vid-20260421-Wa0023_A001_B002_f0008_A.npy,data\collab_cache\Vid-20260421-Wa0023_A001_B002_f0008_B.npy,Vid-20260421-Wa0023,848,480,1,2
Vid-20260421-Wa0023_A001_B003_f0008,N,data\collab_cache\Vid-20260421-Wa0023_A001_B003_f0008_A.npy,data\collab_cache\Vid-20260421-Wa0023_A001_B003_f0008_B.npy,Vid-20260421-Wa0023,848,480,1,3
Vid-20260421-Wa0023_A001_B004_f0008,C,data\collab_cache\Vid-20260421-Wa0023_A001_B004_f0008_A.npy,data\collab_cache\Vid-20260421-Wa0023_A001_B004_f0008_B.npy,Vid-20260421-Wa0023,848,480,1,4
Vid-20260421-Wa0023_A001_B005_f0008,C,data\collab_cache\Vid-20260421-Wa0023_A001_B005_f0008_A.npy,data\collab_cache\Vid-20260421-Wa0023_A001_B005_f0008_B.npy,Vid-20260421-Wa0023,848,480,1,5
Vid-20260421-Wa0023_A001_B006_f0008,C,data\collab_cache\Vid-20260421-Wa0023_A001_B006_f0008_A.npy,data\collab_cache\Vid-20260421-Wa0023_A001_B006_f0008_B.npy,Vid-20260421-Wa0023,848,480,1,6
Vid-20260421-Wa0023_A001_B002_f0012,N,data\collab_cache\Vid-20260421-Wa0023_A001_B002_f0012_A.npy,data\collab_cache\Vid-20260421-Wa0023_A001_B002_f0012_B.npy,Vid-20260421-Wa0023,848,480,1,2
Vid-20260421-Wa0023_A001_B003_f0012,N,data\collab_cache\Vid-20260421-Wa0023_A001_B003_f0012_A.npy,data\collab_cache\Vid-20260421-Wa0023_A001_B003_f0012_B.npy,Vid-20260421-Wa0023,848,480,1,3
Vid-20260421-Wa0023_A001_B004_f0012,C,data\collab_cache\Vid-20260421-Wa0023_A001_B004_f0012_A.npy,data\collab_cache\Vid-20260421-Wa0023_A001_B004_f0012_B.npy,Vid-20260421-Wa0023,848,480,1,4
Vid-20260421-Wa0023_A001_B005_f0012,C,data\collab_cache\Vid-20260421-Wa0023_A001_B005_f0012_A.npy,data\collab_cache\Vid-20260421-Wa0023_A001_B005_f0012_B.npy,Vid-20260421-Wa0023,848,480,1,5
Vid-20260421-Wa0023_A001_B006_f0012,C,data\collab_cache\Vid-20260421-Wa0023_A001_B006_f0012_A.npy,data\collab_cache\Vid-20260421-Wa0023_A001_B006_f0012_B.npy,Vid-20260421-Wa0023,848,480,1,6
Vid-20260421-Wa0023_A001_B002_f0016,N,data\collab_cache\Vid-20260421-Wa0023_A001_B002_f0016_A.npy,data\collab_cache\Vid-20260421-Wa0023_A001_B002_f0016_B.npy,Vid-20260421-Wa0023,848,480,1,2
Vid-20260421-Wa0023_A001_B003_f0016,N,data\collab_cache\Vid-20260421-Wa0023_A001_B003_f0016_A.npy,data\collab_cache\Vid-20260421-Wa0023_A001_B003_f0016_B.npy,Vid-20260421-Wa0023,848,480,1,3
Vid-20260421-Wa0023_A001_B004_f0016,C,data\collab_cache\Vid-20260421-Wa0023_A001_B004_f0016_A.npy,data\collab_cache\Vid-20260421-Wa0023_A001_B004_f0016_B.npy,Vid-20260421-Wa0023,848,480,1,4
Vid-20260421-Wa0023_A001_B005_f0016,C,data\collab_cache\Vid-20260421-Wa0023_A001_B005_f0016_A.npy,data\collab_cache\Vid-20260421-Wa0023_A001_B005_f0016_B.npy,Vid-20260421-Wa0023,848,480,1,5
Vid-20260421-Wa0023_A001_B006_f0016,C,data\collab_cache\Vid-20260421-Wa0023_A001_B006_f0016_A.npy,data\collab_cache\Vid-20260421-Wa0023_A001_B006_f0016_B.npy,Vid-20260421-Wa0023,848,480,1,6
Vid-20260421-Wa0023_A001_B002_f0020,N,data\collab_cache\Vid-20260421-Wa0023_A001_B002_f0020_A.npy,data\collab_cache\Vid-20260421-Wa0023_A001_B002_f0020_B.npy,Vid-20260421-Wa0023,848,480,1,2
Vid-20260421-Wa0023_A001_B003_f0020,N,data\collab_cache\Vid-20260421-Wa0023_A001_B003_f0020_A.npy,data\collab_cache\Vid-20260421-Wa0023_A001_B003_f0020_B.npy,Vid-20260421-Wa0023,848,480,1,3
Vid-20260421-Wa0023_A001_B004_f0020,C,data\collab_cache\Vid-20260421-Wa0023_A001_B004_f0020_A.npy,data\collab_cache\Vid-20260421-Wa0023_A001_B004_f0020_B.npy,Vid-20260421-Wa0023,848,480,1,4
Vid-20260421-Wa0023_A001_B005_f0020,C,data\collab_cache\Vid-20260421-Wa0023_A001_B005_f0020_A.npy,data\collab_cache\Vid-20260421-Wa0023_A001_B005_f0020_B.npy,Vid-20260421-Wa0023,848,480,1,5
Vid-20260421-Wa0023_A001_B006_f0020,C,data\collab_cache\Vid-20260421-Wa0023_A001_B006_f0020_A.npy,data\collab_cache\Vid-20260421-Wa0023_A001_B006_f0020_B.npy,Vid-20260421-Wa0023,848,480,1,6
Vid-20260421-Wa0023_A001_B002_f0024,N,data\collab_cache\Vid-20260421-Wa0023_A001_B002_f0024_A.npy,data\collab_cache\Vid-20260421-Wa0023_A001_B002_f0024_B.npy,Vid-20260421-Wa0023,848,480,1,2
Vid-20260421-Wa0023_A001_B003_f0024,N,data\collab_cache\Vid-20260421-Wa0023_A001_B003_f0024_A.npy,data\collab_cache\Vid-20260421-Wa0023_A001_B003_f0024_B.npy,Vid-20260421-Wa0023,848,480,1,3
Vid-20260421-Wa0023_A001_B004_f0024,C,data\collab_cache\Vid-20260421-Wa0023_A001_B004_f0024_A.npy,data\collab_cache\Vid-20260421-Wa0023_A001_B004_f0024_B.npy,Vid-20260421-Wa0023,848,480,1,4
Vid-20260421-Wa0023_A001_B005_f0024,C,data\collab_cache\Vid-20260421-Wa0023_A001_B005_f0024_A.npy,data\collab_cache\Vid-20260421-Wa0023_A001_B005_f0024_B.npy,Vid-20260421-Wa0023,848,480,1,5
Vid-20260421-Wa0023_A001_B006_f0024,C,data\collab_cache\Vid-20260421-Wa0023_A001_B006_f0024_A.npy,data\collab_cache\Vid-20260421-Wa0023_A001_B006_f0024_B.npy,Vid-20260421-Wa0023,848,480,1,6
Vid-20260421-Wa0023_A001_B002_f0028,N,data\collab_cache\Vid-20260421-Wa0023_A001_B002_f0028_A.npy,data\collab_cache\Vid-20260421-Wa0023_A001_B002_f0028_B.npy,Vid-20260421-Wa0023,848,480,1,2
Vid-20260421-Wa0023_A001_B003_f0028,N,data\collab_cache\Vid-20260421-Wa0023_A001_B003_f0028_A.npy,data\collab_cache\Vid-20260421-Wa0023_A001_B003_f0028_B.npy,Vid-20260421-Wa0023,848,480,1,3
Vid-20260421-Wa0023_A001_B004_f0028,C,data\collab_cache\Vid-20260421-Wa0023_A001_B004_f0028_A.npy,data\collab_cache\Vid-20260421-Wa0023_A001_B004_f0028_B.npy,Vid-20260421-Wa0023,848,480,1,4
Vid-20260421-Wa0023_A001_B005_f0028,C,data\collab_cache\Vid-20260421-Wa0023_A001_B005_f0028_A.npy,data\collab_cache\Vid-20260421-Wa0023_A001_B005_f0028_B.npy,Vid-20260421-Wa0023,848,480,1,5
Vid-20260421-Wa0023_A001_B006_f0028,C,data\collab_cache\Vid-20260421-Wa0023_A001_B006_f0028_A.npy,data\collab_cache\Vid-20260421-Wa0023_A001_B006_f0028_B.npy,Vid-20260421-Wa0023,848,480,1,6
Vid-20260421-Wa0023_A001_B002_f0032,N,data\collab_cache\Vid-20260421-Wa0023_A001_B002_f0032_A.npy,data\collab_cache\Vid-20260421-Wa0023_A001_B002_f0032_B.npy,Vid-20260421-Wa0023,848,480,1,2
Vid-20260421-Wa0023_A001_B003_f0032,N,data\collab_cache\Vid-20260421-Wa0023_A001_B003_f0032_A.npy,data\collab_cache\Vid-20260421-Wa0023_A001_B003_f0032_B.npy,Vid-20260421-Wa0023,848,480,1,3
Vid-20260421-Wa0023_A001_B004_f0032,C,data\collab_cache\Vid-20260421-Wa0023_A001_B004_f0032_A.npy,data\collab_cache\Vid-20260421-Wa0023_A001_B004_f0032_B.npy,Vid-20260421-Wa0023,848,480,1,4
Vid-20260421-Wa0023_A001_B005_f0032,C,data\collab_cache\Vid-20260421-Wa0023_A001_B005_f0032_A.npy,data\collab_cache\Vid-20260421-Wa0023_A001_B005_f0032_B.npy,Vid-20260421-Wa0023,848,480,1,5
Vid-20260421-Wa0023_A001_B006_f0032,C,data\collab_cache\Vid-20260421-Wa0023_A001_B006_f0032_A.npy,data\collab_cache\Vid-20260421-Wa0023_A001_B006_f0032_B.npy,Vid-20260421-Wa0023,848,480,1,6
Vid-20260421-Wa0023_A001_B002_f0036,N,data\collab_cache\Vid-20260421-Wa0023_A001_B002_f0036_A.npy,data\collab_cache\Vid-20260421-Wa0023_A001_B002_f0036_B.npy,Vid-20260421-Wa0023,848,480,1,2
Vid-20260421-Wa0023_A001_B003_f0036,N,data\collab_cache\Vid-20260421-Wa0023_A001_B003_f0036_A.npy,data\collab_cache\Vid-20260421-Wa0023_A001_B003_f0036_B.npy,Vid-20260421-Wa0023,848,480,1,3
Vid-20260421-Wa0023_A001_B004_f0036,C,data\collab_cache\Vid-20260421-Wa0023_A001_B004_f0036_A.npy,data\collab_cache\Vid-20260421-Wa0023_A001_B004_f0036_B.npy,Vid-20260421-Wa0023,848,480,1,4
Vid-20260421-Wa0023_A001_B005_f0036,C,data\collab_cache\Vid-20260421-Wa0023_A001_B005_f0036_A.npy,data\collab_cache\Vid-20260421-Wa0023_A001_B005_f0036_B.npy,Vid-20260421-Wa0023,848,480,1,5
Vid-20260421-Wa0023_A001_B006_f0036,C,data\collab_cache\Vid-20260421-Wa0023_A001_B006_f0036_A.npy,data\collab_cache\Vid-20260421-Wa0023_A001_B006_f0036_B.npy,Vid-20260421-Wa0023,848,480,1,6
Vid-20260421-Wa0023_A001_B002_f0040,N,data\collab_cache\Vid-20260421-Wa0023_A001_B002_f0040_A.npy,data\collab_cache\Vid-20260421-Wa0023_A001_B002_f0040_B.npy,Vid-20260421-Wa0023,848,480,1,2
Vid-20260421-Wa0023_A001_B003_f0040,N,data\collab_cache\Vid-20260421-Wa0023_A001_B003_f0040_A.npy,data\collab_cache\Vid-20260421-Wa0023_A001_B003_f0040_B.npy,Vid-20260421-Wa0023,848,480,1,3
Vid-20260421-Wa0023_A001_B004_f0040,C,data\collab_cache\Vid-20260421-Wa0023_A001_B004_f0040_A.npy,data\collab_cache\Vid-20260421-Wa0023_A001_B004_f0040_B.npy,Vid-20260421-Wa0023,848,480,1,4
Vid-20260421-Wa0023_A001_B005_f0040,C,data\collab_cache\Vid-20260421-Wa0023_A001_B005_f0040_A.npy,data\collab_cache\Vid-20260421-Wa0023_A001_B005_f0040_B.npy,Vid-20260421-Wa0023,848,480,1,5
Vid-20260421-Wa0023_A001_B006_f0040,C,data\collab_cache\Vid-20260421-Wa0023_A001_B006_f0040_A.npy,data\collab_cache\Vid-20260421-Wa0023_A001_B006_f0040_B.npy,Vid-20260421-Wa0023,848,480,1,6
Vid-20260421-Wa0023_A001_B010_f0040,N,data\collab_cache\Vid-20260421-Wa0023_A001_B010_f0040_A.npy,data\collab_cache\Vid-20260421-Wa0023_A001_B010_f0040_B.npy,Vid-20260421-Wa0023,848,480,1,10
Vid-20260421-Wa0023_A001_B002_f0044,N,data\collab_cache\Vid-20260421-Wa0023_A001_B002_f0044_A.npy,data\collab_cache\Vid-20260421-Wa0023_A001_B002_f0044_B.npy,Vid-20260421-Wa0023,848,480,1,2
Vid-20260421-Wa0023_A001_B003_f0044,N,data\collab_cache\Vid-20260421-Wa0023_A001_B003_f0044_A.npy,data\collab_cache\Vid-20260421-Wa0023_A001_B003_f0044_B.npy,Vid-20260421-Wa0023,848,480,1,3
Vid-20260421-Wa0023_A001_B004_f0044,C,data\collab_cache\Vid-20260421-Wa0023_A001_B004_f0044_A.npy,data\collab_cache\Vid-20260421-Wa0023_A001_B004_f0044_B.npy,Vid-20260421-Wa0023,848,480,1,4
Vid-20260421-Wa0023_A001_B005_f0044,C,data\collab_cache\Vid-20260421-Wa0023_A001_B005_f0044_A.npy,data\collab_cache\Vid-20260421-Wa0023_A001_B005_f0044_B.npy,Vid-20260421-Wa0023,848,480,1,5
Vid-20260421-Wa0023_A001_B006_f0044,C,data\collab_cache\Vid-20260421-Wa0023_A001_B006_f0044_A.npy,data\collab_cache\Vid-20260421-Wa0023_A001_B006_f0044_B.npy,Vid-20260421-Wa0023,848,480,1,6
Vid-20260421-Wa0023_A001_B010_f0044,N,data\collab_cache\Vid-20260421-Wa0023_A001_B010_f0044_A.npy,data\collab_cache\Vid-20260421-Wa0023_A001_B010_f0044_B.npy,Vid-20260421-Wa0023,848,480,1,10
Vid-20260421-Wa0023_A001_B002_f0048,N,data\collab_cache\Vid-20260421-Wa0023_A001_B002_f0048_A.npy,data\collab_cache\Vid-20260421-Wa0023_A001_B002_f0048_B.npy,Vid-20260421-Wa0023,848,480,1,2
Vid-20260421-Wa0023_A001_B003_f0048,N,data\collab_cache\Vid-20260421-Wa0023_A001_B003_f0048_A.npy,data\collab_cache\Vid-20260421-Wa0023_A001_B003_f0048_B.npy,Vid-20260421-Wa0023,848,480,1,3
Vid-20260421-Wa0023_A001_B004_f0048,C,data\collab_cache\Vid-20260421-Wa0023_A001_B004_f0048_A.npy,data\collab_cache\Vid-20260421-Wa0023_A001_B004_f0048_B.npy,Vid-20260421-Wa0023,848,480,1,4
Vid-20260421-Wa0023_A001_B005_f0048,C,data\collab_cache\Vid-20260421-Wa0023_A001_B005_f0048_A.npy,data\collab_cache\Vid-20260421-Wa0023_A001_B005_f0048_B.npy,Vid-20260421-Wa0023,848,480,1,5
Vid-20260421-Wa0023_A001_B010_f0048,N,data\collab_cache\Vid-20260421-Wa0023_A001_B010_f0048_A.npy,data\collab_cache\Vid-20260421-Wa0023_A001_B010_f0048_B.npy,Vid-20260421-Wa0023,848,480,1,10
Vid-20260421-Wa0023_A002_B003_f0000,N,data\collab_cache\Vid-20260421-Wa0023_A002_B003_f0000_A.npy,data\collab_cache\Vid-20260421-Wa0023_A002_B003_f0000_B.npy,Vid-20260421-Wa0023,848,480,2,3
Vid-20260421-Wa0023_A002_B004_f0000,N,data\collab_cache\Vid-20260421-Wa0023_A002_B004_f0000_A.npy,data\collab_cache\Vid-20260421-Wa0023_A002_B004_f0000_B.npy,Vid-20260421-Wa0023,848,480,2,4
Vid-20260421-Wa0023_A002_B005_f0000,N,data\collab_cache\Vid-20260421-Wa0023_A002_B005_f0000_A.npy,data\collab_cache\Vid-20260421-Wa0023_A002_B005_f0000_B.npy,Vid-20260421-Wa0023,848,480,2,5
Vid-20260421-Wa0023_A002_B006_f0000,N,data\collab_cache\Vid-20260421-Wa0023_A002_B006_f0000_A.npy,data\collab_cache\Vid-20260421-Wa0023_A002_B006_f0000_B.npy,Vid-20260421-Wa0023,848,480,2,6
Vid-20260421-Wa0023_A002_B003_f0004,N,data\collab_cache\Vid-20260421-Wa0023_A002_B003_f0004_A.npy,data\collab_cache\Vid-20260421-Wa0023_A002_B003_f0004_B.npy,Vid-20260421-Wa0023,848,480,2,3
Vid-20260421-Wa0023_A002_B004_f0004,N,data\collab_cache\Vid-20260421-Wa0023_A002_B004_f0004_A.npy,data\collab_cache\Vid-20260421-Wa0023_A002_B004_f0004_B.npy,Vid-20260421-Wa0023,848,480,2,4
Vid-20260421-Wa0023_A002_B005_f0004,N,data\collab_cache\Vid-20260421-Wa0023_A002_B005_f0004_A.npy,data\collab_cache\Vid-20260421-Wa0023_A002_B005_f0004_B.npy,Vid-20260421-Wa0023,848,480,2,5
Vid-20260421-Wa0023_A002_B006_f0004,N,data\collab_cache\Vid-20260421-Wa0023_A002_B006_f0004_A.npy,data\collab_cache\Vid-20260421-Wa0023_A002_B006_f0004_B.npy,Vid-20260421-Wa0023,848,480,2,6
Vid-20260421-Wa0023_A002_B003_f0008,N,data\collab_cache\Vid-20260421-Wa0023_A002_B003_f0008_A.npy,data\collab_cache\Vid-20260421-Wa0023_A002_B003_f0008_B.npy,Vid-20260421-Wa0023,848,480,2,3
Vid-20260421-Wa0023_A002_B004_f0008,N,data\collab_cache\Vid-20260421-Wa0023_A002_B004_f0008_A.npy,data\collab_cache\Vid-20260421-Wa0023_A002_B004_f0008_B.npy,Vid-20260421-Wa0023,848,480,2,4
Vid-20260421-Wa0023_A002_B005_f0008,N,data\collab_cache\Vid-20260421-Wa0023_A002_B005_f0008_A.npy,data\collab_cache\Vid-20260421-Wa0023_A002_B005_f0008_B.npy,Vid-20260421-Wa0023,848,480,2,5
Vid-20260421-Wa0023_A002_B006_f0008,N,data\collab_cache\Vid-20260421-Wa0023_A002_B006_f0008_A.npy,data\collab_cache\Vid-20260421-Wa0023_A002_B006_f0008_B.npy,Vid-20260421-Wa0023,848,480,2,6
Vid-20260421-Wa0023_A002_B003_f0012,N,data\collab_cache\Vid-20260421-Wa0023_A002_B003_f0012_A.npy,data\collab_cache\Vid-20260421-Wa0023_A002_B003_f0012_B.npy,Vid-20260421-Wa0023,848,480,2,3
Vid-20260421-Wa0023_A002_B004_f0012,N,data\collab_cache\Vid-20260421-Wa0023_A002_B004_f0012_A.npy,data\collab_cache\Vid-20260421-Wa0023_A002_B004_f0012_B.npy,Vid-20260421-Wa0023,848,480,2,4
Vid-20260421-Wa0023_A002_B005_f0012,N,data\collab_cache\Vid-20260421-Wa0023_A002_B005_f0012_A.npy,data\collab_cache\Vid-20260421-Wa0023_A002_B005_f0012_B.npy,Vid-20260421-Wa0023,848,480,2,5
Vid-20260421-Wa0023_A002_B006_f0012,N,data\collab_cache\Vid-20260421-Wa0023_A002_B006_f0012_A.npy,data\collab_cache\Vid-20260421-Wa0023_A002_B006_f0012_B.npy,Vid-20260421-Wa0023,848,480,2,6
Vid-20260421-Wa0023_A002_B003_f0016,N,data\collab_cache\Vid-20260421-Wa0023_A002_B003_f0016_A.npy,data\collab_cache\Vid-20260421-Wa0023_A002_B003_f0016_B.npy,Vid-20260421-Wa0023,848,480,2,3
Vid-20260421-Wa0023_A002_B004_f0016,N,data\collab_cache\Vid-20260421-Wa0023_A002_B004_f0016_A.npy,data\collab_cache\Vid-20260421-Wa0023_A002_B004_f0016_B.npy,Vid-20260421-Wa0023,848,480,2,4
Vid-20260421-Wa0023_A002_B005_f0016,N,data\collab_cache\Vid-20260421-Wa0023_A002_B005_f0016_A.npy,data\collab_cache\Vid-20260421-Wa0023_A002_B005_f0016_B.npy,Vid-20260421-Wa0023,848,480,2,5
Vid-20260421-Wa0023_A002_B006_f0016,N,data\collab_cache\Vid-20260421-Wa0023_A002_B006_f0016_A.npy,data\collab_cache\Vid-20260421-Wa0023_A002_B006_f0016_B.npy,Vid-20260421-Wa0023,848,480,2,6
Vid-20260421-Wa0023_A002_B003_f0020,N,data\collab_cache\Vid-20260421-Wa0023_A002_B003_f0020_A.npy,data\collab_cache\Vid-20260421-Wa0023_A002_B003_f0020_B.npy,Vid-20260421-Wa0023,848,480,2,3
Vid-20260421-Wa0023_A002_B004_f0020,N,data\collab_cache\Vid-20260421-Wa0023_A002_B004_f0020_A.npy,data\collab_cache\Vid-20260421-Wa0023_A002_B004_f0020_B.npy,Vid-20260421-Wa0023,848,480,2,4
Vid-20260421-Wa0023_A002_B005_f0020,N,data\collab_cache\Vid-20260421-Wa0023_A002_B005_f0020_A.npy,data\collab_cache\Vid-20260421-Wa0023_A002_B005_f0020_B.npy,Vid-20260421-Wa0023,848,480,2,5
Vid-20260421-Wa0023_A002_B006_f0020,N,data\collab_cache\Vid-20260421-Wa0023_A002_B006_f0020_A.npy,data\collab_cache\Vid-20260421-Wa0023_A002_B006_f0020_B.npy,Vid-20260421-Wa0023,848,480,2,6
Vid-20260421-Wa0023_A002_B003_f0024,N,data\collab_cache\Vid-20260421-Wa0023_A002_B003_f0024_A.npy,data\collab_cache\Vid-20260421-Wa0023_A002_B003_f0024_B.npy,Vid-20260421-Wa0023,848,480,2,3
Vid-20260421-Wa0023_A002_B004_f0024,N,data\collab_cache\Vid-20260421-Wa0023_A002_B004_f0024_A.npy,data\collab_cache\Vid-20260421-Wa0023_A002_B004_f0024_B.npy,Vid-20260421-Wa0023,848,480,2,4
Vid-20260421-Wa0023_A002_B005_f0024,N,data\collab_cache\Vid-20260421-Wa0023_A002_B005_f0024_A.npy,data\collab_cache\Vid-20260421-Wa0023_A002_B005_f0024_B.npy,Vid-20260421-Wa0023,848,480,2,5
Vid-20260421-Wa0023_A002_B006_f0024,N,data\collab_cache\Vid-20260421-Wa0023_A002_B006_f0024_A.npy,data\collab_cache\Vid-20260421-Wa0023_A002_B006_f0024_B.npy,Vid-20260421-Wa0023,848,480,2,6
Vid-20260421-Wa0023_A002_B003_f0028,N,data\collab_cache\Vid-20260421-Wa0023_A002_B003_f0028_A.npy,data\collab_cache\Vid-20260421-Wa0023_A002_B003_f0028_B.npy,Vid-20260421-Wa0023,848,480,2,3
Vid-20260421-Wa0023_A002_B004_f0028,N,data\collab_cache\Vid-20260421-Wa0023_A002_B004_f0028_A.npy,data\collab_cache\Vid-20260421-Wa0023_A002_B004_f0028_B.npy,Vid-20260421-Wa0023,848,480,2,4
Vid-20260421-Wa0023_A002_B005_f0028,N,data\collab_cache\Vid-20260421-Wa0023_A002_B005_f0028_A.npy,data\collab_cache\Vid-20260421-Wa0023_A002_B005_f0028_B.npy,Vid-20260421-Wa0023,848,480,2,5
Vid-20260421-Wa0023_A002_B006_f0028,N,data\collab_cache\Vid-20260421-Wa0023_A002_B006_f0028_A.npy,data\collab_cache\Vid-20260421-Wa0023_A002_B006_f0028_B.npy,Vid-20260421-Wa0023,848,480,2,6
Vid-20260421-Wa0023_A002_B003_f0032,N,data\collab_cache\Vid-20260421-Wa0023_A002_B003_f0032_A.npy,data\collab_cache\Vid-20260421-Wa0023_A002_B003_f0032_B.npy,Vid-20260421-Wa0023,848,480,2,3
Vid-20260421-Wa0023_A002_B004_f0032,N,data\collab_cache\Vid-20260421-Wa0023_A002_B004_f0032_A.npy,data\collab_cache\Vid-20260421-Wa0023_A002_B004_f0032_B.npy,Vid-20260421-Wa0023,848,480,2,4
Vid-20260421-Wa0023_A002_B005_f0032,N,data\collab_cache\Vid-20260421-Wa0023_A002_B005_f0032_A.npy,data\collab_cache\Vid-20260421-Wa0023_A002_B005_f0032_B.npy,Vid-20260421-Wa0023,848,480,2,5
Vid-20260421-Wa0023_A002_B006_f0032,N,data\collab_cache\Vid-20260421-Wa0023_A002_B006_f0032_A.npy,data\collab_cache\Vid-20260421-Wa0023_A002_B006_f0032_B.npy,Vid-20260421-Wa0023,848,480,2,6
Vid-20260421-Wa0023_A002_B003_f0036,N,data\collab_cache\Vid-20260421-Wa0023_A002_B003_f0036_A.npy,data\collab_cache\Vid-20260421-Wa0023_A002_B003_f0036_B.npy,Vid-20260421-Wa0023,848,480,2,3
Vid-20260421-Wa0023_A002_B004_f0036,N,data\collab_cache\Vid-20260421-Wa0023_A002_B004_f0036_A.npy,data\collab_cache\Vid-20260421-Wa0023_A002_B004_f0036_B.npy,Vid-20260421-Wa0023,848,480,2,4
Vid-20260421-Wa0023_A002_B005_f0036,N,data\collab_cache\Vid-20260421-Wa0023_A002_B005_f0036_A.npy,data\collab_cache\Vid-20260421-Wa0023_A002_B005_f0036_B.npy,Vid-20260421-Wa0023,848,480,2,5
Vid-20260421-Wa0023_A002_B006_f0036,N,data\collab_cache\Vid-20260421-Wa0023_A002_B006_f0036_A.npy,data\collab_cache\Vid-20260421-Wa0023_A002_B006_f0036_B.npy,Vid-20260421-Wa0023,848,480,2,6
Vid-20260421-Wa0023_A002_B003_f0040,N,data\collab_cache\Vid-20260421-Wa0023_A002_B003_f0040_A.npy,data\collab_cache\Vid-20260421-Wa0023_A002_B003_f0040_B.npy,Vid-20260421-Wa0023,848,480,2,3
Vid-20260421-Wa0023_A002_B004_f0040,N,data\collab_cache\Vid-20260421-Wa0023_A002_B004_f0040_A.npy,data\collab_cache\Vid-20260421-Wa0023_A002_B004_f0040_B.npy,Vid-20260421-Wa0023,848,480,2,4
Vid-20260421-Wa0023_A002_B005_f0040,N,data\collab_cache\Vid-20260421-Wa0023_A002_B005_f0040_A.npy,data\collab_cache\Vid-20260421-Wa0023_A002_B005_f0040_B.npy,Vid-20260421-Wa0023,848,480,2,5
Vid-20260421-Wa0023_A002_B006_f0040,N,data\collab_cache\Vid-20260421-Wa0023_A002_B006_f0040_A.npy,data\collab_cache\Vid-20260421-Wa0023_A002_B006_f0040_B.npy,Vid-20260421-Wa0023,848,480,2,6
Vid-20260421-Wa0023_A002_B010_f0040,N,data\collab_cache\Vid-20260421-Wa0023_A002_B010_f0040_A.npy,data\collab_cache\Vid-20260421-Wa0023_A002_B010_f0040_B.npy,Vid-20260421-Wa0023,848,480,2,10
Vid-20260421-Wa0023_A002_B003_f0044,N,data\collab_cache\Vid-20260421-Wa0023_A002_B003_f0044_A.npy,data\collab_cache\Vid-20260421-Wa0023_A002_B003_f0044_B.npy,Vid-20260421-Wa0023,848,480,2,3
Vid-20260421-Wa0023_A002_B004_f0044,N,data\collab_cache\Vid-20260421-Wa0023_A002_B004_f0044_A.npy,data\collab_cache\Vid-20260421-Wa0023_A002_B004_f0044_B.npy,Vid-20260421-Wa0023,848,480,2,4
Vid-20260421-Wa0023_A002_B005_f0044,N,data\collab_cache\Vid-20260421-Wa0023_A002_B005_f0044_A.npy,data\collab_cache\Vid-20260421-Wa0023_A002_B005_f0044_B.npy,Vid-20260421-Wa0023,848,480,2,5
Vid-20260421-Wa0023_A002_B006_f0044,N,data\collab_cache\Vid-20260421-Wa0023_A002_B006_f0044_A.npy,data\collab_cache\Vid-20260421-Wa0023_A002_B006_f0044_B.npy,Vid-20260421-Wa0023,848,480,2,6
Vid-20260421-Wa0023_A002_B010_f0044,N,data\collab_cache\Vid-20260421-Wa0023_A002_B010_f0044_A.npy,data\collab_cache\Vid-20260421-Wa0023_A002_B010_f0044_B.npy,Vid-20260421-Wa0023,848,480,2,10
Vid-20260421-Wa0023_A002_B003_f0048,N,data\collab_cache\Vid-20260421-Wa0023_A002_B003_f0048_A.npy,data\collab_cache\Vid-20260421-Wa0023_A002_B003_f0048_B.npy,Vid-20260421-Wa0023,848,480,2,3
Vid-20260421-Wa0023_A002_B004_f0048,N,data\collab_cache\Vid-20260421-Wa0023_A002_B004_f0048_A.npy,data\collab_cache\Vid-20260421-Wa0023_A002_B004_f0048_B.npy,Vid-20260421-Wa0023,848,480,2,4
Vid-20260421-Wa0023_A002_B005_f0048,N,data\collab_cache\Vid-20260421-Wa0023_A002_B005_f0048_A.npy,data\collab_cache\Vid-20260421-Wa0023_A002_B005_f0048_B.npy,Vid-20260421-Wa0023,848,480,2,5
Vid-20260421-Wa0023_A002_B006_f0048,N,data\collab_cache\Vid-20260421-Wa0023_A002_B006_f0048_A.npy,data\collab_cache\Vid-20260421-Wa0023_A002_B006_f0048_B.npy,Vid-20260421-Wa0023,848,480,2,6
Vid-20260421-Wa0023_A002_B010_f0048,N,data\collab_cache\Vid-20260421-Wa0023_A002_B010_f0048_A.npy,data\collab_cache\Vid-20260421-Wa0023_A002_B010_f0048_B.npy,Vid-20260421-Wa0023,848,480,2,10
Vid-20260421-Wa0023_A003_B004_f0000,N,data\collab_cache\Vid-20260421-Wa0023_A003_B004_f0000_A.npy,data\collab_cache\Vid-20260421-Wa0023_A003_B004_f0000_B.npy,Vid-20260421-Wa0023,848,480,3,4
Vid-20260421-Wa0023_A003_B005_f0000,N,data\collab_cache\Vid-20260421-Wa0023_A003_B005_f0000_A.npy,data\collab_cache\Vid-20260421-Wa0023_A003_B005_f0000_B.npy,Vid-20260421-Wa0023,848,480,3,5
Vid-20260421-Wa0023_A003_B006_f0000,N,data\collab_cache\Vid-20260421-Wa0023_A003_B006_f0000_A.npy,data\collab_cache\Vid-20260421-Wa0023_A003_B006_f0000_B.npy,Vid-20260421-Wa0023,848,480,3,6
Vid-20260421-Wa0023_A003_B004_f0004,N,data\collab_cache\Vid-20260421-Wa0023_A003_B004_f0004_A.npy,data\collab_cache\Vid-20260421-Wa0023_A003_B004_f0004_B.npy,Vid-20260421-Wa0023,848,480,3,4
Vid-20260421-Wa0023_A003_B005_f0004,N,data\collab_cache\Vid-20260421-Wa0023_A003_B005_f0004_A.npy,data\collab_cache\Vid-20260421-Wa0023_A003_B005_f0004_B.npy,Vid-20260421-Wa0023,848,480,3,5
Vid-20260421-Wa0023_A003_B006_f0004,N,data\collab_cache\Vid-20260421-Wa0023_A003_B006_f0004_A.npy,data\collab_cache\Vid-20260421-Wa0023_A003_B006_f0004_B.npy,Vid-20260421-Wa0023,848,480,3,6
Vid-20260421-Wa0023_A003_B004_f0008,N,data\collab_cache\Vid-20260421-Wa0023_A003_B004_f0008_A.npy,data\collab_cache\Vid-20260421-Wa0023_A003_B004_f0008_B.npy,Vid-20260421-Wa0023,848,480,3,4
Vid-20260421-Wa0023_A003_B005_f0008,N,data\collab_cache\Vid-20260421-Wa0023_A003_B005_f0008_A.npy,data\collab_cache\Vid-20260421-Wa0023_A003_B005_f0008_B.npy,Vid-20260421-Wa0023,848,480,3,5
Vid-20260421-Wa0023_A003_B006_f0008,N,data\collab_cache\Vid-20260421-Wa0023_A003_B006_f0008_A.npy,data\collab_cache\Vid-20260421-Wa0023_A003_B006_f0008_B.npy,Vid-20260421-Wa0023,848,480,3,6
Vid-20260421-Wa0023_A003_B004_f0012,N,data\collab_cache\Vid-20260421-Wa0023_A003_B004_f0012_A.npy,data\collab_cache\Vid-20260421-Wa0023_A003_B004_f0012_B.npy,Vid-20260421-Wa0023,848,480,3,4
Vid-20260421-Wa0023_A003_B005_f0012,N,data\collab_cache\Vid-20260421-Wa0023_A003_B005_f0012_A.npy,data\collab_cache\Vid-20260421-Wa0023_A003_B005_f0012_B.npy,Vid-20260421-Wa0023,848,480,3,5
Vid-20260421-Wa0023_A003_B006_f0012,N,data\collab_cache\Vid-20260421-Wa0023_A003_B006_f0012_A.npy,data\collab_cache\Vid-20260421-Wa0023_A003_B006_f0012_B.npy,Vid-20260421-Wa0023,848,480,3,6
Vid-20260421-Wa0023_A003_B004_f0016,N,data\collab_cache\Vid-20260421-Wa0023_A003_B004_f0016_A.npy,data\collab_cache\Vid-20260421-Wa0023_A003_B004_f0016_B.npy,Vid-20260421-Wa0023,848,480,3,4
Vid-20260421-Wa0023_A003_B005_f0016,N,data\collab_cache\Vid-20260421-Wa0023_A003_B005_f0016_A.npy,data\collab_cache\Vid-20260421-Wa0023_A003_B005_f0016_B.npy,Vid-20260421-Wa0023,848,480,3,5
Vid-20260421-Wa0023_A003_B006_f0016,N,data\collab_cache\Vid-20260421-Wa0023_A003_B006_f0016_A.npy,data\collab_cache\Vid-20260421-Wa0023_A003_B006_f0016_B.npy,Vid-20260421-Wa0023,848,480,3,6
Vid-20260421-Wa0023_A003_B004_f0020,N,data\collab_cache\Vid-20260421-Wa0023_A003_B004_f0020_A.npy,data\collab_cache\Vid-20260421-Wa0023_A003_B004_f0020_B.npy,Vid-20260421-Wa0023,848,480,3,4
Vid-20260421-Wa0023_A003_B005_f0020,N,data\collab_cache\Vid-20260421-Wa0023_A003_B005_f0020_A.npy,data\collab_cache\Vid-20260421-Wa0023_A003_B005_f0020_B.npy,Vid-20260421-Wa0023,848,480,3,5
Vid-20260421-Wa0023_A003_B006_f0020,N,data\collab_cache\Vid-20260421-Wa0023_A003_B006_f0020_A.npy,data\collab_cache\Vid-20260421-Wa0023_A003_B006_f0020_B.npy,Vid-20260421-Wa0023,848,480,3,6
Vid-20260421-Wa0023_A003_B004_f0024,N,data\collab_cache\Vid-20260421-Wa0023_A003_B004_f0024_A.npy,data\collab_cache\Vid-20260421-Wa0023_A003_B004_f0024_B.npy,Vid-20260421-Wa0023,848,480,3,4
Vid-20260421-Wa0023_A003_B005_f0024,N,data\collab_cache\Vid-20260421-Wa0023_A003_B005_f0024_A.npy,data\collab_cache\Vid-20260421-Wa0023_A003_B005_f0024_B.npy,Vid-20260421-Wa0023,848,480,3,5
Vid-20260421-Wa0023_A003_B006_f0024,N,data\collab_cache\Vid-20260421-Wa0023_A003_B006_f0024_A.npy,data\collab_cache\Vid-20260421-Wa0023_A003_B006_f0024_B.npy,Vid-20260421-Wa0023,848,480,3,6
Vid-20260421-Wa0023_A003_B004_f0028,N,data\collab_cache\Vid-20260421-Wa0023_A003_B004_f0028_A.npy,data\collab_cache\Vid-20260421-Wa0023_A003_B004_f0028_B.npy,Vid-20260421-Wa0023,848,480,3,4
Vid-20260421-Wa0023_A003_B005_f0028,N,data\collab_cache\Vid-20260421-Wa0023_A003_B005_f0028_A.npy,data\collab_cache\Vid-20260421-Wa0023_A003_B005_f0028_B.npy,Vid-20260421-Wa0023,848,480,3,5
Vid-20260421-Wa0023_A003_B006_f0028,N,data\collab_cache\Vid-20260421-Wa0023_A003_B006_f0028_A.npy,data\collab_cache\Vid-20260421-Wa0023_A003_B006_f0028_B.npy,Vid-20260421-Wa0023,848,480,3,6
Vid-20260421-Wa0023_A003_B004_f0032,N,data\collab_cache\Vid-20260421-Wa0023_A003_B004_f0032_A.npy,data\collab_cache\Vid-20260421-Wa0023_A003_B004_f0032_B.npy,Vid-20260421-Wa0023,848,480,3,4
Vid-20260421-Wa0023_A003_B005_f0032,N,data\collab_cache\Vid-20260421-Wa0023_A003_B005_f0032_A.npy,data\collab_cache\Vid-20260421-Wa0023_A003_B005_f0032_B.npy,Vid-20260421-Wa0023,848,480,3,5
Vid-20260421-Wa0023_A003_B006_f0032,N,data\collab_cache\Vid-20260421-Wa0023_A003_B006_f0032_A.npy,data\collab_cache\Vid-20260421-Wa0023_A003_B006_f0032_B.npy,Vid-20260421-Wa0023,848,480,3,6
Vid-20260421-Wa0023_A003_B004_f0036,N,data\collab_cache\Vid-20260421-Wa0023_A003_B004_f0036_A.npy,data\collab_cache\Vid-20260421-Wa0023_A003_B004_f0036_B.npy,Vid-20260421-Wa0023,848,480,3,4
Vid-20260421-Wa0023_A003_B005_f0036,N,data\collab_cache\Vid-20260421-Wa0023_A003_B005_f0036_A.npy,data\collab_cache\Vid-20260421-Wa0023_A003_B005_f0036_B.npy,Vid-20260421-Wa0023,848,480,3,5
Vid-20260421-Wa0023_A003_B006_f0036,N,data\collab_cache\Vid-20260421-Wa0023_A003_B006_f0036_A.npy,data\collab_cache\Vid-20260421-Wa0023_A003_B006_f0036_B.npy,Vid-20260421-Wa0023,848,480,3,6
Vid-20260421-Wa0023_A003_B004_f0040,N,data\collab_cache\Vid-20260421-Wa0023_A003_B004_f0040_A.npy,data\collab_cache\Vid-20260421-Wa0023_A003_B004_f0040_B.npy,Vid-20260421-Wa0023,848,480,3,4
Vid-20260421-Wa0023_A003_B005_f0040,N,data\collab_cache\Vid-20260421-Wa0023_A003_B005_f0040_A.npy,data\collab_cache\Vid-20260421-Wa0023_A003_B005_f0040_B.npy,Vid-20260421-Wa0023,848,480,3,5
Vid-20260421-Wa0023_A003_B006_f0040,N,data\collab_cache\Vid-20260421-Wa0023_A003_B006_f0040_A.npy,data\collab_cache\Vid-20260421-Wa0023_A003_B006_f0040_B.npy,Vid-20260421-Wa0023,848,480,3,6
Vid-20260421-Wa0023_A003_B010_f0040,N,data\collab_cache\Vid-20260421-Wa0023_A003_B010_f0040_A.npy,data\collab_cache\Vid-20260421-Wa0023_A003_B010_f0040_B.npy,Vid-20260421-Wa0023,848,480,3,10
Vid-20260421-Wa0023_A003_B004_f0044,N,data\collab_cache\Vid-20260421-Wa0023_A003_B004_f0044_A.npy,data\collab_cache\Vid-20260421-Wa0023_A003_B004_f0044_B.npy,Vid-20260421-Wa0023,848,480,3,4
Vid-20260421-Wa0023_A003_B005_f0044,N,data\collab_cache\Vid-20260421-Wa0023_A003_B005_f0044_A.npy,data\collab_cache\Vid-20260421-Wa0023_A003_B005_f0044_B.npy,Vid-20260421-Wa0023,848,480,3,5
Vid-20260421-Wa0023_A003_B006_f0044,N,data\collab_cache\Vid-20260421-Wa0023_A003_B006_f0044_A.npy,data\collab_cache\Vid-20260421-Wa0023_A003_B006_f0044_B.npy,Vid-20260421-Wa0023,848,480,3,6
Vid-20260421-Wa0023_A003_B010_f0044,N,data\collab_cache\Vid-20260421-Wa0023_A003_B010_f0044_A.npy,data\collab_cache\Vid-20260421-Wa0023_A003_B010_f0044_B.npy,Vid-20260421-Wa0023,848,480,3,10
Vid-20260421-Wa0023_A003_B004_f0048,N,data\collab_cache\Vid-20260421-Wa0023_A003_B004_f0048_A.npy,data\collab_cache\Vid-20260421-Wa0023_A003_B004_f0048_B.npy,Vid-20260421-Wa0023,848,480,3,4
Vid-20260421-Wa0023_A003_B005_f0048,N,data\collab_cache\Vid-20260421-Wa0023_A003_B005_f0048_A.npy,data\collab_cache\Vid-20260421-Wa0023_A003_B005_f0048_B.npy,Vid-20260421-Wa0023,848,480,3,5
Vid-20260421-Wa0023_A003_B006_f0048,N,data\collab_cache\Vid-20260421-Wa0023_A003_B006_f0048_A.npy,data\collab_cache\Vid-20260421-Wa0023_A003_B006_f0048_B.npy,Vid-20260421-Wa0023,848,480,3,6
Vid-20260421-Wa0023_A003_B010_f0048,N,data\collab_cache\Vid-20260421-Wa0023_A003_B010_f0048_A.npy,data\collab_cache\Vid-20260421-Wa0023_A003_B010_f0048_B.npy,Vid-20260421-Wa0023,848,480,3,10
Vid-20260421-Wa0023_A004_B006_f0000,C,data\collab_cache\Vid-20260421-Wa0023_A004_B006_f0000_A.npy,data\collab_cache\Vid-20260421-Wa0023_A004_B006_f0000_B.npy,Vid-20260421-Wa0023,848,480,4,6
Vid-20260421-Wa0023_A004_B006_f0004,C,data\collab_cache\Vid-20260421-Wa0023_A004_B006_f0004_A.npy,data\collab_cache\Vid-20260421-Wa0023_A004_B006_f0004_B.npy,Vid-20260421-Wa0023,848,480,4,6
Vid-20260421-Wa0023_A004_B006_f0024,C,data\collab_cache\Vid-20260421-Wa0023_A004_B006_f0024_A.npy,data\collab_cache\Vid-20260421-Wa0023_A004_B006_f0024_B.npy,Vid-20260421-Wa0023,848,480,4,6
Vid-20260421-Wa0023_A004_B006_f0028,C,data\collab_cache\Vid-20260421-Wa0023_A004_B006_f0028_A.npy,data\collab_cache\Vid-20260421-Wa0023_A004_B006_f0028_B.npy,Vid-20260421-Wa0023,848,480,4,6
Vid-20260421-Wa0023_A004_B006_f0032,C,data\collab_cache\Vid-20260421-Wa0023_A004_B006_f0032_A.npy,data\collab_cache\Vid-20260421-Wa0023_A004_B006_f0032_B.npy,Vid-20260421-Wa0023,848,480,4,6
Vid-20260421-Wa0023_A006_B010_f0040,N,data\collab_cache\Vid-20260421-Wa0023_A006_B010_f0040_A.npy,data\collab_cache\Vid-20260421-Wa0023_A006_B010_f0040_B.npy,Vid-20260421-Wa0023,848,480,6,10
Vid-20260421-Wa0023_A010_B001_f0045,N,data\collab_cache\Vid-20260421-Wa0023_A010_B001_f0045_A.npy,data\collab_cache\Vid-20260421-Wa0023_A010_B001_f0045_B.npy,Vid-20260421-Wa0023,848,480,10,1
Vid-20260421-Wa0023_A010_B002_f0045,N,data\collab_cache\Vid-20260421-Wa0023_A010_B002_f0045_A.npy,data\collab_cache\Vid-20260421-Wa0023_A010_B002_f0045_B.npy,Vid-20260421-Wa0023,848,480,10,2
Vid-20260421-Wa0023_A010_B003_f0045,N,data\collab_cache\Vid-20260421-Wa0023_A010_B003_f0045_A.npy,data\collab_cache\Vid-20260421-Wa0023_A010_B003_f0045_B.npy,Vid-20260421-Wa0023,848,480,10,3
Vid-20260421-Wa0023_A010_B006_f0045,N,data\collab_cache\Vid-20260421-Wa0023_A010_B006_f0045_A.npy,data\collab_cache\Vid-20260421-Wa0023_A010_B006_f0045_B.npy,Vid-20260421-Wa0023,848,480,10,6
Vid-20260421-Wa0023_A010_B001_f0049,N,data\collab_cache\Vid-20260421-Wa0023_A010_B001_f0049_A.npy,data\collab_cache\Vid-20260421-Wa0023_A010_B001_f0049_B.npy,Vid-20260421-Wa0023,848,480,10,1
Vid-20260421-Wa0023_A010_B002_f0049,N,data\collab_cache\Vid-20260421-Wa0023_A010_B002_f0049_A.npy,data\collab_cache\Vid-20260421-Wa0023_A010_B002_f0049_B.npy,Vid-20260421-Wa0023,848,480,10,2
Vid-20260421-Wa0023_A010_B003_f0049,N,data\collab_cache\Vid-20260421-Wa0023_A010_B003_f0049_A.npy,data\collab_cache\Vid-20260421-Wa0023_A010_B003_f0049_B.npy,Vid-20260421-Wa0023,848,480,10,3
Vid-20260421-Wa0043_A001_B002_f0000,N,data\collab_cache\Vid-20260421-Wa0043_A001_B002_f0000_A.npy,data\collab_cache\Vid-20260421-Wa0043_A001_B002_f0000_B.npy,Vid-20260421-Wa0043,848,480,1,2
Vid-20260421-Wa0043_A001_B003_f0000,N,data\collab_cache\Vid-20260421-Wa0043_A001_B003_f0000_A.npy,data\collab_cache\Vid-20260421-Wa0043_A001_B003_f0000_B.npy,Vid-20260421-Wa0043,848,480,1,3
Vid-20260421-Wa0043_A001_B002_f0004,N,data\collab_cache\Vid-20260421-Wa0043_A001_B002_f0004_A.npy,data\collab_cache\Vid-20260421-Wa0043_A001_B002_f0004_B.npy,Vid-20260421-Wa0043,848,480,1,2
Vid-20260421-Wa0043_A001_B003_f0004,N,data\collab_cache\Vid-20260421-Wa0043_A001_B003_f0004_A.npy,data\collab_cache\Vid-20260421-Wa0043_A001_B003_f0004_B.npy,Vid-20260421-Wa0043,848,480,1,3
Vid-20260421-Wa0043_A001_B002_f0008,N,data\collab_cache\Vid-20260421-Wa0043_A001_B002_f0008_A.npy,data\collab_cache\Vid-20260421-Wa0043_A001_B002_f0008_B.npy,Vid-20260421-Wa0043,848,480,1,2
Vid-20260421-Wa0043_A001_B003_f0008,N,data\collab_cache\Vid-20260421-Wa0043_A001_B003_f0008_A.npy,data\collab_cache\Vid-20260421-Wa0043_A001_B003_f0008_B.npy,Vid-20260421-Wa0043,848,480,1,3
Vid-20260421-Wa0043_A001_B002_f0012,N,data\collab_cache\Vid-20260421-Wa0043_A001_B002_f0012_A.npy,data\collab_cache\Vid-20260421-Wa0043_A001_B002_f0012_B.npy,Vid-20260421-Wa0043,848,480,1,2
Vid-20260421-Wa0043_A001_B003_f0012,N,data\collab_cache\Vid-20260421-Wa0043_A001_B003_f0012_A.npy,data\collab_cache\Vid-20260421-Wa0043_A001_B003_f0012_B.npy,Vid-20260421-Wa0043,848,480,1,3
Vid-20260421-Wa0043_A001_B002_f0016,N,data\collab_cache\Vid-20260421-Wa0043_A001_B002_f0016_A.npy,data\collab_cache\Vid-20260421-Wa0043_A001_B002_f0016_B.npy,Vid-20260421-Wa0043,848,480,1,2
Vid-20260421-Wa0043_A001_B003_f0016,N,data\collab_cache\Vid-20260421-Wa0043_A001_B003_f0016_A.npy,data\collab_cache\Vid-20260421-Wa0043_A001_B003_f0016_B.npy,Vid-20260421-Wa0043,848,480,1,3
Vid-20260421-Wa0043_A001_B002_f0020,N,data\collab_cache\Vid-20260421-Wa0043_A001_B002_f0020_A.npy,data\collab_cache\Vid-20260421-Wa0043_A001_B002_f0020_B.npy,Vid-20260421-Wa0043,848,480,1,2
Vid-20260421-Wa0043_A001_B003_f0020,N,data\collab_cache\Vid-20260421-Wa0043_A001_B003_f0020_A.npy,data\collab_cache\Vid-20260421-Wa0043_A001_B003_f0020_B.npy,Vid-20260421-Wa0043,848,480,1,3
Vid-20260421-Wa0043_A001_B002_f0024,N,data\collab_cache\Vid-20260421-Wa0043_A001_B002_f0024_A.npy,data\collab_cache\Vid-20260421-Wa0043_A001_B002_f0024_B.npy,Vid-20260421-Wa0043,848,480,1,2
Vid-20260421-Wa0043_A001_B003_f0024,N,data\collab_cache\Vid-20260421-Wa0043_A001_B003_f0024_A.npy,data\collab_cache\Vid-20260421-Wa0043_A001_B003_f0024_B.npy,Vid-20260421-Wa0043,848,480,1,3
Vid-20260421-Wa0043_A001_B002_f0028,N,data\collab_cache\Vid-20260421-Wa0043_A001_B002_f0028_A.npy,data\collab_cache\Vid-20260421-Wa0043_A001_B002_f0028_B.npy,Vid-20260421-Wa0043,848,480,1,2
Vid-20260421-Wa0043_A001_B003_f0028,N,data\collab_cache\Vid-20260421-Wa0043_A001_B003_f0028_A.npy,data\collab_cache\Vid-20260421-Wa0043_A001_B003_f0028_B.npy,Vid-20260421-Wa0043,848,480,1,3
Vid-20260421-Wa0043_A001_B002_f0032,N,data\collab_cache\Vid-20260421-Wa0043_A001_B002_f0032_A.npy,data\collab_cache\Vid-20260421-Wa0043_A001_B002_f0032_B.npy,Vid-20260421-Wa0043,848,480,1,2
Vid-20260421-Wa0043_A001_B003_f0032,N,data\collab_cache\Vid-20260421-Wa0043_A001_B003_f0032_A.npy,data\collab_cache\Vid-20260421-Wa0043_A001_B003_f0032_B.npy,Vid-20260421-Wa0043,848,480,1,3
Vid-20260421-Wa0043_A001_B002_f0036,N,data\collab_cache\Vid-20260421-Wa0043_A001_B002_f0036_A.npy,data\collab_cache\Vid-20260421-Wa0043_A001_B002_f0036_B.npy,Vid-20260421-Wa0043,848,480,1,2
Vid-20260421-Wa0043_A001_B003_f0036,N,data\collab_cache\Vid-20260421-Wa0043_A001_B003_f0036_A.npy,data\collab_cache\Vid-20260421-Wa0043_A001_B003_f0036_B.npy,Vid-20260421-Wa0043,848,480,1,3
Vid-20260421-Wa0043_A002_B003_f0000,N,data\collab_cache\Vid-20260421-Wa0043_A002_B003_f0000_A.npy,data\collab_cache\Vid-20260421-Wa0043_A002_B003_f0000_B.npy,Vid-20260421-Wa0043,848,480,2,3
Vid-20260421-Wa0043_A002_B003_f0004,N,data\collab_cache\Vid-20260421-Wa0043_A002_B003_f0004_A.npy,data\collab_cache\Vid-20260421-Wa0043_A002_B003_f0004_B.npy,Vid-20260421-Wa0043,848,480,2,3
Vid-20260421-Wa0043_A002_B003_f0008,N,data\collab_cache\Vid-20260421-Wa0043_A002_B003_f0008_A.npy,data\collab_cache\Vid-20260421-Wa0043_A002_B003_f0008_B.npy,Vid-20260421-Wa0043,848,480,2,3
Vid-20260421-Wa0043_A002_B003_f0012,N,data\collab_cache\Vid-20260421-Wa0043_A002_B003_f0012_A.npy,data\collab_cache\Vid-20260421-Wa0043_A002_B003_f0012_B.npy,Vid-20260421-Wa0043,848,480,2,3
Vid-20260421-Wa0043_A002_B003_f0016,N,data\collab_cache\Vid-20260421-Wa0043_A002_B003_f0016_A.npy,data\collab_cache\Vid-20260421-Wa0043_A002_B003_f0016_B.npy,Vid-20260421-Wa0043,848,480,2,3
Vid-20260421-Wa0043_A002_B003_f0020,N,data\collab_cache\Vid-20260421-Wa0043_A002_B003_f0020_A.npy,data\collab_cache\Vid-20260421-Wa0043_A002_B003_f0020_B.npy,Vid-20260421-Wa0043,848,480,2,3
Vid-20260421-Wa0043_A002_B003_f0024,N,data\collab_cache\Vid-20260421-Wa0043_A002_B003_f0024_A.npy,data\collab_cache\Vid-20260421-Wa0043_A002_B003_f0024_B.npy,Vid-20260421-Wa0043,848,480,2,3
Vid-20260421-Wa0043_A002_B003_f0028,N,data\collab_cache\Vid-20260421-Wa0043_A002_B003_f0028_A.npy,data\collab_cache\Vid-20260421-Wa0043_A002_B003_f0028_B.npy,Vid-20260421-Wa0043,848,480,2,3
Vid-20260421-Wa0043_A002_B003_f0032,N,data\collab_cache\Vid-20260421-Wa0043_A002_B003_f0032_A.npy,data\collab_cache\Vid-20260421-Wa0043_A002_B003_f0032_B.npy,Vid-20260421-Wa0043,848,480,2,3
Vid-20260421-Wa0043_A002_B003_f0036,N,data\collab_cache\Vid-20260421-Wa0043_A002_B003_f0036_A.npy,data\collab_cache\Vid-20260421-Wa0043_A002_B003_f0036_B.npy,Vid-20260421-Wa0043,848,480,2,3
Vid-20260421-Wa0049_A001_B002_f0000,C,data\collab_cache\Vid-20260421-Wa0049_A001_B002_f0000_A.npy,data\collab_cache\Vid-20260421-Wa0049_A001_B002_f0000_B.npy,Vid-20260421-Wa0049,848,480,1,2
Vid-20260421-Wa0049_A001_B002_f0004,C,data\collab_cache\Vid-20260421-Wa0049_A001_B002_f0004_A.npy,data\collab_cache\Vid-20260421-Wa0049_A001_B002_f0004_B.npy,Vid-20260421-Wa0049,848,480,1,2
Vid-20260421-Wa0049_A001_B002_f0008,C,data\collab_cache\Vid-20260421-Wa0049_A001_B002_f0008_A.npy,data\collab_cache\Vid-20260421-Wa0049_A001_B002_f0008_B.npy,Vid-20260421-Wa0049,848,480,1,2
Vid-20260421-Wa0049_A001_B002_f0012,C,data\collab_cache\Vid-20260421-Wa0049_A001_B002_f0012_A.npy,data\collab_cache\Vid-20260421-Wa0049_A001_B002_f0012_B.npy,Vid-20260421-Wa0049,848,480,1,2
Vid-20260421-Wa0049_A001_B002_f0016,C,data\collab_cache\Vid-20260421-Wa0049_A001_B002_f0016_A.npy,data\collab_cache\Vid-20260421-Wa0049_A001_B002_f0016_B.npy,Vid-20260421-Wa0049,848,480,1,2
Vid-20260421-Wa0049_A001_B002_f0020,C,data\collab_cache\Vid-20260421-Wa0049_A001_B002_f0020_A.npy,data\collab_cache\Vid-20260421-Wa0049_A001_B002_f0020_B.npy,Vid-20260421-Wa0049,848,480,1,2
Vid-20260421-Wa0049_A001_B002_f0024,C,data\collab_cache\Vid-20260421-Wa0049_A001_B002_f0024_A.npy,data\collab_cache\Vid-20260421-Wa0049_A001_B002_f0024_B.npy,Vid-20260421-Wa0049,848,480,1,2
Vid-20260421-Wa0049_A001_B002_f0028,C,data\collab_cache\Vid-20260421-Wa0049_A001_B002_f0028_A.npy,data\collab_cache\Vid-20260421-Wa0049_A001_B002_f0028_B.npy,Vid-20260421-Wa0049,848,480,1,2
Vid-20260421-Wa0049_A001_B002_f0032,C,data\collab_cache\Vid-20260421-Wa0049_A001_B002_f0032_A.npy,data\collab_cache\Vid-20260421-Wa0049_A001_B002_f0032_B.npy,Vid-20260421-Wa0049,848,480,1,2
Vid-20260421-Wa0049_A001_B002_f0036,C,data\collab_cache\Vid-20260421-Wa0049_A001_B002_f0036_A.npy,data\collab_cache\Vid-20260421-Wa0049_A001_B002_f0036_B.npy,Vid-20260421-Wa0049,848,480,1,2
Vid-20260421-Wa0049_A001_B002_f0040,C,data\collab_cache\Vid-20260421-Wa0049_A001_B002_f0040_A.npy,data\collab_cache\Vid-20260421-Wa0049_A001_B002_f0040_B.npy,Vid-20260421-Wa0049,848,480,1,2
Vid-20260421-Wa0064_A001_B002_f0000,N,data\collab_cache\Vid-20260421-Wa0064_A001_B002_f0000_A.npy,data\collab_cache\Vid-20260421-Wa0064_A001_B002_f0000_B.npy,Vid-20260421-Wa0064,848,480,1,2
Vid-20260421-Wa0064_A001_B003_f0000,C,data\collab_cache\Vid-20260421-Wa0064_A001_B003_f0000_A.npy,data\collab_cache\Vid-20260421-Wa0064_A001_B003_f0000_B.npy,Vid-20260421-Wa0064,848,480,1,3
Vid-20260421-Wa0064_A001_B004_f0000,C,data\collab_cache\Vid-20260421-Wa0064_A001_B004_f0000_A.npy,data\collab_cache\Vid-20260421-Wa0064_A001_B004_f0000_B.npy,Vid-20260421-Wa0064,848,480,1,4
Vid-20260421-Wa0064_A001_B002_f0004,N,data\collab_cache\Vid-20260421-Wa0064_A001_B002_f0004_A.npy,data\collab_cache\Vid-20260421-Wa0064_A001_B002_f0004_B.npy,Vid-20260421-Wa0064,848,480,1,2
Vid-20260421-Wa0064_A001_B003_f0004,C,data\collab_cache\Vid-20260421-Wa0064_A001_B003_f0004_A.npy,data\collab_cache\Vid-20260421-Wa0064_A001_B003_f0004_B.npy,Vid-20260421-Wa0064,848,480,1,3
Vid-20260421-Wa0064_A001_B004_f0004,N,data\collab_cache\Vid-20260421-Wa0064_A001_B004_f0004_A.npy,data\collab_cache\Vid-20260421-Wa0064_A001_B004_f0004_B.npy,Vid-20260421-Wa0064,848,480,1,4
Vid-20260421-Wa0064_A001_B002_f0008,C,data\collab_cache\Vid-20260421-Wa0064_A001_B002_f0008_A.npy,data\collab_cache\Vid-20260421-Wa0064_A001_B002_f0008_B.npy,Vid-20260421-Wa0064,848,480,1,2
Vid-20260421-Wa0064_A001_B003_f0008,C,data\collab_cache\Vid-20260421-Wa0064_A001_B003_f0008_A.npy,data\collab_cache\Vid-20260421-Wa0064_A001_B003_f0008_B.npy,Vid-20260421-Wa0064,848,480,1,3
Vid-20260421-Wa0064_A001_B004_f0008,C,data\collab_cache\Vid-20260421-Wa0064_A001_B004_f0008_A.npy,data\collab_cache\Vid-20260421-Wa0064_A001_B004_f0008_B.npy,Vid-20260421-Wa0064,848,480,1,4
Vid-20260421-Wa0064_A001_B005_f0008,C,data\collab_cache\Vid-20260421-Wa0064_A001_B005_f0008_A.npy,data\collab_cache\Vid-20260421-Wa0064_A001_B005_f0008_B.npy,Vid-20260421-Wa0064,848,480,1,5
Vid-20260421-Wa0064_A001_B002_f0012,C,data\collab_cache\Vid-20260421-Wa0064_A001_B002_f0012_A.npy,data\collab_cache\Vid-20260421-Wa0064_A001_B002_f0012_B.npy,Vid-20260421-Wa0064,848,480,1,2
Vid-20260421-Wa0064_A001_B004_f0012,C,data\collab_cache\Vid-20260421-Wa0064_A001_B004_f0012_A.npy,data\collab_cache\Vid-20260421-Wa0064_A001_B004_f0012_B.npy,Vid-20260421-Wa0064,848,480,1,4
Vid-20260421-Wa0064_A001_B002_f0016,C,data\collab_cache\Vid-20260421-Wa0064_A001_B002_f0016_A.npy,data\collab_cache\Vid-20260421-Wa0064_A001_B002_f0016_B.npy,Vid-20260421-Wa0064,848,480,1,2
Vid-20260421-Wa0064_A001_B003_f0016,C,data\collab_cache\Vid-20260421-Wa0064_A001_B003_f0016_A.npy,data\collab_cache\Vid-20260421-Wa0064_A001_B003_f0016_B.npy,Vid-20260421-Wa0064,848,480,1,3
Vid-20260421-Wa0064_A001_B004_f0016,C,data\collab_cache\Vid-20260421-Wa0064_A001_B004_f0016_A.npy,data\collab_cache\Vid-20260421-Wa0064_A001_B004_f0016_B.npy,Vid-20260421-Wa0064,848,480,1,4
Vid-20260421-Wa0064_A001_B005_f0016,C,data\collab_cache\Vid-20260421-Wa0064_A001_B005_f0016_A.npy,data\collab_cache\Vid-20260421-Wa0064_A001_B005_f0016_B.npy,Vid-20260421-Wa0064,848,480,1,5
Vid-20260421-Wa0064_A001_B002_f0020,C,data\collab_cache\Vid-20260421-Wa0064_A001_B002_f0020_A.npy,data\collab_cache\Vid-20260421-Wa0064_A001_B002_f0020_B.npy,Vid-20260421-Wa0064,848,480,1,2
Vid-20260421-Wa0064_A001_B003_f0020,C,data\collab_cache\Vid-20260421-Wa0064_A001_B003_f0020_A.npy,data\collab_cache\Vid-20260421-Wa0064_A001_B003_f0020_B.npy,Vid-20260421-Wa0064,848,480,1,3
Vid-20260421-Wa0064_A001_B004_f0020,C,data\collab_cache\Vid-20260421-Wa0064_A001_B004_f0020_A.npy,data\collab_cache\Vid-20260421-Wa0064_A001_B004_f0020_B.npy,Vid-20260421-Wa0064,848,480,1,4
Vid-20260421-Wa0064_A001_B005_f0020,C,data\collab_cache\Vid-20260421-Wa0064_A001_B005_f0020_A.npy,data\collab_cache\Vid-20260421-Wa0064_A001_B005_f0020_B.npy,Vid-20260421-Wa0064,848,480,1,5
Vid-20260421-Wa0064_A001_B002_f0024,C,data\collab_cache\Vid-20260421-Wa0064_A001_B002_f0024_A.npy,data\collab_cache\Vid-20260421-Wa0064_A001_B002_f0024_B.npy,Vid-20260421-Wa0064,848,480,1,2
Vid-20260421-Wa0064_A001_B003_f0024,C,data\collab_cache\Vid-20260421-Wa0064_A001_B003_f0024_A.npy,data\collab_cache\Vid-20260421-Wa0064_A001_B003_f0024_B.npy,Vid-20260421-Wa0064,848,480,1,3
Vid-20260421-Wa0064_A001_B004_f0024,C,data\collab_cache\Vid-20260421-Wa0064_A001_B004_f0024_A.npy,data\collab_cache\Vid-20260421-Wa0064_A001_B004_f0024_B.npy,Vid-20260421-Wa0064,848,480,1,4
Vid-20260421-Wa0064_A001_B002_f0028,C,data\collab_cache\Vid-20260421-Wa0064_A001_B002_f0028_A.npy,data\collab_cache\Vid-20260421-Wa0064_A001_B002_f0028_B.npy,Vid-20260421-Wa0064,848,480,1,2
Vid-20260421-Wa0064_A001_B003_f0028,C,data\collab_cache\Vid-20260421-Wa0064_A001_B003_f0028_A.npy,data\collab_cache\Vid-20260421-Wa0064_A001_B003_f0028_B.npy,Vid-20260421-Wa0064,848,480,1,3
Vid-20260421-Wa0064_A001_B004_f0028,C,data\collab_cache\Vid-20260421-Wa0064_A001_B004_f0028_A.npy,data\collab_cache\Vid-20260421-Wa0064_A001_B004_f0028_B.npy,Vid-20260421-Wa0064,848,480,1,4
Vid-20260421-Wa0064_A001_B002_f0032,C,data\collab_cache\Vid-20260421-Wa0064_A001_B002_f0032_A.npy,data\collab_cache\Vid-20260421-Wa0064_A001_B002_f0032_B.npy,Vid-20260421-Wa0064,848,480,1,2
Vid-20260421-Wa0064_A001_B003_f0032,C,data\collab_cache\Vid-20260421-Wa0064_A001_B003_f0032_A.npy,data\collab_cache\Vid-20260421-Wa0064_A001_B003_f0032_B.npy,Vid-20260421-Wa0064,848,480,1,3
Vid-20260421-Wa0064_A001_B004_f0032,C,data\collab_cache\Vid-20260421-Wa0064_A001_B004_f0032_A.npy,data\collab_cache\Vid-20260421-Wa0064_A001_B004_f0032_B.npy,Vid-20260421-Wa0064,848,480,1,4
Vid-20260421-Wa0064_A001_B002_f0036,C,data\collab_cache\Vid-20260421-Wa0064_A001_B002_f0036_A.npy,data\collab_cache\Vid-20260421-Wa0064_A001_B002_f0036_B.npy,Vid-20260421-Wa0064,848,480,1,2
Vid-20260421-Wa0064_A001_B003_f0036,C,data\collab_cache\Vid-20260421-Wa0064_A001_B003_f0036_A.npy,data\collab_cache\Vid-20260421-Wa0064_A001_B003_f0036_B.npy,Vid-20260421-Wa0064,848,480,1,3
Vid-20260421-Wa0064_A001_B004_f0036,C,data\collab_cache\Vid-20260421-Wa0064_A001_B004_f0036_A.npy,data\collab_cache\Vid-20260421-Wa0064_A001_B004_f0036_B.npy,Vid-20260421-Wa0064,848,480,1,4
Vid-20260421-Wa0064_A001_B002_f0040,C,data\collab_cache\Vid-20260421-Wa0064_A001_B002_f0040_A.npy,data\collab_cache\Vid-20260421-Wa0064_A001_B002_f0040_B.npy,Vid-20260421-Wa0064,848,480,1,2
Vid-20260421-Wa0064_A001_B003_f0040,C,data\collab_cache\Vid-20260421-Wa0064_A001_B003_f0040_A.npy,data\collab_cache\Vid-20260421-Wa0064_A001_B003_f0040_B.npy,Vid-20260421-Wa0064,848,480,1,3
Vid-20260421-Wa0064_A001_B004_f0040,C,data\collab_cache\Vid-20260421-Wa0064_A001_B004_f0040_A.npy,data\collab_cache\Vid-20260421-Wa0064_A001_B004_f0040_B.npy,Vid-20260421-Wa0064,848,480,1,4
Vid-20260421-Wa0064_A001_B002_f0044,C,data\collab_cache\Vid-20260421-Wa0064_A001_B002_f0044_A.npy,data\collab_cache\Vid-20260421-Wa0064_A001_B002_f0044_B.npy,Vid-20260421-Wa0064,848,480,1,2
Vid-20260421-Wa0064_A001_B003_f0044,C,data\collab_cache\Vid-20260421-Wa0064_A001_B003_f0044_A.npy,data\collab_cache\Vid-20260421-Wa0064_A001_B003_f0044_B.npy,Vid-20260421-Wa0064,848,480,1,3
Vid-20260421-Wa0064_A001_B004_f0044,C,data\collab_cache\Vid-20260421-Wa0064_A001_B004_f0044_A.npy,data\collab_cache\Vid-20260421-Wa0064_A001_B004_f0044_B.npy,Vid-20260421-Wa0064,848,480,1,4
Vid-20260421-Wa0064_A001_B002_f0048,C,data\collab_cache\Vid-20260421-Wa0064_A001_B002_f0048_A.npy,data\collab_cache\Vid-20260421-Wa0064_A001_B002_f0048_B.npy,Vid-20260421-Wa0064,848,480,1,2
Vid-20260421-Wa0064_A001_B003_f0048,C,data\collab_cache\Vid-20260421-Wa0064_A001_B003_f0048_A.npy,data\collab_cache\Vid-20260421-Wa0064_A001_B003_f0048_B.npy,Vid-20260421-Wa0064,848,480,1,3
Vid-20260421-Wa0064_A001_B004_f0048,C,data\collab_cache\Vid-20260421-Wa0064_A001_B004_f0048_A.npy,data\collab_cache\Vid-20260421-Wa0064_A001_B004_f0048_B.npy,Vid-20260421-Wa0064,848,480,1,4
Vid-20260421-Wa0064_A001_B002_f0052,C,data\collab_cache\Vid-20260421-Wa0064_A001_B002_f0052_A.npy,data\collab_cache\Vid-20260421-Wa0064_A001_B002_f0052_B.npy,Vid-20260421-Wa0064,848,480,1,2
Vid-20260421-Wa0064_A001_B003_f0052,C,data\collab_cache\Vid-20260421-Wa0064_A001_B003_f0052_A.npy,data\collab_cache\Vid-20260421-Wa0064_A001_B003_f0052_B.npy,Vid-20260421-Wa0064,848,480,1,3
Vid-20260421-Wa0064_A001_B004_f0052,C,data\collab_cache\Vid-20260421-Wa0064_A001_B004_f0052_A.npy,data\collab_cache\Vid-20260421-Wa0064_A001_B004_f0052_B.npy,Vid-20260421-Wa0064,848,480,1,4
Vid-20260421-Wa0064_A002_B003_f0000,C,data\collab_cache\Vid-20260421-Wa0064_A002_B003_f0000_A.npy,data\collab_cache\Vid-20260421-Wa0064_A002_B003_f0000_B.npy,Vid-20260421-Wa0064,848,480,2,3
Vid-20260421-Wa0064_A002_B004_f0000,C,data\collab_cache\Vid-20260421-Wa0064_A002_B004_f0000_A.npy,data\collab_cache\Vid-20260421-Wa0064_A002_B004_f0000_B.npy,Vid-20260421-Wa0064,848,480,2,4
Vid-20260421-Wa0064_A002_B003_f0004,C,data\collab_cache\Vid-20260421-Wa0064_A002_B003_f0004_A.npy,data\collab_cache\Vid-20260421-Wa0064_A002_B003_f0004_B.npy,Vid-20260421-Wa0064,848,480,2,3
Vid-20260421-Wa0064_A002_B004_f0004,C,data\collab_cache\Vid-20260421-Wa0064_A002_B004_f0004_A.npy,data\collab_cache\Vid-20260421-Wa0064_A002_B004_f0004_B.npy,Vid-20260421-Wa0064,848,480,2,4
Vid-20260421-Wa0064_A002_B003_f0008,C,data\collab_cache\Vid-20260421-Wa0064_A002_B003_f0008_A.npy,data\collab_cache\Vid-20260421-Wa0064_A002_B003_f0008_B.npy,Vid-20260421-Wa0064,848,480,2,3
Vid-20260421-Wa0064_A002_B004_f0008,C,data\collab_cache\Vid-20260421-Wa0064_A002_B004_f0008_A.npy,data\collab_cache\Vid-20260421-Wa0064_A002_B004_f0008_B.npy,Vid-20260421-Wa0064,848,480,2,4
Vid-20260421-Wa0064_A002_B005_f0008,C,data\collab_cache\Vid-20260421-Wa0064_A002_B005_f0008_A.npy,data\collab_cache\Vid-20260421-Wa0064_A002_B005_f0008_B.npy,Vid-20260421-Wa0064,848,480,2,5
Vid-20260421-Wa0064_A002_B003_f0012,C,data\collab_cache\Vid-20260421-Wa0064_A002_B003_f0012_A.npy,data\collab_cache\Vid-20260421-Wa0064_A002_B003_f0012_B.npy,Vid-20260421-Wa0064,848,480,2,3
Vid-20260421-Wa0064_A002_B004_f0012,C,data\collab_cache\Vid-20260421-Wa0064_A002_B004_f0012_A.npy,data\collab_cache\Vid-20260421-Wa0064_A002_B004_f0012_B.npy,Vid-20260421-Wa0064,848,480,2,4
Vid-20260421-Wa0064_A002_B005_f0012,C,data\collab_cache\Vid-20260421-Wa0064_A002_B005_f0012_A.npy,data\collab_cache\Vid-20260421-Wa0064_A002_B005_f0012_B.npy,Vid-20260421-Wa0064,848,480,2,5
Vid-20260421-Wa0064_A002_B003_f0016,C,data\collab_cache\Vid-20260421-Wa0064_A002_B003_f0016_A.npy,data\collab_cache\Vid-20260421-Wa0064_A002_B003_f0016_B.npy,Vid-20260421-Wa0064,848,480,2,3
Vid-20260421-Wa0064_A002_B004_f0016,C,data\collab_cache\Vid-20260421-Wa0064_A002_B004_f0016_A.npy,data\collab_cache\Vid-20260421-Wa0064_A002_B004_f0016_B.npy,Vid-20260421-Wa0064,848,480,2,4
Vid-20260421-Wa0064_A002_B005_f0016,C,data\collab_cache\Vid-20260421-Wa0064_A002_B005_f0016_A.npy,data\collab_cache\Vid-20260421-Wa0064_A002_B005_f0016_B.npy,Vid-20260421-Wa0064,848,480,2,5
Vid-20260421-Wa0064_A002_B003_f0020,C,data\collab_cache\Vid-20260421-Wa0064_A002_B003_f0020_A.npy,data\collab_cache\Vid-20260421-Wa0064_A002_B003_f0020_B.npy,Vid-20260421-Wa0064,848,480,2,3
Vid-20260421-Wa0064_A002_B004_f0020,C,data\collab_cache\Vid-20260421-Wa0064_A002_B004_f0020_A.npy,data\collab_cache\Vid-20260421-Wa0064_A002_B004_f0020_B.npy,Vid-20260421-Wa0064,848,480,2,4
Vid-20260421-Wa0064_A002_B005_f0020,C,data\collab_cache\Vid-20260421-Wa0064_A002_B005_f0020_A.npy,data\collab_cache\Vid-20260421-Wa0064_A002_B005_f0020_B.npy,Vid-20260421-Wa0064,848,480,2,5
Vid-20260421-Wa0064_A002_B003_f0024,C,data\collab_cache\Vid-20260421-Wa0064_A002_B003_f0024_A.npy,data\collab_cache\Vid-20260421-Wa0064_A002_B003_f0024_B.npy,Vid-20260421-Wa0064,848,480,2,3
Vid-20260421-Wa0064_A002_B004_f0024,C,data\collab_cache\Vid-20260421-Wa0064_A002_B004_f0024_A.npy,data\collab_cache\Vid-20260421-Wa0064_A002_B004_f0024_B.npy,Vid-20260421-Wa0064,848,480,2,4
Vid-20260421-Wa0064_A002_B003_f0028,C,data\collab_cache\Vid-20260421-Wa0064_A002_B003_f0028_A.npy,data\collab_cache\Vid-20260421-Wa0064_A002_B003_f0028_B.npy,Vid-20260421-Wa0064,848,480,2,3
Vid-20260421-Wa0064_A002_B004_f0028,C,data\collab_cache\Vid-20260421-Wa0064_A002_B004_f0028_A.npy,data\collab_cache\Vid-20260421-Wa0064_A002_B004_f0028_B.npy,Vid-20260421-Wa0064,848,480,2,4
Vid-20260421-Wa0064_A002_B003_f0032,C,data\collab_cache\Vid-20260421-Wa0064_A002_B003_f0032_A.npy,data\collab_cache\Vid-20260421-Wa0064_A002_B003_f0032_B.npy,Vid-20260421-Wa0064,848,480,2,3
Vid-20260421-Wa0064_A002_B004_f0032,C,data\collab_cache\Vid-20260421-Wa0064_A002_B004_f0032_A.npy,data\collab_cache\Vid-20260421-Wa0064_A002_B004_f0032_B.npy,Vid-20260421-Wa0064,848,480,2,4
Vid-20260421-Wa0064_A002_B003_f0036,C,data\collab_cache\Vid-20260421-Wa0064_A002_B003_f0036_A.npy,data\collab_cache\Vid-20260421-Wa0064_A002_B003_f0036_B.npy,Vid-20260421-Wa0064,848,480,2,3
Vid-20260421-Wa0064_A002_B004_f0036,C,data\collab_cache\Vid-20260421-Wa0064_A002_B004_f0036_A.npy,data\collab_cache\Vid-20260421-Wa0064_A002_B004_f0036_B.npy,Vid-20260421-Wa0064,848,480,2,4
Vid-20260421-Wa0064_A002_B003_f0040,C,data\collab_cache\Vid-20260421-Wa0064_A002_B003_f0040_A.npy,data\collab_cache\Vid-20260421-Wa0064_A002_B003_f0040_B.npy,Vid-20260421-Wa0064,848,480,2,3
Vid-20260421-Wa0064_A002_B004_f0040,C,data\collab_cache\Vid-20260421-Wa0064_A002_B004_f0040_A.npy,data\collab_cache\Vid-20260421-Wa0064_A002_B004_f0040_B.npy,Vid-20260421-Wa0064,848,480,2,4
Vid-20260421-Wa0064_A002_B003_f0044,C,data\collab_cache\Vid-20260421-Wa0064_A002_B003_f0044_A.npy,data\collab_cache\Vid-20260421-Wa0064_A002_B003_f0044_B.npy,Vid-20260421-Wa0064,848,480,2,3
Vid-20260421-Wa0064_A002_B004_f0044,C,data\collab_cache\Vid-20260421-Wa0064_A002_B004_f0044_A.npy,data\collab_cache\Vid-20260421-Wa0064_A002_B004_f0044_B.npy,Vid-20260421-Wa0064,848,480,2,4
Vid-20260421-Wa0064_A002_B003_f0048,C,data\collab_cache\Vid-20260421-Wa0064_A002_B003_f0048_A.npy,data\collab_cache\Vid-20260421-Wa0064_A002_B003_f0048_B.npy,Vid-20260421-Wa0064,848,480,2,3
Vid-20260421-Wa0064_A002_B004_f0048,C,data\collab_cache\Vid-20260421-Wa0064_A002_B004_f0048_A.npy,data\collab_cache\Vid-20260421-Wa0064_A002_B004_f0048_B.npy,Vid-20260421-Wa0064,848,480,2,4
Vid-20260421-Wa0064_A002_B003_f0052,C,data\collab_cache\Vid-20260421-Wa0064_A002_B003_f0052_A.npy,data\collab_cache\Vid-20260421-Wa0064_A002_B003_f0052_B.npy,Vid-20260421-Wa0064,848,480,2,3
Vid-20260421-Wa0064_A002_B004_f0052,C,data\collab_cache\Vid-20260421-Wa0064_A002_B004_f0052_A.npy,data\collab_cache\Vid-20260421-Wa0064_A002_B004_f0052_B.npy,Vid-20260421-Wa0064,848,480,2,4
Vid-20260421-Wa0064_A003_B004_f0000,C,data\collab_cache\Vid-20260421-Wa0064_A003_B004_f0000_A.npy,data\collab_cache\Vid-20260421-Wa0064_A003_B004_f0000_B.npy,Vid-20260421-Wa0064,848,480,3,4
Vid-20260421-Wa0064_A003_B004_f0004,C,data\collab_cache\Vid-20260421-Wa0064_A003_B004_f0004_A.npy,data\collab_cache\Vid-20260421-Wa0064_A003_B004_f0004_B.npy,Vid-20260421-Wa0064,848,480,3,4
Vid-20260421-Wa0064_A003_B004_f0008,C,data\collab_cache\Vid-20260421-Wa0064_A003_B004_f0008_A.npy,data\collab_cache\Vid-20260421-Wa0064_A003_B004_f0008_B.npy,Vid-20260421-Wa0064,848,480,3,4
Vid-20260421-Wa0064_A003_B005_f0008,C,data\collab_cache\Vid-20260421-Wa0064_A003_B005_f0008_A.npy,data\collab_cache\Vid-20260421-Wa0064_A003_B005_f0008_B.npy,Vid-20260421-Wa0064,848,480,3,5
Vid-20260421-Wa0064_A003_B004_f0012,C,data\collab_cache\Vid-20260421-Wa0064_A003_B004_f0012_A.npy,data\collab_cache\Vid-20260421-Wa0064_A003_B004_f0012_B.npy,Vid-20260421-Wa0064,848,480,3,4
Vid-20260421-Wa0064_A003_B005_f0012,C,data\collab_cache\Vid-20260421-Wa0064_A003_B005_f0012_A.npy,data\collab_cache\Vid-20260421-Wa0064_A003_B005_f0012_B.npy,Vid-20260421-Wa0064,848,480,3,5
Vid-20260421-Wa0064_A003_B004_f0016,C,data\collab_cache\Vid-20260421-Wa0064_A003_B004_f0016_A.npy,data\collab_cache\Vid-20260421-Wa0064_A003_B004_f0016_B.npy,Vid-20260421-Wa0064,848,480,3,4
Vid-20260421-Wa0064_A003_B005_f0016,C,data\collab_cache\Vid-20260421-Wa0064_A003_B005_f0016_A.npy,data\collab_cache\Vid-20260421-Wa0064_A003_B005_f0016_B.npy,Vid-20260421-Wa0064,848,480,3,5
Vid-20260421-Wa0064_A003_B004_f0020,C,data\collab_cache\Vid-20260421-Wa0064_A003_B004_f0020_A.npy,data\collab_cache\Vid-20260421-Wa0064_A003_B004_f0020_B.npy,Vid-20260421-Wa0064,848,480,3,4
Vid-20260421-Wa0064_A003_B005_f0020,C,data\collab_cache\Vid-20260421-Wa0064_A003_B005_f0020_A.npy,data\collab_cache\Vid-20260421-Wa0064_A003_B005_f0020_B.npy,Vid-20260421-Wa0064,848,480,3,5
Vid-20260421-Wa0064_A003_B004_f0024,C,data\collab_cache\Vid-20260421-Wa0064_A003_B004_f0024_A.npy,data\collab_cache\Vid-20260421-Wa0064_A003_B004_f0024_B.npy,Vid-20260421-Wa0064,848,480,3,4
Vid-20260421-Wa0064_A003_B004_f0028,C,data\collab_cache\Vid-20260421-Wa0064_A003_B004_f0028_A.npy,data\collab_cache\Vid-20260421-Wa0064_A003_B004_f0028_B.npy,Vid-20260421-Wa0064,848,480,3,4
Vid-20260421-Wa0064_A003_B004_f0032,C,data\collab_cache\Vid-20260421-Wa0064_A003_B004_f0032_A.npy,data\collab_cache\Vid-20260421-Wa0064_A003_B004_f0032_B.npy,Vid-20260421-Wa0064,848,480,3,4
Vid-20260421-Wa0064_A003_B004_f0036,C,data\collab_cache\Vid-20260421-Wa0064_A003_B004_f0036_A.npy,data\collab_cache\Vid-20260421-Wa0064_A003_B004_f0036_B.npy,Vid-20260421-Wa0064,848,480,3,4
Vid-20260421-Wa0064_A003_B004_f0040,C,data\collab_cache\Vid-20260421-Wa0064_A003_B004_f0040_A.npy,data\collab_cache\Vid-20260421-Wa0064_A003_B004_f0040_B.npy,Vid-20260421-Wa0064,848,480,3,4
Vid-20260421-Wa0064_A003_B004_f0044,C,data\collab_cache\Vid-20260421-Wa0064_A003_B004_f0044_A.npy,data\collab_cache\Vid-20260421-Wa0064_A003_B004_f0044_B.npy,Vid-20260421-Wa0064,848,480,3,4
Vid-20260421-Wa0064_A003_B004_f0048,C,data\collab_cache\Vid-20260421-Wa0064_A003_B004_f0048_A.npy,data\collab_cache\Vid-20260421-Wa0064_A003_B004_f0048_B.npy,Vid-20260421-Wa0064,848,480,3,4
Vid-20260421-Wa0064_A003_B004_f0052,C,data\collab_cache\Vid-20260421-Wa0064_A003_B004_f0052_A.npy,data\collab_cache\Vid-20260421-Wa0064_A003_B004_f0052_B.npy,Vid-20260421-Wa0064,848,480,3,4
Vid-20260421-Wa0064_A004_B005_f0008,C,data\collab_cache\Vid-20260421-Wa0064_A004_B005_f0008_A.npy,data\collab_cache\Vid-20260421-Wa0064_A004_B005_f0008_B.npy,Vid-20260421-Wa0064,848,480,4,5
Vid-20260421-Wa0064_A004_B005_f0012,C,data\collab_cache\Vid-20260421-Wa0064_A004_B005_f0012_A.npy,data\collab_cache\Vid-20260421-Wa0064_A004_B005_f0012_B.npy,Vid-20260421-Wa0064,848,480,4,5
Vid-20260421-Wa0064_A004_B005_f0016,C,data\collab_cache\Vid-20260421-Wa0064_A004_B005_f0016_A.npy,data\collab_cache\Vid-20260421-Wa0064_A004_B005_f0016_B.npy,Vid-20260421-Wa0064,848,480,4,5
Vid-20260421-Wa0064_A004_B005_f0020,C,data\collab_cache\Vid-20260421-Wa0064_A004_B005_f0020_A.npy,data\collab_cache\Vid-20260421-Wa0064_A004_B005_f0020_B.npy,Vid-20260421-Wa0064,848,480,4,5
Vid-20260421-Wa0064_A005_B001_f0014,C,data\collab_cache\Vid-20260421-Wa0064_A005_B001_f0014_A.npy,data\collab_cache\Vid-20260421-Wa0064_A005_B001_f0014_B.npy,Vid-20260421-Wa0064,848,480,5,1
Vid-20260421-Wa0064_A005_B002_f0014,C,data\collab_cache\Vid-20260421-Wa0064_A005_B002_f0014_A.npy,data\collab_cache\Vid-20260421-Wa0064_A005_B002_f0014_B.npy,Vid-20260421-Wa0064,848,480,5,2
Vid-20260421-Wa0064_A005_B003_f0014,C,data\collab_cache\Vid-20260421-Wa0064_A005_B003_f0014_A.npy,data\collab_cache\Vid-20260421-Wa0064_A005_B003_f0014_B.npy,Vid-20260421-Wa0064,848,480,5,3
Vid-20260421-Wa0064_A005_B004_f0014,C,data\collab_cache\Vid-20260421-Wa0064_A005_B004_f0014_A.npy,data\collab_cache\Vid-20260421-Wa0064_A005_B004_f0014_B.npy,Vid-20260421-Wa0064,848,480,5,4
VID_ (10)_A001_B002_f0000,N,data\collab_cache\VID_ (10)_A001_B002_f0000_A.npy,data\collab_cache\VID_ (10)_A001_B002_f0000_B.npy,VID_ (10),848,480,1,2
VID_ (10)_A001_B003_f0000,N,data\collab_cache\VID_ (10)_A001_B003_f0000_A.npy,data\collab_cache\VID_ (10)_A001_B003_f0000_B.npy,VID_ (10),848,480,1,3
VID_ (10)_A001_B004_f0000,N,data\collab_cache\VID_ (10)_A001_B004_f0000_A.npy,data\collab_cache\VID_ (10)_A001_B004_f0000_B.npy,VID_ (10),848,480,1,4
VID_ (10)_A001_B005_f0000,N,data\collab_cache\VID_ (10)_A001_B005_f0000_A.npy,data\collab_cache\VID_ (10)_A001_B005_f0000_B.npy,VID_ (10),848,480,1,5
VID_ (10)_A001_B002_f0004,N,data\collab_cache\VID_ (10)_A001_B002_f0004_A.npy,data\collab_cache\VID_ (10)_A001_B002_f0004_B.npy,VID_ (10),848,480,1,2
VID_ (10)_A001_B003_f0004,N,data\collab_cache\VID_ (10)_A001_B003_f0004_A.npy,data\collab_cache\VID_ (10)_A001_B003_f0004_B.npy,VID_ (10),848,480,1,3
VID_ (10)_A001_B004_f0004,N,data\collab_cache\VID_ (10)_A001_B004_f0004_A.npy,data\collab_cache\VID_ (10)_A001_B004_f0004_B.npy,VID_ (10),848,480,1,4
VID_ (10)_A001_B005_f0004,N,data\collab_cache\VID_ (10)_A001_B005_f0004_A.npy,data\collab_cache\VID_ (10)_A001_B005_f0004_B.npy,VID_ (10),848,480,1,5
VID_ (10)_A001_B002_f0008,N,data\collab_cache\VID_ (10)_A001_B002_f0008_A.npy,data\collab_cache\VID_ (10)_A001_B002_f0008_B.npy,VID_ (10),848,480,1,2
VID_ (10)_A001_B003_f0008,N,data\collab_cache\VID_ (10)_A001_B003_f0008_A.npy,data\collab_cache\VID_ (10)_A001_B003_f0008_B.npy,VID_ (10),848,480,1,3
VID_ (10)_A001_B004_f0008,N,data\collab_cache\VID_ (10)_A001_B004_f0008_A.npy,data\collab_cache\VID_ (10)_A001_B004_f0008_B.npy,VID_ (10),848,480,1,4
VID_ (10)_A001_B005_f0008,N,data\collab_cache\VID_ (10)_A001_B005_f0008_A.npy,data\collab_cache\VID_ (10)_A001_B005_f0008_B.npy,VID_ (10),848,480,1,5
VID_ (10)_A001_B007_f0008,N,data\collab_cache\VID_ (10)_A001_B007_f0008_A.npy,data\collab_cache\VID_ (10)_A001_B007_f0008_B.npy,VID_ (10),848,480,1,7
VID_ (10)_A001_B002_f0012,N,data\collab_cache\VID_ (10)_A001_B002_f0012_A.npy,data\collab_cache\VID_ (10)_A001_B002_f0012_B.npy,VID_ (10),848,480,1,2
VID_ (10)_A001_B003_f0012,N,data\collab_cache\VID_ (10)_A001_B003_f0012_A.npy,data\collab_cache\VID_ (10)_A001_B003_f0012_B.npy,VID_ (10),848,480,1,3
VID_ (10)_A001_B004_f0012,N,data\collab_cache\VID_ (10)_A001_B004_f0012_A.npy,data\collab_cache\VID_ (10)_A001_B004_f0012_B.npy,VID_ (10),848,480,1,4
VID_ (10)_A001_B005_f0012,N,data\collab_cache\VID_ (10)_A001_B005_f0012_A.npy,data\collab_cache\VID_ (10)_A001_B005_f0012_B.npy,VID_ (10),848,480,1,5
VID_ (10)_A001_B007_f0012,N,data\collab_cache\VID_ (10)_A001_B007_f0012_A.npy,data\collab_cache\VID_ (10)_A001_B007_f0012_B.npy,VID_ (10),848,480,1,7
VID_ (10)_A001_B002_f0016,N,data\collab_cache\VID_ (10)_A001_B002_f0016_A.npy,data\collab_cache\VID_ (10)_A001_B002_f0016_B.npy,VID_ (10),848,480,1,2
VID_ (10)_A001_B003_f0016,N,data\collab_cache\VID_ (10)_A001_B003_f0016_A.npy,data\collab_cache\VID_ (10)_A001_B003_f0016_B.npy,VID_ (10),848,480,1,3
VID_ (10)_A001_B007_f0016,N,data\collab_cache\VID_ (10)_A001_B007_f0016_A.npy,data\collab_cache\VID_ (10)_A001_B007_f0016_B.npy,VID_ (10),848,480,1,7
VID_ (10)_A001_B002_f0020,N,data\collab_cache\VID_ (10)_A001_B002_f0020_A.npy,data\collab_cache\VID_ (10)_A001_B002_f0020_B.npy,VID_ (10),848,480,1,2
VID_ (10)_A001_B003_f0020,N,data\collab_cache\VID_ (10)_A001_B003_f0020_A.npy,data\collab_cache\VID_ (10)_A001_B003_f0020_B.npy,VID_ (10),848,480,1,3
VID_ (10)_A001_B004_f0020,N,data\collab_cache\VID_ (10)_A001_B004_f0020_A.npy,data\collab_cache\VID_ (10)_A001_B004_f0020_B.npy,VID_ (10),848,480,1,4
VID_ (10)_A001_B005_f0020,N,data\collab_cache\VID_ (10)_A001_B005_f0020_A.npy,data\collab_cache\VID_ (10)_A001_B005_f0020_B.npy,VID_ (10),848,480,1,5
VID_ (10)_A001_B006_f0020,N,data\collab_cache\VID_ (10)_A001_B006_f0020_A.npy,data\collab_cache\VID_ (10)_A001_B006_f0020_B.npy,VID_ (10),848,480,1,6
VID_ (10)_A001_B002_f0024,N,data\collab_cache\VID_ (10)_A001_B002_f0024_A.npy,data\collab_cache\VID_ (10)_A001_B002_f0024_B.npy,VID_ (10),848,480,1,2
VID_ (10)_A001_B003_f0024,N,data\collab_cache\VID_ (10)_A001_B003_f0024_A.npy,data\collab_cache\VID_ (10)_A001_B003_f0024_B.npy,VID_ (10),848,480,1,3
VID_ (10)_A001_B004_f0024,N,data\collab_cache\VID_ (10)_A001_B004_f0024_A.npy,data\collab_cache\VID_ (10)_A001_B004_f0024_B.npy,VID_ (10),848,480,1,4
VID_ (10)_A001_B005_f0024,N,data\collab_cache\VID_ (10)_A001_B005_f0024_A.npy,data\collab_cache\VID_ (10)_A001_B005_f0024_B.npy,VID_ (10),848,480,1,5
VID_ (10)_A001_B006_f0024,N,data\collab_cache\VID_ (10)_A001_B006_f0024_A.npy,data\collab_cache\VID_ (10)_A001_B006_f0024_B.npy,VID_ (10),848,480,1,6
VID_ (10)_A001_B002_f0028,N,data\collab_cache\VID_ (10)_A001_B002_f0028_A.npy,data\collab_cache\VID_ (10)_A001_B002_f0028_B.npy,VID_ (10),848,480,1,2
VID_ (10)_A001_B003_f0028,N,data\collab_cache\VID_ (10)_A001_B003_f0028_A.npy,data\collab_cache\VID_ (10)_A001_B003_f0028_B.npy,VID_ (10),848,480,1,3
VID_ (10)_A001_B004_f0028,N,data\collab_cache\VID_ (10)_A001_B004_f0028_A.npy,data\collab_cache\VID_ (10)_A001_B004_f0028_B.npy,VID_ (10),848,480,1,4
VID_ (10)_A001_B005_f0028,N,data\collab_cache\VID_ (10)_A001_B005_f0028_A.npy,data\collab_cache\VID_ (10)_A001_B005_f0028_B.npy,VID_ (10),848,480,1,5
VID_ (10)_A001_B006_f0028,N,data\collab_cache\VID_ (10)_A001_B006_f0028_A.npy,data\collab_cache\VID_ (10)_A001_B006_f0028_B.npy,VID_ (10),848,480,1,6
VID_ (10)_A001_B002_f0032,N,data\collab_cache\VID_ (10)_A001_B002_f0032_A.npy,data\collab_cache\VID_ (10)_A001_B002_f0032_B.npy,VID_ (10),848,480,1,2
VID_ (10)_A001_B003_f0032,N,data\collab_cache\VID_ (10)_A001_B003_f0032_A.npy,data\collab_cache\VID_ (10)_A001_B003_f0032_B.npy,VID_ (10),848,480,1,3
VID_ (10)_A001_B004_f0032,N,data\collab_cache\VID_ (10)_A001_B004_f0032_A.npy,data\collab_cache\VID_ (10)_A001_B004_f0032_B.npy,VID_ (10),848,480,1,4
VID_ (10)_A001_B005_f0032,N,data\collab_cache\VID_ (10)_A001_B005_f0032_A.npy,data\collab_cache\VID_ (10)_A001_B005_f0032_B.npy,VID_ (10),848,480,1,5
VID_ (10)_A001_B006_f0032,N,data\collab_cache\VID_ (10)_A001_B006_f0032_A.npy,data\collab_cache\VID_ (10)_A001_B006_f0032_B.npy,VID_ (10),848,480,1,6
VID_ (10)_A001_B002_f0036,N,data\collab_cache\VID_ (10)_A001_B002_f0036_A.npy,data\collab_cache\VID_ (10)_A001_B002_f0036_B.npy,VID_ (10),848,480,1,2
VID_ (10)_A001_B003_f0036,N,data\collab_cache\VID_ (10)_A001_B003_f0036_A.npy,data\collab_cache\VID_ (10)_A001_B003_f0036_B.npy,VID_ (10),848,480,1,3
VID_ (10)_A001_B004_f0036,N,data\collab_cache\VID_ (10)_A001_B004_f0036_A.npy,data\collab_cache\VID_ (10)_A001_B004_f0036_B.npy,VID_ (10),848,480,1,4
VID_ (10)_A001_B005_f0036,N,data\collab_cache\VID_ (10)_A001_B005_f0036_A.npy,data\collab_cache\VID_ (10)_A001_B005_f0036_B.npy,VID_ (10),848,480,1,5
VID_ (10)_A001_B006_f0036,N,data\collab_cache\VID_ (10)_A001_B006_f0036_A.npy,data\collab_cache\VID_ (10)_A001_B006_f0036_B.npy,VID_ (10),848,480,1,6
VID_ (10)_A001_B002_f0040,N,data\collab_cache\VID_ (10)_A001_B002_f0040_A.npy,data\collab_cache\VID_ (10)_A001_B002_f0040_B.npy,VID_ (10),848,480,1,2
VID_ (10)_A001_B003_f0040,N,data\collab_cache\VID_ (10)_A001_B003_f0040_A.npy,data\collab_cache\VID_ (10)_A001_B003_f0040_B.npy,VID_ (10),848,480,1,3
VID_ (10)_A001_B004_f0040,N,data\collab_cache\VID_ (10)_A001_B004_f0040_A.npy,data\collab_cache\VID_ (10)_A001_B004_f0040_B.npy,VID_ (10),848,480,1,4
VID_ (10)_A001_B005_f0040,N,data\collab_cache\VID_ (10)_A001_B005_f0040_A.npy,data\collab_cache\VID_ (10)_A001_B005_f0040_B.npy,VID_ (10),848,480,1,5
VID_ (10)_A001_B006_f0040,N,data\collab_cache\VID_ (10)_A001_B006_f0040_A.npy,data\collab_cache\VID_ (10)_A001_B006_f0040_B.npy,VID_ (10),848,480,1,6
VID_ (10)_A001_B002_f0044,N,data\collab_cache\VID_ (10)_A001_B002_f0044_A.npy,data\collab_cache\VID_ (10)_A001_B002_f0044_B.npy,VID_ (10),848,480,1,2
VID_ (10)_A001_B003_f0044,N,data\collab_cache\VID_ (10)_A001_B003_f0044_A.npy,data\collab_cache\VID_ (10)_A001_B003_f0044_B.npy,VID_ (10),848,480,1,3
VID_ (10)_A001_B004_f0044,N,data\collab_cache\VID_ (10)_A001_B004_f0044_A.npy,data\collab_cache\VID_ (10)_A001_B004_f0044_B.npy,VID_ (10),848,480,1,4
VID_ (10)_A001_B005_f0044,N,data\collab_cache\VID_ (10)_A001_B005_f0044_A.npy,data\collab_cache\VID_ (10)_A001_B005_f0044_B.npy,VID_ (10),848,480,1,5
VID_ (10)_A001_B008_f0044,N,data\collab_cache\VID_ (10)_A001_B008_f0044_A.npy,data\collab_cache\VID_ (10)_A001_B008_f0044_B.npy,VID_ (10),848,480,1,8
VID_ (10)_A001_B002_f0048,N,data\collab_cache\VID_ (10)_A001_B002_f0048_A.npy,data\collab_cache\VID_ (10)_A001_B002_f0048_B.npy,VID_ (10),848,480,1,2
VID_ (10)_A001_B003_f0048,N,data\collab_cache\VID_ (10)_A001_B003_f0048_A.npy,data\collab_cache\VID_ (10)_A001_B003_f0048_B.npy,VID_ (10),848,480,1,3
VID_ (10)_A001_B004_f0048,N,data\collab_cache\VID_ (10)_A001_B004_f0048_A.npy,data\collab_cache\VID_ (10)_A001_B004_f0048_B.npy,VID_ (10),848,480,1,4
VID_ (10)_A001_B005_f0048,N,data\collab_cache\VID_ (10)_A001_B005_f0048_A.npy,data\collab_cache\VID_ (10)_A001_B005_f0048_B.npy,VID_ (10),848,480,1,5
VID_ (10)_A001_B008_f0048,N,data\collab_cache\VID_ (10)_A001_B008_f0048_A.npy,data\collab_cache\VID_ (10)_A001_B008_f0048_B.npy,VID_ (10),848,480,1,8
VID_ (10)_A001_B009_f0048,N,data\collab_cache\VID_ (10)_A001_B009_f0048_A.npy,data\collab_cache\VID_ (10)_A001_B009_f0048_B.npy,VID_ (10),848,480,1,9
VID_ (10)_A001_B002_f0052,N,data\collab_cache\VID_ (10)_A001_B002_f0052_A.npy,data\collab_cache\VID_ (10)_A001_B002_f0052_B.npy,VID_ (10),848,480,1,2
VID_ (10)_A001_B003_f0052,N,data\collab_cache\VID_ (10)_A001_B003_f0052_A.npy,data\collab_cache\VID_ (10)_A001_B003_f0052_B.npy,VID_ (10),848,480,1,3
VID_ (10)_A001_B004_f0052,N,data\collab_cache\VID_ (10)_A001_B004_f0052_A.npy,data\collab_cache\VID_ (10)_A001_B004_f0052_B.npy,VID_ (10),848,480,1,4
VID_ (10)_A001_B005_f0052,N,data\collab_cache\VID_ (10)_A001_B005_f0052_A.npy,data\collab_cache\VID_ (10)_A001_B005_f0052_B.npy,VID_ (10),848,480,1,5
VID_ (10)_A001_B008_f0052,N,data\collab_cache\VID_ (10)_A001_B008_f0052_A.npy,data\collab_cache\VID_ (10)_A001_B008_f0052_B.npy,VID_ (10),848,480,1,8
VID_ (10)_A001_B009_f0052,N,data\collab_cache\VID_ (10)_A001_B009_f0052_A.npy,data\collab_cache\VID_ (10)_A001_B009_f0052_B.npy,VID_ (10),848,480,1,9
VID_ (10)_A002_B003_f0000,N,data\collab_cache\VID_ (10)_A002_B003_f0000_A.npy,data\collab_cache\VID_ (10)_A002_B003_f0000_B.npy,VID_ (10),848,480,2,3
VID_ (10)_A002_B004_f0000,N,data\collab_cache\VID_ (10)_A002_B004_f0000_A.npy,data\collab_cache\VID_ (10)_A002_B004_f0000_B.npy,VID_ (10),848,480,2,4
VID_ (10)_A002_B005_f0000,N,data\collab_cache\VID_ (10)_A002_B005_f0000_A.npy,data\collab_cache\VID_ (10)_A002_B005_f0000_B.npy,VID_ (10),848,480,2,5
VID_ (10)_A002_B003_f0004,N,data\collab_cache\VID_ (10)_A002_B003_f0004_A.npy,data\collab_cache\VID_ (10)_A002_B003_f0004_B.npy,VID_ (10),848,480,2,3
VID_ (10)_A002_B004_f0004,N,data\collab_cache\VID_ (10)_A002_B004_f0004_A.npy,data\collab_cache\VID_ (10)_A002_B004_f0004_B.npy,VID_ (10),848,480,2,4
VID_ (10)_A002_B005_f0004,N,data\collab_cache\VID_ (10)_A002_B005_f0004_A.npy,data\collab_cache\VID_ (10)_A002_B005_f0004_B.npy,VID_ (10),848,480,2,5
VID_ (10)_A002_B003_f0008,N,data\collab_cache\VID_ (10)_A002_B003_f0008_A.npy,data\collab_cache\VID_ (10)_A002_B003_f0008_B.npy,VID_ (10),848,480,2,3
VID_ (10)_A002_B004_f0008,N,data\collab_cache\VID_ (10)_A002_B004_f0008_A.npy,data\collab_cache\VID_ (10)_A002_B004_f0008_B.npy,VID_ (10),848,480,2,4
VID_ (10)_A002_B005_f0008,N,data\collab_cache\VID_ (10)_A002_B005_f0008_A.npy,data\collab_cache\VID_ (10)_A002_B005_f0008_B.npy,VID_ (10),848,480,2,5
VID_ (10)_A002_B007_f0008,N,data\collab_cache\VID_ (10)_A002_B007_f0008_A.npy,data\collab_cache\VID_ (10)_A002_B007_f0008_B.npy,VID_ (10),848,480,2,7
VID_ (10)_A002_B003_f0012,N,data\collab_cache\VID_ (10)_A002_B003_f0012_A.npy,data\collab_cache\VID_ (10)_A002_B003_f0012_B.npy,VID_ (10),848,480,2,3
VID_ (10)_A002_B004_f0012,N,data\collab_cache\VID_ (10)_A002_B004_f0012_A.npy,data\collab_cache\VID_ (10)_A002_B004_f0012_B.npy,VID_ (10),848,480,2,4
VID_ (10)_A002_B005_f0012,N,data\collab_cache\VID_ (10)_A002_B005_f0012_A.npy,data\collab_cache\VID_ (10)_A002_B005_f0012_B.npy,VID_ (10),848,480,2,5
VID_ (10)_A002_B007_f0012,N,data\collab_cache\VID_ (10)_A002_B007_f0012_A.npy,data\collab_cache\VID_ (10)_A002_B007_f0012_B.npy,VID_ (10),848,480,2,7
VID_ (10)_A002_B003_f0016,N,data\collab_cache\VID_ (10)_A002_B003_f0016_A.npy,data\collab_cache\VID_ (10)_A002_B003_f0016_B.npy,VID_ (10),848,480,2,3
VID_ (10)_A002_B004_f0016,N,data\collab_cache\VID_ (10)_A002_B004_f0016_A.npy,data\collab_cache\VID_ (10)_A002_B004_f0016_B.npy,VID_ (10),848,480,2,4
VID_ (10)_A002_B005_f0016,N,data\collab_cache\VID_ (10)_A002_B005_f0016_A.npy,data\collab_cache\VID_ (10)_A002_B005_f0016_B.npy,VID_ (10),848,480,2,5
VID_ (10)_A002_B007_f0016,N,data\collab_cache\VID_ (10)_A002_B007_f0016_A.npy,data\collab_cache\VID_ (10)_A002_B007_f0016_B.npy,VID_ (10),848,480,2,7
VID_ (10)_A002_B003_f0020,N,data\collab_cache\VID_ (10)_A002_B003_f0020_A.npy,data\collab_cache\VID_ (10)_A002_B003_f0020_B.npy,VID_ (10),848,480,2,3
VID_ (10)_A002_B004_f0020,N,data\collab_cache\VID_ (10)_A002_B004_f0020_A.npy,data\collab_cache\VID_ (10)_A002_B004_f0020_B.npy,VID_ (10),848,480,2,4
VID_ (10)_A002_B005_f0020,N,data\collab_cache\VID_ (10)_A002_B005_f0020_A.npy,data\collab_cache\VID_ (10)_A002_B005_f0020_B.npy,VID_ (10),848,480,2,5
VID_ (10)_A002_B006_f0020,N,data\collab_cache\VID_ (10)_A002_B006_f0020_A.npy,data\collab_cache\VID_ (10)_A002_B006_f0020_B.npy,VID_ (10),848,480,2,6
VID_ (10)_A002_B003_f0024,N,data\collab_cache\VID_ (10)_A002_B003_f0024_A.npy,data\collab_cache\VID_ (10)_A002_B003_f0024_B.npy,VID_ (10),848,480,2,3
VID_ (10)_A002_B004_f0024,N,data\collab_cache\VID_ (10)_A002_B004_f0024_A.npy,data\collab_cache\VID_ (10)_A002_B004_f0024_B.npy,VID_ (10),848,480,2,4
VID_ (10)_A002_B005_f0024,N,data\collab_cache\VID_ (10)_A002_B005_f0024_A.npy,data\collab_cache\VID_ (10)_A002_B005_f0024_B.npy,VID_ (10),848,480,2,5
VID_ (10)_A002_B006_f0024,N,data\collab_cache\VID_ (10)_A002_B006_f0024_A.npy,data\collab_cache\VID_ (10)_A002_B006_f0024_B.npy,VID_ (10),848,480,2,6
VID_ (10)_A002_B003_f0028,N,data\collab_cache\VID_ (10)_A002_B003_f0028_A.npy,data\collab_cache\VID_ (10)_A002_B003_f0028_B.npy,VID_ (10),848,480,2,3
VID_ (10)_A002_B004_f0028,N,data\collab_cache\VID_ (10)_A002_B004_f0028_A.npy,data\collab_cache\VID_ (10)_A002_B004_f0028_B.npy,VID_ (10),848,480,2,4
VID_ (10)_A002_B005_f0028,N,data\collab_cache\VID_ (10)_A002_B005_f0028_A.npy,data\collab_cache\VID_ (10)_A002_B005_f0028_B.npy,VID_ (10),848,480,2,5
VID_ (10)_A002_B006_f0028,N,data\collab_cache\VID_ (10)_A002_B006_f0028_A.npy,data\collab_cache\VID_ (10)_A002_B006_f0028_B.npy,VID_ (10),848,480,2,6
VID_ (10)_A002_B003_f0032,N,data\collab_cache\VID_ (10)_A002_B003_f0032_A.npy,data\collab_cache\VID_ (10)_A002_B003_f0032_B.npy,VID_ (10),848,480,2,3
VID_ (10)_A002_B004_f0032,N,data\collab_cache\VID_ (10)_A002_B004_f0032_A.npy,data\collab_cache\VID_ (10)_A002_B004_f0032_B.npy,VID_ (10),848,480,2,4
VID_ (10)_A002_B005_f0032,N,data\collab_cache\VID_ (10)_A002_B005_f0032_A.npy,data\collab_cache\VID_ (10)_A002_B005_f0032_B.npy,VID_ (10),848,480,2,5
VID_ (10)_A002_B006_f0032,N,data\collab_cache\VID_ (10)_A002_B006_f0032_A.npy,data\collab_cache\VID_ (10)_A002_B006_f0032_B.npy,VID_ (10),848,480,2,6
VID_ (10)_A002_B003_f0036,N,data\collab_cache\VID_ (10)_A002_B003_f0036_A.npy,data\collab_cache\VID_ (10)_A002_B003_f0036_B.npy,VID_ (10),848,480,2,3
VID_ (10)_A002_B004_f0036,N,data\collab_cache\VID_ (10)_A002_B004_f0036_A.npy,data\collab_cache\VID_ (10)_A002_B004_f0036_B.npy,VID_ (10),848,480,2,4
VID_ (10)_A002_B005_f0036,N,data\collab_cache\VID_ (10)_A002_B005_f0036_A.npy,data\collab_cache\VID_ (10)_A002_B005_f0036_B.npy,VID_ (10),848,480,2,5
VID_ (10)_A002_B006_f0036,N,data\collab_cache\VID_ (10)_A002_B006_f0036_A.npy,data\collab_cache\VID_ (10)_A002_B006_f0036_B.npy,VID_ (10),848,480,2,6
VID_ (10)_A002_B003_f0040,N,data\collab_cache\VID_ (10)_A002_B003_f0040_A.npy,data\collab_cache\VID_ (10)_A002_B003_f0040_B.npy,VID_ (10),848,480,2,3
VID_ (10)_A002_B004_f0040,N,data\collab_cache\VID_ (10)_A002_B004_f0040_A.npy,data\collab_cache\VID_ (10)_A002_B004_f0040_B.npy,VID_ (10),848,480,2,4
VID_ (10)_A002_B005_f0040,N,data\collab_cache\VID_ (10)_A002_B005_f0040_A.npy,data\collab_cache\VID_ (10)_A002_B005_f0040_B.npy,VID_ (10),848,480,2,5
VID_ (10)_A002_B006_f0040,N,data\collab_cache\VID_ (10)_A002_B006_f0040_A.npy,data\collab_cache\VID_ (10)_A002_B006_f0040_B.npy,VID_ (10),848,480,2,6
VID_ (10)_A002_B003_f0044,N,data\collab_cache\VID_ (10)_A002_B003_f0044_A.npy,data\collab_cache\VID_ (10)_A002_B003_f0044_B.npy,VID_ (10),848,480,2,3
VID_ (10)_A002_B004_f0044,N,data\collab_cache\VID_ (10)_A002_B004_f0044_A.npy,data\collab_cache\VID_ (10)_A002_B004_f0044_B.npy,VID_ (10),848,480,2,4
VID_ (10)_A002_B005_f0044,N,data\collab_cache\VID_ (10)_A002_B005_f0044_A.npy,data\collab_cache\VID_ (10)_A002_B005_f0044_B.npy,VID_ (10),848,480,2,5
VID_ (10)_A002_B003_f0048,N,data\collab_cache\VID_ (10)_A002_B003_f0048_A.npy,data\collab_cache\VID_ (10)_A002_B003_f0048_B.npy,VID_ (10),848,480,2,3
VID_ (10)_A002_B004_f0048,N,data\collab_cache\VID_ (10)_A002_B004_f0048_A.npy,data\collab_cache\VID_ (10)_A002_B004_f0048_B.npy,VID_ (10),848,480,2,4
VID_ (10)_A002_B005_f0048,N,data\collab_cache\VID_ (10)_A002_B005_f0048_A.npy,data\collab_cache\VID_ (10)_A002_B005_f0048_B.npy,VID_ (10),848,480,2,5
VID_ (10)_A002_B008_f0048,N,data\collab_cache\VID_ (10)_A002_B008_f0048_A.npy,data\collab_cache\VID_ (10)_A002_B008_f0048_B.npy,VID_ (10),848,480,2,8
VID_ (10)_A002_B003_f0052,N,data\collab_cache\VID_ (10)_A002_B003_f0052_A.npy,data\collab_cache\VID_ (10)_A002_B003_f0052_B.npy,VID_ (10),848,480,2,3
VID_ (10)_A002_B004_f0052,N,data\collab_cache\VID_ (10)_A002_B004_f0052_A.npy,data\collab_cache\VID_ (10)_A002_B004_f0052_B.npy,VID_ (10),848,480,2,4
VID_ (10)_A002_B005_f0052,N,data\collab_cache\VID_ (10)_A002_B005_f0052_A.npy,data\collab_cache\VID_ (10)_A002_B005_f0052_B.npy,VID_ (10),848,480,2,5
VID_ (10)_A002_B008_f0052,N,data\collab_cache\VID_ (10)_A002_B008_f0052_A.npy,data\collab_cache\VID_ (10)_A002_B008_f0052_B.npy,VID_ (10),848,480,2,8
VID_ (10)_A003_B004_f0000,N,data\collab_cache\VID_ (10)_A003_B004_f0000_A.npy,data\collab_cache\VID_ (10)_A003_B004_f0000_B.npy,VID_ (10),848,480,3,4
VID_ (10)_A003_B005_f0000,N,data\collab_cache\VID_ (10)_A003_B005_f0000_A.npy,data\collab_cache\VID_ (10)_A003_B005_f0000_B.npy,VID_ (10),848,480,3,5
VID_ (10)_A003_B004_f0004,N,data\collab_cache\VID_ (10)_A003_B004_f0004_A.npy,data\collab_cache\VID_ (10)_A003_B004_f0004_B.npy,VID_ (10),848,480,3,4
VID_ (10)_A003_B005_f0004,N,data\collab_cache\VID_ (10)_A003_B005_f0004_A.npy,data\collab_cache\VID_ (10)_A003_B005_f0004_B.npy,VID_ (10),848,480,3,5
VID_ (10)_A003_B004_f0008,N,data\collab_cache\VID_ (10)_A003_B004_f0008_A.npy,data\collab_cache\VID_ (10)_A003_B004_f0008_B.npy,VID_ (10),848,480,3,4
VID_ (10)_A003_B005_f0008,N,data\collab_cache\VID_ (10)_A003_B005_f0008_A.npy,data\collab_cache\VID_ (10)_A003_B005_f0008_B.npy,VID_ (10),848,480,3,5
VID_ (10)_A003_B004_f0012,N,data\collab_cache\VID_ (10)_A003_B004_f0012_A.npy,data\collab_cache\VID_ (10)_A003_B004_f0012_B.npy,VID_ (10),848,480,3,4
VID_ (10)_A003_B005_f0012,N,data\collab_cache\VID_ (10)_A003_B005_f0012_A.npy,data\collab_cache\VID_ (10)_A003_B005_f0012_B.npy,VID_ (10),848,480,3,5
VID_ (10)_A003_B004_f0016,N,data\collab_cache\VID_ (10)_A003_B004_f0016_A.npy,data\collab_cache\VID_ (10)_A003_B004_f0016_B.npy,VID_ (10),848,480,3,4
VID_ (10)_A003_B005_f0016,N,data\collab_cache\VID_ (10)_A003_B005_f0016_A.npy,data\collab_cache\VID_ (10)_A003_B005_f0016_B.npy,VID_ (10),848,480,3,5
VID_ (10)_A003_B004_f0020,N,data\collab_cache\VID_ (10)_A003_B004_f0020_A.npy,data\collab_cache\VID_ (10)_A003_B004_f0020_B.npy,VID_ (10),848,480,3,4
VID_ (10)_A003_B005_f0020,N,data\collab_cache\VID_ (10)_A003_B005_f0020_A.npy,data\collab_cache\VID_ (10)_A003_B005_f0020_B.npy,VID_ (10),848,480,3,5
VID_ (10)_A003_B006_f0020,N,data\collab_cache\VID_ (10)_A003_B006_f0020_A.npy,data\collab_cache\VID_ (10)_A003_B006_f0020_B.npy,VID_ (10),848,480,3,6
VID_ (10)_A003_B004_f0024,N,data\collab_cache\VID_ (10)_A003_B004_f0024_A.npy,data\collab_cache\VID_ (10)_A003_B004_f0024_B.npy,VID_ (10),848,480,3,4
VID_ (10)_A003_B005_f0024,N,data\collab_cache\VID_ (10)_A003_B005_f0024_A.npy,data\collab_cache\VID_ (10)_A003_B005_f0024_B.npy,VID_ (10),848,480,3,5
VID_ (10)_A003_B006_f0024,N,data\collab_cache\VID_ (10)_A003_B006_f0024_A.npy,data\collab_cache\VID_ (10)_A003_B006_f0024_B.npy,VID_ (10),848,480,3,6
VID_ (10)_A003_B004_f0028,N,data\collab_cache\VID_ (10)_A003_B004_f0028_A.npy,data\collab_cache\VID_ (10)_A003_B004_f0028_B.npy,VID_ (10),848,480,3,4
VID_ (10)_A003_B005_f0028,N,data\collab_cache\VID_ (10)_A003_B005_f0028_A.npy,data\collab_cache\VID_ (10)_A003_B005_f0028_B.npy,VID_ (10),848,480,3,5
VID_ (10)_A003_B006_f0028,N,data\collab_cache\VID_ (10)_A003_B006_f0028_A.npy,data\collab_cache\VID_ (10)_A003_B006_f0028_B.npy,VID_ (10),848,480,3,6
VID_ (10)_A003_B004_f0032,N,data\collab_cache\VID_ (10)_A003_B004_f0032_A.npy,data\collab_cache\VID_ (10)_A003_B004_f0032_B.npy,VID_ (10),848,480,3,4
VID_ (10)_A003_B005_f0032,N,data\collab_cache\VID_ (10)_A003_B005_f0032_A.npy,data\collab_cache\VID_ (10)_A003_B005_f0032_B.npy,VID_ (10),848,480,3,5
VID_ (10)_A003_B006_f0032,N,data\collab_cache\VID_ (10)_A003_B006_f0032_A.npy,data\collab_cache\VID_ (10)_A003_B006_f0032_B.npy,VID_ (10),848,480,3,6
VID_ (10)_A003_B004_f0036,N,data\collab_cache\VID_ (10)_A003_B004_f0036_A.npy,data\collab_cache\VID_ (10)_A003_B004_f0036_B.npy,VID_ (10),848,480,3,4
VID_ (10)_A003_B005_f0036,N,data\collab_cache\VID_ (10)_A003_B005_f0036_A.npy,data\collab_cache\VID_ (10)_A003_B005_f0036_B.npy,VID_ (10),848,480,3,5
VID_ (10)_A003_B006_f0036,N,data\collab_cache\VID_ (10)_A003_B006_f0036_A.npy,data\collab_cache\VID_ (10)_A003_B006_f0036_B.npy,VID_ (10),848,480,3,6
VID_ (10)_A003_B004_f0040,N,data\collab_cache\VID_ (10)_A003_B004_f0040_A.npy,data\collab_cache\VID_ (10)_A003_B004_f0040_B.npy,VID_ (10),848,480,3,4
VID_ (10)_A003_B005_f0040,N,data\collab_cache\VID_ (10)_A003_B005_f0040_A.npy,data\collab_cache\VID_ (10)_A003_B005_f0040_B.npy,VID_ (10),848,480,3,5
VID_ (10)_A003_B004_f0044,N,data\collab_cache\VID_ (10)_A003_B004_f0044_A.npy,data\collab_cache\VID_ (10)_A003_B004_f0044_B.npy,VID_ (10),848,480,3,4
VID_ (10)_A003_B005_f0044,N,data\collab_cache\VID_ (10)_A003_B005_f0044_A.npy,data\collab_cache\VID_ (10)_A003_B005_f0044_B.npy,VID_ (10),848,480,3,5
VID_ (10)_A003_B004_f0048,N,data\collab_cache\VID_ (10)_A003_B004_f0048_A.npy,data\collab_cache\VID_ (10)_A003_B004_f0048_B.npy,VID_ (10),848,480,3,4
VID_ (10)_A003_B005_f0048,N,data\collab_cache\VID_ (10)_A003_B005_f0048_A.npy,data\collab_cache\VID_ (10)_A003_B005_f0048_B.npy,VID_ (10),848,480,3,5
VID_ (10)_A003_B004_f0052,N,data\collab_cache\VID_ (10)_A003_B004_f0052_A.npy,data\collab_cache\VID_ (10)_A003_B004_f0052_B.npy,VID_ (10),848,480,3,4
VID_ (10)_A003_B005_f0052,N,data\collab_cache\VID_ (10)_A003_B005_f0052_A.npy,data\collab_cache\VID_ (10)_A003_B005_f0052_B.npy,VID_ (10),848,480,3,5
VID_ (10)_A004_B005_f0000,N,data\collab_cache\VID_ (10)_A004_B005_f0000_A.npy,data\collab_cache\VID_ (10)_A004_B005_f0000_B.npy,VID_ (10),848,480,4,5
VID_ (10)_A004_B005_f0004,N,data\collab_cache\VID_ (10)_A004_B005_f0004_A.npy,data\collab_cache\VID_ (10)_A004_B005_f0004_B.npy,VID_ (10),848,480,4,5
VID_ (10)_A004_B005_f0008,N,data\collab_cache\VID_ (10)_A004_B005_f0008_A.npy,data\collab_cache\VID_ (10)_A004_B005_f0008_B.npy,VID_ (10),848,480,4,5
VID_ (10)_A004_B007_f0008,N,data\collab_cache\VID_ (10)_A004_B007_f0008_A.npy,data\collab_cache\VID_ (10)_A004_B007_f0008_B.npy,VID_ (10),848,480,4,7
VID_ (10)_A004_B005_f0012,N,data\collab_cache\VID_ (10)_A004_B005_f0012_A.npy,data\collab_cache\VID_ (10)_A004_B005_f0012_B.npy,VID_ (10),848,480,4,5
VID_ (10)_A004_B007_f0012,N,data\collab_cache\VID_ (10)_A004_B007_f0012_A.npy,data\collab_cache\VID_ (10)_A004_B007_f0012_B.npy,VID_ (10),848,480,4,7
VID_ (10)_A004_B005_f0016,N,data\collab_cache\VID_ (10)_A004_B005_f0016_A.npy,data\collab_cache\VID_ (10)_A004_B005_f0016_B.npy,VID_ (10),848,480,4,5
VID_ (10)_A004_B007_f0016,N,data\collab_cache\VID_ (10)_A004_B007_f0016_A.npy,data\collab_cache\VID_ (10)_A004_B007_f0016_B.npy,VID_ (10),848,480,4,7
VID_ (10)_A004_B005_f0020,N,data\collab_cache\VID_ (10)_A004_B005_f0020_A.npy,data\collab_cache\VID_ (10)_A004_B005_f0020_B.npy,VID_ (10),848,480,4,5
VID_ (10)_A004_B006_f0020,N,data\collab_cache\VID_ (10)_A004_B006_f0020_A.npy,data\collab_cache\VID_ (10)_A004_B006_f0020_B.npy,VID_ (10),848,480,4,6
VID_ (10)_A004_B005_f0024,N,data\collab_cache\VID_ (10)_A004_B005_f0024_A.npy,data\collab_cache\VID_ (10)_A004_B005_f0024_B.npy,VID_ (10),848,480,4,5
VID_ (10)_A004_B006_f0024,N,data\collab_cache\VID_ (10)_A004_B006_f0024_A.npy,data\collab_cache\VID_ (10)_A004_B006_f0024_B.npy,VID_ (10),848,480,4,6
VID_ (10)_A004_B005_f0028,N,data\collab_cache\VID_ (10)_A004_B005_f0028_A.npy,data\collab_cache\VID_ (10)_A004_B005_f0028_B.npy,VID_ (10),848,480,4,5
VID_ (10)_A004_B006_f0028,N,data\collab_cache\VID_ (10)_A004_B006_f0028_A.npy,data\collab_cache\VID_ (10)_A004_B006_f0028_B.npy,VID_ (10),848,480,4,6
VID_ (10)_A004_B005_f0032,N,data\collab_cache\VID_ (10)_A004_B005_f0032_A.npy,data\collab_cache\VID_ (10)_A004_B005_f0032_B.npy,VID_ (10),848,480,4,5
VID_ (10)_A004_B006_f0032,N,data\collab_cache\VID_ (10)_A004_B006_f0032_A.npy,data\collab_cache\VID_ (10)_A004_B006_f0032_B.npy,VID_ (10),848,480,4,6
VID_ (10)_A004_B005_f0036,N,data\collab_cache\VID_ (10)_A004_B005_f0036_A.npy,data\collab_cache\VID_ (10)_A004_B005_f0036_B.npy,VID_ (10),848,480,4,5
VID_ (10)_A004_B006_f0036,N,data\collab_cache\VID_ (10)_A004_B006_f0036_A.npy,data\collab_cache\VID_ (10)_A004_B006_f0036_B.npy,VID_ (10),848,480,4,6
VID_ (10)_A004_B005_f0040,N,data\collab_cache\VID_ (10)_A004_B005_f0040_A.npy,data\collab_cache\VID_ (10)_A004_B005_f0040_B.npy,VID_ (10),848,480,4,5
VID_ (10)_A004_B006_f0040,N,data\collab_cache\VID_ (10)_A004_B006_f0040_A.npy,data\collab_cache\VID_ (10)_A004_B006_f0040_B.npy,VID_ (10),848,480,4,6
VID_ (10)_A004_B005_f0044,N,data\collab_cache\VID_ (10)_A004_B005_f0044_A.npy,data\collab_cache\VID_ (10)_A004_B005_f0044_B.npy,VID_ (10),848,480,4,5
VID_ (10)_A004_B008_f0044,N,data\collab_cache\VID_ (10)_A004_B008_f0044_A.npy,data\collab_cache\VID_ (10)_A004_B008_f0044_B.npy,VID_ (10),848,480,4,8
VID_ (10)_A004_B005_f0048,N,data\collab_cache\VID_ (10)_A004_B005_f0048_A.npy,data\collab_cache\VID_ (10)_A004_B005_f0048_B.npy,VID_ (10),848,480,4,5
VID_ (10)_A004_B008_f0048,N,data\collab_cache\VID_ (10)_A004_B008_f0048_A.npy,data\collab_cache\VID_ (10)_A004_B008_f0048_B.npy,VID_ (10),848,480,4,8
VID_ (10)_A004_B005_f0052,N,data\collab_cache\VID_ (10)_A004_B005_f0052_A.npy,data\collab_cache\VID_ (10)_A004_B005_f0052_B.npy,VID_ (10),848,480,4,5
VID_ (10)_A004_B008_f0052,N,data\collab_cache\VID_ (10)_A004_B008_f0052_A.npy,data\collab_cache\VID_ (10)_A004_B008_f0052_B.npy,VID_ (10),848,480,4,8
VID_ (10)_A005_B007_f0008,N,data\collab_cache\VID_ (10)_A005_B007_f0008_A.npy,data\collab_cache\VID_ (10)_A005_B007_f0008_B.npy,VID_ (10),848,480,5,7
VID_ (10)_A005_B007_f0012,N,data\collab_cache\VID_ (10)_A005_B007_f0012_A.npy,data\collab_cache\VID_ (10)_A005_B007_f0012_B.npy,VID_ (10),848,480,5,7
VID_ (10)_A005_B007_f0016,N,data\collab_cache\VID_ (10)_A005_B007_f0016_A.npy,data\collab_cache\VID_ (10)_A005_B007_f0016_B.npy,VID_ (10),848,480,5,7
VID_ (10)_A005_B006_f0020,N,data\collab_cache\VID_ (10)_A005_B006_f0020_A.npy,data\collab_cache\VID_ (10)_A005_B006_f0020_B.npy,VID_ (10),848,480,5,6
VID_ (10)_A005_B006_f0024,N,data\collab_cache\VID_ (10)_A005_B006_f0024_A.npy,data\collab_cache\VID_ (10)_A005_B006_f0024_B.npy,VID_ (10),848,480,5,6
VID_ (10)_A005_B006_f0028,N,data\collab_cache\VID_ (10)_A005_B006_f0028_A.npy,data\collab_cache\VID_ (10)_A005_B006_f0028_B.npy,VID_ (10),848,480,5,6
VID_ (10)_A005_B006_f0032,N,data\collab_cache\VID_ (10)_A005_B006_f0032_A.npy,data\collab_cache\VID_ (10)_A005_B006_f0032_B.npy,VID_ (10),848,480,5,6
VID_ (10)_A005_B006_f0036,N,data\collab_cache\VID_ (10)_A005_B006_f0036_A.npy,data\collab_cache\VID_ (10)_A005_B006_f0036_B.npy,VID_ (10),848,480,5,6
VID_ (10)_A005_B006_f0040,N,data\collab_cache\VID_ (10)_A005_B006_f0040_A.npy,data\collab_cache\VID_ (10)_A005_B006_f0040_B.npy,VID_ (10),848,480,5,6
VID_ (10)_A005_B008_f0044,N,data\collab_cache\VID_ (10)_A005_B008_f0044_A.npy,data\collab_cache\VID_ (10)_A005_B008_f0044_B.npy,VID_ (10),848,480,5,8
VID_ (10)_A005_B008_f0048,N,data\collab_cache\VID_ (10)_A005_B008_f0048_A.npy,data\collab_cache\VID_ (10)_A005_B008_f0048_B.npy,VID_ (10),848,480,5,8
VID_ (10)_A005_B008_f0052,N,data\collab_cache\VID_ (10)_A005_B008_f0052_A.npy,data\collab_cache\VID_ (10)_A005_B008_f0052_B.npy,VID_ (10),848,480,5,8
VID_ (10)_A008_B001_f0049,N,data\collab_cache\VID_ (10)_A008_B001_f0049_A.npy,data\collab_cache\VID_ (10)_A008_B001_f0049_B.npy,VID_ (10),848,480,8,1
VID_ (10)_A008_B002_f0049,N,data\collab_cache\VID_ (10)_A008_B002_f0049_A.npy,data\collab_cache\VID_ (10)_A008_B002_f0049_B.npy,VID_ (10),848,480,8,2
VID_ (10)_A008_B004_f0049,N,data\collab_cache\VID_ (10)_A008_B004_f0049_A.npy,data\collab_cache\VID_ (10)_A008_B004_f0049_B.npy,VID_ (10),848,480,8,4
VID_ (10)_A008_B005_f0049,N,data\collab_cache\VID_ (10)_A008_B005_f0049_A.npy,data\collab_cache\VID_ (10)_A008_B005_f0049_B.npy,VID_ (10),848,480,8,5
VID_ (10)_A008_B001_f0053,N,data\collab_cache\VID_ (10)_A008_B001_f0053_A.npy,data\collab_cache\VID_ (10)_A008_B001_f0053_B.npy,VID_ (10),848,480,8,1
VID_ (10)_A008_B002_f0053,N,data\collab_cache\VID_ (10)_A008_B002_f0053_A.npy,data\collab_cache\VID_ (10)_A008_B002_f0053_B.npy,VID_ (10),848,480,8,2
VID_ (10)_A008_B004_f0053,N,data\collab_cache\VID_ (10)_A008_B004_f0053_A.npy,data\collab_cache\VID_ (10)_A008_B004_f0053_B.npy,VID_ (10),848,480,8,4
VID_ (10)_A008_B005_f0053,N,data\collab_cache\VID_ (10)_A008_B005_f0053_A.npy,data\collab_cache\VID_ (10)_A008_B005_f0053_B.npy,VID_ (10),848,480,8,5
VID_ (11)_A001_B002_f0000,N,data\collab_cache\VID_ (11)_A001_B002_f0000_A.npy,data\collab_cache\VID_ (11)_A001_B002_f0000_B.npy,VID_ (11),848,480,1,2
VID_ (11)_A001_B003_f0000,N,data\collab_cache\VID_ (11)_A001_B003_f0000_A.npy,data\collab_cache\VID_ (11)_A001_B003_f0000_B.npy,VID_ (11),848,480,1,3
VID_ (11)_A001_B004_f0000,N,data\collab_cache\VID_ (11)_A001_B004_f0000_A.npy,data\collab_cache\VID_ (11)_A001_B004_f0000_B.npy,VID_ (11),848,480,1,4
VID_ (11)_A001_B005_f0000,N,data\collab_cache\VID_ (11)_A001_B005_f0000_A.npy,data\collab_cache\VID_ (11)_A001_B005_f0000_B.npy,VID_ (11),848,480,1,5
VID_ (11)_A001_B006_f0000,N,data\collab_cache\VID_ (11)_A001_B006_f0000_A.npy,data\collab_cache\VID_ (11)_A001_B006_f0000_B.npy,VID_ (11),848,480,1,6
VID_ (11)_A001_B007_f0000,N,data\collab_cache\VID_ (11)_A001_B007_f0000_A.npy,data\collab_cache\VID_ (11)_A001_B007_f0000_B.npy,VID_ (11),848,480,1,7
VID_ (11)_A001_B002_f0004,N,data\collab_cache\VID_ (11)_A001_B002_f0004_A.npy,data\collab_cache\VID_ (11)_A001_B002_f0004_B.npy,VID_ (11),848,480,1,2
VID_ (11)_A001_B003_f0004,N,data\collab_cache\VID_ (11)_A001_B003_f0004_A.npy,data\collab_cache\VID_ (11)_A001_B003_f0004_B.npy,VID_ (11),848,480,1,3
VID_ (11)_A001_B004_f0004,N,data\collab_cache\VID_ (11)_A001_B004_f0004_A.npy,data\collab_cache\VID_ (11)_A001_B004_f0004_B.npy,VID_ (11),848,480,1,4
VID_ (11)_A001_B005_f0004,N,data\collab_cache\VID_ (11)_A001_B005_f0004_A.npy,data\collab_cache\VID_ (11)_A001_B005_f0004_B.npy,VID_ (11),848,480,1,5
VID_ (11)_A001_B006_f0004,N,data\collab_cache\VID_ (11)_A001_B006_f0004_A.npy,data\collab_cache\VID_ (11)_A001_B006_f0004_B.npy,VID_ (11),848,480,1,6
VID_ (11)_A001_B007_f0004,N,data\collab_cache\VID_ (11)_A001_B007_f0004_A.npy,data\collab_cache\VID_ (11)_A001_B007_f0004_B.npy,VID_ (11),848,480,1,7
VID_ (11)_A001_B009_f0004,N,data\collab_cache\VID_ (11)_A001_B009_f0004_A.npy,data\collab_cache\VID_ (11)_A001_B009_f0004_B.npy,VID_ (11),848,480,1,9
VID_ (11)_A001_B002_f0008,N,data\collab_cache\VID_ (11)_A001_B002_f0008_A.npy,data\collab_cache\VID_ (11)_A001_B002_f0008_B.npy,VID_ (11),848,480,1,2
VID_ (11)_A001_B003_f0008,N,data\collab_cache\VID_ (11)_A001_B003_f0008_A.npy,data\collab_cache\VID_ (11)_A001_B003_f0008_B.npy,VID_ (11),848,480,1,3
VID_ (11)_A001_B004_f0008,N,data\collab_cache\VID_ (11)_A001_B004_f0008_A.npy,data\collab_cache\VID_ (11)_A001_B004_f0008_B.npy,VID_ (11),848,480,1,4
VID_ (11)_A001_B005_f0008,N,data\collab_cache\VID_ (11)_A001_B005_f0008_A.npy,data\collab_cache\VID_ (11)_A001_B005_f0008_B.npy,VID_ (11),848,480,1,5
VID_ (11)_A001_B006_f0008,N,data\collab_cache\VID_ (11)_A001_B006_f0008_A.npy,data\collab_cache\VID_ (11)_A001_B006_f0008_B.npy,VID_ (11),848,480,1,6
VID_ (11)_A001_B007_f0008,N,data\collab_cache\VID_ (11)_A001_B007_f0008_A.npy,data\collab_cache\VID_ (11)_A001_B007_f0008_B.npy,VID_ (11),848,480,1,7
VID_ (11)_A001_B009_f0008,N,data\collab_cache\VID_ (11)_A001_B009_f0008_A.npy,data\collab_cache\VID_ (11)_A001_B009_f0008_B.npy,VID_ (11),848,480,1,9
VID_ (11)_A001_B002_f0012,N,data\collab_cache\VID_ (11)_A001_B002_f0012_A.npy,data\collab_cache\VID_ (11)_A001_B002_f0012_B.npy,VID_ (11),848,480,1,2
VID_ (11)_A001_B003_f0012,N,data\collab_cache\VID_ (11)_A001_B003_f0012_A.npy,data\collab_cache\VID_ (11)_A001_B003_f0012_B.npy,VID_ (11),848,480,1,3
VID_ (11)_A001_B004_f0012,N,data\collab_cache\VID_ (11)_A001_B004_f0012_A.npy,data\collab_cache\VID_ (11)_A001_B004_f0012_B.npy,VID_ (11),848,480,1,4
VID_ (11)_A001_B005_f0012,N,data\collab_cache\VID_ (11)_A001_B005_f0012_A.npy,data\collab_cache\VID_ (11)_A001_B005_f0012_B.npy,VID_ (11),848,480,1,5
VID_ (11)_A001_B006_f0012,N,data\collab_cache\VID_ (11)_A001_B006_f0012_A.npy,data\collab_cache\VID_ (11)_A001_B006_f0012_B.npy,VID_ (11),848,480,1,6
VID_ (11)_A001_B007_f0012,N,data\collab_cache\VID_ (11)_A001_B007_f0012_A.npy,data\collab_cache\VID_ (11)_A001_B007_f0012_B.npy,VID_ (11),848,480,1,7
VID_ (11)_A001_B009_f0012,N,data\collab_cache\VID_ (11)_A001_B009_f0012_A.npy,data\collab_cache\VID_ (11)_A001_B009_f0012_B.npy,VID_ (11),848,480,1,9
VID_ (11)_A001_B002_f0016,N,data\collab_cache\VID_ (11)_A001_B002_f0016_A.npy,data\collab_cache\VID_ (11)_A001_B002_f0016_B.npy,VID_ (11),848,480,1,2
VID_ (11)_A001_B003_f0016,N,data\collab_cache\VID_ (11)_A001_B003_f0016_A.npy,data\collab_cache\VID_ (11)_A001_B003_f0016_B.npy,VID_ (11),848,480,1,3
VID_ (11)_A001_B004_f0016,N,data\collab_cache\VID_ (11)_A001_B004_f0016_A.npy,data\collab_cache\VID_ (11)_A001_B004_f0016_B.npy,VID_ (11),848,480,1,4
VID_ (11)_A001_B005_f0016,N,data\collab_cache\VID_ (11)_A001_B005_f0016_A.npy,data\collab_cache\VID_ (11)_A001_B005_f0016_B.npy,VID_ (11),848,480,1,5
VID_ (11)_A001_B006_f0016,N,data\collab_cache\VID_ (11)_A001_B006_f0016_A.npy,data\collab_cache\VID_ (11)_A001_B006_f0016_B.npy,VID_ (11),848,480,1,6
VID_ (11)_A001_B007_f0016,N,data\collab_cache\VID_ (11)_A001_B007_f0016_A.npy,data\collab_cache\VID_ (11)_A001_B007_f0016_B.npy,VID_ (11),848,480,1,7
VID_ (11)_A001_B008_f0016,N,data\collab_cache\VID_ (11)_A001_B008_f0016_A.npy,data\collab_cache\VID_ (11)_A001_B008_f0016_B.npy,VID_ (11),848,480,1,8
VID_ (11)_A001_B009_f0016,N,data\collab_cache\VID_ (11)_A001_B009_f0016_A.npy,data\collab_cache\VID_ (11)_A001_B009_f0016_B.npy,VID_ (11),848,480,1,9
VID_ (11)_A001_B010_f0016,N,data\collab_cache\VID_ (11)_A001_B010_f0016_A.npy,data\collab_cache\VID_ (11)_A001_B010_f0016_B.npy,VID_ (11),848,480,1,10
VID_ (11)_A001_B002_f0020,N,data\collab_cache\VID_ (11)_A001_B002_f0020_A.npy,data\collab_cache\VID_ (11)_A001_B002_f0020_B.npy,VID_ (11),848,480,1,2
VID_ (11)_A001_B003_f0020,N,data\collab_cache\VID_ (11)_A001_B003_f0020_A.npy,data\collab_cache\VID_ (11)_A001_B003_f0020_B.npy,VID_ (11),848,480,1,3
VID_ (11)_A001_B004_f0020,N,data\collab_cache\VID_ (11)_A001_B004_f0020_A.npy,data\collab_cache\VID_ (11)_A001_B004_f0020_B.npy,VID_ (11),848,480,1,4
VID_ (11)_A001_B005_f0020,N,data\collab_cache\VID_ (11)_A001_B005_f0020_A.npy,data\collab_cache\VID_ (11)_A001_B005_f0020_B.npy,VID_ (11),848,480,1,5
VID_ (11)_A001_B006_f0020,N,data\collab_cache\VID_ (11)_A001_B006_f0020_A.npy,data\collab_cache\VID_ (11)_A001_B006_f0020_B.npy,VID_ (11),848,480,1,6
VID_ (11)_A001_B007_f0020,N,data\collab_cache\VID_ (11)_A001_B007_f0020_A.npy,data\collab_cache\VID_ (11)_A001_B007_f0020_B.npy,VID_ (11),848,480,1,7
VID_ (11)_A001_B008_f0020,N,data\collab_cache\VID_ (11)_A001_B008_f0020_A.npy,data\collab_cache\VID_ (11)_A001_B008_f0020_B.npy,VID_ (11),848,480,1,8
VID_ (11)_A001_B009_f0020,N,data\collab_cache\VID_ (11)_A001_B009_f0020_A.npy,data\collab_cache\VID_ (11)_A001_B009_f0020_B.npy,VID_ (11),848,480,1,9
VID_ (11)_A001_B010_f0020,N,data\collab_cache\VID_ (11)_A001_B010_f0020_A.npy,data\collab_cache\VID_ (11)_A001_B010_f0020_B.npy,VID_ (11),848,480,1,10
VID_ (11)_A001_B011_f0020,N,data\collab_cache\VID_ (11)_A001_B011_f0020_A.npy,data\collab_cache\VID_ (11)_A001_B011_f0020_B.npy,VID_ (11),848,480,1,11
VID_ (11)_A001_B002_f0024,N,data\collab_cache\VID_ (11)_A001_B002_f0024_A.npy,data\collab_cache\VID_ (11)_A001_B002_f0024_B.npy,VID_ (11),848,480,1,2
VID_ (11)_A001_B003_f0024,N,data\collab_cache\VID_ (11)_A001_B003_f0024_A.npy,data\collab_cache\VID_ (11)_A001_B003_f0024_B.npy,VID_ (11),848,480,1,3
VID_ (11)_A001_B004_f0024,N,data\collab_cache\VID_ (11)_A001_B004_f0024_A.npy,data\collab_cache\VID_ (11)_A001_B004_f0024_B.npy,VID_ (11),848,480,1,4
VID_ (11)_A001_B005_f0024,N,data\collab_cache\VID_ (11)_A001_B005_f0024_A.npy,data\collab_cache\VID_ (11)_A001_B005_f0024_B.npy,VID_ (11),848,480,1,5
VID_ (11)_A001_B007_f0024,N,data\collab_cache\VID_ (11)_A001_B007_f0024_A.npy,data\collab_cache\VID_ (11)_A001_B007_f0024_B.npy,VID_ (11),848,480,1,7
VID_ (11)_A001_B008_f0024,N,data\collab_cache\VID_ (11)_A001_B008_f0024_A.npy,data\collab_cache\VID_ (11)_A001_B008_f0024_B.npy,VID_ (11),848,480,1,8
VID_ (11)_A001_B009_f0024,N,data\collab_cache\VID_ (11)_A001_B009_f0024_A.npy,data\collab_cache\VID_ (11)_A001_B009_f0024_B.npy,VID_ (11),848,480,1,9
VID_ (11)_A001_B010_f0024,N,data\collab_cache\VID_ (11)_A001_B010_f0024_A.npy,data\collab_cache\VID_ (11)_A001_B010_f0024_B.npy,VID_ (11),848,480,1,10
VID_ (11)_A001_B011_f0024,N,data\collab_cache\VID_ (11)_A001_B011_f0024_A.npy,data\collab_cache\VID_ (11)_A001_B011_f0024_B.npy,VID_ (11),848,480,1,11
VID_ (11)_A001_B002_f0028,N,data\collab_cache\VID_ (11)_A001_B002_f0028_A.npy,data\collab_cache\VID_ (11)_A001_B002_f0028_B.npy,VID_ (11),848,480,1,2
VID_ (11)_A001_B003_f0028,N,data\collab_cache\VID_ (11)_A001_B003_f0028_A.npy,data\collab_cache\VID_ (11)_A001_B003_f0028_B.npy,VID_ (11),848,480,1,3
VID_ (11)_A001_B004_f0028,N,data\collab_cache\VID_ (11)_A001_B004_f0028_A.npy,data\collab_cache\VID_ (11)_A001_B004_f0028_B.npy,VID_ (11),848,480,1,4
VID_ (11)_A001_B005_f0028,N,data\collab_cache\VID_ (11)_A001_B005_f0028_A.npy,data\collab_cache\VID_ (11)_A001_B005_f0028_B.npy,VID_ (11),848,480,1,5
VID_ (11)_A001_B007_f0028,N,data\collab_cache\VID_ (11)_A001_B007_f0028_A.npy,data\collab_cache\VID_ (11)_A001_B007_f0028_B.npy,VID_ (11),848,480,1,7
VID_ (11)_A001_B008_f0028,N,data\collab_cache\VID_ (11)_A001_B008_f0028_A.npy,data\collab_cache\VID_ (11)_A001_B008_f0028_B.npy,VID_ (11),848,480,1,8
VID_ (11)_A001_B009_f0028,N,data\collab_cache\VID_ (11)_A001_B009_f0028_A.npy,data\collab_cache\VID_ (11)_A001_B009_f0028_B.npy,VID_ (11),848,480,1,9
VID_ (11)_A001_B002_f0032,N,data\collab_cache\VID_ (11)_A001_B002_f0032_A.npy,data\collab_cache\VID_ (11)_A001_B002_f0032_B.npy,VID_ (11),848,480,1,2
VID_ (11)_A001_B003_f0032,N,data\collab_cache\VID_ (11)_A001_B003_f0032_A.npy,data\collab_cache\VID_ (11)_A001_B003_f0032_B.npy,VID_ (11),848,480,1,3
VID_ (11)_A001_B004_f0032,N,data\collab_cache\VID_ (11)_A001_B004_f0032_A.npy,data\collab_cache\VID_ (11)_A001_B004_f0032_B.npy,VID_ (11),848,480,1,4
VID_ (11)_A001_B005_f0032,N,data\collab_cache\VID_ (11)_A001_B005_f0032_A.npy,data\collab_cache\VID_ (11)_A001_B005_f0032_B.npy,VID_ (11),848,480,1,5
VID_ (11)_A001_B007_f0032,N,data\collab_cache\VID_ (11)_A001_B007_f0032_A.npy,data\collab_cache\VID_ (11)_A001_B007_f0032_B.npy,VID_ (11),848,480,1,7
VID_ (11)_A001_B008_f0032,N,data\collab_cache\VID_ (11)_A001_B008_f0032_A.npy,data\collab_cache\VID_ (11)_A001_B008_f0032_B.npy,VID_ (11),848,480,1,8
VID_ (11)_A001_B009_f0032,N,data\collab_cache\VID_ (11)_A001_B009_f0032_A.npy,data\collab_cache\VID_ (11)_A001_B009_f0032_B.npy,VID_ (11),848,480,1,9
VID_ (11)_A001_B002_f0036,N,data\collab_cache\VID_ (11)_A001_B002_f0036_A.npy,data\collab_cache\VID_ (11)_A001_B002_f0036_B.npy,VID_ (11),848,480,1,2
VID_ (11)_A001_B003_f0036,N,data\collab_cache\VID_ (11)_A001_B003_f0036_A.npy,data\collab_cache\VID_ (11)_A001_B003_f0036_B.npy,VID_ (11),848,480,1,3
VID_ (11)_A001_B004_f0036,N,data\collab_cache\VID_ (11)_A001_B004_f0036_A.npy,data\collab_cache\VID_ (11)_A001_B004_f0036_B.npy,VID_ (11),848,480,1,4
VID_ (11)_A001_B005_f0036,N,data\collab_cache\VID_ (11)_A001_B005_f0036_A.npy,data\collab_cache\VID_ (11)_A001_B005_f0036_B.npy,VID_ (11),848,480,1,5
VID_ (11)_A001_B007_f0036,N,data\collab_cache\VID_ (11)_A001_B007_f0036_A.npy,data\collab_cache\VID_ (11)_A001_B007_f0036_B.npy,VID_ (11),848,480,1,7
VID_ (11)_A001_B008_f0036,N,data\collab_cache\VID_ (11)_A001_B008_f0036_A.npy,data\collab_cache\VID_ (11)_A001_B008_f0036_B.npy,VID_ (11),848,480,1,8
VID_ (11)_A001_B009_f0036,N,data\collab_cache\VID_ (11)_A001_B009_f0036_A.npy,data\collab_cache\VID_ (11)_A001_B009_f0036_B.npy,VID_ (11),848,480,1,9
VID_ (11)_A001_B002_f0040,N,data\collab_cache\VID_ (11)_A001_B002_f0040_A.npy,data\collab_cache\VID_ (11)_A001_B002_f0040_B.npy,VID_ (11),848,480,1,2
VID_ (11)_A001_B003_f0040,N,data\collab_cache\VID_ (11)_A001_B003_f0040_A.npy,data\collab_cache\VID_ (11)_A001_B003_f0040_B.npy,VID_ (11),848,480,1,3
VID_ (11)_A001_B004_f0040,N,data\collab_cache\VID_ (11)_A001_B004_f0040_A.npy,data\collab_cache\VID_ (11)_A001_B004_f0040_B.npy,VID_ (11),848,480,1,4
VID_ (11)_A001_B005_f0040,N,data\collab_cache\VID_ (11)_A001_B005_f0040_A.npy,data\collab_cache\VID_ (11)_A001_B005_f0040_B.npy,VID_ (11),848,480,1,5
VID_ (11)_A001_B007_f0040,N,data\collab_cache\VID_ (11)_A001_B007_f0040_A.npy,data\collab_cache\VID_ (11)_A001_B007_f0040_B.npy,VID_ (11),848,480,1,7
VID_ (11)_A001_B009_f0040,N,data\collab_cache\VID_ (11)_A001_B009_f0040_A.npy,data\collab_cache\VID_ (11)_A001_B009_f0040_B.npy,VID_ (11),848,480,1,9
VID_ (11)_A001_B012_f0040,N,data\collab_cache\VID_ (11)_A001_B012_f0040_A.npy,data\collab_cache\VID_ (11)_A001_B012_f0040_B.npy,VID_ (11),848,480,1,12
VID_ (11)_A001_B002_f0044,N,data\collab_cache\VID_ (11)_A001_B002_f0044_A.npy,data\collab_cache\VID_ (11)_A001_B002_f0044_B.npy,VID_ (11),848,480,1,2
VID_ (11)_A001_B003_f0044,N,data\collab_cache\VID_ (11)_A001_B003_f0044_A.npy,data\collab_cache\VID_ (11)_A001_B003_f0044_B.npy,VID_ (11),848,480,1,3
VID_ (11)_A001_B004_f0044,N,data\collab_cache\VID_ (11)_A001_B004_f0044_A.npy,data\collab_cache\VID_ (11)_A001_B004_f0044_B.npy,VID_ (11),848,480,1,4
VID_ (11)_A001_B007_f0044,N,data\collab_cache\VID_ (11)_A001_B007_f0044_A.npy,data\collab_cache\VID_ (11)_A001_B007_f0044_B.npy,VID_ (11),848,480,1,7
VID_ (11)_A001_B009_f0044,N,data\collab_cache\VID_ (11)_A001_B009_f0044_A.npy,data\collab_cache\VID_ (11)_A001_B009_f0044_B.npy,VID_ (11),848,480,1,9
VID_ (11)_A001_B012_f0044,N,data\collab_cache\VID_ (11)_A001_B012_f0044_A.npy,data\collab_cache\VID_ (11)_A001_B012_f0044_B.npy,VID_ (11),848,480,1,12
VID_ (11)_A001_B002_f0048,N,data\collab_cache\VID_ (11)_A001_B002_f0048_A.npy,data\collab_cache\VID_ (11)_A001_B002_f0048_B.npy,VID_ (11),848,480,1,2
VID_ (11)_A001_B003_f0048,N,data\collab_cache\VID_ (11)_A001_B003_f0048_A.npy,data\collab_cache\VID_ (11)_A001_B003_f0048_B.npy,VID_ (11),848,480,1,3
VID_ (11)_A001_B004_f0048,N,data\collab_cache\VID_ (11)_A001_B004_f0048_A.npy,data\collab_cache\VID_ (11)_A001_B004_f0048_B.npy,VID_ (11),848,480,1,4
VID_ (11)_A001_B007_f0048,N,data\collab_cache\VID_ (11)_A001_B007_f0048_A.npy,data\collab_cache\VID_ (11)_A001_B007_f0048_B.npy,VID_ (11),848,480,1,7
VID_ (11)_A001_B009_f0048,N,data\collab_cache\VID_ (11)_A001_B009_f0048_A.npy,data\collab_cache\VID_ (11)_A001_B009_f0048_B.npy,VID_ (11),848,480,1,9
VID_ (11)_A001_B012_f0048,N,data\collab_cache\VID_ (11)_A001_B012_f0048_A.npy,data\collab_cache\VID_ (11)_A001_B012_f0048_B.npy,VID_ (11),848,480,1,12
VID_ (11)_A001_B013_f0048,N,data\collab_cache\VID_ (11)_A001_B013_f0048_A.npy,data\collab_cache\VID_ (11)_A001_B013_f0048_B.npy,VID_ (11),848,480,1,13
VID_ (11)_A001_B002_f0052,N,data\collab_cache\VID_ (11)_A001_B002_f0052_A.npy,data\collab_cache\VID_ (11)_A001_B002_f0052_B.npy,VID_ (11),848,480,1,2
VID_ (11)_A001_B003_f0052,N,data\collab_cache\VID_ (11)_A001_B003_f0052_A.npy,data\collab_cache\VID_ (11)_A001_B003_f0052_B.npy,VID_ (11),848,480,1,3
VID_ (11)_A001_B004_f0052,N,data\collab_cache\VID_ (11)_A001_B004_f0052_A.npy,data\collab_cache\VID_ (11)_A001_B004_f0052_B.npy,VID_ (11),848,480,1,4
VID_ (11)_A001_B007_f0052,N,data\collab_cache\VID_ (11)_A001_B007_f0052_A.npy,data\collab_cache\VID_ (11)_A001_B007_f0052_B.npy,VID_ (11),848,480,1,7
VID_ (11)_A001_B009_f0052,N,data\collab_cache\VID_ (11)_A001_B009_f0052_A.npy,data\collab_cache\VID_ (11)_A001_B009_f0052_B.npy,VID_ (11),848,480,1,9
VID_ (11)_A001_B013_f0052,N,data\collab_cache\VID_ (11)_A001_B013_f0052_A.npy,data\collab_cache\VID_ (11)_A001_B013_f0052_B.npy,VID_ (11),848,480,1,13
VID_ (11)_A001_B002_f0056,N,data\collab_cache\VID_ (11)_A001_B002_f0056_A.npy,data\collab_cache\VID_ (11)_A001_B002_f0056_B.npy,VID_ (11),848,480,1,2
VID_ (11)_A001_B003_f0056,N,data\collab_cache\VID_ (11)_A001_B003_f0056_A.npy,data\collab_cache\VID_ (11)_A001_B003_f0056_B.npy,VID_ (11),848,480,1,3
VID_ (11)_A001_B004_f0056,N,data\collab_cache\VID_ (11)_A001_B004_f0056_A.npy,data\collab_cache\VID_ (11)_A001_B004_f0056_B.npy,VID_ (11),848,480,1,4
VID_ (11)_A001_B005_f0056,N,data\collab_cache\VID_ (11)_A001_B005_f0056_A.npy,data\collab_cache\VID_ (11)_A001_B005_f0056_B.npy,VID_ (11),848,480,1,5
VID_ (11)_A001_B007_f0056,N,data\collab_cache\VID_ (11)_A001_B007_f0056_A.npy,data\collab_cache\VID_ (11)_A001_B007_f0056_B.npy,VID_ (11),848,480,1,7
VID_ (11)_A001_B009_f0056,N,data\collab_cache\VID_ (11)_A001_B009_f0056_A.npy,data\collab_cache\VID_ (11)_A001_B009_f0056_B.npy,VID_ (11),848,480,1,9
VID_ (11)_A001_B013_f0056,N,data\collab_cache\VID_ (11)_A001_B013_f0056_A.npy,data\collab_cache\VID_ (11)_A001_B013_f0056_B.npy,VID_ (11),848,480,1,13
VID_ (11)_A002_B003_f0000,N,data\collab_cache\VID_ (11)_A002_B003_f0000_A.npy,data\collab_cache\VID_ (11)_A002_B003_f0000_B.npy,VID_ (11),848,480,2,3
VID_ (11)_A002_B004_f0000,N,data\collab_cache\VID_ (11)_A002_B004_f0000_A.npy,data\collab_cache\VID_ (11)_A002_B004_f0000_B.npy,VID_ (11),848,480,2,4
VID_ (11)_A002_B005_f0000,N,data\collab_cache\VID_ (11)_A002_B005_f0000_A.npy,data\collab_cache\VID_ (11)_A002_B005_f0000_B.npy,VID_ (11),848,480,2,5
VID_ (11)_A002_B007_f0000,N,data\collab_cache\VID_ (11)_A002_B007_f0000_A.npy,data\collab_cache\VID_ (11)_A002_B007_f0000_B.npy,VID_ (11),848,480,2,7
VID_ (11)_A002_B008_f0000,N,data\collab_cache\VID_ (11)_A002_B008_f0000_A.npy,data\collab_cache\VID_ (11)_A002_B008_f0000_B.npy,VID_ (11),848,480,2,8
VID_ (11)_A002_B009_f0000,N,data\collab_cache\VID_ (11)_A002_B009_f0000_A.npy,data\collab_cache\VID_ (11)_A002_B009_f0000_B.npy,VID_ (11),848,480,2,9
VID_ (11)_A002_B003_f0004,N,data\collab_cache\VID_ (11)_A002_B003_f0004_A.npy,data\collab_cache\VID_ (11)_A002_B003_f0004_B.npy,VID_ (11),848,480,2,3
VID_ (11)_A002_B004_f0004,N,data\collab_cache\VID_ (11)_A002_B004_f0004_A.npy,data\collab_cache\VID_ (11)_A002_B004_f0004_B.npy,VID_ (11),848,480,2,4
VID_ (11)_A002_B007_f0004,N,data\collab_cache\VID_ (11)_A002_B007_f0004_A.npy,data\collab_cache\VID_ (11)_A002_B007_f0004_B.npy,VID_ (11),848,480,2,7
VID_ (11)_A002_B008_f0004,N,data\collab_cache\VID_ (11)_A002_B008_f0004_A.npy,data\collab_cache\VID_ (11)_A002_B008_f0004_B.npy,VID_ (11),848,480,2,8
VID_ (11)_A002_B009_f0004,N,data\collab_cache\VID_ (11)_A002_B009_f0004_A.npy,data\collab_cache\VID_ (11)_A002_B009_f0004_B.npy,VID_ (11),848,480,2,9
VID_ (11)_A002_B003_f0008,N,data\collab_cache\VID_ (11)_A002_B003_f0008_A.npy,data\collab_cache\VID_ (11)_A002_B003_f0008_B.npy,VID_ (11),848,480,2,3
VID_ (11)_A002_B004_f0008,N,data\collab_cache\VID_ (11)_A002_B004_f0008_A.npy,data\collab_cache\VID_ (11)_A002_B004_f0008_B.npy,VID_ (11),848,480,2,4
VID_ (11)_A002_B007_f0008,N,data\collab_cache\VID_ (11)_A002_B007_f0008_A.npy,data\collab_cache\VID_ (11)_A002_B007_f0008_B.npy,VID_ (11),848,480,2,7
VID_ (11)_A002_B008_f0008,N,data\collab_cache\VID_ (11)_A002_B008_f0008_A.npy,data\collab_cache\VID_ (11)_A002_B008_f0008_B.npy,VID_ (11),848,480,2,8
VID_ (11)_A002_B009_f0008,N,data\collab_cache\VID_ (11)_A002_B009_f0008_A.npy,data\collab_cache\VID_ (11)_A002_B009_f0008_B.npy,VID_ (11),848,480,2,9
VID_ (11)_A002_B003_f0012,N,data\collab_cache\VID_ (11)_A002_B003_f0012_A.npy,data\collab_cache\VID_ (11)_A002_B003_f0012_B.npy,VID_ (11),848,480,2,3
VID_ (11)_A002_B004_f0012,N,data\collab_cache\VID_ (11)_A002_B004_f0012_A.npy,data\collab_cache\VID_ (11)_A002_B004_f0012_B.npy,VID_ (11),848,480,2,4
VID_ (11)_A002_B007_f0012,N,data\collab_cache\VID_ (11)_A002_B007_f0012_A.npy,data\collab_cache\VID_ (11)_A002_B007_f0012_B.npy,VID_ (11),848,480,2,7
VID_ (11)_A002_B008_f0012,N,data\collab_cache\VID_ (11)_A002_B008_f0012_A.npy,data\collab_cache\VID_ (11)_A002_B008_f0012_B.npy,VID_ (11),848,480,2,8
VID_ (11)_A002_B009_f0012,N,data\collab_cache\VID_ (11)_A002_B009_f0012_A.npy,data\collab_cache\VID_ (11)_A002_B009_f0012_B.npy,VID_ (11),848,480,2,9
VID_ (11)_A002_B003_f0016,N,data\collab_cache\VID_ (11)_A002_B003_f0016_A.npy,data\collab_cache\VID_ (11)_A002_B003_f0016_B.npy,VID_ (11),848,480,2,3
VID_ (11)_A002_B004_f0016,N,data\collab_cache\VID_ (11)_A002_B004_f0016_A.npy,data\collab_cache\VID_ (11)_A002_B004_f0016_B.npy,VID_ (11),848,480,2,4
VID_ (11)_A002_B007_f0016,N,data\collab_cache\VID_ (11)_A002_B007_f0016_A.npy,data\collab_cache\VID_ (11)_A002_B007_f0016_B.npy,VID_ (11),848,480,2,7
VID_ (11)_A002_B008_f0016,N,data\collab_cache\VID_ (11)_A002_B008_f0016_A.npy,data\collab_cache\VID_ (11)_A002_B008_f0016_B.npy,VID_ (11),848,480,2,8
VID_ (11)_A002_B009_f0016,N,data\collab_cache\VID_ (11)_A002_B009_f0016_A.npy,data\collab_cache\VID_ (11)_A002_B009_f0016_B.npy,VID_ (11),848,480,2,9
VID_ (11)_A002_B003_f0020,N,data\collab_cache\VID_ (11)_A002_B003_f0020_A.npy,data\collab_cache\VID_ (11)_A002_B003_f0020_B.npy,VID_ (11),848,480,2,3
VID_ (11)_A002_B004_f0020,N,data\collab_cache\VID_ (11)_A002_B004_f0020_A.npy,data\collab_cache\VID_ (11)_A002_B004_f0020_B.npy,VID_ (11),848,480,2,4
VID_ (11)_A002_B007_f0020,N,data\collab_cache\VID_ (11)_A002_B007_f0020_A.npy,data\collab_cache\VID_ (11)_A002_B007_f0020_B.npy,VID_ (11),848,480,2,7
VID_ (11)_A002_B008_f0020,N,data\collab_cache\VID_ (11)_A002_B008_f0020_A.npy,data\collab_cache\VID_ (11)_A002_B008_f0020_B.npy,VID_ (11),848,480,2,8
VID_ (11)_A002_B009_f0020,N,data\collab_cache\VID_ (11)_A002_B009_f0020_A.npy,data\collab_cache\VID_ (11)_A002_B009_f0020_B.npy,VID_ (11),848,480,2,9
VID_ (11)_A002_B011_f0020,N,data\collab_cache\VID_ (11)_A002_B011_f0020_A.npy,data\collab_cache\VID_ (11)_A002_B011_f0020_B.npy,VID_ (11),848,480,2,11
VID_ (11)_A002_B003_f0024,N,data\collab_cache\VID_ (11)_A002_B003_f0024_A.npy,data\collab_cache\VID_ (11)_A002_B003_f0024_B.npy,VID_ (11),848,480,2,3
VID_ (11)_A002_B004_f0024,N,data\collab_cache\VID_ (11)_A002_B004_f0024_A.npy,data\collab_cache\VID_ (11)_A002_B004_f0024_B.npy,VID_ (11),848,480,2,4
VID_ (11)_A002_B007_f0024,N,data\collab_cache\VID_ (11)_A002_B007_f0024_A.npy,data\collab_cache\VID_ (11)_A002_B007_f0024_B.npy,VID_ (11),848,480,2,7
VID_ (11)_A002_B008_f0024,N,data\collab_cache\VID_ (11)_A002_B008_f0024_A.npy,data\collab_cache\VID_ (11)_A002_B008_f0024_B.npy,VID_ (11),848,480,2,8
VID_ (11)_A002_B009_f0024,N,data\collab_cache\VID_ (11)_A002_B009_f0024_A.npy,data\collab_cache\VID_ (11)_A002_B009_f0024_B.npy,VID_ (11),848,480,2,9
VID_ (11)_A002_B011_f0024,N,data\collab_cache\VID_ (11)_A002_B011_f0024_A.npy,data\collab_cache\VID_ (11)_A002_B011_f0024_B.npy,VID_ (11),848,480,2,11
VID_ (11)_A002_B003_f0028,N,data\collab_cache\VID_ (11)_A002_B003_f0028_A.npy,data\collab_cache\VID_ (11)_A002_B003_f0028_B.npy,VID_ (11),848,480,2,3
VID_ (11)_A002_B004_f0028,N,data\collab_cache\VID_ (11)_A002_B004_f0028_A.npy,data\collab_cache\VID_ (11)_A002_B004_f0028_B.npy,VID_ (11),848,480,2,4
VID_ (11)_A002_B007_f0028,N,data\collab_cache\VID_ (11)_A002_B007_f0028_A.npy,data\collab_cache\VID_ (11)_A002_B007_f0028_B.npy,VID_ (11),848,480,2,7
VID_ (11)_A002_B008_f0028,N,data\collab_cache\VID_ (11)_A002_B008_f0028_A.npy,data\collab_cache\VID_ (11)_A002_B008_f0028_B.npy,VID_ (11),848,480,2,8
VID_ (11)_A002_B009_f0028,N,data\collab_cache\VID_ (11)_A002_B009_f0028_A.npy,data\collab_cache\VID_ (11)_A002_B009_f0028_B.npy,VID_ (11),848,480,2,9
VID_ (11)_A002_B011_f0028,N,data\collab_cache\VID_ (11)_A002_B011_f0028_A.npy,data\collab_cache\VID_ (11)_A002_B011_f0028_B.npy,VID_ (11),848,480,2,11
VID_ (11)_A002_B003_f0032,N,data\collab_cache\VID_ (11)_A002_B003_f0032_A.npy,data\collab_cache\VID_ (11)_A002_B003_f0032_B.npy,VID_ (11),848,480,2,3
VID_ (11)_A002_B004_f0032,N,data\collab_cache\VID_ (11)_A002_B004_f0032_A.npy,data\collab_cache\VID_ (11)_A002_B004_f0032_B.npy,VID_ (11),848,480,2,4
VID_ (11)_A002_B007_f0032,N,data\collab_cache\VID_ (11)_A002_B007_f0032_A.npy,data\collab_cache\VID_ (11)_A002_B007_f0032_B.npy,VID_ (11),848,480,2,7
VID_ (11)_A002_B008_f0032,N,data\collab_cache\VID_ (11)_A002_B008_f0032_A.npy,data\collab_cache\VID_ (11)_A002_B008_f0032_B.npy,VID_ (11),848,480,2,8
VID_ (11)_A002_B009_f0032,N,data\collab_cache\VID_ (11)_A002_B009_f0032_A.npy,data\collab_cache\VID_ (11)_A002_B009_f0032_B.npy,VID_ (11),848,480,2,9
VID_ (11)_A002_B011_f0032,N,data\collab_cache\VID_ (11)_A002_B011_f0032_A.npy,data\collab_cache\VID_ (11)_A002_B011_f0032_B.npy,VID_ (11),848,480,2,11
VID_ (11)_A002_B003_f0036,N,data\collab_cache\VID_ (11)_A002_B003_f0036_A.npy,data\collab_cache\VID_ (11)_A002_B003_f0036_B.npy,VID_ (11),848,480,2,3
VID_ (11)_A002_B004_f0036,N,data\collab_cache\VID_ (11)_A002_B004_f0036_A.npy,data\collab_cache\VID_ (11)_A002_B004_f0036_B.npy,VID_ (11),848,480,2,4
VID_ (11)_A002_B007_f0036,N,data\collab_cache\VID_ (11)_A002_B007_f0036_A.npy,data\collab_cache\VID_ (11)_A002_B007_f0036_B.npy,VID_ (11),848,480,2,7
VID_ (11)_A002_B008_f0036,N,data\collab_cache\VID_ (11)_A002_B008_f0036_A.npy,data\collab_cache\VID_ (11)_A002_B008_f0036_B.npy,VID_ (11),848,480,2,8
VID_ (11)_A002_B009_f0036,N,data\collab_cache\VID_ (11)_A002_B009_f0036_A.npy,data\collab_cache\VID_ (11)_A002_B009_f0036_B.npy,VID_ (11),848,480,2,9
VID_ (11)_A002_B011_f0036,N,data\collab_cache\VID_ (11)_A002_B011_f0036_A.npy,data\collab_cache\VID_ (11)_A002_B011_f0036_B.npy,VID_ (11),848,480,2,11
VID_ (11)_A002_B003_f0040,N,data\collab_cache\VID_ (11)_A002_B003_f0040_A.npy,data\collab_cache\VID_ (11)_A002_B003_f0040_B.npy,VID_ (11),848,480,2,3
VID_ (11)_A002_B004_f0040,N,data\collab_cache\VID_ (11)_A002_B004_f0040_A.npy,data\collab_cache\VID_ (11)_A002_B004_f0040_B.npy,VID_ (11),848,480,2,4
VID_ (11)_A002_B007_f0040,N,data\collab_cache\VID_ (11)_A002_B007_f0040_A.npy,data\collab_cache\VID_ (11)_A002_B007_f0040_B.npy,VID_ (11),848,480,2,7
VID_ (11)_A002_B009_f0040,N,data\collab_cache\VID_ (11)_A002_B009_f0040_A.npy,data\collab_cache\VID_ (11)_A002_B009_f0040_B.npy,VID_ (11),848,480,2,9
VID_ (11)_A002_B011_f0040,N,data\collab_cache\VID_ (11)_A002_B011_f0040_A.npy,data\collab_cache\VID_ (11)_A002_B011_f0040_B.npy,VID_ (11),848,480,2,11
VID_ (11)_A002_B003_f0044,N,data\collab_cache\VID_ (11)_A002_B003_f0044_A.npy,data\collab_cache\VID_ (11)_A002_B003_f0044_B.npy,VID_ (11),848,480,2,3
VID_ (11)_A002_B004_f0044,N,data\collab_cache\VID_ (11)_A002_B004_f0044_A.npy,data\collab_cache\VID_ (11)_A002_B004_f0044_B.npy,VID_ (11),848,480,2,4
VID_ (11)_A002_B007_f0044,N,data\collab_cache\VID_ (11)_A002_B007_f0044_A.npy,data\collab_cache\VID_ (11)_A002_B007_f0044_B.npy,VID_ (11),848,480,2,7
VID_ (11)_A002_B009_f0044,N,data\collab_cache\VID_ (11)_A002_B009_f0044_A.npy,data\collab_cache\VID_ (11)_A002_B009_f0044_B.npy,VID_ (11),848,480,2,9
VID_ (11)_A002_B003_f0048,N,data\collab_cache\VID_ (11)_A002_B003_f0048_A.npy,data\collab_cache\VID_ (11)_A002_B003_f0048_B.npy,VID_ (11),848,480,2,3
VID_ (11)_A002_B004_f0048,N,data\collab_cache\VID_ (11)_A002_B004_f0048_A.npy,data\collab_cache\VID_ (11)_A002_B004_f0048_B.npy,VID_ (11),848,480,2,4
VID_ (11)_A002_B007_f0048,N,data\collab_cache\VID_ (11)_A002_B007_f0048_A.npy,data\collab_cache\VID_ (11)_A002_B007_f0048_B.npy,VID_ (11),848,480,2,7
VID_ (11)_A002_B009_f0048,N,data\collab_cache\VID_ (11)_A002_B009_f0048_A.npy,data\collab_cache\VID_ (11)_A002_B009_f0048_B.npy,VID_ (11),848,480,2,9
VID_ (11)_A002_B013_f0048,N,data\collab_cache\VID_ (11)_A002_B013_f0048_A.npy,data\collab_cache\VID_ (11)_A002_B013_f0048_B.npy,VID_ (11),848,480,2,13
VID_ (11)_A002_B003_f0052,N,data\collab_cache\VID_ (11)_A002_B003_f0052_A.npy,data\collab_cache\VID_ (11)_A002_B003_f0052_B.npy,VID_ (11),848,480,2,3
VID_ (11)_A002_B004_f0052,N,data\collab_cache\VID_ (11)_A002_B004_f0052_A.npy,data\collab_cache\VID_ (11)_A002_B004_f0052_B.npy,VID_ (11),848,480,2,4
VID_ (11)_A002_B007_f0052,N,data\collab_cache\VID_ (11)_A002_B007_f0052_A.npy,data\collab_cache\VID_ (11)_A002_B007_f0052_B.npy,VID_ (11),848,480,2,7
VID_ (11)_A002_B009_f0052,N,data\collab_cache\VID_ (11)_A002_B009_f0052_A.npy,data\collab_cache\VID_ (11)_A002_B009_f0052_B.npy,VID_ (11),848,480,2,9
VID_ (11)_A002_B013_f0052,N,data\collab_cache\VID_ (11)_A002_B013_f0052_A.npy,data\collab_cache\VID_ (11)_A002_B013_f0052_B.npy,VID_ (11),848,480,2,13
VID_ (11)_A002_B003_f0056,N,data\collab_cache\VID_ (11)_A002_B003_f0056_A.npy,data\collab_cache\VID_ (11)_A002_B003_f0056_B.npy,VID_ (11),848,480,2,3
VID_ (11)_A002_B004_f0056,N,data\collab_cache\VID_ (11)_A002_B004_f0056_A.npy,data\collab_cache\VID_ (11)_A002_B004_f0056_B.npy,VID_ (11),848,480,2,4
VID_ (11)_A002_B007_f0056,N,data\collab_cache\VID_ (11)_A002_B007_f0056_A.npy,data\collab_cache\VID_ (11)_A002_B007_f0056_B.npy,VID_ (11),848,480,2,7
VID_ (11)_A002_B009_f0056,N,data\collab_cache\VID_ (11)_A002_B009_f0056_A.npy,data\collab_cache\VID_ (11)_A002_B009_f0056_B.npy,VID_ (11),848,480,2,9
VID_ (11)_A002_B013_f0056,N,data\collab_cache\VID_ (11)_A002_B013_f0056_A.npy,data\collab_cache\VID_ (11)_A002_B013_f0056_B.npy,VID_ (11),848,480,2,13
VID_ (11)_A003_B004_f0000,N,data\collab_cache\VID_ (11)_A003_B004_f0000_A.npy,data\collab_cache\VID_ (11)_A003_B004_f0000_B.npy,VID_ (11),848,480,3,4
VID_ (11)_A003_B005_f0000,N,data\collab_cache\VID_ (11)_A003_B005_f0000_A.npy,data\collab_cache\VID_ (11)_A003_B005_f0000_B.npy,VID_ (11),848,480,3,5
VID_ (11)_A003_B006_f0000,N,data\collab_cache\VID_ (11)_A003_B006_f0000_A.npy,data\collab_cache\VID_ (11)_A003_B006_f0000_B.npy,VID_ (11),848,480,3,6
VID_ (11)_A003_B007_f0000,N,data\collab_cache\VID_ (11)_A003_B007_f0000_A.npy,data\collab_cache\VID_ (11)_A003_B007_f0000_B.npy,VID_ (11),848,480,3,7
VID_ (11)_A003_B008_f0000,N,data\collab_cache\VID_ (11)_A003_B008_f0000_A.npy,data\collab_cache\VID_ (11)_A003_B008_f0000_B.npy,VID_ (11),848,480,3,8
VID_ (11)_A003_B009_f0000,N,data\collab_cache\VID_ (11)_A003_B009_f0000_A.npy,data\collab_cache\VID_ (11)_A003_B009_f0000_B.npy,VID_ (11),848,480,3,9
VID_ (11)_A003_B004_f0004,N,data\collab_cache\VID_ (11)_A003_B004_f0004_A.npy,data\collab_cache\VID_ (11)_A003_B004_f0004_B.npy,VID_ (11),848,480,3,4
VID_ (11)_A003_B005_f0004,N,data\collab_cache\VID_ (11)_A003_B005_f0004_A.npy,data\collab_cache\VID_ (11)_A003_B005_f0004_B.npy,VID_ (11),848,480,3,5
VID_ (11)_A003_B006_f0004,N,data\collab_cache\VID_ (11)_A003_B006_f0004_A.npy,data\collab_cache\VID_ (11)_A003_B006_f0004_B.npy,VID_ (11),848,480,3,6
VID_ (11)_A003_B007_f0004,N,data\collab_cache\VID_ (11)_A003_B007_f0004_A.npy,data\collab_cache\VID_ (11)_A003_B007_f0004_B.npy,VID_ (11),848,480,3,7
VID_ (11)_A003_B008_f0004,N,data\collab_cache\VID_ (11)_A003_B008_f0004_A.npy,data\collab_cache\VID_ (11)_A003_B008_f0004_B.npy,VID_ (11),848,480,3,8
VID_ (11)_A003_B009_f0004,N,data\collab_cache\VID_ (11)_A003_B009_f0004_A.npy,data\collab_cache\VID_ (11)_A003_B009_f0004_B.npy,VID_ (11),848,480,3,9
VID_ (11)_A003_B004_f0008,N,data\collab_cache\VID_ (11)_A003_B004_f0008_A.npy,data\collab_cache\VID_ (11)_A003_B004_f0008_B.npy,VID_ (11),848,480,3,4
VID_ (11)_A003_B006_f0008,N,data\collab_cache\VID_ (11)_A003_B006_f0008_A.npy,data\collab_cache\VID_ (11)_A003_B006_f0008_B.npy,VID_ (11),848,480,3,6
VID_ (11)_A003_B007_f0008,N,data\collab_cache\VID_ (11)_A003_B007_f0008_A.npy,data\collab_cache\VID_ (11)_A003_B007_f0008_B.npy,VID_ (11),848,480,3,7
VID_ (11)_A003_B008_f0008,N,data\collab_cache\VID_ (11)_A003_B008_f0008_A.npy,data\collab_cache\VID_ (11)_A003_B008_f0008_B.npy,VID_ (11),848,480,3,8
VID_ (11)_A003_B009_f0008,N,data\collab_cache\VID_ (11)_A003_B009_f0008_A.npy,data\collab_cache\VID_ (11)_A003_B009_f0008_B.npy,VID_ (11),848,480,3,9
VID_ (11)_A003_B004_f0012,N,data\collab_cache\VID_ (11)_A003_B004_f0012_A.npy,data\collab_cache\VID_ (11)_A003_B004_f0012_B.npy,VID_ (11),848,480,3,4
VID_ (11)_A003_B005_f0012,N,data\collab_cache\VID_ (11)_A003_B005_f0012_A.npy,data\collab_cache\VID_ (11)_A003_B005_f0012_B.npy,VID_ (11),848,480,3,5
VID_ (11)_A003_B006_f0012,N,data\collab_cache\VID_ (11)_A003_B006_f0012_A.npy,data\collab_cache\VID_ (11)_A003_B006_f0012_B.npy,VID_ (11),848,480,3,6
VID_ (11)_A003_B007_f0012,N,data\collab_cache\VID_ (11)_A003_B007_f0012_A.npy,data\collab_cache\VID_ (11)_A003_B007_f0012_B.npy,VID_ (11),848,480,3,7
VID_ (11)_A003_B008_f0012,N,data\collab_cache\VID_ (11)_A003_B008_f0012_A.npy,data\collab_cache\VID_ (11)_A003_B008_f0012_B.npy,VID_ (11),848,480,3,8
VID_ (11)_A003_B009_f0012,N,data\collab_cache\VID_ (11)_A003_B009_f0012_A.npy,data\collab_cache\VID_ (11)_A003_B009_f0012_B.npy,VID_ (11),848,480,3,9
VID_ (11)_A003_B004_f0016,N,data\collab_cache\VID_ (11)_A003_B004_f0016_A.npy,data\collab_cache\VID_ (11)_A003_B004_f0016_B.npy,VID_ (11),848,480,3,4
VID_ (11)_A003_B005_f0016,N,data\collab_cache\VID_ (11)_A003_B005_f0016_A.npy,data\collab_cache\VID_ (11)_A003_B005_f0016_B.npy,VID_ (11),848,480,3,5
VID_ (11)_A003_B006_f0016,N,data\collab_cache\VID_ (11)_A003_B006_f0016_A.npy,data\collab_cache\VID_ (11)_A003_B006_f0016_B.npy,VID_ (11),848,480,3,6
VID_ (11)_A003_B007_f0016,N,data\collab_cache\VID_ (11)_A003_B007_f0016_A.npy,data\collab_cache\VID_ (11)_A003_B007_f0016_B.npy,VID_ (11),848,480,3,7
VID_ (11)_A003_B008_f0016,N,data\collab_cache\VID_ (11)_A003_B008_f0016_A.npy,data\collab_cache\VID_ (11)_A003_B008_f0016_B.npy,VID_ (11),848,480,3,8
VID_ (11)_A003_B009_f0016,N,data\collab_cache\VID_ (11)_A003_B009_f0016_A.npy,data\collab_cache\VID_ (11)_A003_B009_f0016_B.npy,VID_ (11),848,480,3,9
VID_ (11)_A003_B010_f0016,N,data\collab_cache\VID_ (11)_A003_B010_f0016_A.npy,data\collab_cache\VID_ (11)_A003_B010_f0016_B.npy,VID_ (11),848,480,3,10
VID_ (11)_A003_B004_f0020,N,data\collab_cache\VID_ (11)_A003_B004_f0020_A.npy,data\collab_cache\VID_ (11)_A003_B004_f0020_B.npy,VID_ (11),848,480,3,4
VID_ (11)_A003_B005_f0020,N,data\collab_cache\VID_ (11)_A003_B005_f0020_A.npy,data\collab_cache\VID_ (11)_A003_B005_f0020_B.npy,VID_ (11),848,480,3,5
VID_ (11)_A003_B007_f0020,N,data\collab_cache\VID_ (11)_A003_B007_f0020_A.npy,data\collab_cache\VID_ (11)_A003_B007_f0020_B.npy,VID_ (11),848,480,3,7
VID_ (11)_A003_B008_f0020,N,data\collab_cache\VID_ (11)_A003_B008_f0020_A.npy,data\collab_cache\VID_ (11)_A003_B008_f0020_B.npy,VID_ (11),848,480,3,8
VID_ (11)_A003_B009_f0020,N,data\collab_cache\VID_ (11)_A003_B009_f0020_A.npy,data\collab_cache\VID_ (11)_A003_B009_f0020_B.npy,VID_ (11),848,480,3,9
VID_ (11)_A003_B010_f0020,N,data\collab_cache\VID_ (11)_A003_B010_f0020_A.npy,data\collab_cache\VID_ (11)_A003_B010_f0020_B.npy,VID_ (11),848,480,3,10
VID_ (11)_A003_B011_f0020,N,data\collab_cache\VID_ (11)_A003_B011_f0020_A.npy,data\collab_cache\VID_ (11)_A003_B011_f0020_B.npy,VID_ (11),848,480,3,11
VID_ (11)_A003_B004_f0024,N,data\collab_cache\VID_ (11)_A003_B004_f0024_A.npy,data\collab_cache\VID_ (11)_A003_B004_f0024_B.npy,VID_ (11),848,480,3,4
VID_ (11)_A003_B007_f0024,N,data\collab_cache\VID_ (11)_A003_B007_f0024_A.npy,data\collab_cache\VID_ (11)_A003_B007_f0024_B.npy,VID_ (11),848,480,3,7
VID_ (11)_A003_B008_f0024,N,data\collab_cache\VID_ (11)_A003_B008_f0024_A.npy,data\collab_cache\VID_ (11)_A003_B008_f0024_B.npy,VID_ (11),848,480,3,8
VID_ (11)_A003_B009_f0024,N,data\collab_cache\VID_ (11)_A003_B009_f0024_A.npy,data\collab_cache\VID_ (11)_A003_B009_f0024_B.npy,VID_ (11),848,480,3,9
VID_ (11)_A003_B010_f0024,N,data\collab_cache\VID_ (11)_A003_B010_f0024_A.npy,data\collab_cache\VID_ (11)_A003_B010_f0024_B.npy,VID_ (11),848,480,3,10
VID_ (11)_A003_B011_f0024,N,data\collab_cache\VID_ (11)_A003_B011_f0024_A.npy,data\collab_cache\VID_ (11)_A003_B011_f0024_B.npy,VID_ (11),848,480,3,11
VID_ (11)_A003_B004_f0028,N,data\collab_cache\VID_ (11)_A003_B004_f0028_A.npy,data\collab_cache\VID_ (11)_A003_B004_f0028_B.npy,VID_ (11),848,480,3,4
VID_ (11)_A003_B007_f0028,N,data\collab_cache\VID_ (11)_A003_B007_f0028_A.npy,data\collab_cache\VID_ (11)_A003_B007_f0028_B.npy,VID_ (11),848,480,3,7
VID_ (11)_A003_B008_f0028,N,data\collab_cache\VID_ (11)_A003_B008_f0028_A.npy,data\collab_cache\VID_ (11)_A003_B008_f0028_B.npy,VID_ (11),848,480,3,8
VID_ (11)_A003_B009_f0028,N,data\collab_cache\VID_ (11)_A003_B009_f0028_A.npy,data\collab_cache\VID_ (11)_A003_B009_f0028_B.npy,VID_ (11),848,480,3,9
VID_ (11)_A003_B011_f0028,N,data\collab_cache\VID_ (11)_A003_B011_f0028_A.npy,data\collab_cache\VID_ (11)_A003_B011_f0028_B.npy,VID_ (11),848,480,3,11
VID_ (11)_A003_B004_f0032,N,data\collab_cache\VID_ (11)_A003_B004_f0032_A.npy,data\collab_cache\VID_ (11)_A003_B004_f0032_B.npy,VID_ (11),848,480,3,4
VID_ (11)_A003_B005_f0032,N,data\collab_cache\VID_ (11)_A003_B005_f0032_A.npy,data\collab_cache\VID_ (11)_A003_B005_f0032_B.npy,VID_ (11),848,480,3,5
VID_ (11)_A003_B007_f0032,N,data\collab_cache\VID_ (11)_A003_B007_f0032_A.npy,data\collab_cache\VID_ (11)_A003_B007_f0032_B.npy,VID_ (11),848,480,3,7
VID_ (11)_A003_B008_f0032,N,data\collab_cache\VID_ (11)_A003_B008_f0032_A.npy,data\collab_cache\VID_ (11)_A003_B008_f0032_B.npy,VID_ (11),848,480,3,8
VID_ (11)_A003_B009_f0032,N,data\collab_cache\VID_ (11)_A003_B009_f0032_A.npy,data\collab_cache\VID_ (11)_A003_B009_f0032_B.npy,VID_ (11),848,480,3,9
VID_ (11)_A003_B011_f0032,N,data\collab_cache\VID_ (11)_A003_B011_f0032_A.npy,data\collab_cache\VID_ (11)_A003_B011_f0032_B.npy,VID_ (11),848,480,3,11
VID_ (11)_A003_B004_f0036,N,data\collab_cache\VID_ (11)_A003_B004_f0036_A.npy,data\collab_cache\VID_ (11)_A003_B004_f0036_B.npy,VID_ (11),848,480,3,4
VID_ (11)_A003_B005_f0036,N,data\collab_cache\VID_ (11)_A003_B005_f0036_A.npy,data\collab_cache\VID_ (11)_A003_B005_f0036_B.npy,VID_ (11),848,480,3,5
VID_ (11)_A003_B007_f0036,N,data\collab_cache\VID_ (11)_A003_B007_f0036_A.npy,data\collab_cache\VID_ (11)_A003_B007_f0036_B.npy,VID_ (11),848,480,3,7
VID_ (11)_A003_B008_f0036,N,data\collab_cache\VID_ (11)_A003_B008_f0036_A.npy,data\collab_cache\VID_ (11)_A003_B008_f0036_B.npy,VID_ (11),848,480,3,8
VID_ (11)_A003_B009_f0036,N,data\collab_cache\VID_ (11)_A003_B009_f0036_A.npy,data\collab_cache\VID_ (11)_A003_B009_f0036_B.npy,VID_ (11),848,480,3,9
VID_ (11)_A003_B011_f0036,N,data\collab_cache\VID_ (11)_A003_B011_f0036_A.npy,data\collab_cache\VID_ (11)_A003_B011_f0036_B.npy,VID_ (11),848,480,3,11
VID_ (11)_A003_B004_f0040,N,data\collab_cache\VID_ (11)_A003_B004_f0040_A.npy,data\collab_cache\VID_ (11)_A003_B004_f0040_B.npy,VID_ (11),848,480,3,4
VID_ (11)_A003_B005_f0040,N,data\collab_cache\VID_ (11)_A003_B005_f0040_A.npy,data\collab_cache\VID_ (11)_A003_B005_f0040_B.npy,VID_ (11),848,480,3,5
VID_ (11)_A003_B007_f0040,N,data\collab_cache\VID_ (11)_A003_B007_f0040_A.npy,data\collab_cache\VID_ (11)_A003_B007_f0040_B.npy,VID_ (11),848,480,3,7
VID_ (11)_A003_B009_f0040,N,data\collab_cache\VID_ (11)_A003_B009_f0040_A.npy,data\collab_cache\VID_ (11)_A003_B009_f0040_B.npy,VID_ (11),848,480,3,9
VID_ (11)_A003_B011_f0040,N,data\collab_cache\VID_ (11)_A003_B011_f0040_A.npy,data\collab_cache\VID_ (11)_A003_B011_f0040_B.npy,VID_ (11),848,480,3,11
VID_ (11)_A003_B012_f0040,N,data\collab_cache\VID_ (11)_A003_B012_f0040_A.npy,data\collab_cache\VID_ (11)_A003_B012_f0040_B.npy,VID_ (11),848,480,3,12
VID_ (11)_A003_B004_f0044,N,data\collab_cache\VID_ (11)_A003_B004_f0044_A.npy,data\collab_cache\VID_ (11)_A003_B004_f0044_B.npy,VID_ (11),848,480,3,4
VID_ (11)_A003_B007_f0044,N,data\collab_cache\VID_ (11)_A003_B007_f0044_A.npy,data\collab_cache\VID_ (11)_A003_B007_f0044_B.npy,VID_ (11),848,480,3,7
VID_ (11)_A003_B009_f0044,N,data\collab_cache\VID_ (11)_A003_B009_f0044_A.npy,data\collab_cache\VID_ (11)_A003_B009_f0044_B.npy,VID_ (11),848,480,3,9
VID_ (11)_A003_B012_f0044,N,data\collab_cache\VID_ (11)_A003_B012_f0044_A.npy,data\collab_cache\VID_ (11)_A003_B012_f0044_B.npy,VID_ (11),848,480,3,12
VID_ (11)_A003_B004_f0048,N,data\collab_cache\VID_ (11)_A003_B004_f0048_A.npy,data\collab_cache\VID_ (11)_A003_B004_f0048_B.npy,VID_ (11),848,480,3,4
VID_ (11)_A003_B005_f0048,N,data\collab_cache\VID_ (11)_A003_B005_f0048_A.npy,data\collab_cache\VID_ (11)_A003_B005_f0048_B.npy,VID_ (11),848,480,3,5
VID_ (11)_A003_B007_f0048,N,data\collab_cache\VID_ (11)_A003_B007_f0048_A.npy,data\collab_cache\VID_ (11)_A003_B007_f0048_B.npy,VID_ (11),848,480,3,7
VID_ (11)_A003_B009_f0048,N,data\collab_cache\VID_ (11)_A003_B009_f0048_A.npy,data\collab_cache\VID_ (11)_A003_B009_f0048_B.npy,VID_ (11),848,480,3,9
VID_ (11)_A003_B012_f0048,N,data\collab_cache\VID_ (11)_A003_B012_f0048_A.npy,data\collab_cache\VID_ (11)_A003_B012_f0048_B.npy,VID_ (11),848,480,3,12
VID_ (11)_A003_B004_f0052,N,data\collab_cache\VID_ (11)_A003_B004_f0052_A.npy,data\collab_cache\VID_ (11)_A003_B004_f0052_B.npy,VID_ (11),848,480,3,4
VID_ (11)_A003_B007_f0052,N,data\collab_cache\VID_ (11)_A003_B007_f0052_A.npy,data\collab_cache\VID_ (11)_A003_B007_f0052_B.npy,VID_ (11),848,480,3,7
VID_ (11)_A003_B009_f0052,N,data\collab_cache\VID_ (11)_A003_B009_f0052_A.npy,data\collab_cache\VID_ (11)_A003_B009_f0052_B.npy,VID_ (11),848,480,3,9
VID_ (11)_A003_B013_f0052,N,data\collab_cache\VID_ (11)_A003_B013_f0052_A.npy,data\collab_cache\VID_ (11)_A003_B013_f0052_B.npy,VID_ (11),848,480,3,13
VID_ (11)_A003_B004_f0056,N,data\collab_cache\VID_ (11)_A003_B004_f0056_A.npy,data\collab_cache\VID_ (11)_A003_B004_f0056_B.npy,VID_ (11),848,480,3,4
VID_ (11)_A003_B005_f0056,N,data\collab_cache\VID_ (11)_A003_B005_f0056_A.npy,data\collab_cache\VID_ (11)_A003_B005_f0056_B.npy,VID_ (11),848,480,3,5
VID_ (11)_A003_B007_f0056,N,data\collab_cache\VID_ (11)_A003_B007_f0056_A.npy,data\collab_cache\VID_ (11)_A003_B007_f0056_B.npy,VID_ (11),848,480,3,7
VID_ (11)_A003_B009_f0056,N,data\collab_cache\VID_ (11)_A003_B009_f0056_A.npy,data\collab_cache\VID_ (11)_A003_B009_f0056_B.npy,VID_ (11),848,480,3,9
VID_ (11)_A003_B013_f0056,N,data\collab_cache\VID_ (11)_A003_B013_f0056_A.npy,data\collab_cache\VID_ (11)_A003_B013_f0056_B.npy,VID_ (11),848,480,3,13
VID_ (11)_A004_B005_f0000,N,data\collab_cache\VID_ (11)_A004_B005_f0000_A.npy,data\collab_cache\VID_ (11)_A004_B005_f0000_B.npy,VID_ (11),848,480,4,5
VID_ (11)_A004_B006_f0000,N,data\collab_cache\VID_ (11)_A004_B006_f0000_A.npy,data\collab_cache\VID_ (11)_A004_B006_f0000_B.npy,VID_ (11),848,480,4,6
VID_ (11)_A004_B007_f0000,N,data\collab_cache\VID_ (11)_A004_B007_f0000_A.npy,data\collab_cache\VID_ (11)_A004_B007_f0000_B.npy,VID_ (11),848,480,4,7
VID_ (11)_A004_B008_f0000,N,data\collab_cache\VID_ (11)_A004_B008_f0000_A.npy,data\collab_cache\VID_ (11)_A004_B008_f0000_B.npy,VID_ (11),848,480,4,8
VID_ (11)_A004_B009_f0000,N,data\collab_cache\VID_ (11)_A004_B009_f0000_A.npy,data\collab_cache\VID_ (11)_A004_B009_f0000_B.npy,VID_ (11),848,480,4,9
VID_ (11)_A004_B005_f0004,N,data\collab_cache\VID_ (11)_A004_B005_f0004_A.npy,data\collab_cache\VID_ (11)_A004_B005_f0004_B.npy,VID_ (11),848,480,4,5
VID_ (11)_A004_B006_f0004,N,data\collab_cache\VID_ (11)_A004_B006_f0004_A.npy,data\collab_cache\VID_ (11)_A004_B006_f0004_B.npy,VID_ (11),848,480,4,6
VID_ (11)_A004_B007_f0004,N,data\collab_cache\VID_ (11)_A004_B007_f0004_A.npy,data\collab_cache\VID_ (11)_A004_B007_f0004_B.npy,VID_ (11),848,480,4,7
VID_ (11)_A004_B008_f0004,N,data\collab_cache\VID_ (11)_A004_B008_f0004_A.npy,data\collab_cache\VID_ (11)_A004_B008_f0004_B.npy,VID_ (11),848,480,4,8
VID_ (11)_A004_B009_f0004,N,data\collab_cache\VID_ (11)_A004_B009_f0004_A.npy,data\collab_cache\VID_ (11)_A004_B009_f0004_B.npy,VID_ (11),848,480,4,9
VID_ (11)_A004_B005_f0008,N,data\collab_cache\VID_ (11)_A004_B005_f0008_A.npy,data\collab_cache\VID_ (11)_A004_B005_f0008_B.npy,VID_ (11),848,480,4,5
VID_ (11)_A004_B006_f0008,N,data\collab_cache\VID_ (11)_A004_B006_f0008_A.npy,data\collab_cache\VID_ (11)_A004_B006_f0008_B.npy,VID_ (11),848,480,4,6
VID_ (11)_A004_B007_f0008,N,data\collab_cache\VID_ (11)_A004_B007_f0008_A.npy,data\collab_cache\VID_ (11)_A004_B007_f0008_B.npy,VID_ (11),848,480,4,7
VID_ (11)_A004_B008_f0008,N,data\collab_cache\VID_ (11)_A004_B008_f0008_A.npy,data\collab_cache\VID_ (11)_A004_B008_f0008_B.npy,VID_ (11),848,480,4,8
VID_ (11)_A004_B009_f0008,N,data\collab_cache\VID_ (11)_A004_B009_f0008_A.npy,data\collab_cache\VID_ (11)_A004_B009_f0008_B.npy,VID_ (11),848,480,4,9
VID_ (11)_A004_B005_f0012,N,data\collab_cache\VID_ (11)_A004_B005_f0012_A.npy,data\collab_cache\VID_ (11)_A004_B005_f0012_B.npy,VID_ (11),848,480,4,5
VID_ (11)_A004_B006_f0012,N,data\collab_cache\VID_ (11)_A004_B006_f0012_A.npy,data\collab_cache\VID_ (11)_A004_B006_f0012_B.npy,VID_ (11),848,480,4,6
VID_ (11)_A004_B007_f0012,N,data\collab_cache\VID_ (11)_A004_B007_f0012_A.npy,data\collab_cache\VID_ (11)_A004_B007_f0012_B.npy,VID_ (11),848,480,4,7
VID_ (11)_A004_B008_f0012,N,data\collab_cache\VID_ (11)_A004_B008_f0012_A.npy,data\collab_cache\VID_ (11)_A004_B008_f0012_B.npy,VID_ (11),848,480,4,8
VID_ (11)_A004_B009_f0012,N,data\collab_cache\VID_ (11)_A004_B009_f0012_A.npy,data\collab_cache\VID_ (11)_A004_B009_f0012_B.npy,VID_ (11),848,480,4,9
VID_ (11)_A004_B005_f0016,N,data\collab_cache\VID_ (11)_A004_B005_f0016_A.npy,data\collab_cache\VID_ (11)_A004_B005_f0016_B.npy,VID_ (11),848,480,4,5
VID_ (11)_A004_B006_f0016,N,data\collab_cache\VID_ (11)_A004_B006_f0016_A.npy,data\collab_cache\VID_ (11)_A004_B006_f0016_B.npy,VID_ (11),848,480,4,6
VID_ (11)_A004_B007_f0016,N,data\collab_cache\VID_ (11)_A004_B007_f0016_A.npy,data\collab_cache\VID_ (11)_A004_B007_f0016_B.npy,VID_ (11),848,480,4,7
VID_ (11)_A004_B008_f0016,N,data\collab_cache\VID_ (11)_A004_B008_f0016_A.npy,data\collab_cache\VID_ (11)_A004_B008_f0016_B.npy,VID_ (11),848,480,4,8
VID_ (11)_A004_B009_f0016,N,data\collab_cache\VID_ (11)_A004_B009_f0016_A.npy,data\collab_cache\VID_ (11)_A004_B009_f0016_B.npy,VID_ (11),848,480,4,9
VID_ (11)_A004_B010_f0016,N,data\collab_cache\VID_ (11)_A004_B010_f0016_A.npy,data\collab_cache\VID_ (11)_A004_B010_f0016_B.npy,VID_ (11),848,480,4,10
VID_ (11)_A004_B005_f0020,N,data\collab_cache\VID_ (11)_A004_B005_f0020_A.npy,data\collab_cache\VID_ (11)_A004_B005_f0020_B.npy,VID_ (11),848,480,4,5
VID_ (11)_A004_B007_f0020,N,data\collab_cache\VID_ (11)_A004_B007_f0020_A.npy,data\collab_cache\VID_ (11)_A004_B007_f0020_B.npy,VID_ (11),848,480,4,7
VID_ (11)_A004_B008_f0020,N,data\collab_cache\VID_ (11)_A004_B008_f0020_A.npy,data\collab_cache\VID_ (11)_A004_B008_f0020_B.npy,VID_ (11),848,480,4,8
VID_ (11)_A004_B009_f0020,N,data\collab_cache\VID_ (11)_A004_B009_f0020_A.npy,data\collab_cache\VID_ (11)_A004_B009_f0020_B.npy,VID_ (11),848,480,4,9
VID_ (11)_A004_B010_f0020,N,data\collab_cache\VID_ (11)_A004_B010_f0020_A.npy,data\collab_cache\VID_ (11)_A004_B010_f0020_B.npy,VID_ (11),848,480,4,10
VID_ (11)_A004_B011_f0020,N,data\collab_cache\VID_ (11)_A004_B011_f0020_A.npy,data\collab_cache\VID_ (11)_A004_B011_f0020_B.npy,VID_ (11),848,480,4,11
VID_ (11)_A004_B005_f0024,N,data\collab_cache\VID_ (11)_A004_B005_f0024_A.npy,data\collab_cache\VID_ (11)_A004_B005_f0024_B.npy,VID_ (11),848,480,4,5
VID_ (11)_A004_B007_f0024,N,data\collab_cache\VID_ (11)_A004_B007_f0024_A.npy,data\collab_cache\VID_ (11)_A004_B007_f0024_B.npy,VID_ (11),848,480,4,7
VID_ (11)_A004_B008_f0024,N,data\collab_cache\VID_ (11)_A004_B008_f0024_A.npy,data\collab_cache\VID_ (11)_A004_B008_f0024_B.npy,VID_ (11),848,480,4,8
VID_ (11)_A004_B009_f0024,N,data\collab_cache\VID_ (11)_A004_B009_f0024_A.npy,data\collab_cache\VID_ (11)_A004_B009_f0024_B.npy,VID_ (11),848,480,4,9
VID_ (11)_A004_B010_f0024,N,data\collab_cache\VID_ (11)_A004_B010_f0024_A.npy,data\collab_cache\VID_ (11)_A004_B010_f0024_B.npy,VID_ (11),848,480,4,10
VID_ (11)_A004_B011_f0024,N,data\collab_cache\VID_ (11)_A004_B011_f0024_A.npy,data\collab_cache\VID_ (11)_A004_B011_f0024_B.npy,VID_ (11),848,480,4,11
VID_ (11)_A004_B005_f0028,N,data\collab_cache\VID_ (11)_A004_B005_f0028_A.npy,data\collab_cache\VID_ (11)_A004_B005_f0028_B.npy,VID_ (11),848,480,4,5
VID_ (11)_A004_B007_f0028,N,data\collab_cache\VID_ (11)_A004_B007_f0028_A.npy,data\collab_cache\VID_ (11)_A004_B007_f0028_B.npy,VID_ (11),848,480,4,7
VID_ (11)_A004_B008_f0028,N,data\collab_cache\VID_ (11)_A004_B008_f0028_A.npy,data\collab_cache\VID_ (11)_A004_B008_f0028_B.npy,VID_ (11),848,480,4,8
VID_ (11)_A004_B009_f0028,N,data\collab_cache\VID_ (11)_A004_B009_f0028_A.npy,data\collab_cache\VID_ (11)_A004_B009_f0028_B.npy,VID_ (11),848,480,4,9
VID_ (11)_A004_B011_f0028,N,data\collab_cache\VID_ (11)_A004_B011_f0028_A.npy,data\collab_cache\VID_ (11)_A004_B011_f0028_B.npy,VID_ (11),848,480,4,11
VID_ (11)_A004_B005_f0032,N,data\collab_cache\VID_ (11)_A004_B005_f0032_A.npy,data\collab_cache\VID_ (11)_A004_B005_f0032_B.npy,VID_ (11),848,480,4,5
VID_ (11)_A004_B007_f0032,N,data\collab_cache\VID_ (11)_A004_B007_f0032_A.npy,data\collab_cache\VID_ (11)_A004_B007_f0032_B.npy,VID_ (11),848,480,4,7
VID_ (11)_A004_B008_f0032,N,data\collab_cache\VID_ (11)_A004_B008_f0032_A.npy,data\collab_cache\VID_ (11)_A004_B008_f0032_B.npy,VID_ (11),848,480,4,8
VID_ (11)_A004_B009_f0032,N,data\collab_cache\VID_ (11)_A004_B009_f0032_A.npy,data\collab_cache\VID_ (11)_A004_B009_f0032_B.npy,VID_ (11),848,480,4,9
VID_ (11)_A004_B011_f0032,N,data\collab_cache\VID_ (11)_A004_B011_f0032_A.npy,data\collab_cache\VID_ (11)_A004_B011_f0032_B.npy,VID_ (11),848,480,4,11
VID_ (11)_A004_B005_f0036,N,data\collab_cache\VID_ (11)_A004_B005_f0036_A.npy,data\collab_cache\VID_ (11)_A004_B005_f0036_B.npy,VID_ (11),848,480,4,5
VID_ (11)_A004_B007_f0036,N,data\collab_cache\VID_ (11)_A004_B007_f0036_A.npy,data\collab_cache\VID_ (11)_A004_B007_f0036_B.npy,VID_ (11),848,480,4,7
VID_ (11)_A004_B008_f0036,N,data\collab_cache\VID_ (11)_A004_B008_f0036_A.npy,data\collab_cache\VID_ (11)_A004_B008_f0036_B.npy,VID_ (11),848,480,4,8
VID_ (11)_A004_B009_f0036,N,data\collab_cache\VID_ (11)_A004_B009_f0036_A.npy,data\collab_cache\VID_ (11)_A004_B009_f0036_B.npy,VID_ (11),848,480,4,9
VID_ (11)_A004_B011_f0036,N,data\collab_cache\VID_ (11)_A004_B011_f0036_A.npy,data\collab_cache\VID_ (11)_A004_B011_f0036_B.npy,VID_ (11),848,480,4,11
VID_ (11)_A004_B007_f0040,N,data\collab_cache\VID_ (11)_A004_B007_f0040_A.npy,data\collab_cache\VID_ (11)_A004_B007_f0040_B.npy,VID_ (11),848,480,4,7
VID_ (11)_A004_B009_f0040,N,data\collab_cache\VID_ (11)_A004_B009_f0040_A.npy,data\collab_cache\VID_ (11)_A004_B009_f0040_B.npy,VID_ (11),848,480,4,9
VID_ (11)_A004_B011_f0040,N,data\collab_cache\VID_ (11)_A004_B011_f0040_A.npy,data\collab_cache\VID_ (11)_A004_B011_f0040_B.npy,VID_ (11),848,480,4,11
VID_ (11)_A004_B012_f0040,N,data\collab_cache\VID_ (11)_A004_B012_f0040_A.npy,data\collab_cache\VID_ (11)_A004_B012_f0040_B.npy,VID_ (11),848,480,4,12
VID_ (11)_A004_B007_f0044,N,data\collab_cache\VID_ (11)_A004_B007_f0044_A.npy,data\collab_cache\VID_ (11)_A004_B007_f0044_B.npy,VID_ (11),848,480,4,7
VID_ (11)_A004_B009_f0044,N,data\collab_cache\VID_ (11)_A004_B009_f0044_A.npy,data\collab_cache\VID_ (11)_A004_B009_f0044_B.npy,VID_ (11),848,480,4,9
VID_ (11)_A004_B012_f0044,N,data\collab_cache\VID_ (11)_A004_B012_f0044_A.npy,data\collab_cache\VID_ (11)_A004_B012_f0044_B.npy,VID_ (11),848,480,4,12
VID_ (11)_A004_B007_f0048,N,data\collab_cache\VID_ (11)_A004_B007_f0048_A.npy,data\collab_cache\VID_ (11)_A004_B007_f0048_B.npy,VID_ (11),848,480,4,7
VID_ (11)_A004_B009_f0048,N,data\collab_cache\VID_ (11)_A004_B009_f0048_A.npy,data\collab_cache\VID_ (11)_A004_B009_f0048_B.npy,VID_ (11),848,480,4,9
VID_ (11)_A004_B012_f0048,N,data\collab_cache\VID_ (11)_A004_B012_f0048_A.npy,data\collab_cache\VID_ (11)_A004_B012_f0048_B.npy,VID_ (11),848,480,4,12
VID_ (11)_A004_B007_f0052,N,data\collab_cache\VID_ (11)_A004_B007_f0052_A.npy,data\collab_cache\VID_ (11)_A004_B007_f0052_B.npy,VID_ (11),848,480,4,7
VID_ (11)_A004_B009_f0052,N,data\collab_cache\VID_ (11)_A004_B009_f0052_A.npy,data\collab_cache\VID_ (11)_A004_B009_f0052_B.npy,VID_ (11),848,480,4,9
VID_ (11)_A004_B005_f0056,N,data\collab_cache\VID_ (11)_A004_B005_f0056_A.npy,data\collab_cache\VID_ (11)_A004_B005_f0056_B.npy,VID_ (11),848,480,4,5
VID_ (11)_A004_B007_f0056,N,data\collab_cache\VID_ (11)_A004_B007_f0056_A.npy,data\collab_cache\VID_ (11)_A004_B007_f0056_B.npy,VID_ (11),848,480,4,7
VID_ (11)_A004_B009_f0056,N,data\collab_cache\VID_ (11)_A004_B009_f0056_A.npy,data\collab_cache\VID_ (11)_A004_B009_f0056_B.npy,VID_ (11),848,480,4,9
VID_ (11)_A004_B013_f0056,N,data\collab_cache\VID_ (11)_A004_B013_f0056_A.npy,data\collab_cache\VID_ (11)_A004_B013_f0056_B.npy,VID_ (11),848,480,4,13
VID_ (11)_A005_B007_f0000,N,data\collab_cache\VID_ (11)_A005_B007_f0000_A.npy,data\collab_cache\VID_ (11)_A005_B007_f0000_B.npy,VID_ (11),848,480,5,7
VID_ (11)_A005_B008_f0000,N,data\collab_cache\VID_ (11)_A005_B008_f0000_A.npy,data\collab_cache\VID_ (11)_A005_B008_f0000_B.npy,VID_ (11),848,480,5,8
VID_ (11)_A005_B009_f0000,N,data\collab_cache\VID_ (11)_A005_B009_f0000_A.npy,data\collab_cache\VID_ (11)_A005_B009_f0000_B.npy,VID_ (11),848,480,5,9
VID_ (11)_A005_B007_f0004,N,data\collab_cache\VID_ (11)_A005_B007_f0004_A.npy,data\collab_cache\VID_ (11)_A005_B007_f0004_B.npy,VID_ (11),848,480,5,7
VID_ (11)_A005_B008_f0004,N,data\collab_cache\VID_ (11)_A005_B008_f0004_A.npy,data\collab_cache\VID_ (11)_A005_B008_f0004_B.npy,VID_ (11),848,480,5,8
VID_ (11)_A005_B009_f0004,N,data\collab_cache\VID_ (11)_A005_B009_f0004_A.npy,data\collab_cache\VID_ (11)_A005_B009_f0004_B.npy,VID_ (11),848,480,5,9
VID_ (11)_A005_B007_f0008,N,data\collab_cache\VID_ (11)_A005_B007_f0008_A.npy,data\collab_cache\VID_ (11)_A005_B007_f0008_B.npy,VID_ (11),848,480,5,7
VID_ (11)_A005_B008_f0008,N,data\collab_cache\VID_ (11)_A005_B008_f0008_A.npy,data\collab_cache\VID_ (11)_A005_B008_f0008_B.npy,VID_ (11),848,480,5,8
VID_ (11)_A005_B009_f0008,N,data\collab_cache\VID_ (11)_A005_B009_f0008_A.npy,data\collab_cache\VID_ (11)_A005_B009_f0008_B.npy,VID_ (11),848,480,5,9
VID_ (11)_A005_B007_f0012,N,data\collab_cache\VID_ (11)_A005_B007_f0012_A.npy,data\collab_cache\VID_ (11)_A005_B007_f0012_B.npy,VID_ (11),848,480,5,7
VID_ (11)_A005_B008_f0012,N,data\collab_cache\VID_ (11)_A005_B008_f0012_A.npy,data\collab_cache\VID_ (11)_A005_B008_f0012_B.npy,VID_ (11),848,480,5,8
VID_ (11)_A005_B009_f0012,N,data\collab_cache\VID_ (11)_A005_B009_f0012_A.npy,data\collab_cache\VID_ (11)_A005_B009_f0012_B.npy,VID_ (11),848,480,5,9
VID_ (11)_A005_B007_f0016,N,data\collab_cache\VID_ (11)_A005_B007_f0016_A.npy,data\collab_cache\VID_ (11)_A005_B007_f0016_B.npy,VID_ (11),848,480,5,7
VID_ (11)_A005_B008_f0016,N,data\collab_cache\VID_ (11)_A005_B008_f0016_A.npy,data\collab_cache\VID_ (11)_A005_B008_f0016_B.npy,VID_ (11),848,480,5,8
VID_ (11)_A005_B009_f0016,N,data\collab_cache\VID_ (11)_A005_B009_f0016_A.npy,data\collab_cache\VID_ (11)_A005_B009_f0016_B.npy,VID_ (11),848,480,5,9
VID_ (11)_A005_B007_f0020,N,data\collab_cache\VID_ (11)_A005_B007_f0020_A.npy,data\collab_cache\VID_ (11)_A005_B007_f0020_B.npy,VID_ (11),848,480,5,7
VID_ (11)_A005_B008_f0020,N,data\collab_cache\VID_ (11)_A005_B008_f0020_A.npy,data\collab_cache\VID_ (11)_A005_B008_f0020_B.npy,VID_ (11),848,480,5,8
VID_ (11)_A005_B009_f0020,N,data\collab_cache\VID_ (11)_A005_B009_f0020_A.npy,data\collab_cache\VID_ (11)_A005_B009_f0020_B.npy,VID_ (11),848,480,5,9
VID_ (11)_A005_B011_f0020,N,data\collab_cache\VID_ (11)_A005_B011_f0020_A.npy,data\collab_cache\VID_ (11)_A005_B011_f0020_B.npy,VID_ (11),848,480,5,11
VID_ (11)_A005_B007_f0024,N,data\collab_cache\VID_ (11)_A005_B007_f0024_A.npy,data\collab_cache\VID_ (11)_A005_B007_f0024_B.npy,VID_ (11),848,480,5,7
VID_ (11)_A005_B008_f0024,N,data\collab_cache\VID_ (11)_A005_B008_f0024_A.npy,data\collab_cache\VID_ (11)_A005_B008_f0024_B.npy,VID_ (11),848,480,5,8
VID_ (11)_A005_B009_f0024,N,data\collab_cache\VID_ (11)_A005_B009_f0024_A.npy,data\collab_cache\VID_ (11)_A005_B009_f0024_B.npy,VID_ (11),848,480,5,9
VID_ (11)_A005_B011_f0024,N,data\collab_cache\VID_ (11)_A005_B011_f0024_A.npy,data\collab_cache\VID_ (11)_A005_B011_f0024_B.npy,VID_ (11),848,480,5,11
VID_ (11)_A005_B007_f0028,N,data\collab_cache\VID_ (11)_A005_B007_f0028_A.npy,data\collab_cache\VID_ (11)_A005_B007_f0028_B.npy,VID_ (11),848,480,5,7
VID_ (11)_A005_B008_f0028,N,data\collab_cache\VID_ (11)_A005_B008_f0028_A.npy,data\collab_cache\VID_ (11)_A005_B008_f0028_B.npy,VID_ (11),848,480,5,8
VID_ (11)_A005_B009_f0028,N,data\collab_cache\VID_ (11)_A005_B009_f0028_A.npy,data\collab_cache\VID_ (11)_A005_B009_f0028_B.npy,VID_ (11),848,480,5,9
VID_ (11)_A005_B011_f0028,N,data\collab_cache\VID_ (11)_A005_B011_f0028_A.npy,data\collab_cache\VID_ (11)_A005_B011_f0028_B.npy,VID_ (11),848,480,5,11
VID_ (11)_A005_B007_f0032,N,data\collab_cache\VID_ (11)_A005_B007_f0032_A.npy,data\collab_cache\VID_ (11)_A005_B007_f0032_B.npy,VID_ (11),848,480,5,7
VID_ (11)_A005_B008_f0032,N,data\collab_cache\VID_ (11)_A005_B008_f0032_A.npy,data\collab_cache\VID_ (11)_A005_B008_f0032_B.npy,VID_ (11),848,480,5,8
VID_ (11)_A005_B009_f0032,N,data\collab_cache\VID_ (11)_A005_B009_f0032_A.npy,data\collab_cache\VID_ (11)_A005_B009_f0032_B.npy,VID_ (11),848,480,5,9
VID_ (11)_A005_B011_f0032,N,data\collab_cache\VID_ (11)_A005_B011_f0032_A.npy,data\collab_cache\VID_ (11)_A005_B011_f0032_B.npy,VID_ (11),848,480,5,11
VID_ (11)_A005_B007_f0036,N,data\collab_cache\VID_ (11)_A005_B007_f0036_A.npy,data\collab_cache\VID_ (11)_A005_B007_f0036_B.npy,VID_ (11),848,480,5,7
VID_ (11)_A005_B009_f0036,N,data\collab_cache\VID_ (11)_A005_B009_f0036_A.npy,data\collab_cache\VID_ (11)_A005_B009_f0036_B.npy,VID_ (11),848,480,5,9
VID_ (11)_A005_B011_f0036,N,data\collab_cache\VID_ (11)_A005_B011_f0036_A.npy,data\collab_cache\VID_ (11)_A005_B011_f0036_B.npy,VID_ (11),848,480,5,11
VID_ (11)_A005_B007_f0048,N,data\collab_cache\VID_ (11)_A005_B007_f0048_A.npy,data\collab_cache\VID_ (11)_A005_B007_f0048_B.npy,VID_ (11),848,480,5,7
VID_ (11)_A005_B009_f0048,N,data\collab_cache\VID_ (11)_A005_B009_f0048_A.npy,data\collab_cache\VID_ (11)_A005_B009_f0048_B.npy,VID_ (11),848,480,5,9
VID_ (11)_A005_B013_f0048,N,data\collab_cache\VID_ (11)_A005_B013_f0048_A.npy,data\collab_cache\VID_ (11)_A005_B013_f0048_B.npy,VID_ (11),848,480,5,13
VID_ (11)_A005_B007_f0052,N,data\collab_cache\VID_ (11)_A005_B007_f0052_A.npy,data\collab_cache\VID_ (11)_A005_B007_f0052_B.npy,VID_ (11),848,480,5,7
VID_ (11)_A005_B009_f0052,N,data\collab_cache\VID_ (11)_A005_B009_f0052_A.npy,data\collab_cache\VID_ (11)_A005_B009_f0052_B.npy,VID_ (11),848,480,5,9
VID_ (11)_A005_B007_f0056,N,data\collab_cache\VID_ (11)_A005_B007_f0056_A.npy,data\collab_cache\VID_ (11)_A005_B007_f0056_B.npy,VID_ (11),848,480,5,7
VID_ (11)_A005_B009_f0056,N,data\collab_cache\VID_ (11)_A005_B009_f0056_A.npy,data\collab_cache\VID_ (11)_A005_B009_f0056_B.npy,VID_ (11),848,480,5,9
VID_ (11)_A006_B007_f0000,N,data\collab_cache\VID_ (11)_A006_B007_f0000_A.npy,data\collab_cache\VID_ (11)_A006_B007_f0000_B.npy,VID_ (11),848,480,6,7
VID_ (11)_A006_B008_f0000,N,data\collab_cache\VID_ (11)_A006_B008_f0000_A.npy,data\collab_cache\VID_ (11)_A006_B008_f0000_B.npy,VID_ (11),848,480,6,8
VID_ (11)_A006_B009_f0000,N,data\collab_cache\VID_ (11)_A006_B009_f0000_A.npy,data\collab_cache\VID_ (11)_A006_B009_f0000_B.npy,VID_ (11),848,480,6,9
VID_ (11)_A006_B007_f0004,N,data\collab_cache\VID_ (11)_A006_B007_f0004_A.npy,data\collab_cache\VID_ (11)_A006_B007_f0004_B.npy,VID_ (11),848,480,6,7
VID_ (11)_A006_B008_f0004,N,data\collab_cache\VID_ (11)_A006_B008_f0004_A.npy,data\collab_cache\VID_ (11)_A006_B008_f0004_B.npy,VID_ (11),848,480,6,8
VID_ (11)_A006_B009_f0004,N,data\collab_cache\VID_ (11)_A006_B009_f0004_A.npy,data\collab_cache\VID_ (11)_A006_B009_f0004_B.npy,VID_ (11),848,480,6,9
VID_ (11)_A006_B007_f0008,N,data\collab_cache\VID_ (11)_A006_B007_f0008_A.npy,data\collab_cache\VID_ (11)_A006_B007_f0008_B.npy,VID_ (11),848,480,6,7
VID_ (11)_A006_B008_f0008,N,data\collab_cache\VID_ (11)_A006_B008_f0008_A.npy,data\collab_cache\VID_ (11)_A006_B008_f0008_B.npy,VID_ (11),848,480,6,8
VID_ (11)_A006_B009_f0008,N,data\collab_cache\VID_ (11)_A006_B009_f0008_A.npy,data\collab_cache\VID_ (11)_A006_B009_f0008_B.npy,VID_ (11),848,480,6,9
VID_ (11)_A006_B007_f0012,N,data\collab_cache\VID_ (11)_A006_B007_f0012_A.npy,data\collab_cache\VID_ (11)_A006_B007_f0012_B.npy,VID_ (11),848,480,6,7
VID_ (11)_A006_B008_f0012,N,data\collab_cache\VID_ (11)_A006_B008_f0012_A.npy,data\collab_cache\VID_ (11)_A006_B008_f0012_B.npy,VID_ (11),848,480,6,8
VID_ (11)_A006_B009_f0012,N,data\collab_cache\VID_ (11)_A006_B009_f0012_A.npy,data\collab_cache\VID_ (11)_A006_B009_f0012_B.npy,VID_ (11),848,480,6,9
VID_ (11)_A006_B007_f0016,N,data\collab_cache\VID_ (11)_A006_B007_f0016_A.npy,data\collab_cache\VID_ (11)_A006_B007_f0016_B.npy,VID_ (11),848,480,6,7
VID_ (11)_A006_B008_f0016,N,data\collab_cache\VID_ (11)_A006_B008_f0016_A.npy,data\collab_cache\VID_ (11)_A006_B008_f0016_B.npy,VID_ (11),848,480,6,8
VID_ (11)_A006_B009_f0016,N,data\collab_cache\VID_ (11)_A006_B009_f0016_A.npy,data\collab_cache\VID_ (11)_A006_B009_f0016_B.npy,VID_ (11),848,480,6,9
VID_ (11)_A007_B008_f0000,N,data\collab_cache\VID_ (11)_A007_B008_f0000_A.npy,data\collab_cache\VID_ (11)_A007_B008_f0000_B.npy,VID_ (11),848,480,7,8
VID_ (11)_A007_B009_f0000,N,data\collab_cache\VID_ (11)_A007_B009_f0000_A.npy,data\collab_cache\VID_ (11)_A007_B009_f0000_B.npy,VID_ (11),848,480,7,9
VID_ (11)_A007_B008_f0004,N,data\collab_cache\VID_ (11)_A007_B008_f0004_A.npy,data\collab_cache\VID_ (11)_A007_B008_f0004_B.npy,VID_ (11),848,480,7,8
VID_ (11)_A007_B009_f0004,N,data\collab_cache\VID_ (11)_A007_B009_f0004_A.npy,data\collab_cache\VID_ (11)_A007_B009_f0004_B.npy,VID_ (11),848,480,7,9
VID_ (11)_A007_B008_f0008,N,data\collab_cache\VID_ (11)_A007_B008_f0008_A.npy,data\collab_cache\VID_ (11)_A007_B008_f0008_B.npy,VID_ (11),848,480,7,8
VID_ (11)_A007_B009_f0008,N,data\collab_cache\VID_ (11)_A007_B009_f0008_A.npy,data\collab_cache\VID_ (11)_A007_B009_f0008_B.npy,VID_ (11),848,480,7,9
VID_ (11)_A007_B008_f0012,N,data\collab_cache\VID_ (11)_A007_B008_f0012_A.npy,data\collab_cache\VID_ (11)_A007_B008_f0012_B.npy,VID_ (11),848,480,7,8
VID_ (11)_A007_B009_f0012,N,data\collab_cache\VID_ (11)_A007_B009_f0012_A.npy,data\collab_cache\VID_ (11)_A007_B009_f0012_B.npy,VID_ (11),848,480,7,9
VID_ (11)_A007_B008_f0016,N,data\collab_cache\VID_ (11)_A007_B008_f0016_A.npy,data\collab_cache\VID_ (11)_A007_B008_f0016_B.npy,VID_ (11),848,480,7,8
VID_ (11)_A007_B009_f0016,N,data\collab_cache\VID_ (11)_A007_B009_f0016_A.npy,data\collab_cache\VID_ (11)_A007_B009_f0016_B.npy,VID_ (11),848,480,7,9
VID_ (11)_A007_B010_f0016,N,data\collab_cache\VID_ (11)_A007_B010_f0016_A.npy,data\collab_cache\VID_ (11)_A007_B010_f0016_B.npy,VID_ (11),848,480,7,10
VID_ (11)_A007_B006_f0020,N,data\collab_cache\VID_ (11)_A007_B006_f0020_A.npy,data\collab_cache\VID_ (11)_A007_B006_f0020_B.npy,VID_ (11),848,480,7,6
VID_ (11)_A007_B008_f0020,N,data\collab_cache\VID_ (11)_A007_B008_f0020_A.npy,data\collab_cache\VID_ (11)_A007_B008_f0020_B.npy,VID_ (11),848,480,7,8
VID_ (11)_A007_B009_f0020,N,data\collab_cache\VID_ (11)_A007_B009_f0020_A.npy,data\collab_cache\VID_ (11)_A007_B009_f0020_B.npy,VID_ (11),848,480,7,9
VID_ (11)_A007_B010_f0020,N,data\collab_cache\VID_ (11)_A007_B010_f0020_A.npy,data\collab_cache\VID_ (11)_A007_B010_f0020_B.npy,VID_ (11),848,480,7,10
VID_ (11)_A007_B011_f0020,N,data\collab_cache\VID_ (11)_A007_B011_f0020_A.npy,data\collab_cache\VID_ (11)_A007_B011_f0020_B.npy,VID_ (11),848,480,7,11
VID_ (11)_A007_B008_f0024,N,data\collab_cache\VID_ (11)_A007_B008_f0024_A.npy,data\collab_cache\VID_ (11)_A007_B008_f0024_B.npy,VID_ (11),848,480,7,8
VID_ (11)_A007_B009_f0024,N,data\collab_cache\VID_ (11)_A007_B009_f0024_A.npy,data\collab_cache\VID_ (11)_A007_B009_f0024_B.npy,VID_ (11),848,480,7,9
VID_ (11)_A007_B010_f0024,N,data\collab_cache\VID_ (11)_A007_B010_f0024_A.npy,data\collab_cache\VID_ (11)_A007_B010_f0024_B.npy,VID_ (11),848,480,7,10
VID_ (11)_A007_B011_f0024,N,data\collab_cache\VID_ (11)_A007_B011_f0024_A.npy,data\collab_cache\VID_ (11)_A007_B011_f0024_B.npy,VID_ (11),848,480,7,11
VID_ (11)_A007_B008_f0028,N,data\collab_cache\VID_ (11)_A007_B008_f0028_A.npy,data\collab_cache\VID_ (11)_A007_B008_f0028_B.npy,VID_ (11),848,480,7,8
VID_ (11)_A007_B009_f0028,N,data\collab_cache\VID_ (11)_A007_B009_f0028_A.npy,data\collab_cache\VID_ (11)_A007_B009_f0028_B.npy,VID_ (11),848,480,7,9
VID_ (11)_A007_B011_f0028,N,data\collab_cache\VID_ (11)_A007_B011_f0028_A.npy,data\collab_cache\VID_ (11)_A007_B011_f0028_B.npy,VID_ (11),848,480,7,11
VID_ (11)_A007_B008_f0032,N,data\collab_cache\VID_ (11)_A007_B008_f0032_A.npy,data\collab_cache\VID_ (11)_A007_B008_f0032_B.npy,VID_ (11),848,480,7,8
VID_ (11)_A007_B009_f0032,N,data\collab_cache\VID_ (11)_A007_B009_f0032_A.npy,data\collab_cache\VID_ (11)_A007_B009_f0032_B.npy,VID_ (11),848,480,7,9
VID_ (11)_A007_B011_f0032,N,data\collab_cache\VID_ (11)_A007_B011_f0032_A.npy,data\collab_cache\VID_ (11)_A007_B011_f0032_B.npy,VID_ (11),848,480,7,11
VID_ (11)_A007_B008_f0036,N,data\collab_cache\VID_ (11)_A007_B008_f0036_A.npy,data\collab_cache\VID_ (11)_A007_B008_f0036_B.npy,VID_ (11),848,480,7,8
VID_ (11)_A007_B009_f0036,N,data\collab_cache\VID_ (11)_A007_B009_f0036_A.npy,data\collab_cache\VID_ (11)_A007_B009_f0036_B.npy,VID_ (11),848,480,7,9
VID_ (11)_A007_B011_f0036,N,data\collab_cache\VID_ (11)_A007_B011_f0036_A.npy,data\collab_cache\VID_ (11)_A007_B011_f0036_B.npy,VID_ (11),848,480,7,11
VID_ (11)_A007_B009_f0040,N,data\collab_cache\VID_ (11)_A007_B009_f0040_A.npy,data\collab_cache\VID_ (11)_A007_B009_f0040_B.npy,VID_ (11),848,480,7,9
VID_ (11)_A007_B011_f0040,N,data\collab_cache\VID_ (11)_A007_B011_f0040_A.npy,data\collab_cache\VID_ (11)_A007_B011_f0040_B.npy,VID_ (11),848,480,7,11
VID_ (11)_A007_B012_f0040,N,data\collab_cache\VID_ (11)_A007_B012_f0040_A.npy,data\collab_cache\VID_ (11)_A007_B012_f0040_B.npy,VID_ (11),848,480,7,12
VID_ (11)_A007_B009_f0044,N,data\collab_cache\VID_ (11)_A007_B009_f0044_A.npy,data\collab_cache\VID_ (11)_A007_B009_f0044_B.npy,VID_ (11),848,480,7,9
VID_ (11)_A007_B012_f0044,N,data\collab_cache\VID_ (11)_A007_B012_f0044_A.npy,data\collab_cache\VID_ (11)_A007_B012_f0044_B.npy,VID_ (11),848,480,7,12
VID_ (11)_A007_B009_f0048,N,data\collab_cache\VID_ (11)_A007_B009_f0048_A.npy,data\collab_cache\VID_ (11)_A007_B009_f0048_B.npy,VID_ (11),848,480,7,9
VID_ (11)_A007_B012_f0048,N,data\collab_cache\VID_ (11)_A007_B012_f0048_A.npy,data\collab_cache\VID_ (11)_A007_B012_f0048_B.npy,VID_ (11),848,480,7,12
VID_ (11)_A007_B013_f0048,N,data\collab_cache\VID_ (11)_A007_B013_f0048_A.npy,data\collab_cache\VID_ (11)_A007_B013_f0048_B.npy,VID_ (11),848,480,7,13
VID_ (11)_A007_B009_f0052,N,data\collab_cache\VID_ (11)_A007_B009_f0052_A.npy,data\collab_cache\VID_ (11)_A007_B009_f0052_B.npy,VID_ (11),848,480,7,9
VID_ (11)_A007_B013_f0052,N,data\collab_cache\VID_ (11)_A007_B013_f0052_A.npy,data\collab_cache\VID_ (11)_A007_B013_f0052_B.npy,VID_ (11),848,480,7,13
VID_ (11)_A007_B009_f0056,N,data\collab_cache\VID_ (11)_A007_B009_f0056_A.npy,data\collab_cache\VID_ (11)_A007_B009_f0056_B.npy,VID_ (11),848,480,7,9
VID_ (11)_A007_B013_f0056,N,data\collab_cache\VID_ (11)_A007_B013_f0056_A.npy,data\collab_cache\VID_ (11)_A007_B013_f0056_B.npy,VID_ (11),848,480,7,13
VID_ (11)_A008_B009_f0000,N,data\collab_cache\VID_ (11)_A008_B009_f0000_A.npy,data\collab_cache\VID_ (11)_A008_B009_f0000_B.npy,VID_ (11),848,480,8,9
VID_ (11)_A008_B009_f0004,N,data\collab_cache\VID_ (11)_A008_B009_f0004_A.npy,data\collab_cache\VID_ (11)_A008_B009_f0004_B.npy,VID_ (11),848,480,8,9
VID_ (11)_A008_B009_f0008,N,data\collab_cache\VID_ (11)_A008_B009_f0008_A.npy,data\collab_cache\VID_ (11)_A008_B009_f0008_B.npy,VID_ (11),848,480,8,9
VID_ (11)_A008_B009_f0012,N,data\collab_cache\VID_ (11)_A008_B009_f0012_A.npy,data\collab_cache\VID_ (11)_A008_B009_f0012_B.npy,VID_ (11),848,480,8,9
VID_ (11)_A008_B009_f0016,N,data\collab_cache\VID_ (11)_A008_B009_f0016_A.npy,data\collab_cache\VID_ (11)_A008_B009_f0016_B.npy,VID_ (11),848,480,8,9
VID_ (11)_A008_B010_f0016,N,data\collab_cache\VID_ (11)_A008_B010_f0016_A.npy,data\collab_cache\VID_ (11)_A008_B010_f0016_B.npy,VID_ (11),848,480,8,10
VID_ (11)_A008_B009_f0020,N,data\collab_cache\VID_ (11)_A008_B009_f0020_A.npy,data\collab_cache\VID_ (11)_A008_B009_f0020_B.npy,VID_ (11),848,480,8,9
VID_ (11)_A008_B010_f0020,N,data\collab_cache\VID_ (11)_A008_B010_f0020_A.npy,data\collab_cache\VID_ (11)_A008_B010_f0020_B.npy,VID_ (11),848,480,8,10
VID_ (11)_A008_B011_f0020,N,data\collab_cache\VID_ (11)_A008_B011_f0020_A.npy,data\collab_cache\VID_ (11)_A008_B011_f0020_B.npy,VID_ (11),848,480,8,11
VID_ (11)_A008_B009_f0024,N,data\collab_cache\VID_ (11)_A008_B009_f0024_A.npy,data\collab_cache\VID_ (11)_A008_B009_f0024_B.npy,VID_ (11),848,480,8,9
VID_ (11)_A008_B010_f0024,N,data\collab_cache\VID_ (11)_A008_B010_f0024_A.npy,data\collab_cache\VID_ (11)_A008_B010_f0024_B.npy,VID_ (11),848,480,8,10
VID_ (11)_A008_B011_f0024,N,data\collab_cache\VID_ (11)_A008_B011_f0024_A.npy,data\collab_cache\VID_ (11)_A008_B011_f0024_B.npy,VID_ (11),848,480,8,11
VID_ (11)_A008_B009_f0028,N,data\collab_cache\VID_ (11)_A008_B009_f0028_A.npy,data\collab_cache\VID_ (11)_A008_B009_f0028_B.npy,VID_ (11),848,480,8,9
VID_ (11)_A008_B011_f0028,N,data\collab_cache\VID_ (11)_A008_B011_f0028_A.npy,data\collab_cache\VID_ (11)_A008_B011_f0028_B.npy,VID_ (11),848,480,8,11
VID_ (11)_A008_B009_f0032,N,data\collab_cache\VID_ (11)_A008_B009_f0032_A.npy,data\collab_cache\VID_ (11)_A008_B009_f0032_B.npy,VID_ (11),848,480,8,9
VID_ (11)_A008_B011_f0032,N,data\collab_cache\VID_ (11)_A008_B011_f0032_A.npy,data\collab_cache\VID_ (11)_A008_B011_f0032_B.npy,VID_ (11),848,480,8,11
VID_ (11)_A009_B001_f0001,N,data\collab_cache\VID_ (11)_A009_B001_f0001_A.npy,data\collab_cache\VID_ (11)_A009_B001_f0001_B.npy,VID_ (11),848,480,9,1
VID_ (11)_A009_B002_f0001,N,data\collab_cache\VID_ (11)_A009_B002_f0001_A.npy,data\collab_cache\VID_ (11)_A009_B002_f0001_B.npy,VID_ (11),848,480,9,2
VID_ (11)_A009_B003_f0001,N,data\collab_cache\VID_ (11)_A009_B003_f0001_A.npy,data\collab_cache\VID_ (11)_A009_B003_f0001_B.npy,VID_ (11),848,480,9,3
VID_ (11)_A009_B004_f0001,N,data\collab_cache\VID_ (11)_A009_B004_f0001_A.npy,data\collab_cache\VID_ (11)_A009_B004_f0001_B.npy,VID_ (11),848,480,9,4
VID_ (11)_A009_B005_f0001,N,data\collab_cache\VID_ (11)_A009_B005_f0001_A.npy,data\collab_cache\VID_ (11)_A009_B005_f0001_B.npy,VID_ (11),848,480,9,5
VID_ (11)_A009_B006_f0001,N,data\collab_cache\VID_ (11)_A009_B006_f0001_A.npy,data\collab_cache\VID_ (11)_A009_B006_f0001_B.npy,VID_ (11),848,480,9,6
VID_ (11)_A009_B007_f0001,N,data\collab_cache\VID_ (11)_A009_B007_f0001_A.npy,data\collab_cache\VID_ (11)_A009_B007_f0001_B.npy,VID_ (11),848,480,9,7
VID_ (11)_A009_B008_f0001,N,data\collab_cache\VID_ (11)_A009_B008_f0001_A.npy,data\collab_cache\VID_ (11)_A009_B008_f0001_B.npy,VID_ (11),848,480,9,8
VID_ (11)_A009_B001_f0005,N,data\collab_cache\VID_ (11)_A009_B001_f0005_A.npy,data\collab_cache\VID_ (11)_A009_B001_f0005_B.npy,VID_ (11),848,480,9,1
VID_ (11)_A009_B002_f0005,N,data\collab_cache\VID_ (11)_A009_B002_f0005_A.npy,data\collab_cache\VID_ (11)_A009_B002_f0005_B.npy,VID_ (11),848,480,9,2
VID_ (11)_A009_B003_f0005,N,data\collab_cache\VID_ (11)_A009_B003_f0005_A.npy,data\collab_cache\VID_ (11)_A009_B003_f0005_B.npy,VID_ (11),848,480,9,3
VID_ (11)_A009_B004_f0005,N,data\collab_cache\VID_ (11)_A009_B004_f0005_A.npy,data\collab_cache\VID_ (11)_A009_B004_f0005_B.npy,VID_ (11),848,480,9,4
VID_ (11)_A009_B005_f0005,N,data\collab_cache\VID_ (11)_A009_B005_f0005_A.npy,data\collab_cache\VID_ (11)_A009_B005_f0005_B.npy,VID_ (11),848,480,9,5
VID_ (11)_A009_B006_f0005,N,data\collab_cache\VID_ (11)_A009_B006_f0005_A.npy,data\collab_cache\VID_ (11)_A009_B006_f0005_B.npy,VID_ (11),848,480,9,6
VID_ (11)_A009_B007_f0005,N,data\collab_cache\VID_ (11)_A009_B007_f0005_A.npy,data\collab_cache\VID_ (11)_A009_B007_f0005_B.npy,VID_ (11),848,480,9,7
VID_ (11)_A009_B008_f0005,N,data\collab_cache\VID_ (11)_A009_B008_f0005_A.npy,data\collab_cache\VID_ (11)_A009_B008_f0005_B.npy,VID_ (11),848,480,9,8
VID_ (11)_A009_B001_f0009,N,data\collab_cache\VID_ (11)_A009_B001_f0009_A.npy,data\collab_cache\VID_ (11)_A009_B001_f0009_B.npy,VID_ (11),848,480,9,1
VID_ (11)_A009_B002_f0009,N,data\collab_cache\VID_ (11)_A009_B002_f0009_A.npy,data\collab_cache\VID_ (11)_A009_B002_f0009_B.npy,VID_ (11),848,480,9,2
VID_ (11)_A009_B003_f0009,N,data\collab_cache\VID_ (11)_A009_B003_f0009_A.npy,data\collab_cache\VID_ (11)_A009_B003_f0009_B.npy,VID_ (11),848,480,9,3
VID_ (11)_A009_B004_f0009,N,data\collab_cache\VID_ (11)_A009_B004_f0009_A.npy,data\collab_cache\VID_ (11)_A009_B004_f0009_B.npy,VID_ (11),848,480,9,4
VID_ (11)_A009_B005_f0009,N,data\collab_cache\VID_ (11)_A009_B005_f0009_A.npy,data\collab_cache\VID_ (11)_A009_B005_f0009_B.npy,VID_ (11),848,480,9,5
VID_ (11)_A009_B006_f0009,N,data\collab_cache\VID_ (11)_A009_B006_f0009_A.npy,data\collab_cache\VID_ (11)_A009_B006_f0009_B.npy,VID_ (11),848,480,9,6
VID_ (11)_A009_B007_f0009,N,data\collab_cache\VID_ (11)_A009_B007_f0009_A.npy,data\collab_cache\VID_ (11)_A009_B007_f0009_B.npy,VID_ (11),848,480,9,7
VID_ (11)_A009_B008_f0009,N,data\collab_cache\VID_ (11)_A009_B008_f0009_A.npy,data\collab_cache\VID_ (11)_A009_B008_f0009_B.npy,VID_ (11),848,480,9,8
VID_ (11)_A009_B001_f0013,N,data\collab_cache\VID_ (11)_A009_B001_f0013_A.npy,data\collab_cache\VID_ (11)_A009_B001_f0013_B.npy,VID_ (11),848,480,9,1
VID_ (11)_A009_B002_f0013,N,data\collab_cache\VID_ (11)_A009_B002_f0013_A.npy,data\collab_cache\VID_ (11)_A009_B002_f0013_B.npy,VID_ (11),848,480,9,2
VID_ (11)_A009_B003_f0013,N,data\collab_cache\VID_ (11)_A009_B003_f0013_A.npy,data\collab_cache\VID_ (11)_A009_B003_f0013_B.npy,VID_ (11),848,480,9,3
VID_ (11)_A009_B004_f0013,N,data\collab_cache\VID_ (11)_A009_B004_f0013_A.npy,data\collab_cache\VID_ (11)_A009_B004_f0013_B.npy,VID_ (11),848,480,9,4
VID_ (11)_A009_B005_f0013,N,data\collab_cache\VID_ (11)_A009_B005_f0013_A.npy,data\collab_cache\VID_ (11)_A009_B005_f0013_B.npy,VID_ (11),848,480,9,5
VID_ (11)_A009_B006_f0013,N,data\collab_cache\VID_ (11)_A009_B006_f0013_A.npy,data\collab_cache\VID_ (11)_A009_B006_f0013_B.npy,VID_ (11),848,480,9,6
VID_ (11)_A009_B007_f0013,N,data\collab_cache\VID_ (11)_A009_B007_f0013_A.npy,data\collab_cache\VID_ (11)_A009_B007_f0013_B.npy,VID_ (11),848,480,9,7
VID_ (11)_A009_B008_f0013,N,data\collab_cache\VID_ (11)_A009_B008_f0013_A.npy,data\collab_cache\VID_ (11)_A009_B008_f0013_B.npy,VID_ (11),848,480,9,8
VID_ (11)_A009_B010_f0013,N,data\collab_cache\VID_ (11)_A009_B010_f0013_A.npy,data\collab_cache\VID_ (11)_A009_B010_f0013_B.npy,VID_ (11),848,480,9,10
VID_ (11)_A009_B001_f0017,N,data\collab_cache\VID_ (11)_A009_B001_f0017_A.npy,data\collab_cache\VID_ (11)_A009_B001_f0017_B.npy,VID_ (11),848,480,9,1
VID_ (11)_A009_B002_f0017,N,data\collab_cache\VID_ (11)_A009_B002_f0017_A.npy,data\collab_cache\VID_ (11)_A009_B002_f0017_B.npy,VID_ (11),848,480,9,2
VID_ (11)_A009_B003_f0017,N,data\collab_cache\VID_ (11)_A009_B003_f0017_A.npy,data\collab_cache\VID_ (11)_A009_B003_f0017_B.npy,VID_ (11),848,480,9,3
VID_ (11)_A009_B004_f0017,N,data\collab_cache\VID_ (11)_A009_B004_f0017_A.npy,data\collab_cache\VID_ (11)_A009_B004_f0017_B.npy,VID_ (11),848,480,9,4
VID_ (11)_A009_B005_f0017,N,data\collab_cache\VID_ (11)_A009_B005_f0017_A.npy,data\collab_cache\VID_ (11)_A009_B005_f0017_B.npy,VID_ (11),848,480,9,5
VID_ (11)_A009_B006_f0017,N,data\collab_cache\VID_ (11)_A009_B006_f0017_A.npy,data\collab_cache\VID_ (11)_A009_B006_f0017_B.npy,VID_ (11),848,480,9,6
VID_ (11)_A009_B007_f0017,N,data\collab_cache\VID_ (11)_A009_B007_f0017_A.npy,data\collab_cache\VID_ (11)_A009_B007_f0017_B.npy,VID_ (11),848,480,9,7
VID_ (11)_A009_B008_f0017,N,data\collab_cache\VID_ (11)_A009_B008_f0017_A.npy,data\collab_cache\VID_ (11)_A009_B008_f0017_B.npy,VID_ (11),848,480,9,8
VID_ (11)_A009_B010_f0017,N,data\collab_cache\VID_ (11)_A009_B010_f0017_A.npy,data\collab_cache\VID_ (11)_A009_B010_f0017_B.npy,VID_ (11),848,480,9,10
VID_ (11)_A009_B011_f0017,N,data\collab_cache\VID_ (11)_A009_B011_f0017_A.npy,data\collab_cache\VID_ (11)_A009_B011_f0017_B.npy,VID_ (11),848,480,9,11
VID_ (11)_A009_B001_f0021,N,data\collab_cache\VID_ (11)_A009_B001_f0021_A.npy,data\collab_cache\VID_ (11)_A009_B001_f0021_B.npy,VID_ (11),848,480,9,1
VID_ (11)_A009_B002_f0021,N,data\collab_cache\VID_ (11)_A009_B002_f0021_A.npy,data\collab_cache\VID_ (11)_A009_B002_f0021_B.npy,VID_ (11),848,480,9,2
VID_ (11)_A009_B003_f0021,N,data\collab_cache\VID_ (11)_A009_B003_f0021_A.npy,data\collab_cache\VID_ (11)_A009_B003_f0021_B.npy,VID_ (11),848,480,9,3
VID_ (11)_A009_B004_f0021,N,data\collab_cache\VID_ (11)_A009_B004_f0021_A.npy,data\collab_cache\VID_ (11)_A009_B004_f0021_B.npy,VID_ (11),848,480,9,4
VID_ (11)_A009_B005_f0021,N,data\collab_cache\VID_ (11)_A009_B005_f0021_A.npy,data\collab_cache\VID_ (11)_A009_B005_f0021_B.npy,VID_ (11),848,480,9,5
VID_ (11)_A009_B006_f0021,N,data\collab_cache\VID_ (11)_A009_B006_f0021_A.npy,data\collab_cache\VID_ (11)_A009_B006_f0021_B.npy,VID_ (11),848,480,9,6
VID_ (11)_A009_B007_f0021,N,data\collab_cache\VID_ (11)_A009_B007_f0021_A.npy,data\collab_cache\VID_ (11)_A009_B007_f0021_B.npy,VID_ (11),848,480,9,7
VID_ (11)_A009_B008_f0021,N,data\collab_cache\VID_ (11)_A009_B008_f0021_A.npy,data\collab_cache\VID_ (11)_A009_B008_f0021_B.npy,VID_ (11),848,480,9,8
VID_ (11)_A009_B010_f0021,N,data\collab_cache\VID_ (11)_A009_B010_f0021_A.npy,data\collab_cache\VID_ (11)_A009_B010_f0021_B.npy,VID_ (11),848,480,9,10
VID_ (11)_A009_B011_f0021,N,data\collab_cache\VID_ (11)_A009_B011_f0021_A.npy,data\collab_cache\VID_ (11)_A009_B011_f0021_B.npy,VID_ (11),848,480,9,11
VID_ (11)_A009_B001_f0025,N,data\collab_cache\VID_ (11)_A009_B001_f0025_A.npy,data\collab_cache\VID_ (11)_A009_B001_f0025_B.npy,VID_ (11),848,480,9,1
VID_ (11)_A009_B002_f0025,N,data\collab_cache\VID_ (11)_A009_B002_f0025_A.npy,data\collab_cache\VID_ (11)_A009_B002_f0025_B.npy,VID_ (11),848,480,9,2
VID_ (11)_A009_B003_f0025,N,data\collab_cache\VID_ (11)_A009_B003_f0025_A.npy,data\collab_cache\VID_ (11)_A009_B003_f0025_B.npy,VID_ (11),848,480,9,3
VID_ (11)_A009_B004_f0025,N,data\collab_cache\VID_ (11)_A009_B004_f0025_A.npy,data\collab_cache\VID_ (11)_A009_B004_f0025_B.npy,VID_ (11),848,480,9,4
VID_ (11)_A009_B005_f0025,N,data\collab_cache\VID_ (11)_A009_B005_f0025_A.npy,data\collab_cache\VID_ (11)_A009_B005_f0025_B.npy,VID_ (11),848,480,9,5
VID_ (11)_A009_B007_f0025,N,data\collab_cache\VID_ (11)_A009_B007_f0025_A.npy,data\collab_cache\VID_ (11)_A009_B007_f0025_B.npy,VID_ (11),848,480,9,7
VID_ (11)_A009_B008_f0025,N,data\collab_cache\VID_ (11)_A009_B008_f0025_A.npy,data\collab_cache\VID_ (11)_A009_B008_f0025_B.npy,VID_ (11),848,480,9,8
VID_ (11)_A009_B010_f0025,N,data\collab_cache\VID_ (11)_A009_B010_f0025_A.npy,data\collab_cache\VID_ (11)_A009_B010_f0025_B.npy,VID_ (11),848,480,9,10
VID_ (11)_A009_B011_f0025,N,data\collab_cache\VID_ (11)_A009_B011_f0025_A.npy,data\collab_cache\VID_ (11)_A009_B011_f0025_B.npy,VID_ (11),848,480,9,11
VID_ (11)_A009_B001_f0029,N,data\collab_cache\VID_ (11)_A009_B001_f0029_A.npy,data\collab_cache\VID_ (11)_A009_B001_f0029_B.npy,VID_ (11),848,480,9,1
VID_ (11)_A009_B002_f0029,N,data\collab_cache\VID_ (11)_A009_B002_f0029_A.npy,data\collab_cache\VID_ (11)_A009_B002_f0029_B.npy,VID_ (11),848,480,9,2
VID_ (11)_A009_B003_f0029,N,data\collab_cache\VID_ (11)_A009_B003_f0029_A.npy,data\collab_cache\VID_ (11)_A009_B003_f0029_B.npy,VID_ (11),848,480,9,3
VID_ (11)_A009_B004_f0029,N,data\collab_cache\VID_ (11)_A009_B004_f0029_A.npy,data\collab_cache\VID_ (11)_A009_B004_f0029_B.npy,VID_ (11),848,480,9,4
VID_ (11)_A009_B005_f0029,N,data\collab_cache\VID_ (11)_A009_B005_f0029_A.npy,data\collab_cache\VID_ (11)_A009_B005_f0029_B.npy,VID_ (11),848,480,9,5
VID_ (11)_A009_B007_f0029,N,data\collab_cache\VID_ (11)_A009_B007_f0029_A.npy,data\collab_cache\VID_ (11)_A009_B007_f0029_B.npy,VID_ (11),848,480,9,7
VID_ (11)_A009_B008_f0029,N,data\collab_cache\VID_ (11)_A009_B008_f0029_A.npy,data\collab_cache\VID_ (11)_A009_B008_f0029_B.npy,VID_ (11),848,480,9,8
VID_ (11)_A009_B011_f0029,N,data\collab_cache\VID_ (11)_A009_B011_f0029_A.npy,data\collab_cache\VID_ (11)_A009_B011_f0029_B.npy,VID_ (11),848,480,9,11
VID_ (11)_A009_B001_f0033,N,data\collab_cache\VID_ (11)_A009_B001_f0033_A.npy,data\collab_cache\VID_ (11)_A009_B001_f0033_B.npy,VID_ (11),848,480,9,1
VID_ (11)_A009_B002_f0033,N,data\collab_cache\VID_ (11)_A009_B002_f0033_A.npy,data\collab_cache\VID_ (11)_A009_B002_f0033_B.npy,VID_ (11),848,480,9,2
VID_ (11)_A009_B003_f0033,N,data\collab_cache\VID_ (11)_A009_B003_f0033_A.npy,data\collab_cache\VID_ (11)_A009_B003_f0033_B.npy,VID_ (11),848,480,9,3
VID_ (11)_A009_B004_f0033,N,data\collab_cache\VID_ (11)_A009_B004_f0033_A.npy,data\collab_cache\VID_ (11)_A009_B004_f0033_B.npy,VID_ (11),848,480,9,4
VID_ (11)_A009_B005_f0033,N,data\collab_cache\VID_ (11)_A009_B005_f0033_A.npy,data\collab_cache\VID_ (11)_A009_B005_f0033_B.npy,VID_ (11),848,480,9,5
VID_ (11)_A009_B007_f0033,N,data\collab_cache\VID_ (11)_A009_B007_f0033_A.npy,data\collab_cache\VID_ (11)_A009_B007_f0033_B.npy,VID_ (11),848,480,9,7
VID_ (11)_A009_B008_f0033,N,data\collab_cache\VID_ (11)_A009_B008_f0033_A.npy,data\collab_cache\VID_ (11)_A009_B008_f0033_B.npy,VID_ (11),848,480,9,8
VID_ (11)_A009_B011_f0033,N,data\collab_cache\VID_ (11)_A009_B011_f0033_A.npy,data\collab_cache\VID_ (11)_A009_B011_f0033_B.npy,VID_ (11),848,480,9,11
VID_ (11)_A009_B001_f0037,N,data\collab_cache\VID_ (11)_A009_B001_f0037_A.npy,data\collab_cache\VID_ (11)_A009_B001_f0037_B.npy,VID_ (11),848,480,9,1
VID_ (11)_A009_B002_f0037,N,data\collab_cache\VID_ (11)_A009_B002_f0037_A.npy,data\collab_cache\VID_ (11)_A009_B002_f0037_B.npy,VID_ (11),848,480,9,2
VID_ (11)_A009_B003_f0037,N,data\collab_cache\VID_ (11)_A009_B003_f0037_A.npy,data\collab_cache\VID_ (11)_A009_B003_f0037_B.npy,VID_ (11),848,480,9,3
VID_ (11)_A009_B004_f0037,N,data\collab_cache\VID_ (11)_A009_B004_f0037_A.npy,data\collab_cache\VID_ (11)_A009_B004_f0037_B.npy,VID_ (11),848,480,9,4
VID_ (11)_A009_B005_f0037,N,data\collab_cache\VID_ (11)_A009_B005_f0037_A.npy,data\collab_cache\VID_ (11)_A009_B005_f0037_B.npy,VID_ (11),848,480,9,5
VID_ (11)_A009_B007_f0037,N,data\collab_cache\VID_ (11)_A009_B007_f0037_A.npy,data\collab_cache\VID_ (11)_A009_B007_f0037_B.npy,VID_ (11),848,480,9,7
VID_ (11)_A009_B008_f0037,N,data\collab_cache\VID_ (11)_A009_B008_f0037_A.npy,data\collab_cache\VID_ (11)_A009_B008_f0037_B.npy,VID_ (11),848,480,9,8
VID_ (11)_A009_B011_f0037,N,data\collab_cache\VID_ (11)_A009_B011_f0037_A.npy,data\collab_cache\VID_ (11)_A009_B011_f0037_B.npy,VID_ (11),848,480,9,11
VID_ (11)_A009_B012_f0037,N,data\collab_cache\VID_ (11)_A009_B012_f0037_A.npy,data\collab_cache\VID_ (11)_A009_B012_f0037_B.npy,VID_ (11),848,480,9,12
VID_ (11)_A009_B001_f0041,N,data\collab_cache\VID_ (11)_A009_B001_f0041_A.npy,data\collab_cache\VID_ (11)_A009_B001_f0041_B.npy,VID_ (11),848,480,9,1
VID_ (11)_A009_B002_f0041,N,data\collab_cache\VID_ (11)_A009_B002_f0041_A.npy,data\collab_cache\VID_ (11)_A009_B002_f0041_B.npy,VID_ (11),848,480,9,2
VID_ (11)_A009_B003_f0041,N,data\collab_cache\VID_ (11)_A009_B003_f0041_A.npy,data\collab_cache\VID_ (11)_A009_B003_f0041_B.npy,VID_ (11),848,480,9,3
VID_ (11)_A009_B004_f0041,N,data\collab_cache\VID_ (11)_A009_B004_f0041_A.npy,data\collab_cache\VID_ (11)_A009_B004_f0041_B.npy,VID_ (11),848,480,9,4
VID_ (11)_A009_B005_f0041,N,data\collab_cache\VID_ (11)_A009_B005_f0041_A.npy,data\collab_cache\VID_ (11)_A009_B005_f0041_B.npy,VID_ (11),848,480,9,5
VID_ (11)_A009_B007_f0041,N,data\collab_cache\VID_ (11)_A009_B007_f0041_A.npy,data\collab_cache\VID_ (11)_A009_B007_f0041_B.npy,VID_ (11),848,480,9,7
VID_ (11)_A009_B008_f0041,N,data\collab_cache\VID_ (11)_A009_B008_f0041_A.npy,data\collab_cache\VID_ (11)_A009_B008_f0041_B.npy,VID_ (11),848,480,9,8
VID_ (11)_A009_B011_f0041,N,data\collab_cache\VID_ (11)_A009_B011_f0041_A.npy,data\collab_cache\VID_ (11)_A009_B011_f0041_B.npy,VID_ (11),848,480,9,11
VID_ (11)_A009_B012_f0041,N,data\collab_cache\VID_ (11)_A009_B012_f0041_A.npy,data\collab_cache\VID_ (11)_A009_B012_f0041_B.npy,VID_ (11),848,480,9,12
VID_ (11)_A009_B001_f0045,N,data\collab_cache\VID_ (11)_A009_B001_f0045_A.npy,data\collab_cache\VID_ (11)_A009_B001_f0045_B.npy,VID_ (11),848,480,9,1
VID_ (11)_A009_B002_f0045,N,data\collab_cache\VID_ (11)_A009_B002_f0045_A.npy,data\collab_cache\VID_ (11)_A009_B002_f0045_B.npy,VID_ (11),848,480,9,2
VID_ (11)_A009_B003_f0045,N,data\collab_cache\VID_ (11)_A009_B003_f0045_A.npy,data\collab_cache\VID_ (11)_A009_B003_f0045_B.npy,VID_ (11),848,480,9,3
VID_ (11)_A009_B004_f0045,N,data\collab_cache\VID_ (11)_A009_B004_f0045_A.npy,data\collab_cache\VID_ (11)_A009_B004_f0045_B.npy,VID_ (11),848,480,9,4
VID_ (11)_A009_B005_f0045,N,data\collab_cache\VID_ (11)_A009_B005_f0045_A.npy,data\collab_cache\VID_ (11)_A009_B005_f0045_B.npy,VID_ (11),848,480,9,5
VID_ (11)_A009_B007_f0045,N,data\collab_cache\VID_ (11)_A009_B007_f0045_A.npy,data\collab_cache\VID_ (11)_A009_B007_f0045_B.npy,VID_ (11),848,480,9,7
VID_ (11)_A009_B012_f0045,N,data\collab_cache\VID_ (11)_A009_B012_f0045_A.npy,data\collab_cache\VID_ (11)_A009_B012_f0045_B.npy,VID_ (11),848,480,9,12
VID_ (11)_A009_B013_f0045,N,data\collab_cache\VID_ (11)_A009_B013_f0045_A.npy,data\collab_cache\VID_ (11)_A009_B013_f0045_B.npy,VID_ (11),848,480,9,13
VID_ (11)_A009_B001_f0049,N,data\collab_cache\VID_ (11)_A009_B001_f0049_A.npy,data\collab_cache\VID_ (11)_A009_B001_f0049_B.npy,VID_ (11),848,480,9,1
VID_ (11)_A009_B002_f0049,N,data\collab_cache\VID_ (11)_A009_B002_f0049_A.npy,data\collab_cache\VID_ (11)_A009_B002_f0049_B.npy,VID_ (11),848,480,9,2
VID_ (11)_A009_B003_f0049,N,data\collab_cache\VID_ (11)_A009_B003_f0049_A.npy,data\collab_cache\VID_ (11)_A009_B003_f0049_B.npy,VID_ (11),848,480,9,3
VID_ (11)_A009_B004_f0049,N,data\collab_cache\VID_ (11)_A009_B004_f0049_A.npy,data\collab_cache\VID_ (11)_A009_B004_f0049_B.npy,VID_ (11),848,480,9,4
VID_ (11)_A009_B005_f0049,N,data\collab_cache\VID_ (11)_A009_B005_f0049_A.npy,data\collab_cache\VID_ (11)_A009_B005_f0049_B.npy,VID_ (11),848,480,9,5
VID_ (11)_A009_B007_f0049,N,data\collab_cache\VID_ (11)_A009_B007_f0049_A.npy,data\collab_cache\VID_ (11)_A009_B007_f0049_B.npy,VID_ (11),848,480,9,7
VID_ (11)_A009_B012_f0049,N,data\collab_cache\VID_ (11)_A009_B012_f0049_A.npy,data\collab_cache\VID_ (11)_A009_B012_f0049_B.npy,VID_ (11),848,480,9,12
VID_ (11)_A009_B013_f0049,N,data\collab_cache\VID_ (11)_A009_B013_f0049_A.npy,data\collab_cache\VID_ (11)_A009_B013_f0049_B.npy,VID_ (11),848,480,9,13
VID_ (11)_A009_B001_f0053,N,data\collab_cache\VID_ (11)_A009_B001_f0053_A.npy,data\collab_cache\VID_ (11)_A009_B001_f0053_B.npy,VID_ (11),848,480,9,1
VID_ (11)_A009_B002_f0053,N,data\collab_cache\VID_ (11)_A009_B002_f0053_A.npy,data\collab_cache\VID_ (11)_A009_B002_f0053_B.npy,VID_ (11),848,480,9,2
VID_ (11)_A009_B003_f0053,N,data\collab_cache\VID_ (11)_A009_B003_f0053_A.npy,data\collab_cache\VID_ (11)_A009_B003_f0053_B.npy,VID_ (11),848,480,9,3
VID_ (11)_A009_B004_f0053,N,data\collab_cache\VID_ (11)_A009_B004_f0053_A.npy,data\collab_cache\VID_ (11)_A009_B004_f0053_B.npy,VID_ (11),848,480,9,4
VID_ (11)_A009_B005_f0053,N,data\collab_cache\VID_ (11)_A009_B005_f0053_A.npy,data\collab_cache\VID_ (11)_A009_B005_f0053_B.npy,VID_ (11),848,480,9,5
VID_ (11)_A009_B007_f0053,N,data\collab_cache\VID_ (11)_A009_B007_f0053_A.npy,data\collab_cache\VID_ (11)_A009_B007_f0053_B.npy,VID_ (11),848,480,9,7
VID_ (11)_A009_B013_f0053,N,data\collab_cache\VID_ (11)_A009_B013_f0053_A.npy,data\collab_cache\VID_ (11)_A009_B013_f0053_B.npy,VID_ (11),848,480,9,13
VID_ (11)_A010_B009_f0020,N,data\collab_cache\VID_ (11)_A010_B009_f0020_A.npy,data\collab_cache\VID_ (11)_A010_B009_f0020_B.npy,VID_ (11),848,480,10,9
VID_ (11)_A010_B011_f0020,N,data\collab_cache\VID_ (11)_A010_B011_f0020_A.npy,data\collab_cache\VID_ (11)_A010_B011_f0020_B.npy,VID_ (11),848,480,10,11
VID_ (11)_A011_B009_f0024,N,data\collab_cache\VID_ (11)_A011_B009_f0024_A.npy,data\collab_cache\VID_ (11)_A011_B009_f0024_B.npy,VID_ (11),848,480,11,9
VID_ (11)_A011_B010_f0024,N,data\collab_cache\VID_ (11)_A011_B010_f0024_A.npy,data\collab_cache\VID_ (11)_A011_B010_f0024_B.npy,VID_ (11),848,480,11,10
VID_ (11)_A011_B009_f0028,N,data\collab_cache\VID_ (11)_A011_B009_f0028_A.npy,data\collab_cache\VID_ (11)_A011_B009_f0028_B.npy,VID_ (11),848,480,11,9
VID_ (11)_A011_B009_f0032,N,data\collab_cache\VID_ (11)_A011_B009_f0032_A.npy,data\collab_cache\VID_ (11)_A011_B009_f0032_B.npy,VID_ (11),848,480,11,9
VID_ (11)_A011_B009_f0036,N,data\collab_cache\VID_ (11)_A011_B009_f0036_A.npy,data\collab_cache\VID_ (11)_A011_B009_f0036_B.npy,VID_ (11),848,480,11,9
VID_ (11)_A012_B009_f0044,N,data\collab_cache\VID_ (11)_A012_B009_f0044_A.npy,data\collab_cache\VID_ (11)_A012_B009_f0044_B.npy,VID_ (11),848,480,12,9
VID_ (11)_A013_B009_f0052,N,data\collab_cache\VID_ (11)_A013_B009_f0052_A.npy,data\collab_cache\VID_ (11)_A013_B009_f0052_B.npy,VID_ (11),848,480,13,9
VID_ (11)_A013_B009_f0056,N,data\collab_cache\VID_ (11)_A013_B009_f0056_A.npy,data\collab_cache\VID_ (11)_A013_B009_f0056_B.npy,VID_ (11),848,480,13,9
VID_ (13)_A001_B002_f0000,N,data\collab_cache\VID_ (13)_A001_B002_f0000_A.npy,data\collab_cache\VID_ (13)_A001_B002_f0000_B.npy,VID_ (13),848,480,1,2
VID_ (13)_A001_B003_f0000,N,data\collab_cache\VID_ (13)_A001_B003_f0000_A.npy,data\collab_cache\VID_ (13)_A001_B003_f0000_B.npy,VID_ (13),848,480,1,3
VID_ (13)_A001_B004_f0000,N,data\collab_cache\VID_ (13)_A001_B004_f0000_A.npy,data\collab_cache\VID_ (13)_A001_B004_f0000_B.npy,VID_ (13),848,480,1,4
VID_ (13)_A001_B002_f0004,N,data\collab_cache\VID_ (13)_A001_B002_f0004_A.npy,data\collab_cache\VID_ (13)_A001_B002_f0004_B.npy,VID_ (13),848,480,1,2
VID_ (13)_A001_B003_f0004,N,data\collab_cache\VID_ (13)_A001_B003_f0004_A.npy,data\collab_cache\VID_ (13)_A001_B003_f0004_B.npy,VID_ (13),848,480,1,3
VID_ (13)_A001_B004_f0004,N,data\collab_cache\VID_ (13)_A001_B004_f0004_A.npy,data\collab_cache\VID_ (13)_A001_B004_f0004_B.npy,VID_ (13),848,480,1,4
VID_ (13)_A001_B002_f0008,N,data\collab_cache\VID_ (13)_A001_B002_f0008_A.npy,data\collab_cache\VID_ (13)_A001_B002_f0008_B.npy,VID_ (13),848,480,1,2
VID_ (13)_A001_B003_f0008,N,data\collab_cache\VID_ (13)_A001_B003_f0008_A.npy,data\collab_cache\VID_ (13)_A001_B003_f0008_B.npy,VID_ (13),848,480,1,3
VID_ (13)_A001_B004_f0008,N,data\collab_cache\VID_ (13)_A001_B004_f0008_A.npy,data\collab_cache\VID_ (13)_A001_B004_f0008_B.npy,VID_ (13),848,480,1,4
VID_ (13)_A001_B002_f0012,N,data\collab_cache\VID_ (13)_A001_B002_f0012_A.npy,data\collab_cache\VID_ (13)_A001_B002_f0012_B.npy,VID_ (13),848,480,1,2
VID_ (13)_A001_B003_f0012,N,data\collab_cache\VID_ (13)_A001_B003_f0012_A.npy,data\collab_cache\VID_ (13)_A001_B003_f0012_B.npy,VID_ (13),848,480,1,3
VID_ (13)_A001_B004_f0012,N,data\collab_cache\VID_ (13)_A001_B004_f0012_A.npy,data\collab_cache\VID_ (13)_A001_B004_f0012_B.npy,VID_ (13),848,480,1,4
VID_ (13)_A001_B002_f0016,N,data\collab_cache\VID_ (13)_A001_B002_f0016_A.npy,data\collab_cache\VID_ (13)_A001_B002_f0016_B.npy,VID_ (13),848,480,1,2
VID_ (13)_A001_B003_f0016,N,data\collab_cache\VID_ (13)_A001_B003_f0016_A.npy,data\collab_cache\VID_ (13)_A001_B003_f0016_B.npy,VID_ (13),848,480,1,3
VID_ (13)_A001_B004_f0016,N,data\collab_cache\VID_ (13)_A001_B004_f0016_A.npy,data\collab_cache\VID_ (13)_A001_B004_f0016_B.npy,VID_ (13),848,480,1,4
VID_ (13)_A001_B009_f0016,N,data\collab_cache\VID_ (13)_A001_B009_f0016_A.npy,data\collab_cache\VID_ (13)_A001_B009_f0016_B.npy,VID_ (13),848,480,1,9
VID_ (13)_A001_B002_f0020,N,data\collab_cache\VID_ (13)_A001_B002_f0020_A.npy,data\collab_cache\VID_ (13)_A001_B002_f0020_B.npy,VID_ (13),848,480,1,2
VID_ (13)_A001_B003_f0020,N,data\collab_cache\VID_ (13)_A001_B003_f0020_A.npy,data\collab_cache\VID_ (13)_A001_B003_f0020_B.npy,VID_ (13),848,480,1,3
VID_ (13)_A001_B004_f0020,N,data\collab_cache\VID_ (13)_A001_B004_f0020_A.npy,data\collab_cache\VID_ (13)_A001_B004_f0020_B.npy,VID_ (13),848,480,1,4
VID_ (13)_A001_B009_f0020,N,data\collab_cache\VID_ (13)_A001_B009_f0020_A.npy,data\collab_cache\VID_ (13)_A001_B009_f0020_B.npy,VID_ (13),848,480,1,9
VID_ (13)_A001_B002_f0024,N,data\collab_cache\VID_ (13)_A001_B002_f0024_A.npy,data\collab_cache\VID_ (13)_A001_B002_f0024_B.npy,VID_ (13),848,480,1,2
VID_ (13)_A001_B003_f0024,N,data\collab_cache\VID_ (13)_A001_B003_f0024_A.npy,data\collab_cache\VID_ (13)_A001_B003_f0024_B.npy,VID_ (13),848,480,1,3
VID_ (13)_A001_B004_f0024,N,data\collab_cache\VID_ (13)_A001_B004_f0024_A.npy,data\collab_cache\VID_ (13)_A001_B004_f0024_B.npy,VID_ (13),848,480,1,4
VID_ (13)_A001_B009_f0024,N,data\collab_cache\VID_ (13)_A001_B009_f0024_A.npy,data\collab_cache\VID_ (13)_A001_B009_f0024_B.npy,VID_ (13),848,480,1,9
VID_ (13)_A001_B002_f0028,N,data\collab_cache\VID_ (13)_A001_B002_f0028_A.npy,data\collab_cache\VID_ (13)_A001_B002_f0028_B.npy,VID_ (13),848,480,1,2
VID_ (13)_A001_B003_f0028,N,data\collab_cache\VID_ (13)_A001_B003_f0028_A.npy,data\collab_cache\VID_ (13)_A001_B003_f0028_B.npy,VID_ (13),848,480,1,3
VID_ (13)_A001_B004_f0028,N,data\collab_cache\VID_ (13)_A001_B004_f0028_A.npy,data\collab_cache\VID_ (13)_A001_B004_f0028_B.npy,VID_ (13),848,480,1,4
VID_ (13)_A001_B009_f0028,N,data\collab_cache\VID_ (13)_A001_B009_f0028_A.npy,data\collab_cache\VID_ (13)_A001_B009_f0028_B.npy,VID_ (13),848,480,1,9
VID_ (13)_A001_B002_f0032,N,data\collab_cache\VID_ (13)_A001_B002_f0032_A.npy,data\collab_cache\VID_ (13)_A001_B002_f0032_B.npy,VID_ (13),848,480,1,2
VID_ (13)_A001_B003_f0032,N,data\collab_cache\VID_ (13)_A001_B003_f0032_A.npy,data\collab_cache\VID_ (13)_A001_B003_f0032_B.npy,VID_ (13),848,480,1,3
VID_ (13)_A001_B004_f0032,N,data\collab_cache\VID_ (13)_A001_B004_f0032_A.npy,data\collab_cache\VID_ (13)_A001_B004_f0032_B.npy,VID_ (13),848,480,1,4
VID_ (13)_A001_B011_f0032,N,data\collab_cache\VID_ (13)_A001_B011_f0032_A.npy,data\collab_cache\VID_ (13)_A001_B011_f0032_B.npy,VID_ (13),848,480,1,11
VID_ (13)_A001_B002_f0036,N,data\collab_cache\VID_ (13)_A001_B002_f0036_A.npy,data\collab_cache\VID_ (13)_A001_B002_f0036_B.npy,VID_ (13),848,480,1,2
VID_ (13)_A001_B003_f0036,N,data\collab_cache\VID_ (13)_A001_B003_f0036_A.npy,data\collab_cache\VID_ (13)_A001_B003_f0036_B.npy,VID_ (13),848,480,1,3
VID_ (13)_A001_B004_f0036,N,data\collab_cache\VID_ (13)_A001_B004_f0036_A.npy,data\collab_cache\VID_ (13)_A001_B004_f0036_B.npy,VID_ (13),848,480,1,4
VID_ (13)_A002_B003_f0000,N,data\collab_cache\VID_ (13)_A002_B003_f0000_A.npy,data\collab_cache\VID_ (13)_A002_B003_f0000_B.npy,VID_ (13),848,480,2,3
VID_ (13)_A002_B004_f0000,N,data\collab_cache\VID_ (13)_A002_B004_f0000_A.npy,data\collab_cache\VID_ (13)_A002_B004_f0000_B.npy,VID_ (13),848,480,2,4
VID_ (13)_A002_B003_f0004,N,data\collab_cache\VID_ (13)_A002_B003_f0004_A.npy,data\collab_cache\VID_ (13)_A002_B003_f0004_B.npy,VID_ (13),848,480,2,3
VID_ (13)_A002_B004_f0004,N,data\collab_cache\VID_ (13)_A002_B004_f0004_A.npy,data\collab_cache\VID_ (13)_A002_B004_f0004_B.npy,VID_ (13),848,480,2,4
VID_ (13)_A002_B003_f0008,N,data\collab_cache\VID_ (13)_A002_B003_f0008_A.npy,data\collab_cache\VID_ (13)_A002_B003_f0008_B.npy,VID_ (13),848,480,2,3
VID_ (13)_A002_B004_f0008,N,data\collab_cache\VID_ (13)_A002_B004_f0008_A.npy,data\collab_cache\VID_ (13)_A002_B004_f0008_B.npy,VID_ (13),848,480,2,4
VID_ (13)_A002_B003_f0012,N,data\collab_cache\VID_ (13)_A002_B003_f0012_A.npy,data\collab_cache\VID_ (13)_A002_B003_f0012_B.npy,VID_ (13),848,480,2,3
VID_ (13)_A002_B004_f0012,N,data\collab_cache\VID_ (13)_A002_B004_f0012_A.npy,data\collab_cache\VID_ (13)_A002_B004_f0012_B.npy,VID_ (13),848,480,2,4
VID_ (13)_A002_B003_f0016,N,data\collab_cache\VID_ (13)_A002_B003_f0016_A.npy,data\collab_cache\VID_ (13)_A002_B003_f0016_B.npy,VID_ (13),848,480,2,3
VID_ (13)_A002_B004_f0016,N,data\collab_cache\VID_ (13)_A002_B004_f0016_A.npy,data\collab_cache\VID_ (13)_A002_B004_f0016_B.npy,VID_ (13),848,480,2,4
VID_ (13)_A002_B009_f0016,N,data\collab_cache\VID_ (13)_A002_B009_f0016_A.npy,data\collab_cache\VID_ (13)_A002_B009_f0016_B.npy,VID_ (13),848,480,2,9
VID_ (13)_A002_B003_f0020,N,data\collab_cache\VID_ (13)_A002_B003_f0020_A.npy,data\collab_cache\VID_ (13)_A002_B003_f0020_B.npy,VID_ (13),848,480,2,3
VID_ (13)_A002_B004_f0020,N,data\collab_cache\VID_ (13)_A002_B004_f0020_A.npy,data\collab_cache\VID_ (13)_A002_B004_f0020_B.npy,VID_ (13),848,480,2,4
VID_ (13)_A002_B009_f0020,N,data\collab_cache\VID_ (13)_A002_B009_f0020_A.npy,data\collab_cache\VID_ (13)_A002_B009_f0020_B.npy,VID_ (13),848,480,2,9
VID_ (13)_A002_B003_f0024,N,data\collab_cache\VID_ (13)_A002_B003_f0024_A.npy,data\collab_cache\VID_ (13)_A002_B003_f0024_B.npy,VID_ (13),848,480,2,3
VID_ (13)_A002_B004_f0024,N,data\collab_cache\VID_ (13)_A002_B004_f0024_A.npy,data\collab_cache\VID_ (13)_A002_B004_f0024_B.npy,VID_ (13),848,480,2,4
VID_ (13)_A002_B009_f0024,N,data\collab_cache\VID_ (13)_A002_B009_f0024_A.npy,data\collab_cache\VID_ (13)_A002_B009_f0024_B.npy,VID_ (13),848,480,2,9
VID_ (13)_A002_B003_f0028,N,data\collab_cache\VID_ (13)_A002_B003_f0028_A.npy,data\collab_cache\VID_ (13)_A002_B003_f0028_B.npy,VID_ (13),848,480,2,3
VID_ (13)_A002_B004_f0028,N,data\collab_cache\VID_ (13)_A002_B004_f0028_A.npy,data\collab_cache\VID_ (13)_A002_B004_f0028_B.npy,VID_ (13),848,480,2,4
VID_ (13)_A002_B009_f0028,N,data\collab_cache\VID_ (13)_A002_B009_f0028_A.npy,data\collab_cache\VID_ (13)_A002_B009_f0028_B.npy,VID_ (13),848,480,2,9
VID_ (13)_A002_B003_f0032,N,data\collab_cache\VID_ (13)_A002_B003_f0032_A.npy,data\collab_cache\VID_ (13)_A002_B003_f0032_B.npy,VID_ (13),848,480,2,3
VID_ (13)_A002_B004_f0032,N,data\collab_cache\VID_ (13)_A002_B004_f0032_A.npy,data\collab_cache\VID_ (13)_A002_B004_f0032_B.npy,VID_ (13),848,480,2,4
VID_ (13)_A002_B003_f0036,N,data\collab_cache\VID_ (13)_A002_B003_f0036_A.npy,data\collab_cache\VID_ (13)_A002_B003_f0036_B.npy,VID_ (13),848,480,2,3
VID_ (13)_A002_B004_f0036,N,data\collab_cache\VID_ (13)_A002_B004_f0036_A.npy,data\collab_cache\VID_ (13)_A002_B004_f0036_B.npy,VID_ (13),848,480,2,4
VID_ (13)_A003_B004_f0000,N,data\collab_cache\VID_ (13)_A003_B004_f0000_A.npy,data\collab_cache\VID_ (13)_A003_B004_f0000_B.npy,VID_ (13),848,480,3,4
VID_ (13)_A003_B004_f0004,N,data\collab_cache\VID_ (13)_A003_B004_f0004_A.npy,data\collab_cache\VID_ (13)_A003_B004_f0004_B.npy,VID_ (13),848,480,3,4
VID_ (13)_A003_B004_f0008,N,data\collab_cache\VID_ (13)_A003_B004_f0008_A.npy,data\collab_cache\VID_ (13)_A003_B004_f0008_B.npy,VID_ (13),848,480,3,4
VID_ (13)_A003_B004_f0012,N,data\collab_cache\VID_ (13)_A003_B004_f0012_A.npy,data\collab_cache\VID_ (13)_A003_B004_f0012_B.npy,VID_ (13),848,480,3,4
VID_ (13)_A003_B004_f0016,N,data\collab_cache\VID_ (13)_A003_B004_f0016_A.npy,data\collab_cache\VID_ (13)_A003_B004_f0016_B.npy,VID_ (13),848,480,3,4
VID_ (13)_A003_B009_f0016,N,data\collab_cache\VID_ (13)_A003_B009_f0016_A.npy,data\collab_cache\VID_ (13)_A003_B009_f0016_B.npy,VID_ (13),848,480,3,9
VID_ (13)_A003_B004_f0020,N,data\collab_cache\VID_ (13)_A003_B004_f0020_A.npy,data\collab_cache\VID_ (13)_A003_B004_f0020_B.npy,VID_ (13),848,480,3,4
VID_ (13)_A003_B009_f0020,N,data\collab_cache\VID_ (13)_A003_B009_f0020_A.npy,data\collab_cache\VID_ (13)_A003_B009_f0020_B.npy,VID_ (13),848,480,3,9
VID_ (13)_A003_B004_f0024,N,data\collab_cache\VID_ (13)_A003_B004_f0024_A.npy,data\collab_cache\VID_ (13)_A003_B004_f0024_B.npy,VID_ (13),848,480,3,4
VID_ (13)_A003_B009_f0024,N,data\collab_cache\VID_ (13)_A003_B009_f0024_A.npy,data\collab_cache\VID_ (13)_A003_B009_f0024_B.npy,VID_ (13),848,480,3,9
VID_ (13)_A003_B011_f0024,N,data\collab_cache\VID_ (13)_A003_B011_f0024_A.npy,data\collab_cache\VID_ (13)_A003_B011_f0024_B.npy,VID_ (13),848,480,3,11
VID_ (13)_A003_B004_f0028,N,data\collab_cache\VID_ (13)_A003_B004_f0028_A.npy,data\collab_cache\VID_ (13)_A003_B004_f0028_B.npy,VID_ (13),848,480,3,4
VID_ (13)_A003_B009_f0028,N,data\collab_cache\VID_ (13)_A003_B009_f0028_A.npy,data\collab_cache\VID_ (13)_A003_B009_f0028_B.npy,VID_ (13),848,480,3,9
VID_ (13)_A003_B004_f0032,N,data\collab_cache\VID_ (13)_A003_B004_f0032_A.npy,data\collab_cache\VID_ (13)_A003_B004_f0032_B.npy,VID_ (13),848,480,3,4
VID_ (13)_A003_B004_f0036,N,data\collab_cache\VID_ (13)_A003_B004_f0036_A.npy,data\collab_cache\VID_ (13)_A003_B004_f0036_B.npy,VID_ (13),848,480,3,4
VID_ (13)_A003_B011_f0036,N,data\collab_cache\VID_ (13)_A003_B011_f0036_A.npy,data\collab_cache\VID_ (13)_A003_B011_f0036_B.npy,VID_ (13),848,480,3,11
VID_ (13)_A009_B001_f0023,N,data\collab_cache\VID_ (13)_A009_B001_f0023_A.npy,data\collab_cache\VID_ (13)_A009_B001_f0023_B.npy,VID_ (13),848,480,9,1
VID_ (13)_A009_B002_f0023,N,data\collab_cache\VID_ (13)_A009_B002_f0023_A.npy,data\collab_cache\VID_ (13)_A009_B002_f0023_B.npy,VID_ (13),848,480,9,2
VID_ (13)_A009_B003_f0023,N,data\collab_cache\VID_ (13)_A009_B003_f0023_A.npy,data\collab_cache\VID_ (13)_A009_B003_f0023_B.npy,VID_ (13),848,480,9,3
VID_ (14)_A001_B002_f0008,N,data\collab_cache\VID_ (14)_A001_B002_f0008_A.npy,data\collab_cache\VID_ (14)_A001_B002_f0008_B.npy,VID_ (14),848,480,1,2
VID_ (14)_A001_B002_f0012,N,data\collab_cache\VID_ (14)_A001_B002_f0012_A.npy,data\collab_cache\VID_ (14)_A001_B002_f0012_B.npy,VID_ (14),848,480,1,2
VID_ (14)_A001_B002_f0016,N,data\collab_cache\VID_ (14)_A001_B002_f0016_A.npy,data\collab_cache\VID_ (14)_A001_B002_f0016_B.npy,VID_ (14),848,480,1,2
VID_ (14)_A001_B002_f0020,N,data\collab_cache\VID_ (14)_A001_B002_f0020_A.npy,data\collab_cache\VID_ (14)_A001_B002_f0020_B.npy,VID_ (14),848,480,1,2
VID_ (14)_A001_B002_f0024,N,data\collab_cache\VID_ (14)_A001_B002_f0024_A.npy,data\collab_cache\VID_ (14)_A001_B002_f0024_B.npy,VID_ (14),848,480,1,2
VID_ (14)_A001_B002_f0028,N,data\collab_cache\VID_ (14)_A001_B002_f0028_A.npy,data\collab_cache\VID_ (14)_A001_B002_f0028_B.npy,VID_ (14),848,480,1,2
VID_ (14)_A001_B002_f0032,N,data\collab_cache\VID_ (14)_A001_B002_f0032_A.npy,data\collab_cache\VID_ (14)_A001_B002_f0032_B.npy,VID_ (14),848,480,1,2
VID_ (14)_A001_B002_f0036,N,data\collab_cache\VID_ (14)_A001_B002_f0036_A.npy,data\collab_cache\VID_ (14)_A001_B002_f0036_B.npy,VID_ (14),848,480,1,2
VID_ (14)_A001_B002_f0040,N,data\collab_cache\VID_ (14)_A001_B002_f0040_A.npy,data\collab_cache\VID_ (14)_A001_B002_f0040_B.npy,VID_ (14),848,480,1,2
VID_ (14)_A001_B002_f0044,N,data\collab_cache\VID_ (14)_A001_B002_f0044_A.npy,data\collab_cache\VID_ (14)_A001_B002_f0044_B.npy,VID_ (14),848,480,1,2
VID_ (14)_A001_B002_f0048,N,data\collab_cache\VID_ (14)_A001_B002_f0048_A.npy,data\collab_cache\VID_ (14)_A001_B002_f0048_B.npy,VID_ (14),848,480,1,2
